"Sr. No.","Work category","Work","State","IDA","Hon'ble Members of Parliament","Constituency","Work description","Recommended date","Sanction Date","Sanction Amount ( ₹ )","Work Status"
"1","Normal/Others","WS/MP18134/2025-2026/175361-Providing CCTV camera system for security of public areas","Maharashtra","SAHARSA(DISTRICT PLANNING OFFICER SAHARSA_IDA)","BHAUSAHEB RAJARAM WAKCHAURE","SHIRDI(SC)","13 Camera for security purpose as per attched list","12-Feb-2025","28-Aug-2025","198500","Physical Inspection"
"2","Trust and Society","WS/MP18110/2026-2027/269380-Construction of rooms and halls in school and colleges","Maharashtra","Ahilyanagar(DISTRICT COLLECTOR AHMEDNAGAR_IDA)","NILESH DNYANDEV LANKE","AHMEDNAGAR","Construction of rooms and halls at Takali Kazi in Shri Hanuman Vidya Prasarak Mandal Shri Bansibhau Mhaske Mad. V Ucch Mad. Vidyalaya property No 5127 Tal Nagar","18-Feb-2026","24-Jun-2026","1500000","Sanction"
"3","Normal/Others","WS/MP18134/2025-2026/177373-Purchase of IT systems, including hardware and software for educational purposes","Maharashtra","Ahilyanagar(DISTRICT COLLECTOR AHMEDNAGAR_IDA)","BHAUSAHEB RAJARAM WAKCHAURE","SHIRDI(SC)","Providing All in One Computer to Almijaan Urdu Primary School Qty 20 Nos","03-Mar-2025","24-Jun-2025","1500000","Work Completed"
"4","Normal/Others","WS/MP18110/2024-2025/167291-Purchase of IT systems, including hardware and software for educational purposes","Maharashtra","Ahilyanagar(DISTRICT COLLECTOR AHMEDNAGAR_IDA)","NILESH DNYANDEV LANKE","AHMEDNAGAR","NA","21-Jan-2025","10-Feb-2025","1000000","Work Completed"
"5","Normal/Others","WS/MP18134/2025-2026/188588-Construction of boundary walls of existing public and community buildings","Maharashtra","Ahilyanagar(DISTRICT COLLECTOR AHMEDNAGAR_IDA)","BHAUSAHEB RAJARAM WAKCHAURE","SHIRDI(SC)","to construct of boundry wall 1 - 2 villeage at vashere taluka Akole","18-Jun-2025","15-Dec-2025","500000","Physical Inspection"
"6","Normal/Others","WS/MP18134/2025-2026/182067-Construction of boundary walls of existing public and community buildings","Maharashtra","Ahilyanagar(DISTRICT COLLECTOR AHMEDNAGAR_IDA)","BHAUSAHEB RAJARAM WAKCHAURE","SHIRDI(SC)","to Construction of boundary walls of existing public and community buildings in g p property No 757 3 villege at Pimpalwaadi Taluka Rahata","16-Mar-2025","15-Dec-2025","500000","Sanction"
"7","Normal/Others","WS/MP18134/2025-2026/184183-Construction of boundary walls of existing public and community buildings","Maharashtra","Ahilyanagar(DISTRICT COLLECTOR AHMEDNAGAR_IDA)","BHAUSAHEB RAJARAM WAKCHAURE","SHIRDI(SC)","To construct community Hall Construction of boundary walls of existing public and community buildingsin G P property 1299 villege at Dhumalwadi Taluka Akole","21-Mar-2025","15-Dec-2025","490467","Physical Inspection"
"8","Normal/Others","WS/MP18134/2025-2026/178163-Construction of public libraries and reading rooms","Maharashtra","Ahilyanagar(DISTRICT COLLECTOR AHMEDNAGAR_IDA)","BHAUSAHEB RAJARAM WAKCHAURE","SHIRDI(SC)","to construct community Hall in G P Property no 145 villege karegaon shri swami samrth seva kendra","03-Mar-2025","16-Dec-2025","500000","Sanction"
"9","Normal/Others","WS/MP18134/2025-2026/180012-Crematoriums/energy efficient crematoriums or structures on burial/cremation ground","Maharashtra","Ahilyanagar(DISTRICT COLLECTOR AHMEDNAGAR_IDA)","BHAUSAHEB RAJARAM WAKCHAURE","SHIRDI(SC)","to cremation or structure on burial  gound for public con in g p property 853 vileage Kuran","09-Mar-2025","15-Dec-2025","500000","Sanction"
"10","Normal/Others","WS/MP18110/2026-2027/269381-Crematoriums/energy efficient crematoriums or structures on burial/cremation ground","Maharashtra","Ahilyanagar(DISTRICT COLLECTOR AHMEDNAGAR_IDA)","NILESH DNYANDEV LANKE","AHMEDNAGAR","Crematorium or structure on burial cremation ground for public convenience at Bhatodi Pargoan GP property No 538 Tal Nagar","18-Feb-2026","25-Jun-2026","1000000","Sanction"
"11","Normal/Others","WS/MP18110/2025-2026/209786-Crematoriums/energy efficient crematoriums or structures on burial/cremation ground","Maharashtra","Ahilyanagar(DISTRICT COLLECTOR AHMEDNAGAR_IDA)","NILESH DNYANDEV LANKE","AHMEDNAGAR","Crematoriums or structures on burial cremation ground for public convenience at Hattalkhindi GP property No 311 Tal Parner","17-Jun-2025","23-Jul-2025","1000000","Physical Inspection"
"12","Normal/Others","WS/MP18110/2025-2026/209784-Construction of common work sheds/ common covered sitting area","Maharashtra","Ahilyanagar(DISTRICT COLLECTOR AHMEDNAGAR_IDA)","NILESH DNYANDEV LANKE","AHMEDNAGAR","installing paver blocks at Varanwadi in front of Ganpati Mandir GP property No 691 4 Tal Parner","17-Jun-2025","24-Jul-2025","971493","Physical Inspection"
"13","Normal/Others","WS/MP18110/2025-2026/209785-Construction of common work sheds/ common covered sitting area","Maharashtra","Ahilyanagar(DISTRICT COLLECTOR AHMEDNAGAR_IDA)","NILESH DNYANDEV LANKE","AHMEDNAGAR","installing paver blocks at Mhasoba Zap in front of Maruti Mandir GP property No 95 Tal Parner","17-Jun-2025","23-Jul-2025","999962","Physical Inspection"
"14","Normal/Others","WS/MP18134/2025-2026/182705-Construction of common work sheds/ common covered sitting area","Maharashtra","Ahilyanagar(DISTRICT COLLECTOR AHMEDNAGAR_IDA)","BHAUSAHEB RAJARAM WAKCHAURE","SHIRDI(SC)","To   common work sheds  common covered sitting area G P Property No 553 villege at Chikhali Taluka sangamner","21-Mar-2025","15-Dec-2025","700000","Sanction"
"15","Normal/Others","WS/MP18134/2025-2026/184304-Construction of common work sheds/ common covered sitting area","Maharashtra","Ahilyanagar(DISTRICT COLLECTOR AHMEDNAGAR_IDA)","BHAUSAHEB RAJARAM WAKCHAURE","SHIRDI(SC)","To Construction of common work sheds  common covered sitting area in G P Property No 982 vileege at Bherdapur taluka Shrirampurr","21-Mar-2025","16-Dec-2025","500000","Work Completed"
"16","Normal/Others","WS/MP18134/2025-2026/185004-Construction of common work sheds/ common covered sitting area","Maharashtra","Ahilyanagar(DISTRICT COLLECTOR AHMEDNAGAR_IDA)","BHAUSAHEB RAJARAM WAKCHAURE","SHIRDI(SC)","To common covered sitting area in G P property No 43 vilege at Ghoyegaon Taluka kopargaon","21-Mar-2025","15-Dec-2025","500000","Physical Inspection"
"17","Trust and Society","WS/MP18134/2025-2026/185069-Construction of common work sheds/ common covered sitting area","Maharashtra","Ahilyanagar(DISTRICT COLLECTOR AHMEDNAGAR_IDA)","BHAUSAHEB RAJARAM WAKCHAURE","SHIRDI(SC)","Development of playground in Bhausaheb Thorat vidyalay at Digras tauka Sangamner","21-Mar-2025","15-Dec-2025","500000","Physical Inspection"
"18","Normal/Others","WS/MP18134/2025-2026/186640-Construction of common work sheds/ common covered sitting area","Maharashtra","Ahilyanagar(DISTRICT COLLECTOR AHMEDNAGAR_IDA)","BHAUSAHEB RAJARAM WAKCHAURE","SHIRDI(SC)","To construct covered sitting area in G P Property No 455 villege at RanjanGaav Deshmukh Taluka Kopargaav","30-Mar-2025","03-Mar-2026","500000","Sanction"
"19","Normal/Others","WS/MP18134/2025-2026/178853-Construction of common work sheds/ common covered sitting area","Maharashtra","Ahilyanagar(DISTRICT COLLECTOR AHMEDNAGAR_IDA)","BHAUSAHEB RAJARAM WAKCHAURE","SHIRDI(SC)","To Construction of common work sheds common covered sitting area g p property 1 vlillege Kokamthan","09-Mar-2025","15-Dec-2025","500000","Physical Inspection"
"20","Normal/Others","WS/MP18134/2025-2026/185102-Construction of additional rooms and halls in the existing public and community building","Maharashtra","Ahilyanagar(DISTRICT COLLECTOR AHMEDNAGAR_IDA)","BHAUSAHEB RAJARAM WAKCHAURE","SHIRDI(SC)","To construct community Construction of additional rooms and halls in the existing public and community building G P  property no  1452 villege at Velhale Taluka sangamner","21-Mar-2025","15-Dec-2025","500000","Sanction"
"21","Normal/Others","WS/MP18134/2025-2026/178855-Construction of boundary walls of existing public and community buildings","Maharashtra","Ahilyanagar(DISTRICT COLLECTOR AHMEDNAGAR_IDA)","BHAUSAHEB RAJARAM WAKCHAURE","SHIRDI(SC)","Construction of boundary walls of existing public and community building g p property 188 villege Talegaon male taluka kopargaon","09-Mar-2025","15-Dec-2025","500000","Physical Inspection"
"22","Trust and Society","WS/MP18134/2025-2026/182075-Construction of water tanks","Maharashtra","Ahilyanagar(DISTRICT COLLECTOR AHMEDNAGAR_IDA)","BHAUSAHEB RAJARAM WAKCHAURE","SHIRDI(SC)","To Construction of water tanks in pride acdamy english medium school   jr college Bherdapur Taluka Shrirampur","16-Mar-2025","16-Dec-2025","500000","Physical Inspection"
"23","Normal/Others","WS/MP18110/2026-2027/270605-Providing drains and gutters for public drainage","Maharashtra","Ahilyanagar(DISTRICT COLLECTOR AHMEDNAGAR_IDA)","NILESH DNYANDEV LANKE","AHMEDNAGAR","Proposed work for laying a drainage line along the D.P. Road adjoining Sant Gora Kumbhar Society, near Dream City, Survey No. 73, Ward No. 9, within the jurisdiction of Ahilyanagar Municipal Corporation, District Ahilyanagar","24-Feb-2026","25-Jun-2026","700000","Sanction"
"24","Normal/Others","WS/MP18134/2025-2026/178162-Construction of community centers and community halls","Maharashtra","Ahilyanagar(DISTRICT COLLECTOR AHMEDNAGAR_IDA)","BHAUSAHEB RAJARAM WAKCHAURE","SHIRDI(SC)","to construct community hall in GP Property No No41 and1  Bhokar talukashrirapur","03-Mar-2025","15-Dec-2025","500000","Sanction"
"25","Normal/Others","WS/MP18134/2025-2026/178485-Construction of community centers and community halls","Maharashtra","Ahilyanagar(DISTRICT COLLECTOR AHMEDNAGAR_IDA)","BHAUSAHEB RAJARAM WAKCHAURE","SHIRDI(SC)","to construct community hall in GP Property No 1368  Astagaon taluka Rahata","03-Mar-2025","15-Dec-2025","500000","Sanction"
"26","Normal/Others","WS/MP18134/2025-2026/178488-Construction of community centers and community halls","Maharashtra","Ahilyanagar(DISTRICT COLLECTOR AHMEDNAGAR_IDA)","BHAUSAHEB RAJARAM WAKCHAURE","SHIRDI(SC)","Construction of community centers and community halls in g p property 1 vileage loni kh taluka rahata","03-Mar-2025","15-Dec-2025","993759","Physical Inspection"
"27","Normal/Others","WS/MP18134/2025-2026/179141-Construction of community centers and community halls","Maharashtra","Ahilyanagar(DISTRICT COLLECTOR AHMEDNAGAR_IDA)","BHAUSAHEB RAJARAM WAKCHAURE","SHIRDI(SC)","to construct community hall in G P property 197 vileage karanji Bk","09-Mar-2025","15-Dec-2025","700000","Physical Inspection"
"28","Normal/Others","WS/MP18134/2026-2027/179432-Construction of community centers and community halls","Maharashtra","Ahilyanagar(DISTRICT COLLECTOR AHMEDNAGAR_IDA)","BHAUSAHEB RAJARAM WAKCHAURE","SHIRDI(SC)","Construction of community centers and community halls g p property no 380 vileage wakdi taluka rahta","09-Mar-2025","29-Jul-2026","1000000","Sanction"
"29","Normal/Others","WS/MP18134/2025-2026/179433-Construction of community centers and community halls","Maharashtra","Ahilyanagar(DISTRICT COLLECTOR AHMEDNAGAR_IDA)","BHAUSAHEB RAJARAM WAKCHAURE","SHIRDI(SC)","To Construct community Hall g p property 330 village Rajuri Taluka rahta","09-Mar-2025","16-Dec-2025","500000","Physical Inspection"
"30","Normal/Others","WS/MP18134/2025-2026/177357-Construction of community centers and community halls","Maharashtra","Ahilyanagar(DISTRICT COLLECTOR AHMEDNAGAR_IDA)","BHAUSAHEB RAJARAM WAKCHAURE","SHIRDI(SC)","To Construct Community Hall in GP Property No 112 At Village Dighi Tal Shrirampur","03-Mar-2025","15-Dec-2025","500000","Sanction"
"31","Normal/Others","WS/MP18134/2025-2026/179913-Construction of community centers and community halls","Maharashtra","Ahilyanagar(DISTRICT COLLECTOR AHMEDNAGAR_IDA)","BHAUSAHEB RAJARAM WAKCHAURE","SHIRDI(SC)","to construct communnity Hall g p property no 852 vileage Rampurwadi","09-Mar-2025","15-Dec-2025","500000","Sanction"
"32","Normal/Others","WS/MP18134/2025-2026/179985-Construction of community centers and community halls","Maharashtra","Ahilyanagar(DISTRICT COLLECTOR AHMEDNAGAR_IDA)","BHAUSAHEB RAJARAM WAKCHAURE","SHIRDI(SC)","To construct community hall in g p property  no 305  vileege sonevadi taluka kopargaon","09-Mar-2025","16-Dec-2025","500000","Sanction"
"33","Normal/Others","WS/MP18134/2025-2026/180477-Construction of community centers and community halls","Maharashtra","Ahilyanagar(DISTRICT COLLECTOR AHMEDNAGAR_IDA)","BHAUSAHEB RAJARAM WAKCHAURE","SHIRDI(SC)","To construct community Hall in gp property 189 vileage chitali Taluka Rahata","09-Mar-2025","16-Dec-2025","500000","Sanction"
"34","Normal/Others","WS/MP18134/2025-2026/180488-Construction of community centers and community halls","Maharashtra","Ahilyanagar(DISTRICT COLLECTOR AHMEDNAGAR_IDA)","BHAUSAHEB RAJARAM WAKCHAURE","SHIRDI(SC)","to construct community hall in gp property No 1 vileage Wadzari bu taluka sangmner","09-Mar-2025","18-Nov-2025","500000","Sanction"
"35","Normal/Others","WS/MP18134/2025-2026/180596-Construction of community centers and community halls","Maharashtra","Ahilyanagar(DISTRICT COLLECTOR AHMEDNAGAR_IDA)","BHAUSAHEB RAJARAM WAKCHAURE","SHIRDI(SC)","Shri Chhatrapati Maharaj Chowk beautificationG P Property no 329 khopadi taluka Kopargaon","09-Mar-2025","15-Dec-2025","500000","Physical Inspection"
"36","Normal/Others","WS/MP18134/2025-2026/181150-Construction of community centers and community halls","Maharashtra","Ahilyanagar(DISTRICT COLLECTOR AHMEDNAGAR_IDA)","BHAUSAHEB RAJARAM WAKCHAURE","SHIRDI(SC)","to construct community Hall in g p property No 747 B villege at Ukkalgaon taluka Shrirampur","16-Mar-2025","15-Dec-2025","500000","Sanction"
"37","Normal/Others","WS/MP18134/2026-2027/181726-Construction of community centers and community halls","Maharashtra","Ahilyanagar(DISTRICT COLLECTOR AHMEDNAGAR_IDA)","BHAUSAHEB RAJARAM WAKCHAURE","SHIRDI(SC)","to construct  g p property no 186 at villeage Mahaldevi taluka akole","16-Mar-2025","22-Jun-2026","500000","Physical Inspection"
"38","Normal/Others","WS/MP18134/2025-2026/181728-Construction of community centers and community halls","Maharashtra","Ahilyanagar(DISTRICT COLLECTOR AHMEDNAGAR_IDA)","BHAUSAHEB RAJARAM WAKCHAURE","SHIRDI(SC)","to construct community hall in g p property no 342 villege at Kharvandi Taluka Newasa","16-Mar-2025","26-Dec-2025","500000","Sanction"
"39","Normal/Others","WS/MP18134/2025-2026/181927-Construction of community centers and community halls","Maharashtra","Ahilyanagar(DISTRICT COLLECTOR AHMEDNAGAR_IDA)","BHAUSAHEB RAJARAM WAKCHAURE","SHIRDI(SC)","to construct community HALL IN G P PROPERTY nO 250 AT VILEEGEGE nAVIN cHANDGAON","16-Mar-2025","26-Dec-2025","500000","Work partially Completed"
"40","Normal/Others","WS/MP18134/2025-2026/181928-Construction of community centers and community halls","Maharashtra","Ahilyanagar(DISTRICT COLLECTOR AHMEDNAGAR_IDA)","BHAUSAHEB RAJARAM WAKCHAURE","SHIRDI(SC)","TO COINSTRUCT COMMUNITY HALL IN G P PROPERTY nO 573-1 VILEEGE AT cHILEKHANWADI tALUKA NEWASA","16-Mar-2025","26-Dec-2025","500000","Sanction"
"41","Normal/Others","WS/MP18134/2025-2026/181929-Construction of community centers and community halls","Maharashtra","Ahilyanagar(DISTRICT COLLECTOR AHMEDNAGAR_IDA)","BHAUSAHEB RAJARAM WAKCHAURE","SHIRDI(SC)","tO CNSTRUCT COMMUNITY hALL IN g p PROPERTY nO 2 VILLEGE AT dEOSADE tALUKA NEVASA","16-Mar-2025","26-Dec-2025","500000","Work partially Completed"
"42","Normal/Others","WS/MP18134/2025-2026/182260-Construction of community centers and community halls","Maharashtra","Ahilyanagar(DISTRICT COLLECTOR AHMEDNAGAR_IDA)","BHAUSAHEB RAJARAM WAKCHAURE","SHIRDI(SC)","to construct community hall in G P property no 390 villege   Galnimb Taluka Newasaa","16-Mar-2025","26-Dec-2025","700000","Sanction"
"43","Normal/Others","WS/MP18134/2025-2026/185408-Construction of community centers and community halls","Maharashtra","Ahilyanagar(DISTRICT COLLECTOR AHMEDNAGAR_IDA)","BHAUSAHEB RAJARAM WAKCHAURE","SHIRDI(SC)","to construct community hall in G P property No 965 vileeage at Manglaapur Taluka Shrirampur","25-Mar-2025","15-Dec-2025","500000","Sanction"
"44","Normal/Others","WS/MP18134/2025-2026/185446-Construction of community centers and community halls","Maharashtra","Ahilyanagar(DISTRICT COLLECTOR AHMEDNAGAR_IDA)","BHAUSAHEB RAJARAM WAKCHAURE","SHIRDI(SC)","To construct community Hall in G P property 323 villege Karandi taluka akole","25-Mar-2025","15-Dec-2025","500000","Physical Inspection"
"45","Normal/Others","WS/MP18134/2025-2026/185488-Construction of community centers and community halls","Maharashtra","Ahilyanagar(DISTRICT COLLECTOR AHMEDNAGAR_IDA)","BHAUSAHEB RAJARAM WAKCHAURE","SHIRDI(SC)","To construct community Hall in G P Property No 5 vileege at Shelad Taluka akole","25-Mar-2025","15-Dec-2025","500000","Physical Inspection"
"46","Normal/Others","WS/MP18134/2025-2026/185496-Construction of community centers and community halls","Maharashtra","Ahilyanagar(DISTRICT COLLECTOR AHMEDNAGAR_IDA)","BHAUSAHEB RAJARAM WAKCHAURE","SHIRDI(SC)","To Construct Community hall in G P Property No 1068-1 villege at Samsherpur Taluka Akole","25-Mar-2025","15-Dec-2025","700000","Sanction"
"47","Normal/Others","WS/MP18134/2025-2026/186603-Construction of community centers and community halls","Maharashtra","Ahilyanagar(DISTRICT COLLECTOR AHMEDNAGAR_IDA)","BHAUSAHEB RAJARAM WAKCHAURE","SHIRDI(SC)","To construct community Hall in G p property no 360 villege at Rayte Taluka Sangamner","30-Mar-2025","15-Dec-2025","500000","Sanction"
"48","Normal/Others","WS/MP18134/2025-2026/186606-Construction of community centers and community halls","Maharashtra","Ahilyanagar(DISTRICT COLLECTOR AHMEDNAGAR_IDA)","BHAUSAHEB RAJARAM WAKCHAURE","SHIRDI(SC)","to construct community Hall In G P property No 1721 Villege at Kolhe Wadi taluka sangamner","30-Mar-2025","15-Dec-2025","800000","Physical Inspection"
"49","Normal/Others","WS/MP18134/2025-2026/186877-Construction of community centers and community halls","Maharashtra","Ahilyanagar(DISTRICT COLLECTOR AHMEDNAGAR_IDA)","BHAUSAHEB RAJARAM WAKCHAURE","SHIRDI(SC)","To Construct Community Hall in G P proeprty No 1162 villege at Belapur Taluka Akole","30-Mar-2025","03-Mar-2026","500000","Sanction"
"50","Normal/Others","WS/MP18134/2025-2026/182697-Construction of community centers and community halls","Maharashtra","Ahilyanagar(DISTRICT COLLECTOR AHMEDNAGAR_IDA)","BHAUSAHEB RAJARAM WAKCHAURE","SHIRDI(SC)","to cinstruct community hall in G P property No 361 villege HandiNimgaon Taluka Newasaa","21-Mar-2025","26-Dec-2025","700000","Work partially Completed"
"51","Normal/Others","WS/MP18134/2025-2026/183654-Construction of community centers and community halls","Maharashtra","Ahilyanagar(DISTRICT COLLECTOR AHMEDNAGAR_IDA)","BHAUSAHEB RAJARAM WAKCHAURE","SHIRDI(SC)","To construct community Hall in G P Property No 159  1 villege Sakirwadi Taluka Akole","21-Mar-2025","15-Dec-2025","700000","Work Completed"
"52","Normal/Others","WS/MP18134/2025-2026/183906-Construction of community centers and community halls","Maharashtra","Ahilyanagar(DISTRICT COLLECTOR AHMEDNAGAR_IDA)","BHAUSAHEB RAJARAM WAKCHAURE","SHIRDI(SC)","To construct community Hall in g p property 672 A villege Nimaj Taluka Sangamner","21-Mar-2025","03-Mar-2026","700000","Sanction"
"53","Normal/Others","WS/MP18134/2025-2026/184242-Construction of community centers and community halls","Maharashtra","Ahilyanagar(DISTRICT COLLECTOR AHMEDNAGAR_IDA)","BHAUSAHEB RAJARAM WAKCHAURE","SHIRDI(SC)","To Construct community Hall in G P Property 101 villege Godhegaon Taluka Kopargaon","21-Mar-2025","15-Dec-2025","500000","Physical Inspection"
"54","Normal/Others","WS/MP18134/2025-2026/184248-Construction of community centers and community halls","Maharashtra","Ahilyanagar(DISTRICT COLLECTOR AHMEDNAGAR_IDA)","BHAUSAHEB RAJARAM WAKCHAURE","SHIRDI(SC)","To Construct community hall in G P property No 393 villege at Waghapur Taluka Akole","21-Mar-2025","15-Dec-2025","700000","Physical Inspection"
"55","Normal/Others","WS/MP18134/2025-2026/185101-Construction of community centers and community halls","Maharashtra","Ahilyanagar(DISTRICT COLLECTOR AHMEDNAGAR_IDA)","BHAUSAHEB RAJARAM WAKCHAURE","SHIRDI(SC)","Installation of paving blocks in Mohta Devi area at Nipani vadgaon taluka shiriampur","21-Mar-2025","15-Dec-2025","500000","Work Completed"
"56","Normal/Others","WS/MP18134/2025-2026/187695-Construction of community centers and community halls","Maharashtra","Ahilyanagar(DISTRICT COLLECTOR AHMEDNAGAR_IDA)","BHAUSAHEB RAJARAM WAKCHAURE","SHIRDI(SC)","Installation of paving blocks in the Datta Mandir area At Khirvire  g p Property  no 760  Taluka akole","30-Mar-2025","16-Dec-2025","700000","Sanction"
"57","Normal/Others","WS/MP18134/2025-2026/187740-Construction of community centers and community halls","Maharashtra","Ahilyanagar(DISTRICT COLLECTOR AHMEDNAGAR_IDA)","BHAUSAHEB RAJARAM WAKCHAURE","SHIRDI(SC)","to construct open stage in G P Property No gat No 263 vileege at BHOJDE taluka Kopargaon","30-Mar-2025","15-Dec-2025","500000","Sanction"
"58","Normal/Others","WS/MP18134/2025-2026/187742-Construction of community centers and community halls","Maharashtra","Ahilyanagar(DISTRICT COLLECTOR AHMEDNAGAR_IDA)","BHAUSAHEB RAJARAM WAKCHAURE","SHIRDI(SC)","to construct community hall in  G P Property no     489  avilleage at Dadha Bu Taluka Rahta","30-Mar-2025","15-Dec-2025","500000","Physical Inspection"
"59","Normal/Others","WS/MP18134/2025-2026/188614-Construction of community centers and community halls","Maharashtra","Ahilyanagar(DISTRICT COLLECTOR AHMEDNAGAR_IDA)","BHAUSAHEB RAJARAM WAKCHAURE","SHIRDI(SC)","to construct community hall in G P property No 3 vileage at ghargaon taluka sangamner","18-Jun-2025","15-Dec-2025","700000","Sanction"
"60","Normal/Others","WS/MP18134/2025-2026/208870-Construction of community centers and community halls","Maharashtra","Ahilyanagar(DISTRICT COLLECTOR AHMEDNAGAR_IDA)","BHAUSAHEB RAJARAM WAKCHAURE","SHIRDI(SC)","To construct in Community hall In G P property No 65 in Grampanchayt Sangvi taluka Sangamner","18-Jun-2025","16-Dec-2025","1000000","Sanction"
"61","Normal/Others","WS/MP18134/2025-2026/208873-Construction of community centers and community halls","Maharashtra","Ahilyanagar(DISTRICT COLLECTOR AHMEDNAGAR_IDA)","BHAUSAHEB RAJARAM WAKCHAURE","SHIRDI(SC)","Concreting the area around the memorial of Sir Senapati Balasaheb Thackeray in Kopargaon city","18-Jun-2025","15-Dec-2025","986613","Physical Inspection"
"62","Normal/Others","WS/MP18134/2025-2026/208876-Construction of community centers and community halls","Maharashtra","Ahilyanagar(DISTRICT COLLECTOR AHMEDNAGAR_IDA)","BHAUSAHEB RAJARAM WAKCHAURE","SHIRDI(SC)","to construct community hall in G P Property no169 in Grampanchayat Dhangarwaadi taluka rahata","18-Jun-2025","15-Dec-2025","500000","Sanction"
"63","Normal/Others","WS/MP18134/2025-2026/208879-Construction of community centers and community halls","Maharashtra","Ahilyanagar(DISTRICT COLLECTOR AHMEDNAGAR_IDA)","BHAUSAHEB RAJARAM WAKCHAURE","SHIRDI(SC)","To construct community Multipurpose hall in G P property no 1046 in Pimpri Nirmal Taluka rahataa","18-Jun-2025","17-Jan-2026","700000","Sanction"
"64","Normal/Others","WS/MP18134/2025-2026/208883-Construction of community centers and community halls","Maharashtra","Ahilyanagar(DISTRICT COLLECTOR AHMEDNAGAR_IDA)","BHAUSAHEB RAJARAM WAKCHAURE","SHIRDI(SC)","to construct  community hall in G P property no 77 b in Grampanchayat Somalwadi Taluka Akole","18-Jun-2025","15-Dec-2025","700000","Sanction"
"65","Normal/Others","WS/MP18134/2025-2026/208996-Construction of community centers and community halls","Maharashtra","Ahilyanagar(DISTRICT COLLECTOR AHMEDNAGAR_IDA)","BHAUSAHEB RAJARAM WAKCHAURE","SHIRDI(SC)","To construct community halll In G p property no 603 in grampanchayat kharshinde Taluka sangamner","18-Jun-2025","15-Dec-2025","700000","Sanction"
"66","Normal/Others","WS/MP18134/2026-2027/209288-Construction of community centers and community halls","Maharashtra","Ahilyanagar(DISTRICT COLLECTOR AHMEDNAGAR_IDA)","BHAUSAHEB RAJARAM WAKCHAURE","SHIRDI(SC)","To construct community hall in g p property no 131 pimpals taluka rahta","18-Jun-2025","29-Jul-2026","1000000","Sanction"
"67","Normal/Others","WS/MP18110/2025-2026/209772-Construction of community centers and community halls","Maharashtra","Ahilyanagar(DISTRICT COLLECTOR AHMEDNAGAR_IDA)","NILESH DNYANDEV LANKE","AHMEDNAGAR","Construction of a community centers and community halls at Hanga in GP property No 1045 Tal Parner","17-Jun-2025","24-Jul-2025","4776925","Physical Inspection"
"68","Normal/Others","WS/MP18110/2025-2026/209773-Construction of community centers and community halls","Maharashtra","Ahilyanagar(DISTRICT COLLECTOR AHMEDNAGAR_IDA)","NILESH DNYANDEV LANKE","AHMEDNAGAR","Construction of a community centers and community halls at Shirapur in front of Datta Mandir GP property No 4125 Tal Parner","17-Jun-2025","24-Jul-2025","1000000","Physical Inspection"
"69","Normal/Others","WS/MP18110/2025-2026/209774-Construction of community centers and community halls","Maharashtra","Ahilyanagar(DISTRICT COLLECTOR AHMEDNAGAR_IDA)","NILESH DNYANDEV LANKE","AHMEDNAGAR","Construction of a community centers and community halls at Shirapur in front of Kanifnath Mandir GP property No 546 Tal Parner","17-Jun-2025","24-Jul-2025","1000000","Physical Inspection"
"70","Normal/Others","WS/MP18110/2025-2026/209775-Construction of community centers and community halls","Maharashtra","Ahilyanagar(DISTRICT COLLECTOR AHMEDNAGAR_IDA)","NILESH DNYANDEV LANKE","AHMEDNAGAR","Construction of a community centers   and community halls at Nighoj (Morwadi) in front of Savta Maharaj Mandir GP property No 1507 Tal Parner","17-Jun-2025","24-Jul-2025","700000","Physical Inspection"
"71","Normal/Others","WS/MP18110/2025-2026/209777-Construction of community centers and community halls","Maharashtra","Ahilyanagar(DISTRICT COLLECTOR AHMEDNAGAR_IDA)","NILESH DNYANDEV LANKE","AHMEDNAGAR","Construction of a community centers   and community halls at Khadakwadi in front of Sharanpuri Maharaj Mandir GP property No 82 Tal Parner","17-Jun-2025","24-Jul-2025","1474746","Physical Inspection"
"72","Normal/Others","WS/MP18110/2025-2026/209778-Construction of community centers and community halls","Maharashtra","Ahilyanagar(DISTRICT COLLECTOR AHMEDNAGAR_IDA)","NILESH DNYANDEV LANKE","AHMEDNAGAR","Construction of a community centers   and community halls at Kinhi (Bahirobawadi) in GP property No 173 2 Tal Parner","17-Jun-2025","24-Jul-2025","1500000","Sanction"
"73","Normal/Others","WS/MP18110/2025-2026/209779-Construction of community centers and community halls","Maharashtra","Ahilyanagar(DISTRICT COLLECTOR AHMEDNAGAR_IDA)","NILESH DNYANDEV LANKE","AHMEDNAGAR","Construction of a community centers   and community halls at Kasare in front of Renukamata Mandir GP property No 67 Tal Parner","17-Jun-2025","24-Jul-2025","1500000","Sanction"
"74","Normal/Others","WS/MP18110/2025-2026/209780-Construction of community centers and community halls","Maharashtra","Ahilyanagar(DISTRICT COLLECTOR AHMEDNAGAR_IDA)","NILESH DNYANDEV LANKE","AHMEDNAGAR","Construction of a community centers   and community halls at Savargaon in front of Buddha Vihar GP property No 483 Tal Parner","17-Jun-2025","24-Jul-2025","1500000","Physical Inspection"
"75","Normal/Others","WS/MP18110/2025-2026/209781-Construction of community centers and community halls","Maharashtra","Ahilyanagar(DISTRICT COLLECTOR AHMEDNAGAR_IDA)","NILESH DNYANDEV LANKE","AHMEDNAGAR","Construction of a community centers   and community halls at Renawadigavthan GP property No 205 Tal Parner","17-Jun-2025","24-Jul-2025","2000000","Sanction"
"76","Normal/Others","WS/MP18110/2025-2026/209782-Construction of community centers and community halls","Maharashtra","Ahilyanagar(DISTRICT COLLECTOR AHMEDNAGAR_IDA)","NILESH DNYANDEV LANKE","AHMEDNAGAR","Construction of a community centers   and community halls at Karjule Harya in front of Swami Samarth Mandir GP property No 1468 Tal Parner","17-Jun-2025","24-Jul-2025","995411","Physical Inspection"
"77","Normal/Others","WS/MP18110/2025-2026/209783-Construction of community centers and community halls","Maharashtra","Ahilyanagar(DISTRICT COLLECTOR AHMEDNAGAR_IDA)","NILESH DNYANDEV LANKE","AHMEDNAGAR","Construction of a community centers   and community halls at Nighoj (Sirsule) in front of Hanuman Mandir GP property No 0004 Tal Parner","17-Jun-2025","24-Jul-2025","1500000","Sanction"
"78","Normal/Others","WS/MP18134/2026-2027/237134-Construction of community centers and community halls","Maharashtra","Ahilyanagar(DISTRICT COLLECTOR AHMEDNAGAR_IDA)","BHAUSAHEB RAJARAM WAKCHAURE","SHIRDI(SC)","to Instalation of paver Blocks in Rampur Gram Panchayat property No 2 Near baaji mandir","24-Sep-2025","18-May-2026","500000","Physical Inspection"
"79","Normal/Others","WS/MP18110/2025-2026/242056-Construction of community centers and community halls","Maharashtra","Ahilyanagar(DISTRICT COLLECTOR AHMEDNAGAR_IDA)","NILESH DNYANDEV LANKE","AHMEDNAGAR","Construction of a community centres and community halls at Dhakanwadi Morkhila Wasti in front of Mahadev Mandir in GP property No 15 3 D Khata No. 1383 Tal Pathardi","14-Oct-2025","26-Dec-2025","968030","Physical Inspection"
"80","Normal/Others","WS/MP18110/2026-2027/242057-Construction of community centers and community halls","Maharashtra","Ahilyanagar(DISTRICT COLLECTOR AHMEDNAGAR_IDA)","NILESH DNYANDEV LANKE","AHMEDNAGAR","Construction of a community centres and community halls at Walki in front of Dharmnath Mandir GP property No 0458 Tal Nagar","14-Oct-2025","18-Jun-2026","1500000","Physical Inspection"
"81","Normal/Others","WS/MP18110/2026-2027/242058-Construction of community centers and community halls","Maharashtra","Ahilyanagar(DISTRICT COLLECTOR AHMEDNAGAR_IDA)","NILESH DNYANDEV LANKE","AHMEDNAGAR","Construction of a community centres and community halls at Wakodi in front of Hanuman Mandir GP property No 265 Tal Nagar","14-Oct-2025","01-Jul-2026","2500000","Physical Inspection"
"82","Normal/Others","WS/MP18110/2025-2026/242059-Construction of community centers and community halls","Maharashtra","Ahilyanagar(DISTRICT COLLECTOR AHMEDNAGAR_IDA)","NILESH DNYANDEV LANKE","AHMEDNAGAR","Installing paver blocks at Nimgaon Ghana in front of Ahilyabai Holkar Samajik Sabhagruha GP property No 92 B Tal Nagar","14-Oct-2025","23-Feb-2026","1000000","Physical Inspection"
"83","Normal/Others","WS/MP18134/2025-2026/240364-Construction of community centers and community halls","Maharashtra","Ahilyanagar(DISTRICT COLLECTOR AHMEDNAGAR_IDA)","BHAUSAHEB RAJARAM WAKCHAURE","SHIRDI(SC)","Shri Chhatrapati Shivaji Maharaj Chowk Beautification Village Property No. 343, Sangamner, Kakadwadi Taluka","06-Oct-2025","03-Mar-2026","1000000","Sanction"
"84","Normal/Others","WS/MP18134/2025-2026/245261-Construction of community centers and community halls","Maharashtra","Ahilyanagar(DISTRICT COLLECTOR AHMEDNAGAR_IDA)","BHAUSAHEB RAJARAM WAKCHAURE","SHIRDI(SC)","instaling pever block  and concritikaran   Khandoba mandir at Bahadarpur Taluka Kopargaon G p Property No 683","06-Nov-2025","17-Jan-2026","700000","Physical Inspection"
"85","Normal/Others","WS/MP18134/2025-2026/245958-Construction of community centers and community halls","Maharashtra","Ahilyanagar(DISTRICT COLLECTOR AHMEDNAGAR_IDA)","BHAUSAHEB RAJARAM WAKCHAURE","SHIRDI(SC)","To construct to community Hall in G P property No 345 grampanchayat PAREGAVKHURD","06-Nov-2025","17-Jan-2026","1000000","Sanction"
"86","Normal/Others","WS/MP18134/2025-2026/245965-Construction of community centers and community halls","Maharashtra","Ahilyanagar(DISTRICT COLLECTOR AHMEDNAGAR_IDA)","BHAUSAHEB RAJARAM WAKCHAURE","SHIRDI(SC)","TO CONSTRUCT COMMUNITY HALL IN G P PROPERTY NO 691 AT GRAMPANCHAYAT KAUTHE bK TALUKA SANGAMNER","06-Nov-2025","17-Jan-2026","700000","Sanction"
"87","Normal/Others","WS/MP18134/2025-2026/245972-Construction of community centers and community halls","Maharashtra","Ahilyanagar(DISTRICT COLLECTOR AHMEDNAGAR_IDA)","BHAUSAHEB RAJARAM WAKCHAURE","SHIRDI(SC)","To construct comminity hall in g p property No 290at grampanchayat Nimgaon tembhi taluka Sangamner","06-Nov-2025","03-Mar-2026","1000000","Sanction"
"88","Normal/Others","WS/MP18134/2026-2027/245975-Construction of community centers and community halls","Maharashtra","Ahilyanagar(DISTRICT COLLECTOR AHMEDNAGAR_IDA)","BHAUSAHEB RAJARAM WAKCHAURE","SHIRDI(SC)","To construct community Hall at ozar bu taluka sangamner","06-Nov-2025","29-Jul-2026","700000","Sanction"
"89","Normal/Others","WS/MP18134/2025-2026/245985-Construction of community centers and community halls","Maharashtra","Ahilyanagar(DISTRICT COLLECTOR AHMEDNAGAR_IDA)","BHAUSAHEB RAJARAM WAKCHAURE","SHIRDI(SC)","To construct community hall in   G P Property NO 192  bambalewadi post dolasane taluka sangamner","06-Nov-2025","03-Mar-2026","700000","Sanction"
"90","Normal/Others","WS/MP18134/2025-2026/245987-Construction of community centers and community halls","Maharashtra","Ahilyanagar(DISTRICT COLLECTOR AHMEDNAGAR_IDA)","BHAUSAHEB RAJARAM WAKCHAURE","SHIRDI(SC)","To construct community hall at shedgaon taluka sangamner","06-Nov-2025","17-Jan-2026","700000","Sanction"
"91","Normal/Others","WS/MP18134/2026-2027/246002-Construction of community centers and community halls","Maharashtra","Ahilyanagar(DISTRICT COLLECTOR AHMEDNAGAR_IDA)","BHAUSAHEB RAJARAM WAKCHAURE","SHIRDI(SC)","To construct community hall in  g p property at Kolgaon Thadi taluka kopargaon","06-Nov-2025","29-Jul-2026","700000","Sanction"
"92","Normal/Others","WS/MP18134/2025-2026/246023-Construction of community centers and community halls","Maharashtra","Ahilyanagar(DISTRICT COLLECTOR AHMEDNAGAR_IDA)","BHAUSAHEB RAJARAM WAKCHAURE","SHIRDI(SC)","to construct community hall in g p property gat n 300 at takli  tauka kopargaon","06-Nov-2025","03-Mar-2026","700000","Sanction"
"93","Normal/Others","WS/MP18134/2025-2026/246029-Construction of community centers and community halls","Maharashtra","Ahilyanagar(DISTRICT COLLECTOR AHMEDNAGAR_IDA)","BHAUSAHEB RAJARAM WAKCHAURE","SHIRDI(SC)","To consruct in community hall in g p property  at shahajapur taluka kopargaon","06-Nov-2025","03-Mar-2026","1000000","Sanction"
"94","Normal/Others","WS/MP18134/2025-2026/246037-Construction of community centers and community halls","Maharashtra","Ahilyanagar(DISTRICT COLLECTOR AHMEDNAGAR_IDA)","BHAUSAHEB RAJARAM WAKCHAURE","SHIRDI(SC)","to construct community hall in g p property No 1400 at Bhagvatipur taluka rahtaa","06-Nov-2025","03-Mar-2026","1000000","Sanction"
"95","Normal/Others","WS/MP18134/2025-2026/246039-Construction of community centers and community halls","Maharashtra","Ahilyanagar(DISTRICT COLLECTOR AHMEDNAGAR_IDA)","BHAUSAHEB RAJARAM WAKCHAURE","SHIRDI(SC)","INSTALATION PEVER BLOK AT HANUMAN MANDIR GAVTHAN KARAJGAON TALUKA RAHURI","06-Nov-2025","26-Dec-2025","497764","Physical Inspection"
"96","Normal/Others","WS/MP18134/2025-2026/246093-Construction of community centers and community halls","Maharashtra","Ahilyanagar(DISTRICT COLLECTOR AHMEDNAGAR_IDA)","BHAUSAHEB RAJARAM WAKCHAURE","SHIRDI(SC)","To construct community hall in G P property No 164 grampanchayat manoharpur taluka akole","06-Nov-2025","17-Jan-2026","700000","Sanction"
"97","Normal/Others","WS/MP18134/2025-2026/246095-Construction of community centers and community halls","Maharashtra","Ahilyanagar(DISTRICT COLLECTOR AHMEDNAGAR_IDA)","BHAUSAHEB RAJARAM WAKCHAURE","SHIRDI(SC)","To construct community hall in g p property No 5 at grampanchayt  Badgi taluka akole","06-Nov-2025","17-Jan-2026","1000000","Sanction"
"98","Normal/Others","WS/MP18134/2025-2026/246097-Construction of community centers and community halls","Maharashtra","Ahilyanagar(DISTRICT COLLECTOR AHMEDNAGAR_IDA)","BHAUSAHEB RAJARAM WAKCHAURE","SHIRDI(SC)","Construction of protective wall on road leading to Hanuman temple at Mauje Agar","06-Nov-2025","03-Mar-2026","1000000","Sanction"
"99","Normal/Others","WS/MP18134/2025-2026/246098-Construction of community centers and community halls","Maharashtra","Ahilyanagar(DISTRICT COLLECTOR AHMEDNAGAR_IDA)","BHAUSAHEB RAJARAM WAKCHAURE","SHIRDI(SC)","TO CONSTRUCT COMMUNITY HALL IN G P PROPERTY  AT GRAMPANCHAY ABAD TALUKA AKOLE","06-Nov-2025","17-Jan-2026","1000000","Sanction"
"100","Normal/Others","WS/MP18134/2025-2026/246099-Construction of community centers and community halls","Maharashtra","Ahilyanagar(DISTRICT COLLECTOR AHMEDNAGAR_IDA)","BHAUSAHEB RAJARAM WAKCHAURE","SHIRDI(SC)","tO CONSTRUCT COMMUNITY HALL IN g P PROPERTY NO 2780 AT DEOTHAN TALUKA AKOLE","06-Nov-2025","17-Jan-2026","1000000","Sanction"
"101","Normal/Others","WS/MP18134/2025-2026/246122-Construction of community centers and community halls","Maharashtra","Ahilyanagar(DISTRICT COLLECTOR AHMEDNAGAR_IDA)","BHAUSAHEB RAJARAM WAKCHAURE","SHIRDI(SC)","To construct community hall in g p property at grampanchayat belaPUR TALUKA AKOLE","06-Nov-2025","17-Jan-2026","700000","Sanction"
"102","Normal/Others","WS/MP18134/2026-2027/246123-Construction of community centers and community halls","Maharashtra","Ahilyanagar(DISTRICT COLLECTOR AHMEDNAGAR_IDA)","BHAUSAHEB RAJARAM WAKCHAURE","SHIRDI(SC)","TO CONSTRUCT COMMUNITY HALL IN G P PROPERTY  AT BRAMHANWADA  TALUKA AKOLE","06-Nov-2025","29-Jul-2026","700000","Sanction"
"103","Normal/Others","WS/MP18134/2025-2026/246124-Construction of community centers and community halls","Maharashtra","Ahilyanagar(DISTRICT COLLECTOR AHMEDNAGAR_IDA)","BHAUSAHEB RAJARAM WAKCHAURE","SHIRDI(SC)","TO CONSTRUCT COMMUNITY HALL IN GRAMPANCHAYT PROPERTY AT GRAMPANCHAYT LAHIT KH","06-Nov-2025","03-Mar-2026","1000000","Sanction"
"104","Normal/Others","WS/MP18134/2026-2027/246056-Construction of community centers and community halls","Maharashtra","Ahilyanagar(DISTRICT COLLECTOR AHMEDNAGAR_IDA)","BHAUSAHEB RAJARAM WAKCHAURE","SHIRDI(SC)","Beautification of Village Property No. 379 at graampanchayt brahmangaav vetal taluka shrirampur","06-Nov-2025","29-Jul-2026","700000","Sanction"
"105","Normal/Others","WS/MP18134/2025-2026/246059-Construction of community centers and community halls","Maharashtra","Ahilyanagar(DISTRICT COLLECTOR AHMEDNAGAR_IDA)","BHAUSAHEB RAJARAM WAKCHAURE","SHIRDI(SC)","To construct community hall in g p property  at grampanchayt Tialapur tasluka Rahuri","06-Nov-2025","16-Jan-2026","700000","Sanction"
"106","Normal/Others","WS/MP18134/2026-2027/246070-Construction of community centers and community halls","Maharashtra","Ahilyanagar(DISTRICT COLLECTOR AHMEDNAGAR_IDA)","BHAUSAHEB RAJARAM WAKCHAURE","SHIRDI(SC)","to construct communiti hall in Grampanchat property  at gramapnchayat chandedgaon taluka rahuri","06-Nov-2025","29-Jul-2026","1000000","Sanction"
"107","Normal/Others","WS/MP18134/2026-2027/247446-Construction of community centers and community halls","Maharashtra","Ahilyanagar(DISTRICT COLLECTOR AHMEDNAGAR_IDA)","BHAUSAHEB RAJARAM WAKCHAURE","SHIRDI(SC)","To construct community hall in G P property No 2046 at Grampanchayt Chanda taluka newasa","11-Nov-2025","24-Jun-2026","1000000","Sanction"
"108","Normal/Others","WS/MP18134/2025-2026/247447-Construction of community centers and community halls","Maharashtra","Ahilyanagar(DISTRICT COLLECTOR AHMEDNAGAR_IDA)","BHAUSAHEB RAJARAM WAKCHAURE","SHIRDI(SC)","Paver block and beautification at Chandragiri Devasthan Gram Panchayat Property No. 268 1 Gram Panchayat Manjari Taluka Rahuri","11-Nov-2025","16-Jan-2026","999560","Physical Inspection"
"109","Trust and Society","WS/MP18134/2026-2027/247457-Construction of community centers and community halls","Maharashtra","Ahilyanagar(DISTRICT COLLECTOR AHMEDNAGAR_IDA)","BHAUSAHEB RAJARAM WAKCHAURE","SHIRDI(SC)","Beautification of the premises of Bhagwan Someshwar Sansthan in Pimpalwadi area taluka Rahta","11-Nov-2025","29-Jul-2026","1000000","Sanction"
"110","Normal/Others","WS/MP18110/2025-2026/248577-Construction of community centers and community halls","Maharashtra","Ahilyanagar(DISTRICT COLLECTOR AHMEDNAGAR_IDA)","NILESH DNYANDEV LANKE","AHMEDNAGAR","Construction of a community centres and community halls at Alkuti Gholap Mala in front of Sant Savata Mali Mandir GP property No 1502 2 Tal Parner","17-Nov-2025","23-Jan-2026","1500000","Sanction"
"111","Normal/Others","WS/MP18110/2025-2026/248578-Construction of community centers and community halls","Maharashtra","Ahilyanagar(DISTRICT COLLECTOR AHMEDNAGAR_IDA)","NILESH DNYANDEV LANKE","AHMEDNAGAR","Construction of a community centres and community halls at Randhe Karwadi in front of Ganesh Mandir GP property No 1101 Tal Parner","17-Nov-2025","23-Jan-2026","2000000","Sanction"
"112","Normal/Others","WS/MP18110/2026-2027/248579-Construction of community centers and community halls","Maharashtra","Ahilyanagar(DISTRICT COLLECTOR AHMEDNAGAR_IDA)","NILESH DNYANDEV LANKE","AHMEDNAGAR","Common work sheds for artisans installing paver blocks at Loni Mavla  Chaskarwadi in front of Hanuman Mandir GP property No 1120 Tal Parner","17-Nov-2025","18-Jun-2026","1000000","Physical Inspection"
"113","Normal/Others","WS/MP18110/2025-2026/248580-Construction of community centers and community halls","Maharashtra","Ahilyanagar(DISTRICT COLLECTOR AHMEDNAGAR_IDA)","NILESH DNYANDEV LANKE","AHMEDNAGAR","Construction of a community centres and community halls at Padali Ale Bend Wasti in GP property No 2675 Tal Parner","17-Nov-2025","23-Jan-2026","1500000","Sanction"
"114","Normal/Others","WS/MP18134/2025-2026/248252-Construction of community centers and community halls","Maharashtra","Ahilyanagar(DISTRICT COLLECTOR AHMEDNAGAR_IDA)","BHAUSAHEB RAJARAM WAKCHAURE","SHIRDI(SC)","To cinstruct community hall in Grampanchayt Property  at grampnachayt khambe taluka sangamner","14-Nov-2025","16-Dec-2025","1000000","Sanction"
"115","Normal/Others","WS/MP18134/2025-2026/251210-Construction of community centers and community halls","Maharashtra","Ahilyanagar(DISTRICT COLLECTOR AHMEDNAGAR_IDA)","BHAUSAHEB RAJARAM WAKCHAURE","SHIRDI(SC)","To construct communitty Hall in G P property No 217 1 at grampanchayt rawande taluka kopargaon","29-Nov-2025","03-Mar-2026","1000000","Sanction"
"116","Normal/Others","WS/MP18134/2026-2027/256425-Construction of community centers and community halls","Maharashtra","Ahilyanagar(DISTRICT COLLECTOR AHMEDNAGAR_IDA)","BHAUSAHEB RAJARAM WAKCHAURE","SHIRDI(SC)","To construct community hall in G P property No 493 at Gardani Taluka Akole","13-Jan-2026","24-Jun-2026","700000","Sanction"
"117","Trust and Society","WS/MP18134/2025-2026/248348-Construction of community centers and community halls","Maharashtra","Ahilyanagar(DISTRICT COLLECTOR AHMEDNAGAR_IDA)","BHAUSAHEB RAJARAM WAKCHAURE","SHIRDI(SC)","To construct Community hall at B A Shinde Viroba vidyalay And Jr college Rahimpur Taluka Sangamner","15-Nov-2025","03-Mar-2026","1000000","Sanction"
"118","Normal/Others","WS/MP18134/2025-2026/248372-Construction of community centers and community halls","Maharashtra","Ahilyanagar(DISTRICT COLLECTOR AHMEDNAGAR_IDA)","BHAUSAHEB RAJARAM WAKCHAURE","SHIRDI(SC)","Installation of paving blocks at Patil Wadi Mahadev Temple in Kolhar Khurd Gram Panchayat Property No. 2072 Gram Panchayat Kolhar Khurd Taluka Rahuri","15-Nov-2025","26-Dec-2025","500000","Sanction"
"119","Normal/Others","WS/MP18134/2026-2027/258956-Construction of community centers and community halls","Maharashtra","Ahilyanagar(DISTRICT COLLECTOR AHMEDNAGAR_IDA)","BHAUSAHEB RAJARAM WAKCHAURE","SHIRDI(SC)","to work construction of Building a ghat behind the Hanuman temple for the post-funeral rituals at BrahmangaavBhand Property No 1 taluka Rahuri","13-Jan-2026","24-Jun-2026","1000000","Sanction"
"120","Normal/Others","WS/MP18134/2026-2027/260736-Construction of community centers and community halls","Maharashtra","Ahilyanagar(DISTRICT COLLECTOR AHMEDNAGAR_IDA)","BHAUSAHEB RAJARAM WAKCHAURE","SHIRDI(SC)","Beautification of the Hivargaon Pavsa Hanuman Temple and undertaking related works IN GRAMPANCHAYT PROPERTY NO 1","08-Feb-2026","01-Jul-2026","1000000","Sanction"
"121","Normal/Others","WS/MP18110/2026-2027/262178-Construction of community centers and community halls","Maharashtra","Ahilyanagar(DISTRICT COLLECTOR AHMEDNAGAR_IDA)","NILESH DNYANDEV LANKE","AHMEDNAGAR","Construction of a community centres and community halls at Pisore khand in front of Vitthal Rukhmini Mandir GP property No 07 Tal Shrigonda","27-Jan-2026","25-Jun-2026","1200000","Sanction"
"122","Normal/Others","WS/MP18110/2026-2027/262181-Construction of community centers and community halls","Maharashtra","Ahilyanagar(DISTRICT COLLECTOR AHMEDNAGAR_IDA)","NILESH DNYANDEV LANKE","AHMEDNAGAR","Construction of a community centres and community halls at Hangewadi in front of Hangeswar Mandir GP property No 1383 Tal Shrigonda","27-Jan-2026","25-Jun-2026","1200000","Sanction"
"123","Normal/Others","WS/MP18110/2026-2027/263941-Construction of community centers and community halls","Maharashtra","Ahilyanagar(DISTRICT COLLECTOR AHMEDNAGAR_IDA)","NILESH DNYANDEV LANKE","AHMEDNAGAR","Construction of a community centres and community halls at Ambikanagar in front of Hanuman Mandir in GP property No 178 Tal Pathardi","31-Jan-2026","24-Jun-2026","1000000","Sanction"
"124","Normal/Others","WS/MP18110/2026-2027/263943-Construction of community centers and community halls","Maharashtra","Ahilyanagar(DISTRICT COLLECTOR AHMEDNAGAR_IDA)","NILESH DNYANDEV LANKE","AHMEDNAGAR","Construction of a community centres and community halls at Pimpalgaon Tappa in front of Hanuman Mandir GP property No 52 1 Tal Pathardi","31-Jan-2026","24-Jun-2026","1500000","Sanction"
"125","Normal/Others","WS/MP18110/2026-2027/263944-Construction of community centers and community halls","Maharashtra","Ahilyanagar(DISTRICT COLLECTOR AHMEDNAGAR_IDA)","NILESH DNYANDEV LANKE","AHMEDNAGAR","Construction of a community centres and community halls at Mohoj Dewadhe Kalewadi in front of Gosavi Baba Mandir GP property No 75 Tal Pathardi","31-Jan-2026","24-Jun-2026","1200000","Sanction"
"126","Normal/Others","WS/MP18110/2026-2027/263945-Construction of community centers and community halls","Maharashtra","Ahilyanagar(DISTRICT COLLECTOR AHMEDNAGAR_IDA)","NILESH DNYANDEV LANKE","AHMEDNAGAR","Construction of a community centres and community halls at Shekate in front of Khandoba Mandir GP property No 177 Tal Pathardi","31-Jan-2026","24-Jun-2026","1200000","Sanction"
"127","Normal/Others","WS/MP18110/2026-2027/263946-Construction of community centers and community halls","Maharashtra","Ahilyanagar(DISTRICT COLLECTOR AHMEDNAGAR_IDA)","NILESH DNYANDEV LANKE","AHMEDNAGAR","Construction of a community centres and community halls at Chinchpur Ijde Kuttarwadi in front of Bhairavnath Mandir GP property No 05 Tal Pathardi","31-Jan-2026","24-Jun-2026","1000000","Sanction"
"128","Normal/Others","WS/MP18110/2026-2027/263947-Construction of community centers and community halls","Maharashtra","Ahilyanagar(DISTRICT COLLECTOR AHMEDNAGAR_IDA)","NILESH DNYANDEV LANKE","AHMEDNAGAR","Construction of a community centres and community halls at Kharvandi Kasar Tulajwadi in front of Tulja Bhavani Mandir GP property No 57 Tal Pathardi","31-Jan-2026","24-Jun-2026","1200000","Sanction"
"129","Normal/Others","WS/MP18110/2026-2027/263948-Construction of community centers and community halls","Maharashtra","Ahilyanagar(DISTRICT COLLECTOR AHMEDNAGAR_IDA)","NILESH DNYANDEV LANKE","AHMEDNAGAR","Construction of a community centres and community halls at Bhalgaon in front of Mayamba Mandir GP property No 853 Tal Pathardi","31-Jan-2026","24-Jun-2026","1500000","Sanction"
"130","Normal/Others","WS/MP18110/2026-2027/263949-Construction of community centers and community halls","Maharashtra","Ahilyanagar(DISTRICT COLLECTOR AHMEDNAGAR_IDA)","NILESH DNYANDEV LANKE","AHMEDNAGAR","Construction of a community centres and community halls at Mali Bhabhulgaon in front of Hanuman Mandir GP property No 1804 Tal Pathardi","31-Jan-2026","24-Jun-2026","1200000","Sanction"
"131","Normal/Others","WS/MP18134/2026-2027/266317-Construction of community centers and community halls","Maharashtra","Ahilyanagar(DISTRICT COLLECTOR AHMEDNAGAR_IDA)","BHAUSAHEB RAJARAM WAKCHAURE","SHIRDI(SC)","Premises beautification works at Kashi Vishweshwar Temple Gunjalwadi,in GP property no 445 at grampanchayt gunjalwadi taluyka sangamner","08-Feb-2026","01-Jul-2026","1000000","Sanction"
"132","Normal/Others","WS/MP18134/2026-2027/267033-Construction of community centers and community halls","Maharashtra","Ahilyanagar(DISTRICT COLLECTOR AHMEDNAGAR_IDA)","BHAUSAHEB RAJARAM WAKCHAURE","SHIRDI(SC)","to construct community hall in g p property no 356 graapanchayt govrdhapur taluka shrirampur","08-Feb-2026","01-Jul-2026","1000000","Sanction"
"133","Normal/Others","WS/MP18110/2026-2027/269378-Construction of community centers and community halls","Maharashtra","Ahilyanagar(DISTRICT COLLECTOR AHMEDNAGAR_IDA)","NILESH DNYANDEV LANKE","AHMEDNAGAR","Construction of a community centres and community halls at Pokhardi in front of Bhairavnath Jogeswari Mata Mandir GP property No 224 1 Tal Nagar","18-Feb-2026","24-Jun-2026","2000000","Sanction"
"134","Normal/Others","WS/MP18110/2026-2027/269384-Construction of community centers and community halls","Maharashtra","Ahilyanagar(DISTRICT COLLECTOR AHMEDNAGAR_IDA)","NILESH DNYANDEV LANKE","AHMEDNAGAR","Construction of a community centres and community halls at Hatwalan in front of Datta Mandir in GP property No 140 1 Tal Nagar","18-Feb-2026","25-Jun-2026","1000000","Sanction"
"135","Normal/Others","WS/MP18110/2026-2027/269579-Construction of community centers and community halls","Maharashtra","Ahilyanagar(DISTRICT COLLECTOR AHMEDNAGAR_IDA)","NILESH DNYANDEV LANKE","AHMEDNAGAR","Construction of a community centres and community halls at Rahuri Nagar Panchayat in front of Swami Samarth Mandir in NP property No 9125 Tal Rahuri","19-Feb-2026","24-Jun-2026","1200000","Sanction"
"136","Normal/Others","WS/MP18110/2026-2027/269580-Construction of community centers and community halls","Maharashtra","Ahilyanagar(DISTRICT COLLECTOR AHMEDNAGAR_IDA)","NILESH DNYANDEV LANKE","AHMEDNAGAR","Construction of a community centres and community halls at Tandulwadi in front of Hanuman Mandir in GP property No 737 Tal Rahuri","19-Feb-2026","24-Jun-2026","1200000","Sanction"
"137","Normal/Others","WS/MP18110/2026-2027/269581-Construction of community centers and community halls","Maharashtra","Ahilyanagar(DISTRICT COLLECTOR AHMEDNAGAR_IDA)","NILESH DNYANDEV LANKE","AHMEDNAGAR","Construction of a community centres and community halls at Pimpari Valan in front of Khandoba Mandir in GP property No 823 Tal Rahuri","19-Feb-2026","24-Jun-2026","1200000","Sanction"
"138","Normal/Others","WS/MP18110/2026-2027/269582-Construction of community centers and community halls","Maharashtra","Ahilyanagar(DISTRICT COLLECTOR AHMEDNAGAR_IDA)","NILESH DNYANDEV LANKE","AHMEDNAGAR","Construction of a community centres and community halls at Rahuri Nagar Panchayat in front of Biroba Mandir in NP property No 1789 Tal Rahuri","19-Feb-2026","24-Jun-2026","1200000","Sanction"
"139","Normal/Others","WS/MP18110/2026-2027/269583-Construction of community centers and community halls","Maharashtra","Ahilyanagar(DISTRICT COLLECTOR AHMEDNAGAR_IDA)","NILESH DNYANDEV LANKE","AHMEDNAGAR","Construction of a community centres and community halls at Aradgaon in front of Mahadev Mandir in GP property No 474 1 Tal Rahuri","19-Feb-2026","24-Jun-2026","1200000","Sanction"
"140","Normal/Others","WS/MP18110/2026-2027/269584-Construction of community centers and community halls","Maharashtra","Ahilyanagar(DISTRICT COLLECTOR AHMEDNAGAR_IDA)","NILESH DNYANDEV LANKE","AHMEDNAGAR","Construction of a community centres and community halls at Kangar in front of Kanifnath Mandir in GP property No 440 5 Tal Rahuri","19-Feb-2026","24-Jun-2026","1200000","Sanction"
"141","Normal/Others","WS/MP18110/2026-2027/269935-Construction of community centers and community halls","Maharashtra","Ahilyanagar(DISTRICT COLLECTOR AHMEDNAGAR_IDA)","NILESH DNYANDEV LANKE","AHMEDNAGAR","Construction of a community centres and community halls at Nimgoan Gangarda in front of Laxmimata Mandir in GP property No 545 2 Tal Karjat","20-Feb-2026","25-Jun-2026","1000000","Sanction"
"142","Normal/Others","WS/MP18110/2026-2027/269936-Construction of community centers and community halls","Maharashtra","Ahilyanagar(DISTRICT COLLECTOR AHMEDNAGAR_IDA)","NILESH DNYANDEV LANKE","AHMEDNAGAR","Construction of a community centres and community halls at Takali Khandeswari in front of Laxmiaai Mandir in NP property No 13 Tal Karjat","20-Feb-2026","25-Jun-2026","1000000","Sanction"
"143","Normal/Others","WS/MP18110/2026-2027/269937-Construction of community centers and community halls","Maharashtra","Ahilyanagar(DISTRICT COLLECTOR AHMEDNAGAR_IDA)","NILESH DNYANDEV LANKE","AHMEDNAGAR","Construction of a community centres and community halls at Rashin Kurnachiwadi in front of Vitthal Rukhmini Mandir in GP property No 2018 Tal Karjat","20-Feb-2026","25-Jun-2026","1000000","Sanction"
"144","Normal/Others","WS/MP18110/2026-2027/269938-Construction of community centers and community halls","Maharashtra","Ahilyanagar(DISTRICT COLLECTOR AHMEDNAGAR_IDA)","NILESH DNYANDEV LANKE","AHMEDNAGAR","Construction of a community centres and community halls at Kangudwadi in front of Renuka Mata Mandir in GP property No 99 Tal Karjat","20-Feb-2026","25-Jun-2026","1000000","Sanction"
"145","Normal/Others","WS/MP18110/2026-2027/269939-Construction of community centers and community halls","Maharashtra","Ahilyanagar(DISTRICT COLLECTOR AHMEDNAGAR_IDA)","NILESH DNYANDEV LANKE","AHMEDNAGAR","Construction of a community centres and community halls at Kumbhefal Dhandewadi in front of Tulja Bhawani Mandir in GP property No 359 Tal Karjat","20-Feb-2026","25-Jun-2026","1000000","Sanction"
"146","Normal/Others","WS/MP18110/2026-2027/270613-Construction of community centers and community halls","Maharashtra","Ahilyanagar(DISTRICT COLLECTOR AHMEDNAGAR_IDA)","NILESH DNYANDEV LANKE","AHMEDNAGAR","Construction of a community centres and community halls at Chondhi Jagdale Wasti in front of Anandabai Mandir in GP property No 576 Tal Jamkhed","24-Feb-2026","25-Jun-2026","1000000","Sanction"
"147","Normal/Others","WS/MP18110/2026-2027/270614-Construction of community centers and community halls","Maharashtra","Ahilyanagar(DISTRICT COLLECTOR AHMEDNAGAR_IDA)","NILESH DNYANDEV LANKE","AHMEDNAGAR","Construction of a community centres and community halls at Sakat in front of Khandoba Mandir in GP property No 855 2 Tal Jamkhed","24-Feb-2026","25-Jun-2026","1000000","Sanction"
"148","Normal/Others","WS/MP18110/2026-2027/270615-Construction of community centers and community halls","Maharashtra","Ahilyanagar(DISTRICT COLLECTOR AHMEDNAGAR_IDA)","NILESH DNYANDEV LANKE","AHMEDNAGAR","Construction of a community centres and community halls at Kharda in GP property No 1003 Tal Jamkhed","24-Feb-2026","25-Jun-2026","1000000","Sanction"
"149","Normal/Others","WS/MP18110/2026-2027/270616-Construction of community centers and community halls","Maharashtra","Ahilyanagar(DISTRICT COLLECTOR AHMEDNAGAR_IDA)","NILESH DNYANDEV LANKE","AHMEDNAGAR","Construction of a community centres and community halls at Kusadgoan Bhogalwadi in front of Vitthal Mandir in GP property No 527 Tal Jamkhed","24-Feb-2026","25-Jun-2026","1000000","Sanction"
"150","Normal/Others","WS/MP18110/2026-2027/270617-Construction of community centers and community halls","Maharashtra","Ahilyanagar(DISTRICT COLLECTOR AHMEDNAGAR_IDA)","NILESH DNYANDEV LANKE","AHMEDNAGAR","Construction of a community centres and community halls at Gurewadi Maharuli in GP property No 806 Tal Jamkhed","24-Feb-2026","25-Jun-2026","1000000","Sanction"
"151","Normal/Others","WS/MP18110/2026-2027/274342-Construction of community centers and community halls","Maharashtra","Ahilyanagar(DISTRICT COLLECTOR AHMEDNAGAR_IDA)","NILESH DNYANDEV LANKE","AHMEDNAGAR","Construction of a community centres and community halls at Bodhegoan Indiranagar in front of Maruti Mandir in GP property No 1251 Tal Shevgoan","14-Mar-2026","25-Jun-2026","1500000","Sanction"
"152","Normal/Others","WS/MP18110/2026-2027/274343-Construction of community centers and community halls","Maharashtra","Ahilyanagar(DISTRICT COLLECTOR AHMEDNAGAR_IDA)","NILESH DNYANDEV LANKE","AHMEDNAGAR","Construction of a community centres and community halls at Shahartakali in front of Laxmimata Mandir in GP property No 08 Tal Shevgoan","14-Mar-2026","24-Jun-2026","1500000","Sanction"
"153","Normal/Others","WS/MP18110/2026-2027/274344-Construction of community centers and community halls","Maharashtra","Ahilyanagar(DISTRICT COLLECTOR AHMEDNAGAR_IDA)","NILESH DNYANDEV LANKE","AHMEDNAGAR","Construction of a community centres and community halls at Malegoan Ne in GP property No 155 Tal Shevgoan","14-Mar-2026","24-Jun-2026","1500000","Sanction"
"154","Normal/Others","WS/MP18110/2026-2027/274345-Construction of community centers and community halls","Maharashtra","Ahilyanagar(DISTRICT COLLECTOR AHMEDNAGAR_IDA)","NILESH DNYANDEV LANKE","AHMEDNAGAR","Construction of a community centres and community halls at Wagholi Shelke Pawar Wasti in front of Maruti Mandir in GP property No 605 Tal Shevgoan","14-Mar-2026","24-Jun-2026","1500000","Sanction"
"155","Normal/Others","WS/MP18110/2026-2027/274346-Construction of community centers and community halls","Maharashtra","Ahilyanagar(DISTRICT COLLECTOR AHMEDNAGAR_IDA)","NILESH DNYANDEV LANKE","AHMEDNAGAR","Construction of a community centres and community halls at Khanapur in front of Mahadev Mandir in GP property No 350 1 Tal Shevgoan","14-Mar-2026","25-Jun-2026","1500000","Sanction"
"156","Normal/Others","WS/MP18110/2026-2027/274347-Construction of community centers and community halls","Maharashtra","Ahilyanagar(DISTRICT COLLECTOR AHMEDNAGAR_IDA)","NILESH DNYANDEV LANKE","AHMEDNAGAR","Construction of a community centres and community halls at Akhegoan in front of Hanuman Mandir in GP property No 2041 Tal Shevgoan","14-Mar-2026","25-Jun-2026","1500000","Sanction"
"157","Normal/Others","WS/MP18110/2026-2027/274583-Construction of community centers and community halls","Maharashtra","Ahilyanagar(DISTRICT COLLECTOR AHMEDNAGAR_IDA)","NILESH DNYANDEV LANKE","AHMEDNAGAR","Construction of a community centres and community halls at Nandur Pathar in front of Ganesh Mandir in GP property No 1104 Tal Parner","16-Mar-2026","25-Jun-2026","1000000","Sanction"
"158","Normal/Others","WS/MP18134/2025-2026/183099-Crematoriums/energy efficient crematoriums or structures on burial/cremation ground","Maharashtra","Ahilyanagar(DISTRICT COLLECTOR AHMEDNAGAR_IDA)","BHAUSAHEB RAJARAM WAKCHAURE","SHIRDI(SC)","Crematoriums or structures on burial  cremation ground for public convenience vileege Khanapur Agar Taluka Akole","21-Mar-2025","16-Dec-2025","700000","Physical Inspection"
"159","Normal/Others","WS/MP18110/2026-2027/262176-Construction of roads, link roads, pathways or any other road with or without drainage system","Maharashtra","Ahilyanagar(DISTRICT COLLECTOR AHMEDNAGAR_IDA)","NILESH DNYANDEV LANKE","AHMEDNAGAR","Construction of concreate road at Adhorewadi Navnath Nagar Bus Stand Boys School GP property No 2381 Tal Shrigonda","27-Jan-2026","25-Jun-2026","1000000","Sanction"
"160","Normal/Others","WS/MP18110/2025-2026/209776-Development of playfields and sports grounds","Maharashtra","Ahilyanagar(DISTRICT COLLECTOR AHMEDNAGAR_IDA)","NILESH DNYANDEV LANKE","AHMEDNAGAR","Development of playfields and sport ground GP property No 4485 Tal Parner","17-Jun-2025","24-Jul-2025","1493825","Physical Inspection"
"161","Normal/Others","WS/MP18110/2026-2027/270604-Street lights","Maharashtra","Ahilyanagar(DISTRICT COLLECTOR AHMEDNAGAR_IDA)","NILESH DNYANDEV LANKE","AHMEDNAGAR","To Erect Street Light in Mohote, Mohote to Mohta Devi Road Taluka Pathardi District Ahilyanagar","24-Feb-2026","25-Jun-2026","800000","Sanction"
"162","Normal/Others","WS/MP18134/2025-2026/177379-Street lights","Maharashtra","Ahilyanagar(DISTRICT COLLECTOR AHMEDNAGAR_IDA)","BHAUSAHEB RAJARAM WAKCHAURE","SHIRDI(SC)","To Erect Solar Street Light in Shrirampur Taluka at Belapur Takalibhan Ashoknagar Nimgaon Khairi Kanhegaon and Shrirampur City Total 7 Works","03-Mar-2025","23-Dec-2025","800000","Work Completed"
"163","Normal/Others","WS/MP18111/2026-2027/187121-Construction of platforms and passenger sheds at railway stations","Maharashtra","AKOLA(DISTRICT COLLECTOR AKOLA_IDA)","ANUP SANJAY DHOTRE","AKOLA","Construction of Bus Stop on Gram Panchayat land at Jambha Kh.","31-Mar-2025","22-Apr-2026","1000000","Physical Inspection"
"164","Normal/Others","WS/MP18111/2026-2027/268993-Construction of roads, link roads, pathways or any other road with or without drainage system","Maharashtra","AKOLA(DISTRICT COLLECTOR AKOLA_IDA)","ANUP SANJAY DHOTRE","AKOLA","Construction of Cement Road from Sopinath Mandir to house of Himmat Janik in SC Locality at Lakhpuri","24-Feb-2026","21-Jul-2026","1000000","Work partially Completed"
"165","Normal/Others","WS/MP18111/2026-2027/268995-Construction of roads, link roads, pathways or any other road with or without drainage system","Maharashtra","AKOLA(DISTRICT COLLECTOR AKOLA_IDA)","ANUP SANJAY DHOTRE","AKOLA","Construction of Cement Road from house of Vilas Chore to house of Suresh Nandurkar","24-Feb-2026","25-Aug-2026","1000000","Sanction"
"166","Normal/Others","WS/MP18111/2026-2027/269007-Construction of roads, link roads, pathways or any other road with or without drainage system","Maharashtra","AKOLA(DISTRICT COLLECTOR AKOLA_IDA)","ANUP SANJAY DHOTRE","AKOLA","Construction of Cement Road from the house of Shrikrishna Mendhe to house of Bapurao Mendhe","24-Feb-2026","22-Apr-2026","1000000","Sanction"
"167","Normal/Others","WS/MP18111/2025-2026/269009-Construction of roads, link roads, pathways or any other road with or without drainage system","Maharashtra","AKOLA(DISTRICT COLLECTOR AKOLA_IDA)","ANUP SANJAY DHOTRE","AKOLA","Construction of Tar Road from the house of Balasaheb Pande to Crematorium Smashanbhumi","24-Feb-2026","31-Mar-2026","1000000","Work partially Completed"
"168","Normal/Others","WS/MP18111/2026-2027/269011-Construction of roads, link roads, pathways or any other road with or without drainage system","Maharashtra","AKOLA(DISTRICT COLLECTOR AKOLA_IDA)","ANUP SANJAY DHOTRE","AKOLA","Construction of Cement Road from the house of Sharad Sabe to house of More","24-Feb-2026","21-Jul-2026","1000000","Sanction"
"169","Normal/Others","WS/MP18111/2026-2027/269012-Construction of roads, link roads, pathways or any other road with or without drainage system","Maharashtra","AKOLA(DISTRICT COLLECTOR AKOLA_IDA)","ANUP SANJAY DHOTRE","AKOLA","Construction of Cement Road from the house of Madhukar Kadu to Durgadevi Mandir","24-Feb-2026","22-Apr-2026","1000000","Work partially Completed"
"170","Normal/Others","WS/MP18111/2026-2027/269014-Construction of roads, link roads, pathways or any other road with or without drainage system","Maharashtra","AKOLA(DISTRICT COLLECTOR AKOLA_IDA)","ANUP SANJAY DHOTRE","AKOLA","Construction of Cement Road from the house of Chhayabai Deshmukh to Ganapati Ota.","24-Feb-2026","22-Apr-2026","300000","Vendor Identification"
"171","Normal/Others","WS/MP18111/2026-2027/269017-Construction of roads, link roads, pathways or any other road with or without drainage system","Maharashtra","AKOLA(DISTRICT COLLECTOR AKOLA_IDA)","ANUP SANJAY DHOTRE","AKOLA","Construction of Cement Road from the house of Vilas Deshmukh to house of Ashok Deshmukh (Sarvjanik Vihir)","24-Feb-2026","18-May-2026","1000000","Vendor Identification"
"172","Normal/Others","WS/MP18111/2026-2027/269023-Construction of roads, link roads, pathways or any other road with or without drainage system","Maharashtra","AKOLA(DISTRICT COLLECTOR AKOLA_IDA)","ANUP SANJAY DHOTRE","AKOLA","Construction of Tar Road from Shikshak Colony Mangrulpir Road to Gajanan Maharaj Mandir","24-Feb-2026","18-May-2026","1000000","Vendor Identification"
"173","Normal/Others","WS/MP18111/2026-2027/269043-Construction of roads, link roads, pathways or any other road with or without drainage system","Maharashtra","AKOLA(DISTRICT COLLECTOR AKOLA_IDA)","ANUP SANJAY DHOTRE","AKOLA","Construction of Cement Road from the house of Harichandra Bansod to house of Mohan Giri","24-Feb-2026","22-Apr-2026","1000000","Sanction"
"174","Normal/Others","WS/MP18111/2026-2027/269045-Construction of roads, link roads, pathways or any other road with or without drainage system","Maharashtra","AKOLA(DISTRICT COLLECTOR AKOLA_IDA)","ANUP SANJAY DHOTRE","AKOLA","Construction of Cement Road from the house of Gopal Thakare to Main Road","24-Feb-2026","22-Apr-2026","1000000","Sanction"
"175","Normal/Others","WS/MP18111/2026-2027/269048-Construction of roads, link roads, pathways or any other road with or without drainage system","Maharashtra","AKOLA(DISTRICT COLLECTOR AKOLA_IDA)","ANUP SANJAY DHOTRE","AKOLA","Construction of Cement Road from the house of Balu Khandare to house of  Vijay Wagh","24-Feb-2026","22-Apr-2026","1000000","Sanction"
"176","Normal/Others","WS/MP18111/2026-2027/269033-Construction of roads, link roads, pathways or any other road with or without drainage system","Maharashtra","AKOLA(DISTRICT COLLECTOR AKOLA_IDA)","ANUP SANJAY DHOTRE","AKOLA","Construction of Cement Road from the house of Sheshrao Ujavane to house of Kailas Rohankar","24-Feb-2026","22-Apr-2026","1000000","Work partially Completed"
"177","Normal/Others","WS/MP18111/2026-2027/269037-Construction of roads, link roads, pathways or any other road with or without drainage system","Maharashtra","AKOLA(DISTRICT COLLECTOR AKOLA_IDA)","ANUP SANJAY DHOTRE","AKOLA","Construction of Cement Road from Main Road to Sarvajanik Samaj Mandir","24-Feb-2026","22-Apr-2026","1000000","Physical Inspection"
"178","Normal/Others","WS/MP18111/2025-2026/177759-Construction of roads, link roads, pathways or any other road with or without drainage system","Maharashtra","AKOLA(DISTRICT COLLECTOR AKOLA_IDA)","ANUP SANJAY DHOTRE","AKOLA","Construction of Cement Road from Prabhudas Nimokar to Ramdas Savikar and from Mugutrao Epar to Bajrang Guruji house","31-Mar-2025","16-Oct-2025","968831","Physical Inspection"
"179","Normal/Others","WS/MP18111/2025-2026/177761-Construction of roads, link roads, pathways or any other road with or without drainage system","Maharashtra","AKOLA(DISTRICT COLLECTOR AKOLA_IDA)","ANUP SANJAY DHOTRE","AKOLA","Construction of Cement Road from the house of Arun Metkar to house of Ganesh Khanderao","31-Mar-2025","09-Feb-2026","985293","Physical Inspection"
"180","Normal/Others","WS/MP18111/2025-2026/177978-Construction of roads, link roads, pathways or any other road with or without drainage system","Maharashtra","AKOLA(DISTRICT COLLECTOR AKOLA_IDA)","ANUP SANJAY DHOTRE","AKOLA","Construction of Paver block road at Danapur Taluka Telhara from the house of Bhaskar Vikhe to Shiva Jamodkar","31-Mar-2025","17-Jun-2025","971247","Physical Inspection"
"181","Normal/Others","WS/MP18111/2025-2026/144098-Construction of roads, link roads, pathways or any other road with or without drainage system","Maharashtra","AKOLA(DISTRICT COLLECTOR AKOLA_IDA)","ANUP SANJAY DHOTRE","AKOLA","Construction of Cement Concrete Road with iron grid and culvert at Kothari Vatika No.2 from Tayade's house to Kalaskar's house.","31-Mar-2025","03-Apr-2025","400000","Physical Inspection"
"182","Normal/Others","WS/MP18111/2025-2026/144099-Construction of roads, link roads, pathways or any other road with or without drainage system","Maharashtra","AKOLA(DISTRICT COLLECTOR AKOLA_IDA)","ANUP SANJAY DHOTRE","AKOLA","Construction of Cement Concrete Road from Mahendra Tayade's house to Sandip Tayade's house at Kaulkhed Jahagir.","31-Mar-2025","29-May-2025","483603","Physical Inspection"
"183","Normal/Others","WS/MP18111/2025-2026/188364-Construction of roads, link roads, pathways or any other road with or without drainage system","Maharashtra","AKOLA(DISTRICT COLLECTOR AKOLA_IDA)","ANUP SANJAY DHOTRE","AKOLA","Providing Pavers at Mounibaba Sansthan Sirsoli","31-Mar-2025","07-Aug-2025","287286","Physical Inspection"
"184","Normal/Others","WS/MP18111/2026-2027/188367-Construction of roads, link roads, pathways or any other road with or without drainage system","Maharashtra","AKOLA(DISTRICT COLLECTOR AKOLA_IDA)","ANUP SANJAY DHOTRE","AKOLA","Construction of Cement Road from house of Bhojraj Navel to house of Gajanan Malke at Sirso.","31-Mar-2025","27-May-2026","1000000","Physical Inspection"
"185","Normal/Others","WS/MP18111/2025-2026/187122-Construction of roads, link roads, pathways or any other road with or without drainage system","Maharashtra","AKOLA(DISTRICT COLLECTOR AKOLA_IDA)","ANUP SANJAY DHOTRE","AKOLA","Construction of Cement Road at Edlapur from house of Gajanan Kolhe to Sunil Paliwal house","31-Mar-2025","16-Oct-2025","1000000","Physical Inspection"
"186","Normal/Others","WS/MP18111/2025-2026/194800-Construction of roads, link roads, pathways or any other road with or without drainage system","Maharashtra","AKOLA(DISTRICT COLLECTOR AKOLA_IDA)","ANUP SANJAY DHOTRE","AKOLA","Construction of Cement Road at Malsur from house of Sanjay Gaikwad to Gajanan Sampat Pande under Scheduled Tribes category","09-May-2025","01-Dec-2025","873496","Physical Inspection"
"187","Normal/Others","WS/MP18111/2025-2026/194801-Construction of roads, link roads, pathways or any other road with or without drainage system","Maharashtra","AKOLA(DISTRICT COLLECTOR AKOLA_IDA)","ANUP SANJAY DHOTRE","AKOLA","Construction of Cement Road at Zarandi under Scheduled Tribe category from house of Kisan Karwate to Jayram Sakhram Hande","09-May-2025","01-Dec-2025","900000","Physical Inspection"
"188","Normal/Others","WS/MP18111/2025-2026/194802-Construction of roads, link roads, pathways or any other road with or without drainage system","Maharashtra","AKOLA(DISTRICT COLLECTOR AKOLA_IDA)","ANUP SANJAY DHOTRE","AKOLA","Construction of Cement Road at Gondhalwadi under Scheduled Tribe category from the house of Ulhas Bhokare to Rangnath Dhandhare","09-May-2025","01-Dec-2025","950000","Physical Inspection"
"189","Normal/Others","WS/MP18111/2025-2026/194803-Construction of roads, link roads, pathways or any other road with or without drainage system","Maharashtra","AKOLA(DISTRICT COLLECTOR AKOLA_IDA)","ANUP SANJAY DHOTRE","AKOLA","Construction of Tar Road at Prabhag 14, Shivani  under Scheduled Caste category from house of Jaydeo Jagtap to Prashant Raut to Shahid Chowk","09-May-2025","04-Dec-2025","992464","Physical Inspection"
"190","Normal/Others","WS/MP18111/2025-2026/194804-Construction of roads, link roads, pathways or any other road with or without drainage system","Maharashtra","AKOLA(DISTRICT COLLECTOR AKOLA_IDA)","ANUP SANJAY DHOTRE","AKOLA","Construction of Tar Road at Prabhag 20 Sainath Colony  under Scheduled Caste category from house of Borkar to Gawai to Khandare","09-May-2025","23-Jan-2026","994261","Physical Inspection"
"191","Normal/Others","WS/MP18111/2025-2026/194805-Construction of roads, link roads, pathways or any other road with or without drainage system","Maharashtra","AKOLA(DISTRICT COLLECTOR AKOLA_IDA)","ANUP SANJAY DHOTRE","AKOLA","Construction of Tar Road at Samyak Sambhodhi Bhavan Ranpise Nagar from the house of Wankhade to Sachin Kirana with both side culverts  under Scheduled caste category","09-May-2025","04-Dec-2025","977091","Physical Inspection"
"192","Normal/Others","WS/MP18111/2025-2026/194806-Construction of roads, link roads, pathways or any other road with or without drainage system","Maharashtra","AKOLA(DISTRICT COLLECTOR AKOLA_IDA)","ANUP SANJAY DHOTRE","AKOLA","Construction of Tar Road at Prabhag 19 Post Colony from house of Subhash Tayade to Sajan Sonone to Ahir under Scheduled caste category","09-May-2025","04-Dec-2025","1000000","Work Completed"
"193","Normal/Others","WS/MP18111/2026-2027/194807-Construction of roads, link roads, pathways or any other road with or without drainage system","Maharashtra","AKOLA(DISTRICT COLLECTOR AKOLA_IDA)","ANUP SANJAY DHOTRE","AKOLA","Construction of Cement Road at Prabhag 4 Sanjay Nagar Mothi Umri from the house of Sanjay Janjal to Takle  under Scheduled caste category","09-May-2025","12-Jun-2026","1000000","Physical Inspection"
"194","Normal/Others","WS/MP18111/2025-2026/187050-Construction of roads, link roads, pathways or any other road with or without drainage system","Maharashtra","AKOLA(DISTRICT COLLECTOR AKOLA_IDA)","ANUP SANJAY DHOTRE","AKOLA","Construction of Cement Road at Kheldeshpande from Raju Gotmare to Bharat Vidyalay to Anil Kalinge","31-Mar-2025","29-Oct-2025","979216","Physical Inspection"
"195","Normal/Others","WS/MP18111/2025-2026/187053-Construction of roads, link roads, pathways or any other road with or without drainage system","Maharashtra","AKOLA(DISTRICT COLLECTOR AKOLA_IDA)","ANUP SANJAY DHOTRE","AKOLA","Construction of Cement Road at Pathardi from Mahadev Mandir to Prashant Shegokar house.","31-Mar-2025","15-Oct-2025","988642","Physical Inspection"
"196","Normal/Others","WS/MP18111/2025-2026/187060-Construction of roads, link roads, pathways or any other road with or without drainage system","Maharashtra","AKOLA(DISTRICT COLLECTOR AKOLA_IDA)","ANUP SANJAY DHOTRE","AKOLA","Construction of Cement Road atTajnapur from house of Rahul Dinkar Mendhe to house of Shriram Shamrao Tidke","31-Mar-2025","17-Jun-2025","972537","Physical Inspection"
"197","Normal/Others","WS/MP18111/2025-2026/187064-Construction of roads, link roads, pathways or any other road with or without drainage system","Maharashtra","AKOLA(DISTRICT COLLECTOR AKOLA_IDA)","ANUP SANJAY DHOTRE","AKOLA","Construction of Cement Road at Amboda from house of Anil Sawarkar to house of Anil Deshmukh","31-Mar-2025","17-Jun-2025","987534","Physical Inspection"
"198","Normal/Others","WS/MP18111/2025-2026/187068-Construction of roads, link roads, pathways or any other road with or without drainage system","Maharashtra","AKOLA(DISTRICT COLLECTOR AKOLA_IDA)","ANUP SANJAY DHOTRE","AKOLA","Construction of Cement Road at Mundgaon from house of Pradip Sable to Nitin Gadge house.","31-Mar-2025","17-Jun-2025","987455","Physical Inspection"
"199","Normal/Others","WS/MP18111/2025-2026/187074-Construction of roads, link roads, pathways or any other road with or without drainage system","Maharashtra","AKOLA(DISTRICT COLLECTOR AKOLA_IDA)","ANUP SANJAY DHOTRE","AKOLA","Construction of Cement Road at Patur Jirayat  Shikshak Colony from house of Sanjay Patil to house of Devidas Adolkar","31-Mar-2025","01-Dec-2025","990061","Physical Inspection"
"200","Normal/Others","WS/MP18111/2025-2026/187078-Construction of roads, link roads, pathways or any other road with or without drainage system","Maharashtra","AKOLA(DISTRICT COLLECTOR AKOLA_IDA)","ANUP SANJAY DHOTRE","AKOLA","Construction of Cement Road at Ghota from house of Pandhari Donode to house of Dinkar Tawade","31-Mar-2025","17-Jun-2025","986977","Physical Inspection"
"201","Normal/Others","WS/MP18111/2025-2026/187082-Construction of roads, link roads, pathways or any other road with or without drainage system","Maharashtra","AKOLA(DISTRICT COLLECTOR AKOLA_IDA)","ANUP SANJAY DHOTRE","AKOLA","Construction of Cement Road at Rajanda from Shivaji Maharaj Chowk to Bandu Kaldate house to Gurudev Chowk","31-Mar-2025","17-Jun-2025","983626","Physical Inspection"
"202","Normal/Others","WS/MP18111/2025-2026/187087-Construction of roads, link roads, pathways or any other road with or without drainage system","Maharashtra","AKOLA(DISTRICT COLLECTOR AKOLA_IDA)","ANUP SANJAY DHOTRE","AKOLA","Construction of Cement Road at Jalalabad from house of Prafulla Vasant Thorat to Mungsaji Maharaj Mandir","31-Mar-2025","17-Jun-2025","986905","Physical Inspection"
"203","Normal/Others","WS/MP18111/2025-2026/187088-Construction of roads, link roads, pathways or any other road with or without drainage system","Maharashtra","AKOLA(DISTRICT COLLECTOR AKOLA_IDA)","ANUP SANJAY DHOTRE","AKOLA","Construction of Cement Road at Vadgaon from Durga Devi Mandir to house of Kishor Nilkhan","31-Mar-2025","17-Jun-2025","986743","Physical Inspection"
"204","Normal/Others","WS/MP18111/2025-2026/187508-Construction of roads, link roads, pathways or any other road with or without drainage system","Maharashtra","AKOLA(DISTRICT COLLECTOR AKOLA_IDA)","ANUP SANJAY DHOTRE","AKOLA","Construction of Cement Road at Talegaon Bajar from Gordha Road to Pundlik Mohe house","31-Mar-2025","22-Nov-2025","985973","Physical Inspection"
"205","Normal/Others","WS/MP18111/2025-2026/187509-Construction of roads, link roads, pathways or any other road with or without drainage system","Maharashtra","AKOLA(DISTRICT COLLECTOR AKOLA_IDA)","ANUP SANJAY DHOTRE","AKOLA","Construction of Cement Road at Khaparkhed from house of Balu Pote to house of Daberao","31-Mar-2025","07-Aug-2025","958282","Physical Inspection"
"206","Normal/Others","WS/MP18111/2025-2026/187100-Construction of roads, link roads, pathways or any other road with or without drainage system","Maharashtra","AKOLA(DISTRICT COLLECTOR AKOLA_IDA)","ANUP SANJAY DHOTRE","AKOLA","Construction of Cement Road at Bhamberi from house of Manohar Umale to house of Gajanan Wankhade","31-Mar-2025","10-Oct-2025","988046","Physical Inspection"
"207","Normal/Others","WS/MP18111/2025-2026/187101-Construction of roads, link roads, pathways or any other road with or without drainage system","Maharashtra","AKOLA(DISTRICT COLLECTOR AKOLA_IDA)","ANUP SANJAY DHOTRE","AKOLA","Construction of Cement Road at Nimbha from house of Jugalkishor Kedia to house of Umesh Kule","31-Mar-2025","17-Jun-2025","970750","Physical Inspection"
"208","Normal/Others","WS/MP18111/2025-2026/187104-Construction of roads, link roads, pathways or any other road with or without drainage system","Maharashtra","AKOLA(DISTRICT COLLECTOR AKOLA_IDA)","ANUP SANJAY DHOTRE","AKOLA","Construction of Cement Road at Nimbhora from house of Dayaram Vasatkar to house of Pankaj Kale","31-Mar-2025","25-Aug-2025","987554","Physical Inspection"
"209","Normal/Others","WS/MP18111/2025-2026/187111-Construction of roads, link roads, pathways or any other road with or without drainage system","Maharashtra","AKOLA(DISTRICT COLLECTOR AKOLA_IDA)","ANUP SANJAY DHOTRE","AKOLA","Construction of Cement Road at Rustamabad from house of Balkrushna Kakad to house of Shriram Tupwade","31-Mar-2025","17-Jun-2025","987502","Physical Inspection"
"210","Normal/Others","WS/MP18111/2025-2026/187113-Construction of roads, link roads, pathways or any other road with or without drainage system","Maharashtra","AKOLA(DISTRICT COLLECTOR AKOLA_IDA)","ANUP SANJAY DHOTRE","AKOLA","Construction of Cement Road at Kanheri Sarap from house of Amol Bhatkhede to Dnyaneshwar Gondal house","31-Mar-2025","17-Jun-2025","986385","Physical Inspection"
"211","Normal/Others","WS/MP18111/2025-2026/187116-Construction of roads, link roads, pathways or any other road with or without drainage system","Maharashtra","AKOLA(DISTRICT COLLECTOR AKOLA_IDA)","ANUP SANJAY DHOTRE","AKOLA","Construction of Cement Road at Bori from house of Ganeshrao Shanware to house of Narayanrao Bawaskar","31-Mar-2025","13-Feb-2026","986782","Physical Inspection"
"212","Normal/Others","WS/MP18111/2025-2026/187118-Construction of roads, link roads, pathways or any other road with or without drainage system","Maharashtra","AKOLA(DISTRICT COLLECTOR AKOLA_IDA)","ANUP SANJAY DHOTRE","AKOLA","Construction of Cement Road at kotha from Gajanan Maharaj Mandir to Gram Panchayat","31-Mar-2025","29-Jan-2026","984714","Physical Inspection"
"213","Normal/Others","WS/MP18111/2025-2026/187119-Construction of roads, link roads, pathways or any other road with or without drainage system","Maharashtra","AKOLA(DISTRICT COLLECTOR AKOLA_IDA)","ANUP SANJAY DHOTRE","AKOLA","Construction of Cement Road at Sawara from house of Ramrao Nage to Aasara Mata Mandir","31-Mar-2025","15-Oct-2025","981707","Physical Inspection"
"214","Normal/Others","WS/MP18111/2026-2027/187511-Construction of roads, link roads, pathways or any other road with or without drainage system","Maharashtra","AKOLA(DISTRICT COLLECTOR AKOLA_IDA)","ANUP SANJAY DHOTRE","AKOLA","Construction of Cement Road at Kurankhed from Mahadeo Mandir to house of Umesh Ingale and House of Subhash Malani to Main Road","31-Mar-2025","22-Apr-2026","1000000","Work Completed"
"215","Normal/Others","WS/MP18111/2025-2026/187532-Construction of roads, link roads, pathways or any other road with or without drainage system","Maharashtra","AKOLA(DISTRICT COLLECTOR AKOLA_IDA)","ANUP SANJAY DHOTRE","AKOLA","Providing Paver blocks from the house of Keshavrao Tathod to house of Baburao Khole","31-Mar-2025","17-Jun-2025","970977","Physical Inspection"
"216","Normal/Others","WS/MP18111/2025-2026/187534-Construction of roads, link roads, pathways or any other road with or without drainage system","Maharashtra","AKOLA(DISTRICT COLLECTOR AKOLA_IDA)","ANUP SANJAY DHOTRE","AKOLA","Construction of Cement Road at Karla from Aanganwadi to house of Anil Baburao Bajare","31-Mar-2025","17-Jun-2025","987005","Physical Inspection"
"217","Normal/Others","WS/MP18111/2025-2026/187541-Construction of roads, link roads, pathways or any other road with or without drainage system","Maharashtra","AKOLA(DISTRICT COLLECTOR AKOLA_IDA)","ANUP SANJAY DHOTRE","AKOLA","Construction of Tar Road in Prabhag 15 Adarsh Colony from Balaji Medical to Dr Awade clinic","31-Mar-2025","04-Dec-2025","1000000","Work Completed"
"218","Normal/Others","WS/MP18111/2025-2026/187543-Construction of roads, link roads, pathways or any other road with or without drainage system","Maharashtra","AKOLA(DISTRICT COLLECTOR AKOLA_IDA)","ANUP SANJAY DHOTRE","AKOLA","Constructionof Tar Road at Prabhag 20 from Ring road to house of Shri Dhole","31-Mar-2025","04-Dec-2025","992728","Physical Inspection"
"219","Normal/Others","WS/MP18111/2026-2027/187510-Construction of public libraries and reading rooms","Maharashtra","AKOLA(DISTRICT COLLECTOR AKOLA_IDA)","ANUP SANJAY DHOTRE","AKOLA","Construction of Community Hall on Corporation land at Prbhag 8 in the premises of Vishwakarma Mandir behind Nana Mangalam","31-Mar-2025","25-Aug-2026","1200000","Sanction"
"220","Normal/Others","WS/MP18111/2026-2027/273222-Construction of community centers and community halls","Maharashtra","AKOLA(DISTRICT COLLECTOR AKOLA_IDA)","ANUP SANJAY DHOTRE","AKOLA","Construction of community hall at Kherda Bu on GP Land","11-Mar-2026","19-Aug-2026","1000000","Work partially Completed"
"221","Normal/Others","WS/MP18111/2026-2027/273185-Construction of community centers and community halls","Maharashtra","AKOLA(DISTRICT COLLECTOR AKOLA_IDA)","ANUP SANJAY DHOTRE","AKOLA","Construction of community hall at Kinkhed near Mahadeo Mandir","11-Mar-2026","25-Aug-2026","1000000","Sanction"
"222","Normal/Others","WS/MP18111/2026-2027/273186-Construction of community centers and community halls","Maharashtra","AKOLA(DISTRICT COLLECTOR AKOLA_IDA)","ANUP SANJAY DHOTRE","AKOLA","Construction of community hall at Muramba Near Gajanan Maharaj Mandir","11-Mar-2026","25-Aug-2026","1000000","Sanction"
"223","Normal/Others","WS/MP18111/2026-2027/273187-Construction of community centers and community halls","Maharashtra","AKOLA(DISTRICT COLLECTOR AKOLA_IDA)","ANUP SANJAY DHOTRE","AKOLA","Construction of community hall at Varangaon on GP land","11-Mar-2026","27-May-2026","1500000","Sanction"
"224","Normal/Others","WS/MP18111/2026-2027/269031-Construction of community centers and community halls","Maharashtra","AKOLA(DISTRICT COLLECTOR AKOLA_IDA)","ANUP SANJAY DHOTRE","AKOLA","Construction of Community Hall on GP Land at Dongargaon","24-Feb-2026","22-Apr-2026","1000000","Sanction"
"225","Normal/Others","WS/MP18111/2026-2027/269049-Construction of community centers and community halls","Maharashtra","AKOLA(DISTRICT COLLECTOR AKOLA_IDA)","ANUP SANJAY DHOTRE","AKOLA","Construction of Community Hall at Jitapur Khedkar on GP Land","24-Feb-2026","25-Aug-2026","1500000","Sanction"
"226","Normal/Others","WS/MP18111/2026-2027/269051-Construction of community centers and community halls","Maharashtra","AKOLA(DISTRICT COLLECTOR AKOLA_IDA)","ANUP SANJAY DHOTRE","AKOLA","Construction of Community Hall near ZP School at Lonsana","24-Feb-2026","25-Aug-2026","1500000","Sanction"
"227","Normal/Others","WS/MP18111/2026-2027/188383-Construction of community centers and community halls","Maharashtra","AKOLA(DISTRICT COLLECTOR AKOLA_IDA)","ANUP SANJAY DHOTRE","AKOLA","Construction of Community Hall on Gram Panchayat Land at Hirpur","31-Mar-2025","27-May-2026","1000000","Sanction"
"228","Normal/Others","WS/MP18111/2026-2027/188395-Construction of community centers and community halls","Maharashtra","AKOLA(DISTRICT COLLECTOR AKOLA_IDA)","ANUP SANJAY DHOTRE","AKOLA","Construction of Community Hall at Ujaleshwar on Gram Panchayat Land","31-Mar-2025","22-Apr-2026","1000000","Sanction"
"229","Normal/Others","WS/MP18111/2026-2027/188396-Construction of community centers and community halls","Maharashtra","AKOLA(DISTRICT COLLECTOR AKOLA_IDA)","ANUP SANJAY DHOTRE","AKOLA","Construction of Community Hall at Sherwadi in Scheduled Tribe Locality","31-Mar-2025","22-Apr-2026","1000000","Sanction"
"230","Normal/Others","WS/MP18111/2026-2027/188397-Construction of community centers and community halls","Maharashtra","AKOLA(DISTRICT COLLECTOR AKOLA_IDA)","ANUP SANJAY DHOTRE","AKOLA","Construction of Community Hall on Gram Panchyat Land near Hanuman Mandir at Mangul","31-Mar-2025","22-Apr-2026","1000000","Sanction"
"231","Normal/Others","WS/MP18111/2026-2027/188362-Construction of community centers and community halls","Maharashtra","AKOLA(DISTRICT COLLECTOR AKOLA_IDA)","ANUP SANJAY DHOTRE","AKOLA","Construction of Community Hall at Hiwarkhed near Shankar Sansthan on Gram Panchayat Land","31-Mar-2025","03-Apr-2026","1500000","Work partially Completed"
"232","Normal/Others","WS/MP18111/2025-2026/187103-Construction of community centers and community halls","Maharashtra","AKOLA(DISTRICT COLLECTOR AKOLA_IDA)","ANUP SANJAY DHOTRE","AKOLA","Construction of Community Hall at Dhanora Tribal locality","31-Mar-2025","12-Jan-2026","984417","Physical Inspection"
"233","Normal/Others","WS/MP18111/2025-2026/187092-Construction of community centers and community halls","Maharashtra","AKOLA(DISTRICT COLLECTOR AKOLA_IDA)","ANUP SANJAY DHOTRE","AKOLA","Construction of Community Hall on Gram Panchayat land at Piwandal Bk.","31-Mar-2025","26-Feb-2026","1000000","Work partially Completed"
"234","Normal/Others","WS/MP18111/2026-2027/187537-Construction of community centers and community halls","Maharashtra","AKOLA(DISTRICT COLLECTOR AKOLA_IDA)","ANUP SANJAY DHOTRE","AKOLA","Construction of Community Hall at Nage Layout Hanuman Mandir area Khadan Kaulkhed on Corporation land","31-Mar-2025","25-Aug-2026","1000000","Sanction"
"235","Normal/Others","WS/MP18111/2025-2026/177808-Construction of community centers and community halls","Maharashtra","AKOLA(DISTRICT COLLECTOR AKOLA_IDA)","ANUP SANJAY DHOTRE","AKOLA","Construction of Community Hall near Gajanan Maharaj Mandir at Bhendimahal","31-Mar-2025","01-Oct-2025","985659","Physical Inspection"
"236","Normal/Others","WS/MP18111/2026-2027/143961-Construction of community centers and community halls","Maharashtra","AKOLA(DISTRICT COLLECTOR AKOLA_IDA)","ANUP SANJAY DHOTRE","AKOLA","Construction of Community hall at Matang Vasti Kaulkhed Bahadalpur","31-Mar-2025","22-Apr-2026","1000000","Sanction"
"237","Normal/Others","WS/MP18111/2026-2027/224225-Construction of roads, link roads, pathways or any other road with or without drainage system","Maharashtra","AKOLA(DISTRICT COLLECTOR AKOLA_IDA)","ANUP SANJAY DHOTRE","AKOLA","Construction of Cement Road in Scheduled Cast Locality at Dhamana from house of Shaligram Chavan to house of Tejrao Patil","07-Aug-2025","19-May-2026","550000","Physical Inspection"
"238","Normal/Others","WS/MP18111/2026-2027/278212-Construction of roads, link roads, pathways or any other road with or without drainage system","Maharashtra","AKOLA(DISTRICT COLLECTOR AKOLA_IDA)","ANUP SANJAY DHOTRE","AKOLA","Construction of Cement Road at Vizora from house of Suresh Ingale to house of Ramrao Gawai.","21-Apr-2026","25-Aug-2026","1000000","Sanction"
"239","Normal/Others","WS/MP18111/2026-2027/278371-Construction of roads, link roads, pathways or any other road with or without drainage system","Maharashtra","AKOLA(DISTRICT COLLECTOR AKOLA_IDA)","ANUP SANJAY DHOTRE","AKOLA","Construction of Cement Road at Manabda from house of Eknath Bangar to ZP School.","21-Apr-2026","25-Aug-2026","1000000","Sanction"
"240","Normal/Others","WS/MP18111/2026-2027/273202-Construction of roads, link roads, pathways or any other road with or without drainage system","Maharashtra","AKOLA(DISTRICT COLLECTOR AKOLA_IDA)","ANUP SANJAY DHOTRE","AKOLA","Construction of cement Road at Durgwada from house of Gopalrao Vitthalrao Navghare  to house of Lilabai Babanrao Dahihandekar","11-Mar-2026","16-Jul-2026","1000000","Work partially Completed"
"241","Normal/Others","WS/MP18111/2026-2027/276689-Construction of roads, link roads, pathways or any other road with or without drainage system","Maharashtra","AKOLA(DISTRICT COLLECTOR AKOLA_IDA)","ANUP SANJAY DHOTRE","AKOLA","Construction of Cement road from Ganesh Kokne to Jaibai Chakranarayan house.","09-Apr-2026","16-Jul-2026","1000000","Vendor Identification"
"242","Normal/Others","WS/MP18111/2026-2027/276690-Construction of roads, link roads, pathways or any other road with or without drainage system","Maharashtra","AKOLA(DISTRICT COLLECTOR AKOLA_IDA)","ANUP SANJAY DHOTRE","AKOLA","Construction of Cement Road from houses of Vitthal Shejokar to Haribhau Katane to Haribhau Shejokar","06-Apr-2026","03-Sep-2026","1000000","Work partially Completed"
"243","Normal/Others","WS/MP18111/2026-2027/276691-Construction of roads, link roads, pathways or any other road with or without drainage system","Maharashtra","AKOLA(DISTRICT COLLECTOR AKOLA_IDA)","ANUP SANJAY DHOTRE","AKOLA","Construction of Cement Road at Khanapur from house of Shantaram Bhosale to house of Ganesh Pawar","09-Apr-2026","25-Aug-2026","950000","Sanction"
"244","Normal/Others","WS/MP18111/2026-2027/276692-Construction of roads, link roads, pathways or any other road with or without drainage system","Maharashtra","AKOLA(DISTRICT COLLECTOR AKOLA_IDA)","ANUP SANJAY DHOTRE","AKOLA","Construction of cement road  from house of Nandabai Vishwanath Shinde to house of Shankar Murkute","09-Apr-2026","25-Aug-2026","950000","Sanction"
"245","Normal/Others","WS/MP18111/2026-2027/269040-Crematoriums/energy efficient crematoriums or structures on burial/cremation ground","Maharashtra","AKOLA(DISTRICT COLLECTOR AKOLA_IDA)","ANUP SANJAY DHOTRE","AKOLA","Construction of Crematorium at Adgaon.","24-Feb-2026","22-Apr-2026","1000000","Sanction"
"246","Normal/Others","WS/MP18112/2025-2026/188607-Crematoriums/energy efficient crematoriums or structures on burial/cremation ground","Maharashtra","AMRAVATI(DISTRICT COLLECTOR AMRAVATI_IDA)","BALWANT BASWANT WANKHADE","AMRAVATI(SC)","construction of crematoriums at ratnapur (kapustalni) ta. anjangav surji","01-Apr-2025","06-Aug-2025","700000","Work Completed"
"247","Normal/Others","WS/MP18112/2024-2025/136975-Crematoriums/energy efficient crematoriums or structures on burial/cremation ground","Maharashtra","AMRAVATI(DISTRICT COLLECTOR AMRAVATI_IDA)","BALWANT BASWANT WANKHADE","AMRAVATI(SC)","Construction Of Cremation Shed At Dighi Ta. Daryapur Dist Amravati","25-Aug-2024","14-Oct-2024","600000","Work Completed"
"248","Normal/Others","WS/MP18112/2024-2025/136982-Crematoriums/energy efficient crematoriums or structures on burial/cremation ground","Maharashtra","AMRAVATI(DISTRICT COLLECTOR AMRAVATI_IDA)","BALWANT BASWANT WANKHADE","AMRAVATI(SC)","Construction of cremation shed at Wadura Ta. Daryapur Dist Amravati","25-Aug-2024","14-Oct-2024","600000","Sanction"
"249","Normal/Others","WS/MP18112/2024-2025/136983-Crematoriums/energy efficient crematoriums or structures on burial/cremation ground","Maharashtra","AMRAVATI(DISTRICT COLLECTOR AMRAVATI_IDA)","BALWANT BASWANT WANKHADE","AMRAVATI(SC)","Construction of cremation shed at Lotwada Ta. Daryapur Dist Amravati","25-Aug-2024","13-Dec-2024","600000","Work partially Completed"
"250","Normal/Others","WS/MP18112/2025-2026/188584-Construction of boundary walls of existing public and community buildings","Maharashtra","AMRAVATI(DISTRICT COLLECTOR AMRAVATI_IDA)","BALWANT BASWANT WANKHADE","AMRAVATI(SC)","Construction of a wall compound at Gram Panchayat Fubagaon Taluka Chandur ward no 2","01-Apr-2025","06-Aug-2025","1000000","Vendor Identification"
"251","Normal/Others","WS/MP18112/2024-2025/136716-Construction of boundary walls of existing public and community buildings","Maharashtra","AMRAVATI(DISTRICT COLLECTOR AMRAVATI_IDA)","BALWANT BASWANT WANKHADE","AMRAVATI(SC)","CONSTRUCTION OF BOUNDRY WALL AT KOTAMI GRAAMPANCHAYAT DAHENDRI TAQ. CHIKHALDARA DIST AMRAVATI","21-Aug-2024","21-Jan-2025","1000000","Work Completed"
"252","Normal/Others","WS/MP18112/2024-2025/136992-Construction of boundary walls of existing public and community buildings","Maharashtra","AMRAVATI(DISTRICT COLLECTOR AMRAVATI_IDA)","BALWANT BASWANT WANKHADE","AMRAVATI(SC)","Construction Of Boundry Wall Near Ekvira English School , Chandur Ta. Daryapur Dist Amravati","25-Aug-2024","13-Dec-2024","2000000","Physical Inspection"
"253","Normal/Others","WS/MP18112/2026-2027/164651-Construction of boundary walls of existing public and community buildings","Maharashtra","AMRAVATI(DISTRICT COLLECTOR AMRAVATI_IDA)","BALWANT BASWANT WANKHADE","AMRAVATI(SC)","construction of boundry wall at samarth nagar , anjangaon surji","09-Jan-2025","08-Jul-2026","500000","Work partially Completed"
"254","Normal/Others","WS/MP18112/2025-2026/188589-Construction of boundary walls of existing public and community buildings","Maharashtra","AMRAVATI(DISTRICT COLLECTOR AMRAVATI_IDA)","BALWANT BASWANT WANKHADE","AMRAVATI(SC)","Construction of a  Wall compound at Gram Panchayat sawali datura , kheltapmali , sanchit vihar  Taluka achalpur","01-Apr-2025","06-Aug-2025","961000","Work Completed"
"255","Normal/Others","WS/MP18112/2025-2026/188616-Construction of boundary walls of existing public and community buildings","Maharashtra","AMRAVATI(DISTRICT COLLECTOR AMRAVATI_IDA)","BALWANT BASWANT WANKHADE","AMRAVATI(SC)","construction of wall compound at ward no 8 , near neharu statue , anjangaon surji","01-Apr-2025","18-Aug-2025","1200000","Work Completed"
"256","Normal/Others","WS/MP18112/2025-2026/188633-Construction of boundary walls of existing public and community buildings","Maharashtra","AMRAVATI(DISTRICT COLLECTOR AMRAVATI_IDA)","BALWANT BASWANT WANKHADE","AMRAVATI(SC)","construction of wall compound at neharu statue area under municiple corporation daryapur","01-Apr-2025","18-Aug-2025","1200000","Vendor Identification"
"257","Normal/Others","WS/MP18112/2025-2026/188842-Construction of boundary walls of existing public and community buildings","Maharashtra","AMRAVATI(DISTRICT COLLECTOR AMRAVATI_IDA)","BALWANT BASWANT WANKHADE","AMRAVATI(SC)","construction of retaining wall at darga masjid area , daryapur","07-Apr-2025","18-Aug-2025","1500000","Work partially Completed"
"258","Normal/Others","WS/MP18112/2025-2026/189005-Construction of boundary walls of existing public and community buildings","Maharashtra","AMRAVATI(DISTRICT COLLECTOR AMRAVATI_IDA)","BALWANT BASWANT WANKHADE","AMRAVATI(SC)","construction of boundry wall at oinjare kabrasthan area , walgaon ta amravati","07-Apr-2025","18-Aug-2025","1000000","Work partially Completed"
"259","Normal/Others","WS/MP18112/2025-2026/205148-Construction of boundary walls of existing public and community buildings","Maharashtra","AMRAVATI(DISTRICT COLLECTOR AMRAVATI_IDA)","BALWANT BASWANT WANKHADE","AMRAVATI(SC)","Construction of wall compound at sawarkhed ta morshi near Samaj Mandir in Ward No. 1","03-Jun-2025","06-Feb-2026","1000000","Work partially Completed"
"260","Normal/Others","WS/MP18112/2025-2026/199853-Construction of boundary walls of existing public and community buildings","Maharashtra","AMRAVATI(DISTRICT COLLECTOR AMRAVATI_IDA)","BALWANT BASWANT WANKHADE","AMRAVATI(SC)","Construction of boundy wall at ward no 6 , near idgah at shirajgaon kasaba ta. chandur bajar","19-May-2025","06-Aug-2025","960000","Work Completed"
"261","Normal/Others","WS/MP18112/2025-2026/233018-Construction of boundary walls of existing public and community buildings","Maharashtra","AMRAVATI(DISTRICT COLLECTOR AMRAVATI_IDA)","BALWANT BASWANT WANKHADE","AMRAVATI(SC)","Construction of protective wall on the drains in front of the rural hospital at Churni Taluka Chikhaldara.","16-Sep-2025","12-Mar-2026","1000000","Vendor Identification"
"262","Normal/Others","WS/MP18112/2025-2026/233020-Construction of boundary walls of existing public and community buildings","Maharashtra","AMRAVATI(DISTRICT COLLECTOR AMRAVATI_IDA)","BALWANT BASWANT WANKHADE","AMRAVATI(SC)","Construction of wall pound in Anganwadi area at bhandora ta chikhaldara","16-Sep-2025","06-Feb-2026","1000000","Sanction"
"263","Normal/Others","WS/MP18112/2025-2026/233021-Construction of boundary walls of existing public and community buildings","Maharashtra","AMRAVATI(DISTRICT COLLECTOR AMRAVATI_IDA)","BALWANT BASWANT WANKHADE","AMRAVATI(SC)","Construction of a protective wall near Pola Hanuman Temple in Chikhaldara.","16-Sep-2025","06-Feb-2026","1000000","Vendor Identification"
"264","Normal/Others","WS/MP18112/2025-2026/233585-Construction of boundary walls of existing public and community buildings","Maharashtra","AMRAVATI(DISTRICT COLLECTOR AMRAVATI_IDA)","BALWANT BASWANT WANKHADE","AMRAVATI(SC)","Construction of a compound for a cemetery at Kawatha Bahale Taluka Bhatakuli.","13-Sep-2025","06-Feb-2026","1000000","Vendor Identification"
"265","Normal/Others","WS/MP18112/2025-2026/243544-Construction of boundary walls of existing public and community buildings","Maharashtra","AMRAVATI(DISTRICT COLLECTOR AMRAVATI_IDA)","BALWANT BASWANT WANKHADE","AMRAVATI(SC)","Construction of wall compound at Banosa Memon Jamaat graveyard area under N.P. Daryapur.","24-Oct-2025","28-Oct-2025","1000000","Work Completed"
"266","Normal/Others","WS/MP18112/2025-2026/236488-Purchase of smart boards, visual display units and projectors","Maharashtra","AMRAVATI(DISTRICT COLLECTOR AMRAVATI_IDA)","BALWANT BASWANT WANKHADE","AMRAVATI(SC)","Establish Digital School At sidharth  College paratwada","24-Oct-2025","06-Feb-2026","331000","Work Completed"
"267","Normal/Others","WS/MP18112/2025-2026/236489-Purchase of smart boards, visual display units and projectors","Maharashtra","AMRAVATI(DISTRICT COLLECTOR AMRAVATI_IDA)","BALWANT BASWANT WANKHADE","AMRAVATI(SC)","establish smart room at sidharth school paratwada","24-Oct-2025","06-Feb-2026","331000","Work Completed"
"268","Normal/Others","WS/MP18112/2025-2026/233588-Purchase of smart boards, visual display units and projectors","Maharashtra","AMRAVATI(DISTRICT COLLECTOR AMRAVATI_IDA)","BALWANT BASWANT WANKHADE","AMRAVATI(SC)","Establish digital class room at adarsh high school and junior college , daryapur","13-Sep-2025","06-Feb-2026","331000","Work Completed"
"269","Normal/Others","WS/MP18112/2025-2026/233589-Purchase of smart boards, visual display units and projectors","Maharashtra","AMRAVATI(DISTRICT COLLECTOR AMRAVATI_IDA)","BALWANT BASWANT WANKHADE","AMRAVATI(SC)","Establish Digital Classroom at Ratnabai Rathi Highschool , Daryapur","13-Sep-2025","06-Feb-2026","331000","Work Completed"
"270","Normal/Others","WS/MP18112/2025-2026/233595-Purchase of smart boards, visual display units and projectors","Maharashtra","AMRAVATI(DISTRICT COLLECTOR AMRAVATI_IDA)","BALWANT BASWANT WANKHADE","AMRAVATI(SC)","Establish digital class room at late baburao kuberkar high school , saroj colony , amravati","13-Sep-2025","06-Feb-2026","331000","Work Completed"
"271","Normal/Others","WS/MP18112/2025-2026/233599-Purchase of smart boards, visual display units and projectors","Maharashtra","AMRAVATI(DISTRICT COLLECTOR AMRAVATI_IDA)","BALWANT BASWANT WANKHADE","AMRAVATI(SC)","establish digital classroom at bhartiya mahavidyalay rajapeth  amravati","13-Sep-2025","06-Feb-2026","331000","Work Completed"
"272","Normal/Others","WS/MP18112/2025-2026/233600-Purchase of smart boards, visual display units and projectors","Maharashtra","AMRAVATI(DISTRICT COLLECTOR AMRAVATI_IDA)","BALWANT BASWANT WANKHADE","AMRAVATI(SC)","establish digital classroom  at z.p. primary school dehani ta tiosa","13-Sep-2025","06-Feb-2026","331000","Work Completed"
"273","Normal/Others","WS/MP18112/2025-2026/259047-Purchase of smart boards, visual display units and projectors","Maharashtra","AMRAVATI(DISTRICT COLLECTOR AMRAVATI_IDA)","BALWANT BASWANT WANKHADE","AMRAVATI(SC)","installing digital room at Shivaji Multipurpose Secondary and Higher Secondary School, Panchavati, Amravati.","13-Jan-2026","06-Feb-2026","331000","Work Completed"
"274","Normal/Others","WS/MP18112/2025-2026/200115-Purchase of sports equipment","Maharashtra","AMRAVATI(DISTRICT COLLECTOR AMRAVATI_IDA)","BALWANT BASWANT WANKHADE","AMRAVATI(SC)","Providing equipment in the gym at Janak Residency, Navi Wasti Badnera.","19-May-2025","18-Sep-2025","500000","Work Completed"
"275","Normal/Others","WS/MP18112/2025-2026/233413-Construction of roads, link roads, pathways or any other road with or without drainage system","Maharashtra","AMRAVATI(DISTRICT COLLECTOR AMRAVATI_IDA)","BALWANT BASWANT WANKHADE","AMRAVATI(SC)","construction of road  from juber maulan house to gausiya masjid at wrd no 6 taranagr achalpur","16-Sep-2025","20-Mar-2026","1000000","Vendor Identification"
"276","Normal/Others","WS/MP18112/2025-2026/233410-Construction of roads, link roads, pathways or any other road with or without drainage system","Maharashtra","AMRAVATI(DISTRICT COLLECTOR AMRAVATI_IDA)","BALWANT BASWANT WANKHADE","AMRAVATI(SC)","construction of road towards muslim kabrasthan at uparai ta daryapur","16-Sep-2025","06-Feb-2026","1000000","Vendor Identification"
"277","Normal/Others","WS/MP18112/2025-2026/243760-Construction of roads, link roads, pathways or any other road with or without drainage system","Maharashtra","AMRAVATI(DISTRICT COLLECTOR AMRAVATI_IDA)","BALWANT BASWANT WANKHADE","AMRAVATI(SC)","Construction of roads leading to tribal settlements at Fatehpur Taluka Tivasa under Gram Panchayat Shivangaon.","29-Oct-2025","06-Feb-2026","1000000","Work partially Completed"
"278","Normal/Others","WS/MP18112/2026-2027/243762-Construction of roads, link roads, pathways or any other road with or without drainage system","Maharashtra","AMRAVATI(DISTRICT COLLECTOR AMRAVATI_IDA)","BALWANT BASWANT WANKHADE","AMRAVATI(SC)","Construction of a road from Ravindra Aware house to the main road, from Prahlad Kothe house to Avinash Gatphane to the water tank in Nandura Pinglai Taluka Amravati.","29-Oct-2025","08-Sep-2026","1000000","Sanction"
"279","Normal/Others","WS/MP18112/2025-2026/233391-Construction of roads, link roads, pathways or any other road with or without drainage system","Maharashtra","AMRAVATI(DISTRICT COLLECTOR AMRAVATI_IDA)","BALWANT BASWANT WANKHADE","AMRAVATI(SC)","installing peving block near panchshil zenda at kalgavhan ta anjangaon surji","16-Sep-2025","06-Feb-2026","500000","Vendor Identification"
"280","Normal/Others","WS/MP18112/2025-2026/232683-Construction of roads, link roads, pathways or any other road with or without drainage system","Maharashtra","AMRAVATI(DISTRICT COLLECTOR AMRAVATI_IDA)","BALWANT BASWANT WANKHADE","AMRAVATI(SC)","Construction of road from Gajanan Rahate house to Pramod Rahate house at isegaon Achalpur.","16-Sep-2025","06-Feb-2026","700000","Sanction"
"281","Normal/Others","WS/MP18112/2025-2026/232957-Construction of roads, link roads, pathways or any other road with or without drainage system","Maharashtra","AMRAVATI(DISTRICT COLLECTOR AMRAVATI_IDA)","BALWANT BASWANT WANKHADE","AMRAVATI(SC)","construction of drain from bajrangbali mandir to ramesh jambu house at sonapur ta. chikhaldara","16-Sep-2025","06-Feb-2026","1000000","Sanction"
"282","Normal/Others","WS/MP18112/2025-2026/213855-Installing tube-wells and borewells","Maharashtra","AMRAVATI(DISTRICT COLLECTOR AMRAVATI_IDA)","BALWANT BASWANT WANKHADE","AMRAVATI(SC)","Installation of Borewell at prabhag no 8 near swimming pool jog stadium , amraavti","01-Jul-2025","09-Oct-2025","119000","Sanction"
"283","Normal/Others","WS/MP18112/2025-2026/213864-Installing tube-wells and borewells","Maharashtra","AMRAVATI(DISTRICT COLLECTOR AMRAVATI_IDA)","BALWANT BASWANT WANKHADE","AMRAVATI(SC)","Installation of borewell in front of Jaware house at Rahul Nagar prabhag no 8 , amravati","01-Jul-2025","09-Oct-2025","119000","Sanction"
"284","Normal/Others","WS/MP18112/2026-2027/164649-Purchase of furniture and fixtures for educational purposes","Maharashtra","AMRAVATI(DISTRICT COLLECTOR AMRAVATI_IDA)","BALWANT BASWANT WANKHADE","AMRAVATI(SC)","Installation of furniture in the library in front of Sangai School under Nagar Parishad Anjangaon Surji","09-Jan-2025","08-Jul-2026","500000","Work partially Completed"
"285","Normal/Others","WS/MP18112/2025-2026/200117-Installing tube-wells and borewells","Maharashtra","AMRAVATI(DISTRICT COLLECTOR AMRAVATI_IDA)","BALWANT BASWANT WANKHADE","AMRAVATI(SC)","Installing tube-wells and borewells at kumbharwada , bahirambaba area near vijay atalkar house","19-May-2025","09-Oct-2025","99000","Sanction"
"286","Normal/Others","WS/MP18112/2025-2026/200111-Installing tube-wells and borewells","Maharashtra","AMRAVATI(DISTRICT COLLECTOR AMRAVATI_IDA)","BALWANT BASWANT WANKHADE","AMRAVATI(SC)","Installing tube-wells and borewells at  Ward No. 4 Pakija Colony, near the house of Wasim Mechanical.","19-May-2025","09-Oct-2025","99000","Sanction"
"287","Normal/Others","WS/MP18112/2025-2026/200112-Installing tube-wells and borewells","Maharashtra","AMRAVATI(DISTRICT COLLECTOR AMRAVATI_IDA)","BALWANT BASWANT WANKHADE","AMRAVATI(SC)","Installing tube-wells and borewells at Ward No. 14, Budhwara to near the house of Aniket Dhengale.","19-May-2025","09-Oct-2025","99000","Sanction"
"288","Normal/Others","WS/MP18112/2025-2026/200113-Installing tube-wells and borewells","Maharashtra","AMRAVATI(DISTRICT COLLECTOR AMRAVATI_IDA)","BALWANT BASWANT WANKHADE","AMRAVATI(SC)","Installing tube-wells and borewells Ward No. 6, near Gautam Wankhades house in Vilas Nagar","19-May-2025","09-Oct-2025","99000","Sanction"
"289","Normal/Others","WS/MP18112/2025-2026/203654-Installing tube-wells and borewells","Maharashtra","AMRAVATI(DISTRICT COLLECTOR AMRAVATI_IDA)","BALWANT BASWANT WANKHADE","AMRAVATI(SC)","Installing Borewell at prabhag no 2 yogiraj nagar near godawari housing society","03-Jun-2025","09-Oct-2025","124000","Sanction"
"290","Normal/Others","WS/MP18112/2024-2025/136993-Providing drains and gutters for public drainage","Maharashtra","AMRAVATI(DISTRICT COLLECTOR AMRAVATI_IDA)","BALWANT BASWANT WANKHADE","AMRAVATI(SC)","Construction Of Drain From Vishwanath Khope's house near Najma Patel Urdu School , ward no 8 daryapur dist amravati","25-Aug-2024","13-Dec-2024","1000000","Physical Inspection"
"291","Normal/Others","WS/MP18112/2024-2025/164640-Construction of flood control embankments/ protection walls along riverbanks, hilltops, roadsides","Maharashtra","AMRAVATI(DISTRICT COLLECTOR AMRAVATI_IDA)","BALWANT BASWANT WANKHADE","AMRAVATI(SC)","construction of drainage from shahadevrao ingle house to umari men rod at Wadalgavhan Ta. daryapur","09-Jan-2025","28-Mar-2025","1000000","Work Completed"
"292","Normal/Others","WS/MP18112/2025-2026/217109-Construction of roads, link roads, pathways or any other road with or without drainage system","Maharashtra","AMRAVATI(DISTRICT COLLECTOR AMRAVATI_IDA)","BALWANT BASWANT WANKHADE","AMRAVATI(SC)","construction of road at mominpura  from ismail bhai house to ibrahim bal hous at achalpur municiple corporation","11-Jul-2025","18-Aug-2025","700000","Work Completed"
"293","Normal/Others","WS/MP18112/2025-2026/217118-Construction of roads, link roads, pathways or any other road with or without drainage system","Maharashtra","AMRAVATI(DISTRICT COLLECTOR AMRAVATI_IDA)","BALWANT BASWANT WANKHADE","AMRAVATI(SC)","construction of road at manjurpura from zenda to kabir hasi to ahamadbhai house achalpur","11-Jul-2025","18-Aug-2025","700000","Work partially Completed"
"294","Normal/Others","WS/MP18112/2025-2026/217119-Construction of roads, link roads, pathways or any other road with or without drainage system","Maharashtra","AMRAVATI(DISTRICT COLLECTOR AMRAVATI_IDA)","BALWANT BASWANT WANKHADE","AMRAVATI(SC)","construction of road at mughalai chauk , from shahid kirana stoars to babbu bekari achalpur","11-Jul-2025","18-Aug-2025","700000","Physical Inspection"
"295","Normal/Others","WS/MP18112/2025-2026/217148-Construction of roads, link roads, pathways or any other road with or without drainage system","Maharashtra","AMRAVATI(DISTRICT COLLECTOR AMRAVATI_IDA)","BALWANT BASWANT WANKHADE","AMRAVATI(SC)","Instaalation Of peving block at rajebua tempale area darapur ta daryapur","11-Jul-2025","06-Aug-2025","700000","Physical Inspection"
"296","Normal/Others","WS/MP18112/2024-2025/145333-Construction of community centers and community halls","Maharashtra","AMRAVATI(DISTRICT COLLECTOR AMRAVATI_IDA)","BALWANT BASWANT WANKHADE","AMRAVATI(SC)","Construction Of Community Hall at Kalamgavhan Ta. Daryapur near Dr Babasaheb Ambedkar Statue","04-Oct-2024","13-Dec-2024","1500000","Sanction"
"297","Normal/Others","WS/MP18112/2024-2025/136520-Construction of community centers and community halls","Maharashtra","AMRAVATI(DISTRICT COLLECTOR AMRAVATI_IDA)","BALWANT BASWANT WANKHADE","AMRAVATI(SC)","CONSTRUCTION OF COMMUNITY HALL , AT GAGLANI NAGAR , PRABHAG NO 9 AMRAVATI CITY","20-Aug-2024","21-Jan-2025","2000000","Work Completed"
"298","Normal/Others","WS/MP18112/2024-2025/136522-Construction of community centers and community halls","Maharashtra","AMRAVATI(DISTRICT COLLECTOR AMRAVATI_IDA)","BALWANT BASWANT WANKHADE","AMRAVATI(SC)","CONSTRUCTION OF COMMUNITY HALL , AT RAMABAI AMBEDKAR NAGAR , DARYAPUR DIST AMRAVATI","20-Aug-2024","18-Feb-2025","1500000","Physical Inspection"
"299","Normal/Others","WS/MP18112/2024-2025/136532-Construction of community centers and community halls","Maharashtra","AMRAVATI(DISTRICT COLLECTOR AMRAVATI_IDA)","BALWANT BASWANT WANKHADE","AMRAVATI(SC)","CONSTRUCTION COMMUNITY HALL AT  WARD NO 9 WALMIKI NAGAR , DARYAPUR , DIST AMRAVATI","20-Aug-2024","13-Dec-2024","1500000","Work Completed"
"300","Normal/Others","WS/MP18112/2024-2025/136967-Construction of community centers and community halls","Maharashtra","AMRAVATI(DISTRICT COLLECTOR AMRAVATI_IDA)","BALWANT BASWANT WANKHADE","AMRAVATI(SC)","Construction of community hall at landi ta. Daryapur DIst Amravati","25-Aug-2024","14-Oct-2024","1200000","Sanction"
"301","Normal/Others","WS/MP18112/2024-2025/136984-Construction of community centers and community halls","Maharashtra","AMRAVATI(DISTRICT COLLECTOR AMRAVATI_IDA)","BALWANT BASWANT WANKHADE","AMRAVATI(SC)","Construction Of Community Hall At Chincholi Rahimapur (Kh)Ta. Anjangaon Surji Dist Amravati","25-Aug-2024","14-Oct-2024","1500000","Work Completed"
"302","Normal/Others","WS/MP18112/2024-2025/180043-Construction of community centers and community halls","Maharashtra","AMRAVATI(DISTRICT COLLECTOR AMRAVATI_IDA)","BALWANT BASWANT WANKHADE","AMRAVATI(SC)","construction of community hall at parsoda under beskheda grampanchayat ta. chandur bajar","13-Mar-2025","28-Mar-2025","1000000","Sanction"
"303","Normal/Others","WS/MP18112/2024-2025/178885-Construction of community centers and community halls","Maharashtra","AMRAVATI(DISTRICT COLLECTOR AMRAVATI_IDA)","BALWANT BASWANT WANKHADE","AMRAVATI(SC)","Construction of Community Hall at Ward No 6 , Wadner Gangai , ta Daryapur","04-Mar-2025","28-Mar-2025","1000000","Physical Inspection"
"304","Normal/Others","WS/MP18112/2025-2026/177508-Construction of community centers and community halls","Maharashtra","AMRAVATI(DISTRICT COLLECTOR AMRAVATI_IDA)","BALWANT BASWANT WANKHADE","AMRAVATI(SC)","Construction of acommunity hall in Buddha Vihar area at Shevati Jahagir Taluka Amravati","25-Feb-2025","18-Aug-2025","1000000","Work partially Completed"
"305","Normal/Others","WS/MP18112/2025-2026/177509-Construction of community centers and community halls","Maharashtra","AMRAVATI(DISTRICT COLLECTOR AMRAVATI_IDA)","BALWANT BASWANT WANKHADE","AMRAVATI(SC)","Construction of Community hall at   punarvasan  at Deora Shaheed Taluka Amravati","25-Feb-2025","18-Aug-2025","1000000","Sanction"
"306","Normal/Others","WS/MP18112/2025-2026/177510-Construction of community centers and community halls","Maharashtra","AMRAVATI(DISTRICT COLLECTOR AMRAVATI_IDA)","BALWANT BASWANT WANKHADE","AMRAVATI(SC)","Construction of Community hall at  shri datt mandir area at khartalegaon taluka Bhatkuli","25-Feb-2025","18-Aug-2025","2000000","Work Completed"
"307","Normal/Others","WS/MP18112/2025-2026/177511-Construction of community centers and community halls","Maharashtra","AMRAVATI(DISTRICT COLLECTOR AMRAVATI_IDA)","BALWANT BASWANT WANKHADE","AMRAVATI(SC)","Construction of a hall in Ward No. 1 tribal area at Tivasa, Warkhed Taluk","25-Feb-2025","15-May-2025","1000000","Vendor Identification"
"308","Normal/Others","WS/MP18112/2025-2026/177326-Construction of community centers and community halls","Maharashtra","AMRAVATI(DISTRICT COLLECTOR AMRAVATI_IDA)","BALWANT BASWANT WANKHADE","AMRAVATI(SC)","Construction of auditorium on land owned by Gram Panchayat at Gram Panchayat Vaigaon Taluka Bhatakuli near Kashi Vishweshwar Temple area.","25-Feb-2025","06-Aug-2025","1000000","Vendor Identification"
"309","Normal/Others","WS/MP18112/2025-2026/177328-Construction of community centers and community halls","Maharashtra","AMRAVATI(DISTRICT COLLECTOR AMRAVATI_IDA)","BALWANT BASWANT WANKHADE","AMRAVATI(SC)","Construction of a hall on the land owned by Gram Panchayat , Gram Panchayat Ashti Taluka Bhatakuli Dr. Babasaheb Ambedkar Statue Area","25-Feb-2025","06-Aug-2025","1000000","Work partially Completed"
"310","Normal/Others","WS/MP18112/2025-2026/164644-Construction of community centers and community halls","Maharashtra","AMRAVATI(DISTRICT COLLECTOR AMRAVATI_IDA)","BALWANT BASWANT WANKHADE","AMRAVATI(SC)","construction of community hall near sambodhi vihar , sainagar area ,  daryapur","09-Jan-2025","18-Aug-2025","1300000","Work partially Completed"
"311","Normal/Others","WS/MP18112/2024-2025/143947-Construction of community centers and community halls","Maharashtra","AMRAVATI(DISTRICT COLLECTOR AMRAVATI_IDA)","BALWANT BASWANT WANKHADE","AMRAVATI(SC)","Construction Of Community Hall At Hirur Purna Ta. Chandur Bazar","27-Sep-2024","14-Oct-2024","1441000","Work Completed"
"312","Normal/Others","WS/MP18112/2025-2026/188618-Construction of community centers and community halls","Maharashtra","AMRAVATI(DISTRICT COLLECTOR AMRAVATI_IDA)","BALWANT BASWANT WANKHADE","AMRAVATI(SC)","construction of community hall at kalashi ta daryapur","01-Apr-2025","06-Aug-2025","1500000","Vendor Identification"
"313","Normal/Others","WS/MP18112/2025-2026/188619-Construction of community centers and community halls","Maharashtra","AMRAVATI(DISTRICT COLLECTOR AMRAVATI_IDA)","BALWANT BASWANT WANKHADE","AMRAVATI(SC)","construction of community hall at khurchanpur (lehegaon ) ta daryapur","01-Apr-2025","06-Feb-2026","1500000","Work partially Completed"
"314","Normal/Others","WS/MP18112/2025-2026/188591-Construction of community centers and community halls","Maharashtra","AMRAVATI(DISTRICT COLLECTOR AMRAVATI_IDA)","BALWANT BASWANT WANKHADE","AMRAVATI(SC)","Construction of a  Community hall at Gram Panchayat sarfabad Taluka Chandur bajar","01-Apr-2025","06-Aug-2025","960000","Work Completed"
"315","Normal/Others","WS/MP18112/2025-2026/189000-Construction of community centers and community halls","Maharashtra","AMRAVATI(DISTRICT COLLECTOR AMRAVATI_IDA)","BALWANT BASWANT WANKHADE","AMRAVATI(SC)","construction of community hall in tribal ward , at borda ta tiosa","07-Apr-2025","06-Aug-2025","1000000","Vendor Identification"
"316","Normal/Others","WS/MP18112/2025-2026/189002-Construction of community centers and community halls","Maharashtra","AMRAVATI(DISTRICT COLLECTOR AMRAVATI_IDA)","BALWANT BASWANT WANKHADE","AMRAVATI(SC)","construction of communy hall at chenushta ta. tiosa","07-Apr-2025","18-Aug-2025","1000000","Sanction"
"317","Normal/Others","WS/MP18112/2025-2026/188582-Construction of community centers and community halls","Maharashtra","AMRAVATI(DISTRICT COLLECTOR AMRAVATI_IDA)","BALWANT BASWANT WANKHADE","AMRAVATI(SC)","Construction of a  Community hall at Gram Panchayat Karajgaon Taluka Chandur Bazar Ward No. 6","01-Apr-2025","06-Aug-2025","960000","Sanction"
"318","Normal/Others","WS/MP18112/2025-2026/188585-Construction of community centers and community halls","Maharashtra","AMRAVATI(DISTRICT COLLECTOR AMRAVATI_IDA)","BALWANT BASWANT WANKHADE","AMRAVATI(SC)","Construction of a  Community hall at Gram Panchayat Surali  Taluka Chandur ward no 2","01-Apr-2025","06-Aug-2025","1000000","Work Completed"
"319","Normal/Others","WS/MP18112/2025-2026/188586-Construction of community centers and community halls","Maharashtra","AMRAVATI(DISTRICT COLLECTOR AMRAVATI_IDA)","BALWANT BASWANT WANKHADE","AMRAVATI(SC)","Construction of a  Community hall at Gram Panchayat surwada Taluka achalpur","01-Apr-2025","06-Aug-2025","960000","Vendor Identification"
"320","Normal/Others","WS/MP18112/2025-2026/188608-Construction of community centers and community halls","Maharashtra","AMRAVATI(DISTRICT COLLECTOR AMRAVATI_IDA)","BALWANT BASWANT WANKHADE","AMRAVATI(SC)","construction of community hall at takarkheda more , ta- anjangon surji","01-Apr-2025","06-Aug-2025","1500000","Work partially Completed"
"321","Trust and Society","WS/MP18112/2025-2026/193779-Construction of community centers and community halls","Maharashtra","AMRAVATI(DISTRICT COLLECTOR AMRAVATI_IDA)","BALWANT BASWANT WANKHADE","AMRAVATI(SC)","Construction Of Community Hall at  mahatma fule chariatable trust , thilori daryapur","25-Apr-2025","28-Oct-2025","2500000","Sanction"
"322","Normal/Others","WS/MP18112/2025-2026/199855-Construction of community centers and community halls","Maharashtra","AMRAVATI(DISTRICT COLLECTOR AMRAVATI_IDA)","BALWANT BASWANT WANKHADE","AMRAVATI(SC)","construction of community hall at rasullaapur near shrikrushn temple ta chandur bajar","19-May-2025","06-Aug-2025","1000000","Work partially Completed"
"323","Normal/Others","WS/MP18112/2025-2026/211417-Construction of community centers and community halls","Maharashtra","AMRAVATI(DISTRICT COLLECTOR AMRAVATI_IDA)","BALWANT BASWANT WANKHADE","AMRAVATI(SC)","Construction Of Community hall At Ward No 1 Wadala Ta. Chandur bajar","25-Jun-2025","06-Aug-2025","1152000","Vendor Identification"
"324","Normal/Others","WS/MP18136/2025-2026/218115-Construction of community centers and community halls","Maharashtra","AMRAVATI(DISTRICT COLLECTOR AMRAVATI_IDA)","AMAR SHARADRAO KALE","WARDHA","Construction of a community Hall in Siddharth Nagar Colony, Mouja Bhatkuli Renkapur, Taluka Dhamangaon Railway","14-Jul-2025","26-Nov-2025","1000000","Physical Inspection"
"325","Normal/Others","WS/MP18136/2026-2027/278484-Construction of community centers and community halls","Maharashtra","AMRAVATI(DISTRICT COLLECTOR AMRAVATI_IDA)","AMAR SHARADRAO KALE","WARDHA","Construction of Gram Panchayat Bhavan at Nandgaon T. Varad, Dist. Amravati","17-Apr-2026","17-Aug-2026","1500000","Work partially Completed"
"326","Normal/Others","WS/MP18112/2025-2026/258223-Construction of community centers and community halls","Maharashtra","AMRAVATI(DISTRICT COLLECTOR AMRAVATI_IDA)","BALWANT BASWANT WANKHADE","AMRAVATI(SC)","Construction of community hall at salora bu ta tiosa near sevalal maharaj temple","13-Jan-2026","06-Feb-2026","1000000","Vendor Identification"
"327","Normal/Others","WS/MP18112/2026-2027/259061-Construction of community centers and community halls","Maharashtra","AMRAVATI(DISTRICT COLLECTOR AMRAVATI_IDA)","BALWANT BASWANT WANKHADE","AMRAVATI(SC)","Construction Of Community hall at anchalwadi near Dr Babasaheb Ambedkar Statue ta bhatkuli","13-Jan-2026","29-May-2026","1000000","Vendor Identification"
"328","Normal/Others","WS/MP18112/2026-2027/276364-Construction of community centers and community halls","Maharashtra","AMRAVATI(DISTRICT COLLECTOR AMRAVATI_IDA)","BALWANT BASWANT WANKHADE","AMRAVATI(SC)","constuction of community hall at bailmarkheda ta bhatkuli near do babasaheb ambedkar statue","30-Mar-2026","29-Jun-2026","1000000","Sanction"
"329","Normal/Others","WS/MP18112/2026-2027/260381-Construction of community centers and community halls","Maharashtra","AMRAVATI(DISTRICT COLLECTOR AMRAVATI_IDA)","BALWANT BASWANT WANKHADE","AMRAVATI(SC)","Construction of a warehouse on the land owned by the Gram Panchayat Sawarkhed Taluka Morshi.","22-Jan-2026","15-Jun-2026","1000000","Sanction"
"330","Normal/Others","WS/MP18112/2025-2026/249991-Construction of community centers and community halls","Maharashtra","AMRAVATI(DISTRICT COLLECTOR AMRAVATI_IDA)","BALWANT BASWANT WANKHADE","AMRAVATI(SC)","construction of community hall at shendurjana mahore ta tiosa in ward no 3","22-Nov-2025","06-Feb-2026","1000000","Sanction"
"331","Normal/Others","WS/MP18112/2025-2026/243768-Construction of community centers and community halls","Maharashtra","AMRAVATI(DISTRICT COLLECTOR AMRAVATI_IDA)","BALWANT BASWANT WANKHADE","AMRAVATI(SC)","Construction of a hall on the land owned by the Gram Panchayat near Shri Krishna Temple at  Devgaon Taluka Achalpur Ward No. 2","29-Oct-2025","06-Feb-2026","1000000","Sanction"
"332","Normal/Others","WS/MP18112/2025-2026/243759-Construction of community centers and community halls","Maharashtra","AMRAVATI(DISTRICT COLLECTOR AMRAVATI_IDA)","BALWANT BASWANT WANKHADE","AMRAVATI(SC)","construction of community hall at ward no 3 waruda ta. tiosa","29-Oct-2025","06-Feb-2026","1000000","Sanction"
"333","Normal/Others","WS/MP18112/2025-2026/233019-Construction of community centers and community halls","Maharashtra","AMRAVATI(DISTRICT COLLECTOR AMRAVATI_IDA)","BALWANT BASWANT WANKHADE","AMRAVATI(SC)","Construction of community  hall  at in Semadoh Taluka Chikhaldara.","16-Sep-2025","06-Feb-2026","1000000","Vendor Identification"
"334","Normal/Others","WS/MP18112/2025-2026/233382-Construction of community centers and community halls","Maharashtra","AMRAVATI(DISTRICT COLLECTOR AMRAVATI_IDA)","BALWANT BASWANT WANKHADE","AMRAVATI(SC)","construction of community hall near dr ambedkar statue  at khairi ta. daryapur","16-Sep-2025","06-Feb-2026","1200000","Sanction"
"335","Normal/Others","WS/MP18112/2025-2026/233385-Construction of community centers and community halls","Maharashtra","AMRAVATI(DISTRICT COLLECTOR AMRAVATI_IDA)","BALWANT BASWANT WANKHADE","AMRAVATI(SC)","construction of community hall near dr babasaheb ambedkar statue at saundali under golegaon grampanchayat , ta. daryapur","16-Sep-2025","06-Feb-2026","1200000","Work partially Completed"
"336","Normal/Others","WS/MP18112/2025-2026/233388-Construction of community centers and community halls","Maharashtra","AMRAVATI(DISTRICT COLLECTOR AMRAVATI_IDA)","BALWANT BASWANT WANKHADE","AMRAVATI(SC)","construction of community hall at belora near dr ambedkar statue ta. daryapur","16-Sep-2025","06-Feb-2026","1200000","Sanction"
"337","Normal/Others","WS/MP18112/2025-2026/233398-Construction of community centers and community halls","Maharashtra","AMRAVATI(DISTRICT COLLECTOR AMRAVATI_IDA)","BALWANT BASWANT WANKHADE","AMRAVATI(SC)","construction of community hall at katkhed ta daryapur","16-Sep-2025","06-Feb-2026","1200000","Work partially Completed"
"338","Normal/Others","WS/MP18112/2025-2026/233404-Construction of community centers and community halls","Maharashtra","AMRAVATI(DISTRICT COLLECTOR AMRAVATI_IDA)","BALWANT BASWANT WANKHADE","AMRAVATI(SC)","construction of community hall at lehgaon (gazipur) near hanuman temple ta. daryapur","16-Sep-2025","06-Feb-2026","1500000","Vendor Identification"
"339","Normal/Others","WS/MP18112/2025-2026/233406-Construction of community centers and community halls","Maharashtra","AMRAVATI(DISTRICT COLLECTOR AMRAVATI_IDA)","BALWANT BASWANT WANKHADE","AMRAVATI(SC)","construction of community hall at yerandgaon near gajanan maharaj temple ta. daryapur","16-Sep-2025","06-Feb-2026","1200000","Vendor Identification"
"340","Normal/Others","WS/MP18112/2025-2026/233407-Construction of community centers and community halls","Maharashtra","AMRAVATI(DISTRICT COLLECTOR AMRAVATI_IDA)","BALWANT BASWANT WANKHADE","AMRAVATI(SC)","construction of community hall at antargaon near vitthal rukhmini temple ta daryapur","16-Sep-2025","06-Feb-2026","1200000","Vendor Identification"
"341","Normal/Others","WS/MP18112/2025-2026/233412-Construction of community centers and community halls","Maharashtra","AMRAVATI(DISTRICT COLLECTOR AMRAVATI_IDA)","BALWANT BASWANT WANKHADE","AMRAVATI(SC)","construction of community hall near dr babasaheb ambedkar statue at khairi ta achalpur","16-Sep-2025","28-Oct-2025","1000000","Vendor Identification"
"342","Normal/Others","WS/MP18112/2025-2026/233414-Construction of community centers and community halls","Maharashtra","AMRAVATI(DISTRICT COLLECTOR AMRAVATI_IDA)","BALWANT BASWANT WANKHADE","AMRAVATI(SC)","construction of community hall near vitthal mandir at kushtha bu ta. achalpur","13-Sep-2025","28-Oct-2025","1000000","Vendor Identification"
"343","Normal/Others","WS/MP18112/2026-2027/233579-Construction of community centers and community halls","Maharashtra","AMRAVATI(DISTRICT COLLECTOR AMRAVATI_IDA)","BALWANT BASWANT WANKHADE","AMRAVATI(SC)","construction of community hall at yawali ta amravati","13-Sep-2025","29-Jun-2026","998000","Sanction"
"344","Normal/Others","WS/MP18112/2026-2027/233582-Construction of community centers and community halls","Maharashtra","AMRAVATI(DISTRICT COLLECTOR AMRAVATI_IDA)","BALWANT BASWANT WANKHADE","AMRAVATI(SC)","construction of community hall near bhagwan buddha statue at yawali ta amravati","13-Sep-2025","29-Jun-2026","799000","Sanction"
"345","Normal/Others","WS/MP18112/2025-2026/203657-Construction of roads, link roads, pathways or any other road with or without drainage system","Maharashtra","AMRAVATI(DISTRICT COLLECTOR AMRAVATI_IDA)","BALWANT BASWANT WANKHADE","AMRAVATI(SC)","construction of road at prabhag no 14 , budhawara infront of tuljagir wada , amravati","03-Jun-2025","18-Aug-2025","800000","Work Completed"
"346","Normal/Others","WS/MP18112/2025-2026/200936-Construction of roads, link roads, pathways or any other road with or without drainage system","Maharashtra","AMRAVATI(DISTRICT COLLECTOR AMRAVATI_IDA)","BALWANT BASWANT WANKHADE","AMRAVATI(SC)","construction of road towards holyycross home for babies at camp area , amravati","19-May-2025","18-Aug-2025","1000000","Work Completed"
"347","Normal/Others","WS/MP18112/2025-2026/188592-Construction of roads, link roads, pathways or any other road with or without drainage system","Maharashtra","AMRAVATI(DISTRICT COLLECTOR AMRAVATI_IDA)","BALWANT BASWANT WANKHADE","AMRAVATI(SC)","construction of road towards mahanubhav smashanbhumi from bus stop tondgaon , at tondgaon ta chandur bajar","01-Apr-2025","06-Aug-2025","2881000","Work Completed"
"348","Normal/Others","WS/MP18112/2025-2026/188954-Construction of roads, link roads, pathways or any other road with or without drainage system","Maharashtra","AMRAVATI(DISTRICT COLLECTOR AMRAVATI_IDA)","BALWANT BASWANT WANKHADE","AMRAVATI(SC)","Construction of road at Ratna Dharpawar to main road in Nagar Parishad Achalpur, Sultanpura.","07-Apr-2025","15-May-2025","800000","Vendor Identification"
"349","Normal/Others","WS/MP18112/2025-2026/188955-Construction of roads, link roads, pathways or any other road with or without drainage system","Maharashtra","AMRAVATI(DISTRICT COLLECTOR AMRAVATI_IDA)","BALWANT BASWANT WANKHADE","AMRAVATI(SC)","Construction of road from Jamunkar house to Avadhoot Wankhade  house at faijpura achalpur","07-Apr-2025","15-May-2025","500000","Vendor Identification"
"350","Normal/Others","WS/MP18112/2025-2026/188956-Construction of roads, link roads, pathways or any other road with or without drainage system","Maharashtra","AMRAVATI(DISTRICT COLLECTOR AMRAVATI_IDA)","BALWANT BASWANT WANKHADE","AMRAVATI(SC)","Installation of paving blocks in front of Gulab Rao Zodpe house at Faizpura under N. P. Achalpur.","07-Apr-2025","15-May-2025","700000","Work Completed"
"351","Normal/Others","WS/MP18112/2025-2026/188982-Construction of roads, link roads, pathways or any other road with or without drainage system","Maharashtra","AMRAVATI(DISTRICT COLLECTOR AMRAVATI_IDA)","BALWANT BASWANT WANKHADE","AMRAVATI(SC)","Construction of roads from Kondeshwar Road to Buddha Vihara in Mouje Mhasala (Anjangaon Bari) Taluka Amravati.","07-Apr-2025","18-Aug-2025","1500000","Work Completed"
"352","Normal/Others","WS/MP18112/2025-2026/188983-Construction of roads, link roads, pathways or any other road with or without drainage system","Maharashtra","AMRAVATI(DISTRICT COLLECTOR AMRAVATI_IDA)","BALWANT BASWANT WANKHADE","AMRAVATI(SC)","Installation of paving blocks at Police Station Kotwali, Amravati.","07-Apr-2025","18-Aug-2025","1000000","Work Completed"
"353","Normal/Others","WS/MP18112/2025-2026/188617-Construction of roads, link roads, pathways or any other road with or without drainage system","Maharashtra","AMRAVATI(DISTRICT COLLECTOR AMRAVATI_IDA)","BALWANT BASWANT WANKHADE","AMRAVATI(SC)","installation of pevhing blocks at turkhed ta. anjangaon surji","01-Apr-2025","06-Aug-2025","400000","Vendor Identification"
"354","Normal/Others","WS/MP18112/2025-2026/189777-Construction of roads, link roads, pathways or any other road with or without drainage system","Maharashtra","AMRAVATI(DISTRICT COLLECTOR AMRAVATI_IDA)","BALWANT BASWANT WANKHADE","AMRAVATI(SC)","construction of road at waki ta. bhatkuli","15-Apr-2025","15-May-2025","800000","Work Completed"
"355","Trust and Society","WS/MP18112/2025-2026/194085-Construction of roads, link roads, pathways or any other road with or without drainage system","Maharashtra","AMRAVATI(DISTRICT COLLECTOR AMRAVATI_IDA)","BALWANT BASWANT WANKHADE","AMRAVATI(SC)","Installation of paving blocks at Agricultural Science Branch, Ruler Institute, Panchavati, Amravati, run by Shri Shivaji Educational Institution.","25-Apr-2025","12-Mar-2026","1000000","Work Completed"
"356","Normal/Others","WS/MP18112/2025-2026/200105-Construction of roads, link roads, pathways or any other road with or without drainage system","Maharashtra","AMRAVATI(DISTRICT COLLECTOR AMRAVATI_IDA)","BALWANT BASWANT WANKHADE","AMRAVATI(SC)","Construction of a road from Ashorao Charthad house to Hanuman Temple in Gram Panchayat Naya Akola, Taluka Amravati.","19-May-2025","18-Aug-2025","500000","Work partially Completed"
"357","Normal/Others","WS/MP18112/2025-2026/199856-Construction of roads, link roads, pathways or any other road with or without drainage system","Maharashtra","AMRAVATI(DISTRICT COLLECTOR AMRAVATI_IDA)","BALWANT BASWANT WANKHADE","AMRAVATI(SC)","Construction of drain at prabhag no 14 budhgwara shri fukate house to shree dhupatne house , amravati","19-May-2025","18-Aug-2025","800000","Work Completed"
"358","Normal/Others","WS/MP18112/2025-2026/144100-Construction of roads, link roads, pathways or any other road with or without drainage system","Maharashtra","AMRAVATI(DISTRICT COLLECTOR AMRAVATI_IDA)","BALWANT BASWANT WANKHADE","AMRAVATI(SC)","Construction of road At Bhiwapur Ta Tiosa","27-Sep-2024","15-May-2025","700000","Vendor Identification"
"359","Normal/Others","WS/MP18112/2024-2025/136994-Construction of roads, link roads, pathways or any other road with or without drainage system","Maharashtra","AMRAVATI(DISTRICT COLLECTOR AMRAVATI_IDA)","BALWANT BASWANT WANKHADE","AMRAVATI(SC)","Construction of road and drain leading from Ambadas Kshirsagar's house to Shamraoji Pawar's house at khartalegaon ta. Bhatkuli dist amravati","25-Aug-2024","14-Oct-2024","800000","Physical Inspection"
"360","Normal/Others","WS/MP18112/2024-2025/136991-Construction of roads, link roads, pathways or any other road with or without drainage system","Maharashtra","AMRAVATI(DISTRICT COLLECTOR AMRAVATI_IDA)","BALWANT BASWANT WANKHADE","AMRAVATI(SC)","Construction of Road At Muslim kabrasthan ,Ward No 8 Babhali , Daryapur Dist. Amravati","25-Aug-2024","11-Mar-2025","1200000","Work partially Completed"
"361","Normal/Others","WS/MP18112/2024-2025/145331-Construction of roads, link roads, pathways or any other road with or without drainage system","Maharashtra","AMRAVATI(DISTRICT COLLECTOR AMRAVATI_IDA)","BALWANT BASWANT WANKHADE","AMRAVATI(SC)","construction of road at Khartalegaon Ta.Bhatkuli From Gunwant Kuche Home To Dnyaneshvar Navare Home","04-Oct-2024","28-Mar-2025","700000","Physical Inspection"
"362","Normal/Others","WS/MP18112/2024-2025/180045-Construction of roads, link roads, pathways or any other road with or without drainage system","Maharashtra","AMRAVATI(DISTRICT COLLECTOR AMRAVATI_IDA)","BALWANT BASWANT WANKHADE","AMRAVATI(SC)","construction of road at ard no 2 purnanagar ta bhatkuli","13-Mar-2025","28-Mar-2025","800000","Physical Inspection"
"363","Normal/Others","WS/MP18112/2025-2026/178905-Construction of roads, link roads, pathways or any other road with or without drainage system","Maharashtra","AMRAVATI(DISTRICT COLLECTOR AMRAVATI_IDA)","BALWANT BASWANT WANKHADE","AMRAVATI(SC)","Construction Of Road At Shegaon Rahatgaon Road , Priya Township Lane no. 4 FAlake House To Dissendt Sanskruti Apartment , prabhag no 1 , amravati","04-Mar-2025","12-Mar-2026","1000000","Work Completed"
"364","Normal/Others","WS/MP18112/2024-2025/164632-Construction of roads, link roads, pathways or any other road with or without drainage system","Maharashtra","AMRAVATI(DISTRICT COLLECTOR AMRAVATI_IDA)","BALWANT BASWANT WANKHADE","AMRAVATI(SC)","Construction of the road leading to the District Sessions Court in front of the Zilla Parishad Office, Amravati.","09-Jan-2025","18-Feb-2025","3000000","Vendor Identification"
"365","Normal/Others","WS/MP18112/2025-2026/263214-Construction of roads, link roads, pathways or any other road with or without drainage system","Maharashtra","AMRAVATI(DISTRICT COLLECTOR AMRAVATI_IDA)","BALWANT BASWANT WANKHADE","AMRAVATI(SC)","Construction of drain from the house of Shri Prakash Kale to the house of Shri Sahebrao Thackeray in Ward No. 2, Village P. Belaj, Taluka Chandur Bazar.","30-Jan-2026","12-Mar-2026","500000","Sanction"
"366","Normal/Others","WS/MP18112/2025-2026/258916-Construction of roads, link roads, pathways or any other road with or without drainage system","Maharashtra","AMRAVATI(DISTRICT COLLECTOR AMRAVATI_IDA)","BALWANT BASWANT WANKHADE","AMRAVATI(SC)","construction of road and installing peving near Ramakrishna Hari Temple at wandli ta Bhatkuli.","13-Jan-2026","13-Jan-2026","1000000","Work partially Completed"
"367","Normal/Others","WS/MP18112/2025-2026/259059-Construction of roads, link roads, pathways or any other road with or without drainage system","Maharashtra","AMRAVATI(DISTRICT COLLECTOR AMRAVATI_IDA)","BALWANT BASWANT WANKHADE","AMRAVATI(SC)","Construction OF drain from Gangadhar Pathre house to Anant Pathre house at anchalwadi ta bhatkuli","13-Jan-2026","06-Feb-2026","479000","Work partially Completed"
"368","Normal/Others","WS/MP18112/2025-2026/259060-Construction of roads, link roads, pathways or any other road with or without drainage system","Maharashtra","AMRAVATI(DISTRICT COLLECTOR AMRAVATI_IDA)","BALWANT BASWANT WANKHADE","AMRAVATI(SC)","Construction of  road from Tejas Thackeray house to Ishwardas Wankhade house at anchalwadi ta bhatkuli","13-Jan-2026","06-Feb-2026","499000","Work partially Completed"
"369","Normal/Others","WS/MP18112/2025-2026/252258-Construction of roads, link roads, pathways or any other road with or without drainage system","Maharashtra","AMRAVATI(DISTRICT COLLECTOR AMRAVATI_IDA)","BALWANT BASWANT WANKHADE","AMRAVATI(SC)","Construction of road at lehagon ta. daryapur near dipmala marimata mandir","18-Dec-2025","12-Mar-2026","300000","Sanction"
"370","Normal/Others","WS/MP18112/2026-2027/252259-Construction of roads, link roads, pathways or any other road with or without drainage system","Maharashtra","AMRAVATI(DISTRICT COLLECTOR AMRAVATI_IDA)","BALWANT BASWANT WANKHADE","AMRAVATI(SC)","install paving blocks at J. D. Patil Sangludkar College, Daryapur, Government land in front of Dr. Punjabrao Deshmukh statue area","18-Dec-2025","31-Aug-2026","600000","Vendor Identification"
"371","Normal/Others","WS/MP18112/2026-2027/250002-Construction of roads, link roads, pathways or any other road with or without drainage system","Maharashtra","AMRAVATI(DISTRICT COLLECTOR AMRAVATI_IDA)","BALWANT BASWANT WANKHADE","AMRAVATI(SC)","construction of road at antora ta amravati from dilip sawai house to ashokrao vaidya house","22-Nov-2025","08-Sep-2026","1000000","Sanction"
"372","Normal/Others","WS/MP18112/2025-2026/249985-Construction of roads, link roads, pathways or any other road with or without drainage system","Maharashtra","AMRAVATI(DISTRICT COLLECTOR AMRAVATI_IDA)","BALWANT BASWANT WANKHADE","AMRAVATI(SC)","construction of road at prabhag no 4 jamil colony rashidiya masjid to mobin master house","22-Nov-2025","05-Jan-2026","1000000","Work Completed"
"373","Normal/Others","WS/MP18112/2025-2026/249987-Construction of roads, link roads, pathways or any other road with or without drainage system","Maharashtra","AMRAVATI(DISTRICT COLLECTOR AMRAVATI_IDA)","BALWANT BASWANT WANKHADE","AMRAVATI(SC)","construction of road at prabhag no 4 jamil colony from mobin master house to meraj khan pathan house","22-Nov-2025","05-Jan-2026","1000000","Work Completed"
"374","Normal/Others","WS/MP18112/2025-2026/254670-Construction of roads, link roads, pathways or any other road with or without drainage system","Maharashtra","AMRAVATI(DISTRICT COLLECTOR AMRAVATI_IDA)","BALWANT BASWANT WANKHADE","AMRAVATI(SC)","Construction of a road from Ishaq Pahalwan house to Kalam Saudagar house at Gram. P. Brahmanwada Thadi Tal. Chandur Bazar Ward No. 1","18-Dec-2025","06-Feb-2026","700000","Sanction"
"375","Normal/Others","WS/MP18112/2025-2026/254671-Construction of roads, link roads, pathways or any other road with or without drainage system","Maharashtra","AMRAVATI(DISTRICT COLLECTOR AMRAVATI_IDA)","BALWANT BASWANT WANKHADE","AMRAVATI(SC)","Construction of a road from Hamidakha Saudagar house to Najau Qureshi house at Gram Panchayat Brahmanwada Thadi Taluka Chandur Bazar Ward No. 1","18-Dec-2025","06-Feb-2026","800000","Sanction"
"376","Normal/Others","WS/MP18112/2025-2026/233405-Construction of culverts and bridges","Maharashtra","AMRAVATI(DISTRICT COLLECTOR AMRAVATI_IDA)","BALWANT BASWANT WANKHADE","AMRAVATI(SC)","construction of bridge infront of z p school chichona ta anjangav surji","16-Sep-2025","06-Feb-2026","1000000","Work partially Completed"
"377","Normal/Others","WS/MP18136/2026-2027/277783-Construction of footpaths and pedestrian ways","Maharashtra","AMRAVATI(DISTRICT COLLECTOR AMRAVATI_IDA)","AMAR SHARADRAO KALE","WARDHA","Laying paving blocks in front of Baduji Maharaj Temple in Ghuikhed, Dhamangaon Taluka.","08-Apr-2026","22-May-2026","1000000","Sanction"
"378","Normal/Others","WS/MP18112/2025-2026/200103-Construction of culverts and bridges","Maharashtra","AMRAVATI(DISTRICT COLLECTOR AMRAVATI_IDA)","BALWANT BASWANT WANKHADE","AMRAVATI(SC)","Construction of bridge at  Sapati Petpura Gram Panchayat Naya Akola Taluka Amravati","19-May-2025","18-Aug-2025","1500000","Sanction"
"379","Normal/Others","WS/MP18112/2024-2025/175355-Installation of multi-gym equipment","Maharashtra","AMRAVATI(DISTRICT COLLECTOR AMRAVATI_IDA)","BALWANT BASWANT WANKHADE","AMRAVATI(SC)","Providing materials in the gymnasium at Manipur Colony in Mahendra Colony, Ward No. 5, Mahendra Colony, Amravati.","17-Feb-2025","28-Mar-2025","500000","Vendor Identification"
"380","Normal/Others","WS/MP18112/2025-2026/177331-Development of playfields and sports grounds","Maharashtra","AMRAVATI(DISTRICT COLLECTOR AMRAVATI_IDA)","BALWANT BASWANT WANKHADE","AMRAVATI(SC)","Installing paving blocks at Hazrat Rakta Kalash Baba Dargah in Nandgaon Peth, Taluka Amravati.","25-Feb-2025","18-Aug-2025","800000","Work partially Completed"
"381","Normal/Others","WS/MP18112/2025-2026/166836-Lighting of public spaces","Maharashtra","AMRAVATI(DISTRICT COLLECTOR AMRAVATI_IDA)","BALWANT BASWANT WANKHADE","AMRAVATI(SC)","Prabhag  No. 11. Supply of all in one integrated solar device to the playground at Siddharth Sports Club, frejarpura , Under Municipal Corporation Amravati,","24-Jan-2025","15-May-2025","300000","Work Completed"
"382","Normal/Others","WS/MP18112/2025-2026/166838-Lighting of public spaces","Maharashtra","AMRAVATI(DISTRICT COLLECTOR AMRAVATI_IDA)","BALWANT BASWANT WANKHADE","AMRAVATI(SC)","Prabhag  No. 11. Supply of all in one integrated solar device in the auditorium of Siddharth Sports Club, Fraserpura. Under Amravati Municiple Corporation","24-Jan-2025","15-May-2025","300000","Work Completed"
"383","Normal/Others","WS/MP18112/2025-2026/166839-Lighting of public spaces","Maharashtra","AMRAVATI(DISTRICT COLLECTOR AMRAVATI_IDA)","BALWANT BASWANT WANKHADE","AMRAVATI(SC)","Supply of all in one integrated solar device in the playground in Budh Vihar area in the open space of Anusya Colony, Shegaon Rahatgaon Road.Under Amravati Municiple Corporation","24-Jan-2025","15-May-2025","300000","Work Completed"
"384","Normal/Others","WS/MP18112/2025-2026/166840-Lighting of public spaces","Maharashtra","AMRAVATI(DISTRICT COLLECTOR AMRAVATI_IDA)","BALWANT BASWANT WANKHADE","AMRAVATI(SC)","Prabhag  no. 4. To supply all in one integrated solar device to the playground at Jameel Colony , Under Amravati Municiple Corparation","24-Jan-2025","15-May-2025","300000","Work Completed"
"385","Normal/Others","WS/MP18112/2025-2026/213849-Setting up public non-conventional energy plants","Maharashtra","AMRAVATI(DISTRICT COLLECTOR AMRAVATI_IDA)","BALWANT BASWANT WANKHADE","AMRAVATI(SC)","Installation of 10 KV capacity solar panels at Haribhau Kaloti Memorial in Ward No. 14, Budhwara, Amravati.","01-Jul-2025","18-Aug-2025","799000","Physical Inspection"
"386","Normal/Others","WS/MP18112/2025-2026/200107-Street lights","Maharashtra","AMRAVATI(DISTRICT COLLECTOR AMRAVATI_IDA)","BALWANT BASWANT WANKHADE","AMRAVATI(SC)","Supply of All in One Integrated Solar Device at the playground at Ward No. 4 Jamil Colony, under Amc Amravati.","19-May-2025","13-Jan-2026","300000","Work Completed"
"387","Normal/Others","WS/MP18112/2025-2026/200109-Street lights","Maharashtra","AMRAVATI(DISTRICT COLLECTOR AMRAVATI_IDA)","BALWANT BASWANT WANKHADE","AMRAVATI(SC)","Supply of All in One Integrated Solar Device at the playground at Rahatgaon Jetavan Nirvana Bhoomi, Ward No. 1, under M. N. Pa. Amravati.","19-May-2025","13-Jan-2026","300000","Work Completed"
"388","Normal/Others","WS/MP18112/2026-2027/164647-Improvement of electricity distribution infrastructure","Maharashtra","AMRAVATI(DISTRICT COLLECTOR AMRAVATI_IDA)","BALWANT BASWANT WANKHADE","AMRAVATI(SC)","Electrical fitting in the library in front of Sangai School under Nagar Parishad Anjangaon Surji","09-Jan-2025","08-Jul-2026","500000","Sanction"
"389","Normal/Others","WS/MP18122/2025-2026/175369-Development of public parks","Maharashtra","Chhatrapati Sambhajinagar(DISTRICT COLLECTOR AURANGABAD_IDA)","KALYAN VAIJINATHRAO KALE","JALNA","Development of Public Parks at Ghatnandra in Sillod Taluka.","12-Feb-2025","02-Dec-2025","1000000","Physical Inspection"
"390","Normal/Others","WS/MP18113/2025-2026/219691-Development of public parks","Maharashtra","Chhatrapati Sambhajinagar(DISTRICT COLLECTOR AURANGABAD_IDA)","BHUMARE SANDIPANRAO ASARAM","AURANGABAD_MH","Padampura Mochi Mohhala Development of Public Park","18-Jul-2025","26-Dec-2025","1000000","Physical Inspection"
"391","Normal/Others","WS/MP18122/2026-2027/225832-Development of public parks","Maharashtra","Chhatrapati Sambhajinagar(DISTRICT COLLECTOR AURANGABAD_IDA)","KALYAN VAIJINATHRAO KALE","JALNA","To develop a public park in Ward No 5 of Soygaon city","19-Aug-2025","02-Jul-2026","1000000","Physical Inspection"
"392","Normal/Others","WS/MP18122/2025-2026/173902-Construction of roads, link roads, pathways or any other road with or without drainage system","Maharashtra","Chhatrapati Sambhajinagar(DISTRICT COLLECTOR AURANGABAD_IDA)","KALYAN VAIJINATHRAO KALE","JALNA","Construction of cement road at Santoshimata Nagar of Ward No.82 Ambika Nagar in Chhatrapati Sambhajinagar municipal limits.","12-Feb-2025","24-Mar-2026","1000000","Physical Inspection"
"393","Normal/Others","WS/MP18122/2025-2026/173903-Construction of roads, link roads, pathways or any other road with or without drainage system","Maharashtra","Chhatrapati Sambhajinagar(DISTRICT COLLECTOR AURANGABAD_IDA)","KALYAN VAIJINATHRAO KALE","JALNA","Construction of intra-village cement road at Gadhe Jalgaon in Chhatrapati Sambhajinagar taluka.","12-Feb-2025","13-Jun-2025","994942","Physical Inspection"
"394","Normal/Others","WS/MP18122/2025-2026/173942-Construction of roads, link roads, pathways or any other road with or without drainage system","Maharashtra","Chhatrapati Sambhajinagar(DISTRICT COLLECTOR AURANGABAD_IDA)","KALYAN VAIJINATHRAO KALE","JALNA","Cementing of road leading to Idgah from Primary Health Center Aland in Phulumbri Taluka.","12-Feb-2025","19-Dec-2025","1000000","Physical Inspection"
"395","Normal/Others","WS/MP18122/2025-2026/173944-Construction of roads, link roads, pathways or any other road with or without drainage system","Maharashtra","Chhatrapati Sambhajinagar(DISTRICT COLLECTOR AURANGABAD_IDA)","KALYAN VAIJINATHRAO KALE","JALNA","Construction of cement road from village panchayat to statue of Chhatrapati Shivaji Maharaj at Viramgaon in Phulumbri taluka.","12-Feb-2025","10-Sep-2025","1492450","Physical Inspection"
"396","Normal/Others","WS/MP18122/2025-2026/173945-Construction of roads, link roads, pathways or any other road with or without drainage system","Maharashtra","Chhatrapati Sambhajinagar(DISTRICT COLLECTOR AURANGABAD_IDA)","KALYAN VAIJINATHRAO KALE","JALNA","Strengthening of Apegaon to Nandar (Gondhal) Road VR-114 in Paithan Taluka.","12-Feb-2025","27-Mar-2026","1000000","Physical Inspection"
"397","Normal/Others","WS/MP18122/2025-2026/173947-Construction of roads, link roads, pathways or any other road with or without drainage system","Maharashtra","Chhatrapati Sambhajinagar(DISTRICT COLLECTOR AURANGABAD_IDA)","KALYAN VAIJINATHRAO KALE","JALNA","Construction of cement road at Navgaon in Paithan taluka.","12-Feb-2025","09-Jan-2026","1000000","Physical Inspection"
"398","Normal/Others","WS/MP18122/2025-2026/175363-Construction of roads, link roads, pathways or any other road with or without drainage system","Maharashtra","Chhatrapati Sambhajinagar(DISTRICT COLLECTOR AURANGABAD_IDA)","KALYAN VAIJINATHRAO KALE","JALNA","Construction of cement road at Pimpalgaon Gangdev in Phulumbri Taluka.","12-Feb-2025","13-Jun-2025","1492500","Physical Inspection"
"399","Normal/Others","WS/MP18122/2025-2026/175364-Construction of roads, link roads, pathways or any other road with or without drainage system","Maharashtra","Chhatrapati Sambhajinagar(DISTRICT COLLECTOR AURANGABAD_IDA)","KALYAN VAIJINATHRAO KALE","JALNA","Construction of cement road at Waregaon in Phulambri taluka.","12-Feb-2025","31-Dec-2025","500000","Physical Inspection"
"400","Normal/Others","WS/MP18122/2025-2026/176795-Construction of roads, link roads, pathways or any other road with or without drainage system","Maharashtra","Chhatrapati Sambhajinagar(DISTRICT COLLECTOR AURANGABAD_IDA)","KALYAN VAIJINATHRAO KALE","JALNA","Construction of cement road at Mangrul in Chhatrapati Sambhajinagar taluka.","21-Feb-2025","03-Dec-2025","992819","Physical Inspection"
"401","Normal/Others","WS/MP18122/2025-2026/176399-Construction of roads, link roads, pathways or any other road with or without drainage system","Maharashtra","Chhatrapati Sambhajinagar(DISTRICT COLLECTOR AURANGABAD_IDA)","KALYAN VAIJINATHRAO KALE","JALNA","Construction of cement road at Virgaon in Sillod taluka.","21-Feb-2025","26-Aug-2025","1000000","Physical Inspection"
"402","Normal/Others","WS/MP18113/2025-2026/176732-Construction of roads, link roads, pathways or any other road with or without drainage system","Maharashtra","Chhatrapati Sambhajinagar(DISTRICT COLLECTOR AURANGABAD_IDA)","BHUMARE SANDIPANRAO ASARAM","AURANGABAD_MH","SHANKARPUR CONSTRUCTION OF CC ROAD","20-Feb-2025","07-Jul-2025","1991442","Physical Inspection"
"403","Normal/Others","WS/MP18113/2025-2026/176734-Construction of roads, link roads, pathways or any other road with or without drainage system","Maharashtra","Chhatrapati Sambhajinagar(DISTRICT COLLECTOR AURANGABAD_IDA)","BHUMARE SANDIPANRAO ASARAM","AURANGABAD_MH","work of Malkapur Main road to grampanchayat cc road","20-Feb-2025","26-Aug-2025","1999000","Physical Inspection"
"404","Normal/Others","WS/MP18122/2025-2026/175370-Construction of roads, link roads, pathways or any other road with or without drainage system","Maharashtra","Chhatrapati Sambhajinagar(DISTRICT COLLECTOR AURANGABAD_IDA)","KALYAN VAIJINATHRAO KALE","JALNA","Construction of cement road at Borgaon Kasari in Sillod Taluka.","12-Feb-2025","13-Jun-2025","1000000","Physical Inspection"
"405","Normal/Others","WS/MP18113/2025-2026/202118-Construction of roads, link roads, pathways or any other road with or without drainage system","Maharashtra","Chhatrapati Sambhajinagar(DISTRICT COLLECTOR AURANGABAD_IDA)","BHUMARE SANDIPANRAO ASARAM","AURANGABAD_MH","Mangegaon Tq Gangapur constructon of cc road","13-Jun-2025","04-Nov-2025","1499882","Physical Inspection"
"406","Normal/Others","WS/MP18113/2025-2026/193132-Construction of roads, link roads, pathways or any other road with or without drainage system","Maharashtra","Chhatrapati Sambhajinagar(DISTRICT COLLECTOR AURANGABAD_IDA)","BHUMARE SANDIPANRAO ASARAM","AURANGABAD_MH","JALGAONGHAT KANNAD VAIJAPUR RAOD TO RAJPUT WASTI CONSTRUCTION OF ROAD","24-Apr-2025","11-Sep-2025","992820","Physical Inspection"
"407","Normal/Others","WS/MP18122/2025-2026/184089-Construction of roads, link roads, pathways or any other road with or without drainage system","Maharashtra","Chhatrapati Sambhajinagar(DISTRICT COLLECTOR AURANGABAD_IDA)","KALYAN VAIJINATHRAO KALE","JALNA","Strengthening of VR-86 from Pachod to Zodegaon in Paithan taluka.","22-Mar-2025","20-Mar-2026","1000000","Physical Inspection"
"408","Normal/Others","WS/MP18113/2025-2026/185620-Construction of roads, link roads, pathways or any other road with or without drainage system","Maharashtra","Chhatrapati Sambhajinagar(DISTRICT COLLECTOR AURANGABAD_IDA)","BHUMARE SANDIPANRAO ASARAM","AURANGABAD_MH","Talwada Tq Vaijapur Nagwadi Road","23-Mar-2025","17-Feb-2026","1472317","Physical Inspection"
"409","Normal/Others","WS/MP18113/2025-2026/185622-Construction of roads, link roads, pathways or any other road with or without drainage system","Maharashtra","Chhatrapati Sambhajinagar(DISTRICT COLLECTOR AURANGABAD_IDA)","BHUMARE SANDIPANRAO ASARAM","AURANGABAD_MH","Sawkhedganga Tq Vaijapur Khatane Wasti Road","23-Mar-2025","17-Feb-2026","1500000","Physical Inspection"
"410","Normal/Others","WS/MP18113/2025-2026/185623-Construction of roads, link roads, pathways or any other road with or without drainage system","Maharashtra","Chhatrapati Sambhajinagar(DISTRICT COLLECTOR AURANGABAD_IDA)","BHUMARE SANDIPANRAO ASARAM","AURANGABAD_MH","Nandurkhok Tq Vaijapur Hirade Wasti Raod 1.5 km","23-Mar-2025","17-Feb-2026","1500000","Physical Inspection"
"411","Normal/Others","WS/MP18113/2025-2026/219638-Construction of community centers and community halls","Maharashtra","Chhatrapati Sambhajinagar(DISTRICT COLLECTOR AURANGABAD_IDA)","BHUMARE SANDIPANRAO ASARAM","AURANGABAD_MH","INDRAKAMAL SHRI PANDURANG SEVA MANDAL BEED BYPASS PARISAR CONSTRUCTION OF COMMUNITY HALLS","18-Jul-2025","12-Jan-2026","1500000","Physical Inspection"
"412","Normal/Others","WS/MP18113/2025-2026/219666-Construction of community centers and community halls","Maharashtra","Chhatrapati Sambhajinagar(DISTRICT COLLECTOR AURANGABAD_IDA)","BHUMARE SANDIPANRAO ASARAM","AURANGABAD_MH","SHIRASGAON GUT NO 163 TQ KANNAD CONSTRUCTION OF COMMUNITY HALLS","18-Jul-2025","16-Oct-2025","993175","Physical Inspection"
"413","Normal/Others","WS/MP18113/2025-2026/226247-Construction of community centers and community halls","Maharashtra","Chhatrapati Sambhajinagar(DISTRICT COLLECTOR AURANGABAD_IDA)","BHUMARE SANDIPANRAO ASARAM","AURANGABAD_MH","Wakad Tq Kannad Construction of Community Halls","20-Sep-2025","25-Mar-2026","1500000","Physical Inspection"
"414","Normal/Others","WS/MP18113/2026-2027/226249-Construction of community centers and community halls","Maharashtra","Chhatrapati Sambhajinagar(DISTRICT COLLECTOR AURANGABAD_IDA)","BHUMARE SANDIPANRAO ASARAM","AURANGABAD_MH","Dhondalgaon Tq Vaijapur Wagh And Avare Construction of Community Halls","29-Aug-2025","05-Sep-2026","1000000","Physical Inspection"
"415","Normal/Others","WS/MP18113/2026-2027/226266-Construction of community centers and community halls","Maharashtra","Chhatrapati Sambhajinagar(DISTRICT COLLECTOR AURANGABAD_IDA)","BHUMARE SANDIPANRAO ASARAM","AURANGABAD_MH","Ager Wadgaon Tq Gangapur Construction of Community Halls","27-Oct-2025","29-Jul-2026","1000000","Physical Inspection"
"416","Normal/Others","WS/MP18113/2026-2027/201976-Construction of community centers and community halls","Maharashtra","Chhatrapati Sambhajinagar(DISTRICT COLLECTOR AURANGABAD_IDA)","BHUMARE SANDIPANRAO ASARAM","AURANGABAD_MH","Sawangi Tq Gangapur ward no 5 construction of community halls","05-Jun-2025","26-May-2026","1500000","Physical Inspection"
"417","Normal/Others","WS/MP18113/2026-2027/202128-Construction of community centers and community halls","Maharashtra","Chhatrapati Sambhajinagar(DISTRICT COLLECTOR AURANGABAD_IDA)","BHUMARE SANDIPANRAO ASARAM","AURANGABAD_MH","Sudhakar Satara Parisar Chhatrapati Sambhajinagar Construction of Community Halls","15-Sep-2025","14-May-2026","1000000","Physical Inspection"
"418","Normal/Others","WS/MP18113/2025-2026/202192-Construction of community centers and community halls","Maharashtra","Chhatrapati Sambhajinagar(DISTRICT COLLECTOR AURANGABAD_IDA)","BHUMARE SANDIPANRAO ASARAM","AURANGABAD_MH","Bhildari Pishor Tq Kannad Construction of Community Halls","05-Jun-2025","13-Mar-2026","1000000","Physical Inspection"
"419","Normal/Others","WS/MP18113/2026-2027/202193-Construction of community centers and community halls","Maharashtra","Chhatrapati Sambhajinagar(DISTRICT COLLECTOR AURANGABAD_IDA)","BHUMARE SANDIPANRAO ASARAM","AURANGABAD_MH","Aurala Tq Kannad Constructionof Community Halls","05-Jun-2025","14-May-2026","1000000","Physical Inspection"
"420","Normal/Others","WS/MP18113/2025-2026/192629-Construction of community centers and community halls","Maharashtra","Chhatrapati Sambhajinagar(DISTRICT COLLECTOR AURANGABAD_IDA)","BHUMARE SANDIPANRAO ASARAM","AURANGABAD_MH","Nagar Parishad Ward No 11 Vittal Nagar Community Halls","05-Jun-2025","24-Feb-2026","2000000","Physical Inspection"
"421","Normal/Others","WS/MP18113/2025-2026/192630-Construction of community centers and community halls","Maharashtra","Chhatrapati Sambhajinagar(DISTRICT COLLECTOR AURANGABAD_IDA)","BHUMARE SANDIPANRAO ASARAM","AURANGABAD_MH","VAIJAPUR DATTANAGAR WARD NO 8 COMMUNITY HALLS","05-Jun-2025","24-Feb-2026","2000000","Work Completed"
"422","Normal/Others","WS/MP18113/2025-2026/192641-Construction of community centers and community halls","Maharashtra","Chhatrapati Sambhajinagar(DISTRICT COLLECTOR AURANGABAD_IDA)","BHUMARE SANDIPANRAO ASARAM","AURANGABAD_MH","SHIRASGAON TQ KANNAD GUT NO 163 CONSTRUCTION OF COMMUNITY HALLS","24-Apr-2025","29-Sep-2025","994542","Physical Inspection"
"423","Normal/Others","WS/MP18113/2025-2026/193125-Construction of community centers and community halls","Maharashtra","Chhatrapati Sambhajinagar(DISTRICT COLLECTOR AURANGABAD_IDA)","BHUMARE SANDIPANRAO ASARAM","AURANGABAD_MH","PALASGAON TQ KANNAD CONSTRUCTION OF COMMUNITY HALLS","24-Apr-2025","03-Feb-2026","1000000","Physical Inspection"
"424","Normal/Others","WS/MP18113/2026-2027/193159-Construction of community centers and community halls","Maharashtra","Chhatrapati Sambhajinagar(DISTRICT COLLECTOR AURANGABAD_IDA)","BHUMARE SANDIPANRAO ASARAM","AURANGABAD_MH","Limbe Jalgaon Tq Gangapur Construction of Community Halls","05-Jun-2025","01-Sep-2026","1500000","Physical Inspection"
"425","Normal/Others","WS/MP18113/2025-2026/193577-Construction of community centers and community halls","Maharashtra","Chhatrapati Sambhajinagar(DISTRICT COLLECTOR AURANGABAD_IDA)","BHUMARE SANDIPANRAO ASARAM","AURANGABAD_MH","nagarparishan ward no 4 jagmatha construction of community halls","06-May-2025","16-Oct-2025","2000000","Physical Inspection"
"426","Normal/Others","WS/MP18113/2025-2026/193579-Construction of community centers and community halls","Maharashtra","Chhatrapati Sambhajinagar(DISTRICT COLLECTOR AURANGABAD_IDA)","BHUMARE SANDIPANRAO ASARAM","AURANGABAD_MH","Nagar Parishad Ward No 4 Jakhamatha Construction Of Community Halls","06-May-2025","16-Oct-2025","1997882","Physical Inspection"
"427","Normal/Others","WS/MP18113/2025-2026/194151-Construction of community centers and community halls","Maharashtra","Chhatrapati Sambhajinagar(DISTRICT COLLECTOR AURANGABAD_IDA)","BHUMARE SANDIPANRAO ASARAM","AURANGABAD_MH","DHONGAON TQ KANNAD CONSTRUCTION OF COMMUNITY HALLS","24-Apr-2025","03-Feb-2026","2000000","Physical Inspection"
"428","Normal/Others","WS/MP18113/2025-2026/197037-Construction of community centers and community halls","Maharashtra","Chhatrapati Sambhajinagar(DISTRICT COLLECTOR AURANGABAD_IDA)","BHUMARE SANDIPANRAO ASARAM","AURANGABAD_MH","Domegaon Tq Gangapur Construction of Community Halls","06-May-2025","20-Mar-2026","998112","Physical Inspection"
"429","Normal/Others","WS/MP18113/2025-2026/180320-Construction of community centers and community halls","Maharashtra","Chhatrapati Sambhajinagar(DISTRICT COLLECTOR AURANGABAD_IDA)","BHUMARE SANDIPANRAO ASARAM","AURANGABAD_MH","GOKULWADI MAROTI MANDIR PARISARAT CONSTRUCTION OF COMMUNITY HALLS","23-Mar-2025","05-Dec-2025","974667","Physical Inspection"
"430","Normal/Others","WS/MP18113/2025-2026/162518-Construction of community centers and community halls","Maharashtra","Chhatrapati Sambhajinagar(DISTRICT COLLECTOR AURANGABAD_IDA)","BHUMARE SANDIPANRAO ASARAM","AURANGABAD_MH","GADHEGAON GANGAPUR TQ PAITHAN SHRIRAM DNYANDA WARKARI ASHRAM","30-Dec-2024","05-Jun-2025","1500000","Physical Inspection"
"431","Normal/Others","WS/MP18113/2025-2026/162522-Construction of community centers and community halls","Maharashtra","Chhatrapati Sambhajinagar(DISTRICT COLLECTOR AURANGABAD_IDA)","BHUMARE SANDIPANRAO ASARAM","AURANGABAD_MH","VERUL SHRINATH ASHRAM PARISARAT COMMUNITY HALLS RS 25 LAKH","30-Dec-2024","05-Aug-2025","2499612","Physical Inspection"
"432","Normal/Others","WS/MP18113/2025-2026/166722-Construction of community centers and community halls","Maharashtra","Chhatrapati Sambhajinagar(DISTRICT COLLECTOR AURANGABAD_IDA)","BHUMARE SANDIPANRAO ASARAM","AURANGABAD_MH","construction of community centers and community halls and dom","20-Feb-2025","06-Jan-2026","2482574","Physical Inspection"
"433","Normal/Others","WS/MP18122/2025-2026/175365-Construction of community centers and community halls","Maharashtra","Chhatrapati Sambhajinagar(DISTRICT COLLECTOR AURANGABAD_IDA)","KALYAN VAIJINATHRAO KALE","JALNA","Construction of Social Hall at Waregaon in Phulumbri Taluka.","12-Feb-2025","31-Dec-2025","1000000","Physical Inspection"
"434","Normal/Others","WS/MP18113/2025-2026/219628-Construction of roads, link roads, pathways or any other road with or without drainage system","Maharashtra","Chhatrapati Sambhajinagar(DISTRICT COLLECTOR AURANGABAD_IDA)","BHUMARE SANDIPANRAO ASARAM","AURANGABAD_MH","Jalgaon Ghat Tq Kannad HM 51 Kannad Vaijapur Road To Rajput Wasti Gut NO. 35 CC Road","18-Jul-2025","16-Oct-2025","989730","Physical Inspection"
"435","Normal/Others","WS/MP18122/2025-2026/225414-Construction of roads, link roads, pathways or any other road with or without drainage system","Maharashtra","Chhatrapati Sambhajinagar(DISTRICT COLLECTOR AURANGABAD_IDA)","KALYAN VAIJINATHRAO KALE","JALNA","Construction of a cement road from Sitaram Hades house to Srijan School at Ganeshnagar Bidkin Paithan taluka","06-Aug-2025","31-Dec-2025","1000000","Physical Inspection"
"436","Normal/Others","WS/MP18122/2025-2026/225415-Construction of roads, link roads, pathways or any other road with or without drainage system","Maharashtra","Chhatrapati Sambhajinagar(DISTRICT COLLECTOR AURANGABAD_IDA)","KALYAN VAIJINATHRAO KALE","JALNA","Construction of cement road at Pundaliknagar Bidkin Paithan taluka","06-Aug-2025","31-Dec-2025","1000000","Physical Inspection"
"437","Normal/Others","WS/MP18122/2025-2026/225427-Construction of roads, link roads, pathways or any other road with or without drainage system","Maharashtra","Chhatrapati Sambhajinagar(DISTRICT COLLECTOR AURANGABAD_IDA)","KALYAN VAIJINATHRAO KALE","JALNA","Construction of a cement road leading to the Muslim cemetery at Hiradpuri in Paithan taluka","06-Aug-2025","08-Dec-2025","492485","Physical Inspection"
"438","Normal/Others","WS/MP18122/2025-2026/222581-Construction of roads, link roads, pathways or any other road with or without drainage system","Maharashtra","Chhatrapati Sambhajinagar(DISTRICT COLLECTOR AURANGABAD_IDA)","KALYAN VAIJINATHRAO KALE","JALNA","Construction of cement road from Gram Panchayat office to Rajendra Walurkar house at Hiradpuri in Paithan taluka.","26-Jul-2025","08-Dec-2025","993760","Physical Inspection"
"439","Normal/Others","WS/MP18122/2025-2026/222582-Construction of roads, link roads, pathways or any other road with or without drainage system","Maharashtra","Chhatrapati Sambhajinagar(DISTRICT COLLECTOR AURANGABAD_IDA)","KALYAN VAIJINATHRAO KALE","JALNA","Construction of a cement road from Maroti Temple Ganeshnagar to Faju Sheikh house in Hiradpuri Paithan taluka","26-Jul-2025","08-Dec-2025","492469","Physical Inspection"
"440","Normal/Others","WS/MP18113/2026-2027/244708-Construction of roads, link roads, pathways or any other road with or without drainage system","Maharashtra","Chhatrapati Sambhajinagar(DISTRICT COLLECTOR AURANGABAD_IDA)","BHUMARE SANDIPANRAO ASARAM","AURANGABAD_MH","Mahanagarpalika Begampura Pahadsingpura Ward No 12 Baidhaleni Vidyapith Parisar Construction of C C Roads","30-Oct-2025","28-Jul-2026","2000000","Physical Inspection"
"441","Normal/Others","WS/MP18113/2026-2027/226267-Construction of roads, link roads, pathways or any other road with or without drainage system","Maharashtra","Chhatrapati Sambhajinagar(DISTRICT COLLECTOR AURANGABAD_IDA)","BHUMARE SANDIPANRAO ASARAM","AURANGABAD_MH","Rail Tq Kannad Sharad Dharanedar Home To Raju Kevat Home Constructon of Road","15-Sep-2025","14-May-2026","1000000","Physical Inspection"
"442","Normal/Others","WS/MP18113/2025-2026/226274-Construction of roads, link roads, pathways or any other road with or without drainage system","Maharashtra","Chhatrapati Sambhajinagar(DISTRICT COLLECTOR AURANGABAD_IDA)","BHUMARE SANDIPANRAO ASARAM","AURANGABAD_MH","Chhatrapati Sambhajingar Mahanagar Pailika Soujanyangar Balaji Nagar Shaikh Yusuf to Jamdhade Construction of CC Road","15-Sep-2025","16-Mar-2026","1000000","Physical Inspection"
"443","Normal/Others","WS/MP18113/2025-2026/226276-Construction of roads, link roads, pathways or any other road with or without drainage system","Maharashtra","Chhatrapati Sambhajinagar(DISTRICT COLLECTOR AURANGABAD_IDA)","BHUMARE SANDIPANRAO ASARAM","AURANGABAD_MH","Vaijapur Nagar Parishad Prabhag No 8 Survey NO 393 Construction of CC Road","15-Sep-2025","22-Dec-2025","993562","Physical Inspection"
"444","Normal/Others","WS/MP18113/2026-2027/193160-Construction of boundary walls of existing public and community buildings","Maharashtra","Chhatrapati Sambhajinagar(DISTRICT COLLECTOR AURANGABAD_IDA)","BHUMARE SANDIPANRAO ASARAM","AURANGABAD_MH","Ghanegaon Tq Gangapur Construction of Boundary Walls","05-Jun-2025","05-Sep-2026","1000000","Physical Inspection"
"445","Normal/Others","WS/MP18113/2026-2027/193162-Construction of boundary walls of existing public and community buildings","Maharashtra","Chhatrapati Sambhajinagar(DISTRICT COLLECTOR AURANGABAD_IDA)","BHUMARE SANDIPANRAO ASARAM","AURANGABAD_MH","Shendurwad Tq Gangapur Construction of Boundary Walls","05-Jun-2025","19-May-2026","1000000","Physical Inspection"
"446","Normal/Others","WS/MP18113/2026-2027/247450-Construction of boundary walls of existing public and community buildings","Maharashtra","Chhatrapati Sambhajinagar(DISTRICT COLLECTOR AURANGABAD_IDA)","BHUMARE SANDIPANRAO ASARAM","AURANGABAD_MH","Takli Bk Tq Kannad Grampanchayat Land Constructon of Boundary Walls","11-Nov-2025","14-May-2026","1000000","Physical Inspection"
"447","Normal/Others","WS/MP18113/2026-2027/247243-Construction of boundary walls of existing public and community buildings","Maharashtra","Chhatrapati Sambhajinagar(DISTRICT COLLECTOR AURANGABAD_IDA)","BHUMARE SANDIPANRAO ASARAM","AURANGABAD_MH","Mohara Tq Kannad Construction of Boundary Walls","10-Nov-2025","14-May-2026","1000000","Physical Inspection"
"448","Normal/Others","WS/MP18114/2026-2027/247816-Construction of boundary walls of existing public and community buildings","Maharashtra","BEED(DISTRICT COLLECTOR BEED_IDA)","BAJRANG MANOHAR SONWANE","BEED","Construction of a Protection Wall of the  Kabrasthan Janpir Dargah At. Surdi, Tq. Kaij","12-Nov-2025","01-Jul-2026","1000000","Vendor Identification"
"449","Normal/Others","WS/MP18114/2025-2026/166003-Construction of community centers and community halls","Maharashtra","BEED(DISTRICT COLLECTOR BEED_IDA)","BAJRANG MANOHAR SONWANE","BEED","Construction of Sabha Mandap on Gram Panchayat land  near Sri Kshetra Bhalkeshwar Sansthan Temple.","16-Jan-2025","18-Feb-2026","1000000","Vendor Identification"
"450","Normal/Others","WS/MP18114/2025-2026/166009-Construction of community centers and community halls","Maharashtra","BEED(DISTRICT COLLECTOR BEED_IDA)","BAJRANG MANOHAR SONWANE","BEED","Construction of Sabhamandap on Gram Panchayat land near Sri Kshetra Maruti Temple.","16-Jan-2025","14-Nov-2025","1000000","Vendor Identification"
"451","Normal/Others","WS/MP18114/2025-2026/166011-Construction of community centers and community halls","Maharashtra","BEED(DISTRICT COLLECTOR BEED_IDA)","BAJRANG MANOHAR SONWANE","BEED","Construction of Sabhamandap on Gram Panchayat land near Sri Kshetra Ganpati Temple.","16-Jan-2025","09-Feb-2026","1000000","Vendor Identification"
"452","Normal/Others","WS/MP18114/2025-2026/157436-Construction of community centers and community halls","Maharashtra","BEED(DISTRICT COLLECTOR BEED_IDA)","BAJRANG MANOHAR SONWANE","BEED","Construction of Sabhamandap on Gram Panchayat land near Sri Kshetra Mahadev Temple.","09-Dec-2024","15-Dec-2025","900000","Work Completed"
"453","Normal/Others","WS/MP18114/2025-2026/157437-Construction of community centers and community halls","Maharashtra","BEED(DISTRICT COLLECTOR BEED_IDA)","BAJRANG MANOHAR SONWANE","BEED","Construction of Sabhamandap on Gram Panchayat land near Sri Kshetra Birudev Temple.","09-Dec-2024","16-Sep-2025","1000000","Physical Inspection"
"454","Normal/Others","WS/MP18114/2025-2026/157438-Construction of community centers and community halls","Maharashtra","BEED(DISTRICT COLLECTOR BEED_IDA)","BAJRANG MANOHAR SONWANE","BEED","Construction of Sabhamandap on Gram Panchayat land.","09-Dec-2024","27-Mar-2026","1000000","Work Completed"
"455","Normal/Others","WS/MP18114/2025-2026/157440-Construction of community centers and community halls","Maharashtra","BEED(DISTRICT COLLECTOR BEED_IDA)","BAJRANG MANOHAR SONWANE","BEED","Construction of Sabhamandap on Gram Panchayat land near Sri Kshetra Biroba Temple.","09-Dec-2024","08-Oct-2025","999084","Physical Inspection"
"456","Normal/Others","WS/MP18114/2025-2026/157446-Construction of community centers and community halls","Maharashtra","BEED(DISTRICT COLLECTOR BEED_IDA)","BAJRANG MANOHAR SONWANE","BEED","Construction of Sabhamandap on Gram Panchayat land near Sri Kshetra Vitthal-Rukmini Temple.","09-Dec-2024","29-Jan-2026","994001","Physical Inspection"
"457","Normal/Others","WS/MP18114/2025-2026/157447-Construction of community centers and community halls","Maharashtra","BEED(DISTRICT COLLECTOR BEED_IDA)","BAJRANG MANOHAR SONWANE","BEED","Construction of Sabhamandap on Gram Panchayat land.","09-Dec-2024","11-Dec-2025","995218","Physical Inspection"
"458","Normal/Others","WS/MP18114/2025-2026/157450-Construction of community centers and community halls","Maharashtra","BEED(DISTRICT COLLECTOR BEED_IDA)","BAJRANG MANOHAR SONWANE","BEED","Construction of Sabhamandap on Gram Panchayat land near Sri Kshetra Tuljabhawani Temple.","09-Dec-2024","12-Aug-2025","995532","Physical Inspection"
"459","Normal/Others","WS/MP18114/2025-2026/157452-Construction of community centers and community halls","Maharashtra","BEED(DISTRICT COLLECTOR BEED_IDA)","BAJRANG MANOHAR SONWANE","BEED","Construction of Sabhamandap on Gram Panchayat land near Sri Kshetra Datta Temple.","09-Dec-2024","13-Mar-2026","997293","Physical Inspection"
"460","Normal/Others","WS/MP18114/2026-2027/157453-Construction of community centers and community halls","Maharashtra","BEED(DISTRICT COLLECTOR BEED_IDA)","BAJRANG MANOHAR SONWANE","BEED","Construction of Sabhamandap on Gram Panchayat land near Sri Swami Samarth Temple.","09-Dec-2024","22-Jun-2026","997213","Physical Inspection"
"461","Normal/Others","WS/MP18114/2025-2026/157454-Construction of community centers and community halls","Maharashtra","BEED(DISTRICT COLLECTOR BEED_IDA)","BAJRANG MANOHAR SONWANE","BEED","Construction of Sabhamandap on Gram Panchayat land.","09-Dec-2024","27-Mar-2026","1000000","Physical Inspection"
"462","Normal/Others","WS/MP18114/2025-2026/157456-Construction of community centers and community halls","Maharashtra","BEED(DISTRICT COLLECTOR BEED_IDA)","BAJRANG MANOHAR SONWANE","BEED","Construction of Sabhamandap on Gram Panchayat land near Sri Swami Samarth Temple Ghadgewasti.","09-Dec-2024","11-Dec-2025","995370","Physical Inspection"
"463","Normal/Others","WS/MP18114/2025-2026/157475-Construction of community centers and community halls","Maharashtra","BEED(DISTRICT COLLECTOR BEED_IDA)","BAJRANG MANOHAR SONWANE","BEED","Construction of Sabhamandap on Gram Panchayat land near Sri Kshetra Mahadev Temple.","09-Dec-2024","15-Sep-2025","998532","Physical Inspection"
"464","Normal/Others","WS/MP18114/2025-2026/157479-Construction of community centers and community halls","Maharashtra","BEED(DISTRICT COLLECTOR BEED_IDA)","BAJRANG MANOHAR SONWANE","BEED","Construction of Sabhamandap on Gram Panchayat land near Sri Kshetra Narsih Temple.","09-Dec-2024","15-Apr-2025","699468","Physical Inspection"
"465","Normal/Others","WS/MP18114/2025-2026/157481-Construction of community centers and community halls","Maharashtra","BEED(DISTRICT COLLECTOR BEED_IDA)","BAJRANG MANOHAR SONWANE","BEED","Construction of Sabhamandap on Gram Panchayat land.","09-Dec-2024","27-Mar-2026","1000000","Work Completed"
"466","Normal/Others","WS/MP18114/2026-2027/157491-Construction of community centers and community halls","Maharashtra","BEED(DISTRICT COLLECTOR BEED_IDA)","BAJRANG MANOHAR SONWANE","BEED","Construction of Sabhamandap on Gram Panchayat land.","09-Dec-2024","07-Sep-2026","1000000","Physical Inspection"
"467","Normal/Others","WS/MP18114/2025-2026/157492-Construction of community centers and community halls","Maharashtra","BEED(DISTRICT COLLECTOR BEED_IDA)","BAJRANG MANOHAR SONWANE","BEED","Construction of Sabhamandap on Gram Panchayat land near Sri Kshetra Ganpati Temple.","09-Dec-2024","27-Mar-2026","1000000","Work Completed"
"468","Normal/Others","WS/MP18114/2025-2026/157541-Construction of community centers and community halls","Maharashtra","BEED(DISTRICT COLLECTOR BEED_IDA)","BAJRANG MANOHAR SONWANE","BEED","Construction of Sabhamandap on Gram Panchayat land near Sri Kshetra Laxman Baba Puri Temple.","09-Dec-2024","29-Jan-2026","1000000","Work Completed"
"469","Normal/Others","WS/MP18114/2025-2026/157545-Construction of community centers and community halls","Maharashtra","BEED(DISTRICT COLLECTOR BEED_IDA)","BAJRANG MANOHAR SONWANE","BEED","Construction of Sabhamandap on Gram Panchayat land near Sri Kshetra Prajaneshwar Temple.","09-Dec-2024","18-Feb-2026","1000000","Vendor Identification"
"470","Normal/Others","WS/MP18114/2025-2026/157606-Construction of community centers and community halls","Maharashtra","BEED(DISTRICT COLLECTOR BEED_IDA)","BAJRANG MANOHAR SONWANE","BEED","Construction of Sabhamandap on Gram Panchayat land near Sri Kshetra Someshwar Temple.","09-Dec-2024","09-Feb-2026","1000000","Vendor Identification"
"471","Normal/Others","WS/MP18114/2025-2026/157610-Construction of community centers and community halls","Maharashtra","BEED(DISTRICT COLLECTOR BEED_IDA)","BAJRANG MANOHAR SONWANE","BEED","Construction of Sabhamandap on Gram Panchayat land near Sri Kshetra Ram Temple.","09-Dec-2024","18-Feb-2026","1000000","Vendor Identification"
"472","Normal/Others","WS/MP18114/2026-2027/157612-Construction of community centers and community halls","Maharashtra","BEED(DISTRICT COLLECTOR BEED_IDA)","BAJRANG MANOHAR SONWANE","BEED","Construction of Sabhamandap on Gram Panchayat land near Sri Kshetra Vai. H.bh.p..Adinathappa Puri Temple.","09-Dec-2024","21-May-2026","700000","Vendor Identification"
"473","Normal/Others","WS/MP18114/2025-2026/157616-Construction of community centers and community halls","Maharashtra","BEED(DISTRICT COLLECTOR BEED_IDA)","BAJRANG MANOHAR SONWANE","BEED","Construction of Sabhamandap on Gram Panchayat land near Sri Kshetra Bramhanath Temple.","09-Dec-2024","29-Jan-2026","1000000","Work Completed"
"474","Normal/Others","WS/MP18114/2025-2026/157622-Construction of community centers and community halls","Maharashtra","BEED(DISTRICT COLLECTOR BEED_IDA)","BAJRANG MANOHAR SONWANE","BEED","Construction of Sabhamandap on Gram Panchayat land near Sri Kshetra Hanuman Temple.","09-Dec-2024","15-Dec-2025","994717","Physical Inspection"
"475","Normal/Others","WS/MP18114/2026-2027/157625-Construction of community centers and community halls","Maharashtra","BEED(DISTRICT COLLECTOR BEED_IDA)","BAJRANG MANOHAR SONWANE","BEED","Construction of Sabhamandap on Gram Panchayat land near Sri Kshetra Jyotiba Temple.","09-Dec-2024","22-Jun-2026","1000000","Vendor Identification"
"476","Normal/Others","WS/MP18114/2025-2026/157634-Construction of community centers and community halls","Maharashtra","BEED(DISTRICT COLLECTOR BEED_IDA)","BAJRANG MANOHAR SONWANE","BEED","Construction of Sabha Mandap in Dalit wasti on Gram Panchayat land. (Special Component Scheme)","09-Dec-2024","27-Mar-2026","1000000","Physical Inspection"
"477","Normal/Others","WS/MP18114/2026-2027/157647-Construction of community centers and community halls","Maharashtra","BEED(DISTRICT COLLECTOR BEED_IDA)","BAJRANG MANOHAR SONWANE","BEED","Construction of Sabha Mandap in Dalit wasti on Gram Panchayat land.(Special Component Scheme)","09-Dec-2024","19-Jun-2026","1000000","Physical Inspection"
"478","Normal/Others","WS/MP18114/2026-2027/157648-Construction of community centers and community halls","Maharashtra","BEED(DISTRICT COLLECTOR BEED_IDA)","BAJRANG MANOHAR SONWANE","BEED","Construction of Sabha Mandap in Dalit wasti on Gram Panchayat land  Near Buddha Vihar.(Special Component Scheme)","09-Dec-2024","22-Jun-2026","1000000","Physical Inspection"
"479","Normal/Others","WS/MP18114/2026-2027/157654-Construction of community centers and community halls","Maharashtra","BEED(DISTRICT COLLECTOR BEED_IDA)","BAJRANG MANOHAR SONWANE","BEED","Construction of Sabha Mandap in Matang wasti on Gram Panchayat land.(Special Component Scheme)","09-Dec-2024","19-Jun-2026","1000000","Physical Inspection"
"480","Normal/Others","WS/MP18114/2025-2026/157656-Construction of community centers and community halls","Maharashtra","BEED(DISTRICT COLLECTOR BEED_IDA)","BAJRANG MANOHAR SONWANE","BEED","Construction of ?Cemetery and Protection Wall in Dalit wasti on Gram Panchayat land.(Special Component Scheme)","09-Dec-2024","24-Jun-2025","896192","Physical Inspection"
"481","Normal/Others","WS/MP18114/2025-2026/157658-Construction of community centers and community halls","Maharashtra","BEED(DISTRICT COLLECTOR BEED_IDA)","BAJRANG MANOHAR SONWANE","BEED","Construction of Sabha Mandap in Dalit wasti on Gram Panchayat land.(Special Component Scheme)","09-Dec-2024","09-Feb-2026","898526","Physical Inspection"
"482","Normal/Others","WS/MP18114/2026-2027/227497-Construction of community centers and community halls","Maharashtra","BEED(DISTRICT COLLECTOR BEED_IDA)","BAJRANG MANOHAR SONWANE","BEED","Construction of Sabhamandap on Gram Panchayat land near Sri Kshetra Shivgiribaba Temple.","18-Aug-2025","16-Jul-2026","1000000","Vendor Identification"
"483","Normal/Others","WS/MP18114/2026-2027/227498-Construction of community centers and community halls","Maharashtra","BEED(DISTRICT COLLECTOR BEED_IDA)","BAJRANG MANOHAR SONWANE","BEED","Construction of Sabhamandap on Gram Panchayat land near Sri Kshetra Datta Temple.","18-Aug-2025","16-Jul-2026","1000000","Vendor Identification"
"484","Normal/Others","WS/MP18114/2026-2027/227486-Construction of community centers and community halls","Maharashtra","BEED(DISTRICT COLLECTOR BEED_IDA)","BAJRANG MANOHAR SONWANE","BEED","Construction of Sabhamandap on Gram Panchayat land near Sri Kshetra Sawata Temple.","18-Aug-2025","21-May-2026","1000000","Physical Inspection"
"485","Normal/Others","WS/MP18114/2026-2027/227487-Construction of community centers and community halls","Maharashtra","BEED(DISTRICT COLLECTOR BEED_IDA)","BAJRANG MANOHAR SONWANE","BEED","Construction of Sabhamandap on Gram Panchayat land near Sri Kshetra Renukamata Temple.","18-Aug-2025","21-Aug-2026","1000000","Physical Inspection"
"486","Normal/Others","WS/MP18114/2026-2027/247796-Construction of community centers and community halls","Maharashtra","BEED(DISTRICT COLLECTOR BEED_IDA)","BAJRANG MANOHAR SONWANE","BEED","Construction of Community hall in Harihar Nagar on Gram Panchayat land near Sri Kshetra Mahadev Temple At. Sonijawala Tq. Kaij","12-Nov-2025","13-Aug-2026","1000000","Vendor Identification"
"487","Normal/Others","WS/MP18114/2026-2027/247799-Construction of community centers and community halls","Maharashtra","BEED(DISTRICT COLLECTOR BEED_IDA)","BAJRANG MANOHAR SONWANE","BEED","Construction of Community hall on Gram Panchayat land near Sri Kshetra Shrisant Dnyanobarai Bhaktidham Temple At. Dhakephal Tq. Kaij","12-Nov-2025","13-Aug-2026","1000000","Vendor Identification"
"488","Normal/Others","WS/MP18114/2026-2027/247802-Construction of community centers and community halls","Maharashtra","BEED(DISTRICT COLLECTOR BEED_IDA)","BAJRANG MANOHAR SONWANE","BEED","Construction of Community hall on Gram Panchayat land near Sri Kshetra Mahadev Temple At. UmbarVihira Tq. Patoda","12-Nov-2025","07-Sep-2026","1000000","Sanction"
"489","Normal/Others","WS/MP18114/2026-2027/247814-Construction of roads, link roads, pathways or any other road with or without drainage system","Maharashtra","BEED(DISTRICT COLLECTOR BEED_IDA)","BAJRANG MANOHAR SONWANE","BEED","Construction of Cement Concrete road and Drainage From the House of Mr. Hari Arkade to Bhaite  Grocery Shop. (Special Component Scheme) At. Borgaon Tq. Kaij","12-Nov-2025","01-Sep-2026","1000000","Sanction"
"490","Normal/Others","WS/MP18115/2026-2027/186422-Construction of roads, link roads, pathways or any other road with or without drainage system","Maharashtra","BHANDARA(DISTRICT COLLECTOR BHANDARA_IDA)","DR. PRASHANT YADAORAO PADOLE","BHANDARA-GONDIYA","Construction of cement concrete road","25-Mar-2025","01-Sep-2026","700000","Physical Inspection"
"491","Normal/Others","WS/MP18115/2025-2026/186471-Construction of roads, link roads, pathways or any other road with or without drainage system","Maharashtra","BHANDARA(DISTRICT COLLECTOR BHANDARA_IDA)","DR. PRASHANT YADAORAO PADOLE","BHANDARA-GONDIYA","Construction of Cement Concrete Road","25-Mar-2025","26-Feb-2026","697787","Physical Inspection"
"492","Normal/Others","WS/MP18115/2026-2027/186434-Construction of roads, link roads, pathways or any other road with or without drainage system","Maharashtra","BHANDARA(DISTRICT COLLECTOR BHANDARA_IDA)","DR. PRASHANT YADAORAO PADOLE","BHANDARA-GONDIYA","Construction of cement road","25-Mar-2025","23-Jun-2026","700000","Physical Inspection"
"493","Normal/Others","WS/MP18115/2026-2027/186437-Construction of roads, link roads, pathways or any other road with or without drainage system","Maharashtra","BHANDARA(DISTRICT COLLECTOR BHANDARA_IDA)","DR. PRASHANT YADAORAO PADOLE","BHANDARA-GONDIYA","Construction of cement road","25-Mar-2025","23-Jun-2026","700000","Physical Inspection"
"494","Normal/Others","WS/MP18115/2025-2026/186488-Construction of roads, link roads, pathways or any other road with or without drainage system","Maharashtra","BHANDARA(DISTRICT COLLECTOR BHANDARA_IDA)","DR. PRASHANT YADAORAO PADOLE","BHANDARA-GONDIYA","Construction of Cement Road","25-Mar-2025","20-Mar-2026","687408","Physical Inspection"
"495","Normal/Others","WS/MP18115/2026-2027/186492-Construction of roads, link roads, pathways or any other road with or without drainage system","Maharashtra","BHANDARA(DISTRICT COLLECTOR BHANDARA_IDA)","DR. PRASHANT YADAORAO PADOLE","BHANDARA-GONDIYA","Construction of Lane by interlocking Paver Block","25-Mar-2025","15-Jul-2026","700000","Physical Inspection"
"496","Normal/Others","WS/MP18115/2026-2027/186493-Construction of roads, link roads, pathways or any other road with or without drainage system","Maharashtra","BHANDARA(DISTRICT COLLECTOR BHANDARA_IDA)","DR. PRASHANT YADAORAO PADOLE","BHANDARA-GONDIYA","Installation of Paver Block (Interlocking)","25-Mar-2025","09-Apr-2026","299649","Physical Inspection"
"497","Normal/Others","WS/MP18115/2025-2026/186458-Construction of roads, link roads, pathways or any other road with or without drainage system","Maharashtra","BHANDARA(DISTRICT COLLECTOR BHANDARA_IDA)","DR. PRASHANT YADAORAO PADOLE","BHANDARA-GONDIYA","Construction of cement road","25-Mar-2025","20-Mar-2026","697398","Physical Inspection"
"498","Normal/Others","WS/MP18115/2026-2027/186414-Construction of roads, link roads, pathways or any other road with or without drainage system","Maharashtra","BHANDARA(DISTRICT COLLECTOR BHANDARA_IDA)","DR. PRASHANT YADAORAO PADOLE","BHANDARA-GONDIYA","Construction of cement road","25-Mar-2025","09-Apr-2026","694967","Physical Inspection"
"499","Normal/Others","WS/MP18115/2025-2026/188849-Construction of roads, link roads, pathways or any other road with or without drainage system","Maharashtra","BHANDARA(DISTRICT COLLECTOR BHANDARA_IDA)","DR. PRASHANT YADAORAO PADOLE","BHANDARA-GONDIYA","Construction of cement road and cement drainage","04-Apr-2025","16-Feb-2026","1000000","Physical Inspection"
"500","Normal/Others","WS/MP18115/2026-2027/186428-Construction of community centers and community halls","Maharashtra","BHANDARA(DISTRICT COLLECTOR BHANDARA_IDA)","DR. PRASHANT YADAORAO PADOLE","BHANDARA-GONDIYA","Construction of Hall","25-Mar-2025","15-Jul-2026","700000","Physical Inspection"
"501","Normal/Others","WS/MP18115/2026-2027/186433-Construction of community centers and community halls","Maharashtra","BHANDARA(DISTRICT COLLECTOR BHANDARA_IDA)","DR. PRASHANT YADAORAO PADOLE","BHANDARA-GONDIYA","Construction of Hall","25-Mar-2025","23-Jun-2026","700000","Physical Inspection"
"502","Normal/Others","WS/MP18115/2026-2027/186439-Construction of community centers and community halls","Maharashtra","BHANDARA(DISTRICT COLLECTOR BHANDARA_IDA)","DR. PRASHANT YADAORAO PADOLE","BHANDARA-GONDIYA","Construction of Hall","25-Mar-2025","02-Jul-2026","700000","Physical Inspection"
"503","Normal/Others","WS/MP18115/2026-2027/186442-Construction of community centers and community halls","Maharashtra","BHANDARA(DISTRICT COLLECTOR BHANDARA_IDA)","DR. PRASHANT YADAORAO PADOLE","BHANDARA-GONDIYA","Construction of Hall","25-Mar-2025","15-Jul-2026","700000","Physical Inspection"
"504","Normal/Others","WS/MP18115/2026-2027/186454-Construction of community centers and community halls","Maharashtra","BHANDARA(DISTRICT COLLECTOR BHANDARA_IDA)","DR. PRASHANT YADAORAO PADOLE","BHANDARA-GONDIYA","Construction of Social Hall","25-Mar-2025","23-Jun-2026","700000","Physical Inspection"
"505","Normal/Others","WS/MP18115/2026-2027/186475-Construction of community centers and community halls","Maharashtra","BHANDARA(DISTRICT COLLECTOR BHANDARA_IDA)","DR. PRASHANT YADAORAO PADOLE","BHANDARA-GONDIYA","Construction of Hall","25-Mar-2025","23-Jun-2026","700000","Physical Inspection"
"506","Normal/Others","WS/MP18115/2026-2027/186459-Construction of community centers and community halls","Maharashtra","BHANDARA(DISTRICT COLLECTOR BHANDARA_IDA)","DR. PRASHANT YADAORAO PADOLE","BHANDARA-GONDIYA","Construction of Hall","25-Mar-2025","01-Sep-2026","1000000","Time Estimation"
"507","Normal/Others","WS/MP18115/2025-2026/186494-Construction of boundary walls of existing public and community buildings","Maharashtra","BHANDARA(DISTRICT COLLECTOR BHANDARA_IDA)","DR. PRASHANT YADAORAO PADOLE","BHANDARA-GONDIYA","Construction of compound wall and beautification","25-Mar-2025","20-Mar-2026","497428","Physical Inspection"
"508","Normal/Others","WS/MP18115/2025-2026/186476-Construction of boundary walls of existing public and community buildings","Maharashtra","BHANDARA(DISTRICT COLLECTOR BHANDARA_IDA)","DR. PRASHANT YADAORAO PADOLE","BHANDARA-GONDIYA","Construction of Compound wall","25-Mar-2025","26-Feb-2026","697396","Physical Inspection"
"509","Normal/Others","WS/MP675/2025-2026/257402-Construction of community centers and community halls","Maharashtra","BULDHANA(DISTRICT COLLECTOR BULDHANA_IDA)","Prataprao Jadhav","BULDHANA","Construction of a community hall in front of the ancient Khandoba hill area in Deulgaon Raja","08-Jan-2026","02-Mar-2026","1000000","Work partially Completed"
"510","Normal/Others","WS/MP675/2025-2026/257406-Construction of footpaths and pedestrian ways","Maharashtra","BULDHANA(DISTRICT COLLECTOR BULDHANA_IDA)","Prataprao Jadhav","BULDHANA","Construction of toilets and installation of paver blocks in the ancient Khandoba hill area of Deulgaon Raja","08-Jan-2026","02-Mar-2026","500000","Work partially Completed"
"511","Normal/Others","WS/MP18258/2026-2027/183826-Construction of roads, link roads, pathways or any other road with or without drainage system","Maharashtra","CHANDRAPUR(DISTRICT COLLECTOR CHANDRAPUR_IDA)","DHANORKAR PRATIBHA SURESH ALIAS BALUBHAU","CHANDRAPUR","Construction of cement concrete road from the entrance to Sanjay Bodhane house in Vanoja Taluka Warora.","20-Mar-2025","02-Sep-2026","2000000","Physical Inspection"
"512","Normal/Others","WS/MP18258/2026-2027/183905-Construction of roads, link roads, pathways or any other road with or without drainage system","Maharashtra","CHANDRAPUR(DISTRICT COLLECTOR CHANDRAPUR_IDA)","DHANORKAR PRATIBHA SURESH ALIAS BALUBHAU","CHANDRAPUR","Arjuni Tu. Construction of cement concrete road from Raju Soyam house to Forest Naka in Warora.","20-Mar-2025","01-Sep-2026","1000000","Physical Inspection"
"513","Normal/Others","WS/MP18258/2026-2027/183805-Construction of roads, link roads, pathways or any other road with or without drainage system","Maharashtra","CHANDRAPUR(DISTRICT COLLECTOR CHANDRAPUR_IDA)","DHANORKAR PRATIBHA SURESH ALIAS BALUBHAU","CHANDRAPUR","Construction of cement road from Homeless Colony Anganwadi to Kavadjai Road in Ward No. 4, Mauja Kothari, Tal. Ballarpur.","20-Mar-2025","17-Jun-2026","1500000","Physical Inspection"
"514","Normal/Others","WS/MP18258/2026-2027/183811-Construction of roads, link roads, pathways or any other road with or without drainage system","Maharashtra","CHANDRAPUR(DISTRICT COLLECTOR CHANDRAPUR_IDA)","DHANORKAR PRATIBHA SURESH ALIAS BALUBHAU","CHANDRAPUR","Construction of cement concrete road from Babarla Road to Ashok Thackeray house in Mouja Gadisurla, Taluka Mul.","20-Mar-2025","18-Jun-2026","1000000","Physical Inspection"
"515","Normal/Others","WS/MP18258/2026-2027/183812-Construction of roads, link roads, pathways or any other road with or without drainage system","Maharashtra","CHANDRAPUR(DISTRICT COLLECTOR CHANDRAPUR_IDA)","DHANORKAR PRATIBHA SURESH ALIAS BALUBHAU","CHANDRAPUR","Construction of cement road from Shri Ramrao Tonge house to Shri Salve farm in Mouja Kotimakta, Taluka Ballarpur.","20-Mar-2025","18-Jun-2026","1500000","Physical Inspection"
"516","Normal/Others","WS/MP18258/2025-2026/183816-Construction of roads, link roads, pathways or any other road with or without drainage system","Maharashtra","CHANDRAPUR(DISTRICT COLLECTOR CHANDRAPUR_IDA)","DHANORKAR PRATIBHA SURESH ALIAS BALUBHAU","CHANDRAPUR","Construction of the remaining road from the house of Mr. Yashwant Bodhe in Mouja Kosara, Taluka Chandrapur to D.P. Road.","20-Mar-2025","09-Mar-2026","500000","Work Completed"
"517","Normal/Others","WS/MP18258/2026-2027/183793-Construction of roads, link roads, pathways or any other road with or without drainage system","Maharashtra","CHANDRAPUR(DISTRICT COLLECTOR CHANDRAPUR_IDA)","DHANORKAR PRATIBHA SURESH ALIAS BALUBHAU","CHANDRAPUR","Construction of cement concrete road from the house of Shri Muralidhar Burande in Mauja Itoli, Tal. Ballarpur to Itoli Lake.","20-Mar-2025","18-Jun-2026","1500000","Physical Inspection"
"518","Normal/Others","WS/MP18258/2026-2027/183797-Construction of roads, link roads, pathways or any other road with or without drainage system","Maharashtra","CHANDRAPUR(DISTRICT COLLECTOR CHANDRAPUR_IDA)","DHANORKAR PRATIBHA SURESH ALIAS BALUBHAU","CHANDRAPUR","Construction of cement concrete road from Ghanshtha Atta Chakki to Shri Padgelwar house to Shri Nitin Jadhav house at vitthal Mandir Ward No. 15, Chandrapur.","20-Mar-2025","03-Aug-2026","1500000","Physical Inspection"
"519","Normal/Others","WS/MP18119/2025-2026/163436-Construction of public libraries and reading rooms","Maharashtra","CHANDRAPUR(DISTRICT COLLECTOR CHANDRAPUR_IDA)","DR. KIRSAN NAMDEO","GADCHIROLI-CHIMUR(ST)","Construction of a Library at Mangli Ta Nagbhid Dist Chandrapur","04-Jan-2025","20-Mar-2026","1500000","Work Completed"
"520","Normal/Others","WS/MP18119/2026-2027/163437-Construction of public libraries and reading rooms","Maharashtra","CHANDRAPUR(DISTRICT COLLECTOR CHANDRAPUR_IDA)","DR. KIRSAN NAMDEO","GADCHIROLI-CHIMUR(ST)","Construction of a Library at Vivekanand Vidyalaya Sathgaon Ta Chimur Dist Chandrapur","04-Jan-2025","20-May-2026","1500000","Physical Inspection"
"521","Normal/Others","WS/MP18119/2026-2027/163438-Construction of public libraries and reading rooms","Maharashtra","CHANDRAPUR(DISTRICT COLLECTOR CHANDRAPUR_IDA)","DR. KIRSAN NAMDEO","GADCHIROLI-CHIMUR(ST)","Construction of Library at Bothali under Nagar Panchayat Nagbhid Ta Nagbhid Dist Chandrapur","04-Jan-2025","15-Jun-2026","1500000","Physical Inspection"
"522","Normal/Others","WS/MP18119/2025-2026/163439-Construction of public libraries and reading rooms","Maharashtra","CHANDRAPUR(DISTRICT COLLECTOR CHANDRAPUR_IDA)","DR. KIRSAN NAMDEO","GADCHIROLI-CHIMUR(ST)","Construction of a Library at N.J. Raut Vidyalaya Adegaon Ta Chimur Dist Chandrapur","04-Jan-2025","11-Mar-2026","1500000","Work Completed"
"523","Normal/Others","WS/MP18258/2025-2026/164630-Purchase of IT systems, including hardware and software for educational purposes","Maharashtra","CHANDRAPUR(DISTRICT COLLECTOR CHANDRAPUR_IDA)","DHANORKAR PRATIBHA SURESH ALIAS BALUBHAU","CHANDRAPUR","Late Gopalrao Wankhede College at Nandgaon Pode, Distt. Chandrapur Providing 5 computer sets with printers.","09-Jan-2025","05-Jun-2025","500000","Work Completed"
"524","Normal/Others","WS/MP18258/2025-2026/159947-Construction of public irrigation facilities","Maharashtra","CHANDRAPUR(DISTRICT COLLECTOR CHANDRAPUR_IDA)","DHANORKAR PRATIBHA SURESH ALIAS BALUBHAU","CHANDRAPUR","Construction of slab drain for protection of underground pipeline of Ordnance Factory Chanda Colony on Majri Deurwada Dhorvasa Pipri Mursa (M.D.R. 10) road between Dhorvasa and Pipri Pochmarg in Taluka Bhadravati District Chandrapur.","06-Jan-2025","26-Mar-2026","2500000","Work Completed"
"525","Normal/Others","WS/MP18258/2025-2026/183814-Providing drains and gutters for public drainage","Maharashtra","CHANDRAPUR(DISTRICT COLLECTOR CHANDRAPUR_IDA)","DHANORKAR PRATIBHA SURESH ALIAS BALUBHAU","CHANDRAPUR","Construction of a closed drain from the house of Mr. Yashwant Bodhe to the house of Mr. Rahul Tayde in Mouja Kosara, Taluka Chandrapur.","20-Mar-2025","09-Mar-2026","1000000","Work Completed"
"526","Normal/Others","WS/MP18258/2026-2027/183802-Providing drains and gutters for public drainage","Maharashtra","CHANDRAPUR(DISTRICT COLLECTOR CHANDRAPUR_IDA)","DHANORKAR PRATIBHA SURESH ALIAS BALUBHAU","CHANDRAPUR","Construction of cement concrete drain from the house of Shri Zakir Ali to the house of Rudra Shettiwar under Gram Panchayat Bamani, Taluka Ballarpur.","20-Mar-2025","19-Jun-2026","1000000","Physical Inspection"
"527","Normal/Others","WS/MP18258/2025-2026/183824-Providing drains and gutters for public drainage","Maharashtra","CHANDRAPUR(DISTRICT COLLECTOR CHANDRAPUR_IDA)","DHANORKAR PRATIBHA SURESH ALIAS BALUBHAU","CHANDRAPUR","Construction of a drain from the house of Shri Gangadhar Mekalwar in Korpana, Parsoda Taluka to the house of Dilip Pachbhai.","20-Mar-2025","11-Mar-2026","1000000","Work Completed"
"528","Normal/Others","WS/MP18117/2025-2026/166250-Installing tube-wells and borewells","Maharashtra","DHULE(DISTRICT COLLECTOR DHULE_IDA)","BACHHAV SHOBHA DINESH","DHULE","Boring At Various Location in Dhule City","17-Jan-2025","24-Apr-2025","878646","Physical Inspection"
"529","Normal/Others","WS/MP18117/2025-2026/164398-Providing supply pipelines for drinking water","Maharashtra","DHULE(DISTRICT COLLECTOR DHULE_IDA)","BACHHAV SHOBHA DINESH","DHULE","Providing drinking water facility at Dildar Nagar, Bhangar Bazar, Jai Shankar Colony in Dhule city tel dist dhule","13-Jan-2025","05-Feb-2026","500000","Sanction"
"530","Normal/Others","WS/MP18117/2024-2025/170214-Purchase of IT systems, including hardware and software for educational purposes","Maharashtra","DHULE(DISTRICT COLLECTOR DHULE_IDA)","BACHHAV SHOBHA DINESH","DHULE","Digitalis 2 classrooms at shri. Annasaheb D.V. Patil Secondary and Higher Secondary School Nagaon tal.Dist. Dhule","29-Jan-2025","13-Mar-2025","1000000","Physical Inspection"
"531","Normal/Others","WS/MP18117/2024-2025/142021-Purchase of smart boards, visual display units and projectors","Maharashtra","DHULE(DISTRICT COLLECTOR DHULE_IDA)","BACHHAV SHOBHA DINESH","DHULE","Supply interactive board , computer , vc camera (for two class room)  at   shri kapileshwar madhymik vidhyalay mudavad tal shindkheda","20-Sep-2024","02-Dec-2024","1000000","Physical Inspection"
"532","Normal/Others","WS/MP18117/2024-2025/142022-Purchase of smart boards, visual display units and projectors","Maharashtra","DHULE(DISTRICT COLLECTOR DHULE_IDA)","BACHHAV SHOBHA DINESH","DHULE","Supply interactive board , computer , vc camera (for two class room) at priyadarshani indira gandhi madhymik vidhyalay v kanisth mahavidhyaly betavad tal shindhkheda","20-Sep-2024","02-Dec-2024","1000000","Physical Inspection"
"533","Normal/Others","WS/MP18117/2025-2026/164375-Construction of bus-sheds or bus-stops","Maharashtra","DHULE(DISTRICT COLLECTOR DHULE_IDA)","BACHHAV SHOBHA DINESH","DHULE","pickup Shed  at  Sondale,tel. Shindkheda Dist. Dhule.","13-Jan-2025","04-Feb-2026","500000","Sanction"
"534","Normal/Others","WS/MP18117/2025-2026/164378-Construction of bus-sheds or bus-stops","Maharashtra","DHULE(DISTRICT COLLECTOR DHULE_IDA)","BACHHAV SHOBHA DINESH","DHULE","pickup Shed at Dangurne. at Shindkheda Dist. Dhule.","13-Jan-2025","04-Feb-2026","500000","Sanction"
"535","Trust and Society","WS/MP18117/2025-2026/234887-Construction of boundary walls of existing public and community buildings","Maharashtra","DHULE(DISTRICT COLLECTOR DHULE_IDA)","BACHHAV SHOBHA DINESH","DHULE","Construction of a protective wall at Sarkarsaheb Rawal Secondary school Building at bamhane tal shindkheda dist dhule","09-Dec-2025","18-Mar-2026","3000000","Sanction"
"536","Normal/Others","WS/MP18117/2025-2026/164367-Crematoriums/energy efficient crematoriums or structures on burial/cremation ground","Maharashtra","DHULE(DISTRICT COLLECTOR DHULE_IDA)","BACHHAV SHOBHA DINESH","DHULE","To provide public facilities and install batches in Amardham at Tawkheda P B Taluka Shindkheda District Dhule","13-Jan-2025","04-Feb-2026","1000000","Sanction"
"537","Normal/Others","WS/MP18117/2026-2027/263173-Crematoriums/energy efficient crematoriums or structures on burial/cremation ground","Maharashtra","DHULE(DISTRICT COLLECTOR DHULE_IDA)","BACHHAV SHOBHA DINESH","DHULE","to carry out cemetery work for public conveience in amardham at nandane village taluka dist dhule","16-Mar-2026","30-Jun-2026","1500000","Sanction"
"538","Normal/Others","WS/MP18117/2026-2027/275544-Construction of community centers and community halls","Maharashtra","DHULE(DISTRICT COLLECTOR DHULE_IDA)","BACHHAV SHOBHA DINESH","DHULE","Construction the community hall at dhanur tal disrt dhule","23-Mar-2026","14-Jul-2026","1000000","Sanction"
"539","Normal/Others","WS/MP18117/2026-2027/275545-Construction of community centers and community halls","Maharashtra","DHULE(DISTRICT COLLECTOR DHULE_IDA)","BACHHAV SHOBHA DINESH","DHULE","Construction of community hall at bambule pr ner tal disrt dhule","23-Mar-2026","14-Jul-2026","1000000","Sanction"
"540","Normal/Others","WS/MP18126/2025-2026/270175-Construction of community centers and community halls","Maharashtra","DHULE(DISTRICT COLLECTOR DHULE_IDA)","ADV GOWAAL KAGADA PADAVI","NANDURBAR(ST)","Construction of Community Hall","21-Feb-2026","28-Mar-2026","1000000","Sanction"
"541","Normal/Others","WS/MP18117/2025-2026/248295-Construction of community centers and community halls","Maharashtra","DHULE(DISTRICT COLLECTOR DHULE_IDA)","BACHHAV SHOBHA DINESH","DHULE","Construct the community hall at prabhag no 3 laxmi nagar at dhule city","09-Dec-2025","27-Feb-2026","1000000","Sanction"
"542","Normal/Others","WS/MP18117/2025-2026/249897-Construction of community centers and community halls","Maharashtra","DHULE(DISTRICT COLLECTOR DHULE_IDA)","BACHHAV SHOBHA DINESH","DHULE","Construction of Community hall at Bendrpada Tal Dist. Dhule","03-Jan-2026","27-Jan-2026","1000000","Sanction"
"543","Normal/Others","WS/MP18117/2025-2026/256866-Construction of community centers and community halls","Maharashtra","DHULE(DISTRICT COLLECTOR DHULE_IDA)","BACHHAV SHOBHA DINESH","DHULE","Construction the community hall at mahalkali tal dist dhule","16-Mar-2026","18-Mar-2026","1000000","Sanction"
"544","Normal/Others","WS/MP18117/2025-2026/185253-Construction of community centers and community halls","Maharashtra","DHULE(DISTRICT COLLECTOR DHULE_IDA)","BACHHAV SHOBHA DINESH","DHULE","Assembly Hall at Khandlay Bud. Tal.Dist. Dhule","21-Mar-2025","03-Feb-2026","1500000","Sanction"
"545","Normal/Others","WS/MP18117/2025-2026/164365-Construction of community centers and community halls","Maharashtra","DHULE(DISTRICT COLLECTOR DHULE_IDA)","BACHHAV SHOBHA DINESH","DHULE","Construction of assembly hall at Babhale old village Babhale tel shindhkheda dist dhule","13-Jan-2025","04-Feb-2026","1000000","Sanction"
"546","Normal/Others","WS/MP18117/2026-2027/164381-Construction of community centers and community halls","Maharashtra","DHULE(DISTRICT COLLECTOR DHULE_IDA)","BACHHAV SHOBHA DINESH","DHULE","Construction of assembly hall at Mauje Dongargaon","13-Jan-2025","14-Jul-2026","1000000","Sanction"
"547","Normal/Others","WS/MP18117/2025-2026/164391-Construction of community centers and community halls","Maharashtra","DHULE(DISTRICT COLLECTOR DHULE_IDA)","BACHHAV SHOBHA DINESH","DHULE","Construction of Assembly Hall Ward no. 17 survey no. 532","13-Jan-2025","27-Feb-2026","1500000","Sanction"
"548","Normal/Others","WS/MP18117/2025-2026/164393-Construction of community centers and community halls","Maharashtra","DHULE(DISTRICT COLLECTOR DHULE_IDA)","BACHHAV SHOBHA DINESH","DHULE","Construction of Assembly hall at Ekta Nagar, Biladi Road Devpur. Tel dist dhule","13-Jan-2025","05-Feb-2026","1000000","Physical Inspection"
"549","Normal/Others","WS/MP18117/2026-2027/164397-Construction of community centers and community halls","Maharashtra","DHULE(DISTRICT COLLECTOR DHULE_IDA)","BACHHAV SHOBHA DINESH","DHULE","Construction of Assembly hall in open space  Dhule Municipal Corporation at Sadguru Colony, Devpur.tel dist dhule","13-Jan-2025","30-Jun-2026","1498610","Sanction"
"550","Normal/Others","WS/MP18117/2026-2027/164505-Construction of community centers and community halls","Maharashtra","DHULE(DISTRICT COLLECTOR DHULE_IDA)","BACHHAV SHOBHA DINESH","DHULE","Construction of assembly hall at nandale bk. Tal.dist. Dhule.","13-Jan-2025","30-Jun-2026","1000000","Sanction"
"551","Normal/Others","WS/MP18117/2025-2026/248758-Construction of roads, link roads, pathways or any other road with or without drainage system","Maharashtra","DHULE(DISTRICT COLLECTOR DHULE_IDA)","BACHHAV SHOBHA DINESH","DHULE","Construction of road in Devpur area in prabhag kr 03","09-Dec-2025","06-Mar-2026","2000000","Sanction"
"552","Normal/Others","WS/MP18117/2025-2026/253027-Construction of roads, link roads, pathways or any other road with or without drainage system","Maharashtra","DHULE(DISTRICT COLLECTOR DHULE_IDA)","BACHHAV SHOBHA DINESH","DHULE","Concreting the road from surekha kiran jondhale house to anil shinde house in ward no 12 dule city","09-Dec-2025","24-Mar-2026","1000000","Sanction"
"553","Normal/Others","WS/MP18117/2025-2026/253081-Construction of roads, link roads, pathways or any other road with or without drainage system","Maharashtra","DHULE(DISTRICT COLLECTOR DHULE_IDA)","BACHHAV SHOBHA DINESH","DHULE","Construction of road work at Nimgul tal shindkheda dist dhule","09-Dec-2025","24-Feb-2026","1000000","Sanction"
"554","Normal/Others","WS/MP18117/2025-2026/164510-Construction of roads, link roads, pathways or any other road with or without drainage system","Maharashtra","DHULE(DISTRICT COLLECTOR DHULE_IDA)","BACHHAV SHOBHA DINESH","DHULE","Mouje Kapadne Installation of paver blocks on the side strip on both sides of the concrete road from Borse High School to Vishnunagar.","13-Jan-2025","12-Mar-2026","1000000","Sanction"
"555","Normal/Others","WS/MP18117/2025-2026/164512-Construction of roads, link roads, pathways or any other road with or without drainage system","Maharashtra","DHULE(DISTRICT COLLECTOR DHULE_IDA)","BACHHAV SHOBHA DINESH","DHULE","Concrete road at mauje Kauthal Dist. Dhule","13-Jan-2025","04-Feb-2026","989166","Physical Inspection"
"556","Normal/Others","WS/MP18117/2025-2026/164520-Construction of roads, link roads, pathways or any other road with or without drainage system","Maharashtra","DHULE(DISTRICT COLLECTOR DHULE_IDA)","BACHHAV SHOBHA DINESH","DHULE","Concrete Road and Sewerage at anchade tada","13-Jan-2025","04-Feb-2026","899164","Physical Inspection"
"557","Normal/Others","WS/MP18117/2026-2027/164374-Construction of roads, link roads, pathways or any other road with or without drainage system","Maharashtra","DHULE(DISTRICT COLLECTOR DHULE_IDA)","BACHHAV SHOBHA DINESH","DHULE","Concreting of Garib Nawaz Nagar Survey No. 48 2 A road in Dondaicha Tal. Shindkheda Dist. Dhule","13-Jan-2025","16-Jul-2026","1499422","Sanction"
"558","Normal/Others","WS/MP18117/2025-2026/164385-Construction of roads, link roads, pathways or any other road with or without drainage system","Maharashtra","DHULE(DISTRICT COLLECTOR DHULE_IDA)","BACHHAV SHOBHA DINESH","DHULE","Concrete road Ward no.18 at Lokre Nagar tel dist dhule","13-Jan-2025","05-Feb-2026","1000000","Physical Inspection"
"559","Normal/Others","WS/MP18117/2025-2026/166251-Construction of roads, link roads, pathways or any other road with or without drainage system","Maharashtra","DHULE(DISTRICT COLLECTOR DHULE_IDA)","BACHHAV SHOBHA DINESH","DHULE","Concreting the road from jaywant patil house to nagai kirana in chandrodaya colony near borse nagar in ward no. 1","17-Jan-2025","02-Dec-2025","985048","Physical Inspection"
"560","Normal/Others","WS/MP18117/2025-2026/166253-Construction of roads, link roads, pathways or any other road with or without drainage system","Maharashtra","DHULE(DISTRICT COLLECTOR DHULE_IDA)","BACHHAV SHOBHA DINESH","DHULE","Construction Of Closed Sewer in ward no. 1 chandrodaya colony","17-Jan-2025","02-Dec-2025","493028","Physical Inspection"
"561","Normal/Others","WS/MP18117/2025-2026/164364-Construction of roads, link roads, pathways or any other road with or without drainage system","Maharashtra","DHULE(DISTRICT COLLECTOR DHULE_IDA)","BACHHAV SHOBHA DINESH","DHULE","Concret road at  Warood road,  at warud tel. Shindkheda Dist. Dhule","13-Jan-2025","04-Feb-2026","987710","Physical Inspection"
"562","Normal/Others","WS/MP18117/2025-2026/164395-Development of public parks","Maharashtra","DHULE(DISTRICT COLLECTOR DHULE_IDA)","BACHHAV SHOBHA DINESH","DHULE","Installation of Open Gym, Paver Block (Jogging Track), Highmast at Sultania colony in Ward No.19","13-Jan-2025","18-Mar-2026","1500000","Sanction"
"563","Normal/Others","WS/MP18117/2025-2026/164499-Development of public parks","Maharashtra","DHULE(DISTRICT COLLECTOR DHULE_IDA)","BACHHAV SHOBHA DINESH","DHULE","Ward No. 15 at Bhim Nagar Dr. Installation of solar street lights near Babasaheb Ambedkar statue and ancillary works.","13-Jan-2025","24-Apr-2025","1000000","Sanction"
"564","Normal/Others","WS/MP18117/2025-2026/251909-Installation of fixed garden gym equipment","Maharashtra","DHULE(DISTRICT COLLECTOR DHULE_IDA)","BACHHAV SHOBHA DINESH","DHULE","to carry out open gym and other ancillary work in the wall compound owned by dhule municipal corporation at dhule city prabhag no 19","09-Dec-2025","18-Mar-2026","1000000","Sanction"
"565","Normal/Others","WS/MP18126/2025-2026/266929-Street lights","Maharashtra","DHULE(DISTRICT COLLECTOR DHULE_IDA)","ADV GOWAAL KAGADA PADAVI","NANDURBAR(ST)","Installation of Street light (2set)","07-Feb-2026","28-Mar-2026","170000","Physical Inspection"
"566","Normal/Others","WS/MP18126/2025-2026/266930-Street lights","Maharashtra","DHULE(DISTRICT COLLECTOR DHULE_IDA)","ADV GOWAAL KAGADA PADAVI","NANDURBAR(ST)","Installation of Street light (2set)","07-Feb-2026","28-Mar-2026","170000","Physical Inspection"
"567","Normal/Others","WS/MP18126/2025-2026/266931-Street lights","Maharashtra","DHULE(DISTRICT COLLECTOR DHULE_IDA)","ADV GOWAAL KAGADA PADAVI","NANDURBAR(ST)","Installation of Street light (2set)","07-Feb-2026","28-Mar-2026","170000","Physical Inspection"
"568","Normal/Others","WS/MP18126/2025-2026/266932-Street lights","Maharashtra","DHULE(DISTRICT COLLECTOR DHULE_IDA)","ADV GOWAAL KAGADA PADAVI","NANDURBAR(ST)","Installation of Street light (2set)","07-Feb-2026","28-Mar-2026","170000","Physical Inspection"
"569","Normal/Others","WS/MP18126/2025-2026/266933-Street lights","Maharashtra","DHULE(DISTRICT COLLECTOR DHULE_IDA)","ADV GOWAAL KAGADA PADAVI","NANDURBAR(ST)","Installation of Street light (2set)","07-Feb-2026","28-Mar-2026","170000","Physical Inspection"
"570","Normal/Others","WS/MP18126/2025-2026/266934-Street lights","Maharashtra","DHULE(DISTRICT COLLECTOR DHULE_IDA)","ADV GOWAAL KAGADA PADAVI","NANDURBAR(ST)","Installation of Street light (2set)","07-Feb-2026","28-Mar-2026","170000","Physical Inspection"
"571","Normal/Others","WS/MP18126/2025-2026/266935-Street lights","Maharashtra","DHULE(DISTRICT COLLECTOR DHULE_IDA)","ADV GOWAAL KAGADA PADAVI","NANDURBAR(ST)","Installation of Street light (2set)","07-Feb-2026","28-Mar-2026","169530","Physical Inspection"
"572","Normal/Others","WS/MP18126/2025-2026/266936-Street lights","Maharashtra","DHULE(DISTRICT COLLECTOR DHULE_IDA)","ADV GOWAAL KAGADA PADAVI","NANDURBAR(ST)","Installation of Street light (2set)","07-Feb-2026","28-Mar-2026","170000","Physical Inspection"
"573","Normal/Others","WS/MP18126/2025-2026/266937-Street lights","Maharashtra","DHULE(DISTRICT COLLECTOR DHULE_IDA)","ADV GOWAAL KAGADA PADAVI","NANDURBAR(ST)","Installation of Street light (2set)","07-Feb-2026","28-Mar-2026","170000","Physical Inspection"
"574","Normal/Others","WS/MP18126/2025-2026/266938-Street lights","Maharashtra","DHULE(DISTRICT COLLECTOR DHULE_IDA)","ADV GOWAAL KAGADA PADAVI","NANDURBAR(ST)","Installation of Street light (2set)","07-Feb-2026","28-Mar-2026","170000","Physical Inspection"
"575","Normal/Others","WS/MP18126/2025-2026/236243-Street lights","Maharashtra","DHULE(DISTRICT COLLECTOR DHULE_IDA)","ADV GOWAAL KAGADA PADAVI","NANDURBAR(ST)","Install 2 set of Street lights","21-Sep-2025","24-Mar-2026","170000","Physical Inspection"
"576","Normal/Others","WS/MP18126/2025-2026/236244-Street lights","Maharashtra","DHULE(DISTRICT COLLECTOR DHULE_IDA)","ADV GOWAAL KAGADA PADAVI","NANDURBAR(ST)","Install 2 set of Street lights","21-Sep-2025","24-Mar-2026","170000","Physical Inspection"
"577","Normal/Others","WS/MP18126/2025-2026/236245-Street lights","Maharashtra","DHULE(DISTRICT COLLECTOR DHULE_IDA)","ADV GOWAAL KAGADA PADAVI","NANDURBAR(ST)","Install 2 set of Street lights","21-Sep-2025","25-Mar-2026","170000","Physical Inspection"
"578","Normal/Others","WS/MP18126/2025-2026/236246-Street lights","Maharashtra","DHULE(DISTRICT COLLECTOR DHULE_IDA)","ADV GOWAAL KAGADA PADAVI","NANDURBAR(ST)","Install 2 set of Street lights","21-Sep-2025","25-Mar-2026","170000","Physical Inspection"
"579","Normal/Others","WS/MP18126/2025-2026/236247-Street lights","Maharashtra","DHULE(DISTRICT COLLECTOR DHULE_IDA)","ADV GOWAAL KAGADA PADAVI","NANDURBAR(ST)","Install 2 set of Street lights","21-Sep-2025","25-Mar-2026","170000","Physical Inspection"
"580","Normal/Others","WS/MP18126/2025-2026/236248-Street lights","Maharashtra","DHULE(DISTRICT COLLECTOR DHULE_IDA)","ADV GOWAAL KAGADA PADAVI","NANDURBAR(ST)","Install 2 set of Street lights","21-Sep-2025","25-Mar-2026","170000","Physical Inspection"
"581","Normal/Others","WS/MP18126/2025-2026/236249-Street lights","Maharashtra","DHULE(DISTRICT COLLECTOR DHULE_IDA)","ADV GOWAAL KAGADA PADAVI","NANDURBAR(ST)","Install 2 set of Street lights","21-Sep-2025","25-Mar-2026","170000","Physical Inspection"
"582","Normal/Others","WS/MP18126/2025-2026/236250-Street lights","Maharashtra","DHULE(DISTRICT COLLECTOR DHULE_IDA)","ADV GOWAAL KAGADA PADAVI","NANDURBAR(ST)","Install 2 set of Street lights","21-Sep-2025","25-Mar-2026","170000","Physical Inspection"
"583","Normal/Others","WS/MP18126/2025-2026/236251-Street lights","Maharashtra","DHULE(DISTRICT COLLECTOR DHULE_IDA)","ADV GOWAAL KAGADA PADAVI","NANDURBAR(ST)","Install 2 set of Street lights","21-Sep-2025","26-Mar-2026","170000","Physical Inspection"
"584","Normal/Others","WS/MP18126/2025-2026/236252-Street lights","Maharashtra","DHULE(DISTRICT COLLECTOR DHULE_IDA)","ADV GOWAAL KAGADA PADAVI","NANDURBAR(ST)","Install 2 set of Street lights","21-Sep-2025","26-Mar-2026","170000","Physical Inspection"
"585","Normal/Others","WS/MP18126/2025-2026/236253-Street lights","Maharashtra","DHULE(DISTRICT COLLECTOR DHULE_IDA)","ADV GOWAAL KAGADA PADAVI","NANDURBAR(ST)","Install 2 set of Street lights","21-Sep-2025","26-Mar-2026","170000","Physical Inspection"
"586","Normal/Others","WS/MP18126/2025-2026/236254-Street lights","Maharashtra","DHULE(DISTRICT COLLECTOR DHULE_IDA)","ADV GOWAAL KAGADA PADAVI","NANDURBAR(ST)","Install 2 set of Street lights","21-Sep-2025","26-Mar-2026","170000","Physical Inspection"
"587","Normal/Others","WS/MP18126/2025-2026/236255-Street lights","Maharashtra","DHULE(DISTRICT COLLECTOR DHULE_IDA)","ADV GOWAAL KAGADA PADAVI","NANDURBAR(ST)","Install 2 set of Street lights","21-Sep-2025","26-Mar-2026","170000","Physical Inspection"
"588","Normal/Others","WS/MP18126/2025-2026/236256-Street lights","Maharashtra","DHULE(DISTRICT COLLECTOR DHULE_IDA)","ADV GOWAAL KAGADA PADAVI","NANDURBAR(ST)","Install 2 set of Street lights","21-Sep-2025","26-Mar-2026","170000","Physical Inspection"
"589","Normal/Others","WS/MP18126/2025-2026/236257-Street lights","Maharashtra","DHULE(DISTRICT COLLECTOR DHULE_IDA)","ADV GOWAAL KAGADA PADAVI","NANDURBAR(ST)","Install 2 set of Street lights","21-Sep-2025","25-Mar-2026","170000","Physical Inspection"
"590","Normal/Others","WS/MP18126/2025-2026/236258-Street lights","Maharashtra","DHULE(DISTRICT COLLECTOR DHULE_IDA)","ADV GOWAAL KAGADA PADAVI","NANDURBAR(ST)","Install 2 set of Street lights","21-Sep-2025","25-Mar-2026","170000","Physical Inspection"
"591","Normal/Others","WS/MP18126/2025-2026/236259-Street lights","Maharashtra","DHULE(DISTRICT COLLECTOR DHULE_IDA)","ADV GOWAAL KAGADA PADAVI","NANDURBAR(ST)","Install 2 set of Street lights","21-Sep-2025","25-Mar-2026","170000","Physical Inspection"
"592","Normal/Others","WS/MP18126/2025-2026/236260-Street lights","Maharashtra","DHULE(DISTRICT COLLECTOR DHULE_IDA)","ADV GOWAAL KAGADA PADAVI","NANDURBAR(ST)","Install 2 set of Street lights","21-Sep-2025","25-Mar-2026","170000","Physical Inspection"
"593","Normal/Others","WS/MP18126/2025-2026/236261-Street lights","Maharashtra","DHULE(DISTRICT COLLECTOR DHULE_IDA)","ADV GOWAAL KAGADA PADAVI","NANDURBAR(ST)","Install 2 set of Street lights","21-Sep-2025","25-Mar-2026","170000","Physical Inspection"
"594","Normal/Others","WS/MP18126/2025-2026/236262-Street lights","Maharashtra","DHULE(DISTRICT COLLECTOR DHULE_IDA)","ADV GOWAAL KAGADA PADAVI","NANDURBAR(ST)","Install 2 set of Street lights","21-Sep-2025","25-Mar-2026","170000","Physical Inspection"
"595","Normal/Others","WS/MP18126/2025-2026/236263-Street lights","Maharashtra","DHULE(DISTRICT COLLECTOR DHULE_IDA)","ADV GOWAAL KAGADA PADAVI","NANDURBAR(ST)","Install 2 set of Street lights","21-Sep-2025","25-Mar-2026","170000","Physical Inspection"
"596","Normal/Others","WS/MP18126/2025-2026/236264-Street lights","Maharashtra","DHULE(DISTRICT COLLECTOR DHULE_IDA)","ADV GOWAAL KAGADA PADAVI","NANDURBAR(ST)","Install 2 set of Street lights","21-Sep-2025","25-Mar-2026","170000","Physical Inspection"
"597","Normal/Others","WS/MP18126/2025-2026/236265-Street lights","Maharashtra","DHULE(DISTRICT COLLECTOR DHULE_IDA)","ADV GOWAAL KAGADA PADAVI","NANDURBAR(ST)","Install 2 set of Street lights","21-Sep-2025","25-Mar-2026","170000","Physical Inspection"
"598","Normal/Others","WS/MP18126/2025-2026/236266-Street lights","Maharashtra","DHULE(DISTRICT COLLECTOR DHULE_IDA)","ADV GOWAAL KAGADA PADAVI","NANDURBAR(ST)","Install 2 set of Street lights","21-Sep-2025","25-Mar-2026","170000","Physical Inspection"
"599","Normal/Others","WS/MP18126/2025-2026/236267-Street lights","Maharashtra","DHULE(DISTRICT COLLECTOR DHULE_IDA)","ADV GOWAAL KAGADA PADAVI","NANDURBAR(ST)","Install 2 set of Street lights","21-Sep-2025","25-Mar-2026","170000","Physical Inspection"
"600","Normal/Others","WS/MP18126/2025-2026/236268-Street lights","Maharashtra","DHULE(DISTRICT COLLECTOR DHULE_IDA)","ADV GOWAAL KAGADA PADAVI","NANDURBAR(ST)","Install 2 set of Street lights","21-Sep-2025","26-Mar-2026","170000","Physical Inspection"
"601","Normal/Others","WS/MP18126/2025-2026/236269-Street lights","Maharashtra","DHULE(DISTRICT COLLECTOR DHULE_IDA)","ADV GOWAAL KAGADA PADAVI","NANDURBAR(ST)","Install 2 set of Street lights","21-Sep-2025","26-Mar-2026","170000","Physical Inspection"
"602","Normal/Others","WS/MP18126/2025-2026/236270-Street lights","Maharashtra","DHULE(DISTRICT COLLECTOR DHULE_IDA)","ADV GOWAAL KAGADA PADAVI","NANDURBAR(ST)","Install 2 set of Street lights","21-Sep-2025","26-Mar-2026","170000","Physical Inspection"
"603","Normal/Others","WS/MP18126/2025-2026/236271-Street lights","Maharashtra","DHULE(DISTRICT COLLECTOR DHULE_IDA)","ADV GOWAAL KAGADA PADAVI","NANDURBAR(ST)","Install 2 set of Street lights","21-Sep-2025","26-Mar-2026","170000","Physical Inspection"
"604","Normal/Others","WS/MP18126/2025-2026/236272-Street lights","Maharashtra","DHULE(DISTRICT COLLECTOR DHULE_IDA)","ADV GOWAAL KAGADA PADAVI","NANDURBAR(ST)","Install 2 set of Street lights","21-Sep-2025","26-Mar-2026","170000","Physical Inspection"
"605","Normal/Others","WS/MP18126/2025-2026/236273-Street lights","Maharashtra","DHULE(DISTRICT COLLECTOR DHULE_IDA)","ADV GOWAAL KAGADA PADAVI","NANDURBAR(ST)","Install 2 set of Street lights","21-Sep-2025","26-Mar-2026","170000","Physical Inspection"
"606","Normal/Others","WS/MP18126/2025-2026/236274-Street lights","Maharashtra","DHULE(DISTRICT COLLECTOR DHULE_IDA)","ADV GOWAAL KAGADA PADAVI","NANDURBAR(ST)","Install 2 set of Street lights","21-Sep-2025","25-Mar-2026","170000","Physical Inspection"
"607","Normal/Others","WS/MP18126/2025-2026/236275-Street lights","Maharashtra","DHULE(DISTRICT COLLECTOR DHULE_IDA)","ADV GOWAAL KAGADA PADAVI","NANDURBAR(ST)","Install 2 set of Street lights","21-Sep-2025","25-Mar-2026","170000","Physical Inspection"
"608","Normal/Others","WS/MP18126/2025-2026/236276-Street lights","Maharashtra","DHULE(DISTRICT COLLECTOR DHULE_IDA)","ADV GOWAAL KAGADA PADAVI","NANDURBAR(ST)","Install 2 set of Street lights","21-Sep-2025","26-Mar-2026","170000","Physical Inspection"
"609","Normal/Others","WS/MP18126/2025-2026/236277-Street lights","Maharashtra","DHULE(DISTRICT COLLECTOR DHULE_IDA)","ADV GOWAAL KAGADA PADAVI","NANDURBAR(ST)","Install 2 set of Street lights","21-Sep-2025","26-Mar-2026","170000","Physical Inspection"
"610","Normal/Others","WS/MP18126/2025-2026/236278-Street lights","Maharashtra","DHULE(DISTRICT COLLECTOR DHULE_IDA)","ADV GOWAAL KAGADA PADAVI","NANDURBAR(ST)","Install 2 set of Street lights","21-Sep-2025","26-Mar-2026","170000","Physical Inspection"
"611","Normal/Others","WS/MP18126/2025-2026/236279-Street lights","Maharashtra","DHULE(DISTRICT COLLECTOR DHULE_IDA)","ADV GOWAAL KAGADA PADAVI","NANDURBAR(ST)","Install 2 set of Street lights","21-Sep-2025","26-Mar-2026","170000","Physical Inspection"
"612","Normal/Others","WS/MP18126/2025-2026/236280-Street lights","Maharashtra","DHULE(DISTRICT COLLECTOR DHULE_IDA)","ADV GOWAAL KAGADA PADAVI","NANDURBAR(ST)","Install 2 set of Street lights","21-Sep-2025","26-Mar-2026","170000","Physical Inspection"
"613","Normal/Others","WS/MP18126/2025-2026/236281-Street lights","Maharashtra","DHULE(DISTRICT COLLECTOR DHULE_IDA)","ADV GOWAAL KAGADA PADAVI","NANDURBAR(ST)","Install 2 set of Street lights","21-Sep-2025","26-Mar-2026","170000","Physical Inspection"
"614","Normal/Others","WS/MP18126/2025-2026/236282-Street lights","Maharashtra","DHULE(DISTRICT COLLECTOR DHULE_IDA)","ADV GOWAAL KAGADA PADAVI","NANDURBAR(ST)","Install 2 set of Street lights","21-Sep-2025","26-Mar-2026","170000","Physical Inspection"
"615","Normal/Others","WS/MP18126/2025-2026/236283-Street lights","Maharashtra","DHULE(DISTRICT COLLECTOR DHULE_IDA)","ADV GOWAAL KAGADA PADAVI","NANDURBAR(ST)","Install 2 set of Street lights","21-Sep-2025","26-Mar-2026","170000","Physical Inspection"
"616","Normal/Others","WS/MP18126/2025-2026/236284-Street lights","Maharashtra","DHULE(DISTRICT COLLECTOR DHULE_IDA)","ADV GOWAAL KAGADA PADAVI","NANDURBAR(ST)","Install 2 set of Street lights","21-Sep-2025","26-Mar-2026","170000","Physical Inspection"
"617","Normal/Others","WS/MP18126/2025-2026/236285-Street lights","Maharashtra","DHULE(DISTRICT COLLECTOR DHULE_IDA)","ADV GOWAAL KAGADA PADAVI","NANDURBAR(ST)","Install 2 set of Street lights","21-Sep-2025","25-Mar-2026","170000","Physical Inspection"
"618","Normal/Others","WS/MP18126/2025-2026/236286-Street lights","Maharashtra","DHULE(DISTRICT COLLECTOR DHULE_IDA)","ADV GOWAAL KAGADA PADAVI","NANDURBAR(ST)","Install 2 set of Street lights","21-Sep-2025","26-Mar-2026","170000","Physical Inspection"
"619","Normal/Others","WS/MP18126/2025-2026/236292-Street lights","Maharashtra","DHULE(DISTRICT COLLECTOR DHULE_IDA)","ADV GOWAAL KAGADA PADAVI","NANDURBAR(ST)","Install 2 set of solar street lights","21-Sep-2025","26-Mar-2026","170000","Physical Inspection"
"620","Normal/Others","WS/MP18126/2025-2026/236293-Street lights","Maharashtra","DHULE(DISTRICT COLLECTOR DHULE_IDA)","ADV GOWAAL KAGADA PADAVI","NANDURBAR(ST)","Install 2 set of solar street lights","21-Sep-2025","26-Mar-2026","170000","Physical Inspection"
"621","Normal/Others","WS/MP18126/2025-2026/236294-Street lights","Maharashtra","DHULE(DISTRICT COLLECTOR DHULE_IDA)","ADV GOWAAL KAGADA PADAVI","NANDURBAR(ST)","Install 2 set of solar street lights","21-Sep-2025","25-Mar-2026","170000","Physical Inspection"
"622","Normal/Others","WS/MP18126/2025-2026/236295-Street lights","Maharashtra","DHULE(DISTRICT COLLECTOR DHULE_IDA)","ADV GOWAAL KAGADA PADAVI","NANDURBAR(ST)","Install 2 set of solar street lights","21-Sep-2025","25-Mar-2026","170000","Physical Inspection"
"623","Normal/Others","WS/MP18126/2025-2026/236296-Street lights","Maharashtra","DHULE(DISTRICT COLLECTOR DHULE_IDA)","ADV GOWAAL KAGADA PADAVI","NANDURBAR(ST)","Install 2 set of solar street lights","21-Sep-2025","25-Mar-2026","170000","Physical Inspection"
"624","Normal/Others","WS/MP18126/2025-2026/236297-Street lights","Maharashtra","DHULE(DISTRICT COLLECTOR DHULE_IDA)","ADV GOWAAL KAGADA PADAVI","NANDURBAR(ST)","Install 2 set of solar street lights","21-Sep-2025","25-Mar-2026","170000","Physical Inspection"
"625","Normal/Others","WS/MP18126/2025-2026/236298-Street lights","Maharashtra","DHULE(DISTRICT COLLECTOR DHULE_IDA)","ADV GOWAAL KAGADA PADAVI","NANDURBAR(ST)","Install 2 set of solar street lights","21-Sep-2025","25-Mar-2026","170000","Physical Inspection"
"626","Normal/Others","WS/MP18126/2025-2026/236299-Street lights","Maharashtra","DHULE(DISTRICT COLLECTOR DHULE_IDA)","ADV GOWAAL KAGADA PADAVI","NANDURBAR(ST)","Install 2 set of solar street lights","21-Sep-2025","26-Mar-2026","170000","Physical Inspection"
"627","Normal/Others","WS/MP18126/2025-2026/236300-Street lights","Maharashtra","DHULE(DISTRICT COLLECTOR DHULE_IDA)","ADV GOWAAL KAGADA PADAVI","NANDURBAR(ST)","Install 2 set of solar street lights","21-Sep-2025","24-Mar-2026","170000","Physical Inspection"
"628","Normal/Others","WS/MP18126/2025-2026/236301-Street lights","Maharashtra","DHULE(DISTRICT COLLECTOR DHULE_IDA)","ADV GOWAAL KAGADA PADAVI","NANDURBAR(ST)","Install 2 set of solar street lights","21-Sep-2025","26-Mar-2026","170000","Physical Inspection"
"629","Normal/Others","WS/MP18126/2025-2026/236302-Street lights","Maharashtra","DHULE(DISTRICT COLLECTOR DHULE_IDA)","ADV GOWAAL KAGADA PADAVI","NANDURBAR(ST)","Install 2 set of solar street lights","21-Sep-2025","26-Mar-2026","170000","Physical Inspection"
"630","Normal/Others","WS/MP18126/2025-2026/236303-Street lights","Maharashtra","DHULE(DISTRICT COLLECTOR DHULE_IDA)","ADV GOWAAL KAGADA PADAVI","NANDURBAR(ST)","Install 2 set of solar street lights","21-Sep-2025","25-Mar-2026","170000","Physical Inspection"
"631","Normal/Others","WS/MP18126/2025-2026/236304-Street lights","Maharashtra","DHULE(DISTRICT COLLECTOR DHULE_IDA)","ADV GOWAAL KAGADA PADAVI","NANDURBAR(ST)","Install 2 set of solar street lights","21-Sep-2025","26-Mar-2026","170000","Physical Inspection"
"632","Normal/Others","WS/MP18126/2025-2026/236305-Street lights","Maharashtra","DHULE(DISTRICT COLLECTOR DHULE_IDA)","ADV GOWAAL KAGADA PADAVI","NANDURBAR(ST)","Install 2 set of solar street lights","21-Sep-2025","25-Mar-2026","170000","Physical Inspection"
"633","Normal/Others","WS/MP18126/2025-2026/236306-Street lights","Maharashtra","DHULE(DISTRICT COLLECTOR DHULE_IDA)","ADV GOWAAL KAGADA PADAVI","NANDURBAR(ST)","Install 2 set of solar street lights","21-Sep-2025","26-Mar-2026","170000","Physical Inspection"
"634","Normal/Others","WS/MP18126/2025-2026/236307-Street lights","Maharashtra","DHULE(DISTRICT COLLECTOR DHULE_IDA)","ADV GOWAAL KAGADA PADAVI","NANDURBAR(ST)","Install 2 set of solar street lights","21-Sep-2025","26-Mar-2026","170000","Physical Inspection"
"635","Normal/Others","WS/MP18126/2025-2026/236308-Street lights","Maharashtra","DHULE(DISTRICT COLLECTOR DHULE_IDA)","ADV GOWAAL KAGADA PADAVI","NANDURBAR(ST)","Install 2 set of solar street lights","21-Sep-2025","25-Mar-2026","170000","Physical Inspection"
"636","Normal/Others","WS/MP18126/2025-2026/236309-Street lights","Maharashtra","DHULE(DISTRICT COLLECTOR DHULE_IDA)","ADV GOWAAL KAGADA PADAVI","NANDURBAR(ST)","Install 2 set of solar street lights","21-Sep-2025","25-Mar-2026","170000","Physical Inspection"
"637","Normal/Others","WS/MP18126/2025-2026/236310-Street lights","Maharashtra","DHULE(DISTRICT COLLECTOR DHULE_IDA)","ADV GOWAAL KAGADA PADAVI","NANDURBAR(ST)","Install 2 set of solar street lights","21-Sep-2025","26-Mar-2026","170000","Physical Inspection"
"638","Normal/Others","WS/MP18126/2025-2026/236311-Street lights","Maharashtra","DHULE(DISTRICT COLLECTOR DHULE_IDA)","ADV GOWAAL KAGADA PADAVI","NANDURBAR(ST)","Install 2 set of solar street lights","21-Sep-2025","25-Mar-2026","170000","Physical Inspection"
"639","Normal/Others","WS/MP18126/2025-2026/236312-Street lights","Maharashtra","DHULE(DISTRICT COLLECTOR DHULE_IDA)","ADV GOWAAL KAGADA PADAVI","NANDURBAR(ST)","Install 2 set of solar street lights","21-Sep-2025","25-Mar-2026","170000","Physical Inspection"
"640","Normal/Others","WS/MP18126/2025-2026/236313-Street lights","Maharashtra","DHULE(DISTRICT COLLECTOR DHULE_IDA)","ADV GOWAAL KAGADA PADAVI","NANDURBAR(ST)","Install 2 set of solar street lights","21-Sep-2025","24-Mar-2026","170000","Physical Inspection"
"641","Normal/Others","WS/MP18126/2025-2026/236314-Street lights","Maharashtra","DHULE(DISTRICT COLLECTOR DHULE_IDA)","ADV GOWAAL KAGADA PADAVI","NANDURBAR(ST)","Install 2 set of solar street lights","21-Sep-2025","24-Mar-2026","170000","Physical Inspection"
"642","Normal/Others","WS/MP18126/2025-2026/236315-Street lights","Maharashtra","DHULE(DISTRICT COLLECTOR DHULE_IDA)","ADV GOWAAL KAGADA PADAVI","NANDURBAR(ST)","Install 2 set of solar street lights","21-Sep-2025","24-Mar-2026","170000","Physical Inspection"
"643","Normal/Others","WS/MP18126/2025-2026/236316-Street lights","Maharashtra","DHULE(DISTRICT COLLECTOR DHULE_IDA)","ADV GOWAAL KAGADA PADAVI","NANDURBAR(ST)","Install 2 set of solar street lights","21-Sep-2025","26-Mar-2026","170000","Physical Inspection"
"644","Normal/Others","WS/MP18126/2025-2026/236317-Street lights","Maharashtra","DHULE(DISTRICT COLLECTOR DHULE_IDA)","ADV GOWAAL KAGADA PADAVI","NANDURBAR(ST)","Install 2 set of solar street lights","21-Sep-2025","26-Mar-2026","170000","Physical Inspection"
"645","Normal/Others","WS/MP18126/2025-2026/236318-Street lights","Maharashtra","DHULE(DISTRICT COLLECTOR DHULE_IDA)","ADV GOWAAL KAGADA PADAVI","NANDURBAR(ST)","Install 2 set of solar street lights","21-Sep-2025","26-Mar-2026","170000","Physical Inspection"
"646","Normal/Others","WS/MP18126/2025-2026/236319-Street lights","Maharashtra","DHULE(DISTRICT COLLECTOR DHULE_IDA)","ADV GOWAAL KAGADA PADAVI","NANDURBAR(ST)","Install 2 set of solar street lights","21-Sep-2025","26-Mar-2026","170000","Physical Inspection"
"647","Normal/Others","WS/MP18126/2025-2026/236320-Street lights","Maharashtra","DHULE(DISTRICT COLLECTOR DHULE_IDA)","ADV GOWAAL KAGADA PADAVI","NANDURBAR(ST)","Install 2 set of solar street lights","21-Sep-2025","24-Mar-2026","170000","Physical Inspection"
"648","Normal/Others","WS/MP18126/2025-2026/236321-Street lights","Maharashtra","DHULE(DISTRICT COLLECTOR DHULE_IDA)","ADV GOWAAL KAGADA PADAVI","NANDURBAR(ST)","Install 2 set of solar street lights","21-Sep-2025","25-Mar-2026","170000","Physical Inspection"
"649","Normal/Others","WS/MP18126/2025-2026/236325-Street lights","Maharashtra","DHULE(DISTRICT COLLECTOR DHULE_IDA)","ADV GOWAAL KAGADA PADAVI","NANDURBAR(ST)","Install 2 set of solar street lights","21-Sep-2025","25-Mar-2026","170000","Physical Inspection"
"650","Normal/Others","WS/MP18117/2025-2026/164494-Street lights","Maharashtra","DHULE(DISTRICT COLLECTOR DHULE_IDA)","BACHHAV SHOBHA DINESH","DHULE","Installation of high masts and street lights in various areas of the city tl dist dhule","13-Jan-2025","24-Apr-2025","1000000","Sanction"
"651","Normal/Others","WS/MP18119/2025-2026/163575-Construction of roads, link roads, pathways or any other road with or without drainage system","Maharashtra","GADCHIROLI(DISTRICT COLLECTOR GADCHIROLI_IDA)","DR. KIRSAN NAMDEO","GADCHIROLI-CHIMUR(ST)","Construction of a CC Road at the ground in the Eidgah under Nagar Panchayat Wadsa Ta Wadsa Dist Gadchiroli","04-Jan-2025","13-Mar-2026","1000000","Physical Inspection"
"652","Normal/Others","WS/MP18119/2025-2026/163394-Construction of community centers and community halls","Maharashtra","GADCHIROLI(DISTRICT COLLECTOR GADCHIROLI_IDA)","DR. KIRSAN NAMDEO","GADCHIROLI-CHIMUR(ST)","Construction of an  Open Stage near Govind Swami Dharmashala under grampanchayt markhanda deo Ta chamorshi Dist Gadchiroli","04-Jan-2025","11-Sep-2025","500000","Sanction"
"653","Normal/Others","WS/MP18119/2025-2026/163396-Construction of community centers and community halls","Maharashtra","GADCHIROLI(DISTRICT COLLECTOR GADCHIROLI_IDA)","DR. KIRSAN NAMDEO","GADCHIROLI-CHIMUR(ST)","Construction of a Open Stage  near Mahadeo Temple under grampanchayat Chaparala Ta chamorshi Dist Gadchiroli","04-Jan-2025","11-Sep-2025","500000","Sanction"
"654","Normal/Others","WS/MP18119/2025-2026/163400-Construction of community centers and community halls","Maharashtra","GADCHIROLI(DISTRICT COLLECTOR GADCHIROLI_IDA)","DR. KIRSAN NAMDEO","GADCHIROLI-CHIMUR(ST)","Construction of a meeting hall in front of hanuman temple at Kotgal Ta Gadchiroli Dist Gadchiroli","04-Jan-2025","04-Sep-2025","1000000","Sanction"
"655","Normal/Others","WS/MP18119/2025-2026/163402-Construction of community centers and community halls","Maharashtra","GADCHIROLI(DISTRICT COLLECTOR GADCHIROLI_IDA)","DR. KIRSAN NAMDEO","GADCHIROLI-CHIMUR(ST)","Construction of an meeting hall at Tukum Post Heti Ta Dhanora Dist Gadchiroli","04-Jan-2025","11-Sep-2025","1000000","Physical Inspection"
"656","Normal/Others","WS/MP18119/2025-2026/163411-Construction of community centers and community halls","Maharashtra","GADCHIROLI(DISTRICT COLLECTOR GADCHIROLI_IDA)","DR. KIRSAN NAMDEO","GADCHIROLI-CHIMUR(ST)","Construction of a meeting hall at budhhisht square Nanhi  Ta Kurkheda Dist Gadchiroli","04-Jan-2025","04-Sep-2025","1000000","Sanction"
"657","Normal/Others","WS/MP18119/2025-2026/163406-Construction of community centers and community halls","Maharashtra","GADCHIROLI(DISTRICT COLLECTOR GADCHIROLI_IDA)","DR. KIRSAN NAMDEO","GADCHIROLI-CHIMUR(ST)","Construction of an meeting hall  at Yengada Ta armori Dist Gadchiroli","04-Jan-2025","04-Sep-2025","500000","Physical Inspection"
"658","Normal/Others","WS/MP18119/2025-2026/163407-Construction of community centers and community halls","Maharashtra","GADCHIROLI(DISTRICT COLLECTOR GADCHIROLI_IDA)","DR. KIRSAN NAMDEO","GADCHIROLI-CHIMUR(ST)","onstruction of an meeting hall on the hill in ward no.8 under nagarpanchayat armori  Ta armori Dist Gadchiroli","04-Jan-2025","04-Sep-2025","1000000","Physical Inspection"
"659","Normal/Others","WS/MP18119/2026-2027/233660-Construction of community centers and community halls","Maharashtra","GADCHIROLI(DISTRICT COLLECTOR GADCHIROLI_IDA)","DR. KIRSAN NAMDEO","GADCHIROLI-CHIMUR(ST)","Construction of community halls. At.Salangtola, Ta.Kurkheda, Dis.Gadchiroli","13-Nov-2025","04-Jul-2026","1000000","Sanction"
"660","Normal/Others","WS/MP18119/2025-2026/163403-Construction of public libraries and reading rooms","Maharashtra","GADCHIROLI(DISTRICT COLLECTOR GADCHIROLI_IDA)","DR. KIRSAN NAMDEO","GADCHIROLI-CHIMUR(ST)","Construction of a Library at Gatta Ta Dhanora Dist Gadchiroli","04-Jan-2025","11-Sep-2025","1000000","Sanction"
"661","Normal/Others","WS/MP18119/2025-2026/163404-Construction of public libraries and reading rooms","Maharashtra","GADCHIROLI(DISTRICT COLLECTOR GADCHIROLI_IDA)","DR. KIRSAN NAMDEO","GADCHIROLI-CHIMUR(ST)","Construction of a Library in ward no.2 at Armori unader Nagarpanchayt armori  Dist Gadchiroli","04-Jan-2025","04-Sep-2025","1500000","Sanction"
"662","Normal/Others","WS/MP18119/2025-2026/163401-Construction of public libraries and reading rooms","Maharashtra","GADCHIROLI(DISTRICT COLLECTOR GADCHIROLI_IDA)","DR. KIRSAN NAMDEO","GADCHIROLI-CHIMUR(ST)","Construction of a Library at grampanchayt Rangi Ta Dhanora Dist Gadchiroli","04-Jan-2025","11-Sep-2025","1200000","Physical Inspection"
"663","Normal/Others","WS/MP18119/2025-2026/163397-Construction of public libraries and reading rooms","Maharashtra","GADCHIROLI(DISTRICT COLLECTOR GADCHIROLI_IDA)","DR. KIRSAN NAMDEO","GADCHIROLI-CHIMUR(ST)","Construction of a Library under grampanchayat porla Ta Gadchiroli Dist Gadchiroli","04-Jan-2025","04-Sep-2025","1000000","Sanction"
"664","Normal/Others","WS/MP18119/2025-2026/163398-Construction of public libraries and reading rooms","Maharashtra","GADCHIROLI(DISTRICT COLLECTOR GADCHIROLI_IDA)","DR. KIRSAN NAMDEO","GADCHIROLI-CHIMUR(ST)","Construction of a Library at Rani Durgavati School under nagarparishd Gadchiroli Dist Gadchiroli","04-Jan-2025","27-Oct-2025","700000","Physical Inspection"
"665","Normal/Others","WS/MP18119/2025-2026/163399-Construction of public libraries and reading rooms","Maharashtra","GADCHIROLI(DISTRICT COLLECTOR GADCHIROLI_IDA)","DR. KIRSAN NAMDEO","GADCHIROLI-CHIMUR(ST)","Construction of a Library at Murmali Ta Gadchiroli Dist Gadchiroli","04-Jan-2025","04-Sep-2025","1000000","Physical Inspection"
"666","Normal/Others","WS/MP18119/2025-2026/163395-Construction of public libraries and reading rooms","Maharashtra","GADCHIROLI(DISTRICT COLLECTOR GADCHIROLI_IDA)","DR. KIRSAN NAMDEO","GADCHIROLI-CHIMUR(ST)","Construction of a Library at Kurul under Grampanchayt Kurul Ta chamorshi Dist Gadchiroli","04-Jan-2025","11-Sep-2025","1000000","Work Completed"
"667","Normal/Others","WS/MP18119/2026-2027/233662-Construction of public libraries and reading rooms","Maharashtra","GADCHIROLI(DISTRICT COLLECTOR GADCHIROLI_IDA)","DR. KIRSAN NAMDEO","GADCHIROLI-CHIMUR(ST)","Construction of reading rooms. At.Koregaon, Ta.Desaiganj, Dis.Gadchiroli","13-Nov-2025","04-Jul-2026","1000000","Sanction"
"668","Normal/Others","WS/MP18119/2025-2026/233666-Construction of public libraries and reading rooms","Maharashtra","GADCHIROLI(DISTRICT COLLECTOR GADCHIROLI_IDA)","DR. KIRSAN NAMDEO","GADCHIROLI-CHIMUR(ST)","Construction of reading rooms. At.Botekasa, Ta.Korchi, Dis.Gadchiroli","13-Nov-2025","15-Jan-2026","1000000","Sanction"
"669","Normal/Others","WS/MP18119/2026-2027/233653-Construction of public libraries and reading rooms","Maharashtra","GADCHIROLI(DISTRICT COLLECTOR GADCHIROLI_IDA)","DR. KIRSAN NAMDEO","GADCHIROLI-CHIMUR(ST)","Construction of reading rooms. At.Haldawahi tola, Ta. Chamorshi, Dis.Gadchiroli","13-Nov-2025","08-Sep-2026","1000000","Physical Inspection"
"670","Normal/Others","WS/MP18119/2025-2026/232206-Construction of public libraries and reading rooms","Maharashtra","GADCHIROLI(DISTRICT COLLECTOR GADCHIROLI_IDA)","DR. KIRSAN NAMDEO","GADCHIROLI-CHIMUR(ST)","construction of library near shri datt temple at kondhala under grampanchayat kondhala taluka wadsa","22-Sep-2025","23-Sep-2025","1000000","Sanction"
"671","Normal/Others","WS/MP18119/2025-2026/163408-Construction of public libraries and reading rooms","Maharashtra","GADCHIROLI(DISTRICT COLLECTOR GADCHIROLI_IDA)","DR. KIRSAN NAMDEO","GADCHIROLI-CHIMUR(ST)","construction of a Laibrary at nagarpanchayat school (old colony) under nagarpanchayat Wadsa (Desaiganj) Dist Gadchiroli","04-Jan-2025","04-Sep-2025","1500000","Physical Inspection"
"672","Normal/Others","WS/MP18119/2025-2026/163410-Construction of public libraries and reading rooms","Maharashtra","GADCHIROLI(DISTRICT COLLECTOR GADCHIROLI_IDA)","DR. KIRSAN NAMDEO","GADCHIROLI-CHIMUR(ST)","Construction of a Library at Chichtola under grampanchayat Shivani Ta Kurkheda Dist Gadchiroli","04-Jan-2025","04-Sep-2025","1000000","Sanction"
"673","Normal/Others","WS/MP18119/2025-2026/163413-Construction of public libraries and reading rooms","Maharashtra","GADCHIROLI(DISTRICT COLLECTOR GADCHIROLI_IDA)","DR. KIRSAN NAMDEO","GADCHIROLI-CHIMUR(ST)","Construction of a Library near the cultural hall under nagapanchayt Mulchera Ta Mulchera Dist Gadchiroli","04-Jan-2025","17-Oct-2025","1000000","Sanction"
"674","Normal/Others","WS/MP18119/2025-2026/163414-Construction of public libraries and reading rooms","Maharashtra","GADCHIROLI(DISTRICT COLLECTOR GADCHIROLI_IDA)","DR. KIRSAN NAMDEO","GADCHIROLI-CHIMUR(ST)","Construction of a Library at nagar panchayat Bhamragad Ta Bhamragad Dist Gadchiroli","04-Jan-2025","17-Oct-2025","1000000","Physical Inspection"
"675","Normal/Others","WS/MP18119/2025-2026/163417-Construction of public libraries and reading rooms","Maharashtra","GADCHIROLI(DISTRICT COLLECTOR GADCHIROLI_IDA)","DR. KIRSAN NAMDEO","GADCHIROLI-CHIMUR(ST)","Construction of a Library at Allapalli Ta Aheri Dist Gadchiroli","04-Jan-2025","17-Oct-2025","2000000","Sanction"
"676","Normal/Others","WS/MP18119/2025-2026/163574-Construction of public toilets and bathrooms","Maharashtra","GADCHIROLI(DISTRICT COLLECTOR GADCHIROLI_IDA)","DR. KIRSAN NAMDEO","GADCHIROLI-CHIMUR(ST)","Construction of a Toilets and Room at the cemetery in gokulnagar under Nagar Panchayat gadchiroli Ta Gadchiroli Dist Gadchiroli","04-Jan-2025","27-Oct-2025","1000000","Physical Inspection"
"677","Normal/Others","WS/MP18119/2026-2027/256533-Providing drains and gutters for public drainage","Maharashtra","GONDIA(DISTRICT COLLECTOR GONDIA_IDA)","DR. KIRSAN NAMDEO","GADCHIROLI-CHIMUR(ST)","Construction of a cement drainage in Ward No. 2 at Mouza Kalimati, from the house of Shri Shriram Pathode up to the main road, Ta.Amgaon, Dis.Gondia","02-Jan-2026","03-Apr-2026","350000","Physical Inspection"
"678","Normal/Others","WS/MP18119/2025-2026/163577-Development of playground","Maharashtra","GONDIA(DISTRICT COLLECTOR GONDIA_IDA)","DR. KIRSAN NAMDEO","GADCHIROLI-CHIMUR(ST)","Construction of Paving Blocks at Z p Primary school, Amgaon, Jamidar Wada Taluka Amgon","04-Jan-2025","29-Jul-2025","299369","Physical Inspection"
"679","Normal/Others","WS/MP18119/2026-2027/163481-Construction of public libraries and reading rooms","Maharashtra","GONDIA(DISTRICT COLLECTOR GONDIA_IDA)","DR. KIRSAN NAMDEO","GADCHIROLI-CHIMUR(ST)","Construction of a Reading room at Grampanchayt Sonpuri Ta Salekasa Dist Gondiya","04-Jan-2025","03-Apr-2026","700000","Sanction"
"680","Normal/Others","WS/MP18119/2025-2026/163482-Construction of public libraries and reading rooms","Maharashtra","GONDIA(DISTRICT COLLECTOR GONDIA_IDA)","DR. KIRSAN NAMDEO","GADCHIROLI-CHIMUR(ST)","Construction of a reading room at Grampanchayt Jamkudo Ta Salekasa Dist Gondiya","04-Jan-2025","11-Aug-2025","700000","Physical Inspection"
"681","Normal/Others","WS/MP18119/2025-2026/163477-Construction of public libraries and reading rooms","Maharashtra","GONDIA(DISTRICT COLLECTOR GONDIA_IDA)","DR. KIRSAN NAMDEO","GADCHIROLI-CHIMUR(ST)","Construction of a Library at Z P High School Ambhor Ta Deori Dist Gondiya","04-Jan-2025","11-Aug-2025","700000","Sanction"
"682","Normal/Others","WS/MP18119/2025-2026/163478-Construction of public libraries and reading rooms","Maharashtra","GONDIA(DISTRICT COLLECTOR GONDIA_IDA)","DR. KIRSAN NAMDEO","GADCHIROLI-CHIMUR(ST)","Construction of a Reading room at Grampanchayat Halbitola Ta Salekasa Dist Gondiya","04-Jan-2025","11-Aug-2025","697850","Physical Inspection"
"683","Normal/Others","WS/MP18119/2026-2027/163474-Construction of public libraries and reading rooms","Maharashtra","GONDIA(DISTRICT COLLECTOR GONDIA_IDA)","DR. KIRSAN NAMDEO","GADCHIROLI-CHIMUR(ST)","Construction of a Reading Room  at Grampanchayt Kakodi Ta Deori Dist Gondiya","04-Jan-2025","03-Apr-2026","800000","Sanction"
"684","Normal/Others","WS/MP18119/2025-2026/163475-Construction of public libraries and reading rooms","Maharashtra","GONDIA(DISTRICT COLLECTOR GONDIA_IDA)","DR. KIRSAN NAMDEO","GADCHIROLI-CHIMUR(ST)","Construction of a Reading Room at grampanchayat Mulla Ta Deori Dist  Gondiya","04-Jan-2025","11-Aug-2025","796440","Physical Inspection"
"685","Normal/Others","WS/MP18119/2025-2026/163470-Construction of public libraries and reading rooms","Maharashtra","GONDIA(DISTRICT COLLECTOR GONDIA_IDA)","DR. KIRSAN NAMDEO","GADCHIROLI-CHIMUR(ST)","Construction of a Reading room at Kumbhartoli Ta Amgaon Dist Gondiya","04-Jan-2025","29-Jul-2025","795506","Physical Inspection"
"686","Normal/Others","WS/MP18119/2025-2026/163471-Construction of public libraries and reading rooms","Maharashtra","GONDIA(DISTRICT COLLECTOR GONDIA_IDA)","DR. KIRSAN NAMDEO","GADCHIROLI-CHIMUR(ST)","Construction of a Reading Room at Grampanchayt Sonekahri Ta Amgaon Dist Gondiya","04-Jan-2025","11-Aug-2025","800000","Physical Inspection"
"687","Normal/Others","WS/MP18119/2026-2027/256541-Construction of public libraries and reading rooms","Maharashtra","GONDIA(DISTRICT COLLECTOR GONDIA_IDA)","DR. KIRSAN NAMDEO","GADCHIROLI-CHIMUR(ST)","Construction of a reading room at Zilla Parishad School, Lohara, under Gram Panchayat Lohara, Ta.Salekasa, Dis.Gondia","02-Jan-2026","03-Apr-2026","600000","Sanction"
"688","Normal/Others","WS/MP18119/2026-2027/256535-Construction of public libraries and reading rooms","Maharashtra","GONDIA(DISTRICT COLLECTOR GONDIA_IDA)","DR. KIRSAN NAMDEO","GADCHIROLI-CHIMUR(ST)","Construction of a reading room  near the Gram Panchayat building at Thana, Ta.Amgaon, Dis.Gondia","02-Jan-2026","03-Apr-2026","800000","Sanction"
"689","Normal/Others","WS/MP18115/2026-2027/278498-Construction of public libraries and reading rooms","Maharashtra","GONDIA(DISTRICT COLLECTOR GONDIA_IDA)","DR. PRASHANT YADAORAO PADOLE","BHANDARA-GONDIYA","Construction of a study room (Abhyasika)","18-Apr-2026","28-Aug-2026","1000000","Sanction"
"690","Normal/Others","WS/MP18115/2026-2027/278534-Construction of public libraries and reading rooms","Maharashtra","GONDIA(DISTRICT COLLECTOR GONDIA_IDA)","DR. PRASHANT YADAORAO PADOLE","BHANDARA-GONDIYA","Construction of the library","18-Apr-2026","27-Jul-2026","1000000","Sanction"
"691","Normal/Others","WS/MP18119/2026-2027/259515-Construction of community centers and community halls","Maharashtra","GONDIA(DISTRICT COLLECTOR GONDIA_IDA)","DR. KIRSAN NAMDEO","GADCHIROLI-CHIMUR(ST)","Construction of community halls At. Latori, Ta.Salekasa, Dis.Gondia","18-Jan-2026","03-Apr-2026","300000","Sanction"
"692","Normal/Others","WS/MP18115/2026-2027/278489-Construction of community centers and community halls","Maharashtra","GONDIA(DISTRICT COLLECTOR GONDIA_IDA)","DR. PRASHANT YADAORAO PADOLE","BHANDARA-GONDIYA","Construction of a community hall on government land in Gram Panchayat Gangazari, Taluka Gondia.","18-Apr-2026","22-Jul-2026","1000000","Sanction"
"693","Normal/Others","WS/MP18115/2026-2027/278506-Construction of community centers and community halls","Maharashtra","GONDIA(DISTRICT COLLECTOR GONDIA_IDA)","DR. PRASHANT YADAORAO PADOLE","BHANDARA-GONDIYA","Construction of community hall","18-Apr-2026","10-Jul-2026","1000000","Sanction"
"694","Normal/Others","WS/MP18115/2026-2027/278508-Construction of community centers and community halls","Maharashtra","GONDIA(DISTRICT COLLECTOR GONDIA_IDA)","DR. PRASHANT YADAORAO PADOLE","BHANDARA-GONDIYA","Construction of a community hall","18-Apr-2026","28-Aug-2026","700000","Sanction"
"695","Normal/Others","WS/MP18115/2026-2027/278513-Construction of community centers and community halls","Maharashtra","GONDIA(DISTRICT COLLECTOR GONDIA_IDA)","DR. PRASHANT YADAORAO PADOLE","BHANDARA-GONDIYA","Construction of a community hall (Sabhamandap)","18-Apr-2026","28-Aug-2026","700000","Sanction"
"696","Normal/Others","WS/MP18115/2026-2027/278533-Construction of community centers and community halls","Maharashtra","GONDIA(DISTRICT COLLECTOR GONDIA_IDA)","DR. PRASHANT YADAORAO PADOLE","BHANDARA-GONDIYA","Construction of a community hall (Sabhamandap)","18-Apr-2026","14-Jul-2026","700000","Sanction"
"697","Normal/Others","WS/MP18115/2026-2027/268142-Construction of community centers and community halls","Maharashtra","GONDIA(DISTRICT COLLECTOR GONDIA_IDA)","DR. PRASHANT YADAORAO PADOLE","BHANDARA-GONDIYA","Construction of a community hall (Sabhamandap)","13-Feb-2026","02-Apr-2026","1000000","Sanction"
"698","Normal/Others","WS/MP18115/2026-2027/268145-Construction of community centers and community halls","Maharashtra","GONDIA(DISTRICT COLLECTOR GONDIA_IDA)","DR. PRASHANT YADAORAO PADOLE","BHANDARA-GONDIYA","Construction of a community hall at Hanuman Temple","13-Feb-2026","27-Jul-2026","1000000","Sanction"
"699","Normal/Others","WS/MP18119/2026-2027/274729-Construction of community centers and community halls","Maharashtra","GONDIA(DISTRICT COLLECTOR GONDIA_IDA)","DR. KIRSAN NAMDEO","GADCHIROLI-CHIMUR(ST)","Construction of community halls near the cremation ground at Mouza Sakhritola, Ta. Salekasa.","25-Mar-2026","15-Jul-2026","600000","Sanction"
"700","Normal/Others","WS/MP18115/2025-2026/228263-Construction of community centers and community halls","Maharashtra","GONDIA(DISTRICT COLLECTOR GONDIA_IDA)","DR. PRASHANT YADAORAO PADOLE","BHANDARA-GONDIYA","Construction of community hall near Hanuman Mandir","26-Sep-2025","27-Nov-2025","700000","Sanction"
"701","Normal/Others","WS/MP18115/2025-2026/228264-Construction of community centers and community halls","Maharashtra","GONDIA(DISTRICT COLLECTOR GONDIA_IDA)","DR. PRASHANT YADAORAO PADOLE","BHANDARA-GONDIYA","Construction of a community building on government land","26-Sep-2025","27-Nov-2025","700000","Sanction"
"702","Normal/Others","WS/MP18115/2025-2026/228265-Construction of community centers and community halls","Maharashtra","GONDIA(DISTRICT COLLECTOR GONDIA_IDA)","DR. PRASHANT YADAORAO PADOLE","BHANDARA-GONDIYA","Construction of community hall on government land in front of Birsa Munda Memorial","26-Sep-2025","27-Nov-2025","500000","Sanction"
"703","Normal/Others","WS/MP18119/2026-2027/256534-Construction of community centers and community halls","Maharashtra","GONDIA(DISTRICT COLLECTOR GONDIA_IDA)","DR. KIRSAN NAMDEO","GADCHIROLI-CHIMUR(ST)","Construction of a community hall near the Shivankar ITI at Ganeshpur, Ta.Amgaon, Dis.Gondia","02-Jan-2026","03-Apr-2026","300000","Sanction"
"704","Normal/Others","WS/MP18119/2026-2027/256537-Construction of community centers and community halls","Maharashtra","GONDIA(DISTRICT COLLECTOR GONDIA_IDA)","DR. KIRSAN NAMDEO","GADCHIROLI-CHIMUR(ST)","construction of a community hall near the house of Shri Jagesh Kore at Gram Panchayat Bashipar, Ta.Amgaon, Dis.Gondia","02-Jan-2026","03-Apr-2026","400000","Sanction"
"705","Normal/Others","WS/MP18119/2026-2027/256538-Construction of community centers and community halls","Maharashtra","GONDIA(DISTRICT COLLECTOR GONDIA_IDA)","DR. KIRSAN NAMDEO","GADCHIROLI-CHIMUR(ST)","Construction of a community hall near Mahadev Temple in the cremation ground at Gram Panchayat Karanji, Ta.Amgaon, Dis.Gondia","02-Jan-2026","03-Apr-2026","400000","Sanction"
"706","Normal/Others","WS/MP18119/2026-2027/256539-Construction of community centers and community halls","Maharashtra","GONDIA(DISTRICT COLLECTOR GONDIA_IDA)","DR. KIRSAN NAMDEO","GADCHIROLI-CHIMUR(ST)","Construction of a community hall near Sharada Mata Temple at Gram Panchayat Katulri, Ta.Amgaon, Dis.Gondia","02-Jan-2026","03-Apr-2026","300000","Sanction"
"707","Normal/Others","WS/MP18119/2026-2027/256540-Construction of community centers and community halls","Maharashtra","GONDIA(DISTRICT COLLECTOR GONDIA_IDA)","DR. KIRSAN NAMDEO","GADCHIROLI-CHIMUR(ST)","Construction of a community hall near the Buddhist Vihar, in front of the Zilla Parishad School, at Gram Panchayat Kadotitola, Ta. Salekasa, Dis.Gondia","02-Jan-2026","03-Apr-2026","700000","Sanction"
"708","Normal/Others","WS/MP18119/2026-2027/256544-Construction of community centers and community halls","Maharashtra","GONDIA(DISTRICT COLLECTOR GONDIA_IDA)","DR. KIRSAN NAMDEO","GADCHIROLI-CHIMUR(ST)","Construction of a community hall near Shiv Temple at Gram Panchayat Kawrabandh, Ta.Salekasa, Dis.Gondia","02-Jan-2026","03-Apr-2026","400000","Sanction"
"709","Normal/Others","WS/MP18119/2026-2027/256546-Construction of community centers and community halls","Maharashtra","GONDIA(DISTRICT COLLECTOR GONDIA_IDA)","DR. KIRSAN NAMDEO","GADCHIROLI-CHIMUR(ST)","Construction of a community hall near Krishna Temple at Gram Panchayat Zaliya, Ta.Salekasa, Dis.Gondia","02-Jan-2026","03-Apr-2026","300000","Sanction"
"710","Normal/Others","WS/MP18119/2026-2027/256553-Construction of community centers and community halls","Maharashtra","GONDIA(DISTRICT COLLECTOR GONDIA_IDA)","DR. KIRSAN NAMDEO","GADCHIROLI-CHIMUR(ST)","Construction of a community hall near the statue of Rani Durgavati at Dharani under Gram Panchayat Fukkimeta, Ta.Deori, Dis.Gondia","02-Jan-2026","03-Apr-2026","500000","Sanction"
"711","Normal/Others","WS/MP18119/2026-2027/256555-Construction of community centers and community halls","Maharashtra","GONDIA(DISTRICT COLLECTOR GONDIA_IDA)","DR. KIRSAN NAMDEO","GADCHIROLI-CHIMUR(ST)","Construction of a community hall near the statue of Birsa Munda at Dhobisaraal under Gram Panchayat Gotabodi, Ta.Deori, Dis.Gondia","02-Jan-2026","03-Apr-2026","300000","Sanction"
"712","Normal/Others","WS/MP18119/2026-2027/256557-Construction of community centers and community halls","Maharashtra","GONDIA(DISTRICT COLLECTOR GONDIA_IDA)","DR. KIRSAN NAMDEO","GADCHIROLI-CHIMUR(ST)","Construction of a community hall near the statue of Birsa Munda at Ganutola, Gram Panchayat Kadikasa, Ta.Deori, Dis.Gondia","02-Jan-2026","17-Jul-2026","500000","Sanction"
"713","Normal/Others","WS/MP18119/2026-2027/256558-Construction of community centers and community halls","Maharashtra","GONDIA(DISTRICT COLLECTOR GONDIA_IDA)","DR. KIRSAN NAMDEO","GADCHIROLI-CHIMUR(ST)","Construction of a community hall near Shiv Temple at Gram Panchayat Pindkepar, Ta.Deori, Dis.Gondia","02-Jan-2026","03-Apr-2026","400000","Sanction"
"714","Normal/Others","WS/MP18119/2025-2026/163469-Construction of community centers and community halls","Maharashtra","GONDIA(DISTRICT COLLECTOR GONDIA_IDA)","DR. KIRSAN NAMDEO","GADCHIROLI-CHIMUR(ST)","Construction of a meeting hall at Mata Chowk under Grampanchayat Tigaon Ta Amgaon Dist Gondia","04-Jan-2025","29-Jul-2025","599950","Physical Inspection"
"715","Normal/Others","WS/MP18119/2025-2026/163476-Construction of community centers and community halls","Maharashtra","GONDIA(DISTRICT COLLECTOR GONDIA_IDA)","DR. KIRSAN NAMDEO","GADCHIROLI-CHIMUR(ST)","Construction of a meeting hall at grampanchayt Wandhara Ta Deori Dist Gondiya","04-Jan-2025","29-Jul-2025","300000","Sanction"
"716","Normal/Others","WS/MP18119/2025-2026/163479-Construction of community centers and community halls","Maharashtra","GONDIA(DISTRICT COLLECTOR GONDIA_IDA)","DR. KIRSAN NAMDEO","GADCHIROLI-CHIMUR(ST)","Construction of a meeting hall at Grampanchayat Gandhitola Ta Salekasa Dist Gondiya","04-Jan-2025","29-Jul-2025","500000","Physical Inspection"
"717","Normal/Others","WS/MP18119/2025-2026/163480-Construction of community centers and community halls","Maharashtra","GONDIA(DISTRICT COLLECTOR GONDIA_IDA)","DR. KIRSAN NAMDEO","GADCHIROLI-CHIMUR(ST)","Construction of a meeting hall at Grampanchayt Gorre Ta Salekasa Dist Gondiya","04-Jan-2025","11-Aug-2025","500000","Sanction"
"718","Normal/Others","WS/MP18115/2026-2027/186641-Construction of community centers and community halls","Maharashtra","GONDIA(DISTRICT COLLECTOR GONDIA_IDA)","DR. PRASHANT YADAORAO PADOLE","BHANDARA-GONDIYA","Construction of Community Hall","26-Mar-2025","03-Apr-2026","1000000","Sanction"
"719","Normal/Others","WS/MP18115/2026-2027/186643-Construction of community centers and community halls","Maharashtra","GONDIA(DISTRICT COLLECTOR GONDIA_IDA)","DR. PRASHANT YADAORAO PADOLE","BHANDARA-GONDIYA","Construction of Community Hall","26-Mar-2025","03-Apr-2026","700000","Physical Inspection"
"720","Normal/Others","WS/MP18115/2026-2027/186671-Construction of community centers and community halls","Maharashtra","GONDIA(DISTRICT COLLECTOR GONDIA_IDA)","DR. PRASHANT YADAORAO PADOLE","BHANDARA-GONDIYA","Construction of Community Hall","26-Mar-2025","02-Apr-2026","700000","Sanction"
"721","Normal/Others","WS/MP18115/2026-2027/186677-Construction of community centers and community halls","Maharashtra","GONDIA(DISTRICT COLLECTOR GONDIA_IDA)","DR. PRASHANT YADAORAO PADOLE","BHANDARA-GONDIYA","Construction of Community Hall","26-Mar-2025","03-Apr-2026","700000","Physical Inspection"
"722","Normal/Others","WS/MP18115/2025-2026/186718-Construction of community centers and community halls","Maharashtra","GONDIA(DISTRICT COLLECTOR GONDIA_IDA)","DR. PRASHANT YADAORAO PADOLE","BHANDARA-GONDIYA","Construction of Community Hall","26-Mar-2025","27-Nov-2025","1000000","Sanction"
"723","Normal/Others","WS/MP18115/2026-2027/186723-Construction of community centers and community halls","Maharashtra","GONDIA(DISTRICT COLLECTOR GONDIA_IDA)","DR. PRASHANT YADAORAO PADOLE","BHANDARA-GONDIYA","Construction of Community Hall","26-Mar-2025","03-Apr-2026","1000000","Physical Inspection"
"724","Normal/Others","WS/MP18115/2026-2027/186725-Construction of community centers and community halls","Maharashtra","GONDIA(DISTRICT COLLECTOR GONDIA_IDA)","DR. PRASHANT YADAORAO PADOLE","BHANDARA-GONDIYA","Construction of Community Hall","26-Mar-2025","03-Apr-2026","1000000","Sanction"
"725","Normal/Others","WS/MP18115/2025-2026/186727-Construction of community centers and community halls","Maharashtra","GONDIA(DISTRICT COLLECTOR GONDIA_IDA)","DR. PRASHANT YADAORAO PADOLE","BHANDARA-GONDIYA","Construction of Sabha Mandap","26-Mar-2025","29-Jul-2025","700000","Sanction"
"726","Normal/Others","WS/MP18115/2025-2026/186735-Construction of community centers and community halls","Maharashtra","GONDIA(DISTRICT COLLECTOR GONDIA_IDA)","DR. PRASHANT YADAORAO PADOLE","BHANDARA-GONDIYA","Construction of Sabha Mandap","26-Mar-2025","29-Jul-2025","700000","Sanction"
"727","Normal/Others","WS/MP18115/2025-2026/186739-Construction of community centers and community halls","Maharashtra","GONDIA(DISTRICT COLLECTOR GONDIA_IDA)","DR. PRASHANT YADAORAO PADOLE","BHANDARA-GONDIYA","Construction of Sabha Mandap","26-Mar-2025","27-Nov-2025","1000000","Physical Inspection"
"728","Normal/Others","WS/MP18115/2025-2026/189409-Construction of community centers and community halls","Maharashtra","GONDIA(DISTRICT COLLECTOR GONDIA_IDA)","DR. PRASHANT YADAORAO PADOLE","BHANDARA-GONDIYA","Construction of Hall","04-Apr-2025","27-Nov-2025","700000","Sanction"
"729","Normal/Others","WS/MP18115/2025-2026/189432-Construction of community centers and community halls","Maharashtra","GONDIA(DISTRICT COLLECTOR GONDIA_IDA)","DR. PRASHANT YADAORAO PADOLE","BHANDARA-GONDIYA","Construction of Hall","04-Apr-2025","23-Jul-2025","700000","Sanction"
"730","Normal/Others","WS/MP18119/2025-2026/163473-Construction of roads, link roads, pathways or any other road with or without drainage system","Maharashtra","GONDIA(DISTRICT COLLECTOR GONDIA_IDA)","DR. KIRSAN NAMDEO","GADCHIROLI-CHIMUR(ST)","Construction of a cc Road from Noorchand Naik house to Bhart Kirsaan House at grampanchayat Paladur Tekari Ta Deori Dist Gondiya","04-Jan-2025","29-Jul-2025","298168","Physical Inspection"
"731","Normal/Others","WS/MP18119/2026-2027/256532-Construction of roads, link roads, pathways or any other road with or without drainage system","Maharashtra","GONDIA(DISTRICT COLLECTOR GONDIA_IDA)","DR. KIRSAN NAMDEO","GADCHIROLI-CHIMUR(ST)","Construction of a C.C. road in Ward No. 3 at from Patil Galli, from the house of Shri Gajanan Motiram Mendhe up to the main road, at.Kalimati, Ta.Amgaon, Dis.Gondia","02-Jan-2026","03-Apr-2026","400000","Physical Inspection"
"732","Normal/Others","WS/MP18115/2026-2027/186720-Construction of roads, link roads, pathways or any other road with or without drainage system","Maharashtra","GONDIA(DISTRICT COLLECTOR GONDIA_IDA)","DR. PRASHANT YADAORAO PADOLE","BHANDARA-GONDIYA","Construction of Cement Road","26-Mar-2025","03-Apr-2026","700000","Sanction"
"733","Normal/Others","WS/MP18115/2026-2027/186691-Construction of roads, link roads, pathways or any other road with or without drainage system","Maharashtra","GONDIA(DISTRICT COLLECTOR GONDIA_IDA)","DR. PRASHANT YADAORAO PADOLE","BHANDARA-GONDIYA","Gravelling of Road","26-Mar-2025","03-Apr-2026","1000000","Sanction"
"734","Normal/Others","WS/MP18115/2025-2026/186646-Construction of roads, link roads, pathways or any other road with or without drainage system","Maharashtra","GONDIA(DISTRICT COLLECTOR GONDIA_IDA)","DR. PRASHANT YADAORAO PADOLE","BHANDARA-GONDIYA","Construction of Cement Road","26-Mar-2025","27-Nov-2025","700000","Physical Inspection"
"735","Normal/Others","WS/MP18115/2025-2026/186731-Construction of roads, link roads, pathways or any other road with or without drainage system","Maharashtra","GONDIA(DISTRICT COLLECTOR GONDIA_IDA)","DR. PRASHANT YADAORAO PADOLE","BHANDARA-GONDIYA","Construction of Paving Blocks","26-Mar-2025","29-Jul-2025","700000","Work partially Completed"
"736","Normal/Others","WS/MP18119/2026-2027/256548-Construction of culverts and bridges","Maharashtra","GONDIA(DISTRICT COLLECTOR GONDIA_IDA)","DR. KIRSAN NAMDEO","GADCHIROLI-CHIMUR(ST)","construction of a culvert on the  Belbodi Lake at Gram Panchayat Kotra (Halbitola), Ta.Salekasa, Dis.Gondia","02-Jan-2026","03-Apr-2026","200000","Sanction"
"737","Normal/Others","WS/MP18120/2025-2026/180360-Construction of roads, link roads, pathways or any other road with or without drainage system","Maharashtra","HINGOLI(DISTRICT COLLECTOR HINGOLI_IDA)","AASHTIKAR PATIL NAGESH BAPURAO","HINGOLI","Construction of Cement Concrete Road At Dhudhala Tq Audha Nagnath Dist Hingoli from Shubhash Dharkar House to Kabrasthan Gate.","08-Mar-2025","15-Sep-2025","1498945","Physical Inspection"
"738","Normal/Others","WS/MP18120/2025-2026/194147-Construction of roads, link roads, pathways or any other road with or without drainage system","Maharashtra","HINGOLI(DISTRICT COLLECTOR HINGOLI_IDA)","AASHTIKAR PATIL NAGESH BAPURAO","HINGOLI","Construction of Cement Concrete Road and Drainage System AT. Bhategaon TQ. Kalamnuri DIST. Nanded.","24-Apr-2025","13-Mar-2026","661857","Physical Inspection"
"739","Normal/Others","WS/MP18120/2025-2026/189535-Construction of roads, link roads, pathways or any other road with or without drainage system","Maharashtra","HINGOLI(DISTRICT COLLECTOR HINGOLI_IDA)","AASHTIKAR PATIL NAGESH BAPURAO","HINGOLI","Construction of Cement Concrete Road from Balkishan Zade Home to Lodba Tale Home At Khudaj Tq. Sengaon Dist Hingoli","06-Apr-2025","02-Feb-2026","998507","Physical Inspection"
"740","Normal/Others","WS/MP18120/2026-2027/192088-Construction of roads, link roads, pathways or any other road with or without drainage system","Maharashtra","HINGOLI(DISTRICT COLLECTOR HINGOLI_IDA)","AASHTIKAR PATIL NAGESH BAPURAO","HINGOLI","Construction of C.C. road in ghankachara plant (dumping yard) At. Kalamnuri City Tq. Kalamnuri Dist. Hingoli","17-Apr-2025","16-Apr-2026","999380","Vendor Identification"
"741","Normal/Others","WS/MP18120/2025-2026/190401-Construction of roads, link roads, pathways or any other road with or without drainage system","Maharashtra","HINGOLI(DISTRICT COLLECTOR HINGOLI_IDA)","AASHTIKAR PATIL NAGESH BAPURAO","HINGOLI","Construction of Cement Road and Drainage System from Amarnath Traders Nanded - Hingoli Road to Bypass Road At. Aakhada Balapur Tq. Kalamnuri Dist. Hingoli","10-Apr-2025","13-Mar-2026","2798862","Physical Inspection"
"742","Normal/Others","WS/MP18120/2025-2026/190402-Construction of roads, link roads, pathways or any other road with or without drainage system","Maharashtra","HINGOLI(DISTRICT COLLECTOR HINGOLI_IDA)","AASHTIKAR PATIL NAGESH BAPURAO","HINGOLI","Construction of Cement Concrete Road and Drainage System from Nanded - Hingoli Road to Balaji Patil Home At. Aakhada Balapur Tq. Kalamnuri Dist. Hingoli","10-Apr-2025","13-Jan-2026","2999200","Physical Inspection"
"743","Normal/Others","WS/MP18120/2025-2026/169206-Construction of roads, link roads, pathways or any other road with or without drainage system","Maharashtra","HINGOLI(DISTRICT COLLECTOR HINGOLI_IDA)","AASHTIKAR PATIL NAGESH BAPURAO","HINGOLI","CC Road and Drainage Work from Nagendra Puri Maharaj Temple to Malegaon Road at Zara, TQ. Kalamnuri Dist Hingoli","27-Jan-2025","10-Oct-2025","4994258","Physical Inspection"
"744","Normal/Others","WS/MP18120/2025-2026/169263-Construction of roads, link roads, pathways or any other road with or without drainage system","Maharashtra","HINGOLI(DISTRICT COLLECTOR HINGOLI_IDA)","AASHTIKAR PATIL NAGESH BAPURAO","HINGOLI","C.C.Road at Bandu patil home to Oil mil at kalamnuri Tq.Kalamnuri","27-Jan-2025","09-Sep-2025","999444","Physical Inspection"
"745","Normal/Others","WS/MP18120/2025-2026/174626-Construction of roads, link roads, pathways or any other road with or without drainage system","Maharashtra","HINGOLI(DISTRICT COLLECTOR HINGOLI_IDA)","AASHTIKAR PATIL NAGESH BAPURAO","HINGOLI","Construction of Cement concentrate Road and drainage At. Hiradgaon Tq. Vasmat Dist. Hingoli","09-Feb-2025","26-Feb-2026","1485959","Physical Inspection"
"746","Normal/Others","WS/MP18120/2025-2026/174627-Construction of roads, link roads, pathways or any other road with or without drainage system","Maharashtra","HINGOLI(DISTRICT COLLECTOR HINGOLI_IDA)","AASHTIKAR PATIL NAGESH BAPURAO","HINGOLI","Construction of Cement concentrate Road At. Shivani Kh. Tq. Kalamnuri Dist.  Hingoli","09-Feb-2025","10-Oct-2025","1498207","Physical Inspection"
"747","Normal/Others","WS/MP18120/2025-2026/174629-Construction of roads, link roads, pathways or any other road with or without drainage system","Maharashtra","HINGOLI(DISTRICT COLLECTOR HINGOLI_IDA)","AASHTIKAR PATIL NAGESH BAPURAO","HINGOLI","Construction of Cement concentrate Road At Mahatma Gandhinagar Ward No. 11 Wasmat Municipal Corporation Dist Hingoli","09-Feb-2025","13-Jan-2026","1492857","Physical Inspection"
"748","Normal/Others","WS/MP18120/2025-2026/218863-Installing tube-wells and borewells","Maharashtra","HINGOLI(DISTRICT COLLECTOR HINGOLI_IDA)","AASHTIKAR PATIL NAGESH BAPURAO","HINGOLI","Installing Vindhan Vihir and Pipeline for drinking water in Anna Bhau Sathe Nagar At Somthana TQ Wasmat DIST Hingoli.","18-Jul-2025","13-Mar-2026","500000","Sanction"
"749","Normal/Others","WS/MP18120/2025-2026/241629-Installing tube-wells and borewells","Maharashtra","HINGOLI(DISTRICT COLLECTOR HINGOLI_IDA)","AASHTIKAR PATIL NAGESH BAPURAO","HINGOLI","Installation of RO water plant with Solar water Motor Bore At Ankhali Tq Anudha Nagnath Dist Hingoli.","28-Oct-2025","13-Mar-2026","900000","Sanction"
"750","Normal/Others","WS/MP18120/2025-2026/241630-Installing tube-wells and borewells","Maharashtra","HINGOLI(DISTRICT COLLECTOR HINGOLI_IDA)","AASHTIKAR PATIL NAGESH BAPURAO","HINGOLI","Installation of RO water plant with Solar water Motor Bore At Pota BK Tq Anudha Nagnath Dist Hingoli","28-Oct-2025","13-Mar-2026","900000","Sanction"
"751","Normal/Others","WS/MP18120/2025-2026/213059-Construction of roads, link roads, pathways or any other road with or without drainage system","Maharashtra","HINGOLI(DISTRICT COLLECTOR HINGOLI_IDA)","AASHTIKAR PATIL NAGESH BAPURAO","HINGOLI","construction of cc road from grampanchayat office to sawata mali temple at Dhanora tarfe Aral tq.Vasmat Dist. Hingoli","18-Jul-2025","13-Mar-2026","994661","Physical Inspection"
"752","Normal/Others","WS/MP18120/2026-2027/218864-Construction of roads, link roads, pathways or any other road with or without drainage system","Maharashtra","HINGOLI(DISTRICT COLLECTOR HINGOLI_IDA)","AASHTIKAR PATIL NAGESH BAPURAO","HINGOLI","Construction of Cement Concrete Road from Bhimrao Kote Home to Vitthal Kurude Home and from Shivaji Phole to Jayanta Gaikwad Home At Donwada TQ Wasmat DIST Hingoli.","18-Jul-2025","14-May-2026","1493124","Physical Inspection"
"753","Normal/Others","WS/MP18120/2026-2027/218858-Construction of roads, link roads, pathways or any other road with or without drainage system","Maharashtra","HINGOLI(DISTRICT COLLECTOR HINGOLI_IDA)","AASHTIKAR PATIL NAGESH BAPURAO","HINGOLI","Construction of Cement Concrete Road in Dr. Ambedkar Nagar, At Somthana TQ. Wasmat DIST Hingoli.","18-Jul-2025","09-Jul-2026","2993160","Physical Inspection"
"754","Normal/Others","WS/MP691/2025-2026/237153-Construction of roads, link roads, pathways or any other road with or without drainage system","Maharashtra","JALGAON(DISTRICT COLLECTOR JALGAON_IDA)","Smt Raksha Nikhil Khadse","RAVER","Graveling and strengthening of the road from Mouje Ruikheda, Taluka Muktainagar to Bhalegaon (Rangaon), Taluka Malkapur at Taluka Muktainagar","24-Sep-2025","05-Mar-2026","3000000","Sanction"
"755","Normal/Others","WS/MP18121/2024-2025/146649-Providing drains and gutters for public drainage","Maharashtra","JALGAON(DISTRICT COLLECTOR JALGAON_IDA)","SMITA UDAY WAGH","JALGAON","Construction of RCC drain from the house of Mr. Bapu Kamble to the house of Ayub Rasul Khan in the slum area on Ghat Road, Chalisgaon city","10-Oct-2024","28-Jan-2025","699000","Physical Inspection"
"756","Normal/Others","WS/MP18121/2024-2025/146654-Providing drains and gutters for public drainage","Maharashtra","JALGAON(DISTRICT COLLECTOR JALGAON_IDA)","SMITA UDAY WAGH","JALGAON","Construction of RCC drain from the house of Mr. Deepak Kumawat to the house of Mr. Manohar Patil in Shahunagar, Ward No. 3, Chalisgaon city","10-Oct-2024","18-Mar-2025","699551","Physical Inspection"
"757","Normal/Others","WS/MP691/2025-2026/175514-Purchase of furniture and fixtures for educational purposes","Maharashtra","JALGAON(DISTRICT COLLECTOR JALGAON_IDA)","Smt Raksha Nikhil Khadse","RAVER","Providing equipment (furniture) at Jawahar Navodaya Vidyalaya, Bhusawal","13-Feb-2025","03-Jun-2025","914736","Physical Inspection"
"758","Trust and Society","WS/MP691/2025-2026/227843-Construction of rooms and halls in school and colleges","Maharashtra","JALGAON(DISTRICT COLLECTOR JALGAON_IDA)","Smt Raksha Nikhil Khadse","RAVER","Construction of two classroom buildings at Gurudev Seva Mandal sanchalit Gurudev Secondary School at Mouje Kolambe, Taluka Chopda (ST)","20-Aug-2025","16-Dec-2025","2000000","Sanction"
"759","Normal/Others","WS/MP18121/2024-2025/163148-Construction of boundary walls of existing public and community buildings","Maharashtra","JALGAON(DISTRICT COLLECTOR JALGAON_IDA)","SMITA UDAY WAGH","JALGAON","Construction of protective walls and necessary structures at Jalgaon Officers Club Gymkhana","02-Jan-2025","28-Mar-2025","1500000","Work Completed"
"760","Normal/Others","WS/MP18121/2024-2025/146767-Construction of boundary walls of existing public and community buildings","Maharashtra","JALGAON(DISTRICT COLLECTOR JALGAON_IDA)","SMITA UDAY WAGH","JALGAON","Construction of boundary  wall for the community building in front of the onion market on Nagad Road, Chalisgaon","11-Oct-2024","26-Mar-2025","1999472","Physical Inspection"
"761","Normal/Others","WS/MP18121/2024-2025/163230-Construction of Government office buildings (Post office, Police station, Police chauki, etc.)","Maharashtra","JALGAON(DISTRICT COLLECTOR JALGAON_IDA)","SMITA UDAY WAGH","JALGAON","Construction of Juvenile Home (Balsudhar gruh) office building at Jalgaon","02-Jan-2025","28-Mar-2025","2490157","Physical Inspection"
"762","Normal/Others","WS/MP18121/2024-2025/146766-Construction of community centers and community halls","Maharashtra","JALGAON(DISTRICT COLLECTOR JALGAON_IDA)","SMITA UDAY WAGH","JALGAON","Construction of a community hall at Pohare, Taluka Chalisgaon","11-Oct-2024","12-Mar-2025","1998833","Physical Inspection"
"763","Normal/Others","WS/MP691/2025-2026/237151-Construction of community centers and community halls","Maharashtra","JALGAON(DISTRICT COLLECTOR JALGAON_IDA)","Smt Raksha Nikhil Khadse","RAVER","Construction of a community hall at Mouje Salbardi, Taluka Muktainagar","24-Sep-2025","05-Mar-2026","1000000","Sanction"
"764","Normal/Others","WS/MP18121/2024-2025/146671-Construction of roads, link roads, pathways or any other road with or without drainage system","Maharashtra","JALGAON(DISTRICT COLLECTOR JALGAON_IDA)","SMITA UDAY WAGH","JALGAON","Construction of the road from Nandra Bu. to Pilkheda to Nandgaon, Taluka Jalgaon","10-Oct-2024","14-Oct-2024","2945320","Physical Inspection"
"765","Normal/Others","WS/MP18121/2024-2025/146782-Construction of roads, link roads, pathways or any other road with or without drainage system","Maharashtra","JALGAON(DISTRICT COLLECTOR JALGAON_IDA)","SMITA UDAY WAGH","JALGAON","Concreting work at Dhorwada in Ward No. 5 of Chalisgaon city","11-Oct-2024","26-Mar-2025","998933","Physical Inspection"
"766","Normal/Others","WS/MP18121/2025-2026/146783-Construction of roads, link roads, pathways or any other road with or without drainage system","Maharashtra","JALGAON(DISTRICT COLLECTOR JALGAON_IDA)","SMITA UDAY WAGH","JALGAON","Construction of a drainage system and concreting along Malegaon Road in Chalisgaon city","11-Oct-2024","22-May-2025","2000000","Sanction"
"767","Normal/Others","WS/MP18121/2024-2025/146636-Construction of roads, link roads, pathways or any other road with or without drainage system","Maharashtra","JALGAON(DISTRICT COLLECTOR JALGAON_IDA)","SMITA UDAY WAGH","JALGAON","Construction of Concrete road in Ward No.5,at Patonda,Ta. Chalisgaon","10-Oct-2024","26-Mar-2025","700000","Work Completed"
"768","Normal/Others","WS/MP691/2025-2026/237152-Construction of footpaths and pedestrian ways","Maharashtra","JALGAON(DISTRICT COLLECTOR JALGAON_IDA)","Smt Raksha Nikhil Khadse","RAVER","Construction of paver blocks within the village at Mouje Chinchol, Taluka Muktainagar.","24-Sep-2025","01-Jan-2026","2000000","Work Completed"
"769","Normal/Others","WS/MP691/2025-2026/227844-Lighting of public spaces","Maharashtra","JALGAON(DISTRICT COLLECTOR JALGAON_IDA)","Smt Raksha Nikhil Khadse","RAVER","Installation of LED at Mouje Jadgaon, Taluka Bhusawal","20-Aug-2025","10-Mar-2026","130000","Sanction"
"770","Normal/Others","WS/MP691/2024-2025/140096-Fitting of Sitting RCC Benches in Public Places","Maharashtra","JALGAON(DISTRICT COLLECTOR JALGAON_IDA)","Smt Raksha Nikhil Khadse","RAVER","Mauje Bodwad Bodwad District  Seating Arrangment at various places for inner city citizens in Jalgaon.","09-Sep-2024","09-Sep-2024","2999928","Physical Inspection"
"771","Normal/Others","WS/MP681/2024-2025/143646-Construction of roads, link roads, pathways or any other road with or without drainage system","Maharashtra","JALNA(DISTRICT COLLECTOR JALNA_IDA)","Sanjay Haribhau Jadhav","PARBHANI","Construction of CC road and Drainage at Gaytri Nagar, Mahakala, Tal.Ambad,Dist.Jalna.(ST)","25-Sep-2024","08-Oct-2024","799000","Vendor Identification"
"772","Normal/Others","WS/MP681/2024-2025/143647-Construction of roads, link roads, pathways or any other road with or without drainage system","Maharashtra","JALNA(DISTRICT COLLECTOR JALNA_IDA)","Sanjay Haribhau Jadhav","PARBHANI","Construction of simmet road and drain within the village at Antewali Tembhi, Tal.Ghansawangi,Dist.Jalna.(ST)","25-Sep-2024","08-Oct-2024","799000","Vendor Identification"
"773","Normal/Others","WS/MP681/2024-2025/143655-Construction of roads, link roads, pathways or any other road with or without drainage system","Maharashtra","JALNA(DISTRICT COLLECTOR JALNA_IDA)","Sanjay Haribhau Jadhav","PARBHANI","Construction of internal cement roads and drains within the village at Chandanpuri kh, tal.Ambad dist.Jalna.","25-Sep-2024","08-Oct-2024","999000","Vendor Identification"
"774","Normal/Others","WS/MP681/2024-2025/143657-Construction of roads, link roads, pathways or any other road with or without drainage system","Maharashtra","JALNA(DISTRICT COLLECTOR JALNA_IDA)","Sanjay Haribhau Jadhav","PARBHANI","Construction of internal cement roads and drains within the village at Gandhari Tal.Ambad Dist.Jalna.","25-Sep-2024","08-Oct-2024","1000000","Sanction"
"775","Normal/Others","WS/MP681/2024-2025/143658-Construction of roads, link roads, pathways or any other road with or without drainage system","Maharashtra","JALNA(DISTRICT COLLECTOR JALNA_IDA)","Sanjay Haribhau Jadhav","PARBHANI","Construction of internal cement roads and drains within the village at Taka tal.Ambad dist.Jalna.","25-Sep-2024","08-Oct-2024","1000000","Vendor Identification"
"776","Normal/Others","WS/MP681/2024-2025/143650-Construction of roads, link roads, pathways or any other road with or without drainage system","Maharashtra","JALNA(DISTRICT COLLECTOR JALNA_IDA)","Sanjay Haribhau Jadhav","PARBHANI","Construction of CC roads and drains in Dalit settlements at Paduli Bk, Tal.Ghansawangi, Dist.jalna","25-Sep-2024","08-Oct-2024","799000","Vendor Identification"
"777","Normal/Others","WS/MP681/2024-2025/143651-Construction of roads, link roads, pathways or any other road with or without drainage system","Maharashtra","JALNA(DISTRICT COLLECTOR JALNA_IDA)","Sanjay Haribhau Jadhav","PARBHANI","Strengthening of road leading to Maruti Mandir to Dr. Babasaheb Ambedkar Statue at Argadegachan Tal.Ghansawangi Dist.jalna. (SC)","25-Sep-2024","08-Oct-2024","899000","Vendor Identification"
"778","Normal/Others","WS/MP681/2024-2025/144038-Construction of roads, link roads, pathways or any other road with or without drainage system","Maharashtra","JALNA(DISTRICT COLLECTOR JALNA_IDA)","Sanjay Haribhau Jadhav","PARBHANI","construction of cc road at Shewga, tal.Partur.","03-Oct-2024","03-Jan-2025","1000000","Vendor Identification"
"779","Normal/Others","WS/MP681/2025-2026/144039-Construction of roads, link roads, pathways or any other road with or without drainage system","Maharashtra","JALNA(DISTRICT COLLECTOR JALNA_IDA)","Sanjay Haribhau Jadhav","PARBHANI","construction of cc road at Vidoli, tal.Mantha.","03-Oct-2024","20-Jun-2025","1000000","Vendor Identification"
"780","Normal/Others","WS/MP681/2024-2025/144040-Construction of roads, link roads, pathways or any other road with or without drainage system","Maharashtra","JALNA(DISTRICT COLLECTOR JALNA_IDA)","Sanjay Haribhau Jadhav","PARBHANI","construction of cc road at Hanwat Kheda, Tal.Mantha.","03-Oct-2024","07-Jan-2025","700000","Vendor Identification"
"781","Normal/Others","WS/MP681/2024-2025/144041-Construction of roads, link roads, pathways or any other road with or without drainage system","Maharashtra","JALNA(DISTRICT COLLECTOR JALNA_IDA)","Sanjay Haribhau Jadhav","PARBHANI","construction of cc road at Bhagde sawargaon, tal.mantha.","03-Oct-2024","03-Jan-2025","1000000","Vendor Identification"
"782","Normal/Others","WS/MP681/2024-2025/144067-Construction of roads, link roads, pathways or any other road with or without drainage system","Maharashtra","JALNA(DISTRICT COLLECTOR JALNA_IDA)","Sanjay Haribhau Jadhav","PARBHANI","construction of cc road wakadi, tal.Mantha.","03-Oct-2024","07-Jan-2025","500000","Vendor Identification"
"783","Normal/Others","WS/MP681/2025-2026/144068-Construction of roads, link roads, pathways or any other road with or without drainage system","Maharashtra","JALNA(DISTRICT COLLECTOR JALNA_IDA)","Sanjay Haribhau Jadhav","PARBHANI","construction of cc road at nansi, tal.Mantha.","03-Oct-2024","15-Oct-2025","700000","Vendor Identification"
"784","Normal/Others","WS/MP18122/2024-2025/184151-Construction of roads, link roads, pathways or any other road with or without drainage system","Maharashtra","JALNA(DISTRICT COLLECTOR JALNA_IDA)","KALYAN VAIJINATHRAO KALE","JALNA","Strengthening of Pagirwadi to Nagonyachiwadi road in Ambad taluka.","22-Mar-2025","31-Mar-2025","1000000","Vendor Identification"
"785","Normal/Others","WS/MP18122/2024-2025/181785-Construction of roads, link roads, pathways or any other road with or without drainage system","Maharashtra","JALNA(DISTRICT COLLECTOR JALNA_IDA)","KALYAN VAIJINATHRAO KALE","JALNA","Installation of paver blocks at Kholeshwar Sansthan, Chandai Ekko, Bhokardan Taluka.","22-Mar-2025","31-Mar-2025","1000000","Vendor Identification"
"786","Normal/Others","WS/MP18122/2025-2026/181765-Construction of roads, link roads, pathways or any other road with or without drainage system","Maharashtra","JALNA(DISTRICT COLLECTOR JALNA_IDA)","KALYAN VAIJINATHRAO KALE","JALNA","Construction of C C Road from Shri Datta Shindes House to Mahadev Mandir at post Ahankar Devulgaon, TQ. Jalna","22-Mar-2025","31-Oct-2025","1000000","Vendor Identification"
"787","Normal/Others","WS/MP18122/2024-2025/181771-Construction of roads, link roads, pathways or any other road with or without drainage system","Maharashtra","JALNA(DISTRICT COLLECTOR JALNA_IDA)","KALYAN VAIJINATHRAO KALE","JALNA","Construction of Cement concrete Road from Mastan Kha house to Feroz kha kutub kha house at Kathora Bazar TQ. Bhokardan","22-Mar-2025","31-Mar-2025","1000000","Vendor Identification"
"788","Normal/Others","WS/MP18122/2024-2025/181774-Construction of roads, link roads, pathways or any other road with or without drainage system","Maharashtra","JALNA(DISTRICT COLLECTOR JALNA_IDA)","KALYAN VAIJINATHRAO KALE","JALNA","Construction of Cement concrete Road from Bazar Chouk to Mastan Kha house  at Kathora Bazar TQ. Bhokardan","22-Mar-2025","31-Mar-2025","1000000","Vendor Identification"
"789","Normal/Others","WS/MP18122/2024-2025/181777-Construction of roads, link roads, pathways or any other road with or without drainage system","Maharashtra","JALNA(DISTRICT COLLECTOR JALNA_IDA)","KALYAN VAIJINATHRAO KALE","JALNA","Construction of Cement concrete Road from Feroz Kha Kutub Kha house to Darga at Kathora Bazar TQ. Bhokardan","22-Mar-2025","31-Mar-2025","1000000","Vendor Identification"
"790","Normal/Others","WS/MP18122/2024-2025/181790-Construction of roads, link roads, pathways or any other road with or without drainage system","Maharashtra","JALNA(DISTRICT COLLECTOR JALNA_IDA)","KALYAN VAIJINATHRAO KALE","JALNA","Construction of C C Road at village Soegaon Devi TQ Bhokardan from Santoshi Mata Mandir to Shrirang Thite House","22-Mar-2025","31-Mar-2025","1000000","Vendor Identification"
"791","Normal/Others","WS/MP18122/2024-2025/181792-Construction of roads, link roads, pathways or any other road with or without drainage system","Maharashtra","JALNA(DISTRICT COLLECTOR JALNA_IDA)","KALYAN VAIJINATHRAO KALE","JALNA","Construction of C C Road at village Rajur TQ Bhokardan from Bhokardan Road to Shrikrushna Mandir","22-Mar-2025","31-Mar-2025","1000000","Vendor Identification"
"792","Normal/Others","WS/MP18122/2024-2025/181794-Construction of roads, link roads, pathways or any other road with or without drainage system","Maharashtra","JALNA(DISTRICT COLLECTOR JALNA_IDA)","KALYAN VAIJINATHRAO KALE","JALNA","Construction of C C Road for Smashanbhumi at village Bhaydi TQ Bhokardan from Bhokardan Road to Shrikrushna Mandir","22-Mar-2025","31-Mar-2025","1000000","Vendor Identification"
"793","Normal/Others","WS/MP18122/2025-2026/186337-Construction of roads, link roads, pathways or any other road with or without drainage system","Maharashtra","JALNA(DISTRICT COLLECTOR JALNA_IDA)","KALYAN VAIJINATHRAO KALE","JALNA","Construction of cement road from Mr. Jagannath Padul to Mr. Chirkes house in Samangaon Tal. Jalna","31-Mar-2025","02-Jan-2026","1000000","Vendor Identification"
"794","Normal/Others","WS/MP18122/2024-2025/168729-Construction of roads, link roads, pathways or any other road with or without drainage system","Maharashtra","JALNA(DISTRICT COLLECTOR JALNA_IDA)","KALYAN VAIJINATHRAO KALE","JALNA","To make the Chittoda River with soil from Village-9 at Shindi Pimpalgaon in Badnapur taluka.","24-Jan-2025","31-Mar-2025","1000000","Vendor Identification"
"795","Repair and Renovation","WS/MP18122/2024-2025/168730-Construction of roads, link roads, pathways or any other road with or without drainage system","Maharashtra","JALNA(DISTRICT COLLECTOR JALNA_IDA)","KALYAN VAIJINATHRAO KALE","JALNA","Strengthening of Jalgaon Sapkal to Varadewadi road in Bhokardan taluka.","24-Jan-2025","31-Mar-2025","1000000","Vendor Identification"
"796","Repair and Renovation","WS/MP18122/2025-2026/168731-Construction of roads, link roads, pathways or any other road with or without drainage system","Maharashtra","JALNA(DISTRICT COLLECTOR JALNA_IDA)","KALYAN VAIJINATHRAO KALE","JALNA","Strengthening of Khamgaon Chauphuli to Hasanabad Phata road in Badnapur taluka.","24-Jan-2025","10-Nov-2025","1000000","Vendor Identification"
"797","Repair and Renovation","WS/MP18122/2024-2025/168753-Construction of roads, link roads, pathways or any other road with or without drainage system","Maharashtra","JALNA(DISTRICT COLLECTOR JALNA_IDA)","KALYAN VAIJINATHRAO KALE","JALNA","Strengthening of Rokdobanagar to Rajala road under Koparda in Bhokardan taluka.","24-Jan-2025","31-Mar-2025","1000000","Vendor Identification"
"798","Normal/Others","WS/MP18122/2026-2027/246058-Construction of roads, link roads, pathways or any other road with or without drainage system","Maharashtra","JALNA(DISTRICT COLLECTOR JALNA_IDA)","KALYAN VAIJINATHRAO KALE","JALNA","Cement construction or installation of paver blocks on the road in front of Chhatrapati Shivaji Maharaj Memorial at Mouje Dhopateshwar in Badnapur taluka.","01-Dec-2025","24-Jun-2026","500000","Vendor Identification"
"799","Normal/Others","WS/MP18122/2026-2027/246015-Construction of community centers and community halls","Maharashtra","JALNA(DISTRICT COLLECTOR JALNA_IDA)","KALYAN VAIJINATHRAO KALE","JALNA","Construction of a protective wall to protect the Shri Tuljabhawani Temple at Kadegaon, Mouje, Badnapur Taluka from the water of the drain (Odha).","01-Dec-2025","03-Jul-2026","700000","Vendor Identification"
"800","Normal/Others","WS/MP18122/2024-2025/181787-Crematoriums/energy efficient crematoriums or structures on burial/cremation ground","Maharashtra","JALNA(DISTRICT COLLECTOR JALNA_IDA)","KALYAN VAIJINATHRAO KALE","JALNA","Construction of cemetery and installation of protective wall and paver blocks at Borgaon Bk. in Jafrabad taluka.","22-Mar-2025","31-Mar-2025","1000000","Vendor Identification"
"801","Normal/Others","WS/MP681/2024-2025/143652-Construction of community centers and community halls","Maharashtra","JALNA(DISTRICT COLLECTOR JALNA_IDA)","Sanjay Haribhau Jadhav","PARBHANI","Construction of Sabha mandap at Bor Ranjani Tal.Ghansawangi Dist.Jalna. (SC)","25-Sep-2024","08-Oct-2024","799000","Vendor Identification"
"802","Normal/Others","WS/MP681/2024-2025/143654-Construction of community centers and community halls","Maharashtra","JALNA(DISTRICT COLLECTOR JALNA_IDA)","Sanjay Haribhau Jadhav","PARBHANI","Construction of Sabha mandap at Paradaon, Tal.Ghansawangi Dist.Jalna","25-Sep-2024","08-Oct-2024","999000","Vendor Identification"
"803","Normal/Others","WS/MP18122/2026-2027/168812-Construction of community centers and community halls","Maharashtra","JALNA(DISTRICT COLLECTOR JALNA_IDA)","KALYAN VAIJINATHRAO KALE","JALNA","Construction of a social hall near the statue of Dr. Babasaheb Ambedkar at Haldula in Badnapur taluka.","22-Mar-2025","18-May-2026","1000000","Vendor Identification"
"804","Normal/Others","WS/MP18122/2024-2025/168762-Construction of community centers and community halls","Maharashtra","JALNA(DISTRICT COLLECTOR JALNA_IDA)","KALYAN VAIJINATHRAO KALE","JALNA","Construction of a hall at the Ganapati temple in Warud, Jafrabad taluka.","24-Jan-2025","31-Mar-2025","1000000","Vendor Identification"
"805","Normal/Others","WS/MP681/2024-2025/143648-Construction of community centers and community halls","Maharashtra","JALNA(DISTRICT COLLECTOR JALNA_IDA)","Sanjay Haribhau Jadhav","PARBHANI","Construction of social hall in Bhil settlement at Chitli, Tal.Jalna. (ST)","25-Sep-2024","08-Oct-2024","899000","Vendor Identification"
"806","Normal/Others","WS/MP681/2024-2025/143649-Construction of community centers and community halls","Maharashtra","JALNA(DISTRICT COLLECTOR JALNA_IDA)","Sanjay Haribhau Jadhav","PARBHANI","Construction of Sabha mandap at Chitli Putli, Tal.Jalna","25-Sep-2024","08-Oct-2024","999000","Vendor Identification"
"807","Normal/Others","WS/MP18122/2024-2025/186322-Crematoriums/energy efficient crematoriums or structures on burial/cremation ground","Maharashtra","JALNA(DISTRICT COLLECTOR JALNA_IDA)","KALYAN VAIJINATHRAO KALE","JALNA","Installation of paver blocks under the cemetery at Sarangpur, Ambad, District","31-Mar-2025","31-Mar-2025","500000","Vendor Identification"
"808","Normal/Others","WS/MP18122/2024-2025/186323-Construction of common work sheds/ common covered sitting area","Maharashtra","JALNA(DISTRICT COLLECTOR JALNA_IDA)","KALYAN VAIJINATHRAO KALE","JALNA","Construction of a cemetery shed at Sarangpur, Ambad, District","31-Mar-2025","31-Mar-2025","500000","Vendor Identification"
"809","Normal/Others","WS/MP18122/2024-2025/186311-Providing drains and gutters for public drainage","Maharashtra","JALNA(DISTRICT COLLECTOR JALNA_IDA)","KALYAN VAIJINATHRAO KALE","JALNA","Construction of underground sewer from Dattatray Gores house to Afsar Khan Pathans house in Mauje Gondhankheda Ta Jafrabad","31-Mar-2025","31-Mar-2025","1500000","Vendor Identification"
"810","Normal/Others","WS/MP18123/2025-2026/220022-Construction of roads, link roads, pathways or any other road with or without drainage system","Maharashtra","KOLHAPUR(DISTRICT COLLECTOR KOLHAPUR_IDA)","CHHATRAPATI SHAHU SHAHAJI","KOLHAPUR","Internal road at Gothan Vasti","19-Jul-2025","29-Jan-2026","1500000","Physical Inspection"
"811","Normal/Others","WS/MP18123/2026-2027/220023-Construction of roads, link roads, pathways or any other road with or without drainage system","Maharashtra","KOLHAPUR(DISTRICT COLLECTOR KOLHAPUR_IDA)","CHHATRAPATI SHAHU SHAHAJI","KOLHAPUR","Internal road","19-Jul-2025","30-Jun-2026","1200000","Physical Inspection"
"812","Normal/Others","WS/MP18123/2026-2027/207781-Construction of roads, link roads, pathways or any other road with or without drainage system","Maharashtra","KOLHAPUR(DISTRICT COLLECTOR KOLHAPUR_IDA)","CHHATRAPATI SHAHU SHAHAJI","KOLHAPUR","Construction of road","10-Jun-2025","10-Jul-2026","1500000","Physical Inspection"
"813","Repair and Renovation","WS/MP18123/2026-2027/238128-Providing supply pipelines for drinking water","Maharashtra","KOLHAPUR(DISTRICT COLLECTOR KOLHAPUR_IDA)","CHHATRAPATI SHAHU SHAHAJI","KOLHAPUR","water pipeline repair","26-Sep-2025","06-Apr-2026","500000","Physical Inspection"
"814","Normal/Others","WS/MP18123/2026-2027/228593-Providing drains and gutters for public drainage","Maharashtra","KOLHAPUR(DISTRICT COLLECTOR KOLHAPUR_IDA)","CHHATRAPATI SHAHU SHAHAJI","KOLHAPUR","Construction of gutter at Vadarge road, Sai colony, Sandeep Zende house to Dr Shinde house","23-Aug-2025","19-May-2026","1000000","Physical Inspection"
"815","Normal/Others","WS/MP18123/2025-2026/241950-Construction of roads, link roads, pathways or any other road with or without drainage system","Maharashtra","KOLHAPUR(DISTRICT COLLECTOR KOLHAPUR_IDA)","CHHATRAPATI SHAHU SHAHAJI","KOLHAPUR","Internal road at Chhatrapati park","14-Oct-2025","18-Feb-2026","1497956","Physical Inspection"
"816","Normal/Others","WS/MP18123/2026-2027/242704-Construction of roads, link roads, pathways or any other road with or without drainage system","Maharashtra","KOLHAPUR(DISTRICT COLLECTOR KOLHAPUR_IDA)","CHHATRAPATI SHAHU SHAHAJI","KOLHAPUR","Construction of Internal Road","29-Oct-2025","02-Sep-2026","500000","Sanction"
"817","Normal/Others","WS/MP18123/2026-2027/242705-Construction of roads, link roads, pathways or any other road with or without drainage system","Maharashtra","KOLHAPUR(DISTRICT COLLECTOR KOLHAPUR_IDA)","CHHATRAPATI SHAHU SHAHAJI","KOLHAPUR","Construction of Road","29-Oct-2025","10-Apr-2026","1499618","Physical Inspection"
"818","Normal/Others","WS/MP18123/2026-2027/238129-Construction of roads, link roads, pathways or any other road with or without drainage system","Maharashtra","KOLHAPUR(DISTRICT COLLECTOR KOLHAPUR_IDA)","CHHATRAPATI SHAHU SHAHAJI","KOLHAPUR","Natha Chopde house to Ram Godse house","26-Sep-2025","06-Apr-2026","500000","Physical Inspection"
"819","Normal/Others","WS/MP18123/2026-2027/238158-Construction of roads, link roads, pathways or any other road with or without drainage system","Maharashtra","KOLHAPUR(DISTRICT COLLECTOR KOLHAPUR_IDA)","CHHATRAPATI SHAHU SHAHAJI","KOLHAPUR","Internal road","26-Sep-2025","19-May-2026","1000000","Physical Inspection"
"820","Normal/Others","WS/MP18123/2025-2026/238167-Construction of roads, link roads, pathways or any other road with or without drainage system","Maharashtra","KOLHAPUR(DISTRICT COLLECTOR KOLHAPUR_IDA)","CHHATRAPATI SHAHU SHAHAJI","KOLHAPUR","Internal road","26-Sep-2025","11-Mar-2026","800000","Physical Inspection"
"821","Normal/Others","WS/MP18123/2026-2027/224466-Construction of roads, link roads, pathways or any other road with or without drainage system","Maharashtra","KOLHAPUR(DISTRICT COLLECTOR KOLHAPUR_IDA)","CHHATRAPATI SHAHU SHAHAJI","KOLHAPUR","Internal road at Gurukrupa colony","02-Aug-2025","19-May-2026","1000000","Physical Inspection"
"822","Normal/Others","WS/MP18123/2025-2026/224468-Construction of roads, link roads, pathways or any other road with or without drainage system","Maharashtra","KOLHAPUR(DISTRICT COLLECTOR KOLHAPUR_IDA)","CHHATRAPATI SHAHU SHAHAJI","KOLHAPUR","Internal road at Gaibi Galli","02-Aug-2025","17-Mar-2026","999000","Physical Inspection"
"823","Normal/Others","WS/MP18123/2026-2027/224469-Construction of roads, link roads, pathways or any other road with or without drainage system","Maharashtra","KOLHAPUR(DISTRICT COLLECTOR KOLHAPUR_IDA)","CHHATRAPATI SHAHU SHAHAJI","KOLHAPUR","Internal road and gutters at New Vashi Naka","02-Aug-2025","06-Aug-2026","1000000","Physical Inspection"
"824","Normal/Others","WS/MP18123/2026-2027/224470-Construction of roads, link roads, pathways or any other road with or without drainage system","Maharashtra","KOLHAPUR(DISTRICT COLLECTOR KOLHAPUR_IDA)","CHHATRAPATI SHAHU SHAHAJI","KOLHAPUR","Internal road from Nalewadi to Pralhad Chavan house","02-Aug-2025","19-May-2026","1000000","Physical Inspection"
"825","Normal/Others","WS/MP18123/2026-2027/228594-Construction of roads, link roads, pathways or any other road with or without drainage system","Maharashtra","KOLHAPUR(DISTRICT COLLECTOR KOLHAPUR_IDA)","CHHATRAPATI SHAHU SHAHAJI","KOLHAPUR","Construction of road","23-Aug-2025","10-Apr-2026","1000000","Physical Inspection"
"826","Normal/Others","WS/MP18123/2026-2027/232859-Construction of roads, link roads, pathways or any other road with or without drainage system","Maharashtra","KOLHAPUR(DISTRICT COLLECTOR KOLHAPUR_IDA)","CHHATRAPATI SHAHU SHAHAJI","KOLHAPUR","Construction of internal road","16-Sep-2025","30-Jun-2026","1000000","Work partially Completed"
"827","Normal/Others","WS/MP18123/2026-2027/232860-Construction of roads, link roads, pathways or any other road with or without drainage system","Maharashtra","KOLHAPUR(DISTRICT COLLECTOR KOLHAPUR_IDA)","CHHATRAPATI SHAHU SHAHAJI","KOLHAPUR","Internal road at Sakhari","16-Sep-2025","02-Sep-2026","1000000","Sanction"
"828","Normal/Others","WS/MP18123/2025-2026/226864-Construction of roads, link roads, pathways or any other road with or without drainage system","Maharashtra","KOLHAPUR(DISTRICT COLLECTOR KOLHAPUR_IDA)","CHHATRAPATI SHAHU SHAHAJI","KOLHAPUR","Internal road at Hanuman nagar, Shreyas Multi-speciality hospital","13-Aug-2025","18-Feb-2026","1488133","Physical Inspection"
"829","Normal/Others","WS/MP18123/2026-2027/226874-Construction of roads, link roads, pathways or any other road with or without drainage system","Maharashtra","KOLHAPUR(DISTRICT COLLECTOR KOLHAPUR_IDA)","CHHATRAPATI SHAHU SHAHAJI","KOLHAPUR","Internal road at Kalbhairi road, Ganga Govind colony, Popat Tilbike house to Dr Sameer Nadaf house","13-Aug-2025","19-May-2026","1000000","Physical Inspection"
"830","Normal/Others","WS/MP18123/2025-2026/226877-Construction of roads, link roads, pathways or any other road with or without drainage system","Maharashtra","KOLHAPUR(DISTRICT COLLECTOR KOLHAPUR_IDA)","CHHATRAPATI SHAHU SHAHAJI","KOLHAPUR","Internal road at Balinga","13-Aug-2025","06-Feb-2026","1000000","Physical Inspection"
"831","Normal/Others","WS/MP18123/2026-2027/226878-Construction of roads, link roads, pathways or any other road with or without drainage system","Maharashtra","KOLHAPUR(DISTRICT COLLECTOR KOLHAPUR_IDA)","CHHATRAPATI SHAHU SHAHAJI","KOLHAPUR","Internal road at Be Gauldev Panand","13-Aug-2025","10-Jul-2026","1000000","Physical Inspection"
"832","Normal/Others","WS/MP18123/2025-2026/186346-Crematoriums/energy efficient crematoriums or structures on burial/cremation ground","Maharashtra","KOLHAPUR(DISTRICT COLLECTOR KOLHAPUR_IDA)","CHHATRAPATI SHAHU SHAHAJI","KOLHAPUR","Cremation shed at Aslaj","25-Mar-2025","11-Mar-2026","597025","Physical Inspection"
"833","Normal/Others","WS/MP18123/2025-2026/169723-Crematoriums/energy efficient crematoriums or structures on burial/cremation ground","Maharashtra","KOLHAPUR(DISTRICT COLLECTOR KOLHAPUR_IDA)","CHHATRAPATI SHAHU SHAHAJI","KOLHAPUR","Cremation shed","28-Jan-2025","15-Dec-2025","500000","Physical Inspection"
"834","Normal/Others","WS/MP18123/2025-2026/169737-Crematoriums/energy efficient crematoriums or structures on burial/cremation ground","Maharashtra","KOLHAPUR(DISTRICT COLLECTOR KOLHAPUR_IDA)","CHHATRAPATI SHAHU SHAHAJI","KOLHAPUR","Cremation shed","28-Jan-2025","26-Sep-2025","1000000","Physical Inspection"
"835","Normal/Others","WS/MP18123/2025-2026/200542-Construction of buildings for community cultural activities","Maharashtra","KOLHAPUR(DISTRICT COLLECTOR KOLHAPUR_IDA)","CHHATRAPATI SHAHU SHAHAJI","KOLHAPUR","Construction of cultural hall at Sonali","17-May-2025","04-Nov-2025","1000000","Physical Inspection"
"836","Normal/Others","WS/MP18123/2026-2027/224476-Construction of buildings for community cultural activities","Maharashtra","KOLHAPUR(DISTRICT COLLECTOR KOLHAPUR_IDA)","CHHATRAPATI SHAHU SHAHAJI","KOLHAPUR","Cultural hall","02-Aug-2025","02-Sep-2026","1000000","Physical Inspection"
"837","Normal/Others","WS/MP18123/2026-2027/186339-Construction of public libraries and reading rooms","Maharashtra","KOLHAPUR(DISTRICT COLLECTOR KOLHAPUR_IDA)","CHHATRAPATI SHAHU SHAHAJI","KOLHAPUR","Study Construction at Nigve Dumala (Abhyasika)","25-Mar-2025","10-Apr-2026","999824","Physical Inspection"
"838","Normal/Others","WS/MP18123/2026-2027/248078-Construction of roads, link roads, pathways or any other road with or without drainage system","Maharashtra","KOLHAPUR(DISTRICT COLLECTOR KOLHAPUR_IDA)","CHHATRAPATI SHAHU SHAHAJI","KOLHAPUR","Construction of internal road","13-Nov-2025","02-Sep-2026","1000000","Sanction"
"839","Normal/Others","WS/MP18123/2026-2027/253333-Construction of roads, link roads, pathways or any other road with or without drainage system","Maharashtra","KOLHAPUR(DISTRICT COLLECTOR KOLHAPUR_IDA)","CHHATRAPATI SHAHU SHAHAJI","KOLHAPUR","Internal road","10-Dec-2025","19-May-2026","1500000","Physical Inspection"
"840","Normal/Others","WS/MP18123/2025-2026/169714-Construction of roads, link roads, pathways or any other road with or without drainage system","Maharashtra","KOLHAPUR(DISTRICT COLLECTOR KOLHAPUR_IDA)","CHHATRAPATI SHAHU SHAHAJI","KOLHAPUR","Road","28-Jan-2025","06-Aug-2025","500000","Physical Inspection"
"841","Normal/Others","WS/MP18123/2025-2026/169715-Construction of roads, link roads, pathways or any other road with or without drainage system","Maharashtra","KOLHAPUR(DISTRICT COLLECTOR KOLHAPUR_IDA)","CHHATRAPATI SHAHU SHAHAJI","KOLHAPUR","Road","28-Jan-2025","28-Jul-2025","1000000","Physical Inspection"
"842","Normal/Others","WS/MP667/2025-2026/175141-Construction of roads, link roads, pathways or any other road with or without drainage system","Maharashtra","KOLHAPUR(DISTRICT COLLECTOR KOLHAPUR_IDA)","Dhairyasheel Sambhajirao Mane","HATKANANGLE","Rukadi tal Hatkangle dist Kolhapur Construction of main village roads at Rukadi.","12-Feb-2025","09-Dec-2025","1000000","Physical Inspection"
"843","Normal/Others","WS/MP667/2025-2026/175160-Construction of roads, link roads, pathways or any other road with or without drainage system","Maharashtra","KOLHAPUR(DISTRICT COLLECTOR KOLHAPUR_IDA)","Dhairyasheel Sambhajirao Mane","HATKANANGLE","Construction of road from kisan Magdum house to Devtali at Ghunaki Tal Hatkangle Dist Kolhapur","12-Feb-2025","24-Sep-2025","1000000","Physical Inspection"
"844","Normal/Others","WS/MP18123/2025-2026/186340-Construction of roads, link roads, pathways or any other road with or without drainage system","Maharashtra","KOLHAPUR(DISTRICT COLLECTOR KOLHAPUR_IDA)","CHHATRAPATI SHAHU SHAHAJI","KOLHAPUR","Internal roads at Haldi","25-Mar-2025","11-Mar-2026","999000","Physical Inspection"
"845","Normal/Others","WS/MP18123/2025-2026/186341-Construction of roads, link roads, pathways or any other road with or without drainage system","Maharashtra","KOLHAPUR(DISTRICT COLLECTOR KOLHAPUR_IDA)","CHHATRAPATI SHAHU SHAHAJI","KOLHAPUR","Internal roads at Kanchanwadi","25-Mar-2025","06-Feb-2026","749000","Physical Inspection"
"846","Normal/Others","WS/MP18123/2025-2026/186342-Construction of roads, link roads, pathways or any other road with or without drainage system","Maharashtra","KOLHAPUR(DISTRICT COLLECTOR KOLHAPUR_IDA)","CHHATRAPATI SHAHU SHAHAJI","KOLHAPUR","Internal roads at Are","25-Mar-2025","06-Feb-2026","995437","Physical Inspection"
"847","Normal/Others","WS/MP18123/2025-2026/190896-Construction of roads, link roads, pathways or any other road with or without drainage system","Maharashtra","KOLHAPUR(DISTRICT COLLECTOR KOLHAPUR_IDA)","CHHATRAPATI SHAHU SHAHAJI","KOLHAPUR","Construction of Internal Road","12-Apr-2025","01-Oct-2025","1500000","Physical Inspection"
"848","Normal/Others","WS/MP18123/2025-2026/255167-Construction of buildings for multi-gym","Maharashtra","KOLHAPUR(DISTRICT COLLECTOR KOLHAPUR_IDA)","CHHATRAPATI SHAHU SHAHAJI","KOLHAPUR","Construction of gymnasium building","04-Feb-2026","24-Feb-2026","999298","Physical Inspection"
"849","Normal/Others","WS/MP18323/2026-2027/144117-Construction of roads, link roads, pathways or any other road with or without drainage system","Maharashtra","LATUR(DISTRICT COLLECTOR LATUR_IDA)","DR KALGE SHIVAJI BANDAPPA","LATUR(SC)","Asphalting of the road leading to Vasantnagar Tanda Vasti in Mahapur,Taluka Latur","27-Sep-2024","07-Aug-2026","1000000","Physical Inspection"
"850","Normal/Others","WS/MP18323/2025-2026/144115-Construction of roads, link roads, pathways or any other road with or without drainage system","Maharashtra","LATUR(DISTRICT COLLECTOR LATUR_IDA)","DR KALGE SHIVAJI BANDAPPA","LATUR(SC)","Construction of  road at Prbudhhanagar,Maharanapratap Nagar,Taluka Latur","27-Sep-2024","04-Nov-2025","995673","Physical Inspection"
"851","Normal/Others","WS/MP18323/2026-2027/181798-Construction of roads, link roads, pathways or any other road with or without drainage system","Maharashtra","LATUR(DISTRICT COLLECTOR LATUR_IDA)","DR KALGE SHIVAJI BANDAPPA","LATUR(SC)","Construction of cement concrete road in open land owned by Gram Panchayat or Government from the house of Mr. Baburao Mugave to the houses of Mr. Ankush Mailare, Mr. Shekhar Dongre, Mr. Dongave under Jalkot Nagar Panchayat, Ward No. 1","13-Mar-2025","17-Apr-2026","941831","Work Completed"
"852","Normal/Others","WS/MP18323/2025-2026/181800-Construction of roads, link roads, pathways or any other road with or without drainage system","Maharashtra","LATUR(DISTRICT COLLECTOR LATUR_IDA)","DR KALGE SHIVAJI BANDAPPA","LATUR(SC)","Construction of cement concrete road in open land owned by Gram Panchayat or Government from Bus Stand (Chhatrapati Shivaji Maharaj Chowk to Hanuman Mandir and Jama Masjid) at Shivanked (Khu.), Taluka Ahmedpur","13-Mar-2025","27-Mar-2026","999843","Work Completed"
"853","Normal/Others","WS/MP18323/2026-2027/181804-Construction of roads, link roads, pathways or any other road with or without drainage system","Maharashtra","LATUR(DISTRICT COLLECTOR LATUR_IDA)","DR KALGE SHIVAJI BANDAPPA","LATUR(SC)","Construction of cement concrete road in government open land from the house of Shri. Dhananjay Joshi to the house of Shri. Vishnu Thombre in the new settlement at Ayodhya Nagar under Ward No. 1 of Ahmedpur city","13-Mar-2025","07-Jul-2026","1000000","Time Estimation"
"854","Normal/Others","WS/MP18323/2025-2026/181820-Construction of roads, link roads, pathways or any other road with or without drainage system","Maharashtra","LATUR(DISTRICT COLLECTOR LATUR_IDA)","DR KALGE SHIVAJI BANDAPPA","LATUR(SC)","Construction of a cement road in the open space of the Gram Panchayat or Government in the Maroti Mandir area","13-Mar-2025","04-Nov-2025","988936","Physical Inspection"
"855","Normal/Others","WS/MP18323/2025-2026/181739-Construction of roads, link roads, pathways or any other road with or without drainage system","Maharashtra","LATUR(DISTRICT COLLECTOR LATUR_IDA)","DR KALGE SHIVAJI BANDAPPA","LATUR(SC)","Construction of cement concrete road in open land of Gram Panchayat Government within the village at Valsangvi, Taluka Nilanga","13-Mar-2025","27-Feb-2026","497066","Physical Inspection"
"856","Normal/Others","WS/MP18323/2025-2026/181744-Construction of roads, link roads, pathways or any other road with or without drainage system","Maharashtra","LATUR(DISTRICT COLLECTOR LATUR_IDA)","DR KALGE SHIVAJI BANDAPPA","LATUR(SC)","Construction of cement concrete road in open land of Gram Panchayat government in Tagarkheda Taluka Nilanga","13-Mar-2025","18-Feb-2026","492464","Physical Inspection"
"857","Normal/Others","WS/MP18323/2025-2026/181753-Construction of roads, link roads, pathways or any other road with or without drainage system","Maharashtra","LATUR(DISTRICT COLLECTOR LATUR_IDA)","DR KALGE SHIVAJI BANDAPPA","LATUR(SC)","Construction of cement concrete road in open land of Gram Panchayat government within village at Baspur Taluka Nilanga","13-Mar-2025","24-Mar-2026","498425","Physical Inspection"
"858","Normal/Others","WS/MP18323/2025-2026/181778-Construction of roads, link roads, pathways or any other road with or without drainage system","Maharashtra","LATUR(DISTRICT COLLECTOR LATUR_IDA)","DR KALGE SHIVAJI BANDAPPA","LATUR(SC)","Construction of cement concrete road in open land of Gram Panchayat or Government owned land within the village at Tiruka  Taluka Jalkot (Scheduled Caste or Tribe area component)","13-Mar-2025","16-Feb-2026","995269","Physical Inspection"
"859","Normal/Others","WS/MP18323/2025-2026/181788-Construction of roads, link roads, pathways or any other road with or without drainage system","Maharashtra","LATUR(DISTRICT COLLECTOR LATUR_IDA)","DR KALGE SHIVAJI BANDAPPA","LATUR(SC)","Construction of cement concrete road from the house of Mr. Waghambar Gaikwad at Shivajinagar to the house of Mr. Azhar Sheikh in Ward No. 4 of Nilanga city","13-Mar-2025","27-Jan-2026","496350","Physical Inspection"
"860","Normal/Others","WS/MP18323/2025-2026/181789-Construction of roads, link roads, pathways or any other road with or without drainage system","Maharashtra","LATUR(DISTRICT COLLECTOR LATUR_IDA)","DR KALGE SHIVAJI BANDAPPA","LATUR(SC)","Construction of drain from the house of Mr. Deshmukh Wajid to the house of Mr. Tamboli Zakir, next to Hibare Building in Shivajinagar, Ward No. 4 of Nilanga city","13-Mar-2025","27-Jan-2026","497870","Physical Inspection"
"861","Normal/Others","WS/MP673/2025-2026/176580-Construction of roads, link roads, pathways or any other road with or without drainage system","Maharashtra","LATUR(DISTRICT COLLECTOR LATUR_IDA)","Omprakash Bhupalsinh Alias Pawan Rajenimbalkar","OSMANABAD","Construction of roads jawli ta. ausa","19-Feb-2025","14-Oct-2025","697913","Physical Inspection"
"862","Normal/Others","WS/MP18323/2025-2026/147142-Construction of roads, link roads, pathways or any other road with or without drainage system","Maharashtra","LATUR(DISTRICT COLLECTOR LATUR_IDA)","DR KALGE SHIVAJI BANDAPPA","LATUR(SC)","Construction of cement road from Shivanand Aniba Jadhav's house to Trimbak Patwari's house at Tondar, Tq.Udgir, District Latur","14-Oct-2024","15-Apr-2025","991691","Physical Inspection"
"863","Normal/Others","WS/MP18323/2025-2026/146716-Construction of roads, link roads, pathways or any other road with or without drainage system","Maharashtra","LATUR(DISTRICT COLLECTOR LATUR_IDA)","DR KALGE SHIVAJI BANDAPPA","LATUR(SC)","Construction of cement road from Mohsin Sheikh's house, Gafar Sheikh's house to Pasha Attar's house at Pangaon, Tq.Renapur","10-Oct-2024","27-Mar-2026","797573","Work Completed"
"864","Normal/Others","WS/MP18323/2025-2026/168679-Construction of roads, link roads, pathways or any other road with or without drainage system","Maharashtra","LATUR(DISTRICT COLLECTOR LATUR_IDA)","DR KALGE SHIVAJI BANDAPPA","LATUR(SC)","Construction of cement road from Nagargoje house to Gundre house at Ward No 5 Sri Colony in Ahmedpur city","24-Jan-2025","11-Aug-2025","677260","Physical Inspection"
"865","Normal/Others","WS/MP18323/2025-2026/168685-Construction of roads, link roads, pathways or any other road with or without drainage system","Maharashtra","LATUR(DISTRICT COLLECTOR LATUR_IDA)","DR KALGE SHIVAJI BANDAPPA","LATUR(SC)","Construction of cement road from Ward No 5 Tembhurni Road in Ahmedpur City to Sachin Gound House at Raj Sarthi Nagar","24-Jan-2025","11-Aug-2025","963776","Physical Inspection"
"866","Normal/Others","WS/MP18323/2024-2025/167218-Construction of roads, link roads, pathways or any other road with or without drainage system","Maharashtra","LATUR(DISTRICT COLLECTOR LATUR_IDA)","DR KALGE SHIVAJI BANDAPPA","LATUR(SC)","Construction of road from the house of Jagannath Somvanshi to the house of Prashant Deshmukh at  Dighol Deshmukh, Taluka-Renapur,Dist.Latur","21-Jan-2025","31-Mar-2025","999189","Physical Inspection"
"867","Normal/Others","WS/MP18323/2025-2026/168809-Construction of roads, link roads, pathways or any other road with or without drainage system","Maharashtra","LATUR(DISTRICT COLLECTOR LATUR_IDA)","DR KALGE SHIVAJI BANDAPPA","LATUR(SC)","Construction of cement concrete road from house of Sanjay Bhalerao to house of Rama Suravase at Parunagar in Murud District Latur","24-Jan-2025","08-Aug-2025","999782","Physical Inspection"
"868","Normal/Others","WS/MP18323/2025-2026/167402-Construction of roads, link roads, pathways or any other road with or without drainage system","Maharashtra","LATUR(DISTRICT COLLECTOR LATUR_IDA)","DR KALGE SHIVAJI BANDAPPA","LATUR(SC)","Construction of cement concrete road from Talathi office to Latur Kalamb road at village  Gadhwad Dist Latur","21-Jan-2025","13-Aug-2025","696742","Physical Inspection"
"869","Normal/Others","WS/MP18323/2025-2026/167414-Construction of roads, link roads, pathways or any other road with or without drainage system","Maharashtra","LATUR(DISTRICT COLLECTOR LATUR_IDA)","DR KALGE SHIVAJI BANDAPPA","LATUR(SC)","Construction of cement concrete road from Hanuman Mandir to Raju Ghatmal house at Tuljabhawani Nagar (Bhoiwada) in Ward No 3 of Latur City","21-Jan-2025","07-Oct-2025","996732","Physical Inspection"
"870","Normal/Others","WS/MP18323/2025-2026/167436-Construction of roads, link roads, pathways or any other road with or without drainage system","Maharashtra","LATUR(DISTRICT COLLECTOR LATUR_IDA)","DR KALGE SHIVAJI BANDAPPA","LATUR(SC)","Cement concreting in Annabhau Sathe Auditorium area at Municipal Corporation Government land Ward No3 Latur City","21-Jan-2025","07-Oct-2025","994329","Physical Inspection"
"871","Normal/Others","WS/MP18323/2026-2027/167454-Construction of roads, link roads, pathways or any other road with or without drainage system","Maharashtra","LATUR(DISTRICT COLLECTOR LATUR_IDA)","DR KALGE SHIVAJI BANDAPPA","LATUR(SC)","Construction of cement road to Hari Bedde house at Kolhenagar in Ward No 5 of Latur city","21-Jan-2025","23-Jul-2026","1000000","Physical Inspection"
"872","Normal/Others","WS/MP18323/2026-2027/270930-Construction of roads, link roads, pathways or any other road with or without drainage system","Maharashtra","LATUR(DISTRICT COLLECTOR LATUR_IDA)","DR KALGE SHIVAJI BANDAPPA","LATUR(SC)","Construction of cement concrete road from Shinde and Kamble Guruji house to Golandaj House in Gram Panchayat or Government owned open land at Anandwadi Taluka Shirur Anantpal","27-Feb-2026","22-Aug-2026","500000","Physical Inspection"
"873","Normal/Others","WS/MP673/2026-2027/227541-Construction of community centers and community halls","Maharashtra","LATUR(DISTRICT COLLECTOR LATUR_IDA)","Omprakash Bhupalsinh Alias Pawan Rajenimbalkar","OSMANABAD","Construction of the community centre on grampanchayat own open land at vanewadi  block ausa   dist. latur","18-Aug-2025","06-Apr-2026","700000","Work partially Completed"
"874","Normal/Others","WS/MP18323/2025-2026/144107-Construction of community centers and community halls","Maharashtra","LATUR(DISTRICT COLLECTOR LATUR_IDA)","DR KALGE SHIVAJI BANDAPPA","LATUR(SC)","Construction of Community Hall at Ward No.17,Lakshminagar,Chakur,District.Latur","27-Sep-2024","03-Feb-2026","1494640","Physical Inspection"
"875","Normal/Others","WS/MP18323/2026-2027/144110-Construction of community centers and community halls","Maharashtra","LATUR(DISTRICT COLLECTOR LATUR_IDA)","DR KALGE SHIVAJI BANDAPPA","LATUR(SC)","Construction of  Community centre  Hall in Gram Panchayat / Govt owned open space at  Palsi,  Ta.Renapur","27-Sep-2024","17-Apr-2026","967593","Time Estimation"
"876","Normal/Others","WS/MP18323/2026-2027/144111-Construction of community centers and community halls","Maharashtra","LATUR(DISTRICT COLLECTOR LATUR_IDA)","DR KALGE SHIVAJI BANDAPPA","LATUR(SC)","Construction of  Community centre  Hall in Gram Panchayat / Govt owned open space at  Kharola,  Ta.Renapur","27-Sep-2024","22-May-2026","998705","Physical Inspection"
"877","Normal/Others","WS/MP18323/2026-2027/144120-Construction of community centers and community halls","Maharashtra","LATUR(DISTRICT COLLECTOR LATUR_IDA)","DR KALGE SHIVAJI BANDAPPA","LATUR(SC)","Construction of  Community centre /Hall in Municipal Corporation / Govt owned open space in front of Rudra Hanuman temple at ward No.02, Rudreshwar Nagar ( E), Latur Municipal Corporation","27-Sep-2024","22-May-2026","1991059","Physical Inspection"
"878","Normal/Others","WS/MP673/2026-2027/172568-Construction of community centers and community halls","Maharashtra","LATUR(DISTRICT COLLECTOR LATUR_IDA)","Omprakash Bhupalsinh Alias Pawan Rajenimbalkar","OSMANABAD","Construction of community centers  Kininawre ta. ausa","04-Feb-2025","19-May-2026","700000","Work partially Completed"
"879","Normal/Others","WS/MP673/2026-2027/163702-Construction of community centers and community halls","Maharashtra","LATUR(DISTRICT COLLECTOR LATUR_IDA)","Omprakash Bhupalsinh Alias Pawan Rajenimbalkar","OSMANABAD","Construction of community hall at mograga Tq. Ausa Dist. Latur","08-Jan-2025","02-Sep-2026","666167","Physical Inspection"
"880","Normal/Others","WS/MP673/2026-2027/203683-Construction of community centers and community halls","Maharashtra","LATUR(DISTRICT COLLECTOR LATUR_IDA)","Omprakash Bhupalsinh Alias Pawan Rajenimbalkar","OSMANABAD","Construction of community centre on GP own open space (property no 637) at Mudgad Ekoji block Nilanga Dist. Latur","26-May-2025","19-May-2026","700000","Physical Inspection"
"881","Normal/Others","WS/MP673/2026-2027/210708-Construction of community centers and community halls","Maharashtra","LATUR(DISTRICT COLLECTOR LATUR_IDA)","Omprakash Bhupalsinh Alias Pawan Rajenimbalkar","OSMANABAD","Construction of community centre on GP own open land (property no.415-2) at kokalgon block nilanga dist latur","21-Jun-2025","29-Jun-2026","700000","Work partially Completed"
"882","Normal/Others","WS/MP673/2026-2027/210710-Construction of community centers and community halls","Maharashtra","LATUR(DISTRICT COLLECTOR LATUR_IDA)","Omprakash Bhupalsinh Alias Pawan Rajenimbalkar","OSMANABAD","Construction of community centre on GP own open land (property no.280-1) at malkondji block ausa dist latur","21-Jun-2025","14-Aug-2026","700000","Physical Inspection"
"883","Normal/Others","WS/MP18323/2026-2027/146717-Crematoriums/energy efficient crematoriums or structures on burial/cremation ground","Maharashtra","LATUR(DISTRICT COLLECTOR LATUR_IDA)","DR KALGE SHIVAJI BANDAPPA","LATUR(SC)","Development of cemetery / Kabrastan at Bhadgaon, Tq.Latur","10-Oct-2024","14-Aug-2026","794104","Physical Inspection"
"884","Normal/Others","WS/MP18323/2026-2027/244809-Construction of roads, link roads, pathways or any other road with or without drainage system","Maharashtra","LATUR(DISTRICT COLLECTOR LATUR_IDA)","DR KALGE SHIVAJI BANDAPPA","LATUR(SC)","Construction of cement concrete road from Balaji Chewale  house to Datta Dakare house in Gram Panchayat Government owned open land at Bhingoli Taluka Shirur Anantpal Dist Latur","30-Oct-2025","22-May-2026","999000","Physical Inspection"
"885","Normal/Others","WS/MP18323/2025-2026/144116-Providing drains and gutters for public drainage","Maharashtra","LATUR(DISTRICT COLLECTOR LATUR_IDA)","DR KALGE SHIVAJI BANDAPPA","LATUR(SC)","Construction of Public  Gutter /Drainage at Karimnagar,Maharanapratap Nagar,Taluka Latur","27-Sep-2024","03-Feb-2026","995696","Physical Inspection"
"886","Normal/Others","WS/MP664/2025-2026/146326-Construction of public toilets and bathrooms","Maharashtra","MUMBAI(DISTRICT COLLECTOR MUMBAI CITY_IDA)","Arvind Ganpat Sawant","MUMBAI SOUTH","aarunoday colony public toilet sewri","08-Oct-2024","17-Sep-2025","994762","Physical Inspection"
"887","Normal/Others","WS/MP664/2026-2027/291154-Construction of public toilets and bathrooms","Maharashtra","MUMBAI(DISTRICT COLLECTOR MUMBAI CITY_IDA)","Arvind Ganpat Sawant","MUMBAI SOUTH","Construction of public toilet and drainage line at gosaviwadi thakurdwar girgaon","01-Jul-2026","05-Sep-2026","1800000","Sanction"
"888","Normal/Others","WS/MP664/2026-2027/221410-Construction of public toilets and bathrooms","Maharashtra","MUMBAI(DISTRICT COLLECTOR MUMBAI CITY_IDA)","Arvind Ganpat Sawant","MUMBAI SOUTH","construction of public tiolet at budhani house khotachiwadi girgaon","23-Jul-2025","06-Apr-2026","2500000","Work Completed"
"889","Normal/Others","WS/MP664/2026-2027/146582-Providing supply pipelines for drinking water","Maharashtra","MUMBAI(DISTRICT COLLECTOR MUMBAI CITY_IDA)","Arvind Ganpat Sawant","MUMBAI SOUTH","manav seva samiti cuff parade colaba providing drinking water pipeline","09-Oct-2024","18-May-2026","2000000","Vendor Identification"
"890","Normal/Others","WS/MP664/2025-2026/146328-Providing supply pipelines for drinking water","Maharashtra","MUMBAI(DISTRICT COLLECTOR MUMBAI CITY_IDA)","Arvind Ganpat Sawant","MUMBAI SOUTH","hasma jetha chwal zakeria bunder sewri water pipeline","08-Oct-2024","17-Sep-2025","1196940","Physical Inspection"
"891","Normal/Others","WS/MP18376/2026-2027/226525-Construction of roads, link roads, pathways or any other road with or without drainage system","Maharashtra","MUMBAI(DISTRICT COLLECTOR MUMBAI CITY_IDA)","ANIL YESHWANT DESAI","MUMBAI SOUTH CENTRAL","Jai Maharashtra Public Navratri Festival Mandal Jeth Kampa Sant Rohidas Marg Dharavi Mumbai 17","12-Aug-2025","20-May-2026","2500000","Work partially Completed"
"892","Normal/Others","WS/MP18376/2026-2027/226526-Construction of roads, link roads, pathways or any other road with or without drainage system","Maharashtra","MUMBAI(DISTRICT COLLECTOR MUMBAI CITY_IDA)","ANIL YESHWANT DESAI","MUMBAI SOUTH CENTRAL","Motiwala Chawl Improvement Committee Bhausaheb Todankar Marg Mumbai","12-Aug-2025","20-May-2026","1600000","Vendor Identification"
"893","Normal/Others","WS/MP18376/2026-2027/226529-Construction of roads, link roads, pathways or any other road with or without drainage system","Maharashtra","MUMBAI(DISTRICT COLLECTOR MUMBAI CITY_IDA)","ANIL YESHWANT DESAI","MUMBAI SOUTH CENTRAL","New Shivneri CHS Mukund Nagar Dharavi Mumbai 17","12-Aug-2025","20-May-2026","1800000","Vendor Identification"
"894","Normal/Others","WS/MP18376/2026-2027/226530-Construction of roads, link roads, pathways or any other road with or without drainage system","Maharashtra","MUMBAI(DISTRICT COLLECTOR MUMBAI CITY_IDA)","ANIL YESHWANT DESAI","MUMBAI SOUTH CENTRAL","Tarun Mitra Mandal Khamdar Nagar Dharavi Mumbai","12-Aug-2025","20-May-2026","1900000","Vendor Identification"
"895","Normal/Others","WS/MP664/2026-2027/146585-Development of playground","Maharashtra","MUMBAI(DISTRICT COLLECTOR MUMBAI CITY_IDA)","Arvind Ganpat Sawant","MUMBAI SOUTH","dadarkar compound tulsiwadi tardeo malbarhill development of playground","09-Oct-2024","18-May-2026","1500000","Vendor Identification"
"896","Normal/Others","WS/MP664/2025-2026/146325-Construction of community centers and community halls","Maharashtra","MUMBAI(DISTRICT COLLECTOR MUMBAI CITY_IDA)","Arvind Ganpat Sawant","MUMBAI SOUTH","ahok mahadeo palwankar dighenagar socity community hall","08-Oct-2024","17-Sep-2025","1193715","Physical Inspection"
"897","Normal/Others","WS/MP664/2025-2026/146327-Construction of community centers and community halls","Maharashtra","MUMBAI(DISTRICT COLLECTOR MUMBAI CITY_IDA)","Arvind Ganpat Sawant","MUMBAI SOUTH","navkranti seva sangh t.j road sewri community hall","08-Oct-2024","17-Sep-2025","1094240","Physical Inspection"
"898","Normal/Others","WS/MP664/2025-2026/146329-Construction of community centers and community halls","Maharashtra","MUMBAI(DISTRICT COLLECTOR MUMBAI CITY_IDA)","Arvind Ganpat Sawant","MUMBAI SOUTH","shivshankar seva mandal wadia road bhoiwada sewri community hall","08-Oct-2024","17-Sep-2025","1246813","Physical Inspection"
"899","Normal/Others","WS/MP664/2025-2026/146330-Construction of community centers and community halls","Maharashtra","MUMBAI(DISTRICT COLLECTOR MUMBAI CITY_IDA)","Arvind Ganpat Sawant","MUMBAI SOUTH","vikrant sadan gas pipeline lane sewri community hall","08-Oct-2024","17-Sep-2025","1496175","Physical Inspection"
"900","Normal/Others","WS/MP664/2025-2026/146335-Construction of community centers and community halls","Maharashtra","MUMBAI(DISTRICT COLLECTOR MUMBAI CITY_IDA)","Arvind Ganpat Sawant","MUMBAI SOUTH","jay bajrang krida mandal n.m joshi marg sewri community hall","08-Oct-2024","17-Sep-2025","1494831","Physical Inspection"
"901","Normal/Others","WS/MP664/2025-2026/146362-Construction of community centers and community halls","Maharashtra","MUMBAI(DISTRICT COLLECTOR MUMBAI CITY_IDA)","Arvind Ganpat Sawant","MUMBAI SOUTH","vishwakamal navratri utsav mandal senapati bapat marg worli community hall","08-Oct-2024","17-Sep-2025","1093255","Physical Inspection"
"902","Normal/Others","WS/MP664/2025-2026/146363-Construction of community centers and community halls","Maharashtra","MUMBAI(DISTRICT COLLECTOR MUMBAI CITY_IDA)","Arvind Ganpat Sawant","MUMBAI SOUTH","navhans krida mandal gm bhosle marg worli community hall","08-Oct-2024","17-Sep-2025","1590188","Physical Inspection"
"903","Normal/Others","WS/MP664/2025-2026/146365-Construction of community centers and community halls","Maharashtra","MUMBAI(DISTRICT COLLECTOR MUMBAI CITY_IDA)","Arvind Ganpat Sawant","MUMBAI SOUTH","engel seva mandal worli naka worli community hall","08-Oct-2024","17-Sep-2025","2089002","Physical Inspection"
"904","Normal/Others","WS/MP664/2025-2026/146367-Construction of community centers and community halls","Maharashtra","MUMBAI(DISTRICT COLLECTOR MUMBAI CITY_IDA)","Arvind Ganpat Sawant","MUMBAI SOUTH","janta rahiwasi seva sangh worlikoliwada worli community hall","08-Oct-2024","17-Sep-2025","2094646","Physical Inspection"
"905","Normal/Others","WS/MP664/2025-2026/146368-Construction of community centers and community halls","Maharashtra","MUMBAI(DISTRICT COLLECTOR MUMBAI CITY_IDA)","Arvind Ganpat Sawant","MUMBAI SOUTH","uday krida mandal janta colony worlikoliwada worli community hall","08-Oct-2024","17-Sep-2025","1795410","Physical Inspection"
"906","Normal/Others","WS/MP664/2026-2027/146583-Construction of community centers and community halls","Maharashtra","MUMBAI(DISTRICT COLLECTOR MUMBAI CITY_IDA)","Arvind Ganpat Sawant","MUMBAI SOUTH","near to aashray dharmaday trust khetwadi 5th lane malbarhill","09-Oct-2024","18-May-2026","2500000","Vendor Identification"
"907","Normal/Others","WS/MP664/2026-2027/146584-Construction of community centers and community halls","Maharashtra","MUMBAI(DISTRICT COLLECTOR MUMBAI CITY_IDA)","Arvind Ganpat Sawant","MUMBAI SOUTH","shivner mitra mandal lokhand bazar community hall mumbadevi","09-Oct-2024","18-May-2026","2000000","Vendor Identification"
"908","Normal/Others","WS/MP664/2026-2027/291153-Construction of community centers and community halls","Maharashtra","MUMBAI(DISTRICT COLLECTOR MUMBAI CITY_IDA)","Arvind Ganpat Sawant","MUMBAI SOUTH","Construction of community hall at khetwadi 3rd cross lane","01-Jul-2026","05-Sep-2026","2500000","Sanction"
"909","Normal/Others","WS/MP18376/2026-2027/197851-Construction of footpaths and pedestrian ways","Maharashtra","MUMBAI(DISTRICT COLLECTOR MUMBAI CITY_IDA)","ANIL YESHWANT DESAI","MUMBAI SOUTH CENTRAL","near Balaji Temple Matunga East","13-May-2025","18-Aug-2026","4000000","Vendor Identification"
"910","Normal/Others","WS/MP18376/2026-2027/197860-Construction of footpaths and pedestrian ways","Maharashtra","MUMBAI(DISTRICT COLLECTOR MUMBAI CITY_IDA)","ANIL YESHWANT DESAI","MUMBAI SOUTH CENTRAL","near Fishermans Colony Mahim (w)","13-May-2025","18-Aug-2026","2000000","Physical Inspection"
"911","Normal/Others","WS/MP18376/2026-2027/197861-Construction of footpaths and pedestrian ways","Maharashtra","MUMBAI(DISTRICT COLLECTOR MUMBAI CITY_IDA)","ANIL YESHWANT DESAI","MUMBAI SOUTH CENTRAL","PMGP Colony near Dharavi","13-May-2025","18-Aug-2026","2000000","Vendor Identification"
"912","Normal/Others","WS/MP18376/2026-2027/197862-Construction of footpaths and pedestrian ways","Maharashtra","MUMBAI(DISTRICT COLLECTOR MUMBAI CITY_IDA)","ANIL YESHWANT DESAI","MUMBAI SOUTH CENTRAL","Near matunga Police Station Matunga (E)","13-May-2025","18-Aug-2026","2500000","Vendor Identification"
"913","Normal/Others","WS/MP18376/2026-2027/197865-Construction of footpaths and pedestrian ways","Maharashtra","MUMBAI(DISTRICT COLLECTOR MUMBAI CITY_IDA)","ANIL YESHWANT DESAI","MUMBAI SOUTH CENTRAL","Near Mhada Colony Bhoiwada Dadar","13-May-2025","18-Aug-2026","2000000","Vendor Identification"
"914","Normal/Others","WS/MP18376/2026-2027/197866-Construction of footpaths and pedestrian ways","Maharashtra","MUMBAI(DISTRICT COLLECTOR MUMBAI CITY_IDA)","ANIL YESHWANT DESAI","MUMBAI SOUTH CENTRAL","Near Shivsena Central Shakha Marathi Granthlay Marg Naigaon","13-May-2025","18-Aug-2026","2500000","Vendor Identification"
"915","Normal/Others","WS/MP18376/2026-2027/197880-Construction of footpaths and pedestrian ways","Maharashtra","MUMBAI(DISTRICT COLLECTOR MUMBAI CITY_IDA)","ANIL YESHWANT DESAI","MUMBAI SOUTH CENTRAL","Ghaswala Chawl G.D. Ambekar Marg Sarfare Chowk Wadala","13-May-2025","18-Aug-2026","2500000","Vendor Identification"
"916","Normal/Others","WS/MP18376/2026-2027/197881-Construction of footpaths and pedestrian ways","Maharashtra","MUMBAI(DISTRICT COLLECTOR MUMBAI CITY_IDA)","ANIL YESHWANT DESAI","MUMBAI SOUTH CENTRAL","Near Kokari Agar Antop Hil","13-May-2025","18-Aug-2026","2000000","Vendor Identification"
"917","Normal/Others","WS/MP18376/2026-2027/197882-Construction of footpaths and pedestrian ways","Maharashtra","MUMBAI(DISTRICT COLLECTOR MUMBAI CITY_IDA)","ANIL YESHWANT DESAI","MUMBAI SOUTH CENTRAL","Near Vitthal Rakumai Temple Dadar (W)","13-May-2025","18-Aug-2026","4000000","Vendor Identification"
"918","Normal/Others","WS/MP18376/2026-2027/197883-Construction of footpaths and pedestrian ways","Maharashtra","MUMBAI(DISTRICT COLLECTOR MUMBAI CITY_IDA)","ANIL YESHWANT DESAI","MUMBAI SOUTH CENTRAL","Near Sindhudurg Bilding Pratiksha Nagar Sion","13-May-2025","18-Aug-2026","2500000","Vendor Identification"
"919","Normal/Others","WS/MP18376/2026-2027/197886-Construction of footpaths and pedestrian ways","Maharashtra","MUMBAI(DISTRICT COLLECTOR MUMBAI CITY_IDA)","ANIL YESHWANT DESAI","MUMBAI SOUTH CENTRAL","Near Shri Mangal Murti Bilding Javal, Agar Bajar Dadar (W)","13-May-2025","18-Aug-2026","3000000","Vendor Identification"
"920","Normal/Others","WS/MP18376/2026-2027/197901-Construction of footpaths and pedestrian ways","Maharashtra","MUMBAI(DISTRICT COLLECTOR MUMBAI CITY_IDA)","ANIL YESHWANT DESAI","MUMBAI SOUTH CENTRAL","Near Gulmohar Society Ranade Road, Dadar (W)","13-May-2025","18-Aug-2026","4000000","Vendor Identification"
"921","Normal/Others","WS/MP18376/2026-2027/197902-Construction of footpaths and pedestrian ways","Maharashtra","MUMBAI(DISTRICT COLLECTOR MUMBAI CITY_IDA)","ANIL YESHWANT DESAI","MUMBAI SOUTH CENTRAL","Near Kirti collage Dadar (W)","13-May-2025","18-Aug-2026","2500000","Vendor Identification"
"922","Normal/Others","WS/MP18376/2026-2027/197903-Construction of footpaths and pedestrian ways","Maharashtra","MUMBAI(DISTRICT COLLECTOR MUMBAI CITY_IDA)","ANIL YESHWANT DESAI","MUMBAI SOUTH CENTRAL","Near Om Residency Bilding Bhoiwada Dadar (E)","13-May-2025","17-Aug-2026","3000000","Vendor Identification"
"923","Normal/Others","WS/MP664/2025-2026/146364-Construction of roads, link roads, pathways or any other road with or without drainage system","Maharashtra","MUMBAI(DISTRICT COLLECTOR MUMBAI CITY_IDA)","Arvind Ganpat Sawant","MUMBAI SOUTH","bhiwandiwala building construction of road worli","08-Oct-2024","17-Sep-2025","994762","Physical Inspection"
"924","Normal/Others","WS/MP18376/2026-2027/197847-Construction of roads, link roads, pathways or any other road with or without drainage system","Maharashtra","MUMBAI(DISTRICT COLLECTOR MUMBAI CITY_IDA)","ANIL YESHWANT DESAI","MUMBAI SOUTH CENTRAL","Near Gulzar Mansion Building, Near Kirti Hotel, Parel","13-May-2025","18-Aug-2026","2500000","Work partially Completed"
"925","Normal/Others","WS/MP18376/2026-2027/197848-Construction of roads, link roads, pathways or any other road with or without drainage system","Maharashtra","MUMBAI(DISTRICT COLLECTOR MUMBAI CITY_IDA)","ANIL YESHWANT DESAI","MUMBAI SOUTH CENTRAL","Kapara Devi Chawl near Elphinstone Railway Station, Parel","13-May-2025","18-Aug-2026","2500000","Vendor Identification"
"926","Normal/Others","WS/MP18307/2025-2026/143610-Construction of roads, link roads, pathways or any other road with or without drainage system","Maharashtra","MUMBAI SUBURBAN(DISTRICT COLLECTOR MUMBAI SUBURBAN_IDA)","Piyush Vedprakash Goyal","MUMBAI NORTH","Ward 13 - Construction of Drainge  and CC Passage, Pavour block at Motiram Mishra Chawl Borivali (East)","25-Sep-2024","30-Jan-2026","1500000","Work partially Completed"
"927","Normal/Others","WS/MP18308/2025-2026/145431-Construction of roads, link roads, pathways or any other road with or without drainage system","Maharashtra","MUMBAI SUBURBAN(DISTRICT COLLECTOR MUMBAI SUBURBAN_IDA)","RAVINDRA DATTARAM WAIKAR","MUMBAI NORTH WEST","Consturction of Ladikaran at Mrunaltai Gore, Near Nagari Niwara Parisad, Dindoshi, Goregaon (E)","08-Oct-2024","20-Jan-2026","4000000","Vendor Identification"
"928","Normal/Others","WS/MP18308/2025-2026/145427-Construction of roads, link roads, pathways or any other road with or without drainage system","Maharashtra","MUMBAI SUBURBAN(DISTRICT COLLECTOR MUMBAI SUBURBAN_IDA)","RAVINDRA DATTARAM WAIKAR","MUMBAI NORTH WEST","Construction of Poch Rasta and Shed at Nagsen Chawl, Kranti Nagar, Ward No.39, Malad (E)","08-Oct-2024","20-Jan-2026","3000000","Vendor Identification"
"929","Normal/Others","WS/MP18308/2025-2026/145428-Construction of roads, link roads, pathways or any other road with or without drainage system","Maharashtra","MUMBAI SUBURBAN(DISTRICT COLLECTOR MUMBAI SUBURBAN_IDA)","RAVINDRA DATTARAM WAIKAR","MUMBAI NORTH WEST","Construction of Ladikaran of Parisar at Shivshankar Mandir Parisar, Ward No.39, Malad (E)","08-Oct-2024","01-Jul-2025","1500000","Vendor Identification"
"930","Normal/Others","WS/MP18307/2025-2026/146575-Construction of roads, link roads, pathways or any other road with or without drainage system","Maharashtra","MUMBAI SUBURBAN(DISTRICT COLLECTOR MUMBAI SUBURBAN_IDA)","Piyush Vedprakash Goyal","MUMBAI NORTH","Ward 27  - Construction of of Sewerage and CC Passage at Nirmal Chawl Kandivali (East)","09-Oct-2024","30-Jan-2026","2000000","Work partially Completed"
"931","Normal/Others","WS/MP18307/2025-2026/143603-Construction of roads, link roads, pathways or any other road with or without drainage system","Maharashtra","MUMBAI SUBURBAN(DISTRICT COLLECTOR MUMBAI SUBURBAN_IDA)","Piyush Vedprakash Goyal","MUMBAI NORTH","Ward 2 -Construction of Drains and footpaths at Sai Kripa Chawl, Sambhaji Nagar, Dubey Chawl, Babli Pada, Tare Compound, Raja Ram Mhatre Chawl  Bharwad Chawl Dahisar","25-Sep-2024","30-Jan-2026","2500000","Work partially Completed"
"932","Repair and Renovation","WS/MP18308/2025-2026/145410-Construction of roads, link roads, pathways or any other road with or without drainage system","Maharashtra","MUMBAI SUBURBAN(DISTRICT COLLECTOR MUMBAI SUBURBAN_IDA)","RAVINDRA DATTARAM WAIKAR","MUMBAI NORTH WEST","Construction of Road at Umedbhai Patel High School to CDEFRN Unit, Sunder Nagar, Malad (W)","04-Oct-2024","20-Jan-2026","2000000","Vendor Identification"
"933","Repair and Renovation","WS/MP18308/2025-2026/145411-Construction of roads, link roads, pathways or any other road with or without drainage system","Maharashtra","MUMBAI SUBURBAN(DISTRICT COLLECTOR MUMBAI SUBURBAN_IDA)","RAVINDRA DATTARAM WAIKAR","MUMBAI NORTH WEST","Construction of Road at Pawanbaug Society road, Near Chichpokli Fatak, Malad (W), Mumbai","08-Oct-2024","12-Aug-2025","1500000","Vendor Identification"
"934","Normal/Others","WS/MP18308/2025-2026/145414-Construction of roads, link roads, pathways or any other road with or without drainage system","Maharashtra","MUMBAI SUBURBAN(DISTRICT COLLECTOR MUMBAI SUBURBAN_IDA)","RAVINDRA DATTARAM WAIKAR","MUMBAI NORTH WEST","Construction of Road Near Cloud-9 Hospital to Blue Horizon Society, Link Road, Malad (W)","08-Oct-2024","25-Mar-2026","2000000","Vendor Identification"
"935","Normal/Others","WS/MP18308/2025-2026/145418-Construction of roads, link roads, pathways or any other road with or without drainage system","Maharashtra","MUMBAI SUBURBAN(DISTRICT COLLECTOR MUMBAI SUBURBAN_IDA)","RAVINDRA DATTARAM WAIKAR","MUMBAI NORTH WEST","Construction of Road Near Ashish Society to Daffodil Society, Pawanbaug, Malad(W)","08-Oct-2024","01-Jul-2025","2000000","Vendor Identification"
"936","Normal/Others","WS/MP18308/2025-2026/145419-Construction of roads, link roads, pathways or any other road with or without drainage system","Maharashtra","MUMBAI SUBURBAN(DISTRICT COLLECTOR MUMBAI SUBURBAN_IDA)","RAVINDRA DATTARAM WAIKAR","MUMBAI NORTH WEST","Construction of Road at Aakansha Society to Shankar Nagar, front of rustomjee Goregaon (W)","08-Oct-2024","23-Jul-2025","1500000","Vendor Identification"
"937","Normal/Others","WS/MP18308/2025-2026/145420-Construction of roads, link roads, pathways or any other road with or without drainage system","Maharashtra","MUMBAI SUBURBAN(DISTRICT COLLECTOR MUMBAI SUBURBAN_IDA)","RAVINDRA DATTARAM WAIKAR","MUMBAI NORTH WEST","Construction of Road Near Devrukhakarwadi to Aaditya Industrial  Estate, Malad (W)","08-Oct-2024","06-Aug-2025","2000000","Vendor Identification"
"938","Normal/Others","WS/MP18307/2025-2026/143613-Construction of roads, link roads, pathways or any other road with or without drainage system","Maharashtra","MUMBAI SUBURBAN(DISTRICT COLLECTOR MUMBAI SUBURBAN_IDA)","Piyush Vedprakash Goyal","MUMBAI NORTH","Ward 10 - Construction  of drainge and CC passages, Pavour block at Nutan Nagar Dahisar (West)","25-Sep-2024","30-Jan-2026","1500000","Physical Inspection"
"939","Normal/Others","WS/MP18307/2025-2026/143607-Construction of roads, link roads, pathways or any other road with or without drainage system","Maharashtra","MUMBAI SUBURBAN(DISTRICT COLLECTOR MUMBAI SUBURBAN_IDA)","Piyush Vedprakash Goyal","MUMBAI NORTH","Ward 7 -   Construction of Sewer and CC Passage Loading at Brahmadev Tiwari Chawl, Shagun Hotel, Nawagaon, Dahisar","25-Sep-2024","25-Mar-2026","2000000","Work partially Completed"
"940","Normal/Others","WS/MP18307/2025-2026/180166-Construction of footpaths and pedestrian ways","Maharashtra","MUMBAI SUBURBAN(DISTRICT COLLECTOR MUMBAI SUBURBAN_IDA)","Piyush Vedprakash Goyal","MUMBAI NORTH","Beautification of the surroundings and construction of paver blocks","07-Mar-2025","25-Mar-2026","1000000","Sanction"
"941","Normal/Others","WS/MP18307/2025-2026/180167-Construction of footpaths and pedestrian ways","Maharashtra","MUMBAI SUBURBAN(DISTRICT COLLECTOR MUMBAI SUBURBAN_IDA)","Piyush Vedprakash Goyal","MUMBAI NORTH","Beautification of the surroundings and construction of paver blocks","07-Mar-2025","25-Mar-2026","1500000","Sanction"
"942","Normal/Others","WS/MP18307/2025-2026/262464-Construction of footpaths and pedestrian ways","Maharashtra","MUMBAI SUBURBAN(DISTRICT COLLECTOR MUMBAI SUBURBAN_IDA)","Piyush Vedprakash Goyal","MUMBAI NORTH","Construction of Pavour block work near Navjyoti Vidyamandir High School, Kharodi, Marve Queen Road, Malad West","28-Jan-2026","25-Mar-2026","1500000","Sanction"
"943","Normal/Others","WS/MP18124/2025-2026/165749-Construction of roads, link roads, pathways or any other road with or without drainage system","Maharashtra","MUMBAI SUBURBAN(DISTRICT COLLECTOR MUMBAI SUBURBAN_IDA)","GAIKWAD VARSHA EKNATH","MUMBAI NORTH-CENTRAL","Construction of  link roads, pathways or any other road with  drainage system","17-Jan-2025","23-Jul-2025","1000000","Vendor Identification"
"944","Normal/Others","WS/MP18124/2025-2026/165767-Construction of roads, link roads, pathways or any other road with or without drainage system","Maharashtra","MUMBAI SUBURBAN(DISTRICT COLLECTOR MUMBAI SUBURBAN_IDA)","GAIKWAD VARSHA EKNATH","MUMBAI NORTH-CENTRAL","Construction of roads, link roads, pathways or any other road with  drainage system","17-Jan-2025","12-Aug-2025","1000000","Vendor Identification"
"945","Normal/Others","WS/MP18124/2025-2026/165771-Construction of roads, link roads, pathways or any other road with or without drainage system","Maharashtra","MUMBAI SUBURBAN(DISTRICT COLLECTOR MUMBAI SUBURBAN_IDA)","GAIKWAD VARSHA EKNATH","MUMBAI NORTH-CENTRAL","Construction of roads, link roads, pathways or any other road with  drainage system","17-Jan-2025","12-Aug-2025","1000000","Vendor Identification"
"946","Normal/Others","WS/MP18124/2025-2026/165777-Construction of roads, link roads, pathways or any other road with or without drainage system","Maharashtra","MUMBAI SUBURBAN(DISTRICT COLLECTOR MUMBAI SUBURBAN_IDA)","GAIKWAD VARSHA EKNATH","MUMBAI NORTH-CENTRAL","Construction of roads, link roads, pathways or any other road with  drainage system","17-Jan-2025","12-Aug-2025","1000000","Vendor Identification"
"947","Normal/Others","WS/MP18124/2025-2026/165779-Construction of roads, link roads, pathways or any other road with or without drainage system","Maharashtra","MUMBAI SUBURBAN(DISTRICT COLLECTOR MUMBAI SUBURBAN_IDA)","GAIKWAD VARSHA EKNATH","MUMBAI NORTH-CENTRAL","Construction of pathways or any other road with  drainage system","17-Jan-2025","01-Jul-2025","1000000","Vendor Identification"
"948","Normal/Others","WS/MP18124/2025-2026/165781-Construction of roads, link roads, pathways or any other road with or without drainage system","Maharashtra","MUMBAI SUBURBAN(DISTRICT COLLECTOR MUMBAI SUBURBAN_IDA)","GAIKWAD VARSHA EKNATH","MUMBAI NORTH-CENTRAL","Construction of  pathways or any other road with drainage system","17-Jan-2025","01-Jul-2025","1000000","Vendor Identification"
"949","Normal/Others","WS/MP18124/2025-2026/165785-Construction of roads, link roads, pathways or any other road with or without drainage system","Maharashtra","MUMBAI SUBURBAN(DISTRICT COLLECTOR MUMBAI SUBURBAN_IDA)","GAIKWAD VARSHA EKNATH","MUMBAI NORTH-CENTRAL","Construction of roads, link roads, pathways or any other road with  drainage system","17-Jan-2025","12-Aug-2025","1000000","Vendor Identification"
"950","Normal/Others","WS/MP18124/2025-2026/165786-Construction of roads, link roads, pathways or any other road with or without drainage system","Maharashtra","MUMBAI SUBURBAN(DISTRICT COLLECTOR MUMBAI SUBURBAN_IDA)","GAIKWAD VARSHA EKNATH","MUMBAI NORTH-CENTRAL","Construction of roads, link roads, pathways or any other road with  drainage system","17-Jan-2025","01-Dec-2025","1000000","Vendor Identification"
"951","Normal/Others","WS/MP18124/2025-2026/165789-Construction of roads, link roads, pathways or any other road with or without drainage system","Maharashtra","MUMBAI SUBURBAN(DISTRICT COLLECTOR MUMBAI SUBURBAN_IDA)","GAIKWAD VARSHA EKNATH","MUMBAI NORTH-CENTRAL","Construction of roads, link roads, pathways or any other road with drainage system","17-Jan-2025","01-Jul-2025","1000000","Vendor Identification"
"952","Normal/Others","WS/MP18124/2025-2026/165816-Construction of roads, link roads, pathways or any other road with or without drainage system","Maharashtra","MUMBAI SUBURBAN(DISTRICT COLLECTOR MUMBAI SUBURBAN_IDA)","GAIKWAD VARSHA EKNATH","MUMBAI NORTH-CENTRAL","Construction of roads, link roads, pathways or any other road with  drainage system","17-Jan-2025","01-Jul-2025","1000000","Vendor Identification"
"953","Normal/Others","WS/MP18307/2025-2026/180169-Construction of roads, link roads, pathways or any other road with or without drainage system","Maharashtra","MUMBAI SUBURBAN(DISTRICT COLLECTOR MUMBAI SUBURBAN_IDA)","Piyush Vedprakash Goyal","MUMBAI NORTH","Repair of drainage line and construction of paver blocks","07-Mar-2025","19-Jan-2026","1900000","Vendor Identification"
"954","Normal/Others","WS/MP18124/2025-2026/162349-Construction of roads, link roads, pathways or any other road with or without drainage system","Maharashtra","MUMBAI SUBURBAN(DISTRICT COLLECTOR MUMBAI SUBURBAN_IDA)","GAIKWAD VARSHA EKNATH","MUMBAI NORTH-CENTRAL","Construction of pathways, concreting with drainage and water supply lines","17-Jan-2025","01-Jul-2025","2500000","Vendor Identification"
"955","Normal/Others","WS/MP18124/2025-2026/162358-Construction of roads, link roads, pathways or any other road with or without drainage system","Maharashtra","MUMBAI SUBURBAN(DISTRICT COLLECTOR MUMBAI SUBURBAN_IDA)","GAIKWAD VARSHA EKNATH","MUMBAI NORTH-CENTRAL","Construction of pathways, concreting with drainage","17-Jan-2025","23-Jul-2025","2000000","Vendor Identification"
"956","Normal/Others","WS/MP18124/2025-2026/162363-Construction of roads, link roads, pathways or any other road with or without drainage system","Maharashtra","MUMBAI SUBURBAN(DISTRICT COLLECTOR MUMBAI SUBURBAN_IDA)","GAIKWAD VARSHA EKNATH","MUMBAI NORTH-CENTRAL","construction of pathways with drainage","17-Jan-2025","17-Sep-2025","2500000","Vendor Identification"
"957","Normal/Others","WS/MP18124/2025-2026/162368-Construction of roads, link roads, pathways or any other road with or without drainage system","Maharashtra","MUMBAI SUBURBAN(DISTRICT COLLECTOR MUMBAI SUBURBAN_IDA)","GAIKWAD VARSHA EKNATH","MUMBAI NORTH-CENTRAL","construction of pathways with drainage","17-Jan-2025","12-Aug-2025","1500000","Vendor Identification"
"958","Normal/Others","WS/MP18124/2025-2026/162371-Construction of roads, link roads, pathways or any other road with or without drainage system","Maharashtra","MUMBAI SUBURBAN(DISTRICT COLLECTOR MUMBAI SUBURBAN_IDA)","GAIKWAD VARSHA EKNATH","MUMBAI NORTH-CENTRAL","Construction of pathways with drainage","17-Jan-2025","23-Jul-2025","2500000","Vendor Identification"
"959","Normal/Others","WS/MP18124/2025-2026/162301-Construction of roads, link roads, pathways or any other road with or without drainage system","Maharashtra","MUMBAI SUBURBAN(DISTRICT COLLECTOR MUMBAI SUBURBAN_IDA)","GAIKWAD VARSHA EKNATH","MUMBAI NORTH-CENTRAL","construction of pathways with drainage, and concreting","17-Jan-2025","23-Jul-2025","1500000","Vendor Identification"
"960","Normal/Others","WS/MP18124/2025-2026/162319-Construction of roads, link roads, pathways or any other road with or without drainage system","Maharashtra","MUMBAI SUBURBAN(DISTRICT COLLECTOR MUMBAI SUBURBAN_IDA)","GAIKWAD VARSHA EKNATH","MUMBAI NORTH-CENTRAL","Construction of pathways with drainage","17-Jan-2025","01-Jul-2025","2000000","Vendor Identification"
"961","Normal/Others","WS/MP18124/2025-2026/162323-Construction of roads, link roads, pathways or any other road with or without drainage system","Maharashtra","MUMBAI SUBURBAN(DISTRICT COLLECTOR MUMBAI SUBURBAN_IDA)","GAIKWAD VARSHA EKNATH","MUMBAI NORTH-CENTRAL","construction of pathways, concreting with drainage","17-Jan-2025","01-Jul-2025","2000000","Vendor Identification"
"962","Normal/Others","WS/MP18124/2025-2026/162328-Construction of roads, link roads, pathways or any other road with or without drainage system","Maharashtra","MUMBAI SUBURBAN(DISTRICT COLLECTOR MUMBAI SUBURBAN_IDA)","GAIKWAD VARSHA EKNATH","MUMBAI NORTH-CENTRAL","Construction of pathways, concreting with drainage","17-Jan-2025","23-Jul-2025","2500000","Vendor Identification"
"963","Normal/Others","WS/MP18124/2025-2026/162339-Construction of roads, link roads, pathways or any other road with or without drainage system","Maharashtra","MUMBAI SUBURBAN(DISTRICT COLLECTOR MUMBAI SUBURBAN_IDA)","GAIKWAD VARSHA EKNATH","MUMBAI NORTH-CENTRAL","Construction of pathways, concreting with drainage","17-Jan-2025","01-Dec-2025","1500000","Vendor Identification"
"964","Normal/Others","WS/MP18124/2025-2026/162416-Construction of roads, link roads, pathways or any other road with or without drainage system","Maharashtra","MUMBAI SUBURBAN(DISTRICT COLLECTOR MUMBAI SUBURBAN_IDA)","GAIKWAD VARSHA EKNATH","MUMBAI NORTH-CENTRAL","Construction of pathways and drainage","17-Jan-2025","23-Jul-2025","1000000","Vendor Identification"
"965","Normal/Others","WS/MP18124/2025-2026/162376-Construction of roads, link roads, pathways or any other road with or without drainage system","Maharashtra","MUMBAI SUBURBAN(DISTRICT COLLECTOR MUMBAI SUBURBAN_IDA)","GAIKWAD VARSHA EKNATH","MUMBAI NORTH-CENTRAL","Construction of Pathways and drainage","17-Jan-2025","23-Jul-2025","1000000","Vendor Identification"
"966","Normal/Others","WS/MP18124/2025-2026/162401-Construction of roads, link roads, pathways or any other road with or without drainage system","Maharashtra","MUMBAI SUBURBAN(DISTRICT COLLECTOR MUMBAI SUBURBAN_IDA)","GAIKWAD VARSHA EKNATH","MUMBAI NORTH-CENTRAL","Construction of Pathways with drainage","17-Jan-2025","12-Aug-2025","1000000","Vendor Identification"
"967","Normal/Others","WS/MP18124/2025-2026/162402-Construction of roads, link roads, pathways or any other road with or without drainage system","Maharashtra","MUMBAI SUBURBAN(DISTRICT COLLECTOR MUMBAI SUBURBAN_IDA)","GAIKWAD VARSHA EKNATH","MUMBAI NORTH-CENTRAL","Construction of Pathways with drainage","17-Jan-2025","12-Aug-2025","1000000","Vendor Identification"
"968","Normal/Others","WS/MP18124/2025-2026/161223-Construction of roads, link roads, pathways or any other road with or without drainage system","Maharashtra","MUMBAI SUBURBAN(DISTRICT COLLECTOR MUMBAI SUBURBAN_IDA)","GAIKWAD VARSHA EKNATH","MUMBAI NORTH-CENTRAL","Construction of  pathways or any other road with drainage system, concreting","17-Jan-2025","16-Feb-2026","2500000","Vendor Identification"
"969","Normal/Others","WS/MP18124/2025-2026/161241-Construction of roads, link roads, pathways or any other road with or without drainage system","Maharashtra","MUMBAI SUBURBAN(DISTRICT COLLECTOR MUMBAI SUBURBAN_IDA)","GAIKWAD VARSHA EKNATH","MUMBAI NORTH-CENTRAL","Construction of  pathways  with  drainage system and concreting","17-Jan-2025","01-Jul-2025","2500000","Vendor Identification"
"970","Normal/Others","WS/MP18124/2025-2026/162403-Construction of passage at unmanned railway crossings","Maharashtra","MUMBAI SUBURBAN(DISTRICT COLLECTOR MUMBAI SUBURBAN_IDA)","GAIKWAD VARSHA EKNATH","MUMBAI NORTH-CENTRAL","Construction of Pathways with drainage and laying water supply pipes","17-Jan-2025","12-Aug-2025","1000000","Vendor Identification"
"971","Normal/Others","WS/MP18307/2025-2026/180089-Development of playfields and sports grounds","Maharashtra","MUMBAI SUBURBAN(DISTRICT COLLECTOR MUMBAI SUBURBAN_IDA)","Piyush Vedprakash Goyal","MUMBAI NORTH","Construction of a playground and open gym for children","07-Mar-2025","25-Mar-2026","1000000","Sanction"
"972","Normal/Others","WS/MP18307/2025-2026/178216-Development of public parks","Maharashtra","MUMBAI SUBURBAN(DISTRICT COLLECTOR MUMBAI SUBURBAN_IDA)","Piyush Vedprakash Goyal","MUMBAI NORTH","Beautification of the garden at Ward No. 16, Green View Building No. 2, TPS Road -3, Babhai, Borivali West","28-Feb-2025","19-Jan-2026","1500000","Vendor Identification"
"973","Normal/Others","WS/MP18307/2025-2026/231054-Development of public parks","Maharashtra","MUMBAI SUBURBAN(DISTRICT COLLECTOR MUMBAI SUBURBAN_IDA)","Piyush Vedprakash Goyal","MUMBAI NORTH","Construction of a recreation center for senior citizens at Ward number 25, Oberoi Park, Thakur Village, Kandivali East","02-Sep-2025","25-Mar-2026","1900000","Sanction"
"974","Normal/Others","WS/MP18307/2025-2026/231062-Development of public parks","Maharashtra","MUMBAI SUBURBAN(DISTRICT COLLECTOR MUMBAI SUBURBAN_IDA)","Piyush Vedprakash Goyal","MUMBAI NORTH","Beautification of the area around Deendayal Upadhyay Garden, Indira Chowk, Kandivali East","02-Sep-2025","25-Mar-2026","2400000","Work partially Completed"
"975","Normal/Others","WS/MP18307/2025-2026/231063-Development of public parks","Maharashtra","MUMBAI SUBURBAN(DISTRICT COLLECTOR MUMBAI SUBURBAN_IDA)","Piyush Vedprakash Goyal","MUMBAI NORTH","Construction of a recreation center for citizens at Chikhalwadi, Near Thakur Village, near Senior Building","02-Sep-2025","25-Mar-2026","2000000","Sanction"
"976","Normal/Others","WS/MP18307/2025-2026/231067-Development of public parks","Maharashtra","MUMBAI SUBURBAN(DISTRICT COLLECTOR MUMBAI SUBURBAN_IDA)","Piyush Vedprakash Goyal","MUMBAI NORTH","Construction and beautification of a recreation center for senior citizens at Dr. Babasaheb Ambedkar Park, Malad West","02-Sep-2025","25-Mar-2026","2000000","Sanction"
"977","Normal/Others","WS/MP18307/2025-2026/230963-Development of public parks","Maharashtra","MUMBAI SUBURBAN(DISTRICT COLLECTOR MUMBAI SUBURBAN_IDA)","Piyush Vedprakash Goyal","MUMBAI NORTH","Construction of a senior citizens katta at LIC Colony, near Shantidham Ashram Depot, Dahisar West","02-Sep-2025","25-Mar-2026","2000000","Sanction"
"978","Normal/Others","WS/MP18307/2025-2026/143600-Tree plantation for community","Maharashtra","MUMBAI SUBURBAN(DISTRICT COLLECTOR MUMBAI SUBURBAN_IDA)","Piyush Vedprakash Goyal","MUMBAI NORTH","Ward 47- Beautification works at Ganga Building Link Road Malad (West)","25-Sep-2024","25-Mar-2026","1500000","Work partially Completed"
"979","Normal/Others","WS/MP18307/2025-2026/143601-Tree plantation for community","Maharashtra","MUMBAI SUBURBAN(DISTRICT COLLECTOR MUMBAI SUBURBAN_IDA)","Piyush Vedprakash Goyal","MUMBAI NORTH","Ward 47 - Beautification of divider at Mith Chowk to Chincholi Bunder Chowk Link Road Malad West","25-Sep-2024","25-Mar-2026","2000000","Sanction"
"980","Normal/Others","WS/MP18307/2025-2026/143602-Tree plantation for community","Maharashtra","MUMBAI SUBURBAN(DISTRICT COLLECTOR MUMBAI SUBURBAN_IDA)","Piyush Vedprakash Goyal","MUMBAI NORTH","Ward 47 -  Beautification work at Swatantrata Veer Savarkar Chowk Malad (West)","25-Sep-2024","25-Mar-2026","2000000","Sanction"
"981","Normal/Others","WS/MP18307/2025-2026/143611-Tree plantation for community","Maharashtra","MUMBAI SUBURBAN(DISTRICT COLLECTOR MUMBAI SUBURBAN_IDA)","Piyush Vedprakash Goyal","MUMBAI NORTH","Ward 21 - Beautification work at  Dahanukarwadi Junction, Charkop Kandivali (West)","25-Sep-2024","30-Jan-2026","1500000","Work partially Completed"
"982","Normal/Others","WS/MP18307/2025-2026/143612-Tree plantation for community","Maharashtra","MUMBAI SUBURBAN(DISTRICT COLLECTOR MUMBAI SUBURBAN_IDA)","Piyush Vedprakash Goyal","MUMBAI NORTH","Ward 44  - Beautification  of Square near Raheja Township Malad (East)","25-Sep-2024","25-Mar-2026","1500000","Work partially Completed"
"983","Normal/Others","WS/MP18307/2025-2026/230981-Development of playfields and sports grounds","Maharashtra","MUMBAI SUBURBAN(DISTRICT COLLECTOR MUMBAI SUBURBAN_IDA)","Piyush Vedprakash Goyal","MUMBAI NORTH","Construction of a multipurpose sports turf in the open space Gorai 3, Borivali West,","02-Sep-2025","25-Mar-2026","3200000","Sanction"
"984","Normal/Others","WS/MP18308/2025-2026/145433-Fitting of Sitting RCC Benches in Public Places","Maharashtra","MUMBAI SUBURBAN(DISTRICT COLLECTOR MUMBAI SUBURBAN_IDA)","RAVINDRA DATTARAM WAIKAR","MUMBAI NORTH WEST","Construction of Seating arrangement at Minatai Thakre Udyan, Dindoshi, Goregaon (E)","08-Oct-2024","06-Aug-2025","1500000","Vendor Identification"
"985","Normal/Others","WS/MP18308/2025-2026/145426-Fitting of Sitting RCC Benches in Public Places","Maharashtra","MUMBAI SUBURBAN(DISTRICT COLLECTOR MUMBAI SUBURBAN_IDA)","RAVINDRA DATTARAM WAIKAR","MUMBAI NORTH WEST","Construction of Seating benches at Minatai Thakre Kridagan (New Mhada Dindoshi Colony /Nagari Niwara Parisad) Near Bus No.646 last BEST Stop, Goregaon (E)","08-Oct-2024","23-Jul-2025","1500000","Vendor Identification"
"986","Normal/Others","WS/MP18307/2025-2026/262448-Construction of community centers and community halls","Maharashtra","MUMBAI SUBURBAN(DISTRICT COLLECTOR MUMBAI SUBURBAN_IDA)","Piyush Vedprakash Goyal","MUMBAI NORTH","Construction of 20 by 20 feet Community Welfare Center near Sindhudurg Co-op. Housing Society on CTS No. 207 Magathane","28-Jan-2026","25-Mar-2026","2300000","Sanction"
"987","Normal/Others","WS/MP18307/2025-2026/262458-Construction of community centers and community halls","Maharashtra","MUMBAI SUBURBAN(DISTRICT COLLECTOR MUMBAI SUBURBAN_IDA)","Piyush Vedprakash Goyal","MUMBAI NORTH","Construction of Vipassana or Yoga Center near Dattatray Building, Sector 5, Charkop","28-Jan-2026","25-Mar-2026","2300000","Sanction"
"988","Normal/Others","WS/MP18308/2025-2026/262899-Construction of public libraries and reading rooms","Maharashtra","MUMBAI SUBURBAN(DISTRICT COLLECTOR MUMBAI SUBURBAN_IDA)","RAVINDRA DATTARAM WAIKAR","MUMBAI NORTH WEST","Constructing library and providing equipments for MPSC and UPSC students at goregaon east Mumbai","29-Jan-2026","12-Mar-2026","4700000","Sanction"
"989","Normal/Others","WS/MP18307/2025-2026/231060-Construction of public libraries and reading rooms","Maharashtra","MUMBAI SUBURBAN(DISTRICT COLLECTOR MUMBAI SUBURBAN_IDA)","Piyush Vedprakash Goyal","MUMBAI NORTH","Construction of library at Ward no. 26, Nalanda Buddha Vihara, Bhim Nagar, Damu Nagar, Magathane","02-Sep-2025","25-Mar-2026","2200000","Sanction"
"990","Normal/Others","WS/MP18307/2025-2026/231068-Construction of public libraries and reading rooms","Maharashtra","MUMBAI SUBURBAN(DISTRICT COLLECTOR MUMBAI SUBURBAN_IDA)","Piyush Vedprakash Goyal","MUMBAI NORTH","Construction of library and toilets, Near Sivaganga Housing Cooperative Society, Survey No. 263, Bhabrekar Nagar, Charkop Village, Kandivali West","02-Sep-2025","25-Mar-2026","4000000","Sanction"
"991","Normal/Others","WS/MP18361/2025-2026/219017-Construction of community centers and community halls","Maharashtra","MUMBAI SUBURBAN(DISTRICT COLLECTOR MUMBAI SUBURBAN_IDA)","SANJAY DINA PATIL","MUMBAI NORTH EAST","SAMAJ KALYAN KENDRA, LADIKARTAN, SUSHOBHIKARAN AT NEAR GURUKRUPA MANDAL, ANAND GAD, PARKSIDE, GHATKOPAR WEST","16-Jul-2025","25-Mar-2026","4000000","Sanction"
"992","Normal/Others","WS/MP18361/2025-2026/219018-Construction of community centers and community halls","Maharashtra","MUMBAI SUBURBAN(DISTRICT COLLECTOR MUMBAI SUBURBAN_IDA)","SANJAY DINA PATIL","MUMBAI NORTH EAST","RECONSTRUCTION OF SAMAJ KALYAN KENDRA OR BALWADI AT PITAMAH RAMJI NAGAR, BARVE NAGAR, BHATWADI, GHATKOPAR WEST","16-Jul-2025","25-Mar-2026","3000000","Sanction"
"993","Normal/Others","WS/MP18361/2025-2026/219019-Construction of community centers and community halls","Maharashtra","MUMBAI SUBURBAN(DISTRICT COLLECTOR MUMBAI SUBURBAN_IDA)","SANJAY DINA PATIL","MUMBAI NORTH EAST","RECONSTRUCTION OF VARKARI BHAVAN OR BALWADI AT NEAR PRABUDHA SEVA SANGH, PITAMAH RAMJI NAGAR, BARVE NAGAR, GHATKOPAR WEST","16-Jul-2025","25-Mar-2026","1000000","Sanction"
"994","Normal/Others","WS/MP18124/2025-2026/226110-Construction of community centers and community halls","Maharashtra","MUMBAI SUBURBAN(DISTRICT COLLECTOR MUMBAI SUBURBAN_IDA)","GAIKWAD VARSHA EKNATH","MUMBAI NORTH-CENTRAL","Re-Construction of Children welfare center and Drainage pathways","22-Aug-2025","16-Mar-2026","1850000","Vendor Identification"
"995","Normal/Others","WS/MP18124/2025-2026/225837-Construction of community centers and community halls","Maharashtra","MUMBAI SUBURBAN(DISTRICT COLLECTOR MUMBAI SUBURBAN_IDA)","GAIKWAD VARSHA EKNATH","MUMBAI NORTH-CENTRAL","Construction of Children welfare center Balwadi and drainage passage","22-Aug-2025","25-Mar-2026","1500000","Work partially Completed"
"996","Normal/Others","WS/MP18124/2025-2026/226093-Construction of community centers and community halls","Maharashtra","MUMBAI SUBURBAN(DISTRICT COLLECTOR MUMBAI SUBURBAN_IDA)","GAIKWAD VARSHA EKNATH","MUMBAI NORTH-CENTRAL","Re-Construction of Children welfare center and drainage pathways","22-Aug-2025","16-Mar-2026","2500000","Vendor Identification"
"997","Normal/Others","WS/MP18307/2025-2026/230960-Construction of community centers and community halls","Maharashtra","MUMBAI SUBURBAN(DISTRICT COLLECTOR MUMBAI SUBURBAN_IDA)","Piyush Vedprakash Goyal","MUMBAI NORTH","Construction of a community hall in Ward No. 6 at Ratan Nagar, Rajesh Compound, near Dahisar East","02-Sep-2025","25-Mar-2026","2500000","Sanction"
"998","Normal/Others","WS/MP18307/2025-2026/230965-Construction of community centers and community halls","Maharashtra","MUMBAI SUBURBAN(DISTRICT COLLECTOR MUMBAI SUBURBAN_IDA)","Piyush Vedprakash Goyal","MUMBAI NORTH","Construction of community hall at Chikuwadi Joggers Park, Borivali West","02-Sep-2025","25-Mar-2026","2500000","Sanction"
"999","Normal/Others","WS/MP18307/2025-2026/231066-Construction of community centers and community halls","Maharashtra","MUMBAI SUBURBAN(DISTRICT COLLECTOR MUMBAI SUBURBAN_IDA)","Piyush Vedprakash Goyal","MUMBAI NORTH","Construction of community hall at Charkop Sector 1, RSC 24 and RDP Road","02-Sep-2025","25-Mar-2026","3000000","Sanction"
"1000","Normal/Others","WS/MP18307/2025-2026/231069-Construction of community centers and community halls","Maharashtra","MUMBAI SUBURBAN(DISTRICT COLLECTOR MUMBAI SUBURBAN_IDA)","Piyush Vedprakash Goyal","MUMBAI NORTH","Construction of a social welfare center in Ward no. 33, Near Shri Omkareshwar Mahadev Temple, Malad West","02-Sep-2025","25-Mar-2026","2400000","Sanction"
"1001","Normal/Others","WS/MP18308/2025-2026/244679-Construction of community centers and community halls","Maharashtra","MUMBAI SUBURBAN(DISTRICT COLLECTOR MUMBAI SUBURBAN_IDA)","RAVINDRA DATTARAM WAIKAR","MUMBAI NORTH WEST","Construction of library at Dr Babasaheb Ambedkar square unit number 5 AARE colony Goregaon East Mumbai","31-Oct-2025","25-Mar-2026","2500000","Time Estimation"
"1002","Normal/Others","WS/MP18308/2025-2026/244680-Construction of community centers and community halls","Maharashtra","MUMBAI SUBURBAN(DISTRICT COLLECTOR MUMBAI SUBURBAN_IDA)","RAVINDRA DATTARAM WAIKAR","MUMBAI NORTH WEST","Construction of Samaj Mandir at shravasti Buddh vihar Goregaon East Mumbai","31-Oct-2025","25-Mar-2026","5000000","Vendor Identification"
"1003","Normal/Others","WS/MP18308/2025-2026/244683-Construction of community centers and community halls","Maharashtra","MUMBAI SUBURBAN(DISTRICT COLLECTOR MUMBAI SUBURBAN_IDA)","RAVINDRA DATTARAM WAIKAR","MUMBAI NORTH WEST","Construction of Samaj Mandir at Nagari nivara mahasangh Goregaon East Mumbai","31-Oct-2025","25-Mar-2026","3000000","Vendor Identification"
"1004","Normal/Others","WS/MP18308/2025-2026/244692-Construction of community centers and community halls","Maharashtra","MUMBAI SUBURBAN(DISTRICT COLLECTOR MUMBAI SUBURBAN_IDA)","RAVINDRA DATTARAM WAIKAR","MUMBAI NORTH WEST","Construction of Samaj Mandir at ward number 63 Nepali CHAWL Vikas Nagar Jogeshwari WEST Mumbai","31-Oct-2025","17-Mar-2026","3000000","Vendor Identification"
"1005","Normal/Others","WS/MP18308/2025-2026/244705-Construction of community centers and community halls","Maharashtra","MUMBAI SUBURBAN(DISTRICT COLLECTOR MUMBAI SUBURBAN_IDA)","RAVINDRA DATTARAM WAIKAR","MUMBAI NORTH WEST","Construction of Samaj Mandir at Ramkrishna KONDI VEETA Andheri EAST Mumbai","31-Oct-2025","25-Mar-2026","2000000","Work partially Completed"
"1006","Normal/Others","WS/MP18308/2025-2026/145422-Construction of community centers and community halls","Maharashtra","MUMBAI SUBURBAN(DISTRICT COLLECTOR MUMBAI SUBURBAN_IDA)","RAVINDRA DATTARAM WAIKAR","MUMBAI NORTH WEST","Construction of Sabhamandap Near Nagari Niwara Parisad Zone-2, Goregaon (E)","08-Oct-2024","23-Jul-2025","2500000","Vendor Identification"
"1007","Normal/Others","WS/MP18308/2025-2026/145424-Construction of community centers and community halls","Maharashtra","MUMBAI SUBURBAN(DISTRICT COLLECTOR MUMBAI SUBURBAN_IDA)","RAVINDRA DATTARAM WAIKAR","MUMBAI NORTH WEST","Construction of Sabhamandap Near Shri Krushna Nagar SRA Parisar, Building No.2, Goregaon (E)","08-Oct-2024","20-Jan-2026","1800000","Vendor Identification"
"1008","Normal/Others","WS/MP18308/2025-2026/145430-Construction of community centers and community halls","Maharashtra","MUMBAI SUBURBAN(DISTRICT COLLECTOR MUMBAI SUBURBAN_IDA)","RAVINDRA DATTARAM WAIKAR","MUMBAI NORTH WEST","Construction of Samaj Mandir, at Shri Sai Chawl  committee , Tanaji Nagar, Kurar Village, Malad (E)","08-Oct-2024","25-Mar-2026","2000000","Work partially Completed"
"1009","Normal/Others","WS/MP18124/2025-2026/162344-Construction of community centers and community halls","Maharashtra","MUMBAI SUBURBAN(DISTRICT COLLECTOR MUMBAI SUBURBAN_IDA)","GAIKWAD VARSHA EKNATH","MUMBAI NORTH-CENTRAL","Renovation of community center","17-Jan-2025","20-Jan-2026","2000000","Vendor Identification"
"1010","Normal/Others","WS/MP18124/2025-2026/165820-Construction of community centers and community halls","Maharashtra","MUMBAI SUBURBAN(DISTRICT COLLECTOR MUMBAI SUBURBAN_IDA)","GAIKWAD VARSHA EKNATH","MUMBAI NORTH-CENTRAL","construction of children welfare center balwadi","17-Jan-2025","01-Jul-2025","2000000","Vendor Identification"
"1011","Normal/Others","WS/MP18308/2025-2026/145425-Construction of toilet blocks","Maharashtra","MUMBAI SUBURBAN(DISTRICT COLLECTOR MUMBAI SUBURBAN_IDA)","RAVINDRA DATTARAM WAIKAR","MUMBAI NORTH WEST","Construction of 14 seated Toilet block at Shri Hanuman Tekadi Seva Mandal, Shankar Desai Chawl, Tanaji Nagar, Malad (E)","08-Oct-2024","25-Mar-2026","2100000","Work partially Completed"
"1012","Normal/Others","WS/MP18361/2025-2026/226172-Construction of buildings for crèches and anganwadies","Maharashtra","MUMBAI SUBURBAN(DISTRICT COLLECTOR MUMBAI SUBURBAN_IDA)","SANJAY DINA PATIL","MUMBAI NORTH EAST","Construction of Khule Sabhagruh or Balwadi or vachnalay and Sushobhikaran at Shahid Jayavant Patil Udyan parisar, Ashok Kedare Chowk, Utkarsha nagar, Bhandup West","10-Aug-2025","25-Mar-2026","3500000","Sanction"
"1013","Normal/Others","WS/MP18361/2025-2026/226173-Construction of buildings for crèches and anganwadies","Maharashtra","MUMBAI SUBURBAN(DISTRICT COLLECTOR MUMBAI SUBURBAN_IDA)","SANJAY DINA PATIL","MUMBAI NORTH EAST","Construction of Vachanalya at near BAL VIKAS Krida Mandal, Opp Hanuman and Durga Parmeshwari Mandir, Sainath nagar road, Ghatkopar West","10-Aug-2025","25-Mar-2026","1500000","Sanction"
"1014","Normal/Others","WS/MP18361/2025-2026/226174-Construction of buildings for crèches and anganwadies","Maharashtra","MUMBAI SUBURBAN(DISTRICT COLLECTOR MUMBAI SUBURBAN_IDA)","SANJAY DINA PATIL","MUMBAI NORTH EAST","Construction of Balwadi or Vachnalay at Near Dirbadevi krida Mandal, Gauri Shankar wadi no.1, Pantnagar, Ghatkopar West","10-Aug-2025","25-Mar-2026","1500000","Sanction"
"1015","Normal/Others","WS/MP18361/2025-2026/226177-Construction of buildings for crèches and anganwadies","Maharashtra","MUMBAI SUBURBAN(DISTRICT COLLECTOR MUMBAI SUBURBAN_IDA)","SANJAY DINA PATIL","MUMBAI NORTH EAST","Construction of Balwadi and sushobhikaran at near Ghayal Sports Club, Gavdevi Road, Tembhi Pada, Bhandup West","10-Aug-2025","25-Mar-2026","3500000","Sanction"
"1016","Normal/Others","WS/MP18307/2025-2026/143526-Construction of rooms and halls in school and colleges","Maharashtra","MUMBAI SUBURBAN(DISTRICT COLLECTOR MUMBAI SUBURBAN_IDA)","Piyush Vedprakash Goyal","MUMBAI NORTH","Ward 5  - Reconstruction of Kindergarten at Balkawade Compound, Hanuman Tekdi Road, Kazupada, Borivali East","25-Sep-2024","25-Mar-2026","4500000","Sanction"
"1017","Normal/Others","WS/MP18308/2025-2026/146670-Providing CCTV camera system for security of public areas","Maharashtra","MUMBAI SUBURBAN(DISTRICT COLLECTOR MUMBAI SUBURBAN_IDA)","RAVINDRA DATTARAM WAIKAR","MUMBAI NORTH WEST","P/F C.C.T.V. Camera at Majaswadi Sarvoday Nagar, Near M.H.B. Colony, Jogeshwari (E)","10-Oct-2024","25-Mar-2026","100000","Sanction"
"1018","Normal/Others","WS/MP18308/2025-2026/145119-Construction of buildings for community cultural activities","Maharashtra","MUMBAI SUBURBAN(DISTRICT COLLECTOR MUMBAI SUBURBAN_IDA)","RAVINDRA DATTARAM WAIKAR","MUMBAI NORTH WEST","Construction of sabhagruha near Brook Heaven Building, Shamnagar, Jogeshwari East, Mumbai.","02-Oct-2024","25-Mar-2026","1500000","Sanction"
"1019","Normal/Others","WS/MP18308/2025-2026/244678-Crematoriums/energy efficient crematoriums or structures on burial/cremation ground","Maharashtra","MUMBAI SUBURBAN(DISTRICT COLLECTOR MUMBAI SUBURBAN_IDA)","RAVINDRA DATTARAM WAIKAR","MUMBAI NORTH WEST","Construction of Mortuary Registration Office at Rajeshwar Hindu mashan Bhumi Pratap Nagar Jogeshwari East Mumbai","31-Oct-2025","25-Mar-2026","2500000","Work partially Completed"
"1020","Normal/Others","WS/MP18307/2025-2026/230985-Construction of common work sheds/ common covered sitting area","Maharashtra","MUMBAI SUBURBAN(DISTRICT COLLECTOR MUMBAI SUBURBAN_IDA)","Piyush Vedprakash Goyal","MUMBAI NORTH","Construction of an open shed at Ward No. 18, Sai Mitra Mandal, near Sector-5, Charkop","02-Sep-2025","25-Mar-2026","1500000","Sanction"
"1021","Normal/Others","WS/MP18307/2025-2026/230980-Construction of common work sheds/ common covered sitting area","Maharashtra","MUMBAI SUBURBAN(DISTRICT COLLECTOR MUMBAI SUBURBAN_IDA)","Piyush Vedprakash Goyal","MUMBAI NORTH","Construction of open shed at in Ward no. 9 at RAC 48, Chhatrapati Shivaji Maharaj Maidan, Gorai 2, Borivali West","02-Sep-2025","25-Mar-2026","1900000","Sanction"
"1022","Normal/Others","WS/MP18307/2025-2026/231051-Construction of common work sheds/ common covered sitting area","Maharashtra","MUMBAI SUBURBAN(DISTRICT COLLECTOR MUMBAI SUBURBAN_IDA)","Piyush Vedprakash Goyal","MUMBAI NORTH","Construction of an open shed in the front area in Ward No.11, Swami Samarth Math, Mukhlal Yadav Chawl, Kajupada, Dahisar East","02-Sep-2025","25-Mar-2026","1500000","Sanction"
"1023","Normal/Others","WS/MP18124/2025-2026/226116-Construction of common work sheds/ common covered sitting area","Maharashtra","MUMBAI SUBURBAN(DISTRICT COLLECTOR MUMBAI SUBURBAN_IDA)","GAIKWAD VARSHA EKNATH","MUMBAI NORTH-CENTRAL","Construction of open shed and drainage pathways","22-Aug-2025","25-Mar-2026","1900000","Work partially Completed"
"1024","Normal/Others","WS/MP18361/2025-2026/226175-Construction of common work sheds/ common covered sitting area","Maharashtra","MUMBAI SUBURBAN(DISTRICT COLLECTOR MUMBAI SUBURBAN_IDA)","SANJAY DINA PATIL","MUMBAI NORTH EAST","Construction of Khule Sabhagruh, Ladikaran and Sushobhikaran at Near Shri Bhavani Mata Mandir Parisar,  Pantnagar, Ghatkopar East","10-Aug-2025","25-Mar-2026","1600000","Vendor Identification"
"1025","Normal/Others","WS/MP18361/2025-2026/226176-Construction of common work sheds/ common covered sitting area","Maharashtra","MUMBAI SUBURBAN(DISTRICT COLLECTOR MUMBAI SUBURBAN_IDA)","SANJAY DINA PATIL","MUMBAI NORTH EAST","Construction of khule Sabhagruh at Dr Babasaheb Ambedkar Nagar Parisar, Near Kanjur Railway station Bus stop, Kanjurmarg West","10-Aug-2025","25-Mar-2026","1600000","Sanction"
"1026","Normal/Others","WS/MP18361/2025-2026/226171-Construction of common work sheds/ common covered sitting area","Maharashtra","MUMBAI SUBURBAN(DISTRICT COLLECTOR MUMBAI SUBURBAN_IDA)","SANJAY DINA PATIL","MUMBAI NORTH EAST","Construction of khule Sabhagruh, ladikaran and sushobhikaran at Near Maharashtra compound, New Gautam nagar, Ght-mankhurd Link road, Govandi","10-Aug-2025","25-Mar-2026","3000000","Sanction"
"1027","Normal/Others","WS/MP18361/2025-2026/226169-Construction of common work sheds/ common covered sitting area","Maharashtra","MUMBAI SUBURBAN(DISTRICT COLLECTOR MUMBAI SUBURBAN_IDA)","SANJAY DINA PATIL","MUMBAI NORTH EAST","Construction of Khule Sabhagruh at near Tarun Mitra Mandal, Shastri Nagar, BR road, Mulund West","10-Aug-2025","25-Mar-2026","2000000","Sanction"
"1028","Normal/Others","WS/MP18308/2025-2026/262901-Construction of common work sheds/ common covered sitting area","Maharashtra","MUMBAI SUBURBAN(DISTRICT COLLECTOR MUMBAI SUBURBAN_IDA)","RAVINDRA DATTARAM WAIKAR","MUMBAI NORTH WEST","Providing shed and beautification work near New five star seva mandal, Nutan chemical compound, Walbhatta road, Goregaon East, Mumbai.","29-Jan-2026","24-Mar-2026","3500000","Sanction"
"1029","Normal/Others","WS/MP18308/2025-2026/262894-Construction of common work sheds/ common covered sitting area","Maharashtra","MUMBAI SUBURBAN(DISTRICT COLLECTOR MUMBAI SUBURBAN_IDA)","RAVINDRA DATTARAM WAIKAR","MUMBAI NORTH WEST","Providing Shed Sarvjanik Ganesh utsav mandal Bangali compound Goregaon East Mumbai","29-Jan-2026","24-Mar-2026","1500000","Sanction"
"1030","Normal/Others","WS/MP18308/2025-2026/262898-Construction of common work sheds/ common covered sitting area","Maharashtra","MUMBAI SUBURBAN(DISTRICT COLLECTOR MUMBAI SUBURBAN_IDA)","RAVINDRA DATTARAM WAIKAR","MUMBAI NORTH WEST","Providing shed near saidatt society Sai Wadi Andheri East Mumbai","29-Jan-2026","24-Mar-2026","1000000","Sanction"
"1031","Normal/Others","WS/MP18307/2025-2026/262466-Construction of common work sheds/ common covered sitting area","Maharashtra","MUMBAI SUBURBAN(DISTRICT COLLECTOR MUMBAI SUBURBAN_IDA)","Piyush Vedprakash Goyal","MUMBAI NORTH","Construction of Mandap or Shed near Wagheshwar Mandir, Datt Mandir Road, Bandongri, Malad East","28-Jan-2026","25-Mar-2026","1100000","Sanction"
"1032","Normal/Others","WS/MP18307/2025-2026/262453-Construction of common work sheds/ common covered sitting area","Maharashtra","MUMBAI SUBURBAN(DISTRICT COLLECTOR MUMBAI SUBURBAN_IDA)","Piyush Vedprakash Goyal","MUMBAI NORTH","Construction 50 by 60 feet shed at Chaitynya Gagangiri Gaushala, Sector 6 Charkop","28-Jan-2026","25-Mar-2026","3000000","Sanction"
"1033","Normal/Others","WS/MP18307/2025-2026/262454-Construction of common work sheds/ common covered sitting area","Maharashtra","MUMBAI SUBURBAN(DISTRICT COLLECTOR MUMBAI SUBURBAN_IDA)","Piyush Vedprakash Goyal","MUMBAI NORTH","Construction of open shed near 2A MHADA Tower, Mahavir Nagar Sankraman Shibir Kruti Samiti, Mahavir Nagar, Charkop","28-Jan-2026","25-Mar-2026","1900000","Sanction"
"1034","Normal/Others","WS/MP18307/2025-2026/262445-Construction of common work sheds/ common covered sitting area","Maharashtra","MUMBAI SUBURBAN(DISTRICT COLLECTOR MUMBAI SUBURBAN_IDA)","Piyush Vedprakash Goyal","MUMBAI NORTH","Construction of open shed near Shiv Mandir at Anand Nagar, Dahisar East","28-Jan-2026","25-Mar-2026","1900000","Sanction"
"1035","Normal/Others","WS/MP18308/2025-2026/244706-Construction of common work sheds/ common covered sitting area","Maharashtra","MUMBAI SUBURBAN(DISTRICT COLLECTOR MUMBAI SUBURBAN_IDA)","RAVINDRA DATTARAM WAIKAR","MUMBAI NORTH WEST","Construction of shade at Bismillah cooperative housing society Andheri West Mumbai","31-Oct-2025","25-Mar-2026","1100000","Sanction"
"1036","Normal/Others","WS/MP18308/2025-2026/244707-Construction of common work sheds/ common covered sitting area","Maharashtra","MUMBAI SUBURBAN(DISTRICT COLLECTOR MUMBAI SUBURBAN_IDA)","RAVINDRA DATTARAM WAIKAR","MUMBAI NORTH WEST","Construction of shade at Hussain chowk unit number 29 AARE colony Goregaon East Mumbai","31-Oct-2025","25-Mar-2026","1100000","Sanction"
"1037","Normal/Others","WS/MP18308/2025-2026/244697-Construction of common work sheds/ common covered sitting area","Maharashtra","MUMBAI SUBURBAN(DISTRICT COLLECTOR MUMBAI SUBURBAN_IDA)","RAVINDRA DATTARAM WAIKAR","MUMBAI NORTH WEST","Construction of shade at Jay Bheem Nagar AARE road Powai Andheri East Mumbai","31-Oct-2025","25-Mar-2026","2500000","Work partially Completed"
"1038","Normal/Others","WS/MP18308/2025-2026/244704-Construction of common work sheds/ common covered sitting area","Maharashtra","MUMBAI SUBURBAN(DISTRICT COLLECTOR MUMBAI SUBURBAN_IDA)","RAVINDRA DATTARAM WAIKAR","MUMBAI NORTH WEST","Construction of shade at Pune Nagar Powai Andheri East Mumbai","31-Oct-2025","25-Mar-2026","2000000","Work partially Completed"
"1039","Normal/Others","WS/MP18308/2025-2026/244712-Construction of common work sheds/ common covered sitting area","Maharashtra","MUMBAI SUBURBAN(DISTRICT COLLECTOR MUMBAI SUBURBAN_IDA)","RAVINDRA DATTARAM WAIKAR","MUMBAI NORTH WEST","Construction of SHED at Ward number 62 MOMIN Nagar Versova Andheri West Mumbai","31-Oct-2025","25-Mar-2026","2500000","Sanction"
"1040","Normal/Others","WS/MP18308/2025-2026/244713-Construction of common work sheds/ common covered sitting area","Maharashtra","MUMBAI SUBURBAN(DISTRICT COLLECTOR MUMBAI SUBURBAN_IDA)","RAVINDRA DATTARAM WAIKAR","MUMBAI NORTH WEST","Construction of SHED at ward number 66 GAVDEVI dongar Jolly circle Versova Andheri West Mumbai","31-Oct-2025","25-Mar-2026","2500000","Sanction"
"1041","Normal/Others","WS/MP18308/2025-2026/244715-Construction of common work sheds/ common covered sitting area","Maharashtra","MUMBAI SUBURBAN(DISTRICT COLLECTOR MUMBAI SUBURBAN_IDA)","RAVINDRA DATTARAM WAIKAR","MUMBAI NORTH WEST","Construction of shade at Shiv Shakti Mitra Mandal Mayur Nagar SRa colony Goregaon West Mumbai","31-Oct-2025","25-Mar-2026","3000000","Sanction"
"1042","Normal/Others","WS/MP18308/2025-2026/244716-Construction of common work sheds/ common covered sitting area","Maharashtra","MUMBAI SUBURBAN(DISTRICT COLLECTOR MUMBAI SUBURBAN_IDA)","RAVINDRA DATTARAM WAIKAR","MUMBAI NORTH WEST","Construction of shared at Lokmanya Tilak Ganesh visarjan talab Shyam Nagar Jogeshwari west east Mumbai","31-Oct-2025","25-Mar-2026","3000000","Sanction"
"1043","Normal/Others","WS/MP18308/2025-2026/244717-Construction of common work sheds/ common covered sitting area","Maharashtra","MUMBAI SUBURBAN(DISTRICT COLLECTOR MUMBAI SUBURBAN_IDA)","RAVINDRA DATTARAM WAIKAR","MUMBAI NORTH WEST","Construction of Shed near Srinivas apartment, plot number 13, behind Jawahar Nagar bus stop, SV road Goregaon West, Mumbai","31-Oct-2025","17-Mar-2026","1500000","Vendor Identification"
"1044","Normal/Others","WS/MP18308/2025-2026/244685-Construction of common work sheds/ common covered sitting area","Maharashtra","MUMBAI SUBURBAN(DISTRICT COLLECTOR MUMBAI SUBURBAN_IDA)","RAVINDRA DATTARAM WAIKAR","MUMBAI NORTH WEST","Construction of SHED at WARD number 61 near Hanuman Mandir Oshiwara Jogeshwari West Mumbai","31-Oct-2025","25-Mar-2026","2500000","Sanction"
"1045","Normal/Others","WS/MP18308/2025-2026/244688-Construction of common work sheds/ common covered sitting area","Maharashtra","MUMBAI SUBURBAN(DISTRICT COLLECTOR MUMBAI SUBURBAN_IDA)","RAVINDRA DATTARAM WAIKAR","MUMBAI NORTH WEST","Construction of SHED at Anubhav Mitra Mandal Ganesh Nagar Jogeshwari West Mumbai","31-Oct-2025","25-Mar-2026","2500000","Sanction"
"1046","Normal/Others","WS/MP18307/2025-2026/178219-Construction of common work sheds/ common covered sitting area","Maharashtra","MUMBAI SUBURBAN(DISTRICT COLLECTOR MUMBAI SUBURBAN_IDA)","Piyush Vedprakash Goyal","MUMBAI NORTH","Construction of stage and shed for public events at Ward No. 18, Shivtirth Seva Mandal, Prabodhan Thackeray Nagar, Sector No. 5, Charkop, Kandivali West","28-Feb-2025","16-Mar-2026","1000000","Vendor Identification"
"1047","Normal/Others","WS/MP18361/2025-2026/219016-Construction of common work sheds/ common covered sitting area","Maharashtra","MUMBAI SUBURBAN(DISTRICT COLLECTOR MUMBAI SUBURBAN_IDA)","SANJAY DINA PATIL","MUMBAI NORTH EAST","KHULE SABHAGRUH AT GANESH NAGAR RAHIVASHI UTKARSH MANDAL, DUC LINE, PARK SIDE, GHATKOPAR WEST","16-Jul-2025","25-Mar-2026","2800000","Sanction"
"1048","Normal/Others","WS/MP18361/2025-2026/219022-Construction of common work sheds/ common covered sitting area","Maharashtra","MUMBAI SUBURBAN(DISTRICT COLLECTOR MUMBAI SUBURBAN_IDA)","SANJAY DINA PATIL","MUMBAI NORTH EAST","RECONSTRUCTION OF KHULE SABHAGRUH AND BEAUTIFICATION AT NEAR JAGRUT MITRA MANDAL, MOTIBAI WADI, BHANDUP WEST","16-Jul-2025","25-Mar-2026","500000","Sanction"
"1049","Normal/Others","WS/MP18361/2025-2026/217226-Construction of common work sheds/ common covered sitting area","Maharashtra","MUMBAI SUBURBAN(DISTRICT COLLECTOR MUMBAI SUBURBAN_IDA)","SANJAY DINA PATIL","MUMBAI NORTH EAST","Reconstruction of Open shed, Drainage Line , Ladikar","11-Jul-2025","25-Mar-2026","3000000","Sanction"
"1050","Normal/Others","WS/MP18124/2025-2026/273224-Construction of roads, link roads, pathways or any other road with or without drainage system","Maharashtra","MUMBAI SUBURBAN(DISTRICT COLLECTOR MUMBAI SUBURBAN_IDA)","GAIKWAD VARSHA EKNATH","MUMBAI NORTH-CENTRAL","Construction of Drainage and Pathways at vadiya road daruwala chawl","15-Mar-2026","16-Mar-2026","1000000","Work partially Completed"
"1051","Normal/Others","WS/MP18124/2025-2026/226103-Construction of roads, link roads, pathways or any other road with or without drainage system","Maharashtra","MUMBAI SUBURBAN(DISTRICT COLLECTOR MUMBAI SUBURBAN_IDA)","GAIKWAD VARSHA EKNATH","MUMBAI NORTH-CENTRAL","Construction of Drainage and  Pathways","22-Aug-2025","25-Mar-2026","1800000","Work partially Completed"
"1052","Normal/Others","WS/MP18124/2025-2026/226178-Construction of roads, link roads, pathways or any other road with or without drainage system","Maharashtra","MUMBAI SUBURBAN(DISTRICT COLLECTOR MUMBAI SUBURBAN_IDA)","GAIKWAD VARSHA EKNATH","MUMBAI NORTH-CENTRAL","Construction of Drainage and Pathways","22-Aug-2025","16-Mar-2026","2150000","Vendor Identification"
"1053","Normal/Others","WS/MP18124/2025-2026/226179-Construction of roads, link roads, pathways or any other road with or without drainage system","Maharashtra","MUMBAI SUBURBAN(DISTRICT COLLECTOR MUMBAI SUBURBAN_IDA)","GAIKWAD VARSHA EKNATH","MUMBAI NORTH-CENTRAL","Construction of Drainage and Pathways","22-Aug-2025","16-Mar-2026","2300000","Vendor Identification"
"1054","Normal/Others","WS/MP18124/2025-2026/226181-Construction of roads, link roads, pathways or any other road with or without drainage system","Maharashtra","MUMBAI SUBURBAN(DISTRICT COLLECTOR MUMBAI SUBURBAN_IDA)","GAIKWAD VARSHA EKNATH","MUMBAI NORTH-CENTRAL","Construction of Drainage and Pathways","22-Aug-2025","16-Mar-2026","2450000","Vendor Identification"
"1055","Normal/Others","WS/MP18124/2025-2026/226184-Construction of roads, link roads, pathways or any other road with or without drainage system","Maharashtra","MUMBAI SUBURBAN(DISTRICT COLLECTOR MUMBAI SUBURBAN_IDA)","GAIKWAD VARSHA EKNATH","MUMBAI NORTH-CENTRAL","Construction of Drainage and Pathways","22-Aug-2025","16-Mar-2026","2900000","Vendor Identification"
"1056","Normal/Others","WS/MP18124/2025-2026/226188-Construction of roads, link roads, pathways or any other road with or without drainage system","Maharashtra","MUMBAI SUBURBAN(DISTRICT COLLECTOR MUMBAI SUBURBAN_IDA)","GAIKWAD VARSHA EKNATH","MUMBAI NORTH-CENTRAL","Construction of Drainage and Pathways","22-Aug-2025","25-Mar-2026","2150000","Sanction"
"1057","Normal/Others","WS/MP18124/2025-2026/226190-Construction of roads, link roads, pathways or any other road with or without drainage system","Maharashtra","MUMBAI SUBURBAN(DISTRICT COLLECTOR MUMBAI SUBURBAN_IDA)","GAIKWAD VARSHA EKNATH","MUMBAI NORTH-CENTRAL","Construction of Drainage and Pathways","22-Aug-2025","25-Mar-2026","2200000","Sanction"
"1058","Normal/Others","WS/MP18124/2025-2026/226193-Construction of roads, link roads, pathways or any other road with or without drainage system","Maharashtra","MUMBAI SUBURBAN(DISTRICT COLLECTOR MUMBAI SUBURBAN_IDA)","GAIKWAD VARSHA EKNATH","MUMBAI NORTH-CENTRAL","Construction of Drainage and Pathways","22-Aug-2025","16-Mar-2026","2000000","Vendor Identification"
"1059","Normal/Others","WS/MP18124/2025-2026/226195-Construction of roads, link roads, pathways or any other road with or without drainage system","Maharashtra","MUMBAI SUBURBAN(DISTRICT COLLECTOR MUMBAI SUBURBAN_IDA)","GAIKWAD VARSHA EKNATH","MUMBAI NORTH-CENTRAL","Construction of Drainage and Pathways","22-Aug-2025","16-Mar-2026","1500000","Vendor Identification"
"1060","Normal/Others","WS/MP18124/2025-2026/226197-Construction of roads, link roads, pathways or any other road with or without drainage system","Maharashtra","MUMBAI SUBURBAN(DISTRICT COLLECTOR MUMBAI SUBURBAN_IDA)","GAIKWAD VARSHA EKNATH","MUMBAI NORTH-CENTRAL","Construction of Drainage and Pathways","22-Aug-2025","16-Mar-2026","800000","Vendor Identification"
"1061","Normal/Others","WS/MP18124/2025-2026/226092-Construction of roads, link roads, pathways or any other road with or without drainage system","Maharashtra","MUMBAI SUBURBAN(DISTRICT COLLECTOR MUMBAI SUBURBAN_IDA)","GAIKWAD VARSHA EKNATH","MUMBAI NORTH-CENTRAL","Construction of Drainage Pathways  Concreting","22-Aug-2025","16-Mar-2026","2000000","Vendor Identification"
"1062","Normal/Others","WS/MP18124/2025-2026/226117-Construction of roads, link roads, pathways or any other road with or without drainage system","Maharashtra","MUMBAI SUBURBAN(DISTRICT COLLECTOR MUMBAI SUBURBAN_IDA)","GAIKWAD VARSHA EKNATH","MUMBAI NORTH-CENTRAL","Construction of Drainage and Pathways","22-Aug-2025","18-Feb-2026","1850000","Vendor Identification"
"1063","Normal/Others","WS/MP18124/2025-2026/226118-Construction of roads, link roads, pathways or any other road with or without drainage system","Maharashtra","MUMBAI SUBURBAN(DISTRICT COLLECTOR MUMBAI SUBURBAN_IDA)","GAIKWAD VARSHA EKNATH","MUMBAI NORTH-CENTRAL","Construction of Drainage and Pathways","22-Aug-2025","20-Mar-2026","2000000","Vendor Identification"
"1064","Normal/Others","WS/MP18124/2025-2026/226119-Construction of roads, link roads, pathways or any other road with or without drainage system","Maharashtra","MUMBAI SUBURBAN(DISTRICT COLLECTOR MUMBAI SUBURBAN_IDA)","GAIKWAD VARSHA EKNATH","MUMBAI NORTH-CENTRAL","Construction of Drainage and Pathways","22-Aug-2025","20-Jan-2026","2000000","Vendor Identification"
"1065","Normal/Others","WS/MP18124/2025-2026/226120-Construction of roads, link roads, pathways or any other road with or without drainage system","Maharashtra","MUMBAI SUBURBAN(DISTRICT COLLECTOR MUMBAI SUBURBAN_IDA)","GAIKWAD VARSHA EKNATH","MUMBAI NORTH-CENTRAL","Construction of Drainage and Pathways","22-Aug-2025","25-Mar-2026","2500000","Vendor Identification"
"1066","Normal/Others","WS/MP18124/2025-2026/226149-Construction of roads, link roads, pathways or any other road with or without drainage system","Maharashtra","MUMBAI SUBURBAN(DISTRICT COLLECTOR MUMBAI SUBURBAN_IDA)","GAIKWAD VARSHA EKNATH","MUMBAI NORTH-CENTRAL","Construction of Drainage and pathways","22-Aug-2025","16-Mar-2026","1800000","Vendor Identification"
"1067","Normal/Others","WS/MP18124/2025-2026/226150-Construction of roads, link roads, pathways or any other road with or without drainage system","Maharashtra","MUMBAI SUBURBAN(DISTRICT COLLECTOR MUMBAI SUBURBAN_IDA)","GAIKWAD VARSHA EKNATH","MUMBAI NORTH-CENTRAL","construction of Drainage Pathways","22-Aug-2025","20-Jan-2026","1500000","Vendor Identification"
"1068","Normal/Others","WS/MP18124/2025-2026/226155-Construction of roads, link roads, pathways or any other road with or without drainage system","Maharashtra","MUMBAI SUBURBAN(DISTRICT COLLECTOR MUMBAI SUBURBAN_IDA)","GAIKWAD VARSHA EKNATH","MUMBAI NORTH-CENTRAL","Construction of Drainage and Pathways","22-Aug-2025","16-Mar-2026","1800000","Vendor Identification"
"1069","Normal/Others","WS/MP18124/2025-2026/226159-Construction of roads, link roads, pathways or any other road with or without drainage system","Maharashtra","MUMBAI SUBURBAN(DISTRICT COLLECTOR MUMBAI SUBURBAN_IDA)","GAIKWAD VARSHA EKNATH","MUMBAI NORTH-CENTRAL","Construction of Drainage and Pathways","22-Aug-2025","25-Mar-2026","1850000","Work partially Completed"
"1070","Normal/Others","WS/MP18124/2025-2026/226161-Construction of roads, link roads, pathways or any other road with or without drainage system","Maharashtra","MUMBAI SUBURBAN(DISTRICT COLLECTOR MUMBAI SUBURBAN_IDA)","GAIKWAD VARSHA EKNATH","MUMBAI NORTH-CENTRAL","Construction of Drainage and Pathways","22-Aug-2025","16-Mar-2026","1750000","Vendor Identification"
"1071","Normal/Others","WS/MP18124/2025-2026/226166-Construction of roads, link roads, pathways or any other road with or without drainage system","Maharashtra","MUMBAI SUBURBAN(DISTRICT COLLECTOR MUMBAI SUBURBAN_IDA)","GAIKWAD VARSHA EKNATH","MUMBAI NORTH-CENTRAL","Construction of Drainage and Pathways","22-Aug-2025","25-Mar-2026","1950000","Work partially Completed"
"1072","Normal/Others","WS/MP18361/2025-2026/218988-Construction of roads, link roads, pathways or any other road with or without drainage system","Maharashtra","MUMBAI SUBURBAN(DISTRICT COLLECTOR MUMBAI SUBURBAN_IDA)","SANJAY DINA PATIL","MUMBAI NORTH EAST","Area Near Highland Park Soc., GGS road, Mulund West","16-Jul-2025","25-Mar-2026","5000000","Sanction"
"1073","Normal/Others","WS/MP18308/2025-2026/244718-Providing drains and gutters for public drainage","Maharashtra","MUMBAI SUBURBAN(DISTRICT COLLECTOR MUMBAI SUBURBAN_IDA)","RAVINDRA DATTARAM WAIKAR","MUMBAI NORTH WEST","Providing Ladi at Saraswati society Nagari nivara plot number 6 Goregaon East Mumbai","31-Oct-2025","25-Mar-2026","1500000","Sanction"
"1074","Normal/Others","WS/MP18308/2025-2026/262902-Providing drains and gutters for public drainage","Maharashtra","MUMBAI SUBURBAN(DISTRICT COLLECTOR MUMBAI SUBURBAN_IDA)","RAVINDRA DATTARAM WAIKAR","MUMBAI NORTH WEST","Providing laadi near Dhiraj Darshan building to kokan Nagar Jogeshwari East Mumbai","29-Jan-2026","24-Mar-2026","1500000","Sanction"
"1075","Normal/Others","WS/MP18308/2025-2026/262900-Providing drains and gutters for public drainage","Maharashtra","MUMBAI SUBURBAN(DISTRICT COLLECTOR MUMBAI SUBURBAN_IDA)","RAVINDRA DATTARAM WAIKAR","MUMBAI NORTH WEST","Beautification work near Andheri court court lane Andheri East Mumbai","29-Jan-2026","24-Mar-2026","2500000","Sanction"
"1076","Normal/Others","WS/MP18308/2025-2026/262892-Providing drains and gutters for public drainage","Maharashtra","MUMBAI SUBURBAN(DISTRICT COLLECTOR MUMBAI SUBURBAN_IDA)","RAVINDRA DATTARAM WAIKAR","MUMBAI NORTH WEST","Providing Ladi near Ujamba cooperative housing society Jogeshwari East Mumbai","29-Jan-2026","24-Mar-2026","1500000","Work partially Completed"
"1077","Normal/Others","WS/MP18308/2025-2026/244714-Installing tube-wells and borewells","Maharashtra","MUMBAI SUBURBAN(DISTRICT COLLECTOR MUMBAI SUBURBAN_IDA)","RAVINDRA DATTARAM WAIKAR","MUMBAI NORTH WEST","Construction of borewell at Om Sai Ekta SRA corporatIVE housing society plot number 216 survey number 105 Gilbert hill road Andheri West Mumbai","31-Oct-2025","25-Mar-2026","500000","Sanction"
"1078","Normal/Others","WS/MP18361/2025-2026/219012-Installing tube-wells and borewells","Maharashtra","MUMBAI SUBURBAN(DISTRICT COLLECTOR MUMBAI SUBURBAN_IDA)","SANJAY DINA PATIL","MUMBAI NORTH EAST","Borewell AT NEAR SHIV SHARDA SRA SOC., ANAND NAGAR, NS MARG, BHANDUP WEST","16-Jul-2025","25-Mar-2026","500000","Sanction"
"1079","Normal/Others","WS/MP18361/2025-2026/219013-Installing tube-wells and borewells","Maharashtra","MUMBAI SUBURBAN(DISTRICT COLLECTOR MUMBAI SUBURBAN_IDA)","SANJAY DINA PATIL","MUMBAI NORTH EAST","BOREWELL AT NEAR TRIVENI SANGAM HARIJAN SRA SOC., VALMIKI NAGAR,  HARIJAN COLONY, TANK ROAD, BHANDUP WEST","16-Jul-2025","25-Mar-2026","500000","Sanction"
"1080","Normal/Others","WS/MP18361/2025-2026/219014-Installing tube-wells and borewells","Maharashtra","MUMBAI SUBURBAN(DISTRICT COLLECTOR MUMBAI SUBURBAN_IDA)","SANJAY DINA PATIL","MUMBAI NORTH EAST","borewells AT JAI SANTOSHI MATA SRA, GOLIBAR ROAD, GHT ANDHERI LINK ROAD, GHATKOPAR WEST","16-Jul-2025","25-Mar-2026","500000","Sanction"
"1081","Normal/Others","WS/MP18308/2025-2026/262893-Installing tube-wells and borewells","Maharashtra","MUMBAI SUBURBAN(DISTRICT COLLECTOR MUMBAI SUBURBAN_IDA)","RAVINDRA DATTARAM WAIKAR","MUMBAI NORTH WEST","Providing borewell near kokan Sangam srh building number 8 kokan Nagar Jogeshwari East Mumbai","29-Jan-2026","24-Mar-2026","300000","Sanction"
"1082","Normal/Others","WS/MP18361/2025-2026/226170-Installing tube-wells and borewells","Maharashtra","MUMBAI SUBURBAN(DISTRICT COLLECTOR MUMBAI SUBURBAN_IDA)","SANJAY DINA PATIL","MUMBAI NORTH EAST","Borewell at Near PLEASANT PARK Soc., Yogi hill, Mulund West","10-Aug-2025","25-Mar-2026","500000","Sanction"
"1083","Normal/Others","WS/MP18361/2025-2026/226167-Installing tube-wells and borewells","Maharashtra","MUMBAI SUBURBAN(DISTRICT COLLECTOR MUMBAI SUBURBAN_IDA)","SANJAY DINA PATIL","MUMBAI NORTH EAST","Borewell at Near Navtarun Utkarsh Ganeshotsav Mandal, Opp. Gagangiri Soc., Mithagar Road, Mulund East","10-Aug-2025","25-Mar-2026","500000","Sanction"
"1084","Normal/Others","WS/MP18361/2025-2026/226168-Installing tube-wells and borewells","Maharashtra","MUMBAI SUBURBAN(DISTRICT COLLECTOR MUMBAI SUBURBAN_IDA)","SANJAY DINA PATIL","MUMBAI NORTH EAST","Borewell at Near Miniapartment CHS., Draksh Bag, Bhandup West","10-Aug-2025","25-Mar-2026","500000","Sanction"
"1085","Normal/Others","WS/MP18361/2025-2026/219015-Construction of public toilets and bathrooms","Maharashtra","MUMBAI SUBURBAN(DISTRICT COLLECTOR MUMBAI SUBURBAN_IDA)","SANJAY DINA PATIL","MUMBAI NORTH EAST","RECONSTRUCTION OF PUBLIC TOILET AT HARDEV YADAV CHAWL, FARID NAGAR, PRATAP NAGAR, BHANDUP WEST","16-Jul-2025","25-Mar-2026","1800000","Work partially Completed"
"1086","Normal/Others","WS/MP18361/2025-2026/219020-Construction of public toilets and bathrooms","Maharashtra","MUMBAI SUBURBAN(DISTRICT COLLECTOR MUMBAI SUBURBAN_IDA)","SANJAY DINA PATIL","MUMBAI NORTH EAST","RE CONSTRUCTION OF PUBLIC TOILETS AT NEAR GURUNANAK NIVAS, OPP DARLING APT, DRAKSH BAG, TANK ROAD, BHANDUP WEST","16-Jul-2025","25-Mar-2026","700000","Sanction"
"1087","Normal/Others","WS/MP18361/2025-2026/219023-Construction of public toilets and bathrooms","Maharashtra","MUMBAI SUBURBAN(DISTRICT COLLECTOR MUMBAI SUBURBAN_IDA)","SANJAY DINA PATIL","MUMBAI NORTH EAST","REConstruction of public toilets AT NEAR MHATRE CHAL, LULAI PAL CHAL, BHAMMU YADAV CHAL, VILLAGE ROAD, BHANDUP WEST","16-Jul-2025","25-Mar-2026","2600000","Work partially Completed"
"1088","Normal/Others","WS/MP18308/2025-2026/244696-Construction of public toilets and bathrooms","Maharashtra","MUMBAI SUBURBAN(DISTRICT COLLECTOR MUMBAI SUBURBAN_IDA)","RAVINDRA DATTARAM WAIKAR","MUMBAI NORTH WEST","Construction of 20 seated toilet at a ward number 63 Shastri Nagar Agrawal estate Jogeshwari West Mumbai","31-Oct-2025","17-Mar-2026","3000000","Sanction"
"1089","Normal/Others","WS/MP18308/2025-2026/244673-Construction of public toilets and bathrooms","Maharashtra","MUMBAI SUBURBAN(DISTRICT COLLECTOR MUMBAI SUBURBAN_IDA)","RAVINDRA DATTARAM WAIKAR","MUMBAI NORTH WEST","Construction of 12 Seated toilet at Kranti Nagar Saleem Sayyed sir Jogeshwari West Mumbai","31-Oct-2025","25-Mar-2026","1800000","Sanction"
"1090","Normal/Others","WS/MP18307/2025-2026/180070-Providing garbage collection and disposal systems","Maharashtra","MUMBAI SUBURBAN(DISTRICT COLLECTOR MUMBAI SUBURBAN_IDA)","Piyush Vedprakash Goyal","MUMBAI NORTH","Provision of garbage bins and installation of benches at various locations","07-Mar-2025","25-Mar-2026","1000000","Sanction"
"1091","Normal/Others","WS/MP18307/2025-2026/143606-Construction of public toilets and bathrooms","Maharashtra","MUMBAI SUBURBAN(DISTRICT COLLECTOR MUMBAI SUBURBAN_IDA)","Piyush Vedprakash Goyal","MUMBAI NORTH","Ward 30 - Construction of Toilets at  Iraniwadi Charkop Kandivali (West)","25-Sep-2024","30-Jan-2026","2000000","Work partially Completed"
"1092","Normal/Others","WS/MP18307/2025-2026/143608-Construction of public toilets and bathrooms","Maharashtra","MUMBAI SUBURBAN(DISTRICT COLLECTOR MUMBAI SUBURBAN_IDA)","Piyush Vedprakash Goyal","MUMBAI NORTH","Ward 36- Re-construction of Toilet at near Madras Pada Kandivali (East)","25-Sep-2024","30-Jan-2026","2000000","Work partially Completed"
"1093","Normal/Others","WS/MP18307/2025-2026/143609-Construction of public toilets and bathrooms","Maharashtra","MUMBAI SUBURBAN(DISTRICT COLLECTOR MUMBAI SUBURBAN_IDA)","Piyush Vedprakash Goyal","MUMBAI NORTH","Ward 45- Construction of Toilet at Om Sai Welfare (Buddhanagar) Kaccha Road, Malvani Malad (West)","25-Sep-2024","25-Mar-2026","2000000","Sanction"
"1094","Normal/Others","WS/MP18307/2025-2026/180126-Construction of public toilets and bathrooms","Maharashtra","MUMBAI SUBURBAN(DISTRICT COLLECTOR MUMBAI SUBURBAN_IDA)","Piyush Vedprakash Goyal","MUMBAI NORTH","Repairing of public toilet and construction of paver blocks","07-Mar-2025","13-Oct-2025","1800000","Vendor Identification"
"1095","Normal/Others","WS/MP18307/2025-2026/180161-Construction of public toilets and bathrooms","Maharashtra","MUMBAI SUBURBAN(DISTRICT COLLECTOR MUMBAI SUBURBAN_IDA)","Piyush Vedprakash Goyal","MUMBAI NORTH","Repairing of public toilet and construction of paver blocks in front of  Pale School","07-Mar-2025","25-Mar-2026","1500000","Sanction"
"1096","Normal/Others","WS/MP18307/2025-2026/180163-Construction of public toilets and bathrooms","Maharashtra","MUMBAI SUBURBAN(DISTRICT COLLECTOR MUMBAI SUBURBAN_IDA)","Piyush Vedprakash Goyal","MUMBAI NORTH","Repairing of public toilet and construction of paver blocks","07-Mar-2025","25-Mar-2026","1500000","Sanction"
"1097","Normal/Others","WS/MP18307/2025-2026/180170-Construction of public toilets and bathrooms","Maharashtra","MUMBAI SUBURBAN(DISTRICT COLLECTOR MUMBAI SUBURBAN_IDA)","Piyush Vedprakash Goyal","MUMBAI NORTH","Repairing of public toilet and construction of paver blocks","07-Mar-2025","19-Jan-2026","2500000","Vendor Identification"
"1098","Repair and Renovation","WS/MP18307/2025-2026/180068-Construction of public toilets and bathrooms","Maharashtra","MUMBAI SUBURBAN(DISTRICT COLLECTOR MUMBAI SUBURBAN_IDA)","Piyush Vedprakash Goyal","MUMBAI NORTH","Renovation of public toilet, installation of solar lights and beautification of the garden","07-Mar-2025","25-Mar-2026","2500000","Sanction"
"1099","Normal/Others","WS/MP18124/2025-2026/162417-Providing drains and gutters for public drainage","Maharashtra","MUMBAI SUBURBAN(DISTRICT COLLECTOR MUMBAI SUBURBAN_IDA)","GAIKWAD VARSHA EKNATH","MUMBAI NORTH-CENTRAL","Construction of Drains and concreting","17-Jan-2025","23-Jul-2025","1000000","Vendor Identification"
"1100","Normal/Others","WS/MP18124/2025-2026/162373-Providing drains and gutters for public drainage","Maharashtra","MUMBAI SUBURBAN(DISTRICT COLLECTOR MUMBAI SUBURBAN_IDA)","GAIKWAD VARSHA EKNATH","MUMBAI NORTH-CENTRAL","Construction of drains and gutters","17-Jan-2025","01-Jul-2025","2500000","Vendor Identification"
"1101","Repair and Renovation","WS/MP18307/2025-2026/180114-Providing drains and gutters for public drainage","Maharashtra","MUMBAI SUBURBAN(DISTRICT COLLECTOR MUMBAI SUBURBAN_IDA)","Piyush Vedprakash Goyal","MUMBAI NORTH","Repair of drainage and  construction of paver blocks","07-Mar-2025","08-Oct-2025","1800000","Physical Inspection"
"1102","Normal/Others","WS/MP18361/2025-2026/219021-Construction of roads, link roads, pathways or any other road with or without drainage system","Maharashtra","MUMBAI SUBURBAN(DISTRICT COLLECTOR MUMBAI SUBURBAN_IDA)","SANJAY DINA PATIL","MUMBAI NORTH EAST","ROAD CONCRETE OR PAVERBLOCKS AND BEAUTIFICATIONS AT NEAR SWAMI NITYANAND MANDIR, LBS, OPP SANGRILA COMPANY, BHANDUP WEST","16-Jul-2025","25-Mar-2026","3000000","Sanction"
"1103","Repair and Renovation","WS/MP18130/2026-2027/216598-Construction of roads, link roads, pathways or any other road with or without drainage system","Maharashtra","NAGPUR(DISTRICT COLLECTOR NAGPUR_IDA)","Shyamkumar","RAMTEK(SC)","CONSTRUCTION OF CONNECTED ROAD AT MOUJA RAMPURI FROM MUSEWADI TO DAGBELL TO SMT. GOURI PATHAK FARM","11-Nov-2025","06-Jul-2026","1000000","Physical Inspection"
"1104","Normal/Others","WS/MP672/2026-2027/215081-Construction of roads, link roads, pathways or any other road with or without drainage system","Maharashtra","NAGPUR(DISTRICT COLLECTOR NAGPUR_IDA)","Nitin Jairam Gadkari","NAGPUR","Construction of Cement Concrete Road at Malik Mouza Society Arya Nagar Prabhag No.1","05-Jul-2025","14-May-2026","2000000","Physical Inspection"
"1105","Normal/Others","WS/MP672/2026-2027/215119-Construction of roads, link roads, pathways or any other road with or without drainage system","Maharashtra","NAGPUR(DISTRICT COLLECTOR NAGPUR_IDA)","Nitin Jairam Gadkari","NAGPUR","Construction of Cement Concrete Road at Sai Sevashram Society, Arya Nagar, Nagpur.","05-Jul-2025","22-Jul-2026","2000000","Sanction"
"1106","Normal/Others","WS/MP672/2026-2027/215131-Construction of roads, link roads, pathways or any other road with or without drainage system","Maharashtra","NAGPUR(DISTRICT COLLECTOR NAGPUR_IDA)","Nitin Jairam Gadkari","NAGPUR","Cosntruction of road with drainage from Shriram Nagar Kalimata mandir Main road to Drum Karkhana to Sangeeta Gokhle residence Kalamna","05-Jul-2025","25-Jun-2026","2500000","Physical Inspection"
"1107","Normal/Others","WS/MP672/2026-2027/215132-Construction of roads, link roads, pathways or any other road with or without drainage system","Maharashtra","NAGPUR(DISTRICT COLLECTOR NAGPUR_IDA)","Nitin Jairam Gadkari","NAGPUR","Cosntruction of road with drainage from Gokul Nagar Main road to residence of Mr.Gaurav, Kalamna","05-Jul-2025","22-Jul-2026","2500000","Physical Inspection"
"1108","Normal/Others","WS/MP672/2026-2027/215133-Construction of roads, link roads, pathways or any other road with or without drainage system","Maharashtra","NAGPUR(DISTRICT COLLECTOR NAGPUR_IDA)","Nitin Jairam Gadkari","NAGPUR","Cosntruction of road with drainage from Main road to residence of Manish Sahu and Main road to residence of Harsha Paunikar, Gokul Nagar, Kalamna","05-Jul-2025","22-Jul-2026","2500000","Physical Inspection"
"1109","Normal/Others","WS/MP672/2026-2027/215157-Construction of roads, link roads, pathways or any other road with or without drainage system","Maharashtra","NAGPUR(DISTRICT COLLECTOR NAGPUR_IDA)","Nitin Jairam Gadkari","NAGPUR","Cosntruction of CC Flooring road from residence of Shyam Tarare to residence of Ganesh Ghodmare, Balabhaupeth, Nagpur","05-Jul-2025","29-May-2026","500000","Physical Inspection"
"1110","Normal/Others","WS/MP672/2025-2026/198595-Purchase of smart boards, visual display units and projectors","Maharashtra","NAGPUR(DISTRICT COLLECTOR NAGPUR_IDA)","Nitin Jairam Gadkari","NAGPUR","Upgradation of Class rooms to Smart Class Rooms at Shri Mathuradas Mohota College of Science, Nagpur","11-May-2025","09-Feb-2026","500000","Work partially Completed"
"1111","Normal/Others","WS/MP672/2024-2025/144101-Purchase of hospital equipment","Maharashtra","NAGPUR(DISTRICT COLLECTOR NAGPUR_IDA)","Nitin Jairam Gadkari","NAGPUR","Upgrading of Prosthetic & Orthotics unit at CRC, Nagpur.","27-Sep-2024","30-Sep-2024","152300","Work Completed"
"1112","Normal/Others","WS/MP672/2024-2025/144103-Purchase of hospital equipment","Maharashtra","NAGPUR(DISTRICT COLLECTOR NAGPUR_IDA)","Nitin Jairam Gadkari","NAGPUR","Purchasing of Solar (Battery Operated) tricycle at CRC, Nagpur.","27-Sep-2024","30-Sep-2024","555000","Physical Inspection"
"1113","Normal/Others","WS/MP672/2024-2025/144104-Purchase of hospital equipment","Maharashtra","NAGPUR(DISTRICT COLLECTOR NAGPUR_IDA)","Nitin Jairam Gadkari","NAGPUR","Purchasing of Speech and Language disorder assesment and intervention software for speech and hearing disabilities.","27-Sep-2024","30-Sep-2024","670000","Physical Inspection"
"1114","Normal/Others","WS/MP672/2026-2027/272113-Providing drains and gutters for public drainage","Maharashtra","NAGPUR(DISTRICT COLLECTOR NAGPUR_IDA)","Nitin Jairam Gadkari","NAGPUR","Construction of drainage line at Santosh Nagar Prabhag No-3, Nagpur.","02-Mar-2026","25-Jun-2026","1000000","Physical Inspection"
"1115","Normal/Others","WS/MP672/2026-2027/272115-Providing drains and gutters for public drainage","Maharashtra","NAGPUR(DISTRICT COLLECTOR NAGPUR_IDA)","Nitin Jairam Gadkari","NAGPUR","Construction of drainage line at Nagsenvan from house of Shamkuwar to house of Bolgudewar, Prabhag No-3, Nagpur.","02-Mar-2026","25-Jun-2026","1000000","Physical Inspection"
"1116","Normal/Others","WS/MP672/2025-2026/226219-Purchase of furniture and fixtures for educational purposes","Maharashtra","NAGPUR(DISTRICT COLLECTOR NAGPUR_IDA)","Nitin Jairam Gadkari","NAGPUR","Setting up of E-Library at Dr.Babasaheb Ambedkar Law College, Nagpur.","10-Aug-2025","30-Mar-2026","9998850","Physical Inspection"
"1117","Normal/Others","WS/MP672/2026-2027/215164-Providing drains and gutters for public drainage","Maharashtra","NAGPUR(DISTRICT COLLECTOR NAGPUR_IDA)","Nitin Jairam Gadkari","NAGPUR","Construction of Sewer line and Drainage line at Galli No.1 and Galli No.2 behind Jetwan Buddha Vihar, New Indora","05-Jul-2025","29-May-2026","1000000","Physical Inspection"
"1118","Normal/Others","WS/MP18130/2026-2027/231014-Construction of roads, link roads, pathways or any other road with or without drainage system","Maharashtra","NAGPUR(DISTRICT COLLECTOR NAGPUR_IDA)","Shyamkumar","RAMTEK(SC)","CONSTRUCTION OF CEMENT ROAD AT SHRI. KISAN MESHRAM HOME TO SHRI. VIJAY AMBEKAR HOME MOUJA INDORA, TA. MOUDA","11-Nov-2025","13-May-2026","500000","Physical Inspection"
"1119","Normal/Others","WS/MP672/2026-2027/227303-Construction of roads, link roads, pathways or any other road with or without drainage system","Maharashtra","NAGPUR(DISTRICT COLLECTOR NAGPUR_IDA)","Nitin Jairam Gadkari","NAGPUR","Construction of Cement Concrete Road at Pivli Nadi area, Nagpur.","16-Aug-2025","29-May-2026","1000000","Physical Inspection"
"1120","Normal/Others","WS/MP672/2026-2027/227307-Construction of roads, link roads, pathways or any other road with or without drainage system","Maharashtra","NAGPUR(DISTRICT COLLECTOR NAGPUR_IDA)","Nitin Jairam Gadkari","NAGPUR","Construction of Cement Concrete road at Dabha from House of Shri.Milind Gode to Binjhani Shopee and Binjhani Shopee to House of Shri.Pappi Agrawal, Nagpur.","16-Aug-2025","14-May-2026","3000000","Physical Inspection"
"1121","Normal/Others","WS/MP672/2026-2027/272114-Construction of roads, link roads, pathways or any other road with or without drainage system","Maharashtra","NAGPUR(DISTRICT COLLECTOR NAGPUR_IDA)","Nitin Jairam Gadkari","NAGPUR","Construction of road at Shiv Nagar, Prabhag No-3, Nagpur.","02-Mar-2026","25-Jun-2026","1000000","Physical Inspection"
"1122","Normal/Others","WS/MP18130/2026-2027/280871-Construction of roads, link roads, pathways or any other road with or without drainage system","Maharashtra","NAGPUR(DISTRICT COLLECTOR NAGPUR_IDA)","Shyamkumar","RAMTEK(SC)","DEVELOPMENTOF AREA AT BORUJWADA, TA. SAONER NEAR HANUMAN TEMPLE N PROTECTION OF CHAIN FENCING TO OPEN PLAYGROUND","15-May-2026","19-May-2026","500000","Physical Inspection"
"1123","Repair and Renovation","WS/MP672/2024-2025/157560-Construction of additional rooms and halls in the existing public and community building","Maharashtra","NAGPUR(DISTRICT COLLECTOR NAGPUR_IDA)","Nitin Jairam Gadkari","NAGPUR","Repair and renovation to Mira Datar Samaj Bhavan at Arvind Nagar.","09-Dec-2024","11-Feb-2025","998500","Physical Inspection"
"1124","Normal/Others","WS/MP672/2025-2026/181697-Construction of cycle tracks, cycle stand and segregated non-motorized vehicle (NMV) lanes","Maharashtra","NAGPUR(DISTRICT COLLECTOR NAGPUR_IDA)","Nitin Jairam Gadkari","NAGPUR","Construction of 4 Wheeler and 2 Wheeler Parking at Rashtra Sant Tukdoji Maharaj Cancer Hospital and Research Centre, Tukdoji Square, Nagpur for convenience of patients","13-Mar-2025","14-Nov-2025","1500000","Physical Inspection"
"1125","Normal/Others","WS/MP672/2024-2025/181677-Purchase of IT systems, including hardware and software for educational purposes","Maharashtra","NAGPUR(DISTRICT COLLECTOR NAGPUR_IDA)","Nitin Jairam Gadkari","NAGPUR","Providing 30 Computer Sets to Mahila Mahavidyalaya, Nandanvan, Nagpur.","13-Mar-2025","31-Mar-2025","1950000","Work Completed"
"1126","Normal/Others","WS/MP672/2024-2025/185152-Purchase of IT systems, including hardware and software for educational purposes","Maharashtra","NAGPUR(DISTRICT COLLECTOR NAGPUR_IDA)","Nitin Jairam Gadkari","NAGPUR","Purchase of 6 Computers along with 3 Printers","21-Mar-2025","22-Mar-2025","435000","Work Completed"
"1127","Normal/Others","WS/MP672/2025-2026/252718-Purchase of IT systems, including hardware and software for educational purposes","Maharashtra","NAGPUR(DISTRICT COLLECTOR NAGPUR_IDA)","Nitin Jairam Gadkari","NAGPUR","Purchasing of 2 Computer Systems and 1 Printer at Sonegaon Police Station.","08-Dec-2025","23-Dec-2025","150000","Work partially Completed"
"1128","Normal/Others","WS/MP672/2026-2027/276663-Purchase of IT systems, including hardware and software for educational purposes","Maharashtra","NAGPUR(DISTRICT COLLECTOR NAGPUR_IDA)","Nitin Jairam Gadkari","NAGPUR","Purchase of 6 Computers, 4 Printers (With Scanner) and Drinking Water Machine (With RO and Cooling Machine) at Saraswati Mandir, Tulshibag Road, Reshimbag, Nagpur.","30-Mar-2026","01-Apr-2026","836000","Work Completed"
"1129","Normal/Others","WS/MP672/2024-2025/181699-Construction of community centers and community halls","Maharashtra","NAGPUR(DISTRICT COLLECTOR NAGPUR_IDA)","Nitin Jairam Gadkari","NAGPUR","Construction of Community Hall at Saroj Nagar Society, Hajari Pahad, Nagpur.","13-Mar-2025","22-Mar-2025","4996000","Sanction"
"1130","Normal/Others","WS/MP672/2025-2026/181702-Construction of community centers and community halls","Maharashtra","NAGPUR(DISTRICT COLLECTOR NAGPUR_IDA)","Nitin Jairam Gadkari","NAGPUR","Construction of Community Hall on Plot No.134 (Land of NIT) at Mahalgi Nagar.","13-Mar-2025","26-Nov-2025","3000000","Physical Inspection"
"1131","Normal/Others","WS/MP18130/2025-2026/253453-Construction of community centers and community halls","Maharashtra","NAGPUR(DISTRICT COLLECTOR NAGPUR_IDA)","Shyamkumar","RAMTEK(SC)","CONSTRUCTION OF COMMUNITY HALL AT CHANKAPUR WARD NO. 2 OPPOSITE SHIV MANDIR, TA. SAONER","11-Dec-2025","16-Dec-2025","1000000","Physical Inspection"
"1132","Normal/Others","WS/MP18130/2026-2027/247462-Construction of community centers and community halls","Maharashtra","NAGPUR(DISTRICT COLLECTOR NAGPUR_IDA)","Shyamkumar","RAMTEK(SC)","AREA DEVELOPMENT NEAR COMMUNITY HALL AT WARD NO.1 MAHAJANWADI POST MANSAR, TA. RAMTEK","11-Nov-2025","06-Jul-2026","1000000","Physical Inspection"
"1133","Normal/Others","WS/MP18130/2026-2027/247469-Construction of community centers and community halls","Maharashtra","NAGPUR(DISTRICT COLLECTOR NAGPUR_IDA)","Shyamkumar","RAMTEK(SC)","AREA DEVELOPMENT AT LOHDONGRI  CAMP NEAR LAXMIGANPATI MANDIR  LOHDONGRI, TA. RAMTEK","11-Nov-2025","03-Jul-2026","1200000","Physical Inspection"
"1134","Normal/Others","WS/MP672/2026-2027/247099-Construction of community centers and community halls","Maharashtra","NAGPUR(DISTRICT COLLECTOR NAGPUR_IDA)","Nitin Jairam Gadkari","NAGPUR","Construction of Community Hall at Jagdish Nagar, Nagpur.","09-Nov-2025","14-May-2026","2500000","Work Completed"
"1135","Normal/Others","WS/MP672/2026-2027/291742-Construction of community centers and community halls","Maharashtra","NAGPUR(DISTRICT COLLECTOR NAGPUR_IDA)","Nitin Jairam Gadkari","NAGPUR","Construction of community hall at Santaji Nagar, Dandekar Layout infront of Ganesh Mandir nagpur.","03-Jul-2026","07-Jul-2026","5000000","Physical Inspection"
"1136","Normal/Others","WS/MP672/2024-2025/185160-Development of playfields and sports grounds","Maharashtra","NAGPUR(DISTRICT COLLECTOR NAGPUR_IDA)","Nitin Jairam Gadkari","NAGPUR","Installation of Li-Ning Matin at Badminton Court of NMC Badminton Hall at Vivekanand Nagar, Nagpur","21-Mar-2025","22-Mar-2025","1000000","Physical Inspection"
"1137","Normal/Others","WS/MP672/2025-2026/276662-Development of public parks","Maharashtra","NAGPUR(DISTRICT COLLECTOR NAGPUR_IDA)","Nitin Jairam Gadkari","NAGPUR","Development of open space beside NMC Vyayam Shala locates at Tuslhibag, Mahal (Prabhag - 18) with construction of toilets, Covered Shed and laying of I-Blocks on ground.","30-Mar-2026","30-Mar-2026","2500000","Physical Inspection"
"1138","Normal/Others","WS/MP672/2025-2026/256783-Development of public parks","Maharashtra","NAGPUR(DISTRICT COLLECTOR NAGPUR_IDA)","Nitin Jairam Gadkari","NAGPUR","Development of Dnyanyogi Dr.Shrikant Jichkar Children Traffic Park.","02-Jan-2026","03-Feb-2026","5000000","Work partially Completed"
"1139","Normal/Others","WS/MP672/2024-2025/136731-Lighting of public spaces","Maharashtra","NAGPUR(DISTRICT COLLECTOR NAGPUR_IDA)","Nitin Jairam Gadkari","NAGPUR","Installation of Highmast light and electric poles with light at Gosavi Ghat, Binaki, Nagpur","22-Aug-2024","23-Aug-2024","999600","Work Completed"
"1140","Normal/Others","WS/MP672/2026-2027/272117-Construction of footpaths and pedestrian ways","Maharashtra","NAGPUR(DISTRICT COLLECTOR NAGPUR_IDA)","Nitin Jairam Gadkari","NAGPUR","Laying of I-Block at Samaj Bhavan located at Santosh nagar, Prabhag No-3, Nagpur.","02-Mar-2026","25-Jun-2026","1000000","Physical Inspection"
"1141","Normal/Others","WS/MP672/2024-2025/172547-Construction of footpaths and pedestrian ways","Maharashtra","NAGPUR(DISTRICT COLLECTOR NAGPUR_IDA)","Nitin Jairam Gadkari","NAGPUR","Installation of I-Block near Rehamania Masjid, Ramai Nagar, Nagpur.","04-Feb-2025","07-Feb-2025","1000000","Physical Inspection"
"1142","Normal/Others","WS/MP672/2024-2025/144105-Construction of roads, link roads, pathways or any other road with or without drainage system","Maharashtra","NAGPUR(DISTRICT COLLECTOR NAGPUR_IDA)","Nitin Jairam Gadkari","NAGPUR","Construction of Cement Concerete Road from house of Durga Vikas Dharange to house of Sunita Hedaoo at Galli No.24, Vinoba Bhave Nagar.","27-Sep-2024","30-Sep-2024","458593","Physical Inspection"
"1143","Normal/Others","WS/MP672/2024-2025/157636-Construction of roads, link roads, pathways or any other road with or without drainage system","Maharashtra","NAGPUR(DISTRICT COLLECTOR NAGPUR_IDA)","Nitin Jairam Gadkari","NAGPUR","Installation of Paver Blocks (I Block) in Arvind Nagar from House of Viju Dahake to Ramjan Ul Haq.","09-Dec-2024","11-Feb-2025","1000000","Physical Inspection"
"1144","Normal/Others","WS/MP672/2025-2026/198594-Construction of roads, link roads, pathways or any other road with or without drainage system","Maharashtra","NAGPUR(DISTRICT COLLECTOR NAGPUR_IDA)","Nitin Jairam Gadkari","NAGPUR","Construction of road at Mouza - Zingabai Takli, Khasra No.110, Nasheman Society, Nagpur.","11-May-2025","25-Feb-2026","1000000","Work Completed"
"1145","Normal/Others","WS/MP18120/2025-2026/198957-Construction of roads, link roads, pathways or any other road with or without drainage system","Maharashtra","NANDED(DISTRICT COLLECTOR NANDED_IDA)","AASHTIKAR PATIL NAGESH BAPURAO","HINGOLI","Construction of Cement Concrete Road At Sapti TQ Hadgaon Dist Nanded.","13-May-2025","12-Jan-2026","496000","Physical Inspection"
"1146","Normal/Others","WS/MP18120/2025-2026/198958-Construction of roads, link roads, pathways or any other road with or without drainage system","Maharashtra","NANDED(DISTRICT COLLECTOR NANDED_IDA)","AASHTIKAR PATIL NAGESH BAPURAO","HINGOLI","Construction of Cement Concrete Road At Sapti TQ Hadgaon Dist Nanded","13-May-2025","12-Jan-2026","496000","Physical Inspection"
"1147","Normal/Others","WS/MP18120/2025-2026/198963-Construction of roads, link roads, pathways or any other road with or without drainage system","Maharashtra","NANDED(DISTRICT COLLECTOR NANDED_IDA)","AASHTIKAR PATIL NAGESH BAPURAO","HINGOLI","Construction of Cement Concrete Road At Sapti TQ Hadgaon Dist Nanded","13-May-2025","12-Jan-2026","496000","Physical Inspection"
"1148","Normal/Others","WS/MP18120/2025-2026/190403-Construction of roads, link roads, pathways or any other road with or without drainage system","Maharashtra","NANDED(DISTRICT COLLECTOR NANDED_IDA)","AASHTIKAR PATIL NAGESH BAPURAO","HINGOLI","Construction of Cement Concrete Road from Shaikh Ahmad Home to Pundlik Pate Home At Chinchgavhan Tq. Hadgaon Dist Nanded","10-Apr-2025","22-Dec-2025","993000","Physical Inspection"
"1149","Normal/Others","WS/MP18120/2026-2027/192782-Construction of roads, link roads, pathways or any other road with or without drainage system","Maharashtra","NANDED(DISTRICT COLLECTOR NANDED_IDA)","AASHTIKAR PATIL NAGESH BAPURAO","HINGOLI","Construction of Cement Concrete Road At Walki (Kh.) Tq. Hadgaon Dist. Nanded","21-Apr-2025","31-Jul-2026","300000","Work partially Completed"
"1150","Normal/Others","WS/MP18120/2026-2027/192783-Construction of roads, link roads, pathways or any other road with or without drainage system","Maharashtra","NANDED(DISTRICT COLLECTOR NANDED_IDA)","AASHTIKAR PATIL NAGESH BAPURAO","HINGOLI","Construction of Cement Concrete Road At Walki (Kh.) Tq. Hadgaon Dist. Nanded","21-Apr-2025","31-Jul-2026","699707","Work partially Completed"
"1151","Normal/Others","WS/MP18120/2026-2027/194822-Construction of roads, link roads, pathways or any other road with or without drainage system","Maharashtra","NANDED(DISTRICT COLLECTOR NANDED_IDA)","AASHTIKAR PATIL NAGESH BAPURAO","HINGOLI","Construction of Cement Concrete Road At Sirpalli Tq. Himayatnagar DIST. Nanded.","28-Apr-2025","10-Aug-2026","1000000","Physical Inspection"
"1152","Normal/Others","WS/MP18120/2025-2026/193720-Construction of roads, link roads, pathways or any other road with or without drainage system","Maharashtra","NANDED(DISTRICT COLLECTOR NANDED_IDA)","AASHTIKAR PATIL NAGESH BAPURAO","HINGOLI","Construction of Cement Concrete Road and Drainage in Shetewadi (Group Grampanchayat) At. Ashti Tq. Hadgaon Dist Nanded.","24-Apr-2025","13-Jan-2026","496000","Work Completed"
"1153","Normal/Others","WS/MP18120/2025-2026/193721-Construction of roads, link roads, pathways or any other road with or without drainage system","Maharashtra","NANDED(DISTRICT COLLECTOR NANDED_IDA)","AASHTIKAR PATIL NAGESH BAPURAO","HINGOLI","Construction of Cement Concrete Road and Drainage in Shetewadi (Group Grampanchayat) At Ashti Tq Hadgaon Dist Nanded","24-Apr-2025","13-Jan-2026","496000","Physical Inspection"
"1154","Normal/Others","WS/MP18120/2026-2027/174640-Construction of roads, link roads, pathways or any other road with or without drainage system","Maharashtra","NANDED(DISTRICT COLLECTOR NANDED_IDA)","AASHTIKAR PATIL NAGESH BAPURAO","HINGOLI","Construction of Cement concentrate Road from Hanuman Mandir to Shivaji Yadavrao Home At.  Talni Tq. Hadgaon Dist Nanded","09-Feb-2025","13-Jul-2026","495989","Physical Inspection"
"1155","Normal/Others","WS/MP18120/2025-2026/174642-Construction of roads, link roads, pathways or any other road with or without drainage system","Maharashtra","NANDED(DISTRICT COLLECTOR NANDED_IDA)","AASHTIKAR PATIL NAGESH BAPURAO","HINGOLI","Construction of Cement concentrate Road from Keshav Nemmaniwar to Shaikh Afroz Home At. Gokunda Tq. Kinwat Dist. Nanded","09-Feb-2025","16-Jul-2025","996314","Physical Inspection"
"1156","Normal/Others","WS/MP18323/2025-2026/146867-Construction of roads, link roads, pathways or any other road with or without drainage system","Maharashtra","NANDED(DISTRICT COLLECTOR NANDED_IDA)","DR KALGE SHIVAJI BANDAPPA","LATUR(SC)","Construction of cement concrete road from Balaji Ugle to Kantabai Chopwad house and from Bandu Pandilwad to Tanaji Vitthal Ugle house at Nurangpura Taluka Kandhar District Nanded","11-Oct-2024","18-Feb-2026","991000","Physical Inspection"
"1157","Normal/Others","WS/MP18323/2025-2026/146706-Construction of roads, link roads, pathways or any other road with or without drainage system","Maharashtra","NANDED(DISTRICT COLLECTOR NANDED_IDA)","DR KALGE SHIVAJI BANDAPPA","LATUR(SC)","Construction of internal vilage cement road at Valsangwadi, Nandanwadi, Tq.Kandahar, District Nanded","10-Oct-2024","05-May-2025","500000","Physical Inspection"
"1158","Normal/Others","WS/MP18323/2025-2026/146707-Construction of roads, link roads, pathways or any other road with or without drainage system","Maharashtra","NANDED(DISTRICT COLLECTOR NANDED_IDA)","DR KALGE SHIVAJI BANDAPPA","LATUR(SC)","Construction of internal cement concrete road at  Shekapur, Tq.Kandahar, District Nanded","10-Oct-2024","26-Jun-2025","593000","Physical Inspection"
"1159","Normal/Others","WS/MP18323/2025-2026/146708-Construction of roads, link roads, pathways or any other road with or without drainage system","Maharashtra","NANDED(DISTRICT COLLECTOR NANDED_IDA)","DR KALGE SHIVAJI BANDAPPA","LATUR(SC)","Construction of  cement concrete internal road at Balantwadi, Tq.Kandahar, District Nanded","10-Oct-2024","22-Jul-2025","500000","Physical Inspection"
"1160","Normal/Others","WS/MP18323/2026-2027/146709-Construction of roads, link roads, pathways or any other road with or without drainage system","Maharashtra","NANDED(DISTRICT COLLECTOR NANDED_IDA)","DR KALGE SHIVAJI BANDAPPA","LATUR(SC)",", Construction Paver Block on internal village road at Palaswadi,Umraj,Tq. Kandahar, Dist.Nanded","10-Oct-2024","13-Jul-2026","292053","Physical Inspection"
"1161","Normal/Others","WS/MP18120/2025-2026/169208-Construction of roads, link roads, pathways or any other road with or without drainage system","Maharashtra","NANDED(DISTRICT COLLECTOR NANDED_IDA)","AASHTIKAR PATIL NAGESH BAPURAO","HINGOLI","CC Road And Drainage at Ashti Tq. Hadgaon Dist Nanded.","27-Jan-2025","20-Feb-2026","4978547","Physical Inspection"
"1162","Normal/Others","WS/MP18120/2025-2026/169210-Construction of roads, link roads, pathways or any other road with or without drainage system","Maharashtra","NANDED(DISTRICT COLLECTOR NANDED_IDA)","AASHTIKAR PATIL NAGESH BAPURAO","HINGOLI","CC Road And Drainage at Ashti Tq. Hadgaon Dist Nanded.","27-Jan-2025","20-Feb-2026","4974167","Physical Inspection"
"1163","Normal/Others","WS/MP18120/2026-2027/169217-Construction of roads, link roads, pathways or any other road with or without drainage system","Maharashtra","NANDED(DISTRICT COLLECTOR NANDED_IDA)","AASHTIKAR PATIL NAGESH BAPURAO","HINGOLI","Link Road AT Rawangaon (Tamsa) TQ Hadgaon Dist Nanded","27-Jan-2025","31-Jul-2026","699588","Work partially Completed"
"1164","Normal/Others","WS/MP18120/2026-2027/169218-Construction of roads, link roads, pathways or any other road with or without drainage system","Maharashtra","NANDED(DISTRICT COLLECTOR NANDED_IDA)","AASHTIKAR PATIL NAGESH BAPURAO","HINGOLI","Construction of CC road At Babhali Tq. Hadgaon Dist Nanded.","27-Jan-2025","29-Jun-2026","999656","Work partially Completed"
"1165","Normal/Others","WS/MP18120/2026-2027/169230-Construction of roads, link roads, pathways or any other road with or without drainage system","Maharashtra","NANDED(DISTRICT COLLECTOR NANDED_IDA)","AASHTIKAR PATIL NAGESH BAPURAO","HINGOLI","CC Road at Ekdhari Tq Himayatnagar Dist Nanded","27-Jan-2025","15-Jul-2026","1981405","Physical Inspection"
"1166","Normal/Others","WS/MP18120/2026-2027/169231-Construction of roads, link roads, pathways or any other road with or without drainage system","Maharashtra","NANDED(DISTRICT COLLECTOR NANDED_IDA)","AASHTIKAR PATIL NAGESH BAPURAO","HINGOLI","Construction of CC road at Niwgha Bajar Tq Hadgaon Dist nanded","27-Jan-2025","29-Jun-2026","1771411","Work partially Completed"
"1167","Normal/Others","WS/MP18429/2026-2027/245246-Construction of roads, link roads, pathways or any other road with or without drainage system","Maharashtra","NANDED(DISTRICT COLLECTOR NANDED_IDA)","Ravindra Vasantrao Chavan","NANDED","Construction of CC road in public place in Dalit settlement within village at Daregaon Taluka, Naigaon(kh) District, Nanded","31-Oct-2025","08-Sep-2026","700000","Sanction"
"1168","Normal/Others","WS/MP18429/2026-2027/245247-Construction of roads, link roads, pathways or any other road with or without drainage system","Maharashtra","NANDED(DISTRICT COLLECTOR NANDED_IDA)","Ravindra Vasantrao Chavan","NANDED","Construction of CC road in public place in Dalit settlement within village, Karla (T.M) Taluka Naigaon (Khai), District Nanded","31-Oct-2025","17-Jun-2026","497978","Physical Inspection"
"1169","Normal/Others","WS/MP18429/2026-2027/245249-Construction of roads, link roads, pathways or any other road with or without drainage system","Maharashtra","NANDED(DISTRICT COLLECTOR NANDED_IDA)","Ravindra Vasantrao Chavan","NANDED","Construction of CC road in Dalit settlement under Gram Panchayat from Dr. Babasaheb Ambedkar Chowk to Lalsap Chowk in Barhali Taluka, Mukhed District, Nanded","31-Oct-2025","15-Jul-2026","996000","Physical Inspection"
"1170","Normal/Others","WS/MP18429/2026-2027/245668-Construction of roads, link roads, pathways or any other road with or without drainage system","Maharashtra","NANDED(DISTRICT COLLECTOR NANDED_IDA)","Ravindra Vasantrao Chavan","NANDED","Construction of CC road from Chand Pashas house to Ahmed Moidins house in Chikna Taluka, Dharmabad District, Nanded","03-Nov-2025","01-Apr-2026","496040","Physical Inspection"
"1171","Normal/Others","WS/MP18429/2026-2027/248639-Construction of roads, link roads, pathways or any other road with or without drainage system","Maharashtra","NANDED(DISTRICT COLLECTOR NANDED_IDA)","Ravindra Vasantrao Chavan","NANDED","Construction of CC road in Gram Panchayat area under village at Adampur Taluka Biloli Dist. Nanded","18-Nov-2025","17-Jul-2026","992255","Physical Inspection"
"1172","Normal/Others","WS/MP18429/2026-2027/248642-Construction of roads, link roads, pathways or any other road with or without drainage system","Maharashtra","NANDED(DISTRICT COLLECTOR NANDED_IDA)","Ravindra Vasantrao Chavan","NANDED","onstruction of CC road from Maroti Balasaheb Dhage to Govind Babarao Dhage, Madhavrao Nagoji Dhage to Prahlad Babarao Dhage, Gopal Ganapati Dhage to Nandram Hariram Dhages house at Ijjatgaon, Tal. Umri, Dist. Nanded.","18-Nov-2025","10-Aug-2026","1000000","Physical Inspection"
"1173","Normal/Others","WS/MP18429/2026-2027/248643-Construction of roads, link roads, pathways or any other road with or without drainage system","Maharashtra","NANDED(DISTRICT COLLECTOR NANDED_IDA)","Ravindra Vasantrao Chavan","NANDED","Construction of CC road from mosque to Shafiq Umarsab Syeds house in village panchayat area at Khanapur, Taluka Deglur, District Nanded","18-Nov-2025","01-Sep-2026","992631","Physical Inspection"
"1174","Normal/Others","WS/MP18429/2026-2027/245707-Construction of roads, link roads, pathways or any other road with or without drainage system","Maharashtra","NANDED(DISTRICT COLLECTOR NANDED_IDA)","Ravindra Vasantrao Chavan","NANDED","Construction of CC road and drain at Shelgaon Chatri Taluka Naigaon (kh)District Nanded on the land of Gram Panchayat under the village","03-Nov-2025","07-Sep-2026","1000000","Physical Inspection"
"1175","Normal/Others","WS/MP18429/2026-2027/245752-Construction of roads, link roads, pathways or any other road with or without drainage system","Maharashtra","NANDED(DISTRICT COLLECTOR NANDED_IDA)","Ravindra Vasantrao Chavan","NANDED","Construction of CC road in Mahakali Temple area under Gram Panchayat Khangaon Hamid Taluka Kandhar District Nanded","03-Nov-2025","29-Jun-2026","494000","Physical Inspection"
"1176","Normal/Others","WS/MP18429/2026-2027/249341-Construction of roads, link roads, pathways or any other road with or without drainage system","Maharashtra","NANDED(DISTRICT COLLECTOR NANDED_IDA)","Ravindra Vasantrao Chavan","NANDED","Construction of CC road at Wadi Budruk Gram Panchayat area in Vishal Nagar, near Krishna Temple, at Wadi.tq.dist, Nanded.","20-Nov-2025","31-Aug-2026","994388","Physical Inspection"
"1177","Normal/Others","WS/MP18429/2026-2027/249418-Construction of roads, link roads, pathways or any other road with or without drainage system","Maharashtra","NANDED(DISTRICT COLLECTOR NANDED_IDA)","Ravindra Vasantrao Chavan","NANDED","Under the Nanded Municipal Corporation limits in Ward No. 12, Habibiya Colony area, it is proposed to construct a CC drain and CC road from Sheikh Ayass house up to the Habibiya shop","20-Nov-2025","31-Aug-2026","919617","Physical Inspection"
"1178","Normal/Others","WS/MP18429/2026-2027/249419-Construction of roads, link roads, pathways or any other road with or without drainage system","Maharashtra","NANDED(DISTRICT COLLECTOR NANDED_IDA)","Ravindra Vasantrao Chavan","NANDED","Within the limits of Nanded Municipal Corporation, in Ward No. 12, Pakija Nagar area, construction of a CC road from the Water Plant up to the house of Zubair Maulana","20-Nov-2025","31-Aug-2026","925203","Physical Inspection"
"1179","Normal/Others","WS/MP18429/2026-2027/249420-Construction of roads, link roads, pathways or any other road with or without drainage system","Maharashtra","NANDED(DISTRICT COLLECTOR NANDED_IDA)","Ravindra Vasantrao Chavan","NANDED","Within the limits of Nanded Municipal Corporation, in Ward No. 12, Umar Colony area, construction of a CC road from the house of Razzak Chickenwale up to the house of Asma Begum","20-Nov-2025","31-Aug-2026","903426","Physical Inspection"
"1180","Normal/Others","WS/MP18429/2026-2027/247336-Construction of roads, link roads, pathways or any other road with or without drainage system","Maharashtra","NANDED(DISTRICT COLLECTOR NANDED_IDA)","Ravindra Vasantrao Chavan","NANDED","Construction of CC road in Jakapur Taluka, Kandhar District, Nanded, on the road leading to the cemetery within the Gram Panchayat area.","13-Nov-2025","27-Aug-2026","494000","Physical Inspection"
"1181","Normal/Others","WS/MP18429/2026-2027/247111-Construction of roads, link roads, pathways or any other road with or without drainage system","Maharashtra","NANDED(DISTRICT COLLECTOR NANDED_IDA)","Ravindra Vasantrao Chavan","NANDED","Construction of CC road in Dalit settlement under Gram Panchayat at Tembhurni Taluka Naigaon District Nanded","09-Nov-2025","22-Jun-2026","499122","Physical Inspection"
"1182","Normal/Others","WS/MP18429/2026-2027/247113-Construction of roads, link roads, pathways or any other road with or without drainage system","Maharashtra","NANDED(DISTRICT COLLECTOR NANDED_IDA)","Ravindra Vasantrao Chavan","NANDED","Construction of CC road in minority settlement under Gram Panchayat at Tembhurni Taluka Naigaon District Nanded","09-Nov-2025","22-Jun-2026","499440","Physical Inspection"
"1183","Normal/Others","WS/MP18429/2026-2027/248059-Construction of roads, link roads, pathways or any other road with or without drainage system","Maharashtra","NANDED(DISTRICT COLLECTOR NANDED_IDA)","Ravindra Vasantrao Chavan","NANDED","Construction of CC road from Maulashaha to Khayyum Begs house in the Gram Panchayat area at Mouje Mutnyal, Taluka Biloli, District Nanded","13-Nov-2025","02-Jul-2026","493811","Physical Inspection"
"1184","Normal/Others","WS/MP18429/2026-2027/248061-Construction of roads, link roads, pathways or any other road with or without drainage system","Maharashtra","NANDED(DISTRICT COLLECTOR NANDED_IDA)","Ravindra Vasantrao Chavan","NANDED","Construction of CC road from Railway Station Road to Manubhav Pant Cemetery in Village Limbgaon Taluka Dist Nanded within the Gram Panchayat area.","13-Nov-2025","06-Apr-2026","985937","Physical Inspection"
"1185","Normal/Others","WS/MP18429/2026-2027/242465-Street lights","Maharashtra","NANDED(DISTRICT COLLECTOR NANDED_IDA)","Ravindra Vasantrao Chavan","NANDED","Street Light or vidyutikaran  from  Main Road to the Village under the Gram Panchayat, Takali (T.M.), Taluka Naigaon, District Nanded.","16-Oct-2025","08-Sep-2026","700000","Physical Inspection"
"1186","Normal/Others","WS/MP18429/2026-2027/242119-Street lights","Maharashtra","NANDED(DISTRICT COLLECTOR NANDED_IDA)","Ravindra Vasantrao Chavan","NANDED","Street lighting and electrification in public places at Ijjatgaon (Bk) taluka, Naigaon (Kh) district, Nanded","14-Oct-2025","10-Aug-2026","499947","Physical Inspection"
"1187","Normal/Others","WS/MP18120/2025-2026/174636-Construction of culverts and bridges","Maharashtra","NANDED(DISTRICT COLLECTOR NANDED_IDA)","AASHTIKAR PATIL NAGESH BAPURAO","HINGOLI","Construction of Bridge with approch Road towards Primary Health Cement At. Ashti Tq. Hadgaon Dist Nanded.","09-Feb-2025","06-Feb-2026","7938332","Physical Inspection"
"1188","Normal/Others","WS/MP18429/2026-2027/240743-Lighting of public spaces","Maharashtra","NANDED(DISTRICT COLLECTOR NANDED_IDA)","Ravindra Vasantrao Chavan","NANDED","Installing solar energy street lights with poles.","08-Oct-2025","15-May-2026","1983400","Physical Inspection"
"1189","Normal/Others","WS/MP18429/2026-2027/239006-Lighting of public spaces","Maharashtra","NANDED(DISTRICT COLLECTOR NANDED_IDA)","Ravindra Vasantrao Chavan","NANDED","Construction of Installation of Solar energy and street lights in Ward No.20","29-Sep-2025","19-Jun-2026","1487600","Physical Inspection"
"1190","Normal/Others","WS/MP18429/2026-2027/250362-Lighting of public spaces","Maharashtra","NANDED(DISTRICT COLLECTOR NANDED_IDA)","Ravindra Vasantrao Chavan","NANDED","Installation of street lights with poles as required in the vegetable market area of  Manjaram Taluka Naigaon Dist. Nanded","25-Nov-2025","12-Aug-2026","1000000","Physical Inspection"
"1191","Normal/Others","WS/MP18429/2026-2027/212619-Street lights","Maharashtra","NANDED(DISTRICT COLLECTOR NANDED_IDA)","Ravindra Vasantrao Chavan","NANDED","Installation of Solar energy street lights from Bajirao Nagar to Asara Nagar of Ward No.2 at Nanded Waghala Municipal Corporation, Nanded","26-Jun-2025","19-Jun-2026","999659","Physical Inspection"
"1192","Normal/Others","WS/MP18429/2026-2027/207496-Street lights","Maharashtra","NANDED(DISTRICT COLLECTOR NANDED_IDA)","Ravindra Vasantrao Chavan","NANDED","Installation of Heritage Light Poles (Street Lights) at Village Kolambi Tehsil Naigaon (Kh.) Dist. Nanded","09-Jun-2025","30-Jul-2026","499000","Physical Inspection"
"1193","Normal/Others","WS/MP18429/2026-2027/207498-Street lights","Maharashtra","NANDED(DISTRICT COLLECTOR NANDED_IDA)","Ravindra Vasantrao Chavan","NANDED","Installation of Heritage light poles (Street Lights) on Gram panchayat owned land at Village Talbid (Ganganbid) Tehsil Naigaon (Kh.) Dist. Nanded","09-Jun-2025","30-Jul-2026","499000","Physical Inspection"
"1194","Normal/Others","WS/MP18429/2026-2027/245679-Construction of community centers and community halls","Maharashtra","NANDED(DISTRICT COLLECTOR NANDED_IDA)","Ravindra Vasantrao Chavan","NANDED","Construction of a Sabha Mandap in a public place in front of Shri Datta Mandir, Golegaon Taluka, Naigaon (kh) District, Nanded","03-Nov-2025","18-May-2026","696912","Physical Inspection"
"1195","Normal/Others","WS/MP18429/2026-2027/244440-Construction of community centers and community halls","Maharashtra","NANDED(DISTRICT COLLECTOR NANDED_IDA)","Ravindra Vasantrao Chavan","NANDED","Construction of a meeting pavilion on Gram Panchayat land near Hanuman Temple at Jawala, Taluka Loha, District Nanded","29-Oct-2025","16-Apr-2026","991949","Physical Inspection"
"1196","Trust and Society","WS/MP18429/2026-2027/244565-Construction of community centers and community halls","Maharashtra","NANDED(DISTRICT COLLECTOR NANDED_IDA)","Ravindra Vasantrao Chavan","NANDED","Construction of a hall at Freedom Fighter Sheshrao Patil Charitable Organization Dugaon Taluka Biloli District Nanded","29-Oct-2025","02-Jul-2026","1975637","Physical Inspection"
"1197","Normal/Others","WS/MP18429/2026-2027/223209-Construction of community centers and community halls","Maharashtra","NANDED(DISTRICT COLLECTOR NANDED_IDA)","Ravindra Vasantrao Chavan","NANDED","Construction of community hall on Grampanchayat owned land front of Datta Mandir at village Ratoli Teh. Naigaon Dist.Nanded.","29-Jul-2025","08-Sep-2026","1500000","Sanction"
"1198","Normal/Others","WS/MP18429/2025-2026/223681-Construction of community centers and community halls","Maharashtra","NANDED(DISTRICT COLLECTOR NANDED_IDA)","Ravindra Vasantrao Chavan","NANDED","Construction of community hall on Grampanchayat owned land at village Berli Bk. Teh. Mukhed Dist.Nanded.","02-Aug-2025","09-Mar-2026","998000","Physical Inspection"
"1199","Normal/Others","WS/MP18429/2025-2026/227019-Construction of community centers and community halls","Maharashtra","NANDED(DISTRICT COLLECTOR NANDED_IDA)","Ravindra Vasantrao Chavan","NANDED","Construction of Community Hall Near Shourya Police Academy in Tryambakeshwar Nagar at village Sonkhed Teh. Loha Dist.Nanded.","14-Aug-2025","04-Mar-2026","500000","Physical Inspection"
"1200","Normal/Others","WS/MP18120/2026-2027/190399-Construction of community centers and community halls","Maharashtra","NANDED(DISTRICT COLLECTOR NANDED_IDA)","AASHTIKAR PATIL NAGESH BAPURAO","HINGOLI","Construction of Sabhamandap near Jagdamba Mandir At. Ghogri Tq. Hadgaon Dist. Nanded","10-Apr-2025","13-Jul-2026","1487075","Physical Inspection"
"1201","Normal/Others","WS/MP18323/2025-2026/146710-Construction of community centers and community halls","Maharashtra","NANDED(DISTRICT COLLECTOR NANDED_IDA)","DR KALGE SHIVAJI BANDAPPA","LATUR(SC)","Construction of an auditorium in an open space owned by Gram Panchayat / Government at  Sanguchiwadi, Tq.Kandahar, District Nanded","10-Oct-2024","26-Jun-2025","695000","Physical Inspection"
"1202","Normal/Others","WS/MP18429/2026-2027/226795-Construction of roads, link roads, pathways or any other road with or without drainage system","Maharashtra","NANDED(DISTRICT COLLECTOR NANDED_IDA)","Ravindra Vasantrao Chavan","NANDED","Construction of C.C. Road from Sitaram Namdev Rathod House to Srirang Nagorao Dhage House on Grampanchayat owned land at Village Sayal Teh. Loha Dist.Nanded.","14-Aug-2025","20-May-2026","994928","Physical Inspection"
"1203","Normal/Others","WS/MP18429/2026-2027/237859-Construction of roads, link roads, pathways or any other road with or without drainage system","Maharashtra","NANDED(DISTRICT COLLECTOR NANDED_IDA)","Ravindra Vasantrao Chavan","NANDED","Construction of CC road CC Drainage in front of Famous function Hall from house of Shaakir Hussaini to Aamer Policewala House on Muncipality own land at Nanded Dist. Nanded","25-Sep-2025","15-Jul-2026","495937","Physical Inspection"
"1204","Normal/Others","WS/MP18429/2026-2027/244548-Construction of roads, link roads, pathways or any other road with or without drainage system","Maharashtra","NANDED(DISTRICT COLLECTOR NANDED_IDA)","Ravindra Vasantrao Chavan","NANDED","Construction of C.C road leading to the Muslim cemetery on the land of the Gram Panchayat at Duppa Taluka, Naigaon, Khairgaon District, Nanded.","29-Oct-2025","27-Aug-2026","699930","Physical Inspection"
"1205","Normal/Others","WS/MP18429/2025-2026/226340-Construction of roads, link roads, pathways or any other road with or without drainage system","Maharashtra","NANDED(DISTRICT COLLECTOR NANDED_IDA)","Ravindra Vasantrao Chavan","NANDED","Construction of C.C. Road from Maroti Mokampalle House to Ashok Purbhaji Jadhav House on Grampanchayat owned land at village Zari Teh. Loha Dist.Nanded","12-Aug-2025","19-Nov-2025","995700","Physical Inspection"
"1206","Normal/Others","WS/MP18429/2026-2027/242399-Construction of roads, link roads, pathways or any other road with or without drainage system","Maharashtra","NANDED(DISTRICT COLLECTOR NANDED_IDA)","Ravindra Vasantrao Chavan","NANDED","Construction of CC road from Salim Bhais house to Meraj Bhais house and from Mannat Manzil to Vastad Sirs house in Ward No. 2 Rauf Colony,Nanded Waghala City Municipal Corporation.","16-Oct-2025","06-Jul-2026","1000000","Physical Inspection"
"1207","Normal/Others","WS/MP18429/2026-2027/242460-Construction of roads, link roads, pathways or any other road with or without drainage system","Maharashtra","NANDED(DISTRICT COLLECTOR NANDED_IDA)","Ravindra Vasantrao Chavan","NANDED","Construction of CC Road From Zilla Parishad School to Maroti Gangadhar Shelkes house in the Gram Panchayat area, Karla Village, Taluka Biloli Dist. Nanded","16-Oct-2025","02-Jul-2026","493870","Physical Inspection"
"1208","Normal/Others","WS/MP18429/2026-2027/242461-Construction of roads, link roads, pathways or any other road with or without drainage system","Maharashtra","NANDED(DISTRICT COLLECTOR NANDED_IDA)","Ravindra Vasantrao Chavan","NANDED","Construction of CC Road From Nagorao Tamlure to datta more house in the grampanchayat area  Village, Taluka Biloli, Dist. Nanded","16-Oct-2025","18-May-2026","494083","Physical Inspection"
"1209","Normal/Others","WS/MP18429/2026-2027/242464-Construction of roads, link roads, pathways or any other road with or without drainage system","Maharashtra","NANDED(DISTRICT COLLECTOR NANDED_IDA)","Ravindra Vasantrao Chavan","NANDED","Construction of CC road the road leading to the cemetery is located within the jurisdiction of the Gram Panchayat, Mauje Daur, Taluka Biloli, District Nanded","16-Oct-2025","02-Jul-2026","493686","Physical Inspection"
"1210","Normal/Others","WS/MP18429/2026-2027/242065-Construction of roads, link roads, pathways or any other road with or without drainage system","Maharashtra","NANDED(DISTRICT COLLECTOR NANDED_IDA)","Ravindra Vasantrao Chavan","NANDED","Construction of CC roads and Drainage  in the village Mauje Sujlegaon, Taluka Naigaon (Khai), District Nanded under the Gram Panchayat.","14-Oct-2025","23-Jun-2026","1000000","Physical Inspection"
"1211","Normal/Others","WS/MP18429/2025-2026/242066-Construction of roads, link roads, pathways or any other road with or without drainage system","Maharashtra","NANDED(DISTRICT COLLECTOR NANDED_IDA)","Ravindra Vasantrao Chavan","NANDED","Construction of CC road on Gram Panchayat land in a public place from Vitthal Rukmini Mandir to Masjid, Kushnoor, Taluka Naigaon (Kh.), District Nanded.","14-Oct-2025","03-Feb-2026","995786","Physical Inspection"
"1212","Normal/Others","WS/MP18429/2025-2026/242067-Construction of roads, link roads, pathways or any other road with or without drainage system","Maharashtra","NANDED(DISTRICT COLLECTOR NANDED_IDA)","Ravindra Vasantrao Chavan","NANDED","Construction of CC road on the land of the Gram Panchayat under the Dalit settlement in Manganali Taluka, Kandhar District, Nanded.","14-Oct-2025","25-Mar-2026","495000","Physical Inspection"
"1213","Normal/Others","WS/MP18429/2026-2027/243633-Construction of roads, link roads, pathways or any other road with or without drainage system","Maharashtra","NANDED(DISTRICT COLLECTOR NANDED_IDA)","Ravindra Vasantrao Chavan","NANDED","Construction of C.C. Road at Public Places in Village Kandala Taluka Naigaon Khai. District Nanded.","24-Oct-2025","30-Jun-2026","498675","Physical Inspection"
"1214","Normal/Others","WS/MP18429/2026-2027/243634-Construction of roads, link roads, pathways or any other road with or without drainage system","Maharashtra","NANDED(DISTRICT COLLECTOR NANDED_IDA)","Ravindra Vasantrao Chavan","NANDED","Construction of Road from Brahmadev Temple to Ganisaab Pinjaris House under Gram Panchayat Hangarga Taluka Naigaon District Nanded.","24-Oct-2025","04-Aug-2026","695903","Physical Inspection"
"1215","Normal/Others","WS/MP18429/2025-2026/243635-Construction of roads, link roads, pathways or any other road with or without drainage system","Maharashtra","NANDED(DISTRICT COLLECTOR NANDED_IDA)","Ravindra Vasantrao Chavan","NANDED","Construction of C.C. Drainage from the house of Sambhaji Laxman Reddy to Anteshwar Gangadhar Reddy under Dalit Settlement Takali (Bk.) Taluka Naigaon Kh. District Nanded.","24-Oct-2025","18-Feb-2026","497601","Physical Inspection"
"1216","Normal/Others","WS/MP18429/2026-2027/243636-Construction of roads, link roads, pathways or any other road with or without drainage system","Maharashtra","NANDED(DISTRICT COLLECTOR NANDED_IDA)","Ravindra Vasantrao Chavan","NANDED","Construction of C.C. Road from Santosh Digambar Gadiwans house to Gram Panchayat Office at a public place in Mokhandi Taluka Umri District Nanded.","24-Oct-2025","24-Jun-2026","990463","Work partially Completed"
"1217","Normal/Others","WS/MP18429/2026-2027/243637-Construction of roads, link roads, pathways or any other road with or without drainage system","Maharashtra","NANDED(DISTRICT COLLECTOR NANDED_IDA)","Ravindra Vasantrao Chavan","NANDED","Construction of C.C. Road from Digambar Sangewars house to Omprakash Bodkes house at Aarli Taluka Biloli District Nanded.","24-Oct-2025","18-Jun-2026","998344","Physical Inspection"
"1218","Normal/Others","WS/MP18429/2026-2027/242891-Construction of roads, link roads, pathways or any other road with or without drainage system","Maharashtra","NANDED(DISTRICT COLLECTOR NANDED_IDA)","Ravindra Vasantrao Chavan","NANDED","Construction of CC Road and Drain at Koklegaon under Gram Panchayat jurisdiction, Village Naigaon (Khai.), District Nanded","18-Oct-2025","16-Jul-2026","696785","Physical Inspection"
"1219","Normal/Others","WS/MP18429/2025-2026/227018-Construction of roads, link roads, pathways or any other road with or without drainage system","Maharashtra","NANDED(DISTRICT COLLECTOR NANDED_IDA)","Ravindra Vasantrao Chavan","NANDED","Construction of C.C. Road from Nagorao Kapase House to Nivrutti Pandurang Kapase House on Grampanchayat owned land at village Khadak Manjari Teh. Loha Dist.Nanded.","14-Aug-2025","18-Mar-2026","996000","Physical Inspection"
"1220","Normal/Others","WS/MP18429/2026-2027/227298-Construction of roads, link roads, pathways or any other road with or without drainage system","Maharashtra","NANDED(DISTRICT COLLECTOR NANDED_IDA)","Ravindra Vasantrao Chavan","NANDED","Construction of C.C. Road from Baburao pawade House to Gajendra Kolbuddhe House on Grampanchayat owned land at village Wadi Bk. Tq. Dist.Nanded.","16-Aug-2025","06-Apr-2026","999238","Physical Inspection"
"1221","Normal/Others","WS/MP18429/2026-2027/227299-Construction of roads, link roads, pathways or any other road with or without drainage system","Maharashtra","NANDED(DISTRICT COLLECTOR NANDED_IDA)","Ravindra Vasantrao Chavan","NANDED","Construction of C.C. Road from road leading to the Mahadev temple on Grampanchayat owned land at village Takbid Teh. Naigaon Dist.Nanded.","16-Aug-2025","06-Jul-2026","1493374","Physical Inspection"
"1222","Normal/Others","WS/MP18429/2025-2026/223139-Construction of roads, link roads, pathways or any other road with or without drainage system","Maharashtra","NANDED(DISTRICT COLLECTOR NANDED_IDA)","Ravindra Vasantrao Chavan","NANDED","Construction of C C road from Ganesh Taywade House to Vijay Taywade House of Grampanchayat owned land at Samandarwadi Tq.Bhokar Dist.Nanded.","29-Jul-2025","09-Feb-2026","493000","Work Completed"
"1223","Normal/Others","WS/MP18429/2025-2026/223140-Construction of roads, link roads, pathways or any other road with or without drainage system","Maharashtra","NANDED(DISTRICT COLLECTOR NANDED_IDA)","Ravindra Vasantrao Chavan","NANDED","Construction of C C Road from Uttam Bulbule House to Smashan Bhumi Road on Grampanchayat owned land Borwadi Teh. Bhokar Dist.Nanded.","29-Jul-2025","09-Feb-2026","493000","Physical Inspection"
"1224","Normal/Others","WS/MP18429/2025-2026/223141-Construction of roads, link roads, pathways or any other road with or without drainage system","Maharashtra","NANDED(DISTRICT COLLECTOR NANDED_IDA)","Ravindra Vasantrao Chavan","NANDED","Construction on C. C. Road from Adiwasi Ashram School Gate to Boys Hostel on Grampanchayat owned land Dorli (Sa.) Teh. Bhokar Dist.Nanded.","29-Jul-2025","09-Feb-2026","986000","Physical Inspection"
"1225","Normal/Others","WS/MP18429/2025-2026/223208-Construction of roads, link roads, pathways or any other road with or without drainage system","Maharashtra","NANDED(DISTRICT COLLECTOR NANDED_IDA)","Ravindra Vasantrao Chavan","NANDED","Construction of C C Road on Grampanchayat owned land Near Shani Mandir at village Kuntoor Teh. Naigaon Dist.Nanded.","29-Jul-2025","16-Feb-2026","496574","Physical Inspection"
"1226","Normal/Others","WS/MP18429/2026-2027/225915-Construction of roads, link roads, pathways or any other road with or without drainage system","Maharashtra","NANDED(DISTRICT COLLECTOR NANDED_IDA)","Ravindra Vasantrao Chavan","NANDED","Construction of C.C. Road on Nanded Waghala Municipal Corporation owned land from Balaji Shinde House to Anandrao Kokate House at Ward No. 3, Nanded Tq. Dist.Nanded.","12-Aug-2025","15-May-2026","499908","Physical Inspection"
"1227","Normal/Others","WS/MP18429/2026-2027/225932-Construction of roads, link roads, pathways or any other road with or without drainage system","Maharashtra","NANDED(DISTRICT COLLECTOR NANDED_IDA)","Ravindra Vasantrao Chavan","NANDED","Construction of C.C. Road on Grampanchayat owned land from Railway Station Road to Idgah Cremation ground at Limbgaon Tq. Dist.Nanded.","12-Aug-2025","06-Apr-2026","998790","Physical Inspection"
"1228","Normal/Others","WS/MP18120/2026-2027/214157-Construction of roads, link roads, pathways or any other road with or without drainage system","Maharashtra","NANDED(DISTRICT COLLECTOR NANDED_IDA)","AASHTIKAR PATIL NAGESH BAPURAO","HINGOLI","Construction of Cement Concrete Road from Sharadabai Kantalwar Home to Ashabai Sagpeliwar Home At Mandvi TQ. Kinwat Dist Nanded","18-Jul-2025","03-Jul-2026","995277","Physical Inspection"
"1229","Normal/Others","WS/MP18120/2026-2027/214158-Construction of roads, link roads, pathways or any other road with or without drainage system","Maharashtra","NANDED(DISTRICT COLLECTOR NANDED_IDA)","AASHTIKAR PATIL NAGESH BAPURAO","HINGOLI","Construction of Cement Concrete Road from Shalik Atram Home to Kamalbai Pendor Home At Mandvi TQ Kinwat District Nanded","18-Jul-2025","03-Jul-2026","995277","Physical Inspection"
"1230","Normal/Others","WS/MP18429/2026-2027/217228-Construction of roads, link roads, pathways or any other road with or without drainage system","Maharashtra","NANDED(DISTRICT COLLECTOR NANDED_IDA)","Ravindra Vasantrao Chavan","NANDED","Construction of C C Road on Nanded Waghala Municipal Corporation owned land in Ward No.2, Nilophar Colony, Nanded.","11-Jul-2025","06-Jul-2026","1000000","Physical Inspection"
"1231","Normal/Others","WS/MP18126/2025-2026/136436-Construction of bus-sheds or bus-stops","Maharashtra","NANDURBAR(DISTRICT COLLECTOR NANDURBAR_IDA)","ADV GOWAAL KAGADA PADAVI","NANDURBAR(ST)","Construction of Ranala Bus stop shed","19-Aug-2024","21-Aug-2025","1199000","Sanction"
"1232","Normal/Others","WS/MP18126/2025-2026/177130-Construction of bus-sheds or bus-stops","Maharashtra","NANDURBAR(DISTRICT COLLECTOR NANDURBAR_IDA)","ADV GOWAAL KAGADA PADAVI","NANDURBAR(ST)","Construction of Bus Stop-Shed at Shejve tahsil dist. Nandurbar","24-Feb-2025","06-Jan-2026","1000000","Sanction"
"1233","Normal/Others","WS/MP18126/2025-2026/230206-Construction of bus-sheds or bus-stops","Maharashtra","NANDURBAR(DISTRICT COLLECTOR NANDURBAR_IDA)","ADV GOWAAL KAGADA PADAVI","NANDURBAR(ST)","Constrution of Pick up shed","29-Aug-2025","11-Feb-2026","500000","Sanction"
"1234","Normal/Others","WS/MP18126/2026-2027/233122-Construction of boundary walls of existing public and community buildings","Maharashtra","NANDURBAR(DISTRICT COLLECTOR NANDURBAR_IDA)","ADV GOWAAL KAGADA PADAVI","NANDURBAR(ST)","Construction of wall compound","12-Sep-2025","03-Jul-2026","1000000","Sanction"
"1235","Normal/Others","WS/MP18126/2025-2026/177131-Construction of boundary walls of existing public and community buildings","Maharashtra","NANDURBAR(DISTRICT COLLECTOR NANDURBAR_IDA)","ADV GOWAAL KAGADA PADAVI","NANDURBAR(ST)","Construction of boundary wall at existing public community building kathi rajgadi at vp kathi tal. akkalkuwa dist. nandurbar","24-Feb-2025","29-Sep-2025","998000","Sanction"
"1236","Normal/Others","WS/MP18126/2026-2027/256579-Construction of community centers and community halls","Maharashtra","NANDURBAR(DISTRICT COLLECTOR NANDURBAR_IDA)","ADV GOWAAL KAGADA PADAVI","NANDURBAR(ST)","Construction of Community hall","01-Jan-2026","03-Jul-2026","1499000","Sanction"
"1237","Repair and Renovation","WS/MP18126/2026-2027/236090-Security gates in streets/public place for safety purpose","Maharashtra","NANDURBAR(DISTRICT COLLECTOR NANDURBAR_IDA)","ADV GOWAAL KAGADA PADAVI","NANDURBAR(ST)","Construction of a protective wall near the temple, seepage pond at Karbharipada","21-Sep-2025","03-Jul-2026","500000","Sanction"
"1238","Normal/Others","WS/MP18126/2026-2027/256589-Street lights","Maharashtra","NANDURBAR(DISTRICT COLLECTOR NANDURBAR_IDA)","ADV GOWAAL KAGADA PADAVI","NANDURBAR(ST)","Installation of Street Lights (2 set)","01-Jan-2026","20-May-2026","170000","Physical Inspection"
"1239","Normal/Others","WS/MP18126/2025-2026/256590-Street lights","Maharashtra","NANDURBAR(DISTRICT COLLECTOR NANDURBAR_IDA)","ADV GOWAAL KAGADA PADAVI","NANDURBAR(ST)","Installation of street lights (2 set)","01-Jan-2026","11-Mar-2026","170000","Physical Inspection"
"1240","Normal/Others","WS/MP18126/2026-2027/256591-Street lights","Maharashtra","NANDURBAR(DISTRICT COLLECTOR NANDURBAR_IDA)","ADV GOWAAL KAGADA PADAVI","NANDURBAR(ST)","Installation of street lights (2 set)","01-Jan-2026","20-May-2026","170000","Physical Inspection"
"1241","Normal/Others","WS/MP18126/2025-2026/256630-Street lights","Maharashtra","NANDURBAR(DISTRICT COLLECTOR NANDURBAR_IDA)","ADV GOWAAL KAGADA PADAVI","NANDURBAR(ST)","Installation of street lights (2 set)","01-Jan-2026","11-Mar-2026","170000","Physical Inspection"
"1242","Normal/Others","WS/MP18126/2025-2026/256631-Street lights","Maharashtra","NANDURBAR(DISTRICT COLLECTOR NANDURBAR_IDA)","ADV GOWAAL KAGADA PADAVI","NANDURBAR(ST)","Installation of street lights (2 set)","01-Jan-2026","11-Mar-2026","170000","Physical Inspection"
"1243","Normal/Others","WS/MP18126/2025-2026/256632-Street lights","Maharashtra","NANDURBAR(DISTRICT COLLECTOR NANDURBAR_IDA)","ADV GOWAAL KAGADA PADAVI","NANDURBAR(ST)","Installation of street lights (2 set)","01-Jan-2026","11-Mar-2026","170000","Physical Inspection"
"1244","Normal/Others","WS/MP18126/2025-2026/256633-Street lights","Maharashtra","NANDURBAR(DISTRICT COLLECTOR NANDURBAR_IDA)","ADV GOWAAL KAGADA PADAVI","NANDURBAR(ST)","Installation of street lights (2 set)","01-Jan-2026","11-Mar-2026","170000","Physical Inspection"
"1245","Normal/Others","WS/MP18126/2025-2026/256634-Street lights","Maharashtra","NANDURBAR(DISTRICT COLLECTOR NANDURBAR_IDA)","ADV GOWAAL KAGADA PADAVI","NANDURBAR(ST)","Installation of street lights (2 set)","01-Jan-2026","11-Mar-2026","170000","Physical Inspection"
"1246","Normal/Others","WS/MP18126/2025-2026/256635-Street lights","Maharashtra","NANDURBAR(DISTRICT COLLECTOR NANDURBAR_IDA)","ADV GOWAAL KAGADA PADAVI","NANDURBAR(ST)","Installation of street lights (2 set)","01-Jan-2026","11-Mar-2026","170000","Physical Inspection"
"1247","Normal/Others","WS/MP18126/2025-2026/256636-Street lights","Maharashtra","NANDURBAR(DISTRICT COLLECTOR NANDURBAR_IDA)","ADV GOWAAL KAGADA PADAVI","NANDURBAR(ST)","Installation of street lights (2 set)","01-Jan-2026","11-Mar-2026","170000","Physical Inspection"
"1248","Normal/Others","WS/MP18126/2025-2026/256637-Street lights","Maharashtra","NANDURBAR(DISTRICT COLLECTOR NANDURBAR_IDA)","ADV GOWAAL KAGADA PADAVI","NANDURBAR(ST)","Installation of street lights (2 set)","01-Jan-2026","11-Mar-2026","170000","Physical Inspection"
"1249","Normal/Others","WS/MP18126/2025-2026/256638-Street lights","Maharashtra","NANDURBAR(DISTRICT COLLECTOR NANDURBAR_IDA)","ADV GOWAAL KAGADA PADAVI","NANDURBAR(ST)","Installation of street lights (2 set)","01-Jan-2026","11-Mar-2026","170000","Physical Inspection"
"1250","Normal/Others","WS/MP18126/2025-2026/256639-Street lights","Maharashtra","NANDURBAR(DISTRICT COLLECTOR NANDURBAR_IDA)","ADV GOWAAL KAGADA PADAVI","NANDURBAR(ST)","Installation of street lights (2 set)","01-Jan-2026","11-Mar-2026","170000","Physical Inspection"
"1251","Normal/Others","WS/MP18126/2025-2026/256640-Street lights","Maharashtra","NANDURBAR(DISTRICT COLLECTOR NANDURBAR_IDA)","ADV GOWAAL KAGADA PADAVI","NANDURBAR(ST)","Installation of street lights (2 set)","01-Jan-2026","11-Mar-2026","170000","Physical Inspection"
"1252","Normal/Others","WS/MP18126/2025-2026/256641-Street lights","Maharashtra","NANDURBAR(DISTRICT COLLECTOR NANDURBAR_IDA)","ADV GOWAAL KAGADA PADAVI","NANDURBAR(ST)","Installation of street lights (2 set)","01-Jan-2026","11-Mar-2026","170000","Physical Inspection"
"1253","Normal/Others","WS/MP18126/2025-2026/256642-Street lights","Maharashtra","NANDURBAR(DISTRICT COLLECTOR NANDURBAR_IDA)","ADV GOWAAL KAGADA PADAVI","NANDURBAR(ST)","Installation of street lights (2 set)","01-Jan-2026","11-Mar-2026","170000","Physical Inspection"
"1254","Normal/Others","WS/MP18126/2025-2026/256643-Street lights","Maharashtra","NANDURBAR(DISTRICT COLLECTOR NANDURBAR_IDA)","ADV GOWAAL KAGADA PADAVI","NANDURBAR(ST)","Installation of street lights (2 set)","01-Jan-2026","11-Mar-2026","170000","Physical Inspection"
"1255","Normal/Others","WS/MP18126/2025-2026/256644-Street lights","Maharashtra","NANDURBAR(DISTRICT COLLECTOR NANDURBAR_IDA)","ADV GOWAAL KAGADA PADAVI","NANDURBAR(ST)","Installation of street lights (2 set)","01-Jan-2026","11-Mar-2026","170000","Physical Inspection"
"1256","Normal/Others","WS/MP18126/2025-2026/256645-Street lights","Maharashtra","NANDURBAR(DISTRICT COLLECTOR NANDURBAR_IDA)","ADV GOWAAL KAGADA PADAVI","NANDURBAR(ST)","Installation of street lights (2 set)","01-Jan-2026","11-Mar-2026","170000","Physical Inspection"
"1257","Normal/Others","WS/MP18126/2025-2026/256646-Street lights","Maharashtra","NANDURBAR(DISTRICT COLLECTOR NANDURBAR_IDA)","ADV GOWAAL KAGADA PADAVI","NANDURBAR(ST)","Installation of street lights (2 set)","01-Jan-2026","11-Mar-2026","170000","Physical Inspection"
"1258","Normal/Others","WS/MP18126/2025-2026/256647-Street lights","Maharashtra","NANDURBAR(DISTRICT COLLECTOR NANDURBAR_IDA)","ADV GOWAAL KAGADA PADAVI","NANDURBAR(ST)","Installation of street lights (2 set)","01-Jan-2026","11-Mar-2026","170000","Physical Inspection"
"1259","Normal/Others","WS/MP18126/2025-2026/256648-Street lights","Maharashtra","NANDURBAR(DISTRICT COLLECTOR NANDURBAR_IDA)","ADV GOWAAL KAGADA PADAVI","NANDURBAR(ST)","Installation of street lights (2 set)","01-Jan-2026","11-Mar-2026","170000","Physical Inspection"
"1260","Normal/Others","WS/MP18126/2025-2026/256649-Street lights","Maharashtra","NANDURBAR(DISTRICT COLLECTOR NANDURBAR_IDA)","ADV GOWAAL KAGADA PADAVI","NANDURBAR(ST)","Installation of street lights (2 set)","01-Jan-2026","11-Mar-2026","170000","Physical Inspection"
"1261","Normal/Others","WS/MP18126/2025-2026/256650-Street lights","Maharashtra","NANDURBAR(DISTRICT COLLECTOR NANDURBAR_IDA)","ADV GOWAAL KAGADA PADAVI","NANDURBAR(ST)","Installation of street lights (2 set)","01-Jan-2026","11-Mar-2026","170000","Physical Inspection"
"1262","Normal/Others","WS/MP18126/2025-2026/256651-Street lights","Maharashtra","NANDURBAR(DISTRICT COLLECTOR NANDURBAR_IDA)","ADV GOWAAL KAGADA PADAVI","NANDURBAR(ST)","Installation of street lights (2 set)","01-Jan-2026","11-Mar-2026","170000","Physical Inspection"
"1263","Normal/Others","WS/MP18126/2025-2026/256652-Street lights","Maharashtra","NANDURBAR(DISTRICT COLLECTOR NANDURBAR_IDA)","ADV GOWAAL KAGADA PADAVI","NANDURBAR(ST)","Installation of street lights (2 set)","01-Jan-2026","11-Mar-2026","170000","Physical Inspection"
"1264","Normal/Others","WS/MP18126/2025-2026/256653-Street lights","Maharashtra","NANDURBAR(DISTRICT COLLECTOR NANDURBAR_IDA)","ADV GOWAAL KAGADA PADAVI","NANDURBAR(ST)","Installation of street lights (2 set)","01-Jan-2026","10-Mar-2026","170000","Physical Inspection"
"1265","Normal/Others","WS/MP18126/2025-2026/256654-Street lights","Maharashtra","NANDURBAR(DISTRICT COLLECTOR NANDURBAR_IDA)","ADV GOWAAL KAGADA PADAVI","NANDURBAR(ST)","Installation of street lights (2 set)","01-Jan-2026","11-Mar-2026","170000","Physical Inspection"
"1266","Normal/Others","WS/MP18126/2025-2026/256655-Street lights","Maharashtra","NANDURBAR(DISTRICT COLLECTOR NANDURBAR_IDA)","ADV GOWAAL KAGADA PADAVI","NANDURBAR(ST)","Installation of street lights (2 set)","01-Jan-2026","11-Mar-2026","170000","Physical Inspection"
"1267","Normal/Others","WS/MP18126/2025-2026/256656-Street lights","Maharashtra","NANDURBAR(DISTRICT COLLECTOR NANDURBAR_IDA)","ADV GOWAAL KAGADA PADAVI","NANDURBAR(ST)","Installation of street lights (2 set)","01-Jan-2026","11-Mar-2026","170000","Physical Inspection"
"1268","Normal/Others","WS/MP18126/2025-2026/236326-Street lights","Maharashtra","NANDURBAR(DISTRICT COLLECTOR NANDURBAR_IDA)","ADV GOWAAL KAGADA PADAVI","NANDURBAR(ST)","Install 2 set of solar street lights","21-Sep-2025","11-Mar-2026","170000","Physical Inspection"
"1269","Normal/Others","WS/MP18126/2025-2026/236327-Street lights","Maharashtra","NANDURBAR(DISTRICT COLLECTOR NANDURBAR_IDA)","ADV GOWAAL KAGADA PADAVI","NANDURBAR(ST)","Install 2 set of solar street lights","21-Sep-2025","11-Mar-2026","170000","Physical Inspection"
"1270","Normal/Others","WS/MP18126/2025-2026/236328-Street lights","Maharashtra","NANDURBAR(DISTRICT COLLECTOR NANDURBAR_IDA)","ADV GOWAAL KAGADA PADAVI","NANDURBAR(ST)","Install 2 set of solar street lights","21-Sep-2025","11-Mar-2026","170000","Physical Inspection"
"1271","Normal/Others","WS/MP18126/2025-2026/236329-Street lights","Maharashtra","NANDURBAR(DISTRICT COLLECTOR NANDURBAR_IDA)","ADV GOWAAL KAGADA PADAVI","NANDURBAR(ST)","Install 2 set of solar street lights","21-Sep-2025","11-Mar-2026","170000","Physical Inspection"
"1272","Normal/Others","WS/MP18126/2025-2026/236330-Street lights","Maharashtra","NANDURBAR(DISTRICT COLLECTOR NANDURBAR_IDA)","ADV GOWAAL KAGADA PADAVI","NANDURBAR(ST)","Install 2 set of solar street lights","21-Sep-2025","11-Mar-2026","170000","Physical Inspection"
"1273","Normal/Others","WS/MP18126/2025-2026/236331-Street lights","Maharashtra","NANDURBAR(DISTRICT COLLECTOR NANDURBAR_IDA)","ADV GOWAAL KAGADA PADAVI","NANDURBAR(ST)","Install 2 set of solar street lights","21-Sep-2025","11-Mar-2026","170000","Physical Inspection"
"1274","Normal/Others","WS/MP18126/2025-2026/236332-Street lights","Maharashtra","NANDURBAR(DISTRICT COLLECTOR NANDURBAR_IDA)","ADV GOWAAL KAGADA PADAVI","NANDURBAR(ST)","Install 2 set of solar street lights","21-Sep-2025","11-Mar-2026","170000","Physical Inspection"
"1275","Normal/Others","WS/MP18126/2026-2027/239354-Development of public parks","Maharashtra","NANDURBAR(DISTRICT COLLECTOR NANDURBAR_IDA)","ADV GOWAAL KAGADA PADAVI","NANDURBAR(ST)","Installation of Paver Block","01-Oct-2025","09-Apr-2026","200000","Sanction"
"1276","Normal/Others","WS/MP18126/2026-2027/239355-Development of public parks","Maharashtra","NANDURBAR(DISTRICT COLLECTOR NANDURBAR_IDA)","ADV GOWAAL KAGADA PADAVI","NANDURBAR(ST)","Installation of Paver Block","01-Oct-2025","09-Apr-2026","200000","Vendor Identification"
"1277","Normal/Others","WS/MP18126/2025-2026/236142-Street lights","Maharashtra","NANDURBAR(DISTRICT COLLECTOR NANDURBAR_IDA)","ADV GOWAAL KAGADA PADAVI","NANDURBAR(ST)","Install 2 set of street light","21-Sep-2025","11-Mar-2026","170000","Physical Inspection"
"1278","Normal/Others","WS/MP18126/2025-2026/236143-Street lights","Maharashtra","NANDURBAR(DISTRICT COLLECTOR NANDURBAR_IDA)","ADV GOWAAL KAGADA PADAVI","NANDURBAR(ST)","Install 2 set of street light","21-Sep-2025","11-Mar-2026","170000","Physical Inspection"
"1279","Normal/Others","WS/MP18126/2025-2026/236144-Street lights","Maharashtra","NANDURBAR(DISTRICT COLLECTOR NANDURBAR_IDA)","ADV GOWAAL KAGADA PADAVI","NANDURBAR(ST)","Install 2 set of street light","21-Sep-2025","11-Mar-2026","170000","Physical Inspection"
"1280","Normal/Others","WS/MP18126/2025-2026/236145-Street lights","Maharashtra","NANDURBAR(DISTRICT COLLECTOR NANDURBAR_IDA)","ADV GOWAAL KAGADA PADAVI","NANDURBAR(ST)","Install 2 set of street light","21-Sep-2025","10-Mar-2026","170000","Physical Inspection"
"1281","Normal/Others","WS/MP18126/2025-2026/236146-Street lights","Maharashtra","NANDURBAR(DISTRICT COLLECTOR NANDURBAR_IDA)","ADV GOWAAL KAGADA PADAVI","NANDURBAR(ST)","Install 2 set of street light","21-Sep-2025","11-Mar-2026","170000","Physical Inspection"
"1282","Normal/Others","WS/MP18126/2026-2027/236147-Street lights","Maharashtra","NANDURBAR(DISTRICT COLLECTOR NANDURBAR_IDA)","ADV GOWAAL KAGADA PADAVI","NANDURBAR(ST)","Install 2 set of street light","21-Sep-2025","20-May-2026","170000","Physical Inspection"
"1283","Normal/Others","WS/MP18126/2025-2026/236148-Street lights","Maharashtra","NANDURBAR(DISTRICT COLLECTOR NANDURBAR_IDA)","ADV GOWAAL KAGADA PADAVI","NANDURBAR(ST)","Install 2 set of street light","21-Sep-2025","11-Mar-2026","170000","Physical Inspection"
"1284","Normal/Others","WS/MP18126/2025-2026/236149-Street lights","Maharashtra","NANDURBAR(DISTRICT COLLECTOR NANDURBAR_IDA)","ADV GOWAAL KAGADA PADAVI","NANDURBAR(ST)","Install 2 set of street light","21-Sep-2025","11-Mar-2026","170000","Physical Inspection"
"1285","Normal/Others","WS/MP18126/2025-2026/236150-Street lights","Maharashtra","NANDURBAR(DISTRICT COLLECTOR NANDURBAR_IDA)","ADV GOWAAL KAGADA PADAVI","NANDURBAR(ST)","Install 2 set of street light","21-Sep-2025","11-Mar-2026","170000","Physical Inspection"
"1286","Normal/Others","WS/MP18126/2025-2026/236151-Street lights","Maharashtra","NANDURBAR(DISTRICT COLLECTOR NANDURBAR_IDA)","ADV GOWAAL KAGADA PADAVI","NANDURBAR(ST)","Install 2 set of street light","21-Sep-2025","11-Mar-2026","170000","Physical Inspection"
"1287","Normal/Others","WS/MP18126/2025-2026/236155-Street lights","Maharashtra","NANDURBAR(DISTRICT COLLECTOR NANDURBAR_IDA)","ADV GOWAAL KAGADA PADAVI","NANDURBAR(ST)","Install 2 set of Street lights","21-Sep-2025","11-Mar-2026","170000","Physical Inspection"
"1288","Normal/Others","WS/MP18126/2025-2026/236156-Street lights","Maharashtra","NANDURBAR(DISTRICT COLLECTOR NANDURBAR_IDA)","ADV GOWAAL KAGADA PADAVI","NANDURBAR(ST)","Install 2 set of Street lights","21-Sep-2025","11-Mar-2026","170000","Physical Inspection"
"1289","Normal/Others","WS/MP18126/2025-2026/236157-Street lights","Maharashtra","NANDURBAR(DISTRICT COLLECTOR NANDURBAR_IDA)","ADV GOWAAL KAGADA PADAVI","NANDURBAR(ST)","Install 2 set of Street lights","21-Sep-2025","11-Mar-2026","170000","Physical Inspection"
"1290","Normal/Others","WS/MP18126/2025-2026/236158-Street lights","Maharashtra","NANDURBAR(DISTRICT COLLECTOR NANDURBAR_IDA)","ADV GOWAAL KAGADA PADAVI","NANDURBAR(ST)","Install 2 set of Street lights","21-Sep-2025","11-Mar-2026","170000","Physical Inspection"
"1291","Normal/Others","WS/MP18126/2025-2026/236159-Street lights","Maharashtra","NANDURBAR(DISTRICT COLLECTOR NANDURBAR_IDA)","ADV GOWAAL KAGADA PADAVI","NANDURBAR(ST)","Install 2 set of Street lights","21-Sep-2025","11-Mar-2026","170000","Physical Inspection"
"1292","Normal/Others","WS/MP18126/2025-2026/236160-Street lights","Maharashtra","NANDURBAR(DISTRICT COLLECTOR NANDURBAR_IDA)","ADV GOWAAL KAGADA PADAVI","NANDURBAR(ST)","Install 2 set of Street lights","21-Sep-2025","11-Mar-2026","170000","Physical Inspection"
"1293","Normal/Others","WS/MP18126/2025-2026/236161-Street lights","Maharashtra","NANDURBAR(DISTRICT COLLECTOR NANDURBAR_IDA)","ADV GOWAAL KAGADA PADAVI","NANDURBAR(ST)","Install 2 set of Street lights","21-Sep-2025","11-Mar-2026","170000","Physical Inspection"
"1294","Normal/Others","WS/MP18126/2025-2026/236162-Street lights","Maharashtra","NANDURBAR(DISTRICT COLLECTOR NANDURBAR_IDA)","ADV GOWAAL KAGADA PADAVI","NANDURBAR(ST)","Install 2 set of Street lights","21-Sep-2025","11-Mar-2026","170000","Physical Inspection"
"1295","Normal/Others","WS/MP18126/2025-2026/236163-Street lights","Maharashtra","NANDURBAR(DISTRICT COLLECTOR NANDURBAR_IDA)","ADV GOWAAL KAGADA PADAVI","NANDURBAR(ST)","Install 2 set of Street lights","21-Sep-2025","11-Mar-2026","170000","Physical Inspection"
"1296","Normal/Others","WS/MP18126/2025-2026/236164-Street lights","Maharashtra","NANDURBAR(DISTRICT COLLECTOR NANDURBAR_IDA)","ADV GOWAAL KAGADA PADAVI","NANDURBAR(ST)","Install 2 set of Street lights","21-Sep-2025","11-Mar-2026","170000","Physical Inspection"
"1297","Normal/Others","WS/MP18126/2025-2026/236165-Street lights","Maharashtra","NANDURBAR(DISTRICT COLLECTOR NANDURBAR_IDA)","ADV GOWAAL KAGADA PADAVI","NANDURBAR(ST)","Install 2 set of Street lights","21-Sep-2025","11-Mar-2026","170000","Physical Inspection"
"1298","Normal/Others","WS/MP18126/2025-2026/236166-Street lights","Maharashtra","NANDURBAR(DISTRICT COLLECTOR NANDURBAR_IDA)","ADV GOWAAL KAGADA PADAVI","NANDURBAR(ST)","Install 2 set of Street lights","21-Sep-2025","11-Mar-2026","170000","Physical Inspection"
"1299","Normal/Others","WS/MP18126/2025-2026/236167-Street lights","Maharashtra","NANDURBAR(DISTRICT COLLECTOR NANDURBAR_IDA)","ADV GOWAAL KAGADA PADAVI","NANDURBAR(ST)","Install 2 set of Street lights","21-Sep-2025","11-Mar-2026","170000","Physical Inspection"
"1300","Normal/Others","WS/MP18126/2025-2026/236168-Street lights","Maharashtra","NANDURBAR(DISTRICT COLLECTOR NANDURBAR_IDA)","ADV GOWAAL KAGADA PADAVI","NANDURBAR(ST)","Install 2 set of Street lights","21-Sep-2025","11-Mar-2026","170000","Physical Inspection"
"1301","Normal/Others","WS/MP18126/2025-2026/236169-Street lights","Maharashtra","NANDURBAR(DISTRICT COLLECTOR NANDURBAR_IDA)","ADV GOWAAL KAGADA PADAVI","NANDURBAR(ST)","Install 2 set of Street lights","21-Sep-2025","11-Mar-2026","170000","Physical Inspection"
"1302","Normal/Others","WS/MP18126/2025-2026/236170-Street lights","Maharashtra","NANDURBAR(DISTRICT COLLECTOR NANDURBAR_IDA)","ADV GOWAAL KAGADA PADAVI","NANDURBAR(ST)","Install 2 set of Street lights","21-Sep-2025","11-Mar-2026","170000","Physical Inspection"
"1303","Normal/Others","WS/MP18126/2025-2026/236171-Street lights","Maharashtra","NANDURBAR(DISTRICT COLLECTOR NANDURBAR_IDA)","ADV GOWAAL KAGADA PADAVI","NANDURBAR(ST)","Install 2 set of Street lights","21-Sep-2025","11-Mar-2026","170000","Physical Inspection"
"1304","Normal/Others","WS/MP18126/2025-2026/236172-Street lights","Maharashtra","NANDURBAR(DISTRICT COLLECTOR NANDURBAR_IDA)","ADV GOWAAL KAGADA PADAVI","NANDURBAR(ST)","Install 2 set of Street lights","21-Sep-2025","11-Mar-2026","170000","Physical Inspection"
"1305","Normal/Others","WS/MP18126/2025-2026/236173-Street lights","Maharashtra","NANDURBAR(DISTRICT COLLECTOR NANDURBAR_IDA)","ADV GOWAAL KAGADA PADAVI","NANDURBAR(ST)","Install 2 set of Street lights","21-Sep-2025","11-Mar-2026","170000","Physical Inspection"
"1306","Normal/Others","WS/MP18126/2025-2026/236174-Street lights","Maharashtra","NANDURBAR(DISTRICT COLLECTOR NANDURBAR_IDA)","ADV GOWAAL KAGADA PADAVI","NANDURBAR(ST)","Install 2 set of Street lights","21-Sep-2025","11-Mar-2026","170000","Physical Inspection"
"1307","Normal/Others","WS/MP18126/2025-2026/236184-Street lights","Maharashtra","NANDURBAR(DISTRICT COLLECTOR NANDURBAR_IDA)","ADV GOWAAL KAGADA PADAVI","NANDURBAR(ST)","Install 2 set of Solar street light","21-Sep-2025","11-Mar-2026","170000","Physical Inspection"
"1308","Normal/Others","WS/MP18126/2025-2026/236185-Street lights","Maharashtra","NANDURBAR(DISTRICT COLLECTOR NANDURBAR_IDA)","ADV GOWAAL KAGADA PADAVI","NANDURBAR(ST)","Install 2 set of Solar street light","21-Sep-2025","11-Mar-2026","170000","Physical Inspection"
"1309","Normal/Others","WS/MP18126/2025-2026/236186-Street lights","Maharashtra","NANDURBAR(DISTRICT COLLECTOR NANDURBAR_IDA)","ADV GOWAAL KAGADA PADAVI","NANDURBAR(ST)","Install 2 set of Solar street light","21-Sep-2025","11-Mar-2026","170000","Physical Inspection"
"1310","Normal/Others","WS/MP18126/2025-2026/236187-Street lights","Maharashtra","NANDURBAR(DISTRICT COLLECTOR NANDURBAR_IDA)","ADV GOWAAL KAGADA PADAVI","NANDURBAR(ST)","Install 2 set of Solar street light","21-Sep-2025","11-Mar-2026","170000","Physical Inspection"
"1311","Normal/Others","WS/MP18126/2025-2026/236188-Street lights","Maharashtra","NANDURBAR(DISTRICT COLLECTOR NANDURBAR_IDA)","ADV GOWAAL KAGADA PADAVI","NANDURBAR(ST)","Install 2 set of Solar street light","21-Sep-2025","11-Mar-2026","170000","Physical Inspection"
"1312","Normal/Others","WS/MP18126/2025-2026/236189-Street lights","Maharashtra","NANDURBAR(DISTRICT COLLECTOR NANDURBAR_IDA)","ADV GOWAAL KAGADA PADAVI","NANDURBAR(ST)","Install 2 set of Solar street light","21-Sep-2025","11-Mar-2026","170000","Physical Inspection"
"1313","Normal/Others","WS/MP18126/2025-2026/236190-Street lights","Maharashtra","NANDURBAR(DISTRICT COLLECTOR NANDURBAR_IDA)","ADV GOWAAL KAGADA PADAVI","NANDURBAR(ST)","Install 2 set of Solar street light","21-Sep-2025","11-Mar-2026","170000","Physical Inspection"
"1314","Normal/Others","WS/MP18126/2025-2026/236191-Street lights","Maharashtra","NANDURBAR(DISTRICT COLLECTOR NANDURBAR_IDA)","ADV GOWAAL KAGADA PADAVI","NANDURBAR(ST)","Install 2 set of Solar street light","21-Sep-2025","11-Mar-2026","170000","Physical Inspection"
"1315","Normal/Others","WS/MP18126/2025-2026/236192-Street lights","Maharashtra","NANDURBAR(DISTRICT COLLECTOR NANDURBAR_IDA)","ADV GOWAAL KAGADA PADAVI","NANDURBAR(ST)","Install 2 set of Solar street light","21-Sep-2025","11-Mar-2026","170000","Physical Inspection"
"1316","Normal/Others","WS/MP18126/2025-2026/236193-Street lights","Maharashtra","NANDURBAR(DISTRICT COLLECTOR NANDURBAR_IDA)","ADV GOWAAL KAGADA PADAVI","NANDURBAR(ST)","Install 2 set of Solar street light","21-Sep-2025","11-Mar-2026","170000","Physical Inspection"
"1317","Normal/Others","WS/MP18126/2025-2026/236194-Street lights","Maharashtra","NANDURBAR(DISTRICT COLLECTOR NANDURBAR_IDA)","ADV GOWAAL KAGADA PADAVI","NANDURBAR(ST)","Install 2 set of Solar street light","21-Sep-2025","11-Mar-2026","170000","Physical Inspection"
"1318","Normal/Others","WS/MP18126/2025-2026/236195-Street lights","Maharashtra","NANDURBAR(DISTRICT COLLECTOR NANDURBAR_IDA)","ADV GOWAAL KAGADA PADAVI","NANDURBAR(ST)","Install 2 set of Solar street light","21-Sep-2025","11-Mar-2026","170000","Physical Inspection"
"1319","Normal/Others","WS/MP18126/2025-2026/236196-Street lights","Maharashtra","NANDURBAR(DISTRICT COLLECTOR NANDURBAR_IDA)","ADV GOWAAL KAGADA PADAVI","NANDURBAR(ST)","Install 2 set of Solar street light","21-Sep-2025","11-Mar-2026","170000","Physical Inspection"
"1320","Normal/Others","WS/MP18126/2025-2026/236197-Street lights","Maharashtra","NANDURBAR(DISTRICT COLLECTOR NANDURBAR_IDA)","ADV GOWAAL KAGADA PADAVI","NANDURBAR(ST)","Install 2 set of Solar street light","21-Sep-2025","11-Mar-2026","170000","Physical Inspection"
"1321","Normal/Others","WS/MP18126/2025-2026/236198-Street lights","Maharashtra","NANDURBAR(DISTRICT COLLECTOR NANDURBAR_IDA)","ADV GOWAAL KAGADA PADAVI","NANDURBAR(ST)","Install 2 set of Solar street light","21-Sep-2025","11-Mar-2026","170000","Physical Inspection"
"1322","Normal/Others","WS/MP18126/2025-2026/236199-Street lights","Maharashtra","NANDURBAR(DISTRICT COLLECTOR NANDURBAR_IDA)","ADV GOWAAL KAGADA PADAVI","NANDURBAR(ST)","Install 2 set of Solar street light","21-Sep-2025","11-Mar-2026","170000","Physical Inspection"
"1323","Normal/Others","WS/MP18126/2025-2026/236200-Street lights","Maharashtra","NANDURBAR(DISTRICT COLLECTOR NANDURBAR_IDA)","ADV GOWAAL KAGADA PADAVI","NANDURBAR(ST)","Install 2 set of Solar street light","21-Sep-2025","11-Mar-2026","170000","Physical Inspection"
"1324","Normal/Others","WS/MP18126/2025-2026/236201-Street lights","Maharashtra","NANDURBAR(DISTRICT COLLECTOR NANDURBAR_IDA)","ADV GOWAAL KAGADA PADAVI","NANDURBAR(ST)","Install 2 set of Solar street light","21-Sep-2025","11-Mar-2026","170000","Physical Inspection"
"1325","Normal/Others","WS/MP18126/2025-2026/236202-Street lights","Maharashtra","NANDURBAR(DISTRICT COLLECTOR NANDURBAR_IDA)","ADV GOWAAL KAGADA PADAVI","NANDURBAR(ST)","Install 2 set of Solar street light","21-Sep-2025","11-Mar-2026","170000","Physical Inspection"
"1326","Normal/Others","WS/MP18126/2025-2026/236203-Street lights","Maharashtra","NANDURBAR(DISTRICT COLLECTOR NANDURBAR_IDA)","ADV GOWAAL KAGADA PADAVI","NANDURBAR(ST)","Install 2 set of Solar street light","21-Sep-2025","11-Mar-2026","170000","Physical Inspection"
"1327","Normal/Others","WS/MP18126/2025-2026/236204-Street lights","Maharashtra","NANDURBAR(DISTRICT COLLECTOR NANDURBAR_IDA)","ADV GOWAAL KAGADA PADAVI","NANDURBAR(ST)","Install 2 set of Solar street light","21-Sep-2025","11-Mar-2026","170000","Physical Inspection"
"1328","Normal/Others","WS/MP18126/2025-2026/236205-Street lights","Maharashtra","NANDURBAR(DISTRICT COLLECTOR NANDURBAR_IDA)","ADV GOWAAL KAGADA PADAVI","NANDURBAR(ST)","Install 2 set of Solar street light","21-Sep-2025","11-Mar-2026","170000","Physical Inspection"
"1329","Normal/Others","WS/MP18126/2025-2026/236206-Street lights","Maharashtra","NANDURBAR(DISTRICT COLLECTOR NANDURBAR_IDA)","ADV GOWAAL KAGADA PADAVI","NANDURBAR(ST)","Install 2 set of Solar street light","21-Sep-2025","11-Mar-2026","170000","Physical Inspection"
"1330","Normal/Others","WS/MP18126/2025-2026/236207-Street lights","Maharashtra","NANDURBAR(DISTRICT COLLECTOR NANDURBAR_IDA)","ADV GOWAAL KAGADA PADAVI","NANDURBAR(ST)","Install 2 set of Solar street light","21-Sep-2025","11-Mar-2026","170000","Physical Inspection"
"1331","Normal/Others","WS/MP18126/2025-2026/236208-Street lights","Maharashtra","NANDURBAR(DISTRICT COLLECTOR NANDURBAR_IDA)","ADV GOWAAL KAGADA PADAVI","NANDURBAR(ST)","Install 2 set of Solar street light","21-Sep-2025","11-Mar-2026","170000","Physical Inspection"
"1332","Normal/Others","WS/MP18126/2025-2026/236209-Street lights","Maharashtra","NANDURBAR(DISTRICT COLLECTOR NANDURBAR_IDA)","ADV GOWAAL KAGADA PADAVI","NANDURBAR(ST)","Install 2 set of Solar street light","21-Sep-2025","11-Mar-2026","170000","Physical Inspection"
"1333","Normal/Others","WS/MP18126/2025-2026/236210-Street lights","Maharashtra","NANDURBAR(DISTRICT COLLECTOR NANDURBAR_IDA)","ADV GOWAAL KAGADA PADAVI","NANDURBAR(ST)","Install 2 set of Solar street light","21-Sep-2025","11-Mar-2026","170000","Physical Inspection"
"1334","Normal/Others","WS/MP18126/2025-2026/236211-Street lights","Maharashtra","NANDURBAR(DISTRICT COLLECTOR NANDURBAR_IDA)","ADV GOWAAL KAGADA PADAVI","NANDURBAR(ST)","Install 2 set of Solar street light","21-Sep-2025","11-Mar-2026","170000","Physical Inspection"
"1335","Normal/Others","WS/MP18126/2025-2026/236212-Street lights","Maharashtra","NANDURBAR(DISTRICT COLLECTOR NANDURBAR_IDA)","ADV GOWAAL KAGADA PADAVI","NANDURBAR(ST)","Install 2 set of Solar street light","21-Sep-2025","11-Mar-2026","170000","Physical Inspection"
"1336","Normal/Others","WS/MP18126/2025-2026/236213-Street lights","Maharashtra","NANDURBAR(DISTRICT COLLECTOR NANDURBAR_IDA)","ADV GOWAAL KAGADA PADAVI","NANDURBAR(ST)","Install 2 set of Solar street lights","21-Sep-2025","11-Mar-2026","170000","Physical Inspection"
"1337","Normal/Others","WS/MP18126/2025-2026/236214-Street lights","Maharashtra","NANDURBAR(DISTRICT COLLECTOR NANDURBAR_IDA)","ADV GOWAAL KAGADA PADAVI","NANDURBAR(ST)","Install 2 set of Solar street lights","21-Sep-2025","11-Mar-2026","170000","Physical Inspection"
"1338","Normal/Others","WS/MP18126/2025-2026/236215-Street lights","Maharashtra","NANDURBAR(DISTRICT COLLECTOR NANDURBAR_IDA)","ADV GOWAAL KAGADA PADAVI","NANDURBAR(ST)","Install 2 set of Solar street lights","21-Sep-2025","11-Mar-2026","170000","Physical Inspection"
"1339","Normal/Others","WS/MP18126/2025-2026/236216-Street lights","Maharashtra","NANDURBAR(DISTRICT COLLECTOR NANDURBAR_IDA)","ADV GOWAAL KAGADA PADAVI","NANDURBAR(ST)","Install 2 set of Solar street lights","21-Sep-2025","11-Mar-2026","170000","Physical Inspection"
"1340","Normal/Others","WS/MP18126/2025-2026/236217-Street lights","Maharashtra","NANDURBAR(DISTRICT COLLECTOR NANDURBAR_IDA)","ADV GOWAAL KAGADA PADAVI","NANDURBAR(ST)","Install 2 set of Solar street lights","21-Sep-2025","11-Mar-2026","170000","Physical Inspection"
"1341","Normal/Others","WS/MP18126/2025-2026/236218-Street lights","Maharashtra","NANDURBAR(DISTRICT COLLECTOR NANDURBAR_IDA)","ADV GOWAAL KAGADA PADAVI","NANDURBAR(ST)","Install 2 set of Solar street lights","21-Sep-2025","11-Mar-2026","170000","Physical Inspection"
"1342","Normal/Others","WS/MP18126/2025-2026/236219-Street lights","Maharashtra","NANDURBAR(DISTRICT COLLECTOR NANDURBAR_IDA)","ADV GOWAAL KAGADA PADAVI","NANDURBAR(ST)","Install 2 set of Street lights","21-Sep-2025","11-Mar-2026","170000","Physical Inspection"
"1343","Normal/Others","WS/MP18126/2025-2026/236220-Street lights","Maharashtra","NANDURBAR(DISTRICT COLLECTOR NANDURBAR_IDA)","ADV GOWAAL KAGADA PADAVI","NANDURBAR(ST)","Install 2 set of Street lights","21-Sep-2025","11-Mar-2026","170000","Physical Inspection"
"1344","Normal/Others","WS/MP18126/2026-2027/266900-Purchase of non-conventional energy system and devices for community use","Maharashtra","NANDURBAR(DISTRICT COLLECTOR NANDURBAR_IDA)","ADV GOWAAL KAGADA PADAVI","NANDURBAR(ST)","Installation of 63 K.V.A. Transformar","07-Feb-2026","03-Jul-2026","750000","Sanction"
"1345","Normal/Others","WS/MP18126/2026-2027/266901-Purchase of non-conventional energy system and devices for community use","Maharashtra","NANDURBAR(DISTRICT COLLECTOR NANDURBAR_IDA)","ADV GOWAAL KAGADA PADAVI","NANDURBAR(ST)","Installation of 63 K.V.A. Transformar","07-Feb-2026","20-May-2026","750000","Sanction"
"1346","Normal/Others","WS/MP18126/2026-2027/266902-Purchase of non-conventional energy system and devices for community use","Maharashtra","NANDURBAR(DISTRICT COLLECTOR NANDURBAR_IDA)","ADV GOWAAL KAGADA PADAVI","NANDURBAR(ST)","Installation of 63 K.V.A. Transformar","07-Feb-2026","20-May-2026","750000","Sanction"
"1347","Normal/Others","WS/MP18126/2026-2027/266903-Purchase of non-conventional energy system and devices for community use","Maharashtra","NANDURBAR(DISTRICT COLLECTOR NANDURBAR_IDA)","ADV GOWAAL KAGADA PADAVI","NANDURBAR(ST)","Installation of 63 K.V.A. Transformar","07-Feb-2026","20-May-2026","750000","Sanction"
"1348","Normal/Others","WS/MP18126/2026-2027/266904-Purchase of non-conventional energy system and devices for community use","Maharashtra","NANDURBAR(DISTRICT COLLECTOR NANDURBAR_IDA)","ADV GOWAAL KAGADA PADAVI","NANDURBAR(ST)","Installation of 63 K.V.A. Transformar","07-Feb-2026","20-May-2026","750000","Sanction"
"1349","Normal/Others","WS/MP18126/2026-2027/266905-Purchase of non-conventional energy system and devices for community use","Maharashtra","NANDURBAR(DISTRICT COLLECTOR NANDURBAR_IDA)","ADV GOWAAL KAGADA PADAVI","NANDURBAR(ST)","Installation of 63 K.V.A. Transformar","07-Feb-2026","20-May-2026","750000","Sanction"
"1350","Normal/Others","WS/MP18126/2026-2027/266906-Purchase of non-conventional energy system and devices for community use","Maharashtra","NANDURBAR(DISTRICT COLLECTOR NANDURBAR_IDA)","ADV GOWAAL KAGADA PADAVI","NANDURBAR(ST)","Installation of 63 K.V.A. Transformar","07-Feb-2026","03-Jul-2026","750000","Sanction"
"1351","Normal/Others","WS/MP18126/2026-2027/266907-Purchase of non-conventional energy system and devices for community use","Maharashtra","NANDURBAR(DISTRICT COLLECTOR NANDURBAR_IDA)","ADV GOWAAL KAGADA PADAVI","NANDURBAR(ST)","Installation of 63 K.V.A. Transformar","07-Feb-2026","20-May-2026","750000","Sanction"
"1352","Normal/Others","WS/MP18126/2026-2027/266908-Purchase of non-conventional energy system and devices for community use","Maharashtra","NANDURBAR(DISTRICT COLLECTOR NANDURBAR_IDA)","ADV GOWAAL KAGADA PADAVI","NANDURBAR(ST)","Installation of 63 K.V.A. Transformar","07-Feb-2026","20-May-2026","750000","Sanction"
"1353","Normal/Others","WS/MP18126/2026-2027/266909-Purchase of non-conventional energy system and devices for community use","Maharashtra","NANDURBAR(DISTRICT COLLECTOR NANDURBAR_IDA)","ADV GOWAAL KAGADA PADAVI","NANDURBAR(ST)","Installation of 63 K.V.A. Transformar","07-Feb-2026","20-May-2026","750000","Sanction"
"1354","Normal/Others","WS/MP18126/2026-2027/266910-Purchase of non-conventional energy system and devices for community use","Maharashtra","NANDURBAR(DISTRICT COLLECTOR NANDURBAR_IDA)","ADV GOWAAL KAGADA PADAVI","NANDURBAR(ST)","Installation of 63 K.V.A. Transformar","07-Feb-2026","03-Jul-2026","750000","Sanction"
"1355","Normal/Others","WS/MP18126/2026-2027/266911-Purchase of non-conventional energy system and devices for community use","Maharashtra","NANDURBAR(DISTRICT COLLECTOR NANDURBAR_IDA)","ADV GOWAAL KAGADA PADAVI","NANDURBAR(ST)","Installation of 63 K.V.A. Transformar","07-Feb-2026","20-May-2026","750000","Sanction"
"1356","Normal/Others","WS/MP18126/2026-2027/266912-Purchase of non-conventional energy system and devices for community use","Maharashtra","NANDURBAR(DISTRICT COLLECTOR NANDURBAR_IDA)","ADV GOWAAL KAGADA PADAVI","NANDURBAR(ST)","Installation of 63 K.V.A. Transformar","07-Feb-2026","20-May-2026","750000","Sanction"
"1357","Normal/Others","WS/MP18126/2026-2027/266913-Purchase of non-conventional energy system and devices for community use","Maharashtra","NANDURBAR(DISTRICT COLLECTOR NANDURBAR_IDA)","ADV GOWAAL KAGADA PADAVI","NANDURBAR(ST)","Installation of 63 K.V.A. Transformar","07-Feb-2026","20-May-2026","750000","Sanction"
"1358","Normal/Others","WS/MP18126/2026-2027/266914-Purchase of non-conventional energy system and devices for community use","Maharashtra","NANDURBAR(DISTRICT COLLECTOR NANDURBAR_IDA)","ADV GOWAAL KAGADA PADAVI","NANDURBAR(ST)","Installation of 63 K.V.A. Transformar","07-Feb-2026","20-May-2026","750000","Sanction"
"1359","Normal/Others","WS/MP18126/2026-2027/266926-Purchase of non-conventional energy system and devices for community use","Maharashtra","NANDURBAR(DISTRICT COLLECTOR NANDURBAR_IDA)","ADV GOWAAL KAGADA PADAVI","NANDURBAR(ST)","Installation of 63 K.V.A. Transformar","07-Feb-2026","03-Jul-2026","750000","Sanction"
"1360","Normal/Others","WS/MP18126/2026-2027/266927-Purchase of non-conventional energy system and devices for community use","Maharashtra","NANDURBAR(DISTRICT COLLECTOR NANDURBAR_IDA)","ADV GOWAAL KAGADA PADAVI","NANDURBAR(ST)","Installation of 63 K.V.A. Transformar","07-Feb-2026","03-Jul-2026","750000","Sanction"
"1361","Normal/Others","WS/MP18126/2026-2027/270174-Purchase of non-conventional energy system and devices for community use","Maharashtra","NANDURBAR(DISTRICT COLLECTOR NANDURBAR_IDA)","ADV GOWAAL KAGADA PADAVI","NANDURBAR(ST)","Installation of 63 KVA Transformer","21-Feb-2026","20-May-2026","750000","Sanction"
"1362","Normal/Others","WS/MP18126/2026-2027/267180-Purchase of non-conventional energy system and devices for community use","Maharashtra","NANDURBAR(DISTRICT COLLECTOR NANDURBAR_IDA)","ADV GOWAAL KAGADA PADAVI","NANDURBAR(ST)","Installation of 63 KVA Transformer","09-Feb-2026","20-May-2026","750000","Sanction"
"1363","Normal/Others","WS/MP18126/2026-2027/267181-Purchase of non-conventional energy system and devices for community use","Maharashtra","NANDURBAR(DISTRICT COLLECTOR NANDURBAR_IDA)","ADV GOWAAL KAGADA PADAVI","NANDURBAR(ST)","Installation of 63 KVA Transformer","09-Feb-2026","20-May-2026","750000","Sanction"
"1364","Normal/Others","WS/MP18126/2026-2027/267182-Purchase of non-conventional energy system and devices for community use","Maharashtra","NANDURBAR(DISTRICT COLLECTOR NANDURBAR_IDA)","ADV GOWAAL KAGADA PADAVI","NANDURBAR(ST)","Installation of 63 KVA Transformer","09-Feb-2026","20-May-2026","750000","Sanction"
"1365","Normal/Others","WS/MP18126/2026-2027/267183-Purchase of non-conventional energy system and devices for community use","Maharashtra","NANDURBAR(DISTRICT COLLECTOR NANDURBAR_IDA)","ADV GOWAAL KAGADA PADAVI","NANDURBAR(ST)","Installation of 63 KVA Transformer","09-Feb-2026","20-May-2026","750000","Sanction"
"1366","Normal/Others","WS/MP18126/2026-2027/267184-Purchase of non-conventional energy system and devices for community use","Maharashtra","NANDURBAR(DISTRICT COLLECTOR NANDURBAR_IDA)","ADV GOWAAL KAGADA PADAVI","NANDURBAR(ST)","Installation of 63 KVA Transformer","09-Feb-2026","20-May-2026","750000","Sanction"
"1367","Normal/Others","WS/MP18126/2026-2027/267185-Purchase of non-conventional energy system and devices for community use","Maharashtra","NANDURBAR(DISTRICT COLLECTOR NANDURBAR_IDA)","ADV GOWAAL KAGADA PADAVI","NANDURBAR(ST)","Installation of 63 KVA Transformer","09-Feb-2026","20-May-2026","750000","Sanction"
"1368","Normal/Others","WS/MP18126/2026-2027/267186-Purchase of non-conventional energy system and devices for community use","Maharashtra","NANDURBAR(DISTRICT COLLECTOR NANDURBAR_IDA)","ADV GOWAAL KAGADA PADAVI","NANDURBAR(ST)","Installation of 63 KVA Transformer","09-Feb-2026","20-May-2026","750000","Sanction"
"1369","Normal/Others","WS/MP18126/2026-2027/267187-Purchase of non-conventional energy system and devices for community use","Maharashtra","NANDURBAR(DISTRICT COLLECTOR NANDURBAR_IDA)","ADV GOWAAL KAGADA PADAVI","NANDURBAR(ST)","Installation of 63 KVA Transformer","09-Feb-2026","20-May-2026","750000","Sanction"
"1370","Normal/Others","WS/MP18126/2026-2027/267188-Purchase of non-conventional energy system and devices for community use","Maharashtra","NANDURBAR(DISTRICT COLLECTOR NANDURBAR_IDA)","ADV GOWAAL KAGADA PADAVI","NANDURBAR(ST)","Installation of 63 KVA Transformer","09-Feb-2026","20-May-2026","750000","Sanction"
"1371","Normal/Others","WS/MP18126/2026-2027/267189-Purchase of non-conventional energy system and devices for community use","Maharashtra","NANDURBAR(DISTRICT COLLECTOR NANDURBAR_IDA)","ADV GOWAAL KAGADA PADAVI","NANDURBAR(ST)","Installation of 63 KVA Transformer","09-Feb-2026","20-May-2026","750000","Sanction"
"1372","Normal/Others","WS/MP18126/2026-2027/267190-Purchase of non-conventional energy system and devices for community use","Maharashtra","NANDURBAR(DISTRICT COLLECTOR NANDURBAR_IDA)","ADV GOWAAL KAGADA PADAVI","NANDURBAR(ST)","Installation of 63 KVA Transformer","09-Feb-2026","20-May-2026","750000","Sanction"
"1373","Normal/Others","WS/MP18126/2026-2027/267191-Purchase of non-conventional energy system and devices for community use","Maharashtra","NANDURBAR(DISTRICT COLLECTOR NANDURBAR_IDA)","ADV GOWAAL KAGADA PADAVI","NANDURBAR(ST)","Installation of 63 KVA Transformer","09-Feb-2026","03-Jul-2026","750000","Sanction"
"1374","Normal/Others","WS/MP18126/2026-2027/267192-Purchase of non-conventional energy system and devices for community use","Maharashtra","NANDURBAR(DISTRICT COLLECTOR NANDURBAR_IDA)","ADV GOWAAL KAGADA PADAVI","NANDURBAR(ST)","Installation of 63 KVA Transformer","09-Feb-2026","20-May-2026","750000","Sanction"
"1375","Normal/Others","WS/MP18126/2026-2027/267193-Purchase of non-conventional energy system and devices for community use","Maharashtra","NANDURBAR(DISTRICT COLLECTOR NANDURBAR_IDA)","ADV GOWAAL KAGADA PADAVI","NANDURBAR(ST)","Installation of 63 KVA Transformer","09-Feb-2026","20-May-2026","750000","Sanction"
"1376","Normal/Others","WS/MP18126/2026-2027/267194-Purchase of non-conventional energy system and devices for community use","Maharashtra","NANDURBAR(DISTRICT COLLECTOR NANDURBAR_IDA)","ADV GOWAAL KAGADA PADAVI","NANDURBAR(ST)","Installation of 63 KVA Transformer","09-Feb-2026","20-May-2026","750000","Sanction"
"1377","Normal/Others","WS/MP18126/2026-2027/267195-Purchase of non-conventional energy system and devices for community use","Maharashtra","NANDURBAR(DISTRICT COLLECTOR NANDURBAR_IDA)","ADV GOWAAL KAGADA PADAVI","NANDURBAR(ST)","Installation of 63 KVA Transformer","09-Feb-2026","20-May-2026","750000","Sanction"
"1378","Normal/Others","WS/MP18126/2026-2027/267196-Purchase of non-conventional energy system and devices for community use","Maharashtra","NANDURBAR(DISTRICT COLLECTOR NANDURBAR_IDA)","ADV GOWAAL KAGADA PADAVI","NANDURBAR(ST)","Installation of 63 KVA Transformer","09-Feb-2026","20-May-2026","750000","Sanction"
"1379","Normal/Others","WS/MP18126/2026-2027/267197-Purchase of non-conventional energy system and devices for community use","Maharashtra","NANDURBAR(DISTRICT COLLECTOR NANDURBAR_IDA)","ADV GOWAAL KAGADA PADAVI","NANDURBAR(ST)","Installation of 63 KVA Transformer","09-Feb-2026","20-May-2026","750000","Sanction"
"1380","Normal/Others","WS/MP18126/2026-2027/267198-Purchase of non-conventional energy system and devices for community use","Maharashtra","NANDURBAR(DISTRICT COLLECTOR NANDURBAR_IDA)","ADV GOWAAL KAGADA PADAVI","NANDURBAR(ST)","Installation of 63 KVA Transformer","09-Feb-2026","20-May-2026","750000","Sanction"
"1381","Normal/Others","WS/MP18126/2026-2027/267199-Purchase of non-conventional energy system and devices for community use","Maharashtra","NANDURBAR(DISTRICT COLLECTOR NANDURBAR_IDA)","ADV GOWAAL KAGADA PADAVI","NANDURBAR(ST)","Installation of 63 KVA Transformer","09-Feb-2026","20-May-2026","750000","Sanction"
"1382","Normal/Others","WS/MP18118/2026-2027/188287-Lighting of public spaces","Maharashtra","NASHIK(DISTRICT COLLECTOR NASHIK_IDA)","BHASKAR MURLIDHAR BHAGARE","DINDORI(ST)","Installation of solar highmast at Gondegaon Village, Dindori Taluka.","31-Mar-2025","21-Apr-2026","750000","Sanction"
"1383","Normal/Others","WS/MP18118/2026-2027/188288-Lighting of public spaces","Maharashtra","NASHIK(DISTRICT COLLECTOR NASHIK_IDA)","BHASKAR MURLIDHAR BHAGARE","DINDORI(ST)","Installation of solar street lights at Indira Nagar, Wadali Khurd, Nandgaon Taluka.","31-Mar-2025","21-Apr-2026","748000","Work partially Completed"
"1384","Normal/Others","WS/MP18118/2025-2026/188297-Lighting of public spaces","Maharashtra","NASHIK(DISTRICT COLLECTOR NASHIK_IDA)","BHASKAR MURLIDHAR BHAGARE","DINDORI(ST)","Installation of solar street lights at Aswalipada, Ahivantwadi, Dindori Taluka","31-Mar-2025","17-Jun-2025","749900","Time Estimation"
"1385","Normal/Others","WS/MP18118/2025-2026/188298-Lighting of public spaces","Maharashtra","NASHIK(DISTRICT COLLECTOR NASHIK_IDA)","BHASKAR MURLIDHAR BHAGARE","DINDORI(ST)","Installation of solar street lights in the slums of Kasbe Wani, Dindori Taluka","31-Mar-2025","17-Jun-2025","749900","Time Estimation"
"1386","Normal/Others","WS/MP18127/2025-2026/188380-Development of playfields and sports grounds","Maharashtra","NASHIK(DISTRICT COLLECTOR NASHIK_IDA)","RAJABHAU","NASHIK","Developing the school ground of the grain market in M.N.P. Ward No. 13. T.D. Nashik","31-Mar-2025","09-Oct-2025","995092","Physical Inspection"
"1387","Normal/Others","WS/MP18118/2026-2027/271660-Development of public parks","Maharashtra","NASHIK(DISTRICT COLLECTOR NASHIK_IDA)","BHASKAR MURLIDHAR BHAGARE","DINDORI(ST)","Improvement of garden area at Saraswati Nagar in Kasbe Wani, Taluka Dindori","28-Feb-2026","20-May-2026","500000","Sanction"
"1388","Normal/Others","WS/MP18118/2025-2026/252884-Development of public parks","Maharashtra","NASHIK(DISTRICT COLLECTOR NASHIK_IDA)","BHASKAR MURLIDHAR BHAGARE","DINDORI(ST)","Improvement of open space area in NDCC Colony area under Pimpalgaon Baswant Municipal Council, Taluka Niphad (Survey No. and Subdivision 530-1-1-Plot-19)","08-Dec-2025","20-Feb-2026","1000000","Physical Inspection"
"1389","Normal/Others","WS/MP18117/2026-2027/164338-Installation of fixed garden gym equipment","Maharashtra","NASHIK(DISTRICT COLLECTOR NASHIK_IDA)","BACHHAV SHOBHA DINESH","DHULE","Installation of green gym at ward no .4, sr.no. 124 2 a a in Satana MC Tel satana  dist nashik","13-Jan-2025","07-Aug-2026","1000000","Physical Inspection"
"1390","Normal/Others","WS/MP18117/2026-2027/164340-Installation of fixed garden gym equipment","Maharashtra","NASHIK(DISTRICT COLLECTOR NASHIK_IDA)","BACHHAV SHOBHA DINESH","DHULE","Installation of green gym at ward no 5 , sr.no.  138 3 a a in Satana Municipal Council","13-Jan-2025","30-Jul-2026","1000000","Physical Inspection"
"1391","Normal/Others","WS/MP18118/2026-2027/271607-Construction of culverts and bridges","Maharashtra","NASHIK(DISTRICT COLLECTOR NASHIK_IDA)","BHASKAR MURLIDHAR BHAGARE","DINDORI(ST)","Construction of head wall on the road leading from Nimgavhan Road in Ganur to Nilesh Thackerays Vasti, Taluka Chandwad","28-Feb-2026","20-May-2026","500000","Work partially Completed"
"1392","Normal/Others","WS/MP18118/2025-2026/252861-Construction of culverts and bridges","Maharashtra","NASHIK(DISTRICT COLLECTOR NASHIK_IDA)","BHASKAR MURLIDHAR BHAGARE","DINDORI(ST)","Construction of RCC slab culvert on Thergaon-Jivhale V.R. 250 Shivarasta, Tal. Niphad","08-Dec-2025","02-Mar-2026","1000000","Work partially Completed"
"1393","Normal/Others","WS/MP18127/2025-2026/188371-Development of public parks","Maharashtra","NASHIK(DISTRICT COLLECTOR NASHIK_IDA)","RAJABHAU","NASHIK","To protect the internal playground of Narayan Meghaji Lokhande Jogging Track at Ward No. 26 Vavare Nagar within the limits of Nashik Municipal Corporation, by installing chain link fencing and other necessary work.","31-Mar-2025","04-Jul-2025","989000","Work partially Completed"
"1394","Normal/Others","WS/MP18127/2026-2027/274221-Street lights","Maharashtra","NASHIK(DISTRICT COLLECTOR NASHIK_IDA)","RAJABHAU","NASHIK","Installation of Solar Streetlights at Manegaon, Taluka Sinnar","13-Mar-2026","20-May-2026","700000","Sanction"
"1395","Normal/Others","WS/MP18127/2026-2027/274222-Street lights","Maharashtra","NASHIK(DISTRICT COLLECTOR NASHIK_IDA)","RAJABHAU","NASHIK","Installation of Solar Streetlights at Matori, Taluka  District Nashik","13-Mar-2026","20-May-2026","700000","Sanction"
"1396","Normal/Others","WS/MP18127/2026-2027/274223-Street lights","Maharashtra","NASHIK(DISTRICT COLLECTOR NASHIK_IDA)","RAJABHAU","NASHIK","Installation of Solar Streetlights at Vinchur Dalvi, Taluka Sinnar","13-Mar-2026","20-May-2026","700000","Sanction"
"1397","Normal/Others","WS/MP18127/2026-2027/274224-Street lights","Maharashtra","NASHIK(DISTRICT COLLECTOR NASHIK_IDA)","RAJABHAU","NASHIK","Installation of Solar Streetlights at Sayyad Pimpri, Taluka District Nashik","13-Mar-2026","20-May-2026","700000","Sanction"
"1398","Normal/Others","WS/MP18127/2026-2027/274225-Street lights","Maharashtra","NASHIK(DISTRICT COLLECTOR NASHIK_IDA)","RAJABHAU","NASHIK","Installation of Solar Streetlights on the Sanjegaon Gaothan Rajur Shivar Kushegaon Road in Mauje Sanjegaon, Taluka Igatpuri.","13-Mar-2026","21-May-2026","990000","Work partially Completed"
"1399","Normal/Others","WS/MP18118/2025-2026/252898-Street lights","Maharashtra","NASHIK(DISTRICT COLLECTOR NASHIK_IDA)","BHASKAR MURLIDHAR BHAGARE","DINDORI(ST)","Installation of solar high mast at village Shirsamani. Tal. Kalvan District Nashik","08-Dec-2025","12-Feb-2026","750000","Sanction"
"1400","Normal/Others","WS/MP18118/2025-2026/252899-Street lights","Maharashtra","NASHIK(DISTRICT COLLECTOR NASHIK_IDA)","BHASKAR MURLIDHAR BHAGARE","DINDORI(ST)","Installation of solar high mast at Patvihir, Tal. Kalvan, District Nashik.","08-Dec-2025","11-Feb-2026","750000","Sanction"
"1401","Normal/Others","WS/MP18118/2025-2026/252900-Street lights","Maharashtra","NASHIK(DISTRICT COLLECTOR NASHIK_IDA)","BHASKAR MURLIDHAR BHAGARE","DINDORI(ST)","Installation of solar high mast at village Kakane. Tal. Kalvan District Nashik","08-Dec-2025","12-Feb-2026","750000","Time Estimation"
"1402","Normal/Others","WS/MP18118/2025-2026/252901-Street lights","Maharashtra","NASHIK(DISTRICT COLLECTOR NASHIK_IDA)","BHASKAR MURLIDHAR BHAGARE","DINDORI(ST)","Installation of solar high mast at Group Gram Panchayat Wadi Bu. Tal.  Kalvan Dist. Nashik","08-Dec-2025","11-Feb-2026","750000","Time Estimation"
"1403","Normal/Others","WS/MP18118/2025-2026/252902-Street lights","Maharashtra","NASHIK(DISTRICT COLLECTOR NASHIK_IDA)","BHASKAR MURLIDHAR BHAGARE","DINDORI(ST)","Installation of solar high mast at Group Gram Panchayat Tilhal Khu. Tal. Kalvan Dist. Nashik","08-Dec-2025","11-Feb-2026","750000","Time Estimation"
"1404","Normal/Others","WS/MP18127/2026-2027/253687-Street lights","Maharashtra","NASHIK(DISTRICT COLLECTOR NASHIK_IDA)","RAJABHAU","NASHIK","Nashik Municipal Corporation Ward No. 23 Installation of lamps and lights (decorative poles), Taluka Nashik","12-Dec-2025","21-May-2026","500000","Work partially Completed"
"1405","Normal/Others","WS/MP18127/2026-2027/253688-Street lights","Maharashtra","NASHIK(DISTRICT COLLECTOR NASHIK_IDA)","RAJABHAU","NASHIK","Installation of street lights (decorative poles) at Ward No. 23 of Nashik Municipal Corporation, Taluka Nashik","12-Dec-2025","21-May-2026","990000","Work partially Completed"
"1406","Normal/Others","WS/MP18127/2025-2026/253707-Construction of roads, link roads, pathways or any other road with or without drainage system","Maharashtra","NASHIK(DISTRICT COLLECTOR NASHIK_IDA)","RAJABHAU","NASHIK","Concreting of road from Mouje Khambale Phata NH 30 (NH 848) to Mahalevasti, Tal. Trimbakeshwar","12-Dec-2025","11-Feb-2026","950000","Work partially Completed"
"1407","Normal/Others","WS/MP18127/2025-2026/253712-Construction of roads, link roads, pathways or any other road with or without drainage system","Maharashtra","NASHIK(DISTRICT COLLECTOR NASHIK_IDA)","RAJABHAU","NASHIK","Construction of  Nanegaon to Palse road, Tal. Nashik","12-Dec-2025","09-Feb-2026","900000","Work partially Completed"
"1408","Normal/Others","WS/MP18127/2026-2027/253698-Construction of roads, link roads, pathways or any other road with or without drainage system","Maharashtra","NASHIK(DISTRICT COLLECTOR NASHIK_IDA)","RAJABHAU","NASHIK","Concreting of road at Ekta Nagar, Panchak, Jail Road, Taluka. Dist. Nashik","12-Dec-2025","08-Apr-2026","990000","Work Completed"
"1409","Normal/Others","WS/MP18127/2025-2026/253702-Construction of roads, link roads, pathways or any other road with or without drainage system","Maharashtra","NASHIK(DISTRICT COLLECTOR NASHIK_IDA)","RAJABHAU","NASHIK","Construction of road from Mauje Padli to Tol Vasti, Tal. Sinnar","12-Dec-2025","11-Feb-2026","999000","Vendor Identification"
"1410","Normal/Others","WS/MP18127/2025-2026/253715-Construction of roads, link roads, pathways or any other road with or without drainage system","Maharashtra","NASHIK(DISTRICT COLLECTOR NASHIK_IDA)","RAJABHAU","NASHIK","Concreting of Internal village road at Mouje Ghoti, Tal. Igatpuri","12-Dec-2025","11-Feb-2026","950000","Sanction"
"1411","Normal/Others","WS/MP18118/2025-2026/252881-Construction of roads, link roads, pathways or any other road with or without drainage system","Maharashtra","NASHIK(DISTRICT COLLECTOR NASHIK_IDA)","BHASKAR MURLIDHAR BHAGARE","DINDORI(ST)","Improvement of the road from Nimgavhan Road to Nilesh Thakare vasti, at Mouje Ganur Tal. Chandwad","08-Dec-2025","17-Feb-2026","1000000","Work Completed"
"1412","Normal/Others","WS/MP18118/2025-2026/252915-Construction of roads, link roads, pathways or any other road with or without drainage system","Maharashtra","NASHIK(DISTRICT COLLECTOR NASHIK_IDA)","BHASKAR MURLIDHAR BHAGARE","DINDORI(ST)","improvment of road at kothula to bijurmal vasti gavit vasti tal surgana nashik(0 to 1km)","08-Dec-2025","11-Feb-2026","1000000","Vendor Identification"
"1413","Normal/Others","WS/MP18127/2026-2027/274235-Construction of roads, link roads, pathways or any other road with or without drainage system","Maharashtra","NASHIK(DISTRICT COLLECTOR NASHIK_IDA)","RAJABHAU","NASHIK","Concretization of the road from Anjaneri-Mulegaon Road to the residence of Vishnu Pandurang Chavan, Taluka Trimbakeshwar.","13-Mar-2026","20-May-2026","799000","Vendor Identification"
"1414","Normal/Others","WS/MP18127/2026-2027/274236-Construction of roads, link roads, pathways or any other road with or without drainage system","Maharashtra","NASHIK(DISTRICT COLLECTOR NASHIK_IDA)","RAJABHAU","NASHIK","Metalling of the road connecting the Swapnapurti Housing Project (Mauje Ghoti) to Ghoti Wadi Taluka Igatpuri.","13-Mar-2026","20-May-2026","500000","Vendor Identification"
"1415","Normal/Others","WS/MP18127/2026-2027/274237-Construction of roads, link roads, pathways or any other road with or without drainage system","Maharashtra","NASHIK(DISTRICT COLLECTOR NASHIK_IDA)","RAJABHAU","NASHIK","Concretization of the road from Matoshree Lawns to Womens Power Farmer Producer Company at Mauje Ghoti, Taluka Igatpuri.","13-Mar-2026","20-May-2026","990000","Vendor Identification"
"1416","Normal/Others","WS/MP18127/2026-2027/274233-Construction of roads, link roads, pathways or any other road with or without drainage system","Maharashtra","NASHIK(DISTRICT COLLECTOR NASHIK_IDA)","RAJABHAU","NASHIK","Strengthening of the Road from Juna Nimgaon Gulvanch to Juna Datli at Mauje Gulvanch, Taluka Sinnar.","13-Mar-2026","20-May-2026","950000","Work partially Completed"
"1417","Normal/Others","WS/MP18118/2026-2027/252853-Construction of roads, link roads, pathways or any other road with or without drainage system","Maharashtra","NASHIK(DISTRICT COLLECTOR NASHIK_IDA)","BHASKAR MURLIDHAR BHAGARE","DINDORI(ST)","Improvement of Kolgaon to Devgaon road, Tal. Niphad","08-Dec-2025","20-May-2026","500000","Work partially Completed"
"1418","Normal/Others","WS/MP18117/2025-2026/170729-Construction of roads, link roads, pathways or any other road with or without drainage system","Maharashtra","NASHIK(DISTRICT COLLECTOR NASHIK_IDA)","BACHHAV SHOBHA DINESH","DHULE","Laying of paver blocks from pandurang goma sonawane house to shivaji keda pawar house and from eklavya putala to nanaji khairnar house in Ajmir Saundane","30-Jan-2025","12-Feb-2026","1000000","Work partially Completed"
"1419","Normal/Others","WS/MP18117/2025-2026/170733-Construction of roads, link roads, pathways or any other road with or without drainage system","Maharashtra","NASHIK(DISTRICT COLLECTOR NASHIK_IDA)","BACHHAV SHOBHA DINESH","DHULE","Installation of road paver blocks from ramdas pawar house to yashwant bhoyes house in bhikarsonda pada at mouje salher","03-Feb-2025","02-Mar-2026","1000000","Sanction"
"1420","Normal/Others","WS/MP18117/2025-2026/170764-Construction of roads, link roads, pathways or any other road with or without drainage system","Maharashtra","NASHIK(DISTRICT COLLECTOR NASHIK_IDA)","BACHHAV SHOBHA DINESH","DHULE","Installation of paver blocks from bhavdu kamadi house to Vijay mahale house in mouje Waghamba Ganesh Nagar","03-Feb-2025","12-Feb-2026","1000000","Time Estimation"
"1421","Normal/Others","WS/MP18117/2025-2026/170768-Construction of roads, link roads, pathways or any other road with or without drainage system","Maharashtra","NASHIK(DISTRICT COLLECTOR NASHIK_IDA)","BACHHAV SHOBHA DINESH","DHULE","Installation of paver blocks from chhatrapati shivaji maharaj satue to zilla parishad school in dhandri area.","03-Feb-2025","12-Feb-2026","1000000","Work partially Completed"
"1422","Normal/Others","WS/MP18118/2025-2026/188427-Construction of roads, link roads, pathways or any other road with or without drainage system","Maharashtra","NASHIK(DISTRICT COLLECTOR NASHIK_IDA)","BHASKAR MURLIDHAR BHAGARE","DINDORI(ST)","Road improvement from Kadwa Factory to Materewadi Phata Tal Dindori Dist Nashik","31-Mar-2025","17-Jun-2025","999000","Time Estimation"
"1423","Normal/Others","WS/MP18118/2025-2026/188445-Construction of roads, link roads, pathways or any other road with or without drainage system","Maharashtra","NASHIK(DISTRICT COLLECTOR NASHIK_IDA)","BHASKAR MURLIDHAR BHAGARE","DINDORI(ST)","Improvement of road toward crematorium way at Pimpalnare Tal Dindori Dist Nashik","31-Mar-2025","17-Jun-2025","999000","Physical Inspection"
"1424","Normal/Others","WS/MP18127/2025-2026/188405-Construction of roads, link roads, pathways or any other road with or without drainage system","Maharashtra","NASHIK(DISTRICT COLLECTOR NASHIK_IDA)","RAJABHAU","NASHIK","Concreting of road under Shevgedang (Phanswadi). Taluka Igatpuri Dist. Nashik","31-Mar-2025","04-Jul-2025","985764","Physical Inspection"
"1425","Normal/Others","WS/MP18127/2025-2026/188400-Construction of roads, link roads, pathways or any other road with or without drainage system","Maharashtra","NASHIK(DISTRICT COLLECTOR NASHIK_IDA)","RAJABHAU","NASHIK","Concreting the road at  Takeghoti  Igatpuri Taluka","31-Mar-2025","02-Jan-2026","751178","Physical Inspection"
"1426","Normal/Others","WS/MP18127/2025-2026/188393-Construction of roads, link roads, pathways or any other road with or without drainage system","Maharashtra","NASHIK(DISTRICT COLLECTOR NASHIK_IDA)","RAJABHAU","NASHIK","Concreting at Pimpri Road Odha Shivar Taluka, Nashik.","31-Mar-2025","17-Jun-2025","991830","Physical Inspection"
"1427","Normal/Others","WS/MP18127/2025-2026/188389-Construction of roads, link roads, pathways or any other road with or without drainage system","Maharashtra","NASHIK(DISTRICT COLLECTOR NASHIK_IDA)","RAJABHAU","NASHIK","Construction of pathway in Group No. 1 1A  Vadner Dumala Taluka Nashik","31-Mar-2025","04-Jul-2025","989000","Physical Inspection"
"1428","Normal/Others","WS/MP18127/2025-2026/188372-Construction of roads, link roads, pathways or any other road with or without drainage system","Maharashtra","NASHIK(DISTRICT COLLECTOR NASHIK_IDA)","RAJABHAU","NASHIK","Concreting the road in the Bhikanbaba Temple area of Dapur  Sinnar","31-Mar-2025","17-Jun-2025","745000","Work Completed"
"1429","Normal/Others","WS/MP18127/2025-2026/188369-Construction of roads, link roads, pathways or any other road with or without drainage system","Maharashtra","NASHIK(DISTRICT COLLECTOR NASHIK_IDA)","RAJABHAU","NASHIK","Concreting of road at Ward No. 4, Sansari. T.D. Nashik","31-Mar-2025","04-Jul-2025","989500","Work Completed"
"1430","Normal/Others","WS/MP18127/2025-2026/188374-Construction of roads, link roads, pathways or any other road with or without drainage system","Maharashtra","NASHIK(DISTRICT COLLECTOR NASHIK_IDA)","RAJABHAU","NASHIK","Improvement of Naikwadi Shiv to Khoskar Vasti road. Taluka Nashik","31-Mar-2025","04-Jul-2025","989000","Sanction"
"1431","Normal/Others","WS/MP18127/2025-2026/188378-Construction of roads, link roads, pathways or any other road with or without drainage system","Maharashtra","NASHIK(DISTRICT COLLECTOR NASHIK_IDA)","RAJABHAU","NASHIK","To pave the road from Shri Baban Bhaskar Dhikles house to Shri. Sahebrao Dhikles house in Mauje Pimpri Saiyyad, Taluka Nashik","31-Mar-2025","13-Aug-2025","692500","Physical Inspection"
"1432","Normal/Others","WS/MP18118/2025-2026/188319-Construction of roads, link roads, pathways or any other road with or without drainage system","Maharashtra","NASHIK(DISTRICT COLLECTOR NASHIK_IDA)","BHASKAR MURLIDHAR BHAGARE","DINDORI(ST)","Improvement of road from Gondegaon to Dokhale settlement. Taluka Dindori","31-Mar-2025","17-Jun-2025","996000","Vendor Identification"
"1433","Normal/Others","WS/MP18118/2025-2026/188316-Construction of roads, link roads, pathways or any other road with or without drainage system","Maharashtra","NASHIK(DISTRICT COLLECTOR NASHIK_IDA)","BHASKAR MURLIDHAR BHAGARE","DINDORI(ST)","Road improvement from Shankar Charoskar at Ramshej Ashewadi to Sanjay Dhatraks house Dindori Taluka","31-Mar-2025","17-Jun-2025","998000","Vendor Identification"
"1434","Normal/Others","WS/MP18118/2025-2026/188317-Construction of roads, link roads, pathways or any other road with or without drainage system","Maharashtra","NASHIK(DISTRICT COLLECTOR NASHIK_IDA)","BHASKAR MURLIDHAR BHAGARE","DINDORI(ST)","Concreting of village road in Malwadi Taluka Devla","31-Mar-2025","12-Feb-2026","998000","Work partially Completed"
"1435","Normal/Others","WS/MP18118/2025-2026/188304-Construction of roads, link roads, pathways or any other road with or without drainage system","Maharashtra","NASHIK(DISTRICT COLLECTOR NASHIK_IDA)","BHASKAR MURLIDHAR BHAGARE","DINDORI(ST)","Road improvement from Dhikle settlement at Chitegaon to Madhukar Bhapkars house Taluka Niphad  Dist Nashik","31-Mar-2025","02-Mar-2026","997000","Sanction"
"1436","Normal/Others","WS/MP18118/2025-2026/188293-Construction of roads, link roads, pathways or any other road with or without drainage system","Maharashtra","NASHIK(DISTRICT COLLECTOR NASHIK_IDA)","BHASKAR MURLIDHAR BHAGARE","DINDORI(ST)","Concreting the road at Toranmal in Gram Panchayat Karanjkhed. Taluka Peth District Nashik","31-Mar-2025","04-Jul-2025","399000","Sanction"
"1437","Normal/Others","WS/MP18127/2026-2027/253683-Construction of community centers and community halls","Maharashtra","NASHIK(DISTRICT COLLECTOR NASHIK_IDA)","RAJABHAU","NASHIK","Construction of social hall at Ward No. 11 Mahadevwadi, Satpur Village, Taluka. Dist. Nashik (Survey No. and Sub-Division 532_A_1)","12-Dec-2025","20-May-2026","990000","Sanction"
"1438","Normal/Others","WS/MP18127/2026-2027/253692-Construction of community centers and community halls","Maharashtra","NASHIK(DISTRICT COLLECTOR NASHIK_IDA)","RAJABHAU","NASHIK","Construction of Community Hall on the land having GLR Sy.No.28_173 (part), Sadar Bazar, Wadner Road, Deolali","12-Dec-2025","07-Sep-2026","3000000","Sanction"
"1439","Normal/Others","WS/MP18127/2026-2027/253700-Construction of community centers and community halls","Maharashtra","NASHIK(DISTRICT COLLECTOR NASHIK_IDA)","RAJABHAU","NASHIK","Construction of community hall on the vacant land of the Gram Panchayat at Mouje Jakhori, Tal. Dist. Nashik (Property No. 848)","12-Dec-2025","20-May-2026","1490000","Work partially Completed"
"1440","Normal/Others","WS/MP18127/2025-2026/253701-Construction of community centers and community halls","Maharashtra","NASHIK(DISTRICT COLLECTOR NASHIK_IDA)","RAJABHAU","NASHIK","Construction of Cultural Hall at Mouje Mithasagare, Tal. Sinnar (Property No. 41)","12-Dec-2025","11-Feb-2026","990000","Sanction"
"1441","Normal/Others","WS/MP18127/2025-2026/253703-Construction of community centers and community halls","Maharashtra","NASHIK(DISTRICT COLLECTOR NASHIK_IDA)","RAJABHAU","NASHIK","Construction of a community hall at Mouje Dhulwad, Taluka Sinnar (Property No. 311)","12-Dec-2025","11-Feb-2026","990000","Work partially Completed"
"1442","Normal/Others","WS/MP18127/2026-2027/253708-Construction of community centers and community halls","Maharashtra","NASHIK(DISTRICT COLLECTOR NASHIK_IDA)","RAJABHAU","NASHIK","Construction of a community hall at Nimgaon Sinnar, Tal. Sinnar (Property No. 276)","12-Dec-2025","20-May-2026","990000","Work partially Completed"
"1443","Normal/Others","WS/MP18127/2025-2026/253709-Construction of community centers and community halls","Maharashtra","NASHIK(DISTRICT COLLECTOR NASHIK_IDA)","RAJABHAU","NASHIK","Construction of community hall at Mauje Vavi, Tal. Sinnar","12-Dec-2025","11-Feb-2026","990000","Work partially Completed"
"1444","Normal/Others","WS/MP18127/2025-2026/253710-Construction of community centers and community halls","Maharashtra","NASHIK(DISTRICT COLLECTOR NASHIK_IDA)","RAJABHAU","NASHIK","Construction of a social hall in Gat No. 751 at Mouje Nandurshingote, Tal. Sinnar","12-Dec-2025","11-Feb-2026","990000","Work partially Completed"
"1445","Normal/Others","WS/MP18127/2026-2027/253706-Construction of community centers and community halls","Maharashtra","NASHIK(DISTRICT COLLECTOR NASHIK_IDA)","RAJABHAU","NASHIK","Construction of a compound wall for the community hall area owned by the Gram Panchayat at Mouje Vadholi, Tal. Trimbakeshwar (Property No. 255_C)","12-Dec-2025","21-May-2026","990000","Work partially Completed"
"1446","Normal/Others","WS/MP18118/2025-2026/252854-Construction of community centers and community halls","Maharashtra","NASHIK(DISTRICT COLLECTOR NASHIK_IDA)","BHASKAR MURLIDHAR BHAGARE","DINDORI(ST)","Construction of a hall near Durga Mata and Durgeshwar Mahadev Temple in Gat No. 333 at Lasalgaon. Tal. Niphad, Dist. Nashik","08-Dec-2025","02-Mar-2026","1000000","Work partially Completed"
"1447","Normal/Others","WS/MP18118/2025-2026/252855-Construction of community centers and community halls","Maharashtra","NASHIK(DISTRICT COLLECTOR NASHIK_IDA)","BHASKAR MURLIDHAR BHAGARE","DINDORI(ST)","Construction of a hall near Maruti Temple at Group Gram Panchayat Gujarkhede (Dhanakwadi), Taluka Yeola (Survey Number and Sub-Division 149)","08-Dec-2025","17-Feb-2026","1000000","Work Completed"
"1448","Normal/Others","WS/MP18118/2025-2026/252856-Construction of community centers and community halls","Maharashtra","NASHIK(DISTRICT COLLECTOR NASHIK_IDA)","BHASKAR MURLIDHAR BHAGARE","DINDORI(ST)","Construction of  hall on the vacant land of the Gram Panchayat near Vitthal Rukmini Temple at Kusmade, Taluka Yewala (Property No. 2)","08-Dec-2025","02-Mar-2026","1000000","Sanction"
"1449","Normal/Others","WS/MP18118/2025-2026/252857-Construction of community centers and community halls","Maharashtra","NASHIK(DISTRICT COLLECTOR NASHIK_IDA)","BHASKAR MURLIDHAR BHAGARE","DINDORI(ST)","Construction of hall at Umbarkhed, Taluka Niphad. (Property No. 7, Gat No. 213)","08-Dec-2025","27-Feb-2026","1000000","Work Completed"
"1450","Normal/Others","WS/MP18118/2025-2026/252859-Construction of community centers and community halls","Maharashtra","NASHIK(DISTRICT COLLECTOR NASHIK_IDA)","BHASKAR MURLIDHAR BHAGARE","DINDORI(ST)","Construction of a community hall near Kendrai Mata Temple at Group Gram Panchay at Khadak Ojhar, Tal. Chandwad  (Survey No. and Sub-Division 994)","08-Dec-2025","02-Mar-2026","1000000","Sanction"
"1451","Normal/Others","WS/MP18118/2026-2027/252860-Construction of community centers and community halls","Maharashtra","NASHIK(DISTRICT COLLECTOR NASHIK_IDA)","BHASKAR MURLIDHAR BHAGARE","DINDORI(ST)","Construction of a social hall at Borkul Nagar Aadivsi vasti, at Shirsane Tal.  Chandwad (Survey No. and Sub-Division-341-1)","08-Dec-2025","20-May-2026","1500000","Work partially Completed"
"1452","Normal/Others","WS/MP18118/2025-2026/252877-Construction of community centers and community halls","Maharashtra","NASHIK(DISTRICT COLLECTOR NASHIK_IDA)","BHASKAR MURLIDHAR BHAGARE","DINDORI(ST)","Construction of a community hall near Machhindranath Temple at Gram Panchayat Karsul, Tal. Niphad (Property No. 180)","08-Dec-2025","02-Mar-2026","1000000","Sanction"
"1453","Normal/Others","WS/MP18118/2025-2026/252880-Construction of community centers and community halls","Maharashtra","NASHIK(DISTRICT COLLECTOR NASHIK_IDA)","BHASKAR MURLIDHAR BHAGARE","DINDORI(ST)","Construction of a community hall near Prati Bhadra Maruti Temple at Mouje Savargaon, Tal. Niphad  (Gat  No. 346)","08-Dec-2025","09-Feb-2026","991372","Physical Inspection"
"1454","Normal/Others","WS/MP18118/2025-2026/252882-Construction of community centers and community halls","Maharashtra","NASHIK(DISTRICT COLLECTOR NASHIK_IDA)","BHASKAR MURLIDHAR BHAGARE","DINDORI(ST)","Construction of a community hall near the cemetery at Gram Panchayat Dhulgaon,  Tal. Yeola (Property No. 857)","08-Dec-2025","27-Feb-2026","1000000","Work Completed"
"1455","Normal/Others","WS/MP18118/2025-2026/252883-Construction of community centers and community halls","Maharashtra","NASHIK(DISTRICT COLLECTOR NASHIK_IDA)","BHASKAR MURLIDHAR BHAGARE","DINDORI(ST)","Construction of a community hall in open space under Pimpalgaon Baswant Municipal Council, Tal. Niphad (Survey No. and Subdivision 530-1-1-Plot-19)","08-Dec-2025","20-Feb-2026","1000000","Physical Inspection"
"1456","Normal/Others","WS/MP18118/2025-2026/252885-Construction of community centers and community halls","Maharashtra","NASHIK(DISTRICT COLLECTOR NASHIK_IDA)","BHASKAR MURLIDHAR BHAGARE","DINDORI(ST)","Construction of a community hall at Shri Kshetra Vaijnath Mahadev Temple at Gram Panchayat Devghat, Taluka Malegaon","08-Dec-2025","12-Feb-2026","1000000","Time Estimation"
"1457","Normal/Others","WS/MP18118/2025-2026/252896-Construction of community centers and community halls","Maharashtra","NASHIK(DISTRICT COLLECTOR NASHIK_IDA)","BHASKAR MURLIDHAR BHAGARE","DINDORI(ST)","Construction of a community hall at Khandoba Chowk, Somthan Josh, Tal. Yeola Property No - 232","08-Dec-2025","02-Mar-2026","600000","Sanction"
"1458","Normal/Others","WS/MP18118/2025-2026/252897-Construction of community centers and community halls","Maharashtra","NASHIK(DISTRICT COLLECTOR NASHIK_IDA)","BHASKAR MURLIDHAR BHAGARE","DINDORI(ST)","Construction of a community hall at Rajapur, Tal. Yeola  (Property No. -263)","08-Dec-2025","02-Mar-2026","700000","Sanction"
"1459","Normal/Others","WS/MP18127/2026-2027/274232-Construction of community centers and community halls","Maharashtra","NASHIK(DISTRICT COLLECTOR NASHIK_IDA)","RAJABHAU","NASHIK","Construction of a Community Hall in Survey No. 1 1A at Mauje Vadner Dumala, Taluka  District Nashik.","13-Mar-2026","20-May-2026","950000","Physical Inspection"
"1460","Normal/Others","WS/MP18127/2026-2027/274220-Construction of community centers and community halls","Maharashtra","NASHIK(DISTRICT COLLECTOR NASHIK_IDA)","RAJABHAU","NASHIK","Construction of a Community Hall at Mauje Ahurli, Taluka Igatpuri (Property No. 13)","13-Mar-2026","20-May-2026","1500000","Sanction"
"1461","Normal/Others","WS/MP18127/2026-2027/274227-Construction of community centers and community halls","Maharashtra","NASHIK(DISTRICT COLLECTOR NASHIK_IDA)","RAJABHAU","NASHIK","Construction of a meeting hall at the new gavthan in Korapgaon, Taluka Igatpuri (City Survey No. Group No. and Plot No. Plot No. 136 Property No. 408)","13-Mar-2026","20-May-2026","900000","Sanction"
"1462","Normal/Others","WS/MP18127/2026-2027/274239-Construction of community centers and community halls","Maharashtra","NASHIK(DISTRICT COLLECTOR NASHIK_IDA)","RAJABHAU","NASHIK","Construction of a Community Hall at Mauje Rajewadi, Taluka  District Nashik (Property No. 24)","13-Mar-2026","20-May-2026","990000","Sanction"
"1463","Normal/Others","WS/MP18127/2026-2027/274240-Construction of community centers and community halls","Maharashtra","NASHIK(DISTRICT COLLECTOR NASHIK_IDA)","RAJABHAU","NASHIK","Construction of a Community Hall on the First Floor and execution of ancillary works at Property No. 929, Annabhau Sathe Nagar, Mauje Gonde, Taluka Sinnar.","13-Mar-2026","20-May-2026","990000","Sanction"
"1464","Normal/Others","WS/MP18118/2026-2027/271608-Construction of community centers and community halls","Maharashtra","NASHIK(DISTRICT COLLECTOR NASHIK_IDA)","BHASKAR MURLIDHAR BHAGARE","DINDORI(ST)","Construction of a meeting hall in the open space of the Gram Panchayat near the water tank at Talegaon Rohi, Taluka Chandwad (Survey Number and Sub-Division 1-A)","28-Feb-2026","10-Apr-2026","1000000","Sanction"
"1465","Normal/Others","WS/MP18118/2026-2027/271609-Construction of community centers and community halls","Maharashtra","NASHIK(DISTRICT COLLECTOR NASHIK_IDA)","BHASKAR MURLIDHAR BHAGARE","DINDORI(ST)","Construction of a meeting hall at Mawdi, Taluka Dindori (Property No. 479)","28-Feb-2026","20-May-2026","1000000","Sanction"
"1466","Normal/Others","WS/MP18118/2026-2027/271610-Construction of community centers and community halls","Maharashtra","NASHIK(DISTRICT COLLECTOR NASHIK_IDA)","BHASKAR MURLIDHAR BHAGARE","DINDORI(ST)","Construction of a meeting hall near Rajarajeshwari Durga Mata Temple at Khedgaon, Taluka Dindori (Property No. 468-3)","28-Feb-2026","20-May-2026","1000000","Sanction"
"1467","Normal/Others","WS/MP18118/2026-2027/271659-Construction of community centers and community halls","Maharashtra","NASHIK(DISTRICT COLLECTOR NASHIK_IDA)","BHASKAR MURLIDHAR BHAGARE","DINDORI(ST)","Construction of a meeting hall on the vacant land of the Gram Panchayat at Kuiambi under Nanashi,  Taluka Dindori","28-Feb-2026","20-May-2026","500000","Sanction"
"1468","Normal/Others","WS/MP18118/2026-2027/277098-Construction of community centers and community halls","Maharashtra","NASHIK(DISTRICT COLLECTOR NASHIK_IDA)","BHASKAR MURLIDHAR BHAGARE","DINDORI(ST)","Construction of a meeting hall in front of Devpurpade Dnyaneshwar Mauli Secondary School, Taluka Devala  (Survey Number and Sub-Division 12)","31-Mar-2026","21-May-2026","700000","Sanction"
"1469","Normal/Others","WS/MP18127/2026-2027/277138-Construction of community centers and community halls","Maharashtra","NASHIK(DISTRICT COLLECTOR NASHIK_IDA)","RAJABHAU","NASHIK","Construction of a meeting hall on the Gram Panchayat land in Survey No. 87 at Mauje Palse, Taluka Nashik","31-Mar-2026","20-May-2026","990000","Sanction"
"1470","Normal/Others","WS/MP18127/2025-2026/188401-Construction of public libraries and reading rooms","Maharashtra","NASHIK(DISTRICT COLLECTOR NASHIK_IDA)","RAJABHAU","NASHIK","Making furniture for students in Kirtangali Sinnar","31-Mar-2025","17-Jun-2025","748000","Physical Inspection"
"1471","Normal/Others","WS/MP18127/2026-2027/188406-Construction of public libraries and reading rooms","Maharashtra","NASHIK(DISTRICT COLLECTOR NASHIK_IDA)","RAJABHAU","NASHIK","To carry out furniture and other ancillary works for Shriram Public Library Academics in Panchavati Division Ward No. 3 within Nashik Municipal Corporation limits","31-Mar-2025","26-May-2026","999000","Work partially Completed"
"1472","Normal/Others","WS/MP18127/2025-2026/188394-Construction of public libraries and reading rooms","Maharashtra","NASHIK(DISTRICT COLLECTOR NASHIK_IDA)","RAJABHAU","NASHIK","Construction of a study room at Group No. 6, Bhokani, Sinnar.","31-Mar-2025","17-Jun-2025","986000","Vendor Identification"
"1473","Normal/Others","WS/MP18127/2025-2026/188386-Crematoriums/energy efficient crematoriums or structures on burial/cremation ground","Maharashtra","NASHIK(DISTRICT COLLECTOR NASHIK_IDA)","RAJABHAU","NASHIK","Construction of a cemetery at Patildara settlement Chapadgaon Taluka Sinnar District Nashik No 144","31-Mar-2025","17-Jun-2025","499000","Sanction"
"1474","Normal/Others","WS/MP18127/2025-2026/188379-Crematoriums/energy efficient crematoriums or structures on burial/cremation ground","Maharashtra","NASHIK(DISTRICT COLLECTOR NASHIK_IDA)","RAJABHAU","NASHIK","Construction of a cemetery at Mauje Kawanai Taluka Igatpuri Group No and Subdivision 106","31-Mar-2025","17-Jun-2025","499000","Sanction"
"1475","Normal/Others","WS/MP18118/2025-2026/188299-Crematoriums/energy efficient crematoriums or structures on burial/cremation ground","Maharashtra","NASHIK(DISTRICT COLLECTOR NASHIK_IDA)","BHASKAR MURLIDHAR BHAGARE","DINDORI(ST)","Construction of Dashakriya ritual shed at Krishnagaon. Taluka Dindori District Nashik (Survey No. and Sub-Division-306)","31-Mar-2025","17-Jun-2025","998000","Work Completed"
"1476","Normal/Others","WS/MP18118/2025-2026/188310-Crematoriums/energy efficient crematoriums or structures on burial/cremation ground","Maharashtra","NASHIK(DISTRICT COLLECTOR NASHIK_IDA)","BHASKAR MURLIDHAR BHAGARE","DINDORI(ST)","Construction of a cemetery at Narayangaon, Malegaon (A) Taluka Nandgaon. (Group No. and Sub-Division 99)","31-Mar-2025","02-Feb-2026","800000","Physical Inspection"
"1477","Normal/Others","WS/MP18118/2025-2026/188311-Crematoriums/energy efficient crematoriums or structures on burial/cremation ground","Maharashtra","NASHIK(DISTRICT COLLECTOR NASHIK_IDA)","BHASKAR MURLIDHAR BHAGARE","DINDORI(ST)","Construction of a cemetery at Mohegaon, Nandgaon, Village No. 359.","31-Mar-2025","02-Mar-2026","800000","Sanction"
"1478","Normal/Others","WS/MP18118/2025-2026/188312-Crematoriums/energy efficient crematoriums or structures on burial/cremation ground","Maharashtra","NASHIK(DISTRICT COLLECTOR NASHIK_IDA)","BHASKAR MURLIDHAR BHAGARE","DINDORI(ST)","Construction of a cemetery at Mauje Mahaje, Dindori Taluka. (ST) (M.No.321)","31-Mar-2025","17-Jun-2025","798000","Work Completed"
"1479","Normal/Others","WS/MP18118/2025-2026/188313-Crematoriums/energy efficient crematoriums or structures on burial/cremation ground","Maharashtra","NASHIK(DISTRICT COLLECTOR NASHIK_IDA)","BHASKAR MURLIDHAR BHAGARE","DINDORI(ST)","Construction of a cemetery at Dahyachi Wadi, Rawalgaon, Dindari, District (ST) (Group No. and Sub-Division No. 97B3)","31-Mar-2025","17-Jun-2025","699000","Sanction"
"1480","Normal/Others","WS/MP18118/2025-2026/188314-Crematoriums/energy efficient crematoriums or structures on burial/cremation ground","Maharashtra","NASHIK(DISTRICT COLLECTOR NASHIK_IDA)","BHASKAR MURLIDHAR BHAGARE","DINDORI(ST)","Construction of a crematorium at Lingavane, Taluka Peth, District Nashik (Group No. and Sub-Division 26 2)","31-Mar-2025","17-Jun-2025","699000","Work Completed"
"1481","Normal/Others","WS/MP18118/2025-2026/188301-Crematoriums/energy efficient crematoriums or structures on burial/cremation ground","Maharashtra","NASHIK(DISTRICT COLLECTOR NASHIK_IDA)","BHASKAR MURLIDHAR BHAGARE","DINDORI(ST)","Construction of a cemetery at Dabdari, Pahuchibari, Tehsil, Peth. (ST) (Property No. 156)","31-Mar-2025","17-Jun-2025","699000","Sanction"
"1482","Normal/Others","WS/MP18118/2025-2026/188302-Crematoriums/energy efficient crematoriums or structures on burial/cremation ground","Maharashtra","NASHIK(DISTRICT COLLECTOR NASHIK_IDA)","BHASKAR MURLIDHAR BHAGARE","DINDORI(ST)","Improvement of Dashakriya ritual premises at Khadaksukene, Taluka Dindori, District Nashik (Survey No. and Sub-Division 392 2)","31-Mar-2025","17-Jun-2025","998000","Vendor Identification"
"1483","Normal/Others","WS/MP18118/2025-2026/188303-Crematoriums/energy efficient crematoriums or structures on burial/cremation ground","Maharashtra","NASHIK(DISTRICT COLLECTOR NASHIK_IDA)","BHASKAR MURLIDHAR BHAGARE","DINDORI(ST)","Construction of Dashakriya ritual shed at Chikhalamba, Taluka Chandwad, District Nashik (M.No. 249B)","31-Mar-2025","02-Mar-2026","1000000","Sanction"
"1484","Normal/Others","WS/MP18118/2025-2026/188291-Crematoriums/energy efficient crematoriums or structures on burial/cremation ground","Maharashtra","NASHIK(DISTRICT COLLECTOR NASHIK_IDA)","BHASKAR MURLIDHAR BHAGARE","DINDORI(ST)","Construction of a cemetery at Shirale in Gram Panchayat Jale. Taluka Peth District Nashik (Group No. and Sub-Division 9 2)","31-Mar-2025","17-Jun-2025","699000","Sanction"
"1485","Normal/Others","WS/MP18118/2025-2026/188284-Crematoriums/energy efficient crematoriums or structures on burial/cremation ground","Maharashtra","NASHIK(DISTRICT COLLECTOR NASHIK_IDA)","BHASKAR MURLIDHAR BHAGARE","DINDORI(ST)","Construction of a cemetery at Thavilpada, Surgana, Chikadi, Mouje (ST) (No. 418))","31-Mar-2025","02-Jan-2026","698000","Physical Inspection"
"1486","Normal/Others","WS/MP18118/2025-2026/188285-Crematoriums/energy efficient crematoriums or structures on burial/cremation ground","Maharashtra","NASHIK(DISTRICT COLLECTOR NASHIK_IDA)","BHASKAR MURLIDHAR BHAGARE","DINDORI(ST)","Construction of a cemetery at Waghdevach Mal in Mauje Sarad, Taluka Surgana (ST) (Group No. and Sub-Division 26 2)","31-Mar-2025","12-Feb-2026","698000","Sanction"
"1487","Normal/Others","WS/MP18117/2025-2026/164345-Construction of community centers and community halls","Maharashtra","NASHIK(DISTRICT COLLECTOR NASHIK_IDA)","BACHHAV SHOBHA DINESH","DHULE","Construction of assembly in Grampanchayat Milkat no. 410 ,at Taharabad, tel. Baglan, Dist. Nashik","13-Jan-2025","12-Feb-2026","1000000","Time Estimation"
"1488","Normal/Others","WS/MP18117/2025-2026/164347-Construction of community centers and community halls","Maharashtra","NASHIK(DISTRICT COLLECTOR NASHIK_IDA)","BACHHAV SHOBHA DINESH","DHULE","Construction of auditorium hall at Golwad tel. Baglan, Dist. Nashik","13-Jan-2025","12-Feb-2026","1000000","Sanction"
"1489","Normal/Others","WS/MP18117/2025-2026/164349-Construction of community centers and community halls","Maharashtra","NASHIK(DISTRICT COLLECTOR NASHIK_IDA)","BACHHAV SHOBHA DINESH","DHULE","Construction of assembly at Salwan (Kodmal) at Baglan, Dist. Nashik","13-Jan-2025","12-Feb-2026","1000000","Time Estimation"
"1490","Normal/Others","WS/MP18117/2025-2026/164358-Construction of community centers and community halls","Maharashtra","NASHIK(DISTRICT COLLECTOR NASHIK_IDA)","BACHHAV SHOBHA DINESH","DHULE","Construction of assembly at  Ambasan, at Baglan, Dist. Nashik","13-Jan-2025","12-Feb-2026","1000000","Sanction"
"1491","Normal/Others","WS/MP18127/2025-2026/188399-Construction of community centers and community halls","Maharashtra","NASHIK(DISTRICT COLLECTOR NASHIK_IDA)","RAJABHAU","NASHIK","Construction of a social hall in Plot No. 29 Group No. 494 2  Ashok Nagar Satpur T D Nashik","31-Mar-2025","04-Jul-2025","979000","Work Completed"
"1492","Normal/Others","WS/MP18127/2025-2026/188404-Construction of community centers and community halls","Maharashtra","NASHIK(DISTRICT COLLECTOR NASHIK_IDA)","RAJABHAU","NASHIK","Construction of a meeting hall in the Bhairoba Temple area at Khairgaon Taluka Igatpuri  Property No 458","31-Mar-2025","02-Jan-2026","990000","Sanction"
"1493","Normal/Others","WS/MP18127/2025-2026/188407-Construction of community centers and community halls","Maharashtra","NASHIK(DISTRICT COLLECTOR NASHIK_IDA)","RAJABHAU","NASHIK","Electrification of the social hall at  Keru Patil Nagar Taluka Sinnar","31-Mar-2025","17-Jun-2025","500000","Physical Inspection"
"1494","Normal/Others","WS/MP18127/2025-2026/188387-Construction of community centers and community halls","Maharashtra","NASHIK(DISTRICT COLLECTOR NASHIK_IDA)","RAJABHAU","NASHIK","Construction of a social hall at Mouje Nandurshingote Sinnar Taluka  Survey No 752","31-Mar-2025","17-Jun-2025","988000","Sanction"
"1495","Normal/Others","WS/MP18127/2025-2026/188388-Construction of community centers and community halls","Maharashtra","NASHIK(DISTRICT COLLECTOR NASHIK_IDA)","RAJABHAU","NASHIK","Construction of a meeting hall in property no. 129 at Mouje Vavi, Sinnar.","31-Mar-2025","17-Jun-2025","988000","Work partially Completed"
"1496","Normal/Others","WS/MP18127/2026-2027/188392-Construction of community centers and community halls","Maharashtra","NASHIK(DISTRICT COLLECTOR NASHIK_IDA)","RAJABHAU","NASHIK","Construction of a meeting hall in Nehru Chowk area within Sinnar Municipal Council limits","31-Mar-2025","21-Apr-2026","2800000","Work Completed"
"1497","Normal/Others","WS/MP18117/2025-2026/181452-Construction of community centers and community halls","Maharashtra","NASHIK(DISTRICT COLLECTOR NASHIK_IDA)","BACHHAV SHOBHA DINESH","DHULE","Construction Of Assembly Hall At. Kikwari Bk. Tal. Baglan Dist. Nashik","12-Mar-2025","12-Feb-2026","1000000","Time Estimation"
"1498","Normal/Others","WS/MP18127/2025-2026/188368-Construction of community centers and community halls","Maharashtra","NASHIK(DISTRICT COLLECTOR NASHIK_IDA)","RAJABHAU","NASHIK","Construction of a meeting hall at Pagere Galli, Village Nandgaon, Taluka Igatpuri, District Nashik.","31-Mar-2025","02-Jan-2026","999000","Sanction"
"1499","Normal/Others","WS/MP18127/2025-2026/188370-Construction of community centers and community halls","Maharashtra","NASHIK(DISTRICT COLLECTOR NASHIK_IDA)","RAJABHAU","NASHIK","Construction of social meeting hall at Mauje Avachitwadi. Tal. Igatpuri, Dist. Nashik.","31-Mar-2025","02-Jan-2026","990000","Sanction"
"1500","Normal/Others","WS/MP18127/2025-2026/188375-Construction of community centers and community halls","Maharashtra","NASHIK(DISTRICT COLLECTOR NASHIK_IDA)","RAJABHAU","NASHIK","Construction of a hall  leaf shed at Satpur MIDC Plot No. 52 1 E A I Hospital within the limits of Nashik Municipal Corporation Survey No 1090","31-Mar-2025","04-Jul-2025","999500","Physical Inspection"
"1501","Normal/Others","WS/MP18127/2025-2026/188376-Construction of community centers and community halls","Maharashtra","NASHIK(DISTRICT COLLECTOR NASHIK_IDA)","RAJABHAU","NASHIK","Construction of a meeting hall at Babhaleshwar  Taluka Nashik Property No 1","31-Mar-2025","04-Jul-2025","1499500","Work partially Completed"
"1502","Normal/Others","WS/MP18127/2025-2026/188377-Construction of community centers and community halls","Maharashtra","NASHIK(DISTRICT COLLECTOR NASHIK_IDA)","RAJABHAU","NASHIK","Construction of a meeting hall in the tribal settlement of Ashok Nagar, Dhamangaon Taluka Igatpuri District Nashik Property No 1024","31-Mar-2025","02-Dec-2025","990000","Work Completed"
"1503","Normal/Others","WS/MP18127/2025-2026/188373-Construction of community centers and community halls","Maharashtra","NASHIK(DISTRICT COLLECTOR NASHIK_IDA)","RAJABHAU","NASHIK","Construction of a social hall at Annabhau Sathe Nagar, Gonde, Sinnar.","31-Mar-2025","17-Jun-2025","988000","Work Completed"
"1504","Normal/Others","WS/MP18127/2025-2026/188381-Construction of community centers and community halls","Maharashtra","NASHIK(DISTRICT COLLECTOR NASHIK_IDA)","RAJABHAU","NASHIK","Construction of social hall at Somnath Nagar (Trimbakeshwar) in Taluka Trimbakeshwar, District Nashik (Property No. 202)","31-Mar-2025","17-Jun-2025","1497000","Sanction"
"1505","Normal/Others","WS/MP18127/2025-2026/188382-Construction of community centers and community halls","Maharashtra","NASHIK(DISTRICT COLLECTOR NASHIK_IDA)","RAJABHAU","NASHIK","Construction of a meeting hall at Mahalaxmi Nagar, Shilapur Taluka, Nashik. (Group No. and Sub-division 426 A 1","31-Mar-2025","04-Jul-2025","799000","Physical Inspection"
"1506","Normal/Others","WS/MP18118/2025-2026/188290-Construction of community centers and community halls","Maharashtra","NASHIK(DISTRICT COLLECTOR NASHIK_IDA)","BHASKAR MURLIDHAR BHAGARE","DINDORI(ST)","Construction of a social hall in the vicinity of Jai Janardhan Swami Temple, Nandurdi, Taluka Niphad, District Nashik (Property No. 1160)","31-Mar-2025","04-Jul-2025","996000","Sanction"
"1507","Normal/Others","WS/MP18118/2025-2026/188292-Construction of community centers and community halls","Maharashtra","NASHIK(DISTRICT COLLECTOR NASHIK_IDA)","BHASKAR MURLIDHAR BHAGARE","DINDORI(ST)","Construction of a meeting hall at Donwada. Tal. Peth Dist. Nashik (Property No. 353)","31-Mar-2025","17-Jun-2025","998000","Work Completed"
"1508","Repair and Renovation","WS/MP18118/2025-2026/188300-Construction of community centers and community halls","Maharashtra","NASHIK(DISTRICT COLLECTOR NASHIK_IDA)","BHASKAR MURLIDHAR BHAGARE","DINDORI(ST)","Construction of a meeting hall in front of Maruti Temple at Palkhed (Mirchi). Taluka Niphad, Dist. Nashik (Property No. 415)","31-Mar-2025","04-Jul-2025","990001","Physical Inspection"
"1509","Normal/Others","WS/MP18118/2025-2026/188305-Construction of community centers and community halls","Maharashtra","NASHIK(DISTRICT COLLECTOR NASHIK_IDA)","BHASKAR MURLIDHAR BHAGARE","DINDORI(ST)","Construction of a meeting hall in the school premises of Niphad, Mukhed, ZP (Property No. 690)","31-Mar-2025","02-Mar-2026","996000","Work partially Completed"
"1510","Normal/Others","WS/MP18118/2025-2026/188306-Construction of community centers and community halls","Maharashtra","NASHIK(DISTRICT COLLECTOR NASHIK_IDA)","BHASKAR MURLIDHAR BHAGARE","DINDORI(ST)","Construction of a pavilion at the Senior Citizens Building in Vadner Bhairav Chandwad, Village Property No. 208 1A","31-Mar-2025","04-Jul-2025","800000","Work Completed"
"1511","Normal/Others","WS/MP18118/2025-2026/188315-Construction of community centers and community halls","Maharashtra","NASHIK(DISTRICT COLLECTOR NASHIK_IDA)","BHASKAR MURLIDHAR BHAGARE","DINDORI(ST)","Construction of a meeting hall in a tribal settlement at Kanmandale, Taluka Chandwad, District Nashik (Survey No. 759)","31-Mar-2025","04-Jul-2025","1000000","Sanction"
"1512","Normal/Others","WS/MP18127/2026-2027/253684-Construction of additional rooms and halls in the existing public and community building","Maharashtra","NASHIK(DISTRICT COLLECTOR NASHIK_IDA)","RAJABHAU","NASHIK","Expansion and sitting arrangement of community hall at ESIC Hospital, Satpur MIDC Plot No. 52_1 within Nashik Municipal Corporation limits, Taluka. Dist. Nashik (City Survey No. 1090)","12-Dec-2025","20-May-2026","800000","Sanction"
"1513","Normal/Others","WS/MP18118/2026-2027/271657-Construction of additional rooms and halls in the existing public and community building","Maharashtra","NASHIK(DISTRICT COLLECTOR NASHIK_IDA)","BHASKAR MURLIDHAR BHAGARE","DINDORI(ST)","Construction of additional hall near the meeting hall in group no. 01 of Gram Panchayat at Pale Khu, Taluka Kalvan","28-Feb-2026","21-May-2026","1000000","Sanction"
"1514","Normal/Others","WS/MP18118/2026-2027/271662-Construction of boundary walls of existing public and community buildings","Maharashtra","NASHIK(DISTRICT COLLECTOR NASHIK_IDA)","BHASKAR MURLIDHAR BHAGARE","DINDORI(ST)","Construction of protection wall at Gram Panchayat Gat No. 888-2 in Kasbe Sukene. Taluka Niphad","28-Feb-2026","20-May-2026","1000000","Sanction"
"1515","Normal/Others","WS/MP18127/2026-2027/274231-Construction of boundary walls of existing public and community buildings","Maharashtra","NASHIK(DISTRICT COLLECTOR NASHIK_IDA)","RAJABHAU","NASHIK","Installation of Chain-link Fencing in Survey No. 1 1A at Mauje Vadner Dumala, Taluka  District Nashik.","13-Mar-2026","20-May-2026","950000","Work partially Completed"
"1516","Normal/Others","WS/MP18118/2025-2026/252903-Construction of boundary walls of existing public and community buildings","Maharashtra","NASHIK(DISTRICT COLLECTOR NASHIK_IDA)","BHASKAR MURLIDHAR BHAGARE","DINDORI(ST)","Construction of compound wall for Z.P. Primary School at Mauje Gondegaon, Tal. Dindori","08-Dec-2025","11-Feb-2026","1000000","Sanction"
"1517","Normal/Others","WS/MP18118/2025-2026/252858-Construction of boundary walls of existing public and community buildings","Maharashtra","NASHIK(DISTRICT COLLECTOR NASHIK_IDA)","BHASKAR MURLIDHAR BHAGARE","DINDORI(ST)","Construction of Compound wall for the auditorium at Sogras, Chandwad Taluka (Property No. 33-2)","08-Dec-2025","02-Mar-2026","1000000","Sanction"
"1518","Normal/Others","WS/MP18118/2025-2026/188289-Construction of additional rooms and halls in the existing public and community building","Maharashtra","NASHIK(DISTRICT COLLECTOR NASHIK_IDA)","BHASKAR MURLIDHAR BHAGARE","DINDORI(ST)","Construction of a meeting hall in front of Kalika Mata Temple at Ugaon, Taluka Niphad, Dist. Nashik (Group No. and Sub-Division 4 A)","31-Mar-2025","04-Jul-2025","996000","Sanction"
"1519","Normal/Others","WS/MP18127/2025-2026/253714-Construction of additional rooms and halls in the existing public and community building","Maharashtra","NASHIK(DISTRICT COLLECTOR NASHIK_IDA)","RAJABHAU","NASHIK","Construction of kitchen shed near cultural hall at Mouje Vinchur Dalvi, Sinnar Taluka (Gat No. and Sub-Division 111)","12-Dec-2025","09-Feb-2026","990000","Sanction"
"1520","Normal/Others","WS/MP18118/2026-2027/271606-Crematoriums/energy efficient crematoriums or structures on burial/cremation ground","Maharashtra","NASHIK(DISTRICT COLLECTOR NASHIK_IDA)","BHASKAR MURLIDHAR BHAGARE","DINDORI(ST)","Shed for sitting arrangement in the cemetery area at ShindeTaluka Chandwad  (Property No. 525-3)","28-Feb-2026","20-May-2026","1000000","Sanction"
"1521","Normal/Others","WS/MP18117/2025-2026/170204-Crematoriums/energy efficient crematoriums or structures on burial/cremation ground","Maharashtra","NASHIK(DISTRICT COLLECTOR NASHIK_IDA)","BACHHAV SHOBHA DINESH","DHULE","To carry out cemetery Retaining wall and ancillary works at kandhane tal. malegaon dis. nashik","29-Jan-2025","02-Jan-2026","1000000","Work partially Completed"
"1522","Normal/Others","WS/MP18118/2026-2027/271663-Crematoriums/energy efficient crematoriums or structures on burial/cremation ground","Maharashtra","NASHIK(DISTRICT COLLECTOR NASHIK_IDA)","BHASKAR MURLIDHAR BHAGARE","DINDORI(ST)","Construction of a cremetery shed at Chandori, Taluka Niphad","28-Feb-2026","20-May-2026","1000000","Sanction"
"1523","Normal/Others","WS/MP18118/2026-2027/271665-Crematoriums/energy efficient crematoriums or structures on burial/cremation ground","Maharashtra","NASHIK(DISTRICT COLLECTOR NASHIK_IDA)","BHASKAR MURLIDHAR BHAGARE","DINDORI(ST)","Cremetery related works at Vadner Bhairav, Tal. Chandwad","28-Feb-2026","20-May-2026","1000000","Sanction"
"1524","Normal/Others","WS/MP18118/2026-2027/271666-Crematoriums/energy efficient crematoriums or structures on burial/cremation ground","Maharashtra","NASHIK(DISTRICT COLLECTOR NASHIK_IDA)","BHASKAR MURLIDHAR BHAGARE","DINDORI(ST)","Dashakriya Vidhi related works at Vadner Bhairav, Chandwad Taluka","28-Feb-2026","20-May-2026","500000","Sanction"
"1525","Normal/Others","WS/MP18127/2026-2027/274234-Crematoriums/energy efficient crematoriums or structures on burial/cremation ground","Maharashtra","NASHIK(DISTRICT COLLECTOR NASHIK_IDA)","RAJABHAU","NASHIK","Construction of a Crematorium at Mauje Deshavandi, Taluka Sinnar (Property No. 9)","13-Mar-2026","20-May-2026","950000","Work partially Completed"
"1526","Normal/Others","WS/MP18127/2025-2026/253704-Crematoriums/energy efficient crematoriums or structures on burial/cremation ground","Maharashtra","NASHIK(DISTRICT COLLECTOR NASHIK_IDA)","RAJABHAU","NASHIK","Construction of Dashakriya vidhi shed at Mouje Dhulwad, Taluka Sinnar","12-Dec-2025","11-Feb-2026","990000","Work partially Completed"
"1527","Normal/Others","WS/MP18118/2025-2026/252886-Crematoriums/energy efficient crematoriums or structures on burial/cremation ground","Maharashtra","NASHIK(DISTRICT COLLECTOR NASHIK_IDA)","BHASKAR MURLIDHAR BHAGARE","DINDORI(ST)","Construction of a cemetery at Katalgaon (Group Gram Panchayat Mohanandari). Taluka Kalvan, Dist. Nashik","08-Dec-2025","12-Feb-2026","1000000","Sanction"
"1528","Normal/Others","WS/MP18118/2025-2026/252894-Crematoriums/energy efficient crematoriums or structures on burial/cremation ground","Maharashtra","NASHIK(DISTRICT COLLECTOR NASHIK_IDA)","BHASKAR MURLIDHAR BHAGARE","DINDORI(ST)","Construction of cemetery shed at Devgaon Dist.Peth.","08-Dec-2025","12-Feb-2026","700000","Vendor Identification"
"1529","Normal/Others","WS/MP18118/2025-2026/252895-Crematoriums/energy efficient crematoriums or structures on burial/cremation ground","Maharashtra","NASHIK(DISTRICT COLLECTOR NASHIK_IDA)","BHASKAR MURLIDHAR BHAGARE","DINDORI(ST)","Construction of a cemetery at Mahavihir, Malegaon, Taluka Peth, Nashik District.","08-Dec-2025","12-Feb-2026","1000000","Sanction"
"1530","Normal/Others","WS/MP18118/2025-2026/252862-Crematoriums/energy efficient crematoriums or structures on burial/cremation ground","Maharashtra","NASHIK(DISTRICT COLLECTOR NASHIK_IDA)","BHASKAR MURLIDHAR BHAGARE","DINDORI(ST)","Construction of Dashakriya vidhi shed at Manjargaon, Tal. Niphad (Property No. 330 Gat No. 115)","08-Dec-2025","12-Feb-2026","1000000","Work Completed"
"1531","Normal/Others","WS/MP18127/2025-2026/188390-Construction of boundary walls of existing public and community buildings","Maharashtra","NASHIK(DISTRICT COLLECTOR NASHIK_IDA)","RAJABHAU","NASHIK","Construction of protective wall in Swami Samarth Kendra area at Vadner Taluka Nashik  Survey number and subdivision 1 1 A","31-Mar-2025","04-Jul-2025","989000","Physical Inspection"
"1532","Normal/Others","WS/MP18127/2026-2027/188391-Construction of boundary walls of existing public and community buildings","Maharashtra","NASHIK(DISTRICT COLLECTOR NASHIK_IDA)","RAJABHAU","NASHIK","Construction of protective wall along Shiv Nadis in Nageshwari area. Tal. Sinnar, Dist. Nashik","31-Mar-2025","21-Apr-2026","1443000","Work Completed"
"1533","Normal/Others","WS/MP18118/2025-2026/188286-Construction of buildings for community cultural activities","Maharashtra","NASHIK(DISTRICT COLLECTOR NASHIK_IDA)","BHASKAR MURLIDHAR BHAGARE","DINDORI(ST)","Construction of a meeting hall in the premises of the ZP Primary School in Mouje Pratapgad, Taluka Surgana. (M.No. 182)","31-Mar-2025","02-Jan-2026","699000","Physical Inspection"
"1534","Normal/Others","WS/MP18118/2025-2026/188318-Construction of Government office buildings (Post office, Police station, Police chauki, etc.)","Maharashtra","NASHIK(DISTRICT COLLECTOR NASHIK_IDA)","BHASKAR MURLIDHAR BHAGARE","DINDORI(ST)","To carry out furniture and other ancillary works of Pade Gram Panchayat Office. Taluka Dindori District Nashik (M.No. 718)","31-Mar-2025","17-Jun-2025","499000","Physical Inspection"
"1535","Normal/Others","WS/MP18127/2026-2027/253689-Providing CCTV camera system for security of public areas","Maharashtra","NASHIK(DISTRICT COLLECTOR NASHIK_IDA)","RAJABHAU","NASHIK","Installation of CCTV cameras and decorative poles at Gopalkrishna Garden, Balasaheb Thackeray, Dawakhana Garden, Simhasthanagar Nashik","12-Dec-2025","21-May-2026","500000","Work partially Completed"
"1536","Normal/Others","WS/MP18127/2026-2027/253690-Providing CCTV camera system for security of public areas","Maharashtra","NASHIK(DISTRICT COLLECTOR NASHIK_IDA)","RAJABHAU","NASHIK","Installation of CCTV cameras and decorative poles at Ganpati Temple Garden Ashwinnagar Nashik","12-Dec-2025","21-May-2026","500000","Work partially Completed"
"1537","Normal/Others","WS/MP18127/2026-2027/253691-Providing CCTV camera system for security of public areas","Maharashtra","NASHIK(DISTRICT COLLECTOR NASHIK_IDA)","RAJABHAU","NASHIK","Installation CCTV cameras and decorative poles at Ashwinnagar Hanuman Temple premises Nashik","12-Dec-2025","21-May-2026","500000","Work partially Completed"
"1538","Normal/Others","WS/MP18127/2026-2027/253685-Providing CCTV camera system for security of public areas","Maharashtra","NASHIK(DISTRICT COLLECTOR NASHIK_IDA)","RAJABHAU","NASHIK","Installation of CCTV cameras at various intersections in Sihasthanagar area Nashik Tal. Nashik","12-Dec-2025","21-May-2026","500000","Work partially Completed"
"1539","Normal/Others","WS/MP18127/2026-2027/253686-Providing CCTV camera system for security of public areas","Maharashtra","NASHIK(DISTRICT COLLECTOR NASHIK_IDA)","RAJABHAU","NASHIK","Installation of CCTV cameras and decorative poles at Minatai Thackeray Udyan Ashwinnagar in Ward No. 27 Nashik","12-Dec-2025","21-May-2026","500000","Work partially Completed"
"1540","Normal/Others","WS/MP18118/2025-2026/188426-Construction of rooms and halls in school and colleges","Maharashtra","NASHIK(DISTRICT COLLECTOR NASHIK_IDA)","BHASKAR MURLIDHAR BHAGARE","DINDORI(ST)","Construction of 1 Classroom in Z.P.Shchool at Punadnagar  Jambhal Tal.Kalwan Dist.Nashik","31-Mar-2025","12-Feb-2026","986000","Sanction"
"1541","Normal/Others","WS/MP18118/2026-2027/271664-Development of playground","Maharashtra","NASHIK(DISTRICT COLLECTOR NASHIK_IDA)","BHASKAR MURLIDHAR BHAGARE","DINDORI(ST)","Improvement of ZP School Ground at Kanakapur, Tal. Deola","28-Feb-2026","21-May-2026","700000","Sanction"
"1542","Normal/Others","WS/MP18118/2026-2027/271611-Development of playground","Maharashtra","NASHIK(DISTRICT COLLECTOR NASHIK_IDA)","BHASKAR MURLIDHAR BHAGARE","DINDORI(ST)","Improvement of the ZP school ground at Khedgaon,Taluka Dindori","28-Feb-2026","20-May-2026","1000000","Sanction"
"1543","Normal/Others","WS/MP18118/2025-2026/252878-Development of playground","Maharashtra","NASHIK(DISTRICT COLLECTOR NASHIK_IDA)","BHASKAR MURLIDHAR BHAGARE","DINDORI(ST)","Improvement of the Z.P. School Ground at Kochargaon,  Tal. Dindori","08-Dec-2025","02-Mar-2026","1000000","Sanction"
"1544","Normal/Others","WS/MP18118/2025-2026/252879-Purchase of IT systems, including hardware and software for educational purposes","Maharashtra","NASHIK(DISTRICT COLLECTOR NASHIK_IDA)","BHASKAR MURLIDHAR BHAGARE","DINDORI(ST)","Providing 50 schools, junior and senior colleges, ashram schools with other teaching materials in Nashik district, including 1 ASL-3000R PA Lectern System-Podium 5 Years Warranty with Additional neck band with Speaker, a total of 50 Podiums.","08-Dec-2025","18-Mar-2026","3000000","Physical Inspection"
"1545","Normal/Others","WS/MP18118/2026-2027/252848-Construction of toilet blocks","Maharashtra","NASHIK(DISTRICT COLLECTOR NASHIK_IDA)","BHASKAR MURLIDHAR BHAGARE","DINDORI(ST)","Construction of toilets for boys and girls at ZP Primary School Janori (Akharpat). Tal. Dindori","08-Dec-2025","20-May-2026","1000000","Sanction"
"1546","Normal/Others","WS/MP18117/2025-2026/168713-Purchase of smart boards, visual display units and projectors","Maharashtra","NASHIK(DISTRICT COLLECTOR NASHIK_IDA)","BACHHAV SHOBHA DINESH","DHULE","Digital 2 classroom of utkarsh primary school dayane tal. malegaon 65inch. interactive board, Computer, VC Camera","29-Jan-2025","19-Jun-2025","1000000","Work Completed"
"1547","Normal/Others","WS/MP18117/2025-2026/168715-Purchase of smart boards, visual display units and projectors","Maharashtra","NASHIK(DISTRICT COLLECTOR NASHIK_IDA)","BACHHAV SHOBHA DINESH","DHULE","Digitalization of 2 Classrooms of kino urdu primary school ramzanpura tal. malegaon dist. nashik","29-Jan-2025","19-Jun-2025","1000000","Work Completed"
"1548","Normal/Others","WS/MP18117/2026-2027/290936-Purchase of smart boards, visual display units and projectors","Maharashtra","NASHIK(DISTRICT COLLECTOR NASHIK_IDA)","BACHHAV SHOBHA DINESH","DHULE","digitalization of 1 classroom of bhatke vimuktam jati primary ashram school galne tal malegaon dist nashik","01-Jul-2026","07-Aug-2026","700000","Sanction"
"1549","Normal/Others","WS/MP18117/2026-2027/290945-Purchase of smart boards, visual display units and projectors","Maharashtra","NASHIK(DISTRICT COLLECTOR NASHIK_IDA)","BACHHAV SHOBHA DINESH","DHULE","saraswati mata shikshan prasarak sanstha malegaon camp tal malegaon dist nashik operated primary ashram school wadner khakurdi tal malegaon dist nashik 1 classroom of this school in nashik","01-Jul-2026","07-Aug-2026","700000","Sanction"
"1550","Normal/Others","WS/MP18117/2026-2027/290949-Purchase of smart boards, visual display units and projectors","Maharashtra","NASHIK(DISTRICT COLLECTOR NASHIK_IDA)","BACHHAV SHOBHA DINESH","DHULE","S M High school ward no 32 malegaon dist nashik to digitize 1 classroom","01-Jul-2026","07-Aug-2026","700000","Sanction"
"1551","Normal/Others","WS/MP18127/2025-2026/188385-Construction of public irrigation facilities","Maharashtra","NASHIK(DISTRICT COLLECTOR NASHIK_IDA)","RAJABHAU","NASHIK","Construction of Mori on Dodi B. to Datli road. Tal. Sinnar Dist. Nashik","31-Mar-2025","17-Jun-2025","988000","Physical Inspection"
"1552","Normal/Others","WS/MP18127/2025-2026/188398-Construction of public irrigation facilities","Maharashtra","NASHIK(DISTRICT COLLECTOR NASHIK_IDA)","RAJABHAU","NASHIK","Construction of a sluice gate at Jadhav Vasti in Sonari Village Sinnar Taluka","31-Mar-2025","17-Jun-2025","988000","Work Completed"
"1553","Normal/Others","WS/MP18127/2025-2026/253711-Setting up of kitchen and pantries","Maharashtra","NASHIK(DISTRICT COLLECTOR NASHIK_IDA)","RAJABHAU","NASHIK","Construction of kitchen shed for ZP Primary School at Mauje Dapur, Tal. Sinnar","12-Dec-2025","11-Feb-2026","980000","Vendor Identification"
"1554","Normal/Others","WS/MP18127/2025-2026/253713-Purchase of furniture and fixtures for educational purposes","Maharashtra","NASHIK(DISTRICT COLLECTOR NASHIK_IDA)","RAJABHAU","NASHIK","Providing new furniture for the liabrary at Gram Panchayat Harsul, Tal. Trimbakeshwar","12-Dec-2025","09-Feb-2026","800000","Sanction"
"1555","Normal/Others","WS/MP18127/2026-2027/277131-Purchase of furniture and fixtures for educational purposes","Maharashtra","NASHIK(DISTRICT COLLECTOR NASHIK_IDA)","RAJABHAU","NASHIK","Furnishing of Gram Panchayat owned study hall at Mouje Bhokani, Taluka Sinnar","31-Mar-2026","03-Sep-2026","700000","Vendor Identification"
"1556","Normal/Others","WS/MP18118/2026-2027/271661-Construction of roads, link roads, pathways or any other road with or without drainage system","Maharashtra","NASHIK(DISTRICT COLLECTOR NASHIK_IDA)","BHASKAR MURLIDHAR BHAGARE","DINDORI(ST)","Concriting road from Shevkhandi to Chaudhary Vasti under Grampanchayat Shevkhandi Tal. Peth","28-Feb-2026","20-May-2026","500000","Sanction"
"1557","Normal/Others","WS/MP18127/2026-2027/274226-Construction of roads, link roads, pathways or any other road with or without drainage system","Maharashtra","NASHIK(DISTRICT COLLECTOR NASHIK_IDA)","RAJABHAU","NASHIK","Construction of Kawanai Vanyachiwadi Korpagaon Shivrastha,Tal. Igatpuri","13-Mar-2026","20-May-2026","990000","Work partially Completed"
"1558","Normal/Others","WS/MP18127/2026-2027/274228-Construction of roads, link roads, pathways or any other road with or without drainage system","Maharashtra","NASHIK(DISTRICT COLLECTOR NASHIK_IDA)","RAJABHAU","NASHIK","Improvement of the Khadangali Panchale Road to Nimgaon Devpur Road Village Nimgaon Devpur, Taluka Sinnar.","13-Mar-2026","20-May-2026","999000","Work partially Completed"
"1559","Normal/Others","WS/MP18127/2026-2027/274229-Construction of roads, link roads, pathways or any other road with or without drainage system","Maharashtra","NASHIK(DISTRICT COLLECTOR NASHIK_IDA)","RAJABHAU","NASHIK","Construction of a gravel road from Panchale Vadangali Road to Ganpat Zhades house at Mauje Devpur, Taluka Sinnar.","13-Mar-2026","20-May-2026","700000","Work partially Completed"
"1560","Normal/Others","WS/MP673/2026-2027/240864-Construction of roads, link roads, pathways or any other road with or without drainage system","Maharashtra","Dharashiv(DISTRICT COLLECTOR OSMANABAD_IDA)","Omprakash Bhupalsinh Alias Pawan Rajenimbalkar","OSMANABAD","Construction of road on public space from bhagwat nagu jamadar house to arjun gundiba jamadar house at Kond block and dist. Dharashiv. (ST)","10-Oct-2025","03-Aug-2026","699300","Physical Inspection"
"1561","Normal/Others","WS/MP673/2026-2027/218587-Construction of roads, link roads, pathways or any other road with or without drainage system","Maharashtra","Dharashiv(DISTRICT COLLECTOR OSMANABAD_IDA)","Omprakash Bhupalsinh Alias Pawan Rajenimbalkar","OSMANABAD","Installation of paver block in front of Ram Temple on GP own open space at Hiwara block Bhum Dist. Dharashiv.","15-Jul-2025","09-Apr-2026","296176","Physical Inspection"
"1562","Normal/Others","WS/MP673/2025-2026/145399-Installing tube-wells and borewells","Maharashtra","Dharashiv(DISTRICT COLLECTOR OSMANABAD_IDA)","Omprakash Bhupalsinh Alias Pawan Rajenimbalkar","OSMANABAD","Installing tube-wells and borewells Jewali ta. Lohara","04-Oct-2024","06-Oct-2025","299674","Physical Inspection"
"1563","Normal/Others","WS/MP673/2026-2027/193055-Installing tube-wells and borewells","Maharashtra","Dharashiv(DISTRICT COLLECTOR OSMANABAD_IDA)","Omprakash Bhupalsinh Alias Pawan Rajenimbalkar","OSMANABAD","nstallation of borewell, motor and water tank on public space at Sarola (Bk) block and dist. Dharashiv.","21-Apr-2025","01-Jul-2026","300000","Vendor Identification"
"1564","Normal/Others","WS/MP673/2026-2027/197787-Installing tube-wells and borewells","Maharashtra","Dharashiv(DISTRICT COLLECTOR OSMANABAD_IDA)","Omprakash Bhupalsinh Alias Pawan Rajenimbalkar","OSMANABAD","Installation of borewell, motor and water tank  on public space at Sonari block Paranda dist. Dharashiv.","08-May-2025","01-Jul-2026","300000","Time Estimation"
"1565","Normal/Others","WS/MP673/2025-2026/214098-Construction of roads, link roads, pathways or any other road with or without drainage system","Maharashtra","Dharashiv(DISTRICT COLLECTOR OSMANABAD_IDA)","Omprakash Bhupalsinh Alias Pawan Rajenimbalkar","OSMANABAD","Construction of road ravidra ggangavane houseto umakant garad houson public space at Sawargaon (Devangra) block bhum dist Dharashiv.","02-Jul-2025","02-Feb-2026","497555","Physical Inspection"
"1566","Normal/Others","WS/MP673/2026-2027/207526-Construction of roads, link roads, pathways or any other road with or without drainage system","Maharashtra","Dharashiv(DISTRICT COLLECTOR OSMANABAD_IDA)","Omprakash Bhupalsinh Alias Pawan Rajenimbalkar","OSMANABAD","Construction of cement road on public space from Sheshrao Fattepure house to Vaman Madane s house at bori block  omarga dist. Dharashiv.","09-Jun-2025","06-Apr-2026","995670","Physical Inspection"
"1567","Normal/Others","WS/MP673/2026-2027/207539-Construction of roads, link roads, pathways or any other road with or without drainage system","Maharashtra","Dharashiv(DISTRICT COLLECTOR OSMANABAD_IDA)","Omprakash Bhupalsinh Alias Pawan Rajenimbalkar","OSMANABAD","Construction of cement road from rajendra lingappa hogade house to birajdar mashan bhumion public space at Chivari block Tuljapur dist Dharashiv.","09-Jun-2025","23-Jun-2026","499900","Physical Inspection"
"1568","Normal/Others","WS/MP673/2025-2026/167817-Purchase of IT systems, including hardware and software for educational purposes","Maharashtra","Dharashiv(DISTRICT COLLECTOR OSMANABAD_IDA)","Omprakash Bhupalsinh Alias Pawan Rajenimbalkar","OSMANABAD","Making video conference sets and related materials available at District and Sessions Court Dharashiv.","22-Jan-2025","19-Jan-2026","2499999","Work Completed"
"1569","Normal/Others","WS/MP673/2024-2025/139034-Construction of bus-sheds or bus-stops","Maharashtra","Dharashiv(DISTRICT COLLECTOR OSMANABAD_IDA)","Omprakash Bhupalsinh Alias Pawan Rajenimbalkar","OSMANABAD","Construction of bus shed opposite Janseva School.","05-Sep-2024","03-Mar-2025","300000","Physical Inspection"
"1570","Normal/Others","WS/MP673/2025-2026/176951-Construction of bus-sheds or bus-stops","Maharashtra","Dharashiv(DISTRICT COLLECTOR OSMANABAD_IDA)","Omprakash Bhupalsinh Alias Pawan Rajenimbalkar","OSMANABAD","02.004 - Construction of bus-sheds Irachiwadi ta. Bhum","22-Feb-2025","02-Jan-2026","298963","Physical Inspection"
"1571","Normal/Others","WS/MP673/2026-2027/176952-Construction of bus-sheds or bus-stops","Maharashtra","Dharashiv(DISTRICT COLLECTOR OSMANABAD_IDA)","Omprakash Bhupalsinh Alias Pawan Rajenimbalkar","OSMANABAD","Construction of bus-sheds Dudhodi ta. bhum","22-Feb-2025","14-May-2026","298283","Physical Inspection"
"1572","Normal/Others","WS/MP673/2026-2027/182071-Construction of community centers and community halls","Maharashtra","Dharashiv(DISTRICT COLLECTOR OSMANABAD_IDA)","Omprakash Bhupalsinh Alias Pawan Rajenimbalkar","OSMANABAD","Construction of community hall on open space (property no. 341) at Deolali Tq. And dist. Dharashiv","15-Mar-2025","10-Apr-2026","700000","Work Completed"
"1573","Normal/Others","WS/MP673/2025-2026/199040-Construction of community centers and community halls","Maharashtra","Dharashiv(DISTRICT COLLECTOR OSMANABAD_IDA)","Omprakash Bhupalsinh Alias Pawan Rajenimbalkar","OSMANABAD","Construction of community centre on grampanchayat open space at Dindegaon block Tuljapur dist. Dharashiv","13-May-2025","06-Mar-2026","696803","Physical Inspection"
"1574","Normal/Others","WS/MP673/2025-2026/200173-Construction of community centers and community halls","Maharashtra","Dharashiv(DISTRICT COLLECTOR OSMANABAD_IDA)","Omprakash Bhupalsinh Alias Pawan Rajenimbalkar","OSMANABAD","Construction of community centre on GP own open space (property no. 208) at Anandwadi block Bhum Dist. Dharashiv.","16-May-2025","06-Mar-2026","673517","Physical Inspection"
"1575","Normal/Others","WS/MP673/2025-2026/201929-Construction of community centers and community halls","Maharashtra","Dharashiv(DISTRICT COLLECTOR OSMANABAD_IDA)","Omprakash Bhupalsinh Alias Pawan Rajenimbalkar","OSMANABAD","1. Construction of community centre on GP own open land (property no.610) at Pimpla (kh) block Tuljapur dist Dharashiv.","21-May-2025","25-Feb-2026","696250","Physical Inspection"
"1576","Normal/Others","WS/MP673/2026-2027/202474-Construction of community centers and community halls","Maharashtra","Dharashiv(DISTRICT COLLECTOR OSMANABAD_IDA)","Omprakash Bhupalsinh Alias Pawan Rajenimbalkar","OSMANABAD","Construction of community centre on GP own open land (property no. 1) at Dhotri block Tuljapur dist Dharashiv.","22-May-2025","03-Aug-2026","499400","Physical Inspection"
"1577","Normal/Others","WS/MP673/2026-2027/204854-Construction of community centers and community halls","Maharashtra","Dharashiv(DISTRICT COLLECTOR OSMANABAD_IDA)","Omprakash Bhupalsinh Alias Pawan Rajenimbalkar","OSMANABAD","Construction of community centre on GP own open land (property no. 257) at babhalgaon block Tuljapur dist Dharashiv.","09-Jun-2025","23-Jun-2026","700000","Physical Inspection"
"1578","Normal/Others","WS/MP673/2025-2026/169929-Construction of community centers and community halls","Maharashtra","Dharashiv(DISTRICT COLLECTOR OSMANABAD_IDA)","Omprakash Bhupalsinh Alias Pawan Rajenimbalkar","OSMANABAD","01.001 - Construction of community centers   Wanewadi","29-Jan-2025","06-Mar-2026","1293928","Physical Inspection"
"1579","Normal/Others","WS/MP673/2026-2027/176956-Construction of community centers and community halls","Maharashtra","Dharashiv(DISTRICT COLLECTOR OSMANABAD_IDA)","Omprakash Bhupalsinh Alias Pawan Rajenimbalkar","OSMANABAD","Construction of community centers   Yashwandi ta. Washi","22-Feb-2025","17-Aug-2026","694535","Physical Inspection"
"1580","Normal/Others","WS/MP673/2026-2027/225719-Construction of community centers and community halls","Maharashtra","Dharashiv(DISTRICT COLLECTOR OSMANABAD_IDA)","Omprakash Bhupalsinh Alias Pawan Rajenimbalkar","OSMANABAD","Construction of the community centre on gp own open land (property no 186) at Borgaon Raje block and dist Dharashiv","07-Aug-2025","08-Apr-2026","685572","Physical Inspection"
"1581","Normal/Others","WS/MP673/2025-2026/143160-Construction of roads, link roads, pathways or any other road with or without drainage system","Maharashtra","Dharashiv(DISTRICT COLLECTOR OSMANABAD_IDA)","Omprakash Bhupalsinh Alias Pawan Rajenimbalkar","OSMANABAD","Construction of road in public space from Canal Road to Barate Vasti","24-Sep-2024","16-Apr-2025","500000","Physical Inspection"
"1582","Normal/Others","WS/MP673/2025-2026/199029-Construction of roads, link roads, pathways or any other road with or without drainage system","Maharashtra","Dharashiv(DISTRICT COLLECTOR OSMANABAD_IDA)","Omprakash Bhupalsinh Alias Pawan Rajenimbalkar","OSMANABAD","Construction of cement road from govardhan mote house to upto canal on public space at Girwali block bhum Dist. Dharashiv","13-May-2025","02-Jan-2026","693895","Physical Inspection"
"1583","Normal/Others","WS/MP673/2025-2026/199064-Construction of roads, link roads, pathways or any other road with or without drainage system","Maharashtra","Dharashiv(DISTRICT COLLECTOR OSMANABAD_IDA)","Omprakash Bhupalsinh Alias Pawan Rajenimbalkar","OSMANABAD","Construction of cement road from premnath gawali house to ramraje patil house in  Tambari area at Dharashiv block and dist. Dharashiv","13-May-2025","10-Oct-2025","696907","Physical Inspection"
"1584","Normal/Others","WS/MP673/2025-2026/193049-Construction of roads, link roads, pathways or any other road with or without drainage system","Maharashtra","Dharashiv(DISTRICT COLLECTOR OSMANABAD_IDA)","Omprakash Bhupalsinh Alias Pawan Rajenimbalkar","OSMANABAD","Construction of cement road from Akshay Jogdand house to Nitin Gaikwad house on public space at Warewadgaon block Bhum Dist. Dharashiv. (SC)","21-Apr-2025","29-Aug-2025","494997","Physical Inspection"
"1585","Normal/Others","WS/MP673/2026-2027/201963-Construction of roads, link roads, pathways or any other road with or without drainage system","Maharashtra","Dharashiv(DISTRICT COLLECTOR OSMANABAD_IDA)","Omprakash Bhupalsinh Alias Pawan Rajenimbalkar","OSMANABAD","Construction of cement road on public space from waruda raod to mount litera english school at Upla (Ma) block and dist. Dharashiv.","21-May-2025","10-Apr-2026","995416","Physical Inspection"
"1586","Normal/Others","WS/MP673/2025-2026/202437-Construction of roads, link roads, pathways or any other road with or without drainage system","Maharashtra","Dharashiv(DISTRICT COLLECTOR OSMANABAD_IDA)","Omprakash Bhupalsinh Alias Pawan Rajenimbalkar","OSMANABAD","Construction of cement road on public space from  amol doke to baban gaykwad at shekhapur block bhum dist. Dharashiv.","22-May-2025","19-Jan-2026","498630","Physical Inspection"
"1587","Normal/Others","WS/MP673/2026-2027/193064-Construction of roads, link roads, pathways or any other road with or without drainage system","Maharashtra","Dharashiv(DISTRICT COLLECTOR OSMANABAD_IDA)","Omprakash Bhupalsinh Alias Pawan Rajenimbalkar","OSMANABAD","Construction of cement road from Anil More house to Crematoriums on public space at Bijanwadi block Tuljapur dist. Dharashiv.","21-Apr-2025","10-Apr-2026","995271","Physical Inspection"
"1588","Normal/Others","WS/MP673/2025-2026/181028-Construction of roads, link roads, pathways or any other road with or without drainage system","Maharashtra","Dharashiv(DISTRICT COLLECTOR OSMANABAD_IDA)","Omprakash Bhupalsinh Alias Pawan Rajenimbalkar","OSMANABAD","Construction of road on public space from national highway to shiralkar s farm adbandh at Pargaon block Washi Dist Dharashiv","11-Mar-2025","19-Jan-2026","500000","Physical Inspection"
"1589","Normal/Others","WS/MP673/2025-2026/176955-Construction of roads, link roads, pathways or any other road with or without drainage system","Maharashtra","Dharashiv(DISTRICT COLLECTOR OSMANABAD_IDA)","Omprakash Bhupalsinh Alias Pawan Rajenimbalkar","OSMANABAD","Construction of road from Kachru Sheikh house to Anwar Sheikhs house here. at irla ta. Dharashiv dist. Dharashiv","22-Feb-2025","16-Jul-2025","696992","Physical Inspection"
"1590","Normal/Others","WS/MP673/2026-2027/259050-Construction of roads, link roads, pathways or any other road with or without drainage system","Maharashtra","Dharashiv(DISTRICT COLLECTOR OSMANABAD_IDA)","Omprakash Bhupalsinh Alias Pawan Rajenimbalkar","OSMANABAD","Construction of cement road in public space from Sathe Chowk to Dutt Paradhe s house in Sathe Nagar (SC) at katgaon block tuljapur dist. Dharashiv","13-Jan-2026","27-May-2026","700000","Physical Inspection"
"1591","Normal/Others","WS/MP673/2026-2027/238949-Street lights","Maharashtra","Dharashiv(DISTRICT COLLECTOR OSMANABAD_IDA)","Omprakash Bhupalsinh Alias Pawan Rajenimbalkar","OSMANABAD","2. Installation of solar street light from main road to Waman Vithoba kadam house at Kanegaon block Lohara Dist. Dharashiv.","29-Sep-2025","27-May-2026","999999","Work partially Completed"
"1592","Normal/Others","WS/MP673/2026-2027/145234-Development of public parks","Maharashtra","Dharashiv(DISTRICT COLLECTOR OSMANABAD_IDA)","Omprakash Bhupalsinh Alias Pawan Rajenimbalkar","OSMANABAD","Development of public parks Punyashlok Rajmata Ahilya Devi Holkar Chowk","03-Oct-2024","03-Aug-2026","1000000","Sanction"
"1593","Normal/Others","WS/MP673/2026-2027/145737-Development of public parks","Maharashtra","Dharashiv(DISTRICT COLLECTOR OSMANABAD_IDA)","Omprakash Bhupalsinh Alias Pawan Rajenimbalkar","OSMANABAD","Development of public parks Lahuji Salve Chowk","05-Oct-2024","03-Aug-2026","750000","Sanction"
"1594","Normal/Others","WS/MP18128/2026-2027/217789-Installation of fixed garden gym equipment","Maharashtra","PALGHAR(DISTRICT COLLECTOR PALGHAR_IDA)","DR. HEMANT VISHNU SAVARA","PALGHAR(ST)","Construction of Buddha Vihar Hall and Beautification at Vishwaratna Dr. Babasaheb Ambedkar Site in Gautamnagar under Mouje-Pasthal Gram Panchayat.","12-Jul-2025","13-Aug-2026","1000000","Physical Inspection"
"1595","Normal/Others","WS/MP18116/2026-2027/220965-Construction of footpaths and pedestrian ways","Maharashtra","PALGHAR(DISTRICT COLLECTOR PALGHAR_IDA)","BALYA MAMA SURESH GOPINATH MHATRE","BHIWANDI","NEW ROAD WORK AT DEVGAON VILLAGE WADA","22-Jul-2025","07-Apr-2026","1000000","Vendor Identification"
"1596","Normal/Others","WS/MP18116/2026-2027/220968-Construction of footpaths and pedestrian ways","Maharashtra","PALGHAR(DISTRICT COLLECTOR PALGHAR_IDA)","BALYA MAMA SURESH GOPINATH MHATRE","BHIWANDI","INTERNAL PAVER BLOCK WORK AT DUPAREPADA VIJAYPUR WADA","22-Jul-2025","07-Apr-2026","1000000","Vendor Identification"
"1597","Normal/Others","WS/MP18128/2026-2027/217811-Fitting of Sitting RCC Benches in Public Places","Maharashtra","PALGHAR(DISTRICT COLLECTOR PALGHAR_IDA)","DR. HEMANT VISHNU SAVARA","PALGHAR(ST)","Constructing a cremation ground waiting shed at Tembhi.","13-Jul-2025","25-Aug-2026","1000000","Physical Inspection"
"1598","Normal/Others","WS/MP18116/2026-2027/220975-Security gates in streets/public place for safety purpose","Maharashtra","PALGHAR(DISTRICT COLLECTOR PALGHAR_IDA)","BALYA MAMA SURESH GOPINATH MHATRE","BHIWANDI","INTERNAL SECURITY WALL WORK AT SHIRSAD VILLAGE WADA","22-Jul-2025","07-Apr-2026","1000000","Vendor Identification"
"1599","Normal/Others","WS/MP18128/2026-2027/235609-Construction of roads, link roads, pathways or any other road with or without drainage system","Maharashtra","PALGHAR(DISTRICT COLLECTOR PALGHAR_IDA)","DR. HEMANT VISHNU SAVARA","PALGHAR(ST)","Construction of link road from biloshi to katholepada, At.Biloshi, Tal.Wada,Dist.Palghar","19-Sep-2025","02-Apr-2026","1000000","Vendor Identification"
"1600","Normal/Others","WS/MP18128/2026-2027/220027-Construction of community centers and community halls","Maharashtra","PALGHAR(DISTRICT COLLECTOR PALGHAR_IDA)","DR. HEMANT VISHNU SAVARA","PALGHAR(ST)","Construction of a Community Hall At.Rayatale Ruichamatha,Tal.Jawhar,Dist.Palghar.","19-Jul-2025","19-Jun-2026","1000000","Vendor Identification"
"1601","Normal/Others","WS/MP18128/2026-2027/231485-Construction of community centers and community halls","Maharashtra","PALGHAR(DISTRICT COLLECTOR PALGHAR_IDA)","DR. HEMANT VISHNU SAVARA","PALGHAR(ST)","Construction of a community hall At. Winaval Gavthan, Tal. Jawhar, Dist. Palghar.","05-Sep-2025","07-Apr-2026","500000","Vendor Identification"
"1602","Normal/Others","WS/MP18128/2026-2027/231487-Construction of community centers and community halls","Maharashtra","PALGHAR(DISTRICT COLLECTOR PALGHAR_IDA)","DR. HEMANT VISHNU SAVARA","PALGHAR(ST)","Construction of a community hall At. Nyahale Bk., Bivaldhar (Mogarawadi), Tal. Jawhar, Dist. Palghar.","05-Sep-2025","19-Jun-2026","500000","Vendor Identification"
"1603","Normal/Others","WS/MP18128/2026-2027/231489-Construction of community centers and community halls","Maharashtra","PALGHAR(DISTRICT COLLECTOR PALGHAR_IDA)","DR. HEMANT VISHNU SAVARA","PALGHAR(ST)","Construction of a community hall At.Chandranagar( Kharvand), Tal. Jawhar, Dist. Palghar.","05-Sep-2025","07-Apr-2026","500000","Vendor Identification"
"1604","Normal/Others","WS/MP18128/2026-2027/217790-Construction of community centers and community halls","Maharashtra","PALGHAR(DISTRICT COLLECTOR PALGHAR_IDA)","DR. HEMANT VISHNU SAVARA","PALGHAR(ST)","construct community halls at Shigaon-Surumpada and Sumdi Garvipada under the jurisdiction of Shigaon Khutad Gram Panchayat.","12-Jul-2025","07-Sep-2026","1000000","Physical Inspection"
"1605","Normal/Others","WS/MP18128/2026-2027/217799-Construction of community centers and community halls","Maharashtra","PALGHAR(DISTRICT COLLECTOR PALGHAR_IDA)","DR. HEMANT VISHNU SAVARA","PALGHAR(ST)","Constructing a community hall at Jamshet Gorwadi, Taluka and District Palghar.","13-Jul-2025","02-Apr-2026","1000000","Work Completed"
"1606","Normal/Others","WS/MP18128/2026-2027/217820-Crematoriums/energy efficient crematoriums or structures on burial/cremation ground","Maharashtra","PALGHAR(DISTRICT COLLECTOR PALGHAR_IDA)","DR. HEMANT VISHNU SAVARA","PALGHAR(ST)","Beautification of Arnala crematorium.","13-Jul-2025","25-Aug-2026","1000000","Physical Inspection"
"1607","Normal/Others","WS/MP18128/2026-2027/238452-Construction of common work sheds/ common covered sitting area","Maharashtra","PALGHAR(DISTRICT COLLECTOR PALGHAR_IDA)","DR. HEMANT VISHNU SAVARA","PALGHAR(ST)","Construction of a public open auditorium At. Kev-Gangdepada, Tal. Vikramgad, Dist. Palghar.","27-Sep-2025","06-Apr-2026","750000","Vendor Identification"
"1608","Normal/Others","WS/MP18128/2026-2027/238454-Construction of common work sheds/ common covered sitting area","Maharashtra","PALGHAR(DISTRICT COLLECTOR PALGHAR_IDA)","DR. HEMANT VISHNU SAVARA","PALGHAR(ST)","Construction of a public open auditorium At.Boranda, Tal. Vikramgad, Dist. Palghar.","27-Sep-2025","06-Apr-2026","500000","Vendor Identification"
"1609","Normal/Others","WS/MP18128/2026-2027/211848-Construction of common work sheds/ common covered sitting area","Maharashtra","PALGHAR(DISTRICT COLLECTOR PALGHAR_IDA)","DR. HEMANT VISHNU SAVARA","PALGHAR(ST)","contruction of open shed in front of Maruti Mandir at.khoch pimpalpada, Tal.Mokhada,Dist.Palghar.","24-Jun-2025","02-Apr-2026","999000","Vendor Identification"
"1610","Normal/Others","WS/MP18128/2026-2027/217863-Construction of common work sheds/ common covered sitting area","Maharashtra","PALGHAR(DISTRICT COLLECTOR PALGHAR_IDA)","DR. HEMANT VISHNU SAVARA","PALGHAR(ST)","Constructing an open stage at Kalamb.","13-Jul-2025","25-Aug-2026","1000000","Physical Inspection"
"1611","Normal/Others","WS/MP18128/2026-2027/217864-Construction of roads, link roads, pathways or any other road with or without drainage system","Maharashtra","PALGHAR(DISTRICT COLLECTOR PALGHAR_IDA)","DR. HEMANT VISHNU SAVARA","PALGHAR(ST)","Constructing a road to the Arnala Fort cremation ground.","13-Jul-2025","25-Aug-2026","1000000","Physical Inspection"
"1612","Normal/Others","WS/MP18128/2026-2027/214175-Construction of flood control embankments/ protection walls along riverbanks, hilltops, roadsides","Maharashtra","PALGHAR(DISTRICT COLLECTOR PALGHAR_IDA)","DR. HEMANT VISHNU SAVARA","PALGHAR(ST)","Repair of the erosuon control bund in at.satpati village tal.palghar,dist.palghar","03-Jul-2025","06-Aug-2026","1000000","Physical Inspection"
"1613","Normal/Others","WS/MP681/2026-2027/257825-Providing drains and gutters for public drainage","Maharashtra","PARBHANI(DISTRICT COLLECTOR PARBHANI_IDA)","Sanjay Haribhau Jadhav","PARBHANI","construction of CC Drain At Ghewanda Ta Jintur Dist Parbhani","07-Jan-2026","04-Aug-2026","300000","Sanction"
"1614","Normal/Others","WS/MP681/2024-2025/161565-Construction of common work sheds/ common covered sitting area","Maharashtra","PARBHANI(DISTRICT COLLECTOR PARBHANI_IDA)","Sanjay Haribhau Jadhav","PARBHANI","Construction of cemetery shed at dongargaon, tal.pathri.","26-Dec-2024","27-Jan-2025","599968","Work Completed"
"1615","Normal/Others","WS/MP681/2025-2026/163066-Crematoriums/energy efficient crematoriums or structures on burial/cremation ground","Maharashtra","PARBHANI(DISTRICT COLLECTOR PARBHANI_IDA)","Sanjay Haribhau Jadhav","PARBHANI","Construction of Amardham Cemetery Shed and ancillary works in Parbhani City Municipal Corporation Ward No.13","01-Jan-2025","21-Apr-2025","899978","Work partially Completed"
"1616","Normal/Others","WS/MP681/2024-2025/163044-Construction of community centers and community halls","Maharashtra","PARBHANI(DISTRICT COLLECTOR PARBHANI_IDA)","Sanjay Haribhau Jadhav","PARBHANI","Construction of an auditorium on Gram Panchayat owned land next to Jijau Temple in Mauje Asola District Parbhani","01-Jan-2025","06-Feb-2025","2499712","Sanction"
"1617","Normal/Others","WS/MP681/2024-2025/163049-Construction of community centers and community halls","Maharashtra","PARBHANI(DISTRICT COLLECTOR PARBHANI_IDA)","Sanjay Haribhau Jadhav","PARBHANI","Constructing a social hall at Mauje Pokharni Walkya Tahsil Gangakhed","01-Jan-2025","15-Jan-2025","999478","Physical Inspection"
"1618","Normal/Others","WS/MP681/2025-2026/163067-Construction of community centers and community halls","Maharashtra","PARBHANI(DISTRICT COLLECTOR PARBHANI_IDA)","Sanjay Haribhau Jadhav","PARBHANI","Construction of First Floor Assembly Hall at Limla Tahsil Purna","01-Jan-2025","09-May-2025","999577","Sanction"
"1619","Normal/Others","WS/MP681/2025-2026/161564-Construction of community centers and community halls","Maharashtra","PARBHANI(DISTRICT COLLECTOR PARBHANI_IDA)","Sanjay Haribhau Jadhav","PARBHANI","under kapsi Gram Panchayat construction of sabha Mandap, at kapsi, tal.palam.","26-Dec-2024","05-Aug-2025","700000","Sanction"
"1620","Normal/Others","WS/MP681/2024-2025/158411-Construction of community centers and community halls","Maharashtra","PARBHANI(DISTRICT COLLECTOR PARBHANI_IDA)","Sanjay Haribhau Jadhav","PARBHANI","Construction of Sabhamandap at khandali, Tal. Gangakhed, Dist. Parbhani.","26-Dec-2024","06-Feb-2025","999965","Work Completed"
"1621","Normal/Others","WS/MP681/2024-2025/145255-Construction of community centers and community halls","Maharashtra","PARBHANI(DISTRICT COLLECTOR PARBHANI_IDA)","Sanjay Haribhau Jadhav","PARBHANI","Construction of cultural hall at deulgaon Dhudhate, tal.Purna.","03-Oct-2024","14-Oct-2024","999768","Physical Inspection"
"1622","Normal/Others","WS/MP681/2024-2025/143972-Construction of community centers and community halls","Maharashtra","PARBHANI(DISTRICT COLLECTOR PARBHANI_IDA)","Sanjay Haribhau Jadhav","PARBHANI","Construction of Cultural Hall at Mahagaon, tal.Purna.","03-Oct-2024","15-Jan-2025","999768","Sanction"
"1623","Normal/Others","WS/MP681/2024-2025/143974-Construction of community centers and community halls","Maharashtra","PARBHANI(DISTRICT COLLECTOR PARBHANI_IDA)","Sanjay Haribhau Jadhav","PARBHANI","Construction of sabha mandap at Suki, tal.purna. (ST)","03-Oct-2024","11-Oct-2024","699926","Physical Inspection"
"1624","Normal/Others","WS/MP681/2024-2025/134797-Construction of community centers and community halls","Maharashtra","PARBHANI(DISTRICT COLLECTOR PARBHANI_IDA)","Sanjay Haribhau Jadhav","PARBHANI","Construction of Sabhamandap at Simangaon Tal. Sailu Dist. Parbhani","06-Aug-2024","09-Sep-2024","997623","Physical Inspection"
"1625","Normal/Others","WS/MP681/2024-2025/134798-Construction of community centers and community halls","Maharashtra","PARBHANI(DISTRICT COLLECTOR PARBHANI_IDA)","Sanjay Haribhau Jadhav","PARBHANI","Construction of Sabhamandap at Kawaddhan Tal. Sailu Dist. Parbhani (under SC fund)","06-Aug-2024","03-Oct-2024","998788","Physical Inspection"
"1626","Normal/Others","WS/MP681/2024-2025/134799-Construction of community centers and community halls","Maharashtra","PARBHANI(DISTRICT COLLECTOR PARBHANI_IDA)","Sanjay Haribhau Jadhav","PARBHANI","Construction of Sabhamandap at Mhalsapur Tal. Sailu Dist. Parbhani","06-Aug-2024","27-Sep-2024","999356","Work Completed"
"1627","Normal/Others","WS/MP681/2024-2025/134800-Construction of community centers and community halls","Maharashtra","PARBHANI(DISTRICT COLLECTOR PARBHANI_IDA)","Sanjay Haribhau Jadhav","PARBHANI","Construction of Sabhamandap at Nirwadi Khurd Tal. Sailu Dist. Parbhani","06-Aug-2024","27-Sep-2024","999753","Physical Inspection"
"1628","Normal/Others","WS/MP681/2024-2025/134801-Construction of community centers and community halls","Maharashtra","PARBHANI(DISTRICT COLLECTOR PARBHANI_IDA)","Sanjay Haribhau Jadhav","PARBHANI","Construction of Sabhamandap at at Chicholi Kale Tal.Jintur Dist. Parbhani","06-Aug-2024","11-Oct-2024","999978","Physical Inspection"
"1629","Normal/Others","WS/MP681/2024-2025/134802-Construction of community centers and community halls","Maharashtra","PARBHANI(DISTRICT COLLECTOR PARBHANI_IDA)","Sanjay Haribhau Jadhav","PARBHANI","Construction of Sabhamandap at Wassa Tal. Jintur Dist. Parbhani (under SC fund)","06-Aug-2024","27-Sep-2024","1493920","Physical Inspection"
"1630","Normal/Others","WS/MP681/2024-2025/134803-Construction of community centers and community halls","Maharashtra","PARBHANI(DISTRICT COLLECTOR PARBHANI_IDA)","Sanjay Haribhau Jadhav","PARBHANI","Construction of Sabhamandap at Itoli  Tal. Jintur Dist. Parbhani (under SC fund)","06-Aug-2024","27-Sep-2024","999904","Physical Inspection"
"1631","Normal/Others","WS/MP681/2024-2025/134804-Construction of community centers and community halls","Maharashtra","PARBHANI(DISTRICT COLLECTOR PARBHANI_IDA)","Sanjay Haribhau Jadhav","PARBHANI","Construction of Sabhamandap at Sakhartala Tal. Jintur  Dist. Parbhani (under ST fund)","06-Aug-2024","03-Oct-2024","999896","Physical Inspection"
"1632","Normal/Others","WS/MP681/2024-2025/134805-Construction of community centers and community halls","Maharashtra","PARBHANI(DISTRICT COLLECTOR PARBHANI_IDA)","Sanjay Haribhau Jadhav","PARBHANI","Construction of Sabhamandap at Ayasha Colony, Sailu  Tal. Sailu Dist. Parbhani","06-Aug-2024","09-Oct-2024","999711","Vendor Identification"
"1633","Normal/Others","WS/MP681/2025-2026/255338-Construction of community centers and community halls","Maharashtra","PARBHANI(DISTRICT COLLECTOR PARBHANI_IDA)","Sanjay Haribhau Jadhav","PARBHANI","construction of Sabhamandap at Lohara tal Manwat","24-Dec-2025","16-Mar-2026","700000","Sanction"
"1634","Normal/Others","WS/MP681/2025-2026/255339-Construction of community centers and community halls","Maharashtra","PARBHANI(DISTRICT COLLECTOR PARBHANI_IDA)","Sanjay Haribhau Jadhav","PARBHANI","construction of Sabhamandap at Murumba  tal Parbhani","24-Dec-2025","16-Mar-2026","700000","Sanction"
"1635","Normal/Others","WS/MP681/2026-2027/251036-Construction of community centers and community halls","Maharashtra","PARBHANI(DISTRICT COLLECTOR PARBHANI_IDA)","Sanjay Haribhau Jadhav","PARBHANI","Construction of a meeting hall under Mandakhali Village, Taluka Parbhani Gram Panchayat","28-Nov-2025","04-Aug-2026","1000000","Sanction"
"1636","Normal/Others","WS/MP681/2025-2026/251044-Construction of community centers and community halls","Maharashtra","PARBHANI(DISTRICT COLLECTOR PARBHANI_IDA)","Sanjay Haribhau Jadhav","PARBHANI","Construction of a meeting hall in the land owned by the owner of the village Bori, Jintur Gram Panchayat (Scheduled Castes)","28-Nov-2025","23-Dec-2025","2500000","Sanction"
"1637","Normal/Others","WS/MP681/2025-2026/251020-Construction of roads, link roads, pathways or any other road with or without drainage system","Maharashtra","PARBHANI(DISTRICT COLLECTOR PARBHANI_IDA)","Sanjay Haribhau Jadhav","PARBHANI","Construction of CC Road at Babhulgaon, Taluka Parbhani. (Scheduled Caste)","28-Nov-2025","23-Dec-2025","500000","Sanction"
"1638","Normal/Others","WS/MP681/2025-2026/251026-Construction of roads, link roads, pathways or any other road with or without drainage system","Maharashtra","PARBHANI(DISTRICT COLLECTOR PARBHANI_IDA)","Sanjay Haribhau Jadhav","PARBHANI","Construction of CC Road under Ukhald Village, Parbhani Taluka Gram Panchayat","28-Nov-2025","15-Dec-2025","495744","Physical Inspection"
"1639","Normal/Others","WS/MP681/2025-2026/251028-Construction of roads, link roads, pathways or any other road with or without drainage system","Maharashtra","PARBHANI(DISTRICT COLLECTOR PARBHANI_IDA)","Sanjay Haribhau Jadhav","PARBHANI","Construction of CC Road under Pimpala, Village, Parbhani Taluka Gram Panchayat","28-Nov-2025","15-Dec-2025","499735","Physical Inspection"
"1640","Normal/Others","WS/MP681/2026-2027/257816-Construction of roads, link roads, pathways or any other road with or without drainage system","Maharashtra","PARBHANI(DISTRICT COLLECTOR PARBHANI_IDA)","Sanjay Haribhau Jadhav","PARBHANI","onstruction of internal CC road At Itali Ta Manwat","07-Jan-2026","04-Aug-2026","700000","Work partially Completed"
"1641","Normal/Others","WS/MP681/2025-2026/255337-Construction of roads, link roads, pathways or any other road with or without drainage system","Maharashtra","PARBHANI(DISTRICT COLLECTOR PARBHANI_IDA)","Sanjay Haribhau Jadhav","PARBHANI","construction of internal CC road at Rudhi tal Manwat","24-Dec-2025","16-Mar-2026","700000","Sanction"
"1642","Normal/Others","WS/MP681/2025-2026/255341-Construction of roads, link roads, pathways or any other road with or without drainage system","Maharashtra","PARBHANI(DISTRICT COLLECTOR PARBHANI_IDA)","Sanjay Haribhau Jadhav","PARBHANI","construction of internal CC road at Suki tal Purna (Under SC fund)","24-Dec-2025","16-Mar-2026","600000","Work partially Completed"
"1643","Normal/Others","WS/MP681/2025-2026/255342-Construction of roads, link roads, pathways or any other road with or without drainage system","Maharashtra","PARBHANI(DISTRICT COLLECTOR PARBHANI_IDA)","Sanjay Haribhau Jadhav","PARBHANI","construction of internal CC road at Suki tal Purna (Under ST fund)","24-Dec-2025","16-Mar-2026","1000000","Work partially Completed"
"1644","Normal/Others","WS/MP681/2024-2025/161539-Construction of roads, link roads, pathways or any other road with or without drainage system","Maharashtra","PARBHANI(DISTRICT COLLECTOR PARBHANI_IDA)","Sanjay Haribhau Jadhav","PARBHANI","Construction of CC Drainage at Dafwadi, tal.Parbhani.","26-Dec-2024","01-Jan-2025","499500","Physical Inspection"
"1645","Normal/Others","WS/MP681/2025-2026/161562-Construction of roads, link roads, pathways or any other road with or without drainage system","Maharashtra","PARBHANI(DISTRICT COLLECTOR PARBHANI_IDA)","Sanjay Haribhau Jadhav","PARBHANI","Construction of CC Drainage at parbhani municipal corporation, ward no. 15, Doctor Line, tal.Parbhani.","26-Dec-2024","21-Apr-2025","699980","Sanction"
"1646","Normal/Others","WS/MP681/2024-2025/161563-Construction of roads, link roads, pathways or any other road with or without drainage system","Maharashtra","PARBHANI(DISTRICT COLLECTOR PARBHANI_IDA)","Sanjay Haribhau Jadhav","PARBHANI","Construction of CC road at Mohpuri under Aland Gram Panchayat,tal.parbhani.","26-Dec-2024","15-Jan-2025","699821","Physical Inspection"
"1647","Normal/Others","WS/MP681/2024-2025/163047-Construction of roads, link roads, pathways or any other road with or without drainage system","Maharashtra","PARBHANI(DISTRICT COLLECTOR PARBHANI_IDA)","Sanjay Haribhau Jadhav","PARBHANI","Construction of CC road at Mauje Ilegaon Tahsil Gangakhed","01-Jan-2025","15-Jan-2025","997697","Physical Inspection"
"1648","Normal/Others","WS/MP681/2024-2025/143975-Construction of roads, link roads, pathways or any other road with or without drainage system","Maharashtra","PARBHANI(DISTRICT COLLECTOR PARBHANI_IDA)","Sanjay Haribhau Jadhav","PARBHANI","Construction of CC road and Drains at Regaon, tal.Purna.","03-Oct-2024","14-Oct-2024","699957","Physical Inspection"
"1649","Normal/Others","WS/MP681/2024-2025/143976-Construction of roads, link roads, pathways or any other road with or without drainage system","Maharashtra","PARBHANI(DISTRICT COLLECTOR PARBHANI_IDA)","Sanjay Haribhau Jadhav","PARBHANI","Construction of CC road and Drains at Mamdapur, tal.purna. (SC)","03-Oct-2024","11-Oct-2024","699760","Physical Inspection"
"1650","Normal/Others","WS/MP681/2025-2026/143978-Construction of roads, link roads, pathways or any other road with or without drainage system","Maharashtra","PARBHANI(DISTRICT COLLECTOR PARBHANI_IDA)","Sanjay Haribhau Jadhav","PARBHANI","Construction of CC road and Drains at kantheshwar, tal.purna.","03-Oct-2024","12-Sep-2025","699809","Physical Inspection"
"1651","Normal/Others","WS/MP681/2024-2025/143979-Construction of roads, link roads, pathways or any other road with or without drainage system","Maharashtra","PARBHANI(DISTRICT COLLECTOR PARBHANI_IDA)","Sanjay Haribhau Jadhav","PARBHANI","Construction of CC road and Drains at penur tal.purna. (SC)","03-Oct-2024","09-Oct-2024","699426","Physical Inspection"
"1652","Normal/Others","WS/MP681/2024-2025/143980-Construction of roads, link roads, pathways or any other road with or without drainage system","Maharashtra","PARBHANI(DISTRICT COLLECTOR PARBHANI_IDA)","Sanjay Haribhau Jadhav","PARBHANI","Construction of CC road and Drains at satephal, tal.purna.","03-Oct-2024","09-Oct-2024","699603","Physical Inspection"
"1653","Normal/Others","WS/MP681/2024-2025/143981-Construction of roads, link roads, pathways or any other road with or without drainage system","Maharashtra","PARBHANI(DISTRICT COLLECTOR PARBHANI_IDA)","Sanjay Haribhau Jadhav","PARBHANI","Construction of CC road and Drains at tadkalas, tal.purna","03-Oct-2024","11-Oct-2024","694100","Physical Inspection"
"1654","Normal/Others","WS/MP681/2024-2025/143982-Construction of roads, link roads, pathways or any other road with or without drainage system","Maharashtra","PARBHANI(DISTRICT COLLECTOR PARBHANI_IDA)","Sanjay Haribhau Jadhav","PARBHANI","Construction of CC road and Drains at Khandala, tal.purna.","03-Oct-2024","14-Oct-2024","694100","Physical Inspection"
"1655","Normal/Others","WS/MP681/2024-2025/143983-Construction of roads, link roads, pathways or any other road with or without drainage system","Maharashtra","PARBHANI(DISTRICT COLLECTOR PARBHANI_IDA)","Sanjay Haribhau Jadhav","PARBHANI","Construction of CC road and Drains at dhanora kale,tal.purna.","03-Oct-2024","14-Oct-2024","699851","Physical Inspection"
"1656","Normal/Others","WS/MP681/2024-2025/145252-Construction of roads, link roads, pathways or any other road with or without drainage system","Maharashtra","PARBHANI(DISTRICT COLLECTOR PARBHANI_IDA)","Sanjay Haribhau Jadhav","PARBHANI","Construction of CC Road at Balsa tal.Purna.","03-Oct-2024","15-Jan-2025","999154","Sanction"
"1657","Normal/Others","WS/MP681/2024-2025/143971-Construction of roads, link roads, pathways or any other road with or without drainage system","Maharashtra","PARBHANI(DISTRICT COLLECTOR PARBHANI_IDA)","Sanjay Haribhau Jadhav","PARBHANI","Construction of CC Road at Wadi Kh. Tal.Palam. (SC)","03-Oct-2024","09-Oct-2024","498686","Physical Inspection"
"1658","Normal/Others","WS/MP681/2024-2025/143809-Construction of roads, link roads, pathways or any other road with or without drainage system","Maharashtra","PARBHANI(DISTRICT COLLECTOR PARBHANI_IDA)","Sanjay Haribhau Jadhav","PARBHANI","Construction of CC road and drain from Manoj Soape's house to Ramesh Kadam's house in Ward No.01. at chatori, Tal.Palam ,Dist.Parbhani. (SC)","26-Sep-2024","11-Oct-2024","999464","Physical Inspection"
"1659","Normal/Others","WS/MP681/2025-2026/216393-Street lights","Maharashtra","PARBHANI(DISTRICT COLLECTOR PARBHANI_IDA)","Sanjay Haribhau Jadhav","PARBHANI","Installation of LED street lights and construction of drains in Ward No.9 under Parbhani City Municipal Corporation","09-Jul-2025","09-Dec-2025","2000000","Sanction"
"1660","Normal/Others","WS/MP661/2026-2027/147464-Lighting of public spaces","Maharashtra","PUNE(DISTRICT COLLECTOR PUNE_IDA)","Amol Ramsing Kolhe","SHIRUR","installation of High Mast Lighting at 4 different public places at nirgoodsar, Tq. Ambegaon, Dist. Pune","15-Oct-2024","18-May-2026","1000000","Physical Inspection"
"1661","Normal/Others","WS/MP685/2025-2026/196296-Street lights","Maharashtra","PUNE(DISTRICT COLLECTOR PUNE_IDA)","Shrirang Appa Barne","MAVAL","Fixing A Solar High Mast Lamp In mohitewadi And Bramhnawadi At Sate Grampanchayt Tal Maval Dist Pune","03-May-2025","10-Oct-2025","600000","Physical Inspection"
"1662","Normal/Others","WS/MP685/2025-2026/196297-Street lights","Maharashtra","PUNE(DISTRICT COLLECTOR PUNE_IDA)","Shrirang Appa Barne","MAVAL","Fixing A Solar High Mast Lamp In Dongarwadi At Chabsar  Grampanchayt Tal Maval Dist Pune","03-May-2025","10-Oct-2025","300000","Physical Inspection"
"1663","Normal/Others","WS/MP685/2025-2026/196299-Street lights","Maharashtra","PUNE(DISTRICT COLLECTOR PUNE_IDA)","Shrirang Appa Barne","MAVAL","Fixing A Solar High Mast Lamp In Javan 3 Umabarkar tupe vasti  At Ajivali Grampanchayt Tal Maval Dist Pune","03-May-2025","10-Oct-2025","300000","Physical Inspection"
"1664","Normal/Others","WS/MP685/2025-2026/196301-Street lights","Maharashtra","PUNE(DISTRICT COLLECTOR PUNE_IDA)","Shrirang Appa Barne","MAVAL","Fixing A Solar High Mast Lamp In Dahibhate Vasti At Karunj  Grampanchayt Tal Maval Dist Pune","03-May-2025","10-Oct-2025","300000","Physical Inspection"
"1665","Normal/Others","WS/MP685/2025-2026/196302-Street lights","Maharashtra","PUNE(DISTRICT COLLECTOR PUNE_IDA)","Shrirang Appa Barne","MAVAL","Fixing A Solar High Mast Lamp In Swami Samarth Nagar  AtTakve Bk Grampanchayt Tal Maval Dist Pune","03-May-2025","10-Oct-2025","300000","Physical Inspection"
"1666","Normal/Others","WS/MP685/2025-2026/196303-Street lights","Maharashtra","PUNE(DISTRICT COLLECTOR PUNE_IDA)","Shrirang Appa Barne","MAVAL","Fixing A Solar High Mast Lamp In waghmare Vastii At Shivli Grampanchayt Tal Maval Dist Pune","03-May-2025","10-Oct-2025","300000","Physical Inspection"
"1667","Normal/Others","WS/MP685/2025-2026/196305-Street lights","Maharashtra","PUNE(DISTRICT COLLECTOR PUNE_IDA)","Shrirang Appa Barne","MAVAL","Fixing A Solar High Mast Lamp In Chandekar Wadi And Ghotkule Vadi  At Adhale Kh Grampanchayt Tal Maval Dist Pune","03-May-2025","10-Oct-2025","600000","Physical Inspection"
"1668","Normal/Others","WS/MP685/2025-2026/196307-Street lights","Maharashtra","PUNE(DISTRICT COLLECTOR PUNE_IDA)","Shrirang Appa Barne","MAVAL","Fixing A 6 Solar Lamp pol  Towrds Kalubai  Road  At Kusgav P M  Grampanchayt Tal Maval Dist Pune","03-May-2025","10-Oct-2025","300000","Physical Inspection"
"1669","Normal/Others","WS/MP685/2025-2026/196308-Street lights","Maharashtra","PUNE(DISTRICT COLLECTOR PUNE_IDA)","Shrirang Appa Barne","MAVAL","Fixing A Solar High Mast Lamp In Pimploli Road near Jadhav House  At Pachane  Grampanchayt Tal Maval Dist Pune","03-May-2025","10-Oct-2025","300000","Physical Inspection"
"1670","Normal/Others","WS/MP685/2025-2026/196310-Street lights","Maharashtra","PUNE(DISTRICT COLLECTOR PUNE_IDA)","Shrirang Appa Barne","MAVAL","Fixing A Solar High Mast Lamp In Paiba chouk  At Pachane  Grampanchayt Tal Maval Dist Pune","03-May-2025","10-Oct-2025","300000","Physical Inspection"
"1671","Normal/Others","WS/MP685/2025-2026/196312-Street lights","Maharashtra","PUNE(DISTRICT COLLECTOR PUNE_IDA)","Shrirang Appa Barne","MAVAL","Fixing A  2 Solar High Mast Lamp In  At Sate Shivne Tal Maval Dist Pune","03-May-2025","10-Oct-2025","600000","Physical Inspection"
"1672","Normal/Others","WS/MP685/2025-2026/196313-Street lights","Maharashtra","PUNE(DISTRICT COLLECTOR PUNE_IDA)","Shrirang Appa Barne","MAVAL","Fixing A 10 Solar  Lamp In At Khandshi  Grampanchayt Tal Maval Dist Pune","03-May-2025","10-Oct-2025","500000","Physical Inspection"
"1673","Normal/Others","WS/MP685/2025-2026/196314-Street lights","Maharashtra","PUNE(DISTRICT COLLECTOR PUNE_IDA)","Shrirang Appa Barne","MAVAL","Fixing 2 Solar High Mast Lamp In  At Jambhavde  Grampanchayt Tal Maval Dist Pune","03-May-2025","10-Oct-2025","600000","Physical Inspection"
"1674","Normal/Others","WS/MP685/2025-2026/196341-Street lights","Maharashtra","PUNE(DISTRICT COLLECTOR PUNE_IDA)","Shrirang Appa Barne","MAVAL","Fixing A Solar High Mast Lamp And Solar Lamp Pol  In  At Salumbre Grampanchayt Tal Maval Dist Pune","03-May-2025","10-Oct-2025","600000","Physical Inspection"
"1675","Normal/Others","WS/MP685/2024-2025/143363- Providing sports equipment, except consumable items","Maharashtra","PUNE(DISTRICT COLLECTOR PUNE_IDA)","Shrirang Appa Barne","MAVAL","Installing Open Jim At Kivle Mamurdi Near PCMC Water Tank","25-Sep-2024","27-Mar-2025","998243","Physical Inspection"
"1676","Normal/Others","WS/MP685/2024-2025/143365- Providing sports equipment, except consumable items","Maharashtra","PUNE(DISTRICT COLLECTOR PUNE_IDA)","Shrirang Appa Barne","MAVAL","Installing Open Jim At Ravaet BRT Road Near Ghoravdeshvar Pratishthan","25-Sep-2024","31-Mar-2025","995777","Physical Inspection"
"1677","Normal/Others","WS/MP685/2024-2025/143366- Providing sports equipment, except consumable items","Maharashtra","PUNE(DISTRICT COLLECTOR PUNE_IDA)","Shrirang Appa Barne","MAVAL","Installing Open Jim At Nigdi Sec 24 In Dada Dadi Park Garden Pcmc","25-Sep-2024","31-Mar-2025","996227","Physical Inspection"
"1678","Normal/Others","WS/MP685/2024-2025/143367- Providing sports equipment, except consumable items","Maharashtra","PUNE(DISTRICT COLLECTOR PUNE_IDA)","Shrirang Appa Barne","MAVAL","Installing Open Jim Nigdi Sec 24 Near chintamani Mandir Nigdi","25-Sep-2024","31-Mar-2025","996227","Physical Inspection"
"1679","Normal/Others","WS/MP685/2024-2025/143368- Providing sports equipment, except consumable items","Maharashtra","PUNE(DISTRICT COLLECTOR PUNE_IDA)","Shrirang Appa Barne","MAVAL","Installing Open Jim At Ravet Mhaske Vasti Near DP Road","25-Sep-2024","31-Mar-2025","997319","Physical Inspection"
"1680","Normal/Others","WS/MP685/2024-2025/143369- Providing sports equipment, except consumable items","Maharashtra","PUNE(DISTRICT COLLECTOR PUNE_IDA)","Shrirang Appa Barne","MAVAL","Installing Open Jim At Vikas Nagar Kiwale On Foot Path PCMC","25-Sep-2024","31-Mar-2025","996227","Physical Inspection"
"1681","Normal/Others","WS/MP685/2024-2025/143370- Providing sports equipment, except consumable items","Maharashtra","PUNE(DISTRICT COLLECTOR PUNE_IDA)","Shrirang Appa Barne","MAVAL","Installing Open Jim At Near SB Patil School Ravet Pcmc","25-Sep-2024","31-Mar-2025","996010","Physical Inspection"
"1682","Normal/Others","WS/MP685/2025-2026/143374- Providing sports equipment, except consumable items","Maharashtra","PUNE(DISTRICT COLLECTOR PUNE_IDA)","Shrirang Appa Barne","MAVAL","Installing Open Jim At Bophkhel Near Armi Public School","25-Sep-2024","07-Apr-2025","996226","Physical Inspection"
"1683","Normal/Others","WS/MP685/2026-2027/182019-Installation of fixed garden gym equipment","Maharashtra","PUNE(DISTRICT COLLECTOR PUNE_IDA)","Shrirang Appa Barne","MAVAL","Installation Open Jim At Sambhajinagr Ward 10 Near Snake Park in PCMC","15-Mar-2025","20-May-2026","300000","Physical Inspection"
"1684","Normal/Others","WS/MP692/2025-2026/183629-Lighting of public spaces","Maharashtra","PUNE(DISTRICT COLLECTOR PUNE_IDA)","Smt Supriya Sadanand Sule","BARAMATI","Installation of Solar Lamp Pole Lights at 1. Ramwadi Chauk, 2. Dattawadi Chauk, 3. Saraswati Chauk (Backward Class Settlement)","18-Mar-2025","15-Oct-2025","1000000","Physical Inspection"
"1685","Normal/Others","WS/MP661/2026-2027/188107-Lighting of public spaces","Maharashtra","PUNE(DISTRICT COLLECTOR PUNE_IDA)","Amol Ramsing Kolhe","SHIRUR","Installation of High Mast Light at Bejwaat Chowk, Nirgude (Schedule Caste Work)","31-Mar-2025","18-May-2026","500000","Physical Inspection"
"1686","Normal/Others","WS/MP661/2026-2027/188108-Lighting of public spaces","Maharashtra","PUNE(DISTRICT COLLECTOR PUNE_IDA)","Amol Ramsing Kolhe","SHIRUR","installation of High Mast light at Shivneri Payatha Datta Mandir Chowk, Kusur (Schedule Tribe Work)","31-Mar-2025","18-May-2026","500000","Physical Inspection"
"1687","Normal/Others","WS/MP661/2026-2027/188109-Lighting of public spaces","Maharashtra","PUNE(DISTRICT COLLECTOR PUNE_IDA)","Amol Ramsing Kolhe","SHIRUR","Installation of High mast Light at Aptale Chowk (Schedule Tribe Work)","31-Mar-2025","18-May-2026","500000","Physical Inspection"
"1688","Normal/Others","WS/MP661/2026-2027/188110-Lighting of public spaces","Maharashtra","PUNE(DISTRICT COLLECTOR PUNE_IDA)","Amol Ramsing Kolhe","SHIRUR","Installation of High mast Light at Pargaon Phata, Madh (Schedule Caste Work)","31-Mar-2025","19-May-2026","500000","Physical Inspection"
"1689","Normal/Others","WS/MP661/2026-2027/188111-Lighting of public spaces","Maharashtra","PUNE(DISTRICT COLLECTOR PUNE_IDA)","Amol Ramsing Kolhe","SHIRUR","Installation of High Mast Light at Pimpalgaon Siddhanath Chowk (Schedule Tribe Work)","31-Mar-2025","18-May-2026","500000","Physical Inspection"
"1690","Normal/Others","WS/MP661/2026-2027/188117-Lighting of public spaces","Maharashtra","PUNE(DISTRICT COLLECTOR PUNE_IDA)","Amol Ramsing Kolhe","SHIRUR","installation of high mast lighting at ashtavinayak road chowk, Tejewadi (Schedule Caste)","31-Mar-2025","18-May-2026","500000","Physical Inspection"
"1691","Normal/Others","WS/MP661/2026-2027/188118-Lighting of public spaces","Maharashtra","PUNE(DISTRICT COLLECTOR PUNE_IDA)","Amol Ramsing Kolhe","SHIRUR","installation of high mast lightning at Ashtavinayak Road, Bramhanwada Chowk, Otur","31-Mar-2025","18-May-2026","500000","Physical Inspection"
"1692","Normal/Others","WS/MP685/2025-2026/175373-Construction of roads, link roads, pathways or any other road with or without drainage system","Maharashtra","PUNE(DISTRICT COLLECTOR PUNE_IDA)","Shrirang Appa Barne","MAVAL","Concrit At Grup Grampanchyt Ghondhet in Waund Village Tal Maval dist Pune","13-Feb-2025","09-May-2025","994543","Physical Inspection"
"1693","Normal/Others","WS/MP661/2025-2026/146558-Construction of roads, link roads, pathways or any other road with or without drainage system","Maharashtra","PUNE(DISTRICT COLLECTOR PUNE_IDA)","Amol Ramsing Kolhe","SHIRUR","Construction of roads At. Pashan Mala towords Shivraj Residancy Society Tq. Shirur, Dist. Pune","09-Oct-2024","21-Apr-2025","1000000","Physical Inspection"
"1694","Normal/Others","WS/MP661/2025-2026/146559-Construction of roads, link roads, pathways or any other road with or without drainage system","Maharashtra","PUNE(DISTRICT COLLECTOR PUNE_IDA)","Amol Ramsing Kolhe","SHIRUR","Construction of road At. Borhade Mala Water Ank To Ajay Poly Company","09-Oct-2024","21-Aug-2025","1000000","Physical Inspection"
"1695","Normal/Others","WS/MP661/2025-2026/146560-Construction of roads, link roads, pathways or any other road with or without drainage system","Maharashtra","PUNE(DISTRICT COLLECTOR PUNE_IDA)","Amol Ramsing Kolhe","SHIRUR","Construction of road At. Shivratna Society From Mahajan Mala Road towords House of shaikh  Tq. Shirur, Dist. Pune","09-Oct-2024","08-Apr-2025","1000000","Work Completed"
"1696","Normal/Others","WS/MP661/2025-2026/146561-Construction of roads, link roads, pathways or any other road with or without drainage system","Maharashtra","PUNE(DISTRICT COLLECTOR PUNE_IDA)","Amol Ramsing Kolhe","SHIRUR","Construction of road At. Jadhav Mala From House of Bhagat Chaudhari towards house of sandip gavade Tq. Shirur, Dist. Pune","09-Oct-2024","08-Apr-2025","1000000","Physical Inspection"
"1697","Normal/Others","WS/MP661/2025-2026/146562-Construction of roads, link roads, pathways or any other road with or without drainage system","Maharashtra","PUNE(DISTRICT COLLECTOR PUNE_IDA)","Amol Ramsing Kolhe","SHIRUR","Construction of road At. Baburao nagar from Shevale major Bulding Towards Gurukul Society","09-Oct-2024","08-Apr-2025","1000000","Physical Inspection"
"1698","Normal/Others","WS/MP661/2025-2026/146563-Construction of roads, link roads, pathways or any other road with or without drainage system","Maharashtra","PUNE(DISTRICT COLLECTOR PUNE_IDA)","Amol Ramsing Kolhe","SHIRUR","Construction of road  from Sanand road to bharti gold society At. Wagholi Tq. haveli, Dist. Pune","09-Oct-2024","21-Apr-2025","995405","Physical Inspection"
"1699","Normal/Others","WS/MP661/2025-2026/146564-Construction of roads, link roads, pathways or any other road with or without drainage system","Maharashtra","PUNE(DISTRICT COLLECTOR PUNE_IDA)","Amol Ramsing Kolhe","SHIRUR","Construction of road from oxyi ultima society At. kesnand Road to Siddhant Dewine Society At. Wagholi, Tq. Haveli Dist. Pune","09-Oct-2024","21-Apr-2025","1000000","Physical Inspection"
"1700","Normal/Others","WS/MP661/2025-2026/146565-Construction of roads, link roads, pathways or any other road with or without drainage system","Maharashtra","PUNE(DISTRICT COLLECTOR PUNE_IDA)","Amol Ramsing Kolhe","SHIRUR","Construction of road from Madhunanda Society to yash palace At. Wagholui Tq. Haveli Dist. Pune","09-Oct-2024","21-Apr-2025","1000000","Physical Inspection"
"1701","Normal/Others","WS/MP661/2025-2026/146566-Construction of roads, link roads, pathways or any other road with or without drainage system","Maharashtra","PUNE(DISTRICT COLLECTOR PUNE_IDA)","Amol Ramsing Kolhe","SHIRUR","Construction of road from gerasrushti Society to towards chokhi Dhani At. Wagholi, Tq. Haveli Dist. Pune","09-Oct-2024","21-Apr-2025","1000000","Physical Inspection"
"1702","Normal/Others","WS/MP692/2025-2026/183615-Construction of roads, link roads, pathways or any other road with or without drainage system","Maharashtra","PUNE(DISTRICT COLLECTOR PUNE_IDA)","Smt Supriya Sadanand Sule","BARAMATI","Construction of road towards Patil Farm, at Patas","18-Mar-2025","25-Sep-2025","981634","Physical Inspection"
"1703","Normal/Others","WS/MP692/2025-2026/183617-Construction of roads, link roads, pathways or any other road with or without drainage system","Maharashtra","PUNE(DISTRICT COLLECTOR PUNE_IDA)","Smt Supriya Sadanand Sule","BARAMATI","Construction of road at Khupte Vasti Aba Chormale House to Hiraman Kolpe House, at Yawat","18-Mar-2025","17-Feb-2026","1000000","Work Completed"
"1704","Normal/Others","WS/MP692/2026-2027/183619-Construction of roads, link roads, pathways or any other road with or without drainage system","Maharashtra","PUNE(DISTRICT COLLECTOR PUNE_IDA)","Smt Supriya Sadanand Sule","BARAMATI","Construction of road from Patas Baramati Road to Viththal Mandir, at Vasunde","18-Mar-2025","29-Jun-2026","1000000","Physical Inspection"
"1705","Normal/Others","WS/MP692/2025-2026/183620-Construction of roads, link roads, pathways or any other road with or without drainage system","Maharashtra","PUNE(DISTRICT COLLECTOR PUNE_IDA)","Smt Supriya Sadanand Sule","BARAMATI","Construction of road at Patharshet, Sadhu Bhau Varghade House, at Patas","18-Mar-2025","25-Nov-2025","500000","Work Completed"
"1706","Normal/Others","WS/MP692/2026-2027/183341-Construction of roads, link roads, pathways or any other road with or without drainage system","Maharashtra","PUNE(DISTRICT COLLECTOR PUNE_IDA)","Smt Supriya Sadanand Sule","BARAMATI","Construction of approach Road At Savargaon towards Narayan Sathe Prakash Chalekar House","18-Mar-2025","16-Jul-2026","1000000","Physical Inspection"
"1707","Normal/Others","WS/MP692/2026-2027/183348-Construction of roads, link roads, pathways or any other road with or without drainage system","Maharashtra","PUNE(DISTRICT COLLECTOR PUNE_IDA)","Smt Supriya Sadanand Sule","BARAMATI","Construction of internal road approaching towards Shedge and Newase House, Bhode","18-Mar-2025","21-May-2026","500000","Physical Inspection"
"1708","Normal/Others","WS/MP692/2026-2027/183448-Construction of roads, link roads, pathways or any other road with or without drainage system","Maharashtra","PUNE(DISTRICT COLLECTOR PUNE_IDA)","Smt Supriya Sadanand Sule","BARAMATI","Construction of concrete road from Ranjit Bhosale House to Dada Bhosale House, at Dalaj No. 1","18-Mar-2025","07-Jul-2026","500000","Physical Inspection"
"1709","Normal/Others","WS/MP692/2026-2027/183452-Construction of roads, link roads, pathways or any other road with or without drainage system","Maharashtra","PUNE(DISTRICT COLLECTOR PUNE_IDA)","Smt Supriya Sadanand Sule","BARAMATI","Construction of road from Shelke Vasti to Bapusaheb Shinde Vasti, at Shetphal Haweli","18-Mar-2025","17-Jun-2026","500000","Physical Inspection"
"1710","Normal/Others","WS/MP692/2026-2027/183466-Construction of roads, link roads, pathways or any other road with or without drainage system","Maharashtra","PUNE(DISTRICT COLLECTOR PUNE_IDA)","Smt Supriya Sadanand Sule","BARAMATI","Construction of road from Jadhav Vasti to Shelke Pool, at Shetphal Haweli","18-Mar-2025","17-Jun-2026","500000","Physical Inspection"
"1711","Normal/Others","WS/MP692/2026-2027/183473-Construction of roads, link roads, pathways or any other road with or without drainage system","Maharashtra","PUNE(DISTRICT COLLECTOR PUNE_IDA)","Smt Supriya Sadanand Sule","BARAMATI","Construction of road from Nitin Shinde Vasti to Sawant Vasti, at Shetphal haweli","18-Mar-2025","17-Jun-2026","500000","Physical Inspection"
"1712","Normal/Others","WS/MP692/2026-2027/183477-Construction of roads, link roads, pathways or any other road with or without drainage system","Maharashtra","PUNE(DISTRICT COLLECTOR PUNE_IDA)","Smt Supriya Sadanand Sule","BARAMATI","Construction of road from Bharat Wadi to Malhari Shinde Vasti, at Kati","18-Mar-2025","17-Jun-2026","1000000","Physical Inspection"
"1713","Normal/Others","WS/MP692/2026-2027/183481-Construction of roads, link roads, pathways or any other road with or without drainage system","Maharashtra","PUNE(DISTRICT COLLECTOR PUNE_IDA)","Smt Supriya Sadanand Sule","BARAMATI","Construction of road from Karmavir Shankarrao Patil Co-op Sugar Factory to Yamgar Vasti, at Kauthali","18-Mar-2025","21-May-2026","1000000","Physical Inspection"
"1714","Normal/Others","WS/MP692/2026-2027/183598-Construction of roads, link roads, pathways or any other road with or without drainage system","Maharashtra","PUNE(DISTRICT COLLECTOR PUNE_IDA)","Smt Supriya Sadanand Sule","BARAMATI","Construction of internal road at Kambare Bk.","18-Mar-2025","19-Jun-2026","300000","Physical Inspection"
"1715","Normal/Others","WS/MP692/2025-2026/183601-Construction of roads, link roads, pathways or any other road with or without drainage system","Maharashtra","PUNE(DISTRICT COLLECTOR PUNE_IDA)","Smt Supriya Sadanand Sule","BARAMATI","Construction of Concrete Road at Backward class settlement, at Shind","18-Mar-2025","04-Feb-2026","300000","Physical Inspection"
"1716","Normal/Others","WS/MP692/2026-2027/183611-Construction of roads, link roads, pathways or any other road with or without drainage system","Maharashtra","PUNE(DISTRICT COLLECTOR PUNE_IDA)","Smt Supriya Sadanand Sule","BARAMATI","Construction of concrete road at backward class settlement  at Varve Kh.","18-Mar-2025","18-Aug-2026","500000","Physical Inspection"
"1717","Normal/Others","WS/MP685/2026-2027/194546-Construction of roads, link roads, pathways or any other road with or without drainage system","Maharashtra","PUNE(DISTRICT COLLECTOR PUNE_IDA)","Shrirang Appa Barne","MAVAL","Construction A Road At Kusgav Bk Between Apsara Bekri To Kulkarni house Tal Maval Dist Pune","26-Apr-2025","14-May-2026","1000000","Physical Inspection"
"1718","Normal/Others","WS/MP685/2025-2026/194548-Construction of roads, link roads, pathways or any other road with or without drainage system","Maharashtra","PUNE(DISTRICT COLLECTOR PUNE_IDA)","Shrirang Appa Barne","MAVAL","Construction A Road At Divad Tal Maval Dist Pune Between Ramesh Rajivade to Malvadi Road","26-Apr-2025","09-Feb-2026","999565","Physical Inspection"
"1719","Normal/Others","WS/MP685/2025-2026/194549-Construction of roads, link roads, pathways or any other road with or without drainage system","Maharashtra","PUNE(DISTRICT COLLECTOR PUNE_IDA)","Shrirang Appa Barne","MAVAL","Construction A Road At Adhale Kh Tal Maval Dist pune Between Chandkhed Main Road To Jagdale Vasti","26-Apr-2025","09-Feb-2026","991771","Physical Inspection"
"1720","Normal/Others","WS/MP685/2025-2026/194555-Construction of roads, link roads, pathways or any other road with or without drainage system","Maharashtra","PUNE(DISTRICT COLLECTOR PUNE_IDA)","Shrirang Appa Barne","MAVAL","Construction A Road At Shivne Tal Maval Dist Pune Between Main Road To Walunj Vasti","26-Apr-2025","09-Feb-2026","994791","Physical Inspection"
"1721","Normal/Others","WS/MP692/2026-2027/184035-Construction of roads, link roads, pathways or any other road with or without drainage system","Maharashtra","PUNE(DISTRICT COLLECTOR PUNE_IDA)","Smt Supriya Sadanand Sule","BARAMATI","Construction of internal road from Manohar Appa Bhosale House to Bhawani Mandir, at Asani Damgude","19-Mar-2025","13-Jul-2026","500000","Physical Inspection"
"1722","Normal/Others","WS/MP692/2026-2027/184037-Construction of roads, link roads, pathways or any other road with or without drainage system","Maharashtra","PUNE(DISTRICT COLLECTOR PUNE_IDA)","Smt Supriya Sadanand Sule","BARAMATI","Construction of road towards Tanaji Rasal and Anil Bandal House, at Gunjavani","19-Mar-2025","13-Jul-2026","500000","Physical Inspection"
"1723","Normal/Others","WS/MP692/2026-2027/184040-Construction of roads, link roads, pathways or any other road with or without drainage system","Maharashtra","PUNE(DISTRICT COLLECTOR PUNE_IDA)","Smt Supriya Sadanand Sule","BARAMATI","Construction of approach road toward Santosh Renuse House, at Lavhi Bk.","19-Mar-2025","14-May-2026","500000","Physical Inspection"
"1724","Normal/Others","WS/MP692/2026-2027/185156-Construction of roads, link roads, pathways or any other road with or without drainage system","Maharashtra","PUNE(DISTRICT COLLECTOR PUNE_IDA)","Smt Supriya Sadanand Sule","BARAMATI","Construction of internal road at Viththal Dada Vasti, at Pandare","21-Mar-2025","02-Sep-2026","1000000","Sanction"
"1725","Normal/Others","WS/MP685/2026-2027/182017-Construction of roads, link roads, pathways or any other road with or without drainage system","Maharashtra","PUNE(DISTRICT COLLECTOR PUNE_IDA)","Shrirang Appa Barne","MAVAL","Construction Of road in Parate Vasti At Ahirvade Tal Maval Dist Pune","15-Mar-2025","19-May-2026","700000","Physical Inspection"
"1726","Normal/Others","WS/MP685/2026-2027/182018-Construction of roads, link roads, pathways or any other road with or without drainage system","Maharashtra","PUNE(DISTRICT COLLECTOR PUNE_IDA)","Shrirang Appa Barne","MAVAL","Construction Of road in Chavhan Vasti At Ahirvade Tal Maval","15-Mar-2025","19-May-2026","500000","Physical Inspection"
"1727","Normal/Others","WS/MP692/2026-2027/185120-Construction of roads, link roads, pathways or any other road with or without drainage system","Maharashtra","PUNE(DISTRICT COLLECTOR PUNE_IDA)","Smt Supriya Sadanand Sule","BARAMATI","Construction of internal concrete road at Belbacha Mala, at Murti","21-Mar-2025","14-May-2026","1000000","Physical Inspection"
"1728","Normal/Others","WS/MP692/2025-2026/185134-Construction of roads, link roads, pathways or any other road with or without drainage system","Maharashtra","PUNE(DISTRICT COLLECTOR PUNE_IDA)","Smt Supriya Sadanand Sule","BARAMATI","Construction of internal road from Forest to Pilanewasti road, at Karanje","21-Mar-2025","13-Oct-2025","984726","Physical Inspection"
"1729","Normal/Others","WS/MP692/2026-2027/185135-Construction of roads, link roads, pathways or any other road with or without drainage system","Maharashtra","PUNE(DISTRICT COLLECTOR PUNE_IDA)","Smt Supriya Sadanand Sule","BARAMATI","Construction of internal road at Baravkar Nagar, from Goyanka Dudh Sankalan Kendra to Popatrao Pawar Vasti, at Kambleshwar","21-Mar-2025","02-Sep-2026","1000000","Sanction"
"1730","Normal/Others","WS/MP18129/2025-2026/186052-Construction of roads, link roads, pathways or any other road with or without drainage system","Maharashtra","PUNE(DISTRICT COLLECTOR PUNE_IDA)","MURLIDHAR MOHOL","PUNE","To concretize the road from Ganeshpeth Hussain Bakery to Vegetable Market.","24-Mar-2025","18-Jul-2025","999965","Physical Inspection"
"1731","Normal/Others","WS/MP18129/2025-2026/186058-Construction of roads, link roads, pathways or any other road with or without drainage system","Maharashtra","PUNE(DISTRICT COLLECTOR PUNE_IDA)","MURLIDHAR MOHOL","PUNE","To asphalt the road from Ganeshpeth, Mari Aai Mata Mandir to Pangul Ali.","24-Mar-2025","18-Jul-2025","999337","Physical Inspection"
"1732","Normal/Others","WS/MP18129/2025-2026/186060-Construction of roads, link roads, pathways or any other road with or without drainage system","Maharashtra","PUNE(DISTRICT COLLECTOR PUNE_IDA)","MURLIDHAR MOHOL","PUNE","To asphalt the road from Pangul Ali to Jotyachi Talim.","24-Mar-2025","18-Jul-2025","999812","Physical Inspection"
"1733","Normal/Others","WS/MP692/2026-2027/185176-Construction of roads, link roads, pathways or any other road with or without drainage system","Maharashtra","PUNE(DISTRICT COLLECTOR PUNE_IDA)","Smt Supriya Sadanand Sule","BARAMATI","Construction of internal concrete road at Madhala Mala, at Nazare K.P.","21-Mar-2025","17-Jul-2026","800000","Physical Inspection"
"1734","Normal/Others","WS/MP692/2026-2027/185183-Construction of roads, link roads, pathways or any other road with or without drainage system","Maharashtra","PUNE(DISTRICT COLLECTOR PUNE_IDA)","Smt Supriya Sadanand Sule","BARAMATI","Construction of Pandeshwar Romanwadi Road","21-Mar-2025","29-May-2026","1000000","Physical Inspection"
"1735","Normal/Others","WS/MP661/2025-2026/147453-Construction of footpaths and pedestrian ways","Maharashtra","PUNE(DISTRICT COLLECTOR PUNE_IDA)","Amol Ramsing Kolhe","SHIRUR","installation of Paving Blocks at Kharpudi Bk","15-Oct-2024","22-Apr-2025","990415","Physical Inspection"
"1736","Normal/Others","WS/MP18129/2025-2026/186530-Construction of roads, link roads, pathways or any other road with or without drainage system","Maharashtra","PUNE(DISTRICT COLLECTOR PUNE_IDA)","MURLIDHAR MOHOL","PUNE","Sai Ganesh Park S.No. 122, Khandvenagar Lohegaon, road in front of Shri Aaij Niwas to Kokate Niwas to be concretized.","25-Mar-2025","18-Jul-2025","999995","Physical Inspection"
"1737","Normal/Others","WS/MP18129/2025-2026/186531-Construction of roads, link roads, pathways or any other road with or without drainage system","Maharashtra","PUNE(DISTRICT COLLECTOR PUNE_IDA)","MURLIDHAR MOHOL","PUNE","Asphalting of roads in lane no. 01 and 02 at Sai Ganesh Park, S.N. 122, Khandwe Nagar, Lohegaon.","25-Mar-2025","18-Jul-2025","999985","Physical Inspection"
"1738","Normal/Others","WS/MP18129/2025-2026/186532-Construction of roads, link roads, pathways or any other road with or without drainage system","Maharashtra","PUNE(DISTRICT COLLECTOR PUNE_IDA)","MURLIDHAR MOHOL","PUNE","Asphalting of roads in lane no. 03 and 04 at Sai Ganesh Park, S.N. 122, Khandwe Nagar, Lohegaon.","25-Mar-2025","18-Jul-2025","999999","Physical Inspection"
"1739","Normal/Others","WS/MP18129/2025-2026/186533-Construction of roads, link roads, pathways or any other road with or without drainage system","Maharashtra","PUNE(DISTRICT COLLECTOR PUNE_IDA)","MURLIDHAR MOHOL","PUNE","Sai Ganesh Park S.N. 122 Khandvenagar Lohegaon Road from Arora Bungalow to Yogiraj Residency to be concretized.","25-Mar-2025","16-Oct-2025","999348","Physical Inspection"
"1740","Normal/Others","WS/MP692/2026-2027/183613-Construction of footpaths and pedestrian ways","Maharashtra","PUNE(DISTRICT COLLECTOR PUNE_IDA)","Smt Supriya Sadanand Sule","BARAMATI","Fitting of Paving Blocks in front of Jilha Parishad School, Khutbav","18-Mar-2025","30-Jun-2026","500000","Physical Inspection"
"1741","Normal/Others","WS/MP692/2025-2026/183628-Construction of footpaths and pedestrian ways","Maharashtra","PUNE(DISTRICT COLLECTOR PUNE_IDA)","Smt Supriya Sadanand Sule","BARAMATI","Fitting of Paving Blocks at Datta Mandir Chauk, Rade Vasti, at Betwadi","18-Mar-2025","16-Feb-2026","993957","Physical Inspection"
"1742","Normal/Others","WS/MP685/2025-2026/187645-Construction of roads, link roads, pathways or any other road with or without drainage system","Maharashtra","PUNE(DISTRICT COLLECTOR PUNE_IDA)","Shrirang Appa Barne","MAVAL","Construct a Road At Thergaon Ward 23 sandip Nagar near ashvini Mini Market In PCMC","29-Mar-2025","20-Feb-2026","1000000","Physical Inspection"
"1743","Normal/Others","WS/MP685/2025-2026/187646-Construction of roads, link roads, pathways or any other road with or without drainage system","Maharashtra","PUNE(DISTRICT COLLECTOR PUNE_IDA)","Shrirang Appa Barne","MAVAL","Construct road At Thergaon PCmc Area in Sandip Nagar sainath colony","29-Mar-2025","20-Feb-2026","1000000","Physical Inspection"
"1744","Normal/Others","WS/MP685/2026-2027/176774-Construction of roads, link roads, pathways or any other road with or without drainage system","Maharashtra","PUNE(DISTRICT COLLECTOR PUNE_IDA)","Shrirang Appa Barne","MAVAL","Construction Of Road At Sangavade Darumbre Main Raod to Uttam Rakshe House","21-Feb-2025","14-May-2026","1000000","Physical Inspection"
"1745","Normal/Others","WS/MP661/2025-2026/180258-Construction of roads, link roads, pathways or any other road with or without drainage system","Maharashtra","PUNE(DISTRICT COLLECTOR PUNE_IDA)","Amol Ramsing Kolhe","SHIRUR","Construction of a road near Kadams house in Mauli Krupa Housing Society Talwade","31-Mar-2025","31-Oct-2025","1000000","Physical Inspection"
"1746","Normal/Others","WS/MP661/2025-2026/180259-Construction of roads, link roads, pathways or any other road with or without drainage system","Maharashtra","PUNE(DISTRICT COLLECTOR PUNE_IDA)","Amol Ramsing Kolhe","SHIRUR","Concretization of Galli No. 04 in Mauli Kripa Housing Society, Talwade, Tal. Haveli, Dist. Pune.","31-Mar-2025","31-Oct-2025","1000000","Physical Inspection"
"1747","Normal/Others","WS/MP661/2025-2026/147480-Construction of roads, link roads, pathways or any other road with or without drainage system","Maharashtra","PUNE(DISTRICT COLLECTOR PUNE_IDA)","Amol Ramsing Kolhe","SHIRUR","construction of ghatrasta at parunde","15-Oct-2024","21-Apr-2025","995639","Physical Inspection"
"1748","Normal/Others","WS/MP692/2026-2027/250945-Construction of roads, link roads, pathways or any other road with or without drainage system","Maharashtra","PUNE(DISTRICT COLLECTOR PUNE_IDA)","Smt Supriya Sadanand Sule","BARAMATI","Construction of internal road from Shivaji Pawale building to Dhokale Kadam building at Pirangut, Tal. Mulshi","27-Nov-2025","06-Jul-2026","1000000","Physical Inspection"
"1749","Normal/Others","WS/MP692/2026-2027/250950-Construction of roads, link roads, pathways or any other road with or without drainage system","Maharashtra","PUNE(DISTRICT COLLECTOR PUNE_IDA)","Smt Supriya Sadanand Sule","BARAMATI","Construction of internal road towards Chintaman Sambare House, Bhoini, Tal. Mulshi","27-Nov-2025","01-Sep-2026","1000000","Physical Inspection"
"1750","Normal/Others","WS/MP661/2024-2025/137790-Construction of community centers and community halls","Maharashtra","PUNE(DISTRICT COLLECTOR PUNE_IDA)","Amol Ramsing Kolhe","SHIRUR","Construction of community hall near kalbhairv mandir At. Mandoshi Tq. Khed Dist. Pune.","30-Aug-2024","12-Sep-2024","399922","Physical Inspection"
"1751","Normal/Others","WS/MP661/2024-2025/137791-Construction of community centers and community halls","Maharashtra","PUNE(DISTRICT COLLECTOR PUNE_IDA)","Amol Ramsing Kolhe","SHIRUR","Construction of community hall Near Maruti temple At Tokavade Tq. Khed Dist. Pune","30-Aug-2024","12-Sep-2024","499493","Physical Inspection"
"1752","Normal/Others","WS/MP661/2025-2026/147454-Construction of community centers and community halls","Maharashtra","PUNE(DISTRICT COLLECTOR PUNE_IDA)","Amol Ramsing Kolhe","SHIRUR","Construction of Mahila Asmita Bhavan community hall at Siddhagavhan","15-Oct-2024","22-Apr-2025","1000000","Physical Inspection"
"1753","Normal/Others","WS/MP661/2025-2026/147457-Construction of community centers and community halls","Maharashtra","PUNE(DISTRICT COLLECTOR PUNE_IDA)","Amol Ramsing Kolhe","SHIRUR","construction of community hall front of Dharmaraj Maharaj temple at Wada","15-Oct-2024","09-May-2025","1000000","Sanction"
"1754","Normal/Others","WS/MP661/2025-2026/147465-Construction of community centers and community halls","Maharashtra","PUNE(DISTRICT COLLECTOR PUNE_IDA)","Amol Ramsing Kolhe","SHIRUR","Construction of community hall at Khairenagar Tq. Ambegaon, Dist. Pune","15-Oct-2024","28-Oct-2025","999694","Physical Inspection"
"1755","Repair and Renovation","WS/MP692/2025-2026/164328-Construction of community centers and community halls","Maharashtra","PUNE(DISTRICT COLLECTOR PUNE_IDA)","Smt Supriya Sadanand Sule","BARAMATI","Beautification of Community Hall at Undawadi K.P.","08-Jan-2025","09-May-2025","500000","Work Completed"
"1756","Normal/Others","WS/MP685/2026-2027/187647-Construction of community centers and community halls","Maharashtra","PUNE(DISTRICT COLLECTOR PUNE_IDA)","Shrirang Appa Barne","MAVAL","Construction A Comunity Hall At Sate Tal Maval Dist Pune","29-Mar-2025","18-May-2026","1000000","Physical Inspection"
"1757","Normal/Others","WS/MP661/2026-2027/246081-Crematoriums/energy efficient crematoriums or structures on burial/cremation ground","Maharashtra","PUNE(DISTRICT COLLECTOR PUNE_IDA)","Amol Ramsing Kolhe","SHIRUR","Construction of a Waiting Shed at the Dashkriya Ghat (Cremation Ghat) in Mauje Kharoshi, Taluka Khed, District Pune","04-Nov-2025","13-Aug-2026","1000000","Physical Inspection"
"1758","Normal/Others","WS/MP661/2026-2027/246048-Crematoriums/energy efficient crematoriums or structures on burial/cremation ground","Maharashtra","PUNE(DISTRICT COLLECTOR PUNE_IDA)","Amol Ramsing Kolhe","SHIRUR","Improvement of the cremation ground at Mauje Dimbe Khurd, Taluka Ambegaon, District Pune.","04-Nov-2025","31-Aug-2026","1000000","Work partially Completed"
"1759","Normal/Others","WS/MP692/2026-2027/290006-Construction of common work sheds/ common covered sitting area","Maharashtra","PUNE(DISTRICT COLLECTOR PUNE_IDA)","Smt Supriya Sadanand Sule","BARAMATI","Construction of Common Covered Sitting Area at Malegaon, Tal. Mulshi","29-Jun-2026","16-Jul-2026","1000000","Physical Inspection"
"1760","Normal/Others","WS/MP18129/2026-2027/186084-Construction of common work sheds/ common covered sitting area","Maharashtra","PUNE(DISTRICT COLLECTOR PUNE_IDA)","MURLIDHAR MOHOL","PUNE","Walvekar Garden and Late Kaware Garden - Construction of a shed for open gym exercise equipment at Taware Colony.","24-Mar-2025","20-Jul-2026","1000000","Physical Inspection"
"1761","Normal/Others","WS/MP692/2026-2027/184071-Construction of common work sheds/ common covered sitting area","Maharashtra","PUNE(DISTRICT COLLECTOR PUNE_IDA)","Smt Supriya Sadanand Sule","BARAMATI","Construction of Common Covered Sitting area infornt of Janubai Mandir, at Khambavadi","19-Mar-2025","12-Jun-2026","500000","Physical Inspection"
"1762","Normal/Others","WS/MP685/2026-2027/182025-Construction of common work sheds/ common covered sitting area","Maharashtra","PUNE(DISTRICT COLLECTOR PUNE_IDA)","Shrirang Appa Barne","MAVAL","Construction Of Shed For senior citizens in sambhajinagr ward 10 In PCMC near Snake Park","15-Mar-2025","20-May-2026","700000","Physical Inspection"
"1763","Normal/Others","WS/MP692/2025-2026/184032-Construction of common work sheds/ common covered sitting area","Maharashtra","PUNE(DISTRICT COLLECTOR PUNE_IDA)","Smt Supriya Sadanand Sule","BARAMATI","Construction of Common Covered Sitting Area at Kurtavadi","19-Mar-2025","05-Jan-2026","500000","Physical Inspection"
"1764","Repair and Renovation","WS/MP18129/2026-2027/185933-Development of playground","Maharashtra","PUNE(DISTRICT COLLECTOR PUNE_IDA)","MURLIDHAR MOHOL","PUNE","Repair works at Yashwantrao Chavan Girls School, Jai Bhavani Nagar Kothrud Pune.","24-Mar-2025","20-Jul-2026","1000000","Physical Inspection"
"1765","Normal/Others","WS/MP692/2025-2026/183624-Development of playground","Maharashtra","PUNE(DISTRICT COLLECTOR PUNE_IDA)","Smt Supriya Sadanand Sule","BARAMATI","Fitting of Paving Block at Jilha Parishad School Ground, Dhadawali (Wireless Fata), at Girim","18-Mar-2025","25-Nov-2025","995586","Physical Inspection"
"1766","Normal/Others","WS/MP18129/2026-2027/186078-Construction of bus-sheds or bus-stops","Maharashtra","PUNE(DISTRICT COLLECTOR PUNE_IDA)","MURLIDHAR MOHOL","PUNE","New construction of bus stop in front of Ganesh Peth Police Chowki.","24-Mar-2025","20-Jul-2026","1000000","Physical Inspection"
"1767","Normal/Others","WS/MP18129/2026-2027/186079-Construction of bus-sheds or bus-stops","Maharashtra","PUNE(DISTRICT COLLECTOR PUNE_IDA)","MURLIDHAR MOHOL","PUNE","New construction of bus stop at Bhikardas Maruti Bus Stop, Bajirao Road.","24-Mar-2025","20-Jul-2026","1000000","Physical Inspection"
"1768","Normal/Others","WS/MP18129/2026-2027/186080-Construction of bus-sheds or bus-stops","Maharashtra","PUNE(DISTRICT COLLECTOR PUNE_IDA)","MURLIDHAR MOHOL","PUNE","Construction of a new bus stop at Ramoshi Gate Bhavani Peth.","24-Mar-2025","20-Jul-2026","1000000","Physical Inspection"
"1769","Normal/Others","WS/MP18129/2026-2027/186082-Construction of bus-sheds or bus-stops","Maharashtra","PUNE(DISTRICT COLLECTOR PUNE_IDA)","MURLIDHAR MOHOL","PUNE","Construction of a new bus stop near Tilak Road, Girija Hotel.","24-Mar-2025","20-Jul-2026","1000000","Physical Inspection"
"1770","Normal/Others","WS/MP685/2026-2027/187648-Construction of buildings for community cultural activities","Maharashtra","PUNE(DISTRICT COLLECTOR PUNE_IDA)","Shrirang Appa Barne","MAVAL","Construction A Hall for Cultural Activity At Sate In Bramhanwadi Tal Maval Dist Pune","29-Mar-2025","14-May-2026","1000000","Work partially Completed"
"1771","Normal/Others","WS/MP18129/2025-2026/186064-Construction of buildings for community cultural activities","Maharashtra","PUNE(DISTRICT COLLECTOR PUNE_IDA)","MURLIDHAR MOHOL","PUNE","Construction of a social hall at Kelewadi, Rajiv Gandhi Park, S.N. Kothrud.","24-Mar-2025","27-Nov-2025","999203","Physical Inspection"
"1772","Normal/Others","WS/MP692/2025-2026/158126-Construction of boundary walls of existing public and community buildings","Maharashtra","PUNE(DISTRICT COLLECTOR PUNE_IDA)","Smt Supriya Sadanand Sule","BARAMATI","Construction of Retaining Wall to Zilla Parishad School at Tale Mhasavali","11-Dec-2024","21-Apr-2025","500000","Sanction"
"1773","Normal/Others","WS/MP692/2026-2027/185934-Construction of boundary walls of existing public and community buildings","Maharashtra","PUNE(DISTRICT COLLECTOR PUNE_IDA)","Smt Supriya Sadanand Sule","BARAMATI","Construction of Protective Wall to Jilha Parishad School, Khutbav","24-Mar-2025","14-May-2026","1000000","Physical Inspection"
"1774","Normal/Others","WS/MP685/2025-2026/182072-Installing community drinking water plants","Maharashtra","PUNE(DISTRICT COLLECTOR PUNE_IDA)","Shrirang Appa Barne","MAVAL","Installing RO Drinking Water Plant 500LPH With Chiler facility At Jambhavade Tal Maval Dist Pune","15-Mar-2025","13-Mar-2026","697697","Physical Inspection"
"1775","Normal/Others","WS/MP18129/2026-2027/186077-Purchase of furniture and fixtures for educational purposes","Maharashtra","PUNE(DISTRICT COLLECTOR PUNE_IDA)","MURLIDHAR MOHOL","PUNE","Savitribai Phule Pune University, Joshi Gate, Bharat Ratna Dr. Babasaheb Ambedkar Abhyasike to be constructed.","24-Mar-2025","20-Jul-2026","1000000","Physical Inspection"
"1776","Normal/Others","WS/MP18129/2025-2026/186051-Providing drains and gutters for public drainage","Maharashtra","PUNE(DISTRICT COLLECTOR PUNE_IDA)","MURLIDHAR MOHOL","PUNE","Replacement of drainage line and concreting of road at Shivramdada Talim Ganesh Peth.","24-Mar-2025","18-Jul-2025","999962","Physical Inspection"
"1777","Normal/Others","WS/MP692/2026-2027/185159-Providing drains and gutters for public drainage","Maharashtra","PUNE(DISTRICT COLLECTOR PUNE_IDA)","Smt Supriya Sadanand Sule","BARAMATI","Construction of internal underground gutter line from Chormale Vasti to Balu Jagtap House, at Dandwadi","21-Mar-2025","17-Jun-2026","1000000","Physical Inspection"
"1778","Normal/Others","WS/MP18129/2025-2026/186068-Providing drains and gutters for public drainage","Maharashtra","PUNE(DISTRICT COLLECTOR PUNE_IDA)","MURLIDHAR MOHOL","PUNE","To carry out road and drainage line repair works in Kalasgaon, Survey No. 83, Khalsewasti.","24-Mar-2025","25-Sep-2025","999992","Physical Inspection"
"1779","Normal/Others","WS/MP18129/2025-2026/186061-Providing drains and gutters for public drainage","Maharashtra","PUNE(DISTRICT COLLECTOR PUNE_IDA)","MURLIDHAR MOHOL","PUNE","To carry out drainage works in Shravandhara area, Kothrud.","24-Mar-2025","25-Sep-2025","999199","Physical Inspection"
"1780","Normal/Others","WS/MP18129/2025-2026/186062-Providing drains and gutters for public drainage","Maharashtra","PUNE(DISTRICT COLLECTOR PUNE_IDA)","MURLIDHAR MOHOL","PUNE","To carry out drainage works in Shelar Complex, Kothrud area.","24-Mar-2025","25-Sep-2025","999860","Physical Inspection"
"1781","Normal/Others","WS/MP685/2026-2027/233088-Construction of roads, link roads, pathways or any other road with or without drainage system","Maharashtra","PUNE(DISTRICT COLLECTOR PUNE_IDA)","Shrirang Appa Barne","MAVAL","Construction Of Road At Divad Tal Maval between Ramdas Lohar to Sunil Savle House","12-Sep-2025","14-May-2026","1000000","Physical Inspection"
"1782","Normal/Others","WS/MP685/2026-2027/233089-Construction of roads, link roads, pathways or any other road with or without drainage system","Maharashtra","PUNE(DISTRICT COLLECTOR PUNE_IDA)","Shrirang Appa Barne","MAVAL","Construction Of Road At Bhaje Tal Maval Dist Pune between Main Road To Swaraj Nagari Internal Road","12-Sep-2025","01-Jul-2026","1000000","Physical Inspection"
"1783","Normal/Others","WS/MP661/2026-2027/222148-Construction of roads, link roads, pathways or any other road with or without drainage system","Maharashtra","PUNE(DISTRICT COLLECTOR PUNE_IDA)","Amol Ramsing Kolhe","SHIRUR","Construction of roads, to Bhosale Village to Amar coutege Road, Hadapsar, Pune","25-Jul-2025","02-Sep-2026","1000000","Sanction"
"1784","Normal/Others","WS/MP661/2026-2027/222149-Construction of roads, link roads, pathways or any other road with or without drainage system","Maharashtra","PUNE(DISTRICT COLLECTOR PUNE_IDA)","Amol Ramsing Kolhe","SHIRUR","Construction of roads, Near Nakshatra Udyan Hadapsar, Tq. Haveli, Dist. pune","25-Jul-2025","02-Sep-2026","1000000","Sanction"
"1785","Normal/Others","WS/MP661/2026-2027/222150-Construction of roads, link roads, pathways or any other road with or without drainage system","Maharashtra","PUNE(DISTRICT COLLECTOR PUNE_IDA)","Amol Ramsing Kolhe","SHIRUR","Construction of a road leading to Police Unit 5 in Bhosale Village, Hadapsar, Taluka Haveli, District Pune","25-Jul-2025","02-Sep-2026","1000000","Sanction"
"1786","Normal/Others","WS/MP661/2025-2026/241892-Construction of roads, link roads, pathways or any other road with or without drainage system","Maharashtra","PUNE(DISTRICT COLLECTOR PUNE_IDA)","Amol Ramsing Kolhe","SHIRUR","construction of road From the fire station in Wagholi to Rohan Abhila Corner At. wagholi, tq. haveli, Dist. Pune","16-Oct-2025","30-Oct-2025","1000000","Physical Inspection"
"1787","Normal/Others","WS/MP692/2026-2027/290008-Construction of roads, link roads, pathways or any other road with or without drainage system","Maharashtra","PUNE(DISTRICT COLLECTOR PUNE_IDA)","Smt Supriya Sadanand Sule","BARAMATI","Construction of Internal Road at Shendkarwadi, Karanjepul","29-Jun-2026","17-Jul-2026","1000000","Physical Inspection"
"1788","Normal/Others","WS/MP685/2026-2027/254563-Construction of water tanks","Maharashtra","RAIGAD(DISTRICT COLLECTOR RAIGAD_IDA)","Shrirang Appa Barne","MAVAL","Construction Of Well For Drinking Water Disribution At Tambati Grampanchayt In Donavat Village Tal Khalapur Raigad","17-Dec-2025","09-Apr-2026","1500000","Work partially Completed"
"1789","Trust and Society","WS/MP687/2025-2026/187643-Construction of rooms and halls in school and colleges","Maharashtra","RAIGAD(DISTRICT COLLECTOR RAIGAD_IDA)","Sunil Dattatray Tatkare","RAIGAD","Construction of classrooms for Mangaon Education Prasarak Mandal,, Senior College,Mangaon Tal- Mangaon, Dist-Raigad","31-Mar-2025","16-Feb-2026","2500000","Work partially Completed"
"1790","Trust and Society","WS/MP687/2025-2026/243729-Construction of rooms and halls in school and colleges","Maharashtra","RAIGAD(DISTRICT COLLECTOR RAIGAD_IDA)","Sunil Dattatray Tatkare","RAIGAD","Construction of expanded administrative building of Mangaon Education Prasarak Mandal, Taluka Mangaon, Dist-Raigad","27-Oct-2025","11-Mar-2026","2500000","Work partially Completed"
"1791","Normal/Others","WS/MP687/2025-2026/182083-Construction of common work sheds/ common covered sitting area","Maharashtra","RAIGAD(DISTRICT COLLECTOR RAIGAD_IDA)","Sunil Dattatray Tatkare","RAIGAD","Construction of a crematorium shed Group Gram Panchayat Sambhe, at Palekhurd, Tal-Roha, Dist-Raigad","18-Mar-2025","17-Feb-2026","700000","Work partially Completed"
"1792","Normal/Others","WS/MP685/2026-2027/170392-Crematoriums/energy efficient crematoriums or structures on burial/cremation ground","Maharashtra","RAIGAD(DISTRICT COLLECTOR RAIGAD_IDA)","Shrirang Appa Barne","MAVAL","Construct New Cremation At Vavoshi Tal Khalapur Dist Raigad","30-Jan-2025","01-Jul-2026","1500000","Work partially Completed"
"1793","Normal/Others","WS/MP685/2025-2026/176775-Crematoriums/energy efficient crematoriums or structures on burial/cremation ground","Maharashtra","RAIGAD(DISTRICT COLLECTOR RAIGAD_IDA)","Shrirang Appa Barne","MAVAL","Construct New Creamation At Chawane in Savane Village tal Panvel dist Raigad","21-Feb-2025","20-Nov-2025","1000000","Work partially Completed"
"1794","Normal/Others","WS/MP685/2026-2027/174726-Crematoriums/energy efficient crematoriums or structures on burial/cremation ground","Maharashtra","RAIGAD(DISTRICT COLLECTOR RAIGAD_IDA)","Shrirang Appa Barne","MAVAL","Construction Of New Cremation At Bolrle Tal Panvel Dist Raigad","10-Feb-2025","17-Jun-2026","1000000","Work partially Completed"
"1795","Normal/Others","WS/MP687/2025-2026/182080-Construction of community centers and community halls","Maharashtra","RAIGAD(DISTRICT COLLECTOR RAIGAD_IDA)","Sunil Dattatray Tatkare","RAIGAD","Construction of social hall at Indapur, Grampanchyat Talashet, Tal-Mangaon, Dist-Raigad","18-Mar-2025","17-Sep-2025","1497755","Physical Inspection"
"1796","Normal/Others","WS/MP687/2025-2026/182081-Construction of community centers and community halls","Maharashtra","RAIGAD(DISTRICT COLLECTOR RAIGAD_IDA)","Sunil Dattatray Tatkare","RAIGAD","Construction of Sabhamandap  Grampanchyat Kharaamboli, at Josranjan, Tal-Muarud, Dist-Raigad","18-Mar-2025","14-Nov-2025","2500000","Work partially Completed"
"1797","Normal/Others","WS/MP687/2025-2026/182086-Construction of community centers and community halls","Maharashtra","RAIGAD(DISTRICT COLLECTOR RAIGAD_IDA)","Sunil Dattatray Tatkare","RAIGAD","Construction of social hall at Mangaon, Tal-Mangaon, Dist-Raigad","18-Mar-2025","18-Jun-2025","2496670","Physical Inspection"
"1798","Normal/Others","WS/MP687/2025-2026/182087-Construction of community centers and community halls","Maharashtra","RAIGAD(DISTRICT COLLECTOR RAIGAD_IDA)","Sunil Dattatray Tatkare","RAIGAD","Construction of Sabhamandap  Grampanchyat Veer, at Veer Dattawadi, Tal-Mahad, Dist-Raigad","18-Mar-2025","10-Jun-2025","749000","Physical Inspection"
"1799","Normal/Others","WS/MP687/2025-2026/182088-Construction of community centers and community halls","Maharashtra","RAIGAD(DISTRICT COLLECTOR RAIGAD_IDA)","Sunil Dattatray Tatkare","RAIGAD","Construction of social hall  Grampanchya Tondsure, at Tondure, Tal-Mhasala, Dist-Raigad","18-Mar-2025","28-Jul-2025","1497654","Physical Inspection"
"1800","Normal/Others","WS/MP687/2025-2026/182089-Construction of community centers and community halls","Maharashtra","RAIGAD(DISTRICT COLLECTOR RAIGAD_IDA)","Sunil Dattatray Tatkare","RAIGAD","Construction of social hall at Pashti Goulwadi, Tal-Mhasla, Dist-Raigad","18-Mar-2025","10-Jun-2025","999000","Physical Inspection"
"1801","Normal/Others","WS/MP687/2025-2026/182090-Construction of community centers and community halls","Maharashtra","RAIGAD(DISTRICT COLLECTOR RAIGAD_IDA)","Sunil Dattatray Tatkare","RAIGAD","Construction of a social hall at Siddheshwar Bharje, Tal-Sudhagad, Dist-Raigad","18-Mar-2025","24-Jun-2025","2500000","Work partially Completed"
"1802","Normal/Others","WS/MP687/2025-2026/182094-Construction of community centers and community halls","Maharashtra","RAIGAD(DISTRICT COLLECTOR RAIGAD_IDA)","Sunil Dattatray Tatkare","RAIGAD","Construction of social hall at Mouje Kanghar, Tal- Mhasla, Dist-Raigad","18-Mar-2025","12-Aug-2025","1499000","Physical Inspection"
"1803","Normal/Others","WS/MP687/2025-2026/182096-Construction of community centers and community halls","Maharashtra","RAIGAD(DISTRICT COLLECTOR RAIGAD_IDA)","Sunil Dattatray Tatkare","RAIGAD","Construction of a social hall at  Kelghar, Tal- Roha, Dist-Raigad","18-Mar-2025","17-Jul-2025","699000","Physical Inspection"
"1804","Normal/Others","WS/MP687/2025-2026/182099-Construction of community centers and community halls","Maharashtra","RAIGAD(DISTRICT COLLECTOR RAIGAD_IDA)","Sunil Dattatray Tatkare","RAIGAD","Construction of social hall at Kandalwada, Tal- Mhasla, Dist-Raigad","18-Mar-2025","11-Feb-2026","2499000","Physical Inspection"
"1805","Trust and Society","WS/MP687/2025-2026/182068-Construction of community centers and community halls","Maharashtra","RAIGAD(DISTRICT COLLECTOR RAIGAD_IDA)","Sunil Dattatray Tatkare","RAIGAD","Construction of social hall at Mahad,Tal- Mahad, Dist-Raigad","18-Mar-2025","22-Apr-2025","2500000","Vendor Identification"
"1806","Normal/Others","WS/MP687/2025-2026/182566-Construction of community centers and community halls","Maharashtra","RAIGAD(DISTRICT COLLECTOR RAIGAD_IDA)","Sunil Dattatray Tatkare","RAIGAD","Construction of a social hall at Masad Budruk, Tal-Pen, Dist-Raigad","18-Mar-2025","12-Jun-2025","2499000","Physical Inspection"
"1807","Normal/Others","WS/MP687/2025-2026/182567-Construction of community centers and community halls","Maharashtra","RAIGAD(DISTRICT COLLECTOR RAIGAD_IDA)","Sunil Dattatray Tatkare","RAIGAD","Construction of a social hall at Adnale, Tal-Tala, Dist-Raigad","18-Mar-2025","25-Sep-2025","1993457","Physical Inspection"
"1808","Normal/Others","WS/MP687/2025-2026/182568-Construction of community centers and community halls","Maharashtra","RAIGAD(DISTRICT COLLECTOR RAIGAD_IDA)","Sunil Dattatray Tatkare","RAIGAD","Construction of a social hall Gram Panchayat Vashi, at Landar, Tal-Roha, Dist-Raigad","18-Mar-2025","26-Aug-2025","699000","Physical Inspection"
"1809","Normal/Others","WS/MP687/2025-2026/182569-Construction of community centers and community halls","Maharashtra","RAIGAD(DISTRICT COLLECTOR RAIGAD_IDA)","Sunil Dattatray Tatkare","RAIGAD","Construction of a multipurpose hall  Gram Panchayat Kharavali, Ta- Mangaon, Dist-Raigad","18-Mar-2025","03-Sep-2025","2493418","Physical Inspection"
"1810","Normal/Others","WS/MP687/2025-2026/182570-Construction of community centers and community halls","Maharashtra","RAIGAD(DISTRICT COLLECTOR RAIGAD_IDA)","Sunil Dattatray Tatkare","RAIGAD","Construction of social hall Gram Panchayat Kharvali, Varchi Aali, Tal-Mangaon, Dist-Raigad","18-Mar-2025","11-Jun-2025","2000000","Physical Inspection"
"1811","Normal/Others","WS/MP687/2025-2026/182571-Construction of community centers and community halls","Maharashtra","RAIGAD(DISTRICT COLLECTOR RAIGAD_IDA)","Sunil Dattatray Tatkare","RAIGAD","Construction of social hall at Medha, Tal-Roha, Dist-Raigad","18-Mar-2025","18-Jun-2025","1000000","Physical Inspection"
"1812","Normal/Others","WS/MP687/2025-2026/182572-Construction of community centers and community halls","Maharashtra","RAIGAD(DISTRICT COLLECTOR RAIGAD_IDA)","Sunil Dattatray Tatkare","RAIGAD","Construction of social hall Gram Panchayat Kakal, at Kakal Bouddhawadi, Tal- Mangaon, Dist-Raigad (SC)","18-Mar-2025","17-Sep-2025","1000000","Physical Inspection"
"1813","Normal/Others","WS/MP687/2025-2026/182573-Construction of community centers and community halls","Maharashtra","RAIGAD(DISTRICT COLLECTOR RAIGAD_IDA)","Sunil Dattatray Tatkare","RAIGAD","Construction of a Samajmandir Gram Panchayat Koproli, at Koproli, Tal-Pen, Dist-Raigad","18-Mar-2025","02-Jun-2025","750000","Physical Inspection"
"1814","Normal/Others","WS/MP687/2025-2026/182574-Construction of community centers and community halls","Maharashtra","RAIGAD(DISTRICT COLLECTOR RAIGAD_IDA)","Sunil Dattatray Tatkare","RAIGAD","Construction of social hall Gram Panchayat Degaon, at Degaon Bouddhawadi, Tal- Mangaon, Dist-Raigad (SC)","18-Mar-2025","16-Feb-2026","1500000","Work partially Completed"
"1815","Normal/Others","WS/MP687/2025-2026/219009-Construction of community centers and community halls","Maharashtra","RAIGAD(DISTRICT COLLECTOR RAIGAD_IDA)","Sunil Dattatray Tatkare","RAIGAD","Construction of a social hall at Koproli, Gram Panchayat Koproli, Taluka Pen, Dist-Raigad","16-Jul-2025","17-Jul-2025","750000","Physical Inspection"
"1816","Normal/Others","WS/MP687/2025-2026/199486-Construction of community centers and community halls","Maharashtra","RAIGAD(DISTRICT COLLECTOR RAIGAD_IDA)","Sunil Dattatray Tatkare","RAIGAD","Construction of tribal building for Katkari community at Mangaon, Taluka Mangaon (S.T.)","22-May-2025","11-Mar-2026","3000000","Work partially Completed"
"1817","Normal/Others","WS/MP687/2024-2025/181205-Construction of community centers and community halls","Maharashtra","RAIGAD(DISTRICT COLLECTOR RAIGAD_IDA)","Sunil Dattatray Tatkare","RAIGAD","Construction of Social hall at Revoli, Tal-Roha, Dist-Raigad","18-Mar-2025","24-Mar-2025","2500000","Work partially Completed"
"1818","Normal/Others","WS/MP687/2026-2027/243661-Construction of community centers and community halls","Maharashtra","RAIGAD(DISTRICT COLLECTOR RAIGAD_IDA)","Sunil Dattatray Tatkare","RAIGAD","Construction of Social Hall at Bhuvneshwar, Taluka Roha, Dist- Raigad","27-Oct-2025","22-Jul-2026","1500000","Work partially Completed"
"1819","Normal/Others","WS/MP687/2025-2026/243670-Construction of community centers and community halls","Maharashtra","RAIGAD(DISTRICT COLLECTOR RAIGAD_IDA)","Sunil Dattatray Tatkare","RAIGAD","Construction of Social Hall at Panose, Gram Panchayat Salave, Taluka Mangaon, Dist- Raigad","29-Oct-2025","03-Nov-2025","1500000","Physical Inspection"
"1820","Normal/Others","WS/MP687/2025-2026/243673-Construction of community centers and community halls","Maharashtra","RAIGAD(DISTRICT COLLECTOR RAIGAD_IDA)","Sunil Dattatray Tatkare","RAIGAD","Construction of Social Hall at Javate, Gram Panchayat Bhale, Taluka Mangaon, Dist- Raigad","29-Oct-2025","24-Mar-2026","1500000","Work partially Completed"
"1821","Normal/Others","WS/MP687/2025-2026/243675-Construction of community centers and community halls","Maharashtra","RAIGAD(DISTRICT COLLECTOR RAIGAD_IDA)","Sunil Dattatray Tatkare","RAIGAD","Construction of Social Hall at Bamnoli, GramPanchayat Bamnoli, Taluka Mangaon, Dist- Raigad","29-Oct-2025","30-Oct-2025","1000000","Physical Inspection"
"1822","Normal/Others","WS/MP687/2025-2026/243678-Construction of community centers and community halls","Maharashtra","RAIGAD(DISTRICT COLLECTOR RAIGAD_IDA)","Sunil Dattatray Tatkare","RAIGAD","Construction of Social Hall at Kakalghar, Taluka Murud, Dist- Raigad","29-Oct-2025","27-Mar-2026","2500000","Work partially Completed"
"1823","Normal/Others","WS/MP687/2026-2027/243689-Construction of community centers and community halls","Maharashtra","RAIGAD(DISTRICT COLLECTOR RAIGAD_IDA)","Sunil Dattatray Tatkare","RAIGAD","Construction of a social hall at Phalshet, Gram Panchayat Phalshet Karnala, Taluka Tala, Dist- Raigad","27-Oct-2025","20-Apr-2026","1500000","Physical Inspection"
"1824","Normal/Others","WS/MP687/2025-2026/243692-Construction of community centers and community halls","Maharashtra","RAIGAD(DISTRICT COLLECTOR RAIGAD_IDA)","Sunil Dattatray Tatkare","RAIGAD","Construction of a social hall at Dharwali (Wadshet wave),  Taluka Shriwardhan Dist- Raigad","27-Oct-2025","08-Jan-2026","3000000","Work partially Completed"
"1825","Normal/Others","WS/MP687/2025-2026/243695-Construction of community centers and community halls","Maharashtra","RAIGAD(DISTRICT COLLECTOR RAIGAD_IDA)","Sunil Dattatray Tatkare","RAIGAD","Construction of a social hall at Salvinde Tadachiwadi,  Taluka Mhasla Dist- Raigad","27-Oct-2025","05-Jan-2026","2500000","Physical Inspection"
"1826","Normal/Others","WS/MP687/2025-2026/243701-Construction of community centers and community halls","Maharashtra","RAIGAD(DISTRICT COLLECTOR RAIGAD_IDA)","Sunil Dattatray Tatkare","RAIGAD","Construction of SabhaMandap at chikhalap, Gruop GramPanchayat chikhalap, Taluka Shriwardhan, Dist- Raigad","27-Oct-2025","13-Mar-2026","2000000","Work partially Completed"
"1827","Normal/Others","WS/MP687/2025-2026/243704-Construction of community centers and community halls","Maharashtra","RAIGAD(DISTRICT COLLECTOR RAIGAD_IDA)","Sunil Dattatray Tatkare","RAIGAD","Construction of Social Hall at Borghar, Taluka Mangaon, Dist- Raigad","27-Oct-2025","18-Feb-2026","1500000","Work partially Completed"
"1828","Normal/Others","WS/MP687/2025-2026/243712-Construction of community centers and community halls","Maharashtra","RAIGAD(DISTRICT COLLECTOR RAIGAD_IDA)","Sunil Dattatray Tatkare","RAIGAD","Construction of Social Hall at Bhale, Taluka Mangaon, Dist- Raigad","27-Oct-2025","18-Dec-2025","2500000","Physical Inspection"
"1829","Normal/Others","WS/MP687/2026-2027/243715-Construction of community centers and community halls","Maharashtra","RAIGAD(DISTRICT COLLECTOR RAIGAD_IDA)","Sunil Dattatray Tatkare","RAIGAD","Construction of a social hall at Dasgaon Adivasiwadi, Taluka Mahad (S.T)","27-Oct-2025","23-Jun-2026","1000000","Work partially Completed"
"1830","Normal/Others","WS/MP687/2025-2026/243731-Construction of community centers and community halls","Maharashtra","RAIGAD(DISTRICT COLLECTOR RAIGAD_IDA)","Sunil Dattatray Tatkare","RAIGAD","Construction of a social hall at Kalsamble Bouddhawadi, Gram Panchayat Kakadshet, Taluka Tala, Dist Raigad (S.C.)","27-Oct-2025","17-Nov-2025","1498000","Physical Inspection"
"1831","Normal/Others","WS/MP687/2025-2026/243734-Construction of community centers and community halls","Maharashtra","RAIGAD(DISTRICT COLLECTOR RAIGAD_IDA)","Sunil Dattatray Tatkare","RAIGAD","Construction of a social hall at Rudravli Adivasiwadi, Taluka Mangaon, Dist Raigad (S.T)","27-Oct-2025","10-Dec-2025","674000","Physical Inspection"
"1832","Normal/Others","WS/MP687/2025-2026/243737-Construction of community centers and community halls","Maharashtra","RAIGAD(DISTRICT COLLECTOR RAIGAD_IDA)","Sunil Dattatray Tatkare","RAIGAD","Construction of a social hall in Bouddhawadi at Surav tarf Tale, Taluka Mangaon, Dist Raigad  (S.C.)","27-Oct-2025","05-Jan-2026","750000","Work partially Completed"
"1833","Normal/Others","WS/MP687/2026-2027/268169-Construction of community centers and community halls","Maharashtra","RAIGAD(DISTRICT COLLECTOR RAIGAD_IDA)","Sunil Dattatray Tatkare","RAIGAD","Construction of a social hall at Bhendkhol, Grampanchyat Harihareshwar, Taluka Shriwardhan, Dist- Raigad","16-Feb-2026","22-Jul-2026","2500000","Work partially Completed"
"1834","Normal/Others","WS/MP687/2026-2027/268170-Construction of community centers and community halls","Maharashtra","RAIGAD(DISTRICT COLLECTOR RAIGAD_IDA)","Sunil Dattatray Tatkare","RAIGAD","Construction of a social hall at shiwajinagar, Grampanchyat Harihareshwar, Taluka Shriwardhan, Dist- Raigad","16-Feb-2026","24-Jun-2026","1500000","Work partially Completed"
"1835","Normal/Others","WS/MP687/2026-2027/268171-Construction of community centers and community halls","Maharashtra","RAIGAD(DISTRICT COLLECTOR RAIGAD_IDA)","Sunil Dattatray Tatkare","RAIGAD","Construction of a social hall at  Potner Adivasiwadi Taluka Mangaon, Dist-Raigad (S.T.)","16-Feb-2026","31-Jul-2026","600000","Work partially Completed"
"1836","Normal/Others","WS/MP687/2026-2027/295798-Construction of community centers and community halls","Maharashtra","RAIGAD(DISTRICT COLLECTOR RAIGAD_IDA)","Sunil Dattatray Tatkare","RAIGAD","Construction of a SabhaMandap at Gram Panchayat Gangavali Bouddhawadi, Tal.Mangaon (SC)","16-Jul-2026","31-Jul-2026","1000000","Work partially Completed"
"1837","Normal/Others","WS/MP687/2026-2027/295799-Construction of community centers and community halls","Maharashtra","RAIGAD(DISTRICT COLLECTOR RAIGAD_IDA)","Sunil Dattatray Tatkare","RAIGAD","Construction of a social hall at Mouje Nilgun Adivasiwadi, Gram Panchayat Degaon, Taluka Mangaon. (S.T)","16-Jul-2026","08-Sep-2026","750000","Sanction"
"1838","Normal/Others","WS/MP687/2026-2027/295800-Construction of community centers and community halls","Maharashtra","RAIGAD(DISTRICT COLLECTOR RAIGAD_IDA)","Sunil Dattatray Tatkare","RAIGAD","Construction of a social hall at Degaon Adivasiwadi, Gram Panchayat Degaon, Taluka Mangaon. (S.T)","16-Jul-2026","08-Sep-2026","750000","Sanction"
"1839","Normal/Others","WS/MP687/2026-2027/268167-Construction of community centers and community halls","Maharashtra","RAIGAD(DISTRICT COLLECTOR RAIGAD_IDA)","Sunil Dattatray Tatkare","RAIGAD","Construction of Social Hall at Kurdgaon, Taluka Mahsala, Dist-Raigad","16-Feb-2026","17-Jun-2026","1000000","Work partially Completed"
"1840","Normal/Others","WS/MP685/2026-2027/246450-Construction of roads, link roads, pathways or any other road with or without drainage system","Maharashtra","RAIGAD(DISTRICT COLLECTOR RAIGAD_IDA)","Shrirang Appa Barne","MAVAL","Construction a Road At Usarli Kh in Deravli Between Om Ekdant Residancy to Padmavati Building Tal Panvel Dist Raigad","06-Nov-2025","31-Aug-2026","1000000","Work partially Completed"
"1841","Normal/Others","WS/MP687/2025-2026/268168-Construction of roads, link roads, pathways or any other road with or without drainage system","Maharashtra","RAIGAD(DISTRICT COLLECTOR RAIGAD_IDA)","Sunil Dattatray Tatkare","RAIGAD","Road concreting and installation of paver blocks at  Varse, Group Gram Panchayat Varse, Taluka Roha, Dist-Raigad","16-Feb-2026","17-Feb-2026","1500000","Work partially Completed"
"1842","Normal/Others","WS/MP685/2026-2027/257924-Construction of roads, link roads, pathways or any other road with or without drainage system","Maharashtra","RAIGAD(DISTRICT COLLECTOR RAIGAD_IDA)","Shrirang Appa Barne","MAVAL","Construction Of Road Between Karavle Nivas To Smashan Bhumi At Ali Ambivli Mohapada Wasambe Tal Khalapur Dist Raigad","08-Jan-2026","08-Jul-2026","1000000","Work partially Completed"
"1843","Normal/Others","WS/MP685/2026-2027/159572-Construction of roads, link roads, pathways or any other road with or without drainage system","Maharashtra","RAIGAD(DISTRICT COLLECTOR RAIGAD_IDA)","Shrirang Appa Barne","MAVAL","Construction Of Road at Kumbhavli  Ankush Patil To Damodhar Gaikwad House Tal Khalapur dist Raigad","18-Dec-2024","03-Sep-2026","1000000","Work partially Completed"
"1844","Normal/Others","WS/MP685/2025-2026/171729-Construction of roads, link roads, pathways or any other road with or without drainage system","Maharashtra","RAIGAD(DISTRICT COLLECTOR RAIGAD_IDA)","Shrirang Appa Barne","MAVAL","Construction of road at Nanoshi in Manghar Village between Manoj Patil to River Road","02-Feb-2025","26-Nov-2025","499000","Physical Inspection"
"1845","Normal/Others","WS/MP685/2025-2026/170394-Construction of roads, link roads, pathways or any other road with or without drainage system","Maharashtra","RAIGAD(DISTRICT COLLECTOR RAIGAD_IDA)","Shrirang Appa Barne","MAVAL","Construct a road main road to Katekar House At Dapoli in Bhangarpada  Tal Panvel dist Raigad","30-Jan-2025","20-Nov-2025","500000","Work partially Completed"
"1846","Normal/Others","WS/MP685/2026-2027/170395-Construction of roads, link roads, pathways or any other road with or without drainage system","Maharashtra","RAIGAD(DISTRICT COLLECTOR RAIGAD_IDA)","Shrirang Appa Barne","MAVAL","Construction Of Roads at Mandavne , Dhangarpada To Mandavne Village At Karjat Dist Raigad","30-Jan-2025","09-Apr-2026","1000000","Work partially Completed"
"1847","Normal/Others","WS/MP685/2026-2027/187654-Construction of roads, link roads, pathways or any other road with or without drainage system","Maharashtra","RAIGAD(DISTRICT COLLECTOR RAIGAD_IDA)","Shrirang Appa Barne","MAVAL","Construction Of Road At Chambharli Tal Khalapur Dist Raigad Between Kailas Mhatre To Nandkumar Karangule House","29-Mar-2025","01-Jul-2026","500000","Work partially Completed"
"1848","Normal/Others","WS/MP685/2025-2026/187994-Construction of roads, link roads, pathways or any other road with or without drainage system","Maharashtra","RAIGAD(DISTRICT COLLECTOR RAIGAD_IDA)","Shrirang Appa Barne","MAVAL","Construction Of Raod At Chiple Tal Panvel Dist Raigad Between Bhokarpada To Devad  Jod Rasta","30-Mar-2025","16-Feb-2026","1498219","Physical Inspection"
"1849","Normal/Others","WS/MP685/2025-2026/187995-Construction of roads, link roads, pathways or any other road with or without drainage system","Maharashtra","RAIGAD(DISTRICT COLLECTOR RAIGAD_IDA)","Shrirang Appa Barne","MAVAL","Construction Of Road At Vakdi Tal Panvel Dist Raigad Between Gavdevi Mandir To Smashan Bhumi Road","30-Mar-2025","25-Mar-2026","999000","Physical Inspection"
"1850","Normal/Others","WS/MP687/2025-2026/243666-Development of playfields and sports grounds","Maharashtra","RAIGAD(DISTRICT COLLECTOR RAIGAD_IDA)","Sunil Dattatray Tatkare","RAIGAD","To develop a playground at Mhasala Nagar Panchayat,  Taluka Mhasala, Dist- Raigad","29-Oct-2025","24-Mar-2026","2000000","Work partially Completed"
"1851","Normal/Others","WS/MP687/2025-2026/182084-Development of public parks","Maharashtra","RAIGAD(DISTRICT COLLECTOR RAIGAD_IDA)","Sunil Dattatray Tatkare","RAIGAD","To develop the Udayan in Ghotwal, Group Gram Panchayat Bhuvan, Tal-Mangaon, Dist-Raigad","18-Mar-2025","10-Jun-2025","1497402","Physical Inspection"
"1852","Normal/Others","WS/MP18131/2025-2026/200905-Construction of roads, link roads, pathways or any other road with or without drainage system","Maharashtra","RATNAGIRI(District Collector Ratnagiri_IDA)","NARAYAN TATU RANE","RATNAGIRI-SINDHUDURG","Construction Of road shivaji khanvilkar home to kondaskarwadi chinchwadi smashanbhumi FY 2024-25","20-May-2025","16-Feb-2026","1500000","Physical Inspection"
"1853","Normal/Others","WS/MP18131/2026-2027/200906-Construction of roads, link roads, pathways or any other road with or without drainage system","Maharashtra","RATNAGIRI(District Collector Ratnagiri_IDA)","NARAYAN TATU RANE","RATNAGIRI-SINDHUDURG","Gravel and asphalting of the Gram 49 road connecting the two villages of village Ambvali to village Sagave under the jurisdiction of Gram Panchayat Phansat. Tal. Sangameshwar","20-May-2025","18-Jun-2026","1000000","Physical Inspection"
"1854","Normal/Others","WS/MP18131/2025-2026/200907-Construction of roads, link roads, pathways or any other road with or without drainage system","Maharashtra","RATNAGIRI(District Collector Ratnagiri_IDA)","NARAYAN TATU RANE","RATNAGIRI-SINDHUDURG","Gravel and asphalting of the road from Shembavane Gangochi Wadi Chhatrapati Shivaji Maharaj Statue to Ashok Apte House. Tal. Rajapur FY 2024-25","20-May-2025","16-Feb-2026","500000","Physical Inspection"
"1855","Normal/Others","WS/MP18131/2025-2026/206353-Construction of roads, link roads, pathways or any other road with or without drainage system","Maharashtra","RATNAGIRI(District Collector Ratnagiri_IDA)","NARAYAN TATU RANE","RATNAGIRI-SINDHUDURG","Concreting of internal road from Phansavale Madhliwadi Hanuman Temple to Laxman Londhe house. Taluka Ratnagiri FY 2024-25","05-Jun-2025","16-Feb-2026","1000000","Physical Inspection"
"1856","Normal/Others","WS/MP18131/2025-2026/206354-Construction of roads, link roads, pathways or any other road with or without drainage system","Maharashtra","RATNAGIRI(District Collector Ratnagiri_IDA)","NARAYAN TATU RANE","RATNAGIRI-SINDHUDURG","Narduve Tal. Sangameshwar Dist. Ratnagiri Village 149 Prajima 38 to Narduve Sadyewadi Madhliwadi Road to be gravelled and asphalted FY 2024-25","05-Jun-2025","16-Feb-2026","1500000","Physical Inspection"
"1857","Normal/Others","WS/MP18131/2025-2026/206355-Construction of roads, link roads, pathways or any other road with or without drainage system","Maharashtra","RATNAGIRI(District Collector Ratnagiri_IDA)","NARAYAN TATU RANE","RATNAGIRI-SINDHUDURG","Hasol main road to Madhliwadi road to be gravelled and asphalted. Tal. Rajapur FY 2024-25","05-Jun-2025","16-Feb-2026","1000000","Physical Inspection"
"1858","Normal/Others","WS/MP18131/2025-2026/206356-Construction of roads, link roads, pathways or any other road with or without drainage system","Maharashtra","RATNAGIRI(District Collector Ratnagiri_IDA)","NARAYAN TATU RANE","RATNAGIRI-SINDHUDURG","RCC paving at Shindewadi. Taluka Lanja FY 2024-25","05-Jun-2025","16-Feb-2026","150000","Physical Inspection"
"1859","Normal/Others","WS/MP18131/2025-2026/206357-Construction of roads, link roads, pathways or any other road with or without drainage system","Maharashtra","RATNAGIRI(District Collector Ratnagiri_IDA)","NARAYAN TATU RANE","RATNAGIRI-SINDHUDURG","Asphalting of road from Saundal Ganesh Temple to Bhatade Ghar by Kondye. Tal. Rajapur FY 2024-25","05-Jun-2025","17-Mar-2026","1000000","Physical Inspection"
"1860","Normal/Others","WS/MP18131/2025-2026/206358-Construction of roads, link roads, pathways or any other road with or without drainage system","Maharashtra","RATNAGIRI(District Collector Ratnagiri_IDA)","NARAYAN TATU RANE","RATNAGIRI-SINDHUDURG","Shree Lakshmi nruSinh Temple, Kelavli to Gagangiri Maharaj Ashram, to be gravelled and asphalted. Tal. Rajapur FY 2024-25","05-Jun-2025","16-Feb-2026","2000000","Physical Inspection"
"1861","Normal/Others","WS/MP18131/2025-2026/206359-Construction of roads, link roads, pathways or any other road with or without drainage system","Maharashtra","RATNAGIRI(District Collector Ratnagiri_IDA)","NARAYAN TATU RANE","RATNAGIRI-SINDHUDURG","Road leading from main road in village Mauje Vilaye to Miraswadi Madhliwadi Gurwadi, Ijima 201, to be gravelled and asphalted. Tal. Rajapur FY 2024-25","05-Jun-2025","17-Mar-2026","1000000","Physical Inspection"
"1862","Normal/Others","WS/MP18131/2025-2026/206360-Construction of roads, link roads, pathways or any other road with or without drainage system","Maharashtra","RATNAGIRI(District Collector Ratnagiri_IDA)","NARAYAN TATU RANE","RATNAGIRI-SINDHUDURG","To make gravel and asphalt of Pakhadi road from Shejavali Bhatwadi School to Varchiwadi Gangeshwar Temple. Rajapur Taluka FY 2024-25","05-Jun-2025","16-Feb-2026","1000000","Physical Inspection"
"1863","Normal/Others","WS/MP18131/2025-2026/206361-Construction of roads, link roads, pathways or any other road with or without drainage system","Maharashtra","RATNAGIRI(District Collector Ratnagiri_IDA)","NARAYAN TATU RANE","RATNAGIRI-SINDHUDURG","Raipatan Takkewadi road gravelling and asphalting. Tal. Rajapur FY 2024-25","05-Jun-2025","16-Feb-2026","1000000","Physical Inspection"
"1864","Normal/Others","WS/MP18131/2025-2026/206363-Construction of roads, link roads, pathways or any other road with or without drainage system","Maharashtra","RATNAGIRI(District Collector Ratnagiri_IDA)","NARAYAN TATU RANE","RATNAGIRI-SINDHUDURG","Paving and strengthening of the road from Vilay Miraswadi to Dongar Titha. Taluka Rajapur FY 2024-25","05-Jun-2025","17-Mar-2026","1000000","Physical Inspection"
"1865","Normal/Others","WS/MP18131/2025-2026/253007-Construction of roads, link roads, pathways or any other road with or without drainage system","Maharashtra","RATNAGIRI(District Collector Ratnagiri_IDA)","NARAYAN TATU RANE","RATNAGIRI-SINDHUDURG","Construction of the road leading from Rajapur Juwati Chalayancha Mala to Bhandarwadi Zilla Parishad School FY 2024-25","24-Dec-2025","17-Mar-2026","1000000","Sanction"
"1866","Normal/Others","WS/MP18131/2025-2026/253008-Construction of roads, link roads, pathways or any other road with or without drainage system","Maharashtra","RATNAGIRI(District Collector Ratnagiri_IDA)","NARAYAN TATU RANE","RATNAGIRI-SINDHUDURG","Mouzhe Kaluste B. Mavalatwadi to water pond Pakhari FY 2024-25","24-Dec-2025","17-Mar-2026","500000","Physical Inspection"
"1867","Normal/Others","WS/MP18131/2025-2026/253009-Construction of roads, link roads, pathways or any other road with or without drainage system","Maharashtra","RATNAGIRI(District Collector Ratnagiri_IDA)","NARAYAN TATU RANE","RATNAGIRI-SINDHUDURG","Construction of Kirduve Mowalewadi Cemetery Road in Sangameshwar FY 2024-25","24-Dec-2025","17-Mar-2026","1000000","Sanction"
"1868","Normal/Others","WS/MP687/2025-2026/199496-Construction of community centers and community halls","Maharashtra","RATNAGIRI(District Collector Ratnagiri_IDA)","Sunil Dattatray Tatkare","RAIGAD","Construction of Sabhamandap at Devghar, Wagalwadi,Taluk Khed, Dist. Ratnagiri","22-May-2025","17-Mar-2026","500000","Sanction"
"1869","Normal/Others","WS/MP687/2025-2026/219010-Construction of community centers and community halls","Maharashtra","RATNAGIRI(District Collector Ratnagiri_IDA)","Sunil Dattatray Tatkare","RAIGAD","Construction of a hall at Kumbharli, Group Gram Panchayat Lokrawan, Taluka Mandangad, Dist. Ratnagiri","16-Jul-2025","17-Mar-2026","700000","Sanction"
"1870","Normal/Others","WS/MP18131/2025-2026/206367-Construction of toilet blocks","Maharashtra","RATNAGIRI(District Collector Ratnagiri_IDA)","NARAYAN TATU RANE","RATNAGIRI-SINDHUDURG","Installing new flooring in the Anganwadi room at Mabhale Jadhavwadi. Tal. Sangameshwar FY 2024-25","05-Jun-2025","16-Feb-2026","300000","Physical Inspection"
"1871","Normal/Others","WS/MP18132/2025-2026/226547-Construction of roads, link roads, pathways or any other road with or without drainage system","Maharashtra","SANGLI(DISTRICT COLLECTOR SANGLI_IDA)","VISHAL","SANGLI","Improvement of road from vakharbhag zopadpatti to mandale petrol pump at Miraj","14-Aug-2025","07-Oct-2025","1200000","Sanction"
"1872","Normal/Others","WS/MP18132/2025-2026/226540-Construction of roads, link roads, pathways or any other road with or without drainage system","Maharashtra","SANGLI(DISTRICT COLLECTOR SANGLI_IDA)","VISHAL","SANGLI","Improvement of Gardikar mala pavataka vasti road at Yelavi","14-Aug-2025","31-Oct-2025","1000000","Sanction"
"1873","Normal/Others","WS/	 MP667/2025-2026/245038-Construction of roads, link roads, pathways or any other road with or without drainage system","Maharashtra","SANGLI(DISTRICT COLLECTOR SANGLI_IDA)","Dhairyasheel Sambhajirao Mane","HATKANANGLE","Maralnathpur tal walwa,dist sangli ambabai mandir to nathuram dhumal house Construction of roads, link roads, pathways or any other road with or without drainage system","04-Nov-2025","22-Dec-2025","1000000","Sanction"
"1874","Normal/Others","WS/	 MP667/2025-2026/218308-Construction of roads, link roads, pathways or any other road with or without drainage system","Maharashtra","SANGLI(DISTRICT COLLECTOR SANGLI_IDA)","Dhairyasheel Sambhajirao Mane","HATKANANGLE","In village Kokarud, Taluka Shirala, constructing a protective wall from the house of Yeshwant Deshmukh in Deshmukh Wada towards the south up to the Wada of Subuni Deshmukh in the same locality.","15-Jul-2025","16-Sep-2025","1000000","Physical Inspection"
"1875","Normal/Others","WS/MP18132/2025-2026/226566-Construction of roads, link roads, pathways or any other road with or without drainage system","Maharashtra","SANGLI(DISTRICT COLLECTOR SANGLI_IDA)","VISHAL","SANGLI","Improvement of road from balu sutar home to shankar dudhal home at Ankale","14-Aug-2025","16-Sep-2025","1000000","Work partially Completed"
"1876","Normal/Others","WS/MP18132/2025-2026/226553-Construction of roads, link roads, pathways or any other road with or without drainage system","Maharashtra","SANGLI(DISTRICT COLLECTOR SANGLI_IDA)","VISHAL","SANGLI","Improvement of bandu chougule to basaveshwar mandir backside road at Ward no 2 Gat no 131 in Sawali","14-Aug-2025","31-Oct-2025","1000000","Work partially Completed"
"1877","Normal/Others","WS/MP18132/2025-2026/226558-Construction of roads, link roads, pathways or any other road with or without drainage system","Maharashtra","SANGLI(DISTRICT COLLECTOR SANGLI_IDA)","VISHAL","SANGLI","Improvement of shirtode vasti road  at Ambak","14-Aug-2025","07-Oct-2025","1250000","Sanction"
"1878","Normal/Others","WS/MP18132/2025-2026/179015-Construction of boundary walls of existing public and community buildings","Maharashtra","SANGLI(DISTRICT COLLECTOR SANGLI_IDA)","VISHAL","SANGLI","Construction of wall compound to  Grampanchayat Property No.1252","04-Mar-2025","10-Jun-2025","1000000","Work Completed"
"1879","Normal/Others","WS/MP18132/2025-2026/179017-Construction of buildings for community cultural activities","Maharashtra","SANGLI(DISTRICT COLLECTOR SANGLI_IDA)","VISHAL","SANGLI","Construction of buildings for community cultural activities on Grampanchayat Property No.60","04-Mar-2025","16-Apr-2025","1000000","Sanction"
"1880","Normal/Others","WS/MP18132/2025-2026/179018-Construction of buildings for community cultural activities","Maharashtra","SANGLI(DISTRICT COLLECTOR SANGLI_IDA)","VISHAL","SANGLI","Construction of buildings for community cultural activities on Grampanchayat Property No.180","04-Mar-2025","16-Apr-2025","999900","Work Completed"
"1881","Normal/Others","WS/MP18132/2025-2026/179019-Construction of buildings for community cultural activities","Maharashtra","SANGLI(DISTRICT COLLECTOR SANGLI_IDA)","VISHAL","SANGLI","Construction of buildings for community cultural activities on Grampanchayat Property No.71","04-Mar-2025","16-Apr-2025","999900","Sanction"
"1882","Normal/Others","WS/MP18132/2025-2026/177745-Construction of buildings for community cultural activities","Maharashtra","SANGLI(DISTRICT COLLECTOR SANGLI_IDA)","VISHAL","SANGLI","Construction of buildings for community cultural activities on Grampanchayat Property No.79","04-Mar-2025","16-Apr-2025","999500","Work partially Completed"
"1883","Normal/Others","WS/MP18132/2025-2026/179002-Construction of buildings for community cultural activities","Maharashtra","SANGLI(DISTRICT COLLECTOR SANGLI_IDA)","VISHAL","SANGLI","Construction of buildings for community cultural activities on Grampanchayat Property No.103","04-Mar-2025","07-Jul-2025","1000000","Sanction"
"1884","Normal/Others","WS/MP18132/2025-2026/179003-Construction of buildings for community cultural activities","Maharashtra","SANGLI(DISTRICT COLLECTOR SANGLI_IDA)","VISHAL","SANGLI","Construction of buildings for community cultural activities on Grampanchayat Property No.3317","04-Mar-2025","31-Oct-2025","1000000","Sanction"
"1885","Normal/Others","WS/MP18132/2025-2026/179004-Construction of buildings for community cultural activities","Maharashtra","SANGLI(DISTRICT COLLECTOR SANGLI_IDA)","VISHAL","SANGLI","Construction of buildings for community cultural activities on Grampanchayat Property No.338","04-Mar-2025","22-Apr-2025","1000000","Work partially Completed"
"1886","Normal/Others","WS/MP18132/2025-2026/179005-Construction of buildings for community cultural activities","Maharashtra","SANGLI(DISTRICT COLLECTOR SANGLI_IDA)","VISHAL","SANGLI","Construction of buildings for community cultural activities on Grampanchayat Property No.208","04-Mar-2025","07-Jul-2025","1250000","Sanction"
"1887","Normal/Others","WS/MP18132/2025-2026/179006-Construction of buildings for community cultural activities","Maharashtra","SANGLI(DISTRICT COLLECTOR SANGLI_IDA)","VISHAL","SANGLI","Construction of buildings for community cultural activities on Grampanchayat Property No.132 1","04-Mar-2025","07-Jul-2025","1250000","Sanction"
"1888","Normal/Others","WS/MP18132/2025-2026/179007-Construction of buildings for community cultural activities","Maharashtra","SANGLI(DISTRICT COLLECTOR SANGLI_IDA)","VISHAL","SANGLI","Construction of buildings for community cultural activities on Grampanchayat Property No.266 A","04-Mar-2025","07-Jul-2025","1250000","Sanction"
"1889","Normal/Others","WS/MP18132/2025-2026/179008-Construction of buildings for community cultural activities","Maharashtra","SANGLI(DISTRICT COLLECTOR SANGLI_IDA)","VISHAL","SANGLI","Construction of buildings for community cultural activities on Grampanchayat Property No.8","04-Mar-2025","05-Aug-2025","1250000","Sanction"
"1890","Normal/Others","WS/MP18132/2025-2026/179009-Construction of buildings for community cultural activities","Maharashtra","SANGLI(DISTRICT COLLECTOR SANGLI_IDA)","VISHAL","SANGLI","Construction of buildings for community cultural activities on Grampanchayat Property No.71","04-Mar-2025","16-Apr-2025","1000000","Sanction"
"1891","Normal/Others","WS/MP18132/2025-2026/179010-Construction of buildings for community cultural activities","Maharashtra","SANGLI(DISTRICT COLLECTOR SANGLI_IDA)","VISHAL","SANGLI","Construction of buildings for community cultural activities on Grampanchayat Property No.700","04-Mar-2025","16-Apr-2025","999500","Sanction"
"1892","Normal/Others","WS/MP18132/2025-2026/174576-Construction of buildings for community cultural activities","Maharashtra","SANGLI(DISTRICT COLLECTOR SANGLI_IDA)","VISHAL","SANGLI","Construction of buildings for community cultural activities on Grampanchayat Property No.212","08-Feb-2025","16-Apr-2025","1000000","Sanction"
"1893","Normal/Others","WS/MP18132/2025-2026/174577-Construction of buildings for community cultural activities","Maharashtra","SANGLI(DISTRICT COLLECTOR SANGLI_IDA)","VISHAL","SANGLI","Construction of buildings for community cultural activities on Grampanchayat Property No.481","08-Feb-2025","10-Jun-2025","1000000","Sanction"
"1894","Normal/Others","WS/MP18132/2025-2026/174583-Construction of buildings for community cultural activities","Maharashtra","SANGLI(DISTRICT COLLECTOR SANGLI_IDA)","VISHAL","SANGLI","Construction of buildings for community cultural activities on Gat No.2452","08-Feb-2025","16-Sep-2025","1250000","Sanction"
"1895","Normal/Others","WS/MP18132/2025-2026/174584-Construction of buildings for community cultural activities","Maharashtra","SANGLI(DISTRICT COLLECTOR SANGLI_IDA)","VISHAL","SANGLI","Construction of buildings for community cultural activities on Grampanchayat Property No.219","08-Feb-2025","16-Apr-2025","1250000","Sanction"
"1896","Normal/Others","WS/MP18132/2025-2026/174560-Construction of buildings for community cultural activities","Maharashtra","SANGLI(DISTRICT COLLECTOR SANGLI_IDA)","VISHAL","SANGLI","Construction of buildings for community cultural activities on Grampanchayat Property No.1992 1","08-Feb-2025","16-Apr-2025","1000000","Sanction"
"1897","Normal/Others","WS/MP18132/2025-2026/174561-Construction of buildings for community cultural activities","Maharashtra","SANGLI(DISTRICT COLLECTOR SANGLI_IDA)","VISHAL","SANGLI","Construction of buildings for community cultural activities on Grampanchayat Property No.99","08-Feb-2025","16-Apr-2025","1000000","Work partially Completed"
"1898","Normal/Others","WS/MP18132/2025-2026/174562-Construction of buildings for community cultural activities","Maharashtra","SANGLI(DISTRICT COLLECTOR SANGLI_IDA)","VISHAL","SANGLI","Construction of buildings for community cultural activities on Grampanchayat Property No.444","08-Feb-2025","10-Jun-2025","1000000","Work partially Completed"
"1899","Normal/Others","WS/MP18132/2025-2026/174563-Construction of buildings for community cultural activities","Maharashtra","SANGLI(DISTRICT COLLECTOR SANGLI_IDA)","VISHAL","SANGLI","Construction of buildings for community cultural activities on Grampanchayat Property No 231","08-Feb-2025","22-Dec-2025","1000000","Sanction"
"1900","Normal/Others","WS/MP18132/2025-2026/174564-Construction of buildings for community cultural activities","Maharashtra","SANGLI(DISTRICT COLLECTOR SANGLI_IDA)","VISHAL","SANGLI","Construction of buildings for community cultural activities on Grampanchayat Property No.16","08-Feb-2025","16-Apr-2025","1000000","Work partially Completed"
"1901","Normal/Others","WS/MP18132/2025-2026/174565-Construction of buildings for community cultural activities","Maharashtra","SANGLI(DISTRICT COLLECTOR SANGLI_IDA)","VISHAL","SANGLI","Construction of buildings for community cultural activities on Grampanchayat Property No.269","08-Feb-2025","16-Apr-2025","1000000","Work Completed"
"1902","Normal/Others","WS/MP18132/2025-2026/174566-Construction of buildings for community cultural activities","Maharashtra","SANGLI(DISTRICT COLLECTOR SANGLI_IDA)","VISHAL","SANGLI","Construction of buildings for community cultural activities on Grampanchayat Property No.1797","08-Feb-2025","07-Jul-2025","1000000","Work partially Completed"
"1903","Normal/Others","WS/MP18132/2025-2026/174567-Construction of buildings for community cultural activities","Maharashtra","SANGLI(DISTRICT COLLECTOR SANGLI_IDA)","VISHAL","SANGLI","Construction of buildings for community cultural activities on Grampanchayat Property No.1417","08-Feb-2025","16-Apr-2025","1000000","Work Completed"
"1904","Normal/Others","WS/MP18132/2025-2026/174568-Construction of buildings for community cultural activities","Maharashtra","SANGLI(DISTRICT COLLECTOR SANGLI_IDA)","VISHAL","SANGLI","Construction of buildings for community cultural activities on Grampanchayat Property No.2","08-Feb-2025","16-Apr-2025","1000000","Work Completed"
"1905","Normal/Others","WS/MP18132/2025-2026/174569-Construction of buildings for community cultural activities","Maharashtra","SANGLI(DISTRICT COLLECTOR SANGLI_IDA)","VISHAL","SANGLI","Construction of buildings for community cultural activities on Grampanchayat Property No.945 A","08-Feb-2025","16-Apr-2025","1000000","Work Completed"
"1906","Normal/Others","WS/MP18132/2025-2026/174574-Construction of buildings for community cultural activities","Maharashtra","SANGLI(DISTRICT COLLECTOR SANGLI_IDA)","VISHAL","SANGLI","Construction of buildings for community cultural activities on Grampanchayat Property No.5540","08-Feb-2025","22-Apr-2025","1000000","Sanction"
"1907","Normal/Others","WS/MP18132/2025-2026/226569-Construction of bus-sheds or bus-stops","Maharashtra","SANGLI(DISTRICT COLLECTOR SANGLI_IDA)","VISHAL","SANGLI","Construction of S.T. Pick Up Shed on at Grampanchayat Belondagi on Property No 707","14-Aug-2025","16-Sep-2025","499775","Sanction"
"1908","Normal/Others","WS/MP18132/2025-2026/226552-Construction of bus-sheds or bus-stops","Maharashtra","SANGLI(DISTRICT COLLECTOR SANGLI_IDA)","VISHAL","SANGLI","Construction of S T Pick Up Shed on at Grampanchayat Malgaon on Property No 1 A","14-Aug-2025","31-Oct-2025","999376","Sanction"
"1909","Trust and Society","WS/	 MP667/2025-2026/245047-Setting up of laboratories","Maharashtra","SANGLI(DISTRICT COLLECTOR SANGLI_IDA)","Dhairyasheel Sambhajirao Mane","HATKANANGLE","ESTABLISH SPECE LAB IN S.K.INTERNATIONAL SAINIK SCHOOL RETHTE DHARAN TAL WALWA DIST SANGLI","04-Nov-2025","07-Jan-2026","1000000","Sanction"
"1910","Normal/Others","WS/MP18132/2025-2026/189857-Construction of buildings for community cultural activities","Maharashtra","SANGLI(DISTRICT COLLECTOR SANGLI_IDA)","VISHAL","SANGLI","Construction of buildings for community cultural activities on Grampanchayat Property No.171 2","08-Apr-2025","17-Jul-2025","999000","Sanction"
"1911","Normal/Others","WS/MP18132/2025-2026/189851-Construction of buildings for community cultural activities","Maharashtra","SANGLI(DISTRICT COLLECTOR SANGLI_IDA)","VISHAL","SANGLI","Construction of buildings for community cultural activities on Grampanchayat Property No.1","08-Apr-2025","07-Jul-2025","1000000","Sanction"
"1912","Normal/Others","WS/MP18132/2025-2026/189852-Construction of buildings for community cultural activities","Maharashtra","SANGLI(DISTRICT COLLECTOR SANGLI_IDA)","VISHAL","SANGLI","Construction of buildings for community cultural activities on Grampanchayat Property No.495","08-Apr-2025","10-Jun-2025","1000000","Sanction"
"1913","Normal/Others","WS/MP18132/2025-2026/189854-Construction of buildings for community cultural activities","Maharashtra","SANGLI(DISTRICT COLLECTOR SANGLI_IDA)","VISHAL","SANGLI","Construction of buildings for community cultural activities on Grampanchayat Property No.3","08-Apr-2025","10-Jun-2025","1000000","Sanction"
"1914","Normal/Others","WS/MP18132/2025-2026/205459-Construction of buildings for community cultural activities","Maharashtra","SANGLI(DISTRICT COLLECTOR SANGLI_IDA)","VISHAL","SANGLI","Construction of buildings for community cultural activities on Grampanchayat Bhalawani at Property No 2126","31-May-2025","06-Oct-2025","999994","Work partially Completed"
"1915","Normal/Others","WS/MP18132/2025-2026/226559-Construction of buildings for community cultural activities","Maharashtra","SANGLI(DISTRICT COLLECTOR SANGLI_IDA)","VISHAL","SANGLI","Construction of buildings for community cultural activities at Grampanchayat Tondoli on Property No 400","14-Aug-2025","31-Oct-2025","1250000","Sanction"
"1916","Normal/Others","WS/MP18132/2025-2026/226561-Construction of buildings for community cultural activities","Maharashtra","SANGLI(DISTRICT COLLECTOR SANGLI_IDA)","VISHAL","SANGLI","Construction of buildings for community cultural activities at Grampanchayat Kotwade on Property No 08","14-Aug-2025","31-Oct-2025","1250000","Sanction"
"1917","Normal/Others","WS/MP18132/2025-2026/226562-Construction of buildings for community cultural activities","Maharashtra","SANGLI(DISTRICT COLLECTOR SANGLI_IDA)","VISHAL","SANGLI","Construction of buildings for community cultural activities at Grampanchayat Kumbhari on Property No 461","14-Aug-2025","07-Oct-2025","1500000","Sanction"
"1918","Normal/Others","WS/MP18132/2025-2026/226563-Construction of buildings for community cultural activities","Maharashtra","SANGLI(DISTRICT COLLECTOR SANGLI_IDA)","VISHAL","SANGLI","Construction of buildings for community cultural activities at Grampanchayat Lavanga on Property No 146","14-Aug-2025","16-Sep-2025","999851","Sanction"
"1919","Normal/Others","WS/MP18132/2025-2026/226564-Construction of buildings for community cultural activities","Maharashtra","SANGLI(DISTRICT COLLECTOR SANGLI_IDA)","VISHAL","SANGLI","Construction of buildings for community cultural activities at Grampanchayat Sindur on Property No 185","14-Aug-2025","07-Oct-2025","999545","Sanction"
"1920","Normal/Others","WS/MP18132/2025-2026/226565-Construction of buildings for community cultural activities","Maharashtra","SANGLI(DISTRICT COLLECTOR SANGLI_IDA)","VISHAL","SANGLI","Construction of buildings for community cultural activities at Grampanchayat Bilur on Property No 537","14-Aug-2025","07-Oct-2025","999928","Sanction"
"1921","Normal/Others","WS/MP18132/2025-2026/226535-Construction of buildings for community cultural activities","Maharashtra","SANGLI(DISTRICT COLLECTOR SANGLI_IDA)","VISHAL","SANGLI","Construction of buildings for community cultural activities at Grampanchayat Nelkaranji on Property No 1601","14-Aug-2025","06-Oct-2025","1000000","Sanction"
"1922","Normal/Others","WS/MP18132/2025-2026/226536-Construction of buildings for community cultural activities","Maharashtra","SANGLI(DISTRICT COLLECTOR SANGLI_IDA)","VISHAL","SANGLI","Construction of buildings for community cultural activities at Grampanchayat Takali on Property No 183 3","14-Aug-2025","18-Nov-2025","1000000","Sanction"
"1923","Normal/Others","WS/MP18132/2025-2026/226554-Construction of buildings for community cultural activities","Maharashtra","SANGLI(DISTRICT COLLECTOR SANGLI_IDA)","VISHAL","SANGLI","Construction of buildings for community cultural activities at Grampanchayat Mhaisal on Property No 1607","14-Aug-2025","31-Oct-2025","1000000","Sanction"
"1924","Normal/Others","WS/MP18132/2025-2026/226555-Construction of buildings for community cultural activities","Maharashtra","SANGLI(DISTRICT COLLECTOR SANGLI_IDA)","VISHAL","SANGLI","Construction of buildings for community cultural activities at Grampanchayat Kavalapur on Property No 190","14-Aug-2025","31-Oct-2025","1000000","Sanction"
"1925","Normal/Others","WS/MP18132/2025-2026/226548-Construction of buildings for community cultural activities","Maharashtra","SANGLI(DISTRICT COLLECTOR SANGLI_IDA)","VISHAL","SANGLI","Construction of buildings for community cultural activities at Grampanchayat Arag on Property No 4672","14-Aug-2025","31-Oct-2025","1000000","Sanction"
"1926","Normal/Others","WS/MP18132/2025-2026/226549-Construction of buildings for community cultural activities","Maharashtra","SANGLI(DISTRICT COLLECTOR SANGLI_IDA)","VISHAL","SANGLI","Construction of buildings for community cultural activities at Grampanchayat Bhose on Property No 2155","14-Aug-2025","22-Dec-2025","1000000","Sanction"
"1927","Normal/Others","WS/MP18132/2025-2026/226550-Construction of buildings for community cultural activities","Maharashtra","SANGLI(DISTRICT COLLECTOR SANGLI_IDA)","VISHAL","SANGLI","Construction of buildings for community cultural activities at Grampanchayat Bedag on Property No 72 0","14-Aug-2025","18-Nov-2025","1000000","Sanction"
"1928","Normal/Others","WS/MP18132/2025-2026/226551-Construction of buildings for community cultural activities","Maharashtra","SANGLI(DISTRICT COLLECTOR SANGLI_IDA)","VISHAL","SANGLI","Construction of buildings for community cultural activities at Grampanchayat Inam Dhamani on Property No 02","14-Aug-2025","31-Oct-2025","1000000","Sanction"
"1929","Normal/Others","WS/MP18132/2025-2026/226567-Construction of buildings for community cultural activities","Maharashtra","SANGLI(DISTRICT COLLECTOR SANGLI_IDA)","VISHAL","SANGLI","Construction of buildings for community cultural activities at Grampanchayat Revnal on Property No 96","14-Aug-2025","07-Oct-2025","1000000","Sanction"
"1930","Normal/Others","WS/MP18132/2025-2026/226568-Construction of buildings for community cultural activities","Maharashtra","SANGLI(DISTRICT COLLECTOR SANGLI_IDA)","VISHAL","SANGLI","Construction of buildings for community cultural activities at Grampanchayat Utagi on Property No 03","14-Aug-2025","16-Sep-2025","1000000","Sanction"
"1931","Normal/Others","WS/MP18132/2025-2026/226538-Construction of buildings for community cultural activities","Maharashtra","SANGLI(DISTRICT COLLECTOR SANGLI_IDA)","VISHAL","SANGLI","Construction of buildings for community cultural activities at Grampanchayat Haroli on Property No 799","14-Aug-2025","05-Jan-2026","1000000","Sanction"
"1932","Normal/Others","WS/MP18132/2025-2026/226539-Construction of buildings for community cultural activities","Maharashtra","SANGLI(DISTRICT COLLECTOR SANGLI_IDA)","VISHAL","SANGLI","Construction of buildings for community cultural activities at Grampanchayat Bendri on Property No 156","14-Aug-2025","31-Oct-2025","1000000","Sanction"
"1933","Normal/Others","WS/MP18132/2025-2026/226542-Construction of buildings for community cultural activities","Maharashtra","SANGLI(DISTRICT COLLECTOR SANGLI_IDA)","VISHAL","SANGLI","Construction of buildings for community cultural activities at Grampanchayat Tisangi on Property No 02","14-Aug-2025","07-Oct-2025","1000000","Sanction"
"1934","Normal/Others","WS/MP18132/2025-2026/226543-Construction of buildings for community cultural activities","Maharashtra","SANGLI(DISTRICT COLLECTOR SANGLI_IDA)","VISHAL","SANGLI","Construction of buildings for community cultural activities at Grampanchayat Hingangaon on Property No 2 4","14-Aug-2025","31-Oct-2025","1000000","Work partially Completed"
"1935","Normal/Others","WS/MP18132/2025-2026/226544-Construction of buildings for community cultural activities","Maharashtra","SANGLI(DISTRICT COLLECTOR SANGLI_IDA)","VISHAL","SANGLI","Construction of buildings for community cultural activities at Grampanchayat Nimbawade on Property No 09","14-Aug-2025","31-Oct-2025","1000000","Sanction"
"1936","Normal/Others","WS/MP18132/2025-2026/226545-Construction of buildings for community cultural activities","Maharashtra","SANGLI(DISTRICT COLLECTOR SANGLI_IDA)","VISHAL","SANGLI","Construction of buildings for community cultural activities at Grampanchayat Banpuri on Property No 1373","14-Aug-2025","16-Sep-2025","1000000","Sanction"
"1937","Normal/Others","WS/MP18132/2025-2026/226546-Construction of buildings for community cultural activities","Maharashtra","SANGLI(DISTRICT COLLECTOR SANGLI_IDA)","VISHAL","SANGLI","Construction of buildings for community cultural activities at Grampanchayat Yamaji patlachi Wadi on Property No 78","14-Aug-2025","31-Oct-2025","1000000","Sanction"
"1938","Normal/Others","WS/MP18132/2025-2026/219485-Construction of buildings for community cultural activities","Maharashtra","SANGLI(DISTRICT COLLECTOR SANGLI_IDA)","VISHAL","SANGLI","Construction of buildings for community cultural activities on Grampanchayat Property No.383","18-Jul-2025","16-Sep-2025","999045","Sanction"
"1939","Normal/Others","WS/MP18132/2025-2026/216729-Construction of community centers and community halls","Maharashtra","SANGLI(DISTRICT COLLECTOR SANGLI_IDA)","VISHAL","SANGLI","Construction of buildings for community cultural activities on Grampanchayat Bhilwadi Property No 687","18-Jul-2025","24-Nov-2025","1244300","Sanction"
"1940","Normal/Others","WS/	 MP667/2025-2026/159631-Construction of community centers and community halls","Maharashtra","SANGLI(DISTRICT COLLECTOR SANGLI_IDA)","Dhairyasheel Sambhajirao Mane","HATKANANGLE","Shirala at Aswalewadi Construction of rooms and halls","21-Dec-2024","06-May-2025","1432750","Physical Inspection"
"1941","Normal/Others","WS/	 MP667/2025-2026/159638-Construction of community centers and community halls","Maharashtra","SANGLI(DISTRICT COLLECTOR SANGLI_IDA)","Dhairyasheel Sambhajirao Mane","HATKANANGLE","Gudhe tal shirala dist sangli at Construction of rooms and halls in school and colleges","21-Dec-2024","04-Jul-2025","1500000","Sanction"
"1942","Normal/Others","WS/MP18132/2026-2027/277259-Construction of public libraries and reading rooms","Maharashtra","SANGLI(DISTRICT COLLECTOR SANGLI_IDA)","VISHAL","SANGLI","construction of library on property no. 5751 at Kundal.","02-Apr-2026","07-Aug-2026","2499000","Sanction"
"1943","Normal/Others","WS/MP18132/2025-2026/232990-Construction of community centers and community halls","Maharashtra","SANGLI(DISTRICT COLLECTOR SANGLI_IDA)","VISHAL","SANGLI","Construction of community building at Grampanchayat Chorochi on Property No 93","11-Sep-2025","18-Nov-2025","999960","Sanction"
"1944","Normal/Others","WS/MP18132/2025-2026/226537-Construction of community centers and community halls","Maharashtra","SANGLI(DISTRICT COLLECTOR SANGLI_IDA)","VISHAL","SANGLI","Construction of community building at Grampanchayat Dholewadi on Property No.73","14-Aug-2025","18-Nov-2025","1000000","Sanction"
"1945","Normal/Others","WS/MP18132/2025-2026/226534-Construction of community centers and community halls","Maharashtra","SANGLI(DISTRICT COLLECTOR SANGLI_IDA)","VISHAL","SANGLI","Construction of community building at Grampanchayat Bombewadi at Property No 494","14-Aug-2025","16-Sep-2025","1000000","Sanction"
"1946","Normal/Others","WS/MP18132/2025-2026/226560-Construction of community centers and community halls","Maharashtra","SANGLI(DISTRICT COLLECTOR SANGLI_IDA)","VISHAL","SANGLI","Construction of community building at Grampanchayat Asad on Property No.610","14-Aug-2025","18-Nov-2025","1250000","Sanction"
"1947","Normal/Others","WS/	 MP667/2025-2026/247436-Construction of community centers and community halls","Maharashtra","SANGLI(DISTRICT COLLECTOR SANGLI_IDA)","Dhairyasheel Sambhajirao Mane","HATKANANGLE","Bagni tal walwa dist sangli gat no 1909 Construction of community centers and community halls","11-Nov-2025","22-Dec-2025","1000000","Sanction"
"1948","Normal/Others","WS/MP18132/2026-2027/252801-Construction of roads, link roads, pathways or any other road with or without drainage system","Maharashtra","SANGLI(DISTRICT COLLECTOR SANGLI_IDA)","VISHAL","SANGLI","Construction of internal roads at Kognoli","26-Dec-2025","16-Apr-2026","1000000","Sanction"
"1949","Normal/Others","WS/MP18132/2025-2026/174575-Construction of roads, link roads, pathways or any other road with or without drainage system","Maharashtra","SANGLI(DISTRICT COLLECTOR SANGLI_IDA)","VISHAL","SANGLI","Construction of road from Dr Gore house to Gore road","08-Feb-2025","22-Apr-2025","1000000","Physical Inspection"
"1950","Normal/Others","WS/MP18132/2025-2026/174578-Construction of roads, link roads, pathways or any other road with or without drainage system","Maharashtra","SANGLI(DISTRICT COLLECTOR SANGLI_IDA)","VISHAL","SANGLI","Improvement of road at khude vasti","08-Feb-2025","03-Sep-2025","987448","Physical Inspection"
"1951","Normal/Others","WS/MP18132/2025-2026/174580-Construction of roads, link roads, pathways or any other road with or without drainage system","Maharashtra","SANGLI(DISTRICT COLLECTOR SANGLI_IDA)","VISHAL","SANGLI","Improvement of road from chudekhadi road to desai house east madhukar desai to manik desai anganwadi to sabhamandap","08-Feb-2025","16-Apr-2025","1000000","Work partially Completed"
"1952","Normal/Others","WS/MP18132/2025-2026/174581-Construction of roads, link roads, pathways or any other road with or without drainage system","Maharashtra","SANGLI(DISTRICT COLLECTOR SANGLI_IDA)","VISHAL","SANGLI","Construction of CD work and improvement of road","08-Feb-2025","16-Apr-2025","997373","Physical Inspection"
"1953","Normal/Others","WS/MP18132/2025-2026/189855-Construction of roads, link roads, pathways or any other road with or without drainage system","Maharashtra","SANGLI(DISTRICT COLLECTOR SANGLI_IDA)","VISHAL","SANGLI","Construction of road from waghmode vasti to kamat boundary","08-Apr-2025","07-Jul-2025","991237","Physical Inspection"
"1954","Normal/Others","WS/MP18132/2025-2026/189856-Construction of roads, link roads, pathways or any other road with or without drainage system","Maharashtra","SANGLI(DISTRICT COLLECTOR SANGLI_IDA)","VISHAL","SANGLI","Construction of road from talewadi road khatal vasti to karagani kalewadi road","08-Apr-2025","05-Aug-2025","1000000","Physical Inspection"
"1955","Normal/Others","WS/MP18132/2026-2027/277261-Construction of buildings for multi-gym","Maharashtra","SANGLI(DISTRICT COLLECTOR SANGLI_IDA)","VISHAL","SANGLI","construction of building for multi-gym on property no. 297 1 at Ankalkhop","02-Apr-2026","07-Aug-2026","1240700","Sanction"
"1956","Trust and Society","WS/	 MP667/2025-2026/160975-Setting up public non-conventional energy plants","Maharashtra","SANGLI(DISTRICT COLLECTOR SANGLI_IDA)","Dhairyasheel Sambhajirao Mane","HATKANANGLE","AT Rethre dharan Setting up public non-conventional energy plants","23-Dec-2024","06-May-2025","3968967","Work Completed"
"1957","Normal/Others","WS/MP18133/2025-2026/253974-Development of public parks","Maharashtra","SATARA(DISTRICT COLLECTOR SATARA_IDA)","SHRIMANT CHH UDAYANRAJE PRATAPSINHAMAHARAJ BHONSLE","SATARA","Laying of Pavers Block in front of Shriram Chowk in Village Nimbodi","15-Dec-2025","14-Jan-2026","700000","Sanction"
"1958","Normal/Others","WS/MP18133/2025-2026/255498-Development of public parks","Maharashtra","SATARA(DISTRICT COLLECTOR SATARA_IDA)","SHRIMANT CHH UDAYANRAJE PRATAPSINHAMAHARAJ BHONSLE","SATARA","Construction of concrete boundary wall and repair of Garden at Samararth Nagar.","25-Dec-2025","14-Jan-2026","700000","Sanction"
"1959","Normal/Others","WS/MP18280/2025-2026/173682-Construction of buildings for multi-gym","Maharashtra","SATARA(DISTRICT COLLECTOR SATARA_IDA)","MOHITE PATIL DHAIRYASHEEL RAJSINH","MADHA","Construction of buildings for multi-gym at Kiraksal Taluka Man District Satara","06-Feb-2025","20-Nov-2025","1000000","Sanction"
"1960","Normal/Others","WS/MP18133/2025-2026/253981-Development of playfields and sports grounds","Maharashtra","SATARA(DISTRICT COLLECTOR SATARA_IDA)","SHRIMANT CHH UDAYANRAJE PRATAPSINHAMAHARAJ BHONSLE","SATARA","Laying of pavers at Vitthal Chowk area in Village Shindewadi","15-Dec-2025","14-Jan-2026","300000","Sanction"
"1961","Normal/Others","WS/MP18133/2025-2026/253841-Development of playfields and sports grounds","Maharashtra","SATARA(DISTRICT COLLECTOR SATARA_IDA)","SHRIMANT CHH UDAYANRAJE PRATAPSINHAMAHARAJ BHONSLE","SATARA","Laying of paver block on vacant land owned by Grampanchyat Marali","15-Dec-2025","05-Jan-2026","800000","Sanction"
"1962","Normal/Others","WS/MP18133/2026-2027/253826-Development of playfields and sports grounds","Maharashtra","SATARA(DISTRICT COLLECTOR SATARA_IDA)","SHRIMANT CHH UDAYANRAJE PRATAPSINHAMAHARAJ BHONSLE","SATARA","Fencing of Grampanchyat owned open plot at Village Kari","15-Dec-2025","07-Aug-2026","900000","Sanction"
"1963","Normal/Others","WS/MP18133/2025-2026/253956-Lighting of public spaces","Maharashtra","SATARA(DISTRICT COLLECTOR SATARA_IDA)","SHRIMANT CHH UDAYANRAJE PRATAPSINHAMAHARAJ BHONSLE","SATARA","Erecting Solar High Mast at Mandrulkole near Jyotiba Mandir Chowk","15-Dec-2025","26-Feb-2026","250000","Sanction"
"1964","Normal/Others","WS/MP18133/2025-2026/253957-Lighting of public spaces","Maharashtra","SATARA(DISTRICT COLLECTOR SATARA_IDA)","SHRIMANT CHH UDAYANRAJE PRATAPSINHAMAHARAJ BHONSLE","SATARA","Erecting Solar High Mast at Mandrulkole near Entrance of Village","15-Dec-2025","26-Feb-2026","250000","Sanction"
"1965","Normal/Others","WS/MP18133/2025-2026/253958-Lighting of public spaces","Maharashtra","SATARA(DISTRICT COLLECTOR SATARA_IDA)","SHRIMANT CHH UDAYANRAJE PRATAPSINHAMAHARAJ BHONSLE","SATARA","Erecting Solar High Mast at Mandrulkole near Dhebewadi Main  Chowk","15-Dec-2025","26-Feb-2026","250000","Sanction"
"1966","Normal/Others","WS/MP18133/2025-2026/253959-Lighting of public spaces","Maharashtra","SATARA(DISTRICT COLLECTOR SATARA_IDA)","SHRIMANT CHH UDAYANRAJE PRATAPSINHAMAHARAJ BHONSLE","SATARA","Erecting Solar High Mast at Mandrulkole near Patil Awhad Datta Mandir Chowk","15-Dec-2025","26-Feb-2026","250000","Sanction"
"1967","Normal/Others","WS/MP18280/2025-2026/186929-Lighting of public spaces","Maharashtra","SATARA(DISTRICT COLLECTOR SATARA_IDA)","MOHITE PATIL DHAIRYASHEEL RAJSINH","MADHA","Installation of Solar High Mast near S.T. Stand, ap. Mhaswad, Tal. Man, Dist. Satara","30-Mar-2025","08-Aug-2025","220000","Sanction"
"1968","Normal/Others","WS/MP18280/2025-2026/186930-Lighting of public spaces","Maharashtra","SATARA(DISTRICT COLLECTOR SATARA_IDA)","MOHITE PATIL DHAIRYASHEEL RAJSINH","MADHA","Installation of Solar High Mast in premises of Shri Shambhu Mahadev Temple, ap. Shinganapur Tal. Man, Dist. Satara","30-Mar-2025","08-Aug-2025","220000","Sanction"
"1969","Normal/Others","WS/MP18280/2025-2026/186931-Lighting of public spaces","Maharashtra","SATARA(DISTRICT COLLECTOR SATARA_IDA)","MOHITE PATIL DHAIRYASHEEL RAJSINH","MADHA","Installation of Solar High Mast at Pol Wasti Laman Baba Temple, Ap. Mardi, Tal. Mand, Dist. Satara","30-Mar-2025","08-Aug-2025","220000","Sanction"
"1970","Normal/Others","WS/MP18280/2025-2026/186932-Lighting of public spaces","Maharashtra","SATARA(DISTRICT COLLECTOR SATARA_IDA)","MOHITE PATIL DHAIRYASHEEL RAJSINH","MADHA","Installation of Solar High Mast at Phaltan-Shingnapur Chowk, near Sawant Wasti, Ap. Dahivadi, Tal. Man, Dist. Satara","30-Mar-2025","08-Aug-2025","220000","Sanction"
"1971","Normal/Others","WS/MP18280/2025-2026/186933-Lighting of public spaces","Maharashtra","SATARA(DISTRICT COLLECTOR SATARA_IDA)","MOHITE PATIL DHAIRYASHEEL RAJSINH","MADHA","Installation of Solar High Mast near RathGruh, Ap. Mhaswad, Tal. Man, Dist. Satara","30-Mar-2025","08-Aug-2025","220000","Sanction"
"1972","Normal/Others","WS/MP18280/2025-2026/186934-Lighting of public spaces","Maharashtra","SATARA(DISTRICT COLLECTOR SATARA_IDA)","MOHITE PATIL DHAIRYASHEEL RAJSINH","MADHA","Installation of Solar High Mast in between Gondhavale (bu) to Kalewadi road, Near Beghar Wasti, Ap. Gondhavale (Kh), Tal. Man, Dist. Satara","30-Mar-2025","08-Aug-2025","220000","Sanction"
"1973","Normal/Others","WS/MP18280/2025-2026/186936-Lighting of public spaces","Maharashtra","SATARA(DISTRICT COLLECTOR SATARA_IDA)","MOHITE PATIL DHAIRYASHEEL RAJSINH","MADHA","Installation of Solar High Mast Near Vitthal-Rukmini Mandir Katta, Ap. Nimsod, Tal. Khatav, Dist. Satara","30-Mar-2025","08-Aug-2025","220000","Sanction"
"1974","Normal/Others","WS/MP18280/2025-2026/186937-Lighting of public spaces","Maharashtra","SATARA(DISTRICT COLLECTOR SATARA_IDA)","MOHITE PATIL DHAIRYASHEEL RAJSINH","MADHA","Installation of Solar High Mast Near Koyna Bank, front of entrance gate of Nagar Panchayat  Ap. Vaduj, Tal. Khatav, Dist. Satara","30-Mar-2025","08-Aug-2025","220000","Sanction"
"1975","Normal/Others","WS/MP18280/2025-2026/186981-Lighting of public spaces","Maharashtra","SATARA(DISTRICT COLLECTOR SATARA_IDA)","MOHITE PATIL DHAIRYASHEEL RAJSINH","MADHA","Installation of High Mast near Chimanrao Kadam Pathsanstha, Ap. Saswad, Tal. Phaltan, Dist. Satara","30-Mar-2025","08-Aug-2025","220000","Sanction"
"1976","Normal/Others","WS/MP18280/2025-2026/186982-Lighting of public spaces","Maharashtra","SATARA(DISTRICT COLLECTOR SATARA_IDA)","MOHITE PATIL DHAIRYASHEEL RAJSINH","MADHA","Installation of High Mast in Muslim Wasti, Ap. Sarde, Tal. Phaltan, Dist. Satara","30-Mar-2025","08-Aug-2025","220000","Sanction"
"1977","Normal/Others","WS/MP18280/2025-2026/186983-Lighting of public spaces","Maharashtra","SATARA(DISTRICT COLLECTOR SATARA_IDA)","MOHITE PATIL DHAIRYASHEEL RAJSINH","MADHA","Installation of High Mast in Smashanbhumi, Khalchi Aali, Ap. Girvi, Tal. Phaltan, Dist. Satara","30-Mar-2025","08-Aug-2025","220000","Sanction"
"1978","Normal/Others","WS/MP18280/2025-2026/186984-Lighting of public spaces","Maharashtra","SATARA(DISTRICT COLLECTOR SATARA_IDA)","MOHITE PATIL DHAIRYASHEEL RAJSINH","MADHA","Installation of High Mast at Shrimant SatyajeetRaje argen, D.Ed. College Chowk, Ap. Phaltan, Tal. Phaltan, Dist. Satara","30-Mar-2025","08-Aug-2025","220000","Sanction"
"1979","Normal/Others","WS/MP18133/2025-2026/148569-Construction of roads, link roads, pathways or any other road with or without drainage system","Maharashtra","SATARA(DISTRICT COLLECTOR SATARA_IDA)","SHRIMANT CHH UDAYANRAJE PRATAPSINHAMAHARAJ BHONSLE","SATARA","Creation of concrete road from House of Babaso Koli to House of Raghunath Bhosale","02-Jan-2025","22-Apr-2025","500000","Sanction"
"1980","Normal/Others","WS/MP18133/2025-2026/148571-Construction of roads, link roads, pathways or any other road with or without drainage system","Maharashtra","SATARA(DISTRICT COLLECTOR SATARA_IDA)","SHRIMANT CHH UDAYANRAJE PRATAPSINHAMAHARAJ BHONSLE","SATARA","creation of concrete road from house of Vamanrao Salunkhe to Prakash Thorat House","02-Jan-2025","22-Apr-2025","500000","Physical Inspection"
"1981","Normal/Others","WS/MP18133/2025-2026/148515-Construction of roads, link roads, pathways or any other road with or without drainage system","Maharashtra","SATARA(DISTRICT COLLECTOR SATARA_IDA)","SHRIMANT CHH UDAYANRAJE PRATAPSINHAMAHARAJ BHONSLE","SATARA","creation of paver block road adjacent to Mahadev Mandir Khochrewadi","02-Jan-2025","22-Apr-2025","500000","Physical Inspection"
"1982","Normal/Others","WS/MP18133/2025-2026/148516-Construction of roads, link roads, pathways or any other road with or without drainage system","Maharashtra","SATARA(DISTRICT COLLECTOR SATARA_IDA)","SHRIMANT CHH UDAYANRAJE PRATAPSINHAMAHARAJ BHONSLE","SATARA","creation of paver block road adjacent to jyotirling mandir at Gharalwadi","02-Jan-2025","22-Apr-2025","500000","Physical Inspection"
"1983","Normal/Others","WS/MP18133/2025-2026/148562-Construction of roads, link roads, pathways or any other road with or without drainage system","Maharashtra","SATARA(DISTRICT COLLECTOR SATARA_IDA)","SHRIMANT CHH UDAYANRAJE PRATAPSINHAMAHARAJ BHONSLE","SATARA","Creation of Concrete road at Haripur","02-Jan-2025","22-Apr-2025","999000","Physical Inspection"
"1984","Normal/Others","WS/MP18133/2025-2026/148563-Construction of roads, link roads, pathways or any other road with or without drainage system","Maharashtra","SATARA(DISTRICT COLLECTOR SATARA_IDA)","SHRIMANT CHH UDAYANRAJE PRATAPSINHAMAHARAJ BHONSLE","SATARA","Concrete road from Grampanchyat Office to Shivaji Baburao Pangare House","02-Jan-2025","22-Apr-2025","500000","Sanction"
"1985","Normal/Others","WS/MP18133/2025-2026/148564-Construction of roads, link roads, pathways or any other road with or without drainage system","Maharashtra","SATARA(DISTRICT COLLECTOR SATARA_IDA)","SHRIMANT CHH UDAYANRAJE PRATAPSINHAMAHARAJ BHONSLE","SATARA","creation of concrete road of janani Mata Mandir","02-Jan-2025","25-Apr-2025","500000","Work Completed"
"1986","Normal/Others","WS/MP18133/2025-2026/148565-Construction of roads, link roads, pathways or any other road with or without drainage system","Maharashtra","SATARA(DISTRICT COLLECTOR SATARA_IDA)","SHRIMANT CHH UDAYANRAJE PRATAPSINHAMAHARAJ BHONSLE","SATARA","creation of tar road from Residence of Popat Appa to Chilai Devi Road","02-Jan-2025","22-Apr-2025","1000000","Sanction"
"1987","Normal/Others","WS/MP18133/2025-2026/148566-Construction of roads, link roads, pathways or any other road with or without drainage system","Maharashtra","SATARA(DISTRICT COLLECTOR SATARA_IDA)","SHRIMANT CHH UDAYANRAJE PRATAPSINHAMAHARAJ BHONSLE","SATARA","Creation of Concrete Road at Kalambe","02-Jan-2025","22-Apr-2025","1000000","Physical Inspection"
"1988","Normal/Others","WS/MP18133/2025-2026/148558-Construction of roads, link roads, pathways or any other road with or without drainage system","Maharashtra","SATARA(DISTRICT COLLECTOR SATARA_IDA)","SHRIMANT CHH UDAYANRAJE PRATAPSINHAMAHARAJ BHONSLE","SATARA","Creation of Concrete road at Vaichalwadi (Gudhe)","02-Jan-2025","22-Apr-2025","1000000","Sanction"
"1989","Normal/Others","WS/MP18133/2025-2026/148559-Construction of roads, link roads, pathways or any other road with or without drainage system","Maharashtra","SATARA(DISTRICT COLLECTOR SATARA_IDA)","SHRIMANT CHH UDAYANRAJE PRATAPSINHAMAHARAJ BHONSLE","SATARA","creation of Concrete road at Vekhandwadi","02-Jan-2025","22-Apr-2025","700000","Physical Inspection"
"1990","Normal/Others","WS/MP18133/2025-2026/148560-Construction of roads, link roads, pathways or any other road with or without drainage system","Maharashtra","SATARA(DISTRICT COLLECTOR SATARA_IDA)","SHRIMANT CHH UDAYANRAJE PRATAPSINHAMAHARAJ BHONSLE","SATARA","creation of concrete road from Waghoshi Road to Bahgwat Kolekar Road","02-Jan-2025","22-Apr-2025","999677","Physical Inspection"
"1991","Normal/Others","WS/MP18133/2025-2026/148482-Construction of roads, link roads, pathways or any other road with or without drainage system","Maharashtra","SATARA(DISTRICT COLLECTOR SATARA_IDA)","SHRIMANT CHH UDAYANRAJE PRATAPSINHAMAHARAJ BHONSLE","SATARA","construction of concrete road and closed drain at Tembhu","02-Jan-2025","22-Apr-2025","600000","Sanction"
"1992","Normal/Others","WS/MP18133/2025-2026/148477-Construction of roads, link roads, pathways or any other road with or without drainage system","Maharashtra","SATARA(DISTRICT COLLECTOR SATARA_IDA)","SHRIMANT CHH UDAYANRAJE PRATAPSINHAMAHARAJ BHONSLE","SATARA","Construction of concrete road at Andharwadi.","02-Jan-2025","22-Apr-2025","700000","Physical Inspection"
"1993","Normal/Others","WS/MP18133/2024-2025/148464-Construction of roads, link roads, pathways or any other road with or without drainage system","Maharashtra","SATARA(DISTRICT COLLECTOR SATARA_IDA)","SHRIMANT CHH UDAYANRAJE PRATAPSINHAMAHARAJ BHONSLE","SATARA","Constructing of concrete road anc closed drainage at Beghar Vasti at Satara Road","02-Jan-2025","28-Feb-2025","1000000","Physical Inspection"
"1994","Normal/Others","WS/MP18133/2025-2026/148452-Construction of roads, link roads, pathways or any other road with or without drainage system","Maharashtra","SATARA(DISTRICT COLLECTOR SATARA_IDA)","SHRIMANT CHH UDAYANRAJE PRATAPSINHAMAHARAJ BHONSLE","SATARA","Construction of concrete road from Pimpaleshwar Mandir to house of Datta Chikane and Vasant Chikane Ho0use and closed drainage","02-Jan-2025","22-Apr-2025","1000000","Sanction"
"1995","Normal/Others","WS/MP18133/2025-2026/148453-Construction of roads, link roads, pathways or any other road with or without drainage system","Maharashtra","SATARA(DISTRICT COLLECTOR SATARA_IDA)","SHRIMANT CHH UDAYANRAJE PRATAPSINHAMAHARAJ BHONSLE","SATARA","Construction of concrete road at Gajraj Chowk in front of Bank of Maharashtra branch in Kudal","02-Jan-2025","22-Apr-2025","1000000","Physical Inspection"
"1996","Normal/Others","WS/MP18133/2025-2026/148454-Construction of roads, link roads, pathways or any other road with or without drainage system","Maharashtra","SATARA(DISTRICT COLLECTOR SATARA_IDA)","SHRIMANT CHH UDAYANRAJE PRATAPSINHAMAHARAJ BHONSLE","SATARA","Construction of concrete road from house of Suresh Bhiku Pharande to Vishwas Ramchandra Pharande property  in Anewadi","02-Jan-2025","22-Apr-2025","1000000","Sanction"
"1997","Normal/Others","WS/MP18133/2025-2026/148457-Construction of roads, link roads, pathways or any other road with or without drainage system","Maharashtra","SATARA(DISTRICT COLLECTOR SATARA_IDA)","SHRIMANT CHH UDAYANRAJE PRATAPSINHAMAHARAJ BHONSLE","SATARA","Construction of Road and Closed drainage Behind Vitthal Ward Mandir","02-Jan-2025","22-Apr-2025","1000000","Physical Inspection"
"1998","Normal/Others","WS/MP18133/2025-2026/164656-Construction of roads, link roads, pathways or any other road with or without drainage system","Maharashtra","SATARA(DISTRICT COLLECTOR SATARA_IDA)","SHRIMANT CHH UDAYANRAJE PRATAPSINHAMAHARAJ BHONSLE","SATARA","Construction of concrete road at Kalgaon","09-Jan-2025","04-Apr-2025","500000","Sanction"
"1999","Normal/Others","WS/MP18133/2025-2026/164658-Construction of roads, link roads, pathways or any other road with or without drainage system","Maharashtra","SATARA(DISTRICT COLLECTOR SATARA_IDA)","SHRIMANT CHH UDAYANRAJE PRATAPSINHAMAHARAJ BHONSLE","SATARA","Construction of Concrete road from house of Shri Shivaji Pawar to Vitthal Rukmini Mandir at Chikhali in Karad Tehsil.","09-Jan-2025","04-Apr-2025","1000000","Sanction"
"2000","Normal/Others","WS/MP18280/2025-2026/259796-Construction of roads, link roads, pathways or any other road with or without drainage system","Maharashtra","SATARA(DISTRICT COLLECTOR SATARA_IDA)","MOHITE PATIL DHAIRYASHEEL RAJSINH","MADHA","Construction of Internal roads in Pawar Mala, at Kaledhon, Tal. Khatav","06-Mar-2026","17-Mar-2026","900000","Sanction"
"2001","Normal/Others","WS/MP18133/2025-2026/253632-Construction of roads, link roads, pathways or any other road with or without drainage system","Maharashtra","SATARA(DISTRICT COLLECTOR SATARA_IDA)","SHRIMANT CHH UDAYANRAJE PRATAPSINHAMAHARAJ BHONSLE","SATARA","Construction of concrete road towards cremation ground (Smashanbhumi) Borgaon.","15-Dec-2025","14-Jan-2026","700000","Sanction"
"2002","Normal/Others","WS/MP18133/2025-2026/253633-Construction of roads, link roads, pathways or any other road with or without drainage system","Maharashtra","SATARA(DISTRICT COLLECTOR SATARA_IDA)","SHRIMANT CHH UDAYANRAJE PRATAPSINHAMAHARAJ BHONSLE","SATARA","Creation of Internal Concrete Road at Kusavade","15-Dec-2025","14-Jan-2026","500000","Sanction"
"2003","Normal/Others","WS/MP18133/2025-2026/253634-Construction of roads, link roads, pathways or any other road with or without drainage system","Maharashtra","SATARA(DISTRICT COLLECTOR SATARA_IDA)","SHRIMANT CHH UDAYANRAJE PRATAPSINHAMAHARAJ BHONSLE","SATARA","Creation of Internal concrete road at Arale","15-Dec-2025","14-Jan-2026","700000","Sanction"
"2004","Normal/Others","WS/MP18133/2025-2026/253629-Construction of roads, link roads, pathways or any other road with or without drainage system","Maharashtra","SATARA(DISTRICT COLLECTOR SATARA_IDA)","SHRIMANT CHH UDAYANRAJE PRATAPSINHAMAHARAJ BHONSLE","SATARA","Construction of Internal Concrete Road at Village Gavadi","15-Dec-2025","14-Jan-2026","500000","Sanction"
"2005","Normal/Others","WS/MP18133/2025-2026/253626-Construction of roads, link roads, pathways or any other road with or without drainage system","Maharashtra","SATARA(DISTRICT COLLECTOR SATARA_IDA)","SHRIMANT CHH UDAYANRAJE PRATAPSINHAMAHARAJ BHONSLE","SATARA","Creation of road from Waghjai Nagar to Gurav Vasti","15-Dec-2025","14-Jan-2026","1000000","Sanction"
"2006","Normal/Others","WS/MP18133/2025-2026/253828-Construction of roads, link roads, pathways or any other road with or without drainage system","Maharashtra","SATARA(DISTRICT COLLECTOR SATARA_IDA)","SHRIMANT CHH UDAYANRAJE PRATAPSINHAMAHARAJ BHONSLE","SATARA","Creation of concrete road from house of Prashant Deshmukh to House of Yuvraj Phadtare","15-Dec-2025","05-Jan-2026","500000","Physical Inspection"
"2007","Normal/Others","WS/MP18133/2025-2026/253961-Construction of roads, link roads, pathways or any other road with or without drainage system","Maharashtra","SATARA(DISTRICT COLLECTOR SATARA_IDA)","SHRIMANT CHH UDAYANRAJE PRATAPSINHAMAHARAJ BHONSLE","SATARA","Construction of Internal Concrete Road at Village Vekhandwadi","15-Dec-2025","05-Jan-2026","500000","Sanction"
"2008","Normal/Others","WS/MP18133/2025-2026/253966-Construction of roads, link roads, pathways or any other road with or without drainage system","Maharashtra","SATARA(DISTRICT COLLECTOR SATARA_IDA)","SHRIMANT CHH UDAYANRAJE PRATAPSINHAMAHARAJ BHONSLE","SATARA","Construction of internal concrete road at Village Dhamani","15-Dec-2025","05-Jan-2026","500000","Sanction"
"2009","Normal/Others","WS/MP18133/2025-2026/253967-Construction of roads, link roads, pathways or any other road with or without drainage system","Maharashtra","SATARA(DISTRICT COLLECTOR SATARA_IDA)","SHRIMANT CHH UDAYANRAJE PRATAPSINHAMAHARAJ BHONSLE","SATARA","Construction of internal concrete road at Village Mhaskarwadi (Kalgaon)","15-Dec-2025","14-Jan-2026","500000","Sanction"
"2010","Normal/Others","WS/MP18133/2025-2026/253968-Construction of roads, link roads, pathways or any other road with or without drainage system","Maharashtra","SATARA(DISTRICT COLLECTOR SATARA_IDA)","SHRIMANT CHH UDAYANRAJE PRATAPSINHAMAHARAJ BHONSLE","SATARA","Creation of Internal Concrete road at Village Goregaon Vangi","15-Dec-2025","14-Jan-2026","750000","Sanction"
"2011","Normal/Others","WS/MP18133/2025-2026/253969-Construction of roads, link roads, pathways or any other road with or without drainage system","Maharashtra","SATARA(DISTRICT COLLECTOR SATARA_IDA)","SHRIMANT CHH UDAYANRAJE PRATAPSINHAMAHARAJ BHONSLE","SATARA","Creation of Internal Concrete road from Choundeshwari Chowk to Hanuman Chowk Road in Village Lalgun","15-Dec-2025","05-Jan-2026","750000","Sanction"
"2012","Normal/Others","WS/MP18133/2025-2026/253852-Construction of roads, link roads, pathways or any other road with or without drainage system","Maharashtra","SATARA(DISTRICT COLLECTOR SATARA_IDA)","SHRIMANT CHH UDAYANRAJE PRATAPSINHAMAHARAJ BHONSLE","SATARA","Construction of Internal Concrete road from Kavathe Road to Laxmi Mata Mandir at Village Vadoli Bhikeshwar in Karad Tehsil","15-Dec-2025","05-Jan-2026","500000","Sanction"
"2013","Normal/Others","WS/MP18133/2025-2026/253853-Construction of roads, link roads, pathways or any other road with or without drainage system","Maharashtra","SATARA(DISTRICT COLLECTOR SATARA_IDA)","SHRIMANT CHH UDAYANRAJE PRATAPSINHAMAHARAJ BHONSLE","SATARA","Construction of Internal Concrete Road at Village Hanbarwadi in Karad Tehsil","15-Dec-2025","20-Jan-2026","500000","Sanction"
"2014","Normal/Others","WS/MP18133/2025-2026/253953-Construction of roads, link roads, pathways or any other road with or without drainage system","Maharashtra","SATARA(DISTRICT COLLECTOR SATARA_IDA)","SHRIMANT CHH UDAYANRAJE PRATAPSINHAMAHARAJ BHONSLE","SATARA","Creation of concrete road from house of Dattatray Jadhav to House of Laxman Jadhav","15-Dec-2025","05-Jan-2026","300000","Sanction"
"2015","Normal/Others","WS/MP18133/2025-2026/253954-Construction of roads, link roads, pathways or any other road with or without drainage system","Maharashtra","SATARA(DISTRICT COLLECTOR SATARA_IDA)","SHRIMANT CHH UDAYANRAJE PRATAPSINHAMAHARAJ BHONSLE","SATARA","Creation of Internal Concrete road at Vanyachiwadi","15-Dec-2025","05-Jan-2026","500000","Sanction"
"2016","Normal/Others","WS/MP18133/2025-2026/254600-Construction of roads, link roads, pathways or any other road with or without drainage system","Maharashtra","SATARA(DISTRICT COLLECTOR SATARA_IDA)","SHRIMANT CHH UDAYANRAJE PRATAPSINHAMAHARAJ BHONSLE","SATARA","Khadikaran and dambarikaran of road from Pathkal Matha to House of Ramesh Shanbhag at Village Wadhe","17-Dec-2025","14-Jan-2026","900000","Sanction"
"2017","Normal/Others","WS/MP18133/2025-2026/254601-Construction of roads, link roads, pathways or any other road with or without drainage system","Maharashtra","SATARA(DISTRICT COLLECTOR SATARA_IDA)","SHRIMANT CHH UDAYANRAJE PRATAPSINHAMAHARAJ BHONSLE","SATARA","Khadikaran and Dambarikaran of Internal road at Wadhe.","17-Dec-2025","14-Jan-2026","900000","Sanction"
"2018","Normal/Others","WS/MP18133/2025-2026/254602-Construction of roads, link roads, pathways or any other road with or without drainage system","Maharashtra","SATARA(DISTRICT COLLECTOR SATARA_IDA)","SHRIMANT CHH UDAYANRAJE PRATAPSINHAMAHARAJ BHONSLE","SATARA","Construction of Internal Road at Village Renavale","17-Dec-2025","05-Jan-2026","500000","Physical Inspection"
"2019","Normal/Others","WS/MP18133/2026-2027/257689-Construction of roads, link roads, pathways or any other road with or without drainage system","Maharashtra","SATARA(DISTRICT COLLECTOR SATARA_IDA)","SHRIMANT CHH UDAYANRAJE PRATAPSINHAMAHARAJ BHONSLE","SATARA","Construction of tar road (bitumen) from house of Shri Ashok Chavan to Shri Dattatray Ganpat house.","06-Jan-2026","07-Aug-2026","700000","Sanction"
"2020","Normal/Others","WS/MP18133/2025-2026/255497-Construction of roads, link roads, pathways or any other road with or without drainage system","Maharashtra","SATARA(DISTRICT COLLECTOR SATARA_IDA)","SHRIMANT CHH UDAYANRAJE PRATAPSINHAMAHARAJ BHONSLE","SATARA","Construction of Internal Road at village Panmalewadi","25-Dec-2025","14-Jan-2026","400000","Sanction"
"2021","Normal/Others","WS/MP18133/2025-2026/255499-Construction of roads, link roads, pathways or any other road with or without drainage system","Maharashtra","SATARA(DISTRICT COLLECTOR SATARA_IDA)","SHRIMANT CHH UDAYANRAJE PRATAPSINHAMAHARAJ BHONSLE","SATARA","Laying of paver block in front of Bhairavnath Mandir and Mahalaxmi Mandir at Village Konegaon.","25-Dec-2025","14-Jan-2026","500000","Sanction"
"2022","Normal/Others","WS/MP18133/2025-2026/255500-Construction of roads, link roads, pathways or any other road with or without drainage system","Maharashtra","SATARA(DISTRICT COLLECTOR SATARA_IDA)","SHRIMANT CHH UDAYANRAJE PRATAPSINHAMAHARAJ BHONSLE","SATARA","Construction of concrete road at cremation ground of Village Perale","25-Dec-2025","14-Jan-2026","1000000","Sanction"
"2023","Normal/Others","WS/MP18133/2025-2026/255495-Construction of roads, link roads, pathways or any other road with or without drainage system","Maharashtra","SATARA(DISTRICT COLLECTOR SATARA_IDA)","SHRIMANT CHH UDAYANRAJE PRATAPSINHAMAHARAJ BHONSLE","SATARA","Laying of paver block in front of Datta Sabhagruh at Village Chinchani.","25-Dec-2025","14-Jan-2026","500000","Sanction"
"2024","Normal/Others","WS/MP18133/2025-2026/253982-Construction of roads, link roads, pathways or any other road with or without drainage system","Maharashtra","SATARA(DISTRICT COLLECTOR SATARA_IDA)","SHRIMANT CHH UDAYANRAJE PRATAPSINHAMAHARAJ BHONSLE","SATARA","Construction of concrete road Bigamarg at Anadevi Road in Village Morghar","15-Dec-2025","05-Jan-2026","1000000","Sanction"
"2025","Normal/Others","WS/MP18133/2025-2026/253971-Construction of roads, link roads, pathways or any other road with or without drainage system","Maharashtra","SATARA(DISTRICT COLLECTOR SATARA_IDA)","SHRIMANT CHH UDAYANRAJE PRATAPSINHAMAHARAJ BHONSLE","SATARA","Construction of Internal Road at Village Bavdhan","15-Dec-2025","14-Jan-2026","1000000","Sanction"
"2026","Normal/Others","WS/MP18133/2025-2026/253973-Construction of roads, link roads, pathways or any other road with or without drainage system","Maharashtra","SATARA(DISTRICT COLLECTOR SATARA_IDA)","SHRIMANT CHH UDAYANRAJE PRATAPSINHAMAHARAJ BHONSLE","SATARA","Creation of Internal Road from Akoshi Phata to Shevgyacha Mal in Akoshi Village","15-Dec-2025","14-Jan-2026","500000","Sanction"
"2027","Normal/Others","WS/MP18133/2025-2026/253964-Construction of roads, link roads, pathways or any other road with or without drainage system","Maharashtra","SATARA(DISTRICT COLLECTOR SATARA_IDA)","SHRIMANT CHH UDAYANRAJE PRATAPSINHAMAHARAJ BHONSLE","SATARA","Creation of internal concrete road from house of Shalan Kachre to House of Satish Patil in Village Khale.","15-Dec-2025","05-Jan-2026","300000","Sanction"
"2028","Normal/Others","WS/MP18133/2026-2027/253976-Construction of roads, link roads, pathways or any other road with or without drainage system","Maharashtra","SATARA(DISTRICT COLLECTOR SATARA_IDA)","SHRIMANT CHH UDAYANRAJE PRATAPSINHAMAHARAJ BHONSLE","SATARA","Creation of Internal concrete road from house of Prakash Sahebrao Pawar to House of Dinkar Popale.","15-Dec-2025","28-Jul-2026","800000","Sanction"
"2029","Normal/Others","WS/MP18133/2025-2026/253820-Construction of roads, link roads, pathways or any other road with or without drainage system","Maharashtra","SATARA(DISTRICT COLLECTOR SATARA_IDA)","SHRIMANT CHH UDAYANRAJE PRATAPSINHAMAHARAJ BHONSLE","SATARA","Laying of paver block in front of Cultural Community Hall at Village Pilaniwadi","15-Dec-2025","14-Jan-2026","500000","Sanction"
"2030","Normal/Others","WS/MP18133/2025-2026/253821-Construction of roads, link roads, pathways or any other road with or without drainage system","Maharashtra","SATARA(DISTRICT COLLECTOR SATARA_IDA)","SHRIMANT CHH UDAYANRAJE PRATAPSINHAMAHARAJ BHONSLE","SATARA","Creation and construction of trimix road from Kaluba Devi Mandir to Riverbed at Village Vangal","15-Dec-2025","23-Mar-2026","700000","Sanction"
"2031","Normal/Others","WS/MP18133/2025-2026/253823-Construction of roads, link roads, pathways or any other road with or without drainage system","Maharashtra","SATARA(DISTRICT COLLECTOR SATARA_IDA)","SHRIMANT CHH UDAYANRAJE PRATAPSINHAMAHARAJ BHONSLE","SATARA","Construction or creation of road with drainage at Village Varye","15-Dec-2025","14-Jan-2026","500000","Physical Inspection"
"2032","Normal/Others","WS/MP18133/2025-2026/253824-Construction of roads, link roads, pathways or any other road with or without drainage system","Maharashtra","SATARA(DISTRICT COLLECTOR SATARA_IDA)","SHRIMANT CHH UDAYANRAJE PRATAPSINHAMAHARAJ BHONSLE","SATARA","Construction or creation of road with drainage at Ramnagar under Panmalewadi","15-Dec-2025","19-Jan-2026","500000","Sanction"
"2033","Normal/Others","WS/MP18133/2025-2026/253825-Construction of roads, link roads, pathways or any other road with or without drainage system","Maharashtra","SATARA(DISTRICT COLLECTOR SATARA_IDA)","SHRIMANT CHH UDAYANRAJE PRATAPSINHAMAHARAJ BHONSLE","SATARA","Creation of Boundary wall to the road towards cremation ground and concrete road at Village Mhaskarwadi","15-Dec-2025","14-Jan-2026","900000","Sanction"
"2034","Normal/Others","WS/MP18133/2025-2026/253831-Construction of roads, link roads, pathways or any other road with or without drainage system","Maharashtra","SATARA(DISTRICT COLLECTOR SATARA_IDA)","SHRIMANT CHH UDAYANRAJE PRATAPSINHAMAHARAJ BHONSLE","SATARA","Creation of Tar road and khadikaran on Canal from Main Satara Rahimatpur Road Savkar College to Balasaheb Kharat House onwards","15-Dec-2025","14-Jan-2026","700000","Sanction"
"2035","Normal/Others","WS/MP18133/2025-2026/253832-Construction of roads, link roads, pathways or any other road with or without drainage system","Maharashtra","SATARA(DISTRICT COLLECTOR SATARA_IDA)","SHRIMANT CHH UDAYANRAJE PRATAPSINHAMAHARAJ BHONSLE","SATARA","Construction of concrete road in Samata Colony from House of Kiran Shelkhe to Community Hall","15-Dec-2025","05-Jan-2026","700000","Sanction"
"2036","Normal/Others","WS/MP18133/2025-2026/253836-Construction of roads, link roads, pathways or any other road with or without drainage system","Maharashtra","SATARA(DISTRICT COLLECTOR SATARA_IDA)","SHRIMANT CHH UDAYANRAJE PRATAPSINHAMAHARAJ BHONSLE","SATARA","Construction of Concrete road from Sonapur Chowk to Maruti Chowk","15-Dec-2025","14-Jan-2026","700000","Sanction"
"2037","Normal/Others","WS/MP18133/2025-2026/253837-Construction of roads, link roads, pathways or any other road with or without drainage system","Maharashtra","SATARA(DISTRICT COLLECTOR SATARA_IDA)","SHRIMANT CHH UDAYANRAJE PRATAPSINHAMAHARAJ BHONSLE","SATARA","Creation of Concrete road from Kashil Grampanchyat To Toilet road","15-Dec-2025","14-Jan-2026","700000","Sanction"
"2038","Normal/Others","WS/MP18133/2025-2026/253839-Construction of roads, link roads, pathways or any other road with or without drainage system","Maharashtra","SATARA(DISTRICT COLLECTOR SATARA_IDA)","SHRIMANT CHH UDAYANRAJE PRATAPSINHAMAHARAJ BHONSLE","SATARA","Construction of concrete roads of internal roads of Vadgaon Umbraj","15-Dec-2025","05-Jan-2026","1000000","Sanction"
"2039","Normal/Others","WS/MP18133/2025-2026/253842-Construction of roads, link roads, pathways or any other road with or without drainage system","Maharashtra","SATARA(DISTRICT COLLECTOR SATARA_IDA)","SHRIMANT CHH UDAYANRAJE PRATAPSINHAMAHARAJ BHONSLE","SATARA","Construction of Concrete road of Internal road of Village Koparde Haveli.","15-Dec-2025","05-Jan-2026","1000000","Sanction"
"2040","Normal/Others","WS/MP18133/2025-2026/253843-Construction of roads, link roads, pathways or any other road with or without drainage system","Maharashtra","SATARA(DISTRICT COLLECTOR SATARA_IDA)","SHRIMANT CHH UDAYANRAJE PRATAPSINHAMAHARAJ BHONSLE","SATARA","Creation of Internal concrete road at Village Shiravade","15-Dec-2025","05-Jan-2026","1000000","Sanction"
"2041","Normal/Others","WS/MP18133/2025-2026/253844-Construction of roads, link roads, pathways or any other road with or without drainage system","Maharashtra","SATARA(DISTRICT COLLECTOR SATARA_IDA)","SHRIMANT CHH UDAYANRAJE PRATAPSINHAMAHARAJ BHONSLE","SATARA","Construction of Internal concrete road at Village Nadashi","15-Dec-2025","05-Jan-2026","500000","Sanction"
"2042","Normal/Others","WS/MP18133/2025-2026/253845-Construction of roads, link roads, pathways or any other road with or without drainage system","Maharashtra","SATARA(DISTRICT COLLECTOR SATARA_IDA)","SHRIMANT CHH UDAYANRAJE PRATAPSINHAMAHARAJ BHONSLE","SATARA","Construction of concrete road from House of Shri Shankar pandurang Mane to  the house of Hanmant Shamrao Yadav in the Village June Kavathe","15-Dec-2025","05-Jan-2026","500000","Sanction"
"2043","Normal/Others","WS/MP18133/2025-2026/253846-Construction of roads, link roads, pathways or any other road with or without drainage system","Maharashtra","SATARA(DISTRICT COLLECTOR SATARA_IDA)","SHRIMANT CHH UDAYANRAJE PRATAPSINHAMAHARAJ BHONSLE","SATARA","Construction of Internal Concrete road of Santoshi Mata Nagar at Village Masur","15-Dec-2025","05-Jan-2026","400000","Sanction"
"2044","Normal/Others","WS/MP18133/2025-2026/253847-Construction of roads, link roads, pathways or any other road with or without drainage system","Maharashtra","SATARA(DISTRICT COLLECTOR SATARA_IDA)","SHRIMANT CHH UDAYANRAJE PRATAPSINHAMAHARAJ BHONSLE","SATARA","Construction of Internal Concrete Road from House of Shashikant Gholap to House of Kisan Sutar.","15-Dec-2025","05-Jan-2026","400000","Sanction"
"2045","Normal/Others","WS/MP18133/2025-2026/253849-Construction of roads, link roads, pathways or any other road with or without drainage system","Maharashtra","SATARA(DISTRICT COLLECTOR SATARA_IDA)","SHRIMANT CHH UDAYANRAJE PRATAPSINHAMAHARAJ BHONSLE","SATARA","Construction of Internal Concrete Road from House of Hanmant Pawar and House of Balwant Pawar of Village Gaikwadwadi","15-Dec-2025","05-Jan-2026","300000","Sanction"
"2046","Normal/Others","WS/MP18133/2025-2026/253624-Construction of community centers and community halls","Maharashtra","SATARA(DISTRICT COLLECTOR SATARA_IDA)","SHRIMANT CHH UDAYANRAJE PRATAPSINHAMAHARAJ BHONSLE","SATARA","Construction of community hall for Bhoi Community","15-Dec-2025","14-Jan-2026","1000000","Sanction"
"2047","Normal/Others","WS/MP18133/2025-2026/253627-Construction of community centers and community halls","Maharashtra","SATARA(DISTRICT COLLECTOR SATARA_IDA)","SHRIMANT CHH UDAYANRAJE PRATAPSINHAMAHARAJ BHONSLE","SATARA","Construction of community hall at Bebalewadi under Ingalewadi Grampanchyat","15-Dec-2025","17-Mar-2026","1000000","Sanction"
"2048","Normal/Others","WS/MP18133/2025-2026/255496-Construction of community centers and community halls","Maharashtra","SATARA(DISTRICT COLLECTOR SATARA_IDA)","SHRIMANT CHH UDAYANRAJE PRATAPSINHAMAHARAJ BHONSLE","SATARA","Construction of community hall at Navnath Nagar of Panmalewadi.","25-Dec-2025","14-Jan-2026","600000","Sanction"
"2049","Normal/Others","WS/MP18133/2026-2027/253829-Construction of community centers and community halls","Maharashtra","SATARA(DISTRICT COLLECTOR SATARA_IDA)","SHRIMANT CHH UDAYANRAJE PRATAPSINHAMAHARAJ BHONSLE","SATARA","Construction of  Community hall at Village Tasgaon.","15-Dec-2025","02-Jul-2026","900000","Sanction"
"2050","Normal/Others","WS/MP18133/2025-2026/253963-Construction of community centers and community halls","Maharashtra","SATARA(DISTRICT COLLECTOR SATARA_IDA)","SHRIMANT CHH UDAYANRAJE PRATAPSINHAMAHARAJ BHONSLE","SATARA","Construction of community hall at Dhayati (Kamblewadi)","15-Dec-2025","14-Jan-2026","1000000","Sanction"
"2051","Normal/Others","WS/MP18133/2025-2026/148561-Construction of public libraries and reading rooms","Maharashtra","SATARA(DISTRICT COLLECTOR SATARA_IDA)","SHRIMANT CHH UDAYANRAJE PRATAPSINHAMAHARAJ BHONSLE","SATARA","Creattion of Reading room  (Abhyasika) at Grampanchyat Property Number 2607","02-Jan-2025","12-Aug-2025","1000000","Sanction"
"2052","Normal/Others","WS/MP18133/2025-2026/148511-Crematoriums/energy efficient crematoriums or structures on burial/cremation ground","Maharashtra","SATARA(DISTRICT COLLECTOR SATARA_IDA)","SHRIMANT CHH UDAYANRAJE PRATAPSINHAMAHARAJ BHONSLE","SATARA","Creation of Crematorium shed and cremation Dahini","02-Jan-2025","22-Apr-2025","1000000","Sanction"
"2053","Normal/Others","WS/MP18133/2025-2026/148512-Crematoriums/energy efficient crematoriums or structures on burial/cremation ground","Maharashtra","SATARA(DISTRICT COLLECTOR SATARA_IDA)","SHRIMANT CHH UDAYANRAJE PRATAPSINHAMAHARAJ BHONSLE","SATARA","Creation of Crematorium shed and Smashan Bhumi Dahini at Jadhav Mali at Atake.","02-Jan-2025","22-Apr-2025","1000000","Physical Inspection"
"2054","Normal/Others","WS/MP18133/2025-2026/148513-Crematoriums/energy efficient crematoriums or structures on burial/cremation ground","Maharashtra","SATARA(DISTRICT COLLECTOR SATARA_IDA)","SHRIMANT CHH UDAYANRAJE PRATAPSINHAMAHARAJ BHONSLE","SATARA","Creation of Crematiorium and Smashanbhumi Dahini at Malkhed","02-Jan-2025","22-Apr-2025","1000000","Sanction"
"2055","Normal/Others","WS/MP18133/2025-2026/148514-Crematoriums/energy efficient crematoriums or structures on burial/cremation ground","Maharashtra","SATARA(DISTRICT COLLECTOR SATARA_IDA)","SHRIMANT CHH UDAYANRAJE PRATAPSINHAMAHARAJ BHONSLE","SATARA","Repair/creation of Mali Community crematorium at Kole","02-Jan-2025","22-Apr-2025","500000","Time Estimation"
"2056","Normal/Others","WS/MP18280/2025-2026/259795-Construction of community centers and community halls","Maharashtra","SATARA(DISTRICT COLLECTOR SATARA_IDA)","MOHITE PATIL DHAIRYASHEEL RAJSINH","MADHA","Construction of community centers and community halls, Sabha Mandap at Beldar Wasti in front of Janai-Dhanai mandir at Anphale, Tal. Khatav","06-Mar-2026","17-Mar-2026","500000","Sanction"
"2057","Normal/Others","WS/MP18280/2025-2026/173642-Construction of community centers and community halls","Maharashtra","SATARA(DISTRICT COLLECTOR SATARA_IDA)","MOHITE PATIL DHAIRYASHEEL RAJSINH","MADHA","Construction of Community Centers and Community Halls in front of Vithoba Mandir at Bangarwadi Taluka Man District Satara","06-Feb-2025","20-Nov-2025","1000000","Sanction"
"2058","Normal/Others","WS/MP18280/2025-2026/173643-Construction of community centers and community halls","Maharashtra","SATARA(DISTRICT COLLECTOR SATARA_IDA)","MOHITE PATIL DHAIRYASHEEL RAJSINH","MADHA","Construction of Community Centers and Community Halls in front of Sant Bhagawanbaba Mandir at Palashi Taluka Man District Satara","06-Feb-2025","20-Nov-2025","1000000","Sanction"
"2059","Normal/Others","WS/MP18280/2025-2026/173645-Construction of community centers and community halls","Maharashtra","SATARA(DISTRICT COLLECTOR SATARA_IDA)","MOHITE PATIL DHAIRYASHEEL RAJSINH","MADHA","Construction of Community Centers and Community Halls in front of Maruti Mandir Mohitenagar at Kukudwad Taluka Man District Satara","06-Feb-2025","20-Nov-2025","1000000","Sanction"
"2060","Repair and Renovation","WS/MP18133/2025-2026/148450-Construction of community centers and community halls","Maharashtra","SATARA(DISTRICT COLLECTOR SATARA_IDA)","SHRIMANT CHH UDAYANRAJE PRATAPSINHAMAHARAJ BHONSLE","SATARA","Repair/Construction of Community hall at Kaloshi","02-Jan-2025","22-Apr-2025","1000000","Sanction"
"2061","Normal/Others","WS/MP18133/2025-2026/148451-Construction of community centers and community halls","Maharashtra","SATARA(DISTRICT COLLECTOR SATARA_IDA)","SHRIMANT CHH UDAYANRAJE PRATAPSINHAMAHARAJ BHONSLE","SATARA","Construction of Community hall adjacent to Hanuman Mandir","02-Jan-2025","22-Apr-2025","1000000","Sanction"
"2062","Normal/Others","WS/MP18133/2025-2026/148459-Construction of community centers and community halls","Maharashtra","SATARA(DISTRICT COLLECTOR SATARA_IDA)","SHRIMANT CHH UDAYANRAJE PRATAPSINHAMAHARAJ BHONSLE","SATARA","Construction of Community hall in front of open space opposite Gram Panchyat","02-Jan-2025","22-Apr-2025","1000000","Sanction"
"2063","Normal/Others","WS/MP18133/2025-2026/148462-Construction of community centers and community halls","Maharashtra","SATARA(DISTRICT COLLECTOR SATARA_IDA)","SHRIMANT CHH UDAYANRAJE PRATAPSINHAMAHARAJ BHONSLE","SATARA","Construction of Community hall in front of open space near Sant Goroba Mandir at Jihe","02-Jan-2025","22-Apr-2025","1000000","Sanction"
"2064","Normal/Others","WS/MP18133/2025-2026/148463-Construction of community centers and community halls","Maharashtra","SATARA(DISTRICT COLLECTOR SATARA_IDA)","SHRIMANT CHH UDAYANRAJE PRATAPSINHAMAHARAJ BHONSLE","SATARA","Construction of Community hall for Lingayat Samaj at Diskal","02-Jan-2025","12-Aug-2025","1000000","Sanction"
"2065","Normal/Others","WS/MP18133/2024-2025/148465-Construction of community centers and community halls","Maharashtra","SATARA(DISTRICT COLLECTOR SATARA_IDA)","SHRIMANT CHH UDAYANRAJE PRATAPSINHAMAHARAJ BHONSLE","SATARA","Construction of Community hall for Nabhik Samaj at Jalgaon","02-Jan-2025","28-Feb-2025","1000000","Sanction"
"2066","Normal/Others","WS/MP18133/2024-2025/148466-Construction of community centers and community halls","Maharashtra","SATARA(DISTRICT COLLECTOR SATARA_IDA)","SHRIMANT CHH UDAYANRAJE PRATAPSINHAMAHARAJ BHONSLE","SATARA","Construction of Community hall at Ramoshi Vasti at Aajhadpur Nhavi Khurd","02-Jan-2025","28-Feb-2025","1000000","Sanction"
"2067","Normal/Others","WS/MP18133/2025-2026/148475-Construction of community centers and community halls","Maharashtra","SATARA(DISTRICT COLLECTOR SATARA_IDA)","SHRIMANT CHH UDAYANRAJE PRATAPSINHAMAHARAJ BHONSLE","SATARA","Construction of Community hall at Masur (Brahmpuri) adjacent to Savata Mali Mandir","02-Jan-2025","22-Apr-2025","1000000","Work partially Completed"
"2068","Normal/Others","WS/MP18133/2025-2026/148476-Construction of community centers and community halls","Maharashtra","SATARA(DISTRICT COLLECTOR SATARA_IDA)","SHRIMANT CHH UDAYANRAJE PRATAPSINHAMAHARAJ BHONSLE","SATARA","Construction of Community Centre adjacent to Narsinha Mandir.","02-Jan-2025","22-Apr-2025","1000000","Sanction"
"2069","Normal/Others","WS/MP18133/2025-2026/148479-Construction of community centers and community halls","Maharashtra","SATARA(DISTRICT COLLECTOR SATARA_IDA)","SHRIMANT CHH UDAYANRAJE PRATAPSINHAMAHARAJ BHONSLE","SATARA","construction of community hall at Sonapur","02-Jan-2025","12-Aug-2025","1000000","Sanction"
"2070","Normal/Others","WS/MP18133/2025-2026/148481-Construction of community centers and community halls","Maharashtra","SATARA(DISTRICT COLLECTOR SATARA_IDA)","SHRIMANT CHH UDAYANRAJE PRATAPSINHAMAHARAJ BHONSLE","SATARA","Construction of Community hall at Ramoshi Vasti at Kamathi","02-Jan-2025","18-Aug-2025","700000","Sanction"
"2071","Normal/Others","WS/MP18133/2025-2026/148483-Construction of community centers and community halls","Maharashtra","SATARA(DISTRICT COLLECTOR SATARA_IDA)","SHRIMANT CHH UDAYANRAJE PRATAPSINHAMAHARAJ BHONSLE","SATARA","Construction of left over portion of community hall at Jaigaon","02-Jan-2025","12-Aug-2025","500000","Sanction"
"2072","Normal/Others","WS/MP18133/2025-2026/148485-Construction of community centers and community halls","Maharashtra","SATARA(DISTRICT COLLECTOR SATARA_IDA)","SHRIMANT CHH UDAYANRAJE PRATAPSINHAMAHARAJ BHONSLE","SATARA","Construction of Community hall at Kanherkhed (Katewadi)","02-Jan-2025","12-Aug-2025","1000000","Sanction"
"2073","Normal/Others","WS/MP18133/2025-2026/148486-Construction of community centers and community halls","Maharashtra","SATARA(DISTRICT COLLECTOR SATARA_IDA)","SHRIMANT CHH UDAYANRAJE PRATAPSINHAMAHARAJ BHONSLE","SATARA","Construction of Community hall at Koparde","02-Jan-2025","12-Aug-2025","1000000","Sanction"
"2074","Normal/Others","WS/MP18133/2025-2026/148507-Construction of community centers and community halls","Maharashtra","SATARA(DISTRICT COLLECTOR SATARA_IDA)","SHRIMANT CHH UDAYANRAJE PRATAPSINHAMAHARAJ BHONSLE","SATARA","Construction of community hall adjacent to Balsiddha Mandir","02-Jan-2025","22-Apr-2025","1500000","Physical Inspection"
"2075","Normal/Others","WS/MP18133/2025-2026/148508-Construction of community centers and community halls","Maharashtra","SATARA(DISTRICT COLLECTOR SATARA_IDA)","SHRIMANT CHH UDAYANRAJE PRATAPSINHAMAHARAJ BHONSLE","SATARA","Repair/Construction of Community hall adjacent to Biroba Mandir at Vathar","02-Jan-2025","22-Apr-2025","1000000","Sanction"
"2076","Normal/Others","WS/MP18133/2025-2026/148509-Construction of community centers and community halls","Maharashtra","SATARA(DISTRICT COLLECTOR SATARA_IDA)","SHRIMANT CHH UDAYANRAJE PRATAPSINHAMAHARAJ BHONSLE","SATARA","Construction of Community hall adjacent to Vitthal Rukmini Mandir","02-Jan-2025","22-Apr-2025","1000000","Sanction"
"2077","Normal/Others","WS/MP18133/2025-2026/148557-Construction of community centers and community halls","Maharashtra","SATARA(DISTRICT COLLECTOR SATARA_IDA)","SHRIMANT CHH UDAYANRAJE PRATAPSINHAMAHARAJ BHONSLE","SATARA","Construction of community hall at Sakhari","02-Jan-2025","22-Apr-2025","1000000","Sanction"
"2078","Normal/Others","WS/MP18133/2025-2026/148917-Construction of community centers and community halls","Maharashtra","SATARA(DISTRICT COLLECTOR SATARA_IDA)","SHRIMANT CHH UDAYANRAJE PRATAPSINHAMAHARAJ BHONSLE","SATARA","Construction of community hall at Chorgewadi (Borgaon)","02-Jan-2025","12-Aug-2025","500000","Sanction"
"2079","Normal/Others","WS/MP18133/2025-2026/148598-Construction of community centers and community halls","Maharashtra","SATARA(DISTRICT COLLECTOR SATARA_IDA)","SHRIMANT CHH UDAYANRAJE PRATAPSINHAMAHARAJ BHONSLE","SATARA","Construction of community hall Adjacent to Jyotirling Mandir at Vanzoli","02-Jan-2025","12-Aug-2025","1000000","Sanction"
"2080","Normal/Others","WS/MP18133/2025-2026/148915-Construction of boundary walls of existing public and community buildings","Maharashtra","SATARA(DISTRICT COLLECTOR SATARA_IDA)","SHRIMANT CHH UDAYANRAJE PRATAPSINHAMAHARAJ BHONSLE","SATARA","Construction of Boundary Wall and laying of Paver Block at Vithlai Mandir at Hanumantwadi (Yevati)","02-Jan-2025","13-May-2025","500000","Physical Inspection"
"2081","Normal/Others","WS/MP18133/2025-2026/148567-Construction of boundary walls of existing public and community buildings","Maharashtra","SATARA(DISTRICT COLLECTOR SATARA_IDA)","SHRIMANT CHH UDAYANRAJE PRATAPSINHAMAHARAJ BHONSLE","SATARA","creation of retention wall from Main road to Cremation ground","02-Jan-2025","22-Apr-2025","1000000","Physical Inspection"
"2082","Normal/Others","WS/MP18133/2025-2026/253970-Construction of bus-sheds or bus-stops","Maharashtra","SATARA(DISTRICT COLLECTOR SATARA_IDA)","SHRIMANT CHH UDAYANRAJE PRATAPSINHAMAHARAJ BHONSLE","SATARA","Construction of Bus Pick up Shade at Village Vardhangad","15-Dec-2025","05-Jan-2026","1000000","Sanction"
"2083","Normal/Others","WS/MP18133/2026-2027/253631-Construction of buildings for community cultural activities","Maharashtra","SATARA(DISTRICT COLLECTOR SATARA_IDA)","SHRIMANT CHH UDAYANRAJE PRATAPSINHAMAHARAJ BHONSLE","SATARA","Construction of Community hall for Cultural activities at Village Dabewadi","15-Dec-2025","07-Aug-2026","900000","Sanction"
"2084","Normal/Others","WS/MP18133/2025-2026/255501-Retrofitting in essential lifeline buildings","Maharashtra","SATARA(DISTRICT COLLECTOR SATARA_IDA)","SHRIMANT CHH UDAYANRAJE PRATAPSINHAMAHARAJ BHONSLE","SATARA","To carry out repair activities of Community building of Bhoi Samaj Building at Shirval","25-Dec-2025","27-Feb-2026","300000","Sanction"
"2085","Normal/Others","WS/MP18133/2025-2026/255506-Retrofitting in essential lifeline buildings","Maharashtra","SATARA(DISTRICT COLLECTOR SATARA_IDA)","SHRIMANT CHH UDAYANRAJE PRATAPSINHAMAHARAJ BHONSLE","SATARA","Carry out repair of Kolhati Samaj Mandir at Village Shirwal.","25-Dec-2025","27-Feb-2026","300000","Sanction"
"2086","Normal/Others","WS/MP18133/2025-2026/148916-Construction of rooms and halls in school and colleges","Maharashtra","SATARA(DISTRICT COLLECTOR SATARA_IDA)","SHRIMANT CHH UDAYANRAJE PRATAPSINHAMAHARAJ BHONSLE","SATARA","Construction of 02 additional rooms at Padmavati Secondary School at Kathi.","02-Jan-2025","22-Apr-2025","800000","Sanction"
"2087","Normal/Others","WS/MP18280/2025-2026/173646-Construction of buildings for community cultural activities","Maharashtra","SATARA(DISTRICT COLLECTOR SATARA_IDA)","MOHITE PATIL DHAIRYASHEEL RAJSINH","MADHA","Construction of buildings for community cultural activities in front of Revansiddha Mandir at Kaledhon Taluka Khatav District Satara","06-Feb-2025","30-Oct-2025","1000000","Sanction"
"2088","Normal/Others","WS/MP18280/2025-2026/172259-Construction of buildings for community cultural activities","Maharashtra","SATARA(DISTRICT COLLECTOR SATARA_IDA)","MOHITE PATIL DHAIRYASHEEL RAJSINH","MADHA","Construction of buildings for community cultural activities Infront of Bhairavnath Shikshan Sanstha at tadavale taluka khatav district satara","06-Feb-2025","18-Aug-2025","1000000","Sanction"
"2089","Normal/Others","WS/MP18280/2025-2026/173644-Construction of buildings for community cultural activities","Maharashtra","SATARA(DISTRICT COLLECTOR SATARA_IDA)","MOHITE PATIL DHAIRYASHEEL RAJSINH","MADHA","Construction of buildings for community cultural activities near Vishnudev Mandir at Datewadi Taluka Khatav District Satara","06-Feb-2025","30-Oct-2025","1000000","Sanction"
"2090","Normal/Others","WS/MP18133/2025-2026/148510-Construction of additional rooms and halls in the existing public and community building","Maharashtra","SATARA(DISTRICT COLLECTOR SATARA_IDA)","SHRIMANT CHH UDAYANRAJE PRATAPSINHAMAHARAJ BHONSLE","SATARA","Extension and beautification of Grampanchyat Office at Govare","02-Jan-2025","22-Apr-2025","1000000","Sanction"
"2091","Normal/Others","WS/MP18133/2025-2026/254128-Construction of boundary walls of existing public and community buildings","Maharashtra","SATARA(DISTRICT COLLECTOR SATARA_IDA)","SHRIMANT CHH UDAYANRAJE PRATAPSINHAMAHARAJ BHONSLE","SATARA","Construction of boundary wall for Talathi Karylaya at Talmavle (Taygadewadi) in Patan tehsil.","15-Dec-2025","05-Jan-2026","200000","Sanction"
"2092","Normal/Others","WS/MP18280/2025-2026/259797-Crematoriums/energy efficient crematoriums or structures on burial/cremation ground","Maharashtra","SATARA(DISTRICT COLLECTOR SATARA_IDA)","MOHITE PATIL DHAIRYASHEEL RAJSINH","MADHA","Construction of a cremation shed at the Sannagar and Charmakar community crematorium. at Kaledhon, Tal. Khatav","06-Mar-2026","17-Mar-2026","300000","Sanction"
"2093","Normal/Others","WS/MP18280/2025-2026/259798-Crematoriums/energy efficient crematoriums or structures on burial/cremation ground","Maharashtra","SATARA(DISTRICT COLLECTOR SATARA_IDA)","MOHITE PATIL DHAIRYASHEEL RAJSINH","MADHA","Construction of a cremation shed at the crematorium in Salunkhe Mala at Kaledhone, Tal. Khatav","06-Mar-2026","17-Mar-2026","300000","Sanction"
"2094","Normal/Others","WS/MP18133/2026-2027/253965-Crematoriums/energy efficient crematoriums or structures on burial/cremation ground","Maharashtra","SATARA(DISTRICT COLLECTOR SATARA_IDA)","SHRIMANT CHH UDAYANRAJE PRATAPSINHAMAHARAJ BHONSLE","SATARA","Creation of Shade over Cremation ground at Nahimbe Nathachi Pag under Village Chiteghar","15-Dec-2025","07-Aug-2026","500000","Sanction"
"2095","Normal/Others","WS/MP18133/2025-2026/253955-Construction of common work sheds/ common covered sitting area","Maharashtra","SATARA(DISTRICT COLLECTOR SATARA_IDA)","SHRIMANT CHH UDAYANRAJE PRATAPSINHAMAHARAJ BHONSLE","SATARA","Creation of tin sheet shade in front of Nalanda Buddha Vihar Community Hall in Ward No. 2 of Masur Grampanchyat","15-Dec-2025","05-Jan-2026","500000","Sanction"
"2096","Normal/Others","WS/MP18280/2026-2027/292714-Construction of roads, link roads, pathways or any other road with or without drainage system","Maharashtra","SATARA(DISTRICT COLLECTOR SATARA_IDA)","MOHITE PATIL DHAIRYASHEEL RAJSINH","MADHA","Construction of road at Kachrewadi Shri Hanuman Mandir to Pandurang Kachre house at Gondavale (Bk), Tal. Man","28-Jul-2026","25-Aug-2026","500000","Sanction"
"2097","Normal/Others","WS/MP18280/2026-2027/239361-Providing drains and gutters for public drainage","Maharashtra","SATARA(DISTRICT COLLECTOR SATARA_IDA)","MOHITE PATIL DHAIRYASHEEL RAJSINH","MADHA","Construction of closed gutter in between Moti Chowk and Datta Jagdale House at At Post Dangirewadi (Thadale), Tal. Man, Dist. Satara","06-Mar-2026","28-Jul-2026","300000","Sanction"
"2098","Normal/Others","WS/MP18133/2025-2026/254129-Providing drains and gutters for public drainage","Maharashtra","SATARA(DISTRICT COLLECTOR SATARA_IDA)","SHRIMANT CHH UDAYANRAJE PRATAPSINHAMAHARAJ BHONSLE","SATARA","Construction of internal closed Gutter in Village Vadoli","15-Dec-2025","14-Jan-2026","1000000","Sanction"
"2099","Normal/Others","WS/MP18133/2025-2026/253850-Providing drains and gutters for public drainage","Maharashtra","SATARA(DISTRICT COLLECTOR SATARA_IDA)","SHRIMANT CHH UDAYANRAJE PRATAPSINHAMAHARAJ BHONSLE","SATARA","Creation of RCC gutter from the house of Rajaram Bandu Jagtap to house of Prafful Sayaji Wagh at Village Masur (Brahmpuri)","15-Dec-2025","05-Jan-2026","400000","Sanction"
"2100","Normal/Others","WS/MP18133/2025-2026/253851-Providing drains and gutters for public drainage","Maharashtra","SATARA(DISTRICT COLLECTOR SATARA_IDA)","SHRIMANT CHH UDAYANRAJE PRATAPSINHAMAHARAJ BHONSLE","SATARA","Creation of RCC Gutter from House of Arjun Gholap to House of Mansingh Maruti Gholap of Village Gholapwadi","15-Dec-2025","05-Jan-2026","300000","Sanction"
"2101","Normal/Others","WS/MP18133/2025-2026/253960-Providing drains and gutters for public drainage","Maharashtra","SATARA(DISTRICT COLLECTOR SATARA_IDA)","SHRIMANT CHH UDAYANRAJE PRATAPSINHAMAHARAJ BHONSLE","SATARA","Construction of Closed Gutter in Village Konjawade","15-Dec-2025","14-Jan-2026","500000","Sanction"
"2102","Normal/Others","WS/MP18133/2025-2026/253962-Providing drains and gutters for public drainage","Maharashtra","SATARA(DISTRICT COLLECTOR SATARA_IDA)","SHRIMANT CHH UDAYANRAJE PRATAPSINHAMAHARAJ BHONSLE","SATARA","Creation and repair of closed Gutter from House of Akash Nalawade towards Ekta Chowk","15-Dec-2025","14-Jan-2026","1000000","Sanction"
"2103","Normal/Others","WS/MP18133/2025-2026/256431-Providing drains and gutters for public drainage","Maharashtra","SATARA(DISTRICT COLLECTOR SATARA_IDA)","SHRIMANT CHH UDAYANRAJE PRATAPSINHAMAHARAJ BHONSLE","SATARA","Construction of closed drain (Gutter) in Baravkar Nagar from Kadale House to house of Shri Sunil Pawar in Sambhajinagar.","31-Dec-2025","14-Jan-2026","700000","Sanction"
"2104","Normal/Others","WS/MP18133/2025-2026/164655-Construction of public toilets and bathrooms","Maharashtra","SATARA(DISTRICT COLLECTOR SATARA_IDA)","SHRIMANT CHH UDAYANRAJE PRATAPSINHAMAHARAJ BHONSLE","SATARA","Construction of toilet block in Masjid at Ramapur of Patan Nagarpanchayat","09-Jan-2025","18-Nov-2025","1000000","Work partially Completed"
"2105","Normal/Others","WS/MP18280/2025-2026/172258-Providing drains and gutters for public drainage","Maharashtra","SATARA(DISTRICT COLLECTOR SATARA_IDA)","MOHITE PATIL DHAIRYASHEEL RAJSINH","MADHA","Construction of Underground Gutter at mohannagar mayani taluka khatav district satara","06-Feb-2025","18-Aug-2025","1000000","Sanction"
"2106","Normal/Others","WS/MP18133/2025-2026/148480-Providing drains and gutters for public drainage","Maharashtra","SATARA(DISTRICT COLLECTOR SATARA_IDA)","SHRIMANT CHH UDAYANRAJE PRATAPSINHAMAHARAJ BHONSLE","SATARA","Construction of Closed drain at Hirai Garden at Shiwade","02-Jan-2025","22-Apr-2025","700000","Physical Inspection"
"2107","Normal/Others","WS/MP18133/2025-2026/148572-Providing drains and gutters for public drainage","Maharashtra","SATARA(DISTRICT COLLECTOR SATARA_IDA)","SHRIMANT CHH UDAYANRAJE PRATAPSINHAMAHARAJ BHONSLE","SATARA","Provision of RCC Drain at Sabalwadi","02-Jan-2025","22-Apr-2025","500000","Physical Inspection"
"2108","Normal/Others","WS/MP18131/2025-2026/191833-Providing drains and gutters for public drainage","Maharashtra","SINDHUDURG(DISTRICT COLLECTOR SINDHUDURG_IDA)","NARAYAN TATU RANE","RATNAGIRI-SINDHUDURG","Construction of Sewerage at Vagde Bauddhwadi Saipark Colony ( SC ) FY 2024-25","23-Apr-2025","07-May-2025","999686","Physical Inspection"
"2109","Normal/Others","WS/MP18131/2025-2026/234166-Installing community drinking water plants","Maharashtra","SINDHUDURG(DISTRICT COLLECTOR SINDHUDURG_IDA)","NARAYAN TATU RANE","RATNAGIRI-SINDHUDURG","To plan tap water from Gandhinagar Khalchiwadi borewell. Taluka Kankavli FY 2024-25","17-Sep-2025","05-Mar-2026","500000","Sanction"
"2110","Normal/Others","WS/MP18131/2025-2026/188631-Installing tube-wells and borewells","Maharashtra","SINDHUDURG(DISTRICT COLLECTOR SINDHUDURG_IDA)","NARAYAN TATU RANE","RATNAGIRI-SINDHUDURG","Construction of a public drinking water well at Ronapal Dewulwadi. FY 2024-25","07-Apr-2025","05-Mar-2026","1000000","Physical Inspection"
"2111","Normal/Others","WS/MP18131/2025-2026/188628-Installing tube-wells and borewells","Maharashtra","SINDHUDURG(DISTRICT COLLECTOR SINDHUDURG_IDA)","NARAYAN TATU RANE","RATNAGIRI-SINDHUDURG","Construction of a public well at Fondaghat Boudhwadi. ( SC ) FY 2024-25","07-Apr-2025","05-Mar-2026","1000000","Work Completed"
"2112","Normal/Others","WS/MP18131/2026-2027/200893-Installing tube-wells and borewells","Maharashtra","SINDHUDURG(DISTRICT COLLECTOR SINDHUDURG_IDA)","NARAYAN TATU RANE","RATNAGIRI-SINDHUDURG","Construction of a well at Kumbharwadi, Lower Varde. Taluka Kudal FY 2024-25","20-May-2025","21-Jul-2026","800000","Sanction"
"2113","Normal/Others","WS/MP18131/2025-2026/234161-Construction of roads, link roads, pathways or any other road with or without drainage system","Maharashtra","SINDHUDURG(DISTRICT COLLECTOR SINDHUDURG_IDA)","NARAYAN TATU RANE","RATNAGIRI-SINDHUDURG","Gravel and asphalting of Amdos Mahatmaphulenagar road in Malvan taluka (backward class work) FY 2024-25","17-Sep-2025","05-Mar-2026","600000","Sanction"
"2114","Normal/Others","WS/MP18131/2026-2027/273604-Construction of roads, link roads, pathways or any other road with or without drainage system","Maharashtra","SINDHUDURG(DISTRICT COLLECTOR SINDHUDURG_IDA)","NARAYAN TATU RANE","RATNAGIRI-SINDHUDURG","Construction of road extending from the Keravade Tarfe Mangaon Ghadiwadi main road, via Bhoiwadi and the Kuldevata Temple, up to Mandkuli  Keravade High School FY 2025-26","11-Mar-2026","15-May-2026","799728","Physical Inspection"
"2115","Normal/Others","WS/MP18131/2025-2026/273605-Construction of roads, link roads, pathways or any other road with or without drainage system","Maharashtra","SINDHUDURG(DISTRICT COLLECTOR SINDHUDURG_IDA)","NARAYAN TATU RANE","RATNAGIRI-SINDHUDURG","Construction of road connecting the Tarandale Bharani main road to Bauddhawadi Taluka Kankavli Backward Classes FY 2025-26","11-Mar-2026","18-Mar-2026","1000000","Sanction"
"2116","Normal/Others","WS/MP18131/2026-2027/273606-Construction of roads, link roads, pathways or any other road with or without drainage system","Maharashtra","SINDHUDURG(DISTRICT COLLECTOR SINDHUDURG_IDA)","NARAYAN TATU RANE","RATNAGIRI-SINDHUDURG","Construction of road Veral-Namaswadi Tal - Malvan FY 2025-26","11-Mar-2026","29-Jun-2026","1000000","Sanction"
"2117","Normal/Others","WS/MP18131/2026-2027/273607-Construction of roads, link roads, pathways or any other road with or without drainage system","Maharashtra","SINDHUDURG(DISTRICT COLLECTOR SINDHUDURG_IDA)","NARAYAN TATU RANE","RATNAGIRI-SINDHUDURG","Construction of road connecting Vadachapat, Bauddhawadi, and Modka Amba. Taluka Malvan (Work reserved for Backward Classes) FY 2025-26","11-Mar-2026","29-Jun-2026","1000000","Sanction"
"2118","Normal/Others","WS/MP18131/2026-2027/273608-Construction of roads, link roads, pathways or any other road with or without drainage system","Maharashtra","SINDHUDURG(DISTRICT COLLECTOR SINDHUDURG_IDA)","NARAYAN TATU RANE","RATNAGIRI-SINDHUDURG","Construction of Malgaon Madhlivadi-Mirvelvadi Road Taluka Malvan FY 2025-26","11-Mar-2026","29-Jun-2026","1000000","Sanction"
"2119","Normal/Others","WS/MP18131/2026-2027/277019-Construction of roads, link roads, pathways or any other road with or without drainage system","Maharashtra","SINDHUDURG(DISTRICT COLLECTOR SINDHUDURG_IDA)","NARAYAN TATU RANE","RATNAGIRI-SINDHUDURG","Construction of Concreting road Damre main road to Bouddhawadi (backward class work) Tal kankavli FY 2025-26","31-Mar-2026","15-May-2026","1000000","Sanction"
"2120","Normal/Others","WS/MP18131/2025-2026/255343-Crematoriums/energy efficient crematoriums or structures on burial/cremation ground","Maharashtra","SINDHUDURG(DISTRICT COLLECTOR SINDHUDURG_IDA)","NARAYAN TATU RANE","RATNAGIRI-SINDHUDURG","Construction of cremation shed at Kalmath Gawdewadi crematorium - Kankavli FY 2025-26","24-Dec-2025","05-Mar-2026","499000","Physical Inspection"
"2121","Normal/Others","WS/MP18131/2026-2027/255334-Crematoriums/energy efficient crematoriums or structures on burial/cremation ground","Maharashtra","SINDHUDURG(DISTRICT COLLECTOR SINDHUDURG_IDA)","NARAYAN TATU RANE","RATNAGIRI-SINDHUDURG","Installation of Ghumde Madhliwadi crematorium shed and paver blocks. Taluka Malvan FY 2025-26","24-Dec-2025","10-Aug-2026","1000000","Sanction"
"2122","Normal/Others","WS/MP18131/2026-2027/228312-Crematoriums/energy efficient crematoriums or structures on burial/cremation ground","Maharashtra","SINDHUDURG(DISTRICT COLLECTOR SINDHUDURG_IDA)","NARAYAN TATU RANE","RATNAGIRI-SINDHUDURG","Construction of crematorium at Vairi Bhootnath Ubhatwadi Tal - Malvan Year 2025-26","12-Sep-2025","10-Aug-2026","2000000","Sanction"
"2123","Trust and Society","WS/MP18131/2025-2026/193710-Construction of rooms and halls in school and colleges","Maharashtra","SINDHUDURG(DISTRICT COLLECTOR SINDHUDURG_IDA)","NARAYAN TATU RANE","RATNAGIRI-SINDHUDURG","Construction of classrooms for Mrs. Indirabai Dattatreya Vardam High School and Arts and Commerce (Combined) Junior College, Poip FY 2024-25","23-Apr-2025","07-May-2025","3500000","Sanction"
"2124","Trust and Society","WS/MP18131/2025-2026/248909-Construction of toilet blocks","Maharashtra","SINDHUDURG(DISTRICT COLLECTOR SINDHUDURG_IDA)","NARAYAN TATU RANE","RATNAGIRI-SINDHUDURG","Construction of a toilet in Shriram Moreshwar Gogate Secondary School Jamsande of Vidya Vikas Mandal - Devgad FY 2025-26","19-Nov-2025","22-Dec-2025","1000000","Work partially Completed"
"2125","Trust and Society","WS/MP18131/2026-2027/273621-Construction of public libraries and reading rooms","Maharashtra","SINDHUDURG(DISTRICT COLLECTOR SINDHUDURG_IDA)","NARAYAN TATU RANE","RATNAGIRI-SINDHUDURG","Construction of Library Building at Kalane,  Taluka Dodamarg FY 2025-26","11-Mar-2026","15-May-2026","1000000","Sanction"
"2126","Normal/Others","WS/MP18131/2026-2027/255345-Construction of community centers and community halls","Maharashtra","SINDHUDURG(DISTRICT COLLECTOR SINDHUDURG_IDA)","NARAYAN TATU RANE","RATNAGIRI-SINDHUDURG","Construction of Cultural Hall at Kalamath Sutarwadi Ta - Kankavali FY 2025-26","24-Dec-2025","02-Apr-2026","499000","Physical Inspection"
"2127","Normal/Others","WS/MP18131/2025-2026/248882-Construction of roads, link roads, pathways or any other road with or without drainage system","Maharashtra","SINDHUDURG(DISTRICT COLLECTOR SINDHUDURG_IDA)","NARAYAN TATU RANE","RATNAGIRI-SINDHUDURG","gravelling and asphalting of the upper Gawdewadi road in Golvan. Tal. Malvan FY 2025-26","19-Nov-2025","18-Mar-2026","600000","Sanction"
"2128","Normal/Others","WS/MP18131/2025-2026/248884-Construction of roads, link roads, pathways or any other road with or without drainage system","Maharashtra","SINDHUDURG(DISTRICT COLLECTOR SINDHUDURG_IDA)","NARAYAN TATU RANE","RATNAGIRI-SINDHUDURG","Nivje Tembwadi road to be gravelled. Tal. Kudal FY 2025-26","19-Nov-2025","18-Mar-2026","700000","Sanction"
"2129","Normal/Others","WS/MP18131/2025-2026/248885-Construction of roads, link roads, pathways or any other road with or without drainage system","Maharashtra","SINDHUDURG(DISTRICT COLLECTOR SINDHUDURG_IDA)","NARAYAN TATU RANE","RATNAGIRI-SINDHUDURG","Asphalting of Kaleli Naikwadi road. Tal. Kudal FY 2025-26","19-Nov-2025","18-Mar-2026","800000","Sanction"
"2130","Normal/Others","WS/MP18131/2025-2026/251144-Construction of roads, link roads, pathways or any other road with or without drainage system","Maharashtra","SINDHUDURG(DISTRICT COLLECTOR SINDHUDURG_IDA)","NARAYAN TATU RANE","RATNAGIRI-SINDHUDURG","Ovaliye Nirgunwadi Grama No. 156 Road khadikaran dambrikaran Taluka - Malvan 2025-26","29-Nov-2025","18-Mar-2026","1500000","Sanction"
"2131","Normal/Others","WS/MP18131/2025-2026/251145-Construction of roads, link roads, pathways or any other road with or without drainage system","Maharashtra","SINDHUDURG(DISTRICT COLLECTOR SINDHUDURG_IDA)","NARAYAN TATU RANE","RATNAGIRI-SINDHUDURG","Talwade Raulwadi N.P.P. Making a path leading to the well. Tal. Kankavli 2025-26","29-Nov-2025","22-Dec-2025","1000000","Sanction"
"2132","Normal/Others","WS/MP18131/2025-2026/245062-Construction of roads, link roads, pathways or any other road with or without drainage system","Maharashtra","SINDHUDURG(DISTRICT COLLECTOR SINDHUDURG_IDA)","NARAYAN TATU RANE","RATNAGIRI-SINDHUDURG","Gravel and asphalting of Chafekhol Gram Panchayat Office to Chafekhol Bouddhavadi Road (Backward Class Work) 2024-25","03-Nov-2025","13-Jan-2026","1500000","Sanction"
"2133","Normal/Others","WS/MP18131/2025-2026/245063-Construction of roads, link roads, pathways or any other road with or without drainage system","Maharashtra","SINDHUDURG(DISTRICT COLLECTOR SINDHUDURG_IDA)","NARAYAN TATU RANE","RATNAGIRI-SINDHUDURG","Humbarth Titha to Ransthaliwadi road to be gravelled and asphalted - Kankavli FY 2025-26","03-Nov-2025","22-Dec-2025","999000","Physical Inspection"
"2134","Normal/Others","WS/MP18131/2026-2027/276000-Construction of roads, link roads, pathways or any other road with or without drainage system","Maharashtra","SINDHUDURG(DISTRICT COLLECTOR SINDHUDURG_IDA)","NARAYAN TATU RANE","RATNAGIRI-SINDHUDURG","Construction of Road from Upper Guramwadi Karanewadi to Boral Mogarna Tal Malvan FY 2025-26","28-Mar-2026","25-Aug-2026","1000000","Work partially Completed"
"2135","Normal/Others","WS/MP18131/2026-2027/276001-Construction of roads, link roads, pathways or any other road with or without drainage system","Maharashtra","SINDHUDURG(DISTRICT COLLECTOR SINDHUDURG_IDA)","NARAYAN TATU RANE","RATNAGIRI-SINDHUDURG","Construction of Poip Viranwadi to Chambharwadi (Chavhanwadi) road  (Backward Class Work) FY 2025-26","28-Mar-2026","15-May-2026","1000000","Vendor Identification"
"2136","Normal/Others","WS/MP18131/2026-2027/276309-Construction of roads, link roads, pathways or any other road with or without drainage system","Maharashtra","SINDHUDURG(DISTRICT COLLECTOR SINDHUDURG_IDA)","NARAYAN TATU RANE","RATNAGIRI-SINDHUDURG","Construction of Hadi Babasaheb Ambedkar Road  (Backward Class work) Taluka - Malvan FY 2025-26","28-Mar-2026","11-Jun-2026","1000000","Sanction"
"2137","Normal/Others","WS/MP18131/2026-2027/276310-Construction of roads, link roads, pathways or any other road with or without drainage system","Maharashtra","SINDHUDURG(DISTRICT COLLECTOR SINDHUDURG_IDA)","NARAYAN TATU RANE","RATNAGIRI-SINDHUDURG","Construction of Wayangwade Bouddhavadi Road  (backward class work) Taluka - Malvan FY 2025-26","28-Mar-2026","15-May-2026","1100000","Sanction"
"2138","Normal/Others","WS/MP18131/2026-2027/276434-Construction of roads, link roads, pathways or any other road with or without drainage system","Maharashtra","SINDHUDURG(DISTRICT COLLECTOR SINDHUDURG_IDA)","NARAYAN TATU RANE","RATNAGIRI-SINDHUDURG","Construction of Road from Kumbharmath Ghumde Vastwadi to Suresh Dayal Vast Ghar Tal - Malvan FY 2025-26","28-Mar-2026","15-May-2026","2500000","Sanction"
"2139","Normal/Others","WS/MP18131/2025-2026/188629-Construction of roads, link roads, pathways or any other road with or without drainage system","Maharashtra","SINDHUDURG(DISTRICT COLLECTOR SINDHUDURG_IDA)","NARAYAN TATU RANE","RATNAGIRI-SINDHUDURG","Gravel and asphalting of Tirwade main road to Patadewadi main road. FY 2024-25","07-Apr-2025","05-Mar-2026","474974","Physical Inspection"
"2140","Normal/Others","WS/MP18131/2025-2026/188630-Construction of roads, link roads, pathways or any other road with or without drainage system","Maharashtra","SINDHUDURG(DISTRICT COLLECTOR SINDHUDURG_IDA)","NARAYAN TATU RANE","RATNAGIRI-SINDHUDURG","To pave and asphalt the road leading to Kusarve Kusarvewadi Gosavi Temb.","07-Apr-2025","05-Mar-2026","496905","Physical Inspection"
"2141","Normal/Others","WS/MP18131/2025-2026/188623-Construction of roads, link roads, pathways or any other road with or without drainage system","Maharashtra","SINDHUDURG(DISTRICT COLLECTOR SINDHUDURG_IDA)","NARAYAN TATU RANE","RATNAGIRI-SINDHUDURG","Concreting the road leading to Piyali Karmalkarwadi Shri Vitthal Rakhumai Temple FY 2024-25","07-Apr-2025","17-Jul-2025","999000","Physical Inspection"
"2142","Normal/Others","WS/MP18131/2025-2026/188624-Construction of roads, link roads, pathways or any other road with or without drainage system","Maharashtra","SINDHUDURG(DISTRICT COLLECTOR SINDHUDURG_IDA)","NARAYAN TATU RANE","RATNAGIRI-SINDHUDURG","Road from Pendur Tondawalkarwadi to Talivadi to be gravelled and asphalted Tal-Malvan FY 2024-25","07-Apr-2025","22-Dec-2025","600000","Physical Inspection"
"2143","Normal/Others","WS/MP18131/2025-2026/188625-Construction of roads, link roads, pathways or any other road with or without drainage system","Maharashtra","SINDHUDURG(DISTRICT COLLECTOR SINDHUDURG_IDA)","NARAYAN TATU RANE","RATNAGIRI-SINDHUDURG","Road leading from Pendur Ghadiwadi to Inderwadi to be gravelled and asphalted. FY 2024-25","07-Apr-2025","07-Jan-2026","766000","Physical Inspection"
"2144","Normal/Others","WS/MP18131/2025-2026/188626-Construction of roads, link roads, pathways or any other road with or without drainage system","Maharashtra","SINDHUDURG(DISTRICT COLLECTOR SINDHUDURG_IDA)","NARAYAN TATU RANE","RATNAGIRI-SINDHUDURG","Gravel and asphalting of the road leading to Naikwadi in Pendur Talivadi. FY 2024-25","07-Apr-2025","22-Dec-2025","692000","Physical Inspection"
"2145","Normal/Others","WS/MP18131/2026-2027/188627-Construction of roads, link roads, pathways or any other road with or without drainage system","Maharashtra","SINDHUDURG(DISTRICT COLLECTOR SINDHUDURG_IDA)","NARAYAN TATU RANE","RATNAGIRI-SINDHUDURG","Varad Shetyewadi to Shetyewadi and Madhliwadi Cemetery Road to be paved and asphalted. FY 2024-25","07-Apr-2025","02-Apr-2026","500000","Physical Inspection"
"2146","Normal/Others","WS/MP18131/2026-2027/200892-Construction of roads, link roads, pathways or any other road with or without drainage system","Maharashtra","SINDHUDURG(DISTRICT COLLECTOR SINDHUDURG_IDA)","NARAYAN TATU RANE","RATNAGIRI-SINDHUDURG","Poip Viranwadi to Chambharwadi (Chavhanwadi) road gravelling and asphalting (Backward Class Work) FY 2024-25","20-May-2025","10-Aug-2026","1000000","Sanction"
"2147","Normal/Others","WS/MP18131/2025-2026/193711-Construction of roads, link roads, pathways or any other road with or without drainage system","Maharashtra","SINDHUDURG(DISTRICT COLLECTOR SINDHUDURG_IDA)","NARAYAN TATU RANE","RATNAGIRI-SINDHUDURG","Gravel and asphalting of the road from Kupwade Gawalgaon Prabhakar Shirsat Ghar to Torpwadi Gosaviwadi FY 2024-25","23-Apr-2025","07-May-2025","499868","Physical Inspection"
"2148","Normal/Others","WS/MP18131/2025-2026/191835-Construction of roads, link roads, pathways or any other road with or without drainage system","Maharashtra","SINDHUDURG(DISTRICT COLLECTOR SINDHUDURG_IDA)","NARAYAN TATU RANE","RATNAGIRI-SINDHUDURG","Paving and asphalting the road from Poip Naka to Vetal Mandir. FY 2024-25","23-Apr-2025","07-May-2025","1000000","Sanction"
"2149","Normal/Others","WS/MP18131/2025-2026/191837-Construction of roads, link roads, pathways or any other road with or without drainage system","Maharashtra","SINDHUDURG(DISTRICT COLLECTOR SINDHUDURG_IDA)","NARAYAN TATU RANE","RATNAGIRI-SINDHUDURG","To pave and asphalt the Kolamba Katwad cemetery road. Tal. Malvan FY 2024-25","23-Apr-2025","07-May-2025","500000","Sanction"
"2150","Normal/Others","WS/MP18131/2025-2026/191838-Construction of roads, link roads, pathways or any other road with or without drainage system","Maharashtra","SINDHUDURG(DISTRICT COLLECTOR SINDHUDURG_IDA)","NARAYAN TATU RANE","RATNAGIRI-SINDHUDURG","Vadachapat Bouddhavadi Road gravelling and asphalting (Backward Classes) FY 2024-25","23-Apr-2025","07-May-2025","1000000","Sanction"
"2151","Normal/Others","WS/MP18131/2025-2026/200889-Construction of footpaths and pedestrian ways","Maharashtra","SINDHUDURG(DISTRICT COLLECTOR SINDHUDURG_IDA)","NARAYAN TATU RANE","RATNAGIRI-SINDHUDURG","Concreting the footpath from Halwal Main Road to Krishna Jadhav House (Backward Class Work) FY 2024-25","20-May-2025","13-Jan-2026","999000","Physical Inspection"
"2152","Normal/Others","WS/MP18131/2026-2027/273609-Construction of culverts and bridges","Maharashtra","SINDHUDURG(DISTRICT COLLECTOR SINDHUDURG_IDA)","NARAYAN TATU RANE","RATNAGIRI-SINDHUDURG","Construction of a causeway Near Shashikant Bhaves house in Kirlos Bhavewadi Taluka Malvan FY 2025-26","11-Mar-2026","29-Jun-2026","1000000","Sanction"
"2153","Normal/Others","WS/MP18131/2025-2026/200890-Construction of culverts and bridges","Maharashtra","SINDHUDURG(DISTRICT COLLECTOR SINDHUDURG_IDA)","NARAYAN TATU RANE","RATNAGIRI-SINDHUDURG","Construction of causeway at Pisekamte Bouddhavadi (Backward Class Work) FY 2024-25","20-May-2025","05-Mar-2026","999000","Physical Inspection"
"2154","Normal/Others","WS/MP18131/2025-2026/255336-Construction of culverts and bridges","Maharashtra","SINDHUDURG(DISTRICT COLLECTOR SINDHUDURG_IDA)","NARAYAN TATU RANE","RATNAGIRI-SINDHUDURG","Construction of causeway and gutter on the road from Janavali Bouddhwadi No.2 Road to Shri. Ganpat Laxman Ranes house (Backward Class Work) FY 2025-26","24-Dec-2025","05-Mar-2026","1000000","Sanction"
"2155","Normal/Others","WS/MP18131/2025-2026/186418-Construction of platforms and passenger sheds at railway stations","Maharashtra","SINDHUDURG(DISTRICT COLLECTOR SINDHUDURG_IDA)","NARAYAN TATU RANE","RATNAGIRI-SINDHUDURG","Construction of a pickup shed at Sindhudurg Nagari, Konkan Railway Station in Kudal Taluka. FY 2024-25","29-Mar-2025","10-Jul-2025","990030","Physical Inspection"
"2156","Normal/Others","WS/MP18131/2026-2027/188632-Development of public parks","Maharashtra","SINDHUDURG(DISTRICT COLLECTOR SINDHUDURG_IDA)","NARAYAN TATU RANE","RATNAGIRI-SINDHUDURG","To develop the public park Oros Sulochananagar Balodyan in Kudal taluka. FY 2024-25","07-Apr-2025","15-May-2026","1000000","Physical Inspection"
"2157","Normal/Others","WS/MP18280/2025-2026/186965-Lighting of public spaces","Maharashtra","SOLAPUR(DISTRICT COLLECTOR SOLAPUR_IDA)","MOHITE PATIL DHAIRYASHEEL RAJSINH","MADHA","Installation of Solar High Mast Next to DCC Bank, near to Swami Samarth Mandir Wasti, Ap. Dahigav, Tal. Malshiras, Dist. Solapur","30-Mar-2025","27-Feb-2026","220000","Physical Inspection"
"2158","Normal/Others","WS/MP18280/2025-2026/186966-Lighting of public spaces","Maharashtra","SOLAPUR(DISTRICT COLLECTOR SOLAPUR_IDA)","MOHITE PATIL DHAIRYASHEEL RAJSINH","MADHA","Installation of Solar High Mast at Prabhag No.04, Near Sorte Wasti, At. Natepute, Tal. Malshiras, Dist. Solapur","30-Mar-2025","26-Feb-2026","220000","Physical Inspection"
"2159","Normal/Others","WS/MP18280/2025-2026/186967-Lighting of public spaces","Maharashtra","SOLAPUR(DISTRICT COLLECTOR SOLAPUR_IDA)","MOHITE PATIL DHAIRYASHEEL RAJSINH","MADHA","Installation of Solar High Mast in front of Shri Banling Mandir, near to Yogesh Dhobale House Zopadpatti, At. Fondshiras, Tal. Malshiras, Dist. Solapur","30-Mar-2025","26-Feb-2026","220000","Physical Inspection"
"2160","Normal/Others","WS/MP18280/2025-2026/186968-Lighting of public spaces","Maharashtra","SOLAPUR(DISTRICT COLLECTOR SOLAPUR_IDA)","MOHITE PATIL DHAIRYASHEEL RAJSINH","MADHA","Installation of Solar High Mast Near Lakshminagar Abhyasika, At. Mandve, Tal. Malshiras, Dist. Solapur","30-Mar-2025","27-Feb-2026","220000","Physical Inspection"
"2161","Normal/Others","WS/MP18280/2025-2026/186969-Lighting of public spaces","Maharashtra","SOLAPUR(DISTRICT COLLECTOR SOLAPUR_IDA)","MOHITE PATIL DHAIRYASHEEL RAJSINH","MADHA","Installation of Solar High Mast at Shri Ram Mandir, Ap. Girvi, Tal. Malshiras, Dist. Solapur","30-Mar-2025","26-Feb-2026","220000","Physical Inspection"
"2162","Normal/Others","WS/MP18280/2025-2026/186971-Lighting of public spaces","Maharashtra","SOLAPUR(DISTRICT COLLECTOR SOLAPUR_IDA)","MOHITE PATIL DHAIRYASHEEL RAJSINH","MADHA","Installation of Solar High Mast near Gorve Wasti, Sadabhaunagar, Navchari, Ap. Bagewadi, Tal. Malshiras, Dist. Solapur","30-Mar-2025","27-Feb-2026","220000","Physical Inspection"
"2163","Normal/Others","WS/MP18280/2025-2026/186972-Lighting of public spaces","Maharashtra","SOLAPUR(DISTRICT COLLECTOR SOLAPUR_IDA)","MOHITE PATIL DHAIRYASHEEL RAJSINH","MADHA","Installation of Solar High Mast in Gavthan, Raut-Kazi Wasti, Ap. Khudus, Tal. Malshiras, Dist. Solapur","30-Mar-2025","26-Feb-2026","220000","Physical Inspection"
"2164","Normal/Others","WS/MP18280/2025-2026/186973-Lighting of public spaces","Maharashtra","SOLAPUR(DISTRICT COLLECTOR SOLAPUR_IDA)","MOHITE PATIL DHAIRYASHEEL RAJSINH","MADHA","Installation of Solar High Mast in Shivkirtinagar, Ap. Malewadi (A), Tal. Malshiras, Dist. Solapur","30-Mar-2025","27-Feb-2026","220000","Physical Inspection"
"2165","Normal/Others","WS/MP18280/2025-2026/186974-Lighting of public spaces","Maharashtra","SOLAPUR(DISTRICT COLLECTOR SOLAPUR_IDA)","MOHITE PATIL DHAIRYASHEEL RAJSINH","MADHA","Installation of Solar High Mast Panchwati Bypass, Palkhi Marg, Ap. Akluj, Tal. Malshiras, Dist. Solapur","30-Mar-2025","27-Feb-2026","220000","Physical Inspection"
"2166","Normal/Others","WS/MP18280/2025-2026/186976-Lighting of public spaces","Maharashtra","SOLAPUR(DISTRICT COLLECTOR SOLAPUR_IDA)","MOHITE PATIL DHAIRYASHEEL RAJSINH","MADHA","Installation of Solar High Mast in Ramamata Colony, Ap. Malinagar, Tal. Malshiras, Dist. Solapur","30-Mar-2025","27-Feb-2026","220000","Physical Inspection"
"2167","Normal/Others","WS/MP18280/2025-2026/186977-Lighting of public spaces","Maharashtra","SOLAPUR(DISTRICT COLLECTOR SOLAPUR_IDA)","MOHITE PATIL DHAIRYASHEEL RAJSINH","MADHA","Installation of Solar High Mast near East side Pir Sahab Dargah, Ap. Maloli, Tal. Malshiras, Dist. Solapur","30-Mar-2025","27-Feb-2026","220000","Physical Inspection"
"2168","Normal/Others","WS/MP18280/2025-2026/186978-Lighting of public spaces","Maharashtra","SOLAPUR(DISTRICT COLLECTOR SOLAPUR_IDA)","MOHITE PATIL DHAIRYASHEEL RAJSINH","MADHA","Installation of Solar High Mast at the back of Shri Yamaie Devi Temples Main Chowk, Ap. Mahalung, Tal. Malshiras, Dist. Solapur","30-Mar-2025","27-Feb-2026","220000","Physical Inspection"
"2169","Normal/Others","WS/MP18280/2025-2026/186979-Lighting of public spaces","Maharashtra","SOLAPUR(DISTRICT COLLECTOR SOLAPUR_IDA)","MOHITE PATIL DHAIRYASHEEL RAJSINH","MADHA","Installation of Solar High Mast in front of old Grampanchaya office, Ap. Borgaon, Tal. Malshiras, Dist. Solapur","30-Mar-2025","27-Feb-2026","220000","Physical Inspection"
"2170","Normal/Others","WS/MP18280/2025-2026/186814-Lighting of public spaces","Maharashtra","SOLAPUR(DISTRICT COLLECTOR SOLAPUR_IDA)","MOHITE PATIL DHAIRYASHEEL RAJSINH","MADHA","Installment of Solar High Mast at Pandharinath Dudhe Chowk, ap. Pande, Tal. Karmala, Dist. Solapur","30-Mar-2025","26-Feb-2026","220000","Physical Inspection"
"2171","Normal/Others","WS/MP18280/2025-2026/187601-Lighting of public spaces","Maharashtra","SOLAPUR(DISTRICT COLLECTOR SOLAPUR_IDA)","MOHITE PATIL DHAIRYASHEEL RAJSINH","MADHA","Installation of Solar High Mast at Suste Road, in front MSEB office,Ap. Tungat, Tal. Pandharpur, Dist. Solapur","30-Mar-2025","27-Feb-2026","220000","Physical Inspection"
"2172","Normal/Others","WS/MP18280/2025-2026/187602-Lighting of public spaces","Maharashtra","SOLAPUR(DISTRICT COLLECTOR SOLAPUR_IDA)","MOHITE PATIL DHAIRYASHEEL RAJSINH","MADHA","Installation of Solar High Mast near Shri Tambda Maruti Temple, Ap. Babhulgaon,  Tal. Pandharpur, Dist. Solapur","30-Mar-2025","27-Feb-2026","220000","Physical Inspection"
"2173","Normal/Others","WS/MP18280/2025-2026/187603-Lighting of public spaces","Maharashtra","SOLAPUR(DISTRICT COLLECTOR SOLAPUR_IDA)","MOHITE PATIL DHAIRYASHEEL RAJSINH","MADHA","Installation of Solar High Mast in front of Grampanchayat Shoping Centre, Ap. Mendhapur, Tal. Pandharpur, Dist. Solapur","30-Mar-2025","27-Feb-2026","220000","Physical Inspection"
"2174","Normal/Others","WS/MP18280/2025-2026/187604-Lighting of public spaces","Maharashtra","SOLAPUR(DISTRICT COLLECTOR SOLAPUR_IDA)","MOHITE PATIL DHAIRYASHEEL RAJSINH","MADHA","Installation of Solar High Mast at Somwar Peth, near Shri ram Temple, Ap. Karkamb, Tal. Pandharpur, Dist. Solapur","30-Mar-2025","27-Feb-2026","220000","Physical Inspection"
"2175","Normal/Others","WS/MP18280/2025-2026/187605-Lighting of public spaces","Maharashtra","SOLAPUR(DISTRICT COLLECTOR SOLAPUR_IDA)","MOHITE PATIL DHAIRYASHEEL RAJSINH","MADHA","Installation of Solar High Mast near Shri Ganpati Temple, Ap. Suste, Tal. Pandharpur, Dist. Solapur","30-Mar-2025","27-Feb-2026","220000","Physical Inspection"
"2176","Normal/Others","WS/MP18280/2025-2026/187606-Lighting of public spaces","Maharashtra","SOLAPUR(DISTRICT COLLECTOR SOLAPUR_IDA)","MOHITE PATIL DHAIRYASHEEL RAJSINH","MADHA","Installation of Solar High Mast near Dattu Hanumant Shinde House, Ap. Kanhapuri Tal. Pandharpur, Dist. Solapur","30-Mar-2025","27-Feb-2026","220000","Physical Inspection"
"2177","Normal/Others","WS/MP18280/2025-2026/187607-Lighting of public spaces","Maharashtra","SOLAPUR(DISTRICT COLLECTOR SOLAPUR_IDA)","MOHITE PATIL DHAIRYASHEEL RAJSINH","MADHA","Installation of Solar High Mast near Shri Maruti Temple, Ap. Ropale, Tal. Pandharpur, Dist. Solapur","30-Mar-2025","27-Feb-2026","220000","Physical Inspection"
"2178","Normal/Others","WS/MP18280/2025-2026/186712-Lighting of public spaces","Maharashtra","SOLAPUR(DISTRICT COLLECTOR SOLAPUR_IDA)","MOHITE PATIL DHAIRYASHEEL RAJSINH","MADHA","Installation of Solar High Mast at Nagoba Katta, ap. Parite, Tal. Madha, Dist. Solapur","30-Mar-2025","26-Feb-2026","220000","Physical Inspection"
"2179","Normal/Others","WS/MP18280/2025-2026/186713-Lighting of public spaces","Maharashtra","SOLAPUR(DISTRICT COLLECTOR SOLAPUR_IDA)","MOHITE PATIL DHAIRYASHEEL RAJSINH","MADHA","Installation of Solar High Mast at C.Shivaji Maharaj Chowk, Ap. Aran, Tal. Madha, Dist. Solapur","30-Mar-2025","26-Feb-2026","220000","Physical Inspection"
"2180","Normal/Others","WS/MP18280/2025-2026/186714-Lighting of public spaces","Maharashtra","SOLAPUR(DISTRICT COLLECTOR SOLAPUR_IDA)","MOHITE PATIL DHAIRYASHEEL RAJSINH","MADHA","Installation of Solar High Mast at Gavthan, Maske Wasti, ap. Manegav, Tal. Madha, Dist. Solapur","30-Mar-2025","26-Feb-2026","220000","Physical Inspection"
"2181","Normal/Others","WS/MP18280/2025-2026/186715-Lighting of public spaces","Maharashtra","SOLAPUR(DISTRICT COLLECTOR SOLAPUR_IDA)","MOHITE PATIL DHAIRYASHEEL RAJSINH","MADHA","Installation of Solar High Mast in front of Nagoba Katta, ap. Manegav, Tal.Madha, Dist. Solapur","30-Mar-2025","27-Feb-2026","220000","Physical Inspection"
"2182","Normal/Others","WS/MP18280/2025-2026/186716-Lighting of public spaces","Maharashtra","SOLAPUR(DISTRICT COLLECTOR SOLAPUR_IDA)","MOHITE PATIL DHAIRYASHEEL RAJSINH","MADHA","Installation of SolarHigh Mast at Aadhar Vrush Ashram ap. Wadachiwadi (U.Bu) Tal. Madha, Dist. Solapur","30-Mar-2025","27-Feb-2026","220000","Physical Inspection"
"2183","Normal/Others","WS/MP18280/2025-2026/186717-Lighting of public spaces","Maharashtra","SOLAPUR(DISTRICT COLLECTOR SOLAPUR_IDA)","MOHITE PATIL DHAIRYASHEEL RAJSINH","MADHA","Installation of Solar High Mast in More Wasti, ap. Tulshi, Tal. Madha, Dist. Solapur","30-Mar-2025","27-Feb-2026","220000","Physical Inspection"
"2184","Normal/Others","WS/MP18280/2025-2026/186636-Lighting of public spaces","Maharashtra","SOLAPUR(DISTRICT COLLECTOR SOLAPUR_IDA)","MOHITE PATIL DHAIRYASHEEL RAJSINH","MADHA","Implementation of Solar High Mast at Shri TuljaBhawani Temple, In front of Shri Mari Aaie Temple, at Pophalaj, Tal. Karmala, Dist. Solapur","30-Mar-2025","27-Feb-2026","220000","Physical Inspection"
"2185","Normal/Others","WS/MP18280/2025-2026/186637-Lighting of public spaces","Maharashtra","SOLAPUR(DISTRICT COLLECTOR SOLAPUR_IDA)","MOHITE PATIL DHAIRYASHEEL RAJSINH","MADHA","Implementation of Solar High Mast at Landa Hira Chowk, Ap. Chikhalthan, Tal. Karmala, Dist. Solapur","30-Mar-2025","26-Feb-2026","220000","Physical Inspection"
"2186","Normal/Others","WS/MP18280/2025-2026/186638-Lighting of public spaces","Maharashtra","SOLAPUR(DISTRICT COLLECTOR SOLAPUR_IDA)","MOHITE PATIL DHAIRYASHEEL RAJSINH","MADHA","Installation of Solar High Mast on Kem Road, Patil wasti, Garad Wasti Chowk, at Kandar, Tal. Karmala, Dist. Solapur","30-Mar-2025","26-Feb-2026","220000","Physical Inspection"
"2187","Normal/Others","WS/MP18280/2025-2026/186639-Lighting of public spaces","Maharashtra","SOLAPUR(DISTRICT COLLECTOR SOLAPUR_IDA)","MOHITE PATIL DHAIRYASHEEL RAJSINH","MADHA","Installation of Solar High Mast near Vikasnagar Vyayam Shala at Kem, Tal. Karmala, Dist. Solapur","30-Mar-2025","26-Feb-2026","220000","Physical Inspection"
"2188","Normal/Others","WS/MP18280/2025-2026/186994-Lighting of public spaces","Maharashtra","SOLAPUR(DISTRICT COLLECTOR SOLAPUR_IDA)","MOHITE PATIL DHAIRYASHEEL RAJSINH","MADHA","Installation of Solar High Mast in front of Grampanchayat, Ap. Mahud, Tal. Sangole, Dist. Solapur","30-Mar-2025","27-Feb-2026","220000","Physical Inspection"
"2189","Normal/Others","WS/MP18280/2025-2026/186995-Lighting of public spaces","Maharashtra","SOLAPUR(DISTRICT COLLECTOR SOLAPUR_IDA)","MOHITE PATIL DHAIRYASHEEL RAJSINH","MADHA","Installation of Solar High Mast front of Shri Datta Mandir, Ch. Shivaji Maharaj Statue, Ap.Ekhatpur,  Tal. Sangole, Dist. Solapur","30-Mar-2025","27-Feb-2026","220000","Physical Inspection"
"2190","Normal/Others","WS/MP18280/2025-2026/186996-Lighting of public spaces","Maharashtra","SOLAPUR(DISTRICT COLLECTOR SOLAPUR_IDA)","MOHITE PATIL DHAIRYASHEEL RAJSINH","MADHA","Installation of Solar High Mast in Prabhag No.08, Koshti Galli In fron of Botres House, Ap. Sangola,  Tal. Sangole, Dist. Solapur","30-Mar-2025","27-Feb-2026","220000","Physical Inspection"
"2191","Normal/Others","WS/MP18280/2025-2026/186997-Lighting of public spaces","Maharashtra","SOLAPUR(DISTRICT COLLECTOR SOLAPUR_IDA)","MOHITE PATIL DHAIRYASHEEL RAJSINH","MADHA","Installation of Solar High Mast at Kola Road, in front of Junoni High School, Ap. Junoni,  Tal. Sangole, Dist. Solapur","30-Mar-2025","27-Feb-2026","220000","Physical Inspection"
"2192","Normal/Others","WS/MP18280/2025-2026/186998-Lighting of public spaces","Maharashtra","SOLAPUR(DISTRICT COLLECTOR SOLAPUR_IDA)","MOHITE PATIL DHAIRYASHEEL RAJSINH","MADHA","Installation of Solar High Mast in front of Grampanchayat Office, Ap. Gherdi,  Tal. Sangole, Dist. Solapur","30-Mar-2025","27-Feb-2026","220000","Physical Inspection"
"2193","Normal/Others","WS/MP18280/2025-2026/186999-Lighting of public spaces","Maharashtra","SOLAPUR(DISTRICT COLLECTOR SOLAPUR_IDA)","MOHITE PATIL DHAIRYASHEEL RAJSINH","MADHA","Installation of Solar High Mast in Beghar Wasti, Ap. Mahim, Tal. Sangole, Dist. Solapur","30-Mar-2025","27-Feb-2026","220000","Physical Inspection"
"2194","Normal/Others","WS/MP18280/2025-2026/162290-Lighting of public spaces","Maharashtra","SOLAPUR(DISTRICT COLLECTOR SOLAPUR_IDA)","MOHITE PATIL DHAIRYASHEEL RAJSINH","MADHA","Installation of solar high mast lamp in Near Bhori Majjid at post Akluj","31-Dec-2024","27-Feb-2026","220000","Physical Inspection"
"2195","Normal/Others","WS/MP18280/2025-2026/185070-Lighting of public spaces","Maharashtra","SOLAPUR(DISTRICT COLLECTOR SOLAPUR_IDA)","MOHITE PATIL DHAIRYASHEEL RAJSINH","MADHA","Installation of Solar Highmast pole near Satwai Farm, Karmala, Tal. Karmala, Dist. Solapur","21-Mar-2025","27-Feb-2026","220000","Physical Inspection"
"2196","Normal/Others","WS/MP18280/2025-2026/185071-Lighting of public spaces","Maharashtra","SOLAPUR(DISTRICT COLLECTOR SOLAPUR_IDA)","MOHITE PATIL DHAIRYASHEEL RAJSINH","MADHA","Installation of Solar Highmast pole, at S.T. Colony, near Satwai Farm House, Karmala, Tal. Karmala, Dist. Solapur","21-Mar-2025","27-Feb-2026","220000","Physical Inspection"
"2197","Normal/Others","WS/MP18280/2025-2026/185072-Lighting of public spaces","Maharashtra","SOLAPUR(DISTRICT COLLECTOR SOLAPUR_IDA)","MOHITE PATIL DHAIRYASHEEL RAJSINH","MADHA","Installation of Solar Highmast pole at Shri Shani Maruti Chowk, Jinti, Tal. Karmala, Dist. Solapur","21-Mar-2025","26-Feb-2026","220000","Physical Inspection"
"2198","Normal/Others","WS/MP18327/2025-2026/137670-Street lights","Maharashtra","SOLAPUR(DISTRICT COLLECTOR SOLAPUR_IDA)","PRANITI SUSHILKUMAR SHINDE","SOLAPUR(SC)","Installation of Light in front of Khandoba Temple at Waluj Gaon in Mohol Taluka","29-Aug-2024","09-Mar-2026","499880","Physical Inspection"
"2199","Normal/Others","WS/MP18327/2026-2027/246153-Construction of footpaths and pedestrian ways","Maharashtra","SOLAPUR(DISTRICT COLLECTOR SOLAPUR_IDA)","PRANITI SUSHILKUMAR SHINDE","SOLAPUR(SC)","const.of footpath at siddheshwar nagar, mashal vasti, vijapur road in solapur city","04-Nov-2025","21-May-2026","999752","Work partially Completed"
"2200","Normal/Others","WS/MP673/2026-2027/193060-Construction of roads, link roads, pathways or any other road with or without drainage system","Maharashtra","SOLAPUR(DISTRICT COLLECTOR SOLAPUR_IDA)","Omprakash Bhupalsinh Alias Pawan Rajenimbalkar","OSMANABAD","Construction of cemented road in public space near old village to Harijan settlement cemetery Kapasi ta barshi","21-Apr-2025","19-Jun-2026","500000","Physical Inspection"
"2201","Normal/Others","WS/MP18327/2026-2027/246159-Construction of roads, link roads, pathways or any other road with or without drainage system","Maharashtra","SOLAPUR(DISTRICT COLLECTOR SOLAPUR_IDA)","PRANITI SUSHILKUMAR SHINDE","SOLAPUR(SC)","const of road at muslim pachha peth from haidert timmapure house to mahamood gabbure house in solapur city","04-Nov-2025","21-Jul-2026","999845","Vendor Identification"
"2202","Normal/Others","WS/MP18327/2026-2027/246149-Construction of roads, link roads, pathways or any other road with or without drainage system","Maharashtra","SOLAPUR(DISTRICT COLLECTOR SOLAPUR_IDA)","PRANITI SUSHILKUMAR SHINDE","SOLAPUR(SC)","Const.of road in solapur city at ST colony, near New RTO ffice","04-Nov-2025","03-Sep-2026","999804","Sanction"
"2203","Normal/Others","WS/MP18327/2026-2027/246151-Construction of roads, link roads, pathways or any other road with or without drainage system","Maharashtra","SOLAPUR(DISTRICT COLLECTOR SOLAPUR_IDA)","PRANITI SUSHILKUMAR SHINDE","SOLAPUR(SC)","const.of road from shaikh house to mansur laundry in solapur city MNC","04-Nov-2025","21-Jul-2026","999845","Vendor Identification"
"2204","Normal/Others","WS/MP18327/2026-2027/241888-Construction of community centers and community halls","Maharashtra","SOLAPUR(DISTRICT COLLECTOR SOLAPUR_IDA)","PRANITI SUSHILKUMAR SHINDE","SOLAPUR(SC)","Construction of community hall infront of Ganesh temple in GP Land at Shirapur So. tq.mohol","13-Oct-2025","14-Jul-2026","1000000","Physical Inspection"
"2205","Normal/Others","WS/MP673/2025-2026/147093-Construction of community centers and community halls","Maharashtra","SOLAPUR(DISTRICT COLLECTOR SOLAPUR_IDA)","Omprakash Bhupalsinh Alias Pawan Rajenimbalkar","OSMANABAD","Construction of community halls Surdi ta. barshi","14-Oct-2024","22-Aug-2025","699164","Physical Inspection"
"2206","Normal/Others","WS/MP673/2025-2026/172566-Construction of bus-sheds or bus-stops","Maharashtra","SOLAPUR(DISTRICT COLLECTOR SOLAPUR_IDA)","Omprakash Bhupalsinh Alias Pawan Rajenimbalkar","OSMANABAD","Construction of bus-sheds or bus-stops Undegaon ta. Barshi","04-Feb-2025","22-Jan-2026","300000","Physical Inspection"
"2207","Normal/Others","WS/MP18327/2026-2027/227932-Construction of buildings for community cultural activities","Maharashtra","SOLAPUR(DISTRICT COLLECTOR SOLAPUR_IDA)","PRANITI SUSHILKUMAR SHINDE","SOLAPUR(SC)","construction work at taluka mohol ashti village balkrushan mandir front grampanchayat land building for community culture activiities","20-Aug-2025","03-Sep-2026","1000000","Sanction"
"2208","Normal/Others","WS/MP18327/2026-2027/213808-Construction of buildings for community cultural activities","Maharashtra","SOLAPUR(DISTRICT COLLECTOR SOLAPUR_IDA)","PRANITI SUSHILKUMAR SHINDE","SOLAPUR(SC)","Nandeshwar Taluka Mangalwedha yethe grampanchayat jaget Sabhamandap Bandhne","01-Jul-2025","14-May-2026","1000000","Physical Inspection"
"2209","Normal/Others","WS/MP18327/2025-2026/235510-Construction of buildings for community cultural activities","Maharashtra","SOLAPUR(DISTRICT COLLECTOR SOLAPUR_IDA)","PRANITI SUSHILKUMAR SHINDE","SOLAPUR(SC)","At Post Wadata North Solapur Shri Krishna Mandir somoril Gram Panchayat jage Madhya Sabha mandap bandhne","19-Sep-2025","04-Mar-2026","1000000","Physical Inspection"
"2210","Normal/Others","WS/MP18327/2026-2027/282558-Construction of roads, link roads, pathways or any other road with or without drainage system","Maharashtra","SOLAPUR(DISTRICT COLLECTOR SOLAPUR_IDA)","PRANITI SUSHILKUMAR SHINDE","SOLAPUR(SC)","Const of road at arvind dham from police colony to YES news marathi to waghmode house in solapur city","20-May-2026","21-May-2026","999633","Vendor Identification"
"2211","Normal/Others","WS/MP18327/2026-2027/243964-Construction of roads, link roads, pathways or any other road with or without drainage system","Maharashtra","SOLAPUR(DISTRICT COLLECTOR SOLAPUR_IDA)","PRANITI SUSHILKUMAR SHINDE","SOLAPUR(SC)","Solapur saharatil ashiyana nagar yethe rasta karane","26-Oct-2025","30-Jun-2026","1000000","Physical Inspection"
"2212","Normal/Others","WS/MP673/2026-2027/225939-Construction of roads, link roads, pathways or any other road with or without drainage system","Maharashtra","SOLAPUR(DISTRICT COLLECTOR SOLAPUR_IDA)","Omprakash Bhupalsinh Alias Pawan Rajenimbalkar","OSMANABAD","Construction of pathway from Dhage petrolium to sant savtamali hall at Barshi Block Barshi Dist. Dharashiv","08-Aug-2025","13-Aug-2026","1000000","Work partially Completed"
"2213","Normal/Others","WS/MP673/2024-2025/139059-Installing tube-wells and borewells","Maharashtra","SOLAPUR(DISTRICT COLLECTOR SOLAPUR_IDA)","Omprakash Bhupalsinh Alias Pawan Rajenimbalkar","OSMANABAD","Installing tube-wells and borewells","05-Sep-2024","21-Oct-2024","299942","Physical Inspection"
"2214","Normal/Others","WS/MP673/2025-2026/218083-Construction of roads, link roads, pathways or any other road with or without drainage system","Maharashtra","SOLAPUR(DISTRICT COLLECTOR SOLAPUR_IDA)","Omprakash Bhupalsinh Alias Pawan Rajenimbalkar","OSMANABAD","Here, a cement road should be constructed in public space from the main road to the cemetery Pandhari blok barshi","14-Jul-2025","06-Mar-2026","500000","Work Completed"
"2215","Normal/Others","WS/MP18116/2025-2026/210941-Construction of roads, link roads, pathways or any other road with or without drainage system","Maharashtra","THANE(DISTRICT COLLECTOR THANE_IDA)","BALYA MAMA SURESH GOPINATH MHATRE","BHIWANDI","RCC road construction at mahapoli marriage hall to ibrahim building to gulab halbe chawl.","21-Jun-2025","10-Feb-2026","1000000","Sanction"
"2216","Normal/Others","WS/MP18116/2025-2026/213608-Construction of roads, link roads, pathways or any other road with or without drainage system","Maharashtra","THANE(DISTRICT COLLECTOR THANE_IDA)","BALYA MAMA SURESH GOPINATH MHATRE","BHIWANDI","ROAD REPAIR WORK FROM ATHGAV SHIKSHAN MANDAL KON SCHOOL TO SCHOOL AREA AND SHAMSHAN BHUMI TO SCHOOL GROUND, KON VILLAGE","30-Jun-2025","03-Feb-2026","1000000","Sanction"
"2217","Normal/Others","WS/MP18116/2025-2026/186710-Providing drains and gutters for public drainage","Maharashtra","THANE(DISTRICT COLLECTOR THANE_IDA)","BALYA MAMA SURESH GOPINATH MHATRE","BHIWANDI","Drainage work at Motiram Nagar, Chavindra, Ward No.3","26-Mar-2025","28-Jan-2026","1000000","Vendor Identification"
"2218","Normal/Others","WS/MP18116/2025-2026/213831-Construction of public toilets and bathrooms","Maharashtra","THANE(DISTRICT COLLECTOR THANE_IDA)","BALYA MAMA SURESH GOPINATH MHATRE","BHIWANDI","CONSTRUCTION OF TOILETS AT GORADKAR CHAWL AMBIKA NAGAR BHIWANDI","01-Jul-2025","03-Feb-2026","1500000","Work partially Completed"
"2219","Normal/Others","WS/MP18116/2025-2026/235815-Installing tube-wells and borewells","Maharashtra","THANE(DISTRICT COLLECTOR THANE_IDA)","BALYA MAMA SURESH GOPINATH MHATRE","BHIWANDI","BOREWELLS WORK AT A RAZA MASJID HAJI COMPOUND AND OLD AL RAZI HOSPITAL NEAR NUR PALACE VP NAKA.","20-Sep-2025","02-Feb-2026","300000","Work partially Completed"
"2220","Normal/Others","WS/MP662/2026-2027/278122-Purchase of prosthetics, wheel chairs, tricycles (manual or motorized), elect scooties, hearing aids","Maharashtra","THANE(DISTRICT COLLECTOR THANE_IDA)","Shrikant Eknath Shinde","KALYAN","Purchase of Artificial leg","13-Apr-2026","30-Jun-2026","325000","Work partially Completed"
"2221","Normal/Others","WS/MP18116/2025-2026/236537-Construction of water tanks","Maharashtra","THANE(DISTRICT COLLECTOR THANE_IDA)","BALYA MAMA SURESH GOPINATH MHATRE","BHIWANDI","5000LTR TANK WORK ON WELL AND SOLAR PANNEL WORK FOR WATER PUMP AT ATALI.","22-Sep-2025","02-Feb-2026","500000","Work partially Completed"
"2222","Normal/Others","WS/MP18116/2025-2026/221636-Providing drains and gutters for public drainage","Maharashtra","THANE(DISTRICT COLLECTOR THANE_IDA)","BALYA MAMA SURESH GOPINATH MHATRE","BHIWANDI","Gutter work and paver block pathways work at prabhag samiti no.2","24-Jul-2025","02-Feb-2026","1498635","Vendor Identification"
"2223","Normal/Others","WS/MP18116/2025-2026/223128-Providing drains and gutters for public drainage","Maharashtra","THANE(DISTRICT COLLECTOR THANE_IDA)","BALYA MAMA SURESH GOPINATH MHATRE","BHIWANDI","Construction of internal underground drainage system at ward no. 6, Kongaon","29-Jul-2025","23-Feb-2026","1000000","Sanction"
"2224","Normal/Others","WS/MP18116/2025-2026/186719-Providing supply pipelines for drinking water","Maharashtra","THANE(DISTRICT COLLECTOR THANE_IDA)","BALYA MAMA SURESH GOPINATH MHATRE","BHIWANDI","PROVID 4INCH PIPE LINE AT WARD NO.9 BHIWANDI","26-Mar-2025","02-Feb-2026","1000000","Vendor Identification"
"2225","Normal/Others","WS/MP18116/2025-2026/240779-Providing supply pipelines for drinking water","Maharashtra","THANE(DISTRICT COLLECTOR THANE_IDA)","BALYA MAMA SURESH GOPINATH MHATRE","BHIWANDI","NEW PIPELINE WORK FROM MAMTA WATER TANK TO RIVIYAR PALM","08-Oct-2025","29-Jan-2026","400000","Work partially Completed"
"2226","Normal/Others","WS/MP18116/2025-2026/252830-Providing drains and gutters for public drainage","Maharashtra","THANE(DISTRICT COLLECTOR THANE_IDA)","BALYA MAMA SURESH GOPINATH MHATRE","BHIWANDI","GUTTER WORK FROM ISLAM ANSARI BUILDING TO UMAR MASJID","08-Dec-2025","02-Feb-2026","1500000","Sanction"
"2227","Normal/Others","WS/MP18116/2025-2026/232158-Construction of roads, link roads, pathways or any other road with or without drainage system","Maharashtra","THANE(DISTRICT COLLECTOR THANE_IDA)","BALYA MAMA SURESH GOPINATH MHATRE","BHIWANDI","INTERNAL ROAD WORK AT LENAD KH VILLAGE","08-Sep-2025","03-Feb-2026","800000","Work partially Completed"
"2228","Repair and Renovation","WS/MP18116/2025-2026/232160-Construction of roads, link roads, pathways or any other road with or without drainage system","Maharashtra","THANE(DISTRICT COLLECTOR THANE_IDA)","BALYA MAMA SURESH GOPINATH MHATRE","BHIWANDI","ROAD REPAIR WORK IN FRONT OF LIBARTY COMPANY, BAMANE VILLAGE","08-Sep-2025","03-Feb-2026","500000","Work partially Completed"
"2229","Normal/Others","WS/MP18116/2026-2027/232199-Construction of roads, link roads, pathways or any other road with or without drainage system","Maharashtra","THANE(DISTRICT COLLECTOR THANE_IDA)","BALYA MAMA SURESH GOPINATH MHATRE","BHIWANDI","Road beautification at shree takeshwar apate, shahapur","08-Sep-2025","09-Apr-2026","1500000","Work partially Completed"
"2230","Normal/Others","WS/MP18116/2025-2026/228144-Construction of roads, link roads, pathways or any other road with or without drainage system","Maharashtra","THANE(DISTRICT COLLECTOR THANE_IDA)","BALYA MAMA SURESH GOPINATH MHATRE","BHIWANDI","Paver block work under groupgrampanchayat Pimpalghar ranjnoli.","21-Aug-2025","10-Feb-2026","500000","Physical Inspection"
"2231","Normal/Others","WS/MP18116/2025-2026/228146-Construction of roads, link roads, pathways or any other road with or without drainage system","Maharashtra","THANE(DISTRICT COLLECTOR THANE_IDA)","BALYA MAMA SURESH GOPINATH MHATRE","BHIWANDI","Paver block work under Grampanchayat Gove.","21-Aug-2025","10-Feb-2026","500000","Physical Inspection"
"2232","Normal/Others","WS/MP18116/2026-2027/230996-Construction of roads, link roads, pathways or any other road with or without drainage system","Maharashtra","THANE(DISTRICT COLLECTOR THANE_IDA)","BALYA MAMA SURESH GOPINATH MHATRE","BHIWANDI","Paver block and guttur construction at aajmi nagar and diwan shah dargah.","02-Sep-2025","09-Apr-2026","1500000","Vendor Identification"
"2233","Normal/Others","WS/MP18116/2026-2027/230997-Construction of roads, link roads, pathways or any other road with or without drainage system","Maharashtra","THANE(DISTRICT COLLECTOR THANE_IDA)","BALYA MAMA SURESH GOPINATH MHATRE","BHIWANDI","Paver block work at Roshan bag R P I galli, ward no.19","02-Sep-2025","09-Apr-2026","1500000","Work partially Completed"
"2234","Normal/Others","WS/MP18116/2025-2026/229118-Construction of roads, link roads, pathways or any other road with or without drainage system","Maharashtra","THANE(DISTRICT COLLECTOR THANE_IDA)","BALYA MAMA SURESH GOPINATH MHATRE","BHIWANDI","Road construction at songaon village.","26-Aug-2025","03-Feb-2026","1000000","Work partially Completed"
"2235","Normal/Others","WS/MP18116/2025-2026/221635-Construction of roads, link roads, pathways or any other road with or without drainage system","Maharashtra","THANE(DISTRICT COLLECTOR THANE_IDA)","BALYA MAMA SURESH GOPINATH MHATRE","BHIWANDI","Gutter work, paver block pathways repair work and repair chambers work on gutter at area new azadnagar mastanagar","24-Jul-2025","29-Jan-2026","1499634","Work partially Completed"
"2236","Normal/Others","WS/MP18116/2025-2026/223137-Construction of roads, link roads, pathways or any other road with or without drainage system","Maharashtra","THANE(DISTRICT COLLECTOR THANE_IDA)","BALYA MAMA SURESH GOPINATH MHATRE","BHIWANDI","Concrete paving of internal roads in ward no. 5 at kongaon","29-Jul-2025","23-Feb-2026","1000000","Sanction"
"2237","Normal/Others","WS/MP18116/2025-2026/224073-Construction of roads, link roads, pathways or any other road with or without drainage system","Maharashtra","THANE(DISTRICT COLLECTOR THANE_IDA)","BALYA MAMA SURESH GOPINATH MHATRE","BHIWANDI","GUTTER WORK AND PATHWAY WORK AT NAVGALA, BHIWANDI","01-Aug-2025","02-Feb-2026","1500000","Work partially Completed"
"2238","Normal/Others","WS/MP18116/2025-2026/224075-Construction of roads, link roads, pathways or any other road with or without drainage system","Maharashtra","THANE(DISTRICT COLLECTOR THANE_IDA)","BALYA MAMA SURESH GOPINATH MHATRE","BHIWANDI","INTERNAL ROAD AT HAL VILLAGE","01-Aug-2025","03-Feb-2026","500000","Sanction"
"2239","Normal/Others","WS/MP18116/2025-2026/240280-Construction of roads, link roads, pathways or any other road with or without drainage system","Maharashtra","THANE(DISTRICT COLLECTOR THANE_IDA)","BALYA MAMA SURESH GOPINATH MHATRE","BHIWANDI","NEW ROAD WORK FROM ATHGAV SHIKSHAN MANDAL SCHOOL MAIN ROAD TO SCHOOL AREA AND SMASHAN BHUMI TO SCHOOL GROUND","06-Oct-2025","10-Feb-2026","1000000","Physical Inspection"
"2240","Normal/Others","WS/MP18116/2025-2026/240791-Construction of roads, link roads, pathways or any other road with or without drainage system","Maharashtra","THANE(DISTRICT COLLECTOR THANE_IDA)","BALYA MAMA SURESH GOPINATH MHATRE","BHIWANDI","INTERNAL ROAD WORK AT MODHALEWADI MAUJE GRAMPANCHAYAT MERDI","08-Oct-2025","03-Feb-2026","500000","Work partially Completed"
"2241","Normal/Others","WS/MP18116/2025-2026/240795-Construction of roads, link roads, pathways or any other road with or without drainage system","Maharashtra","THANE(DISTRICT COLLECTOR THANE_IDA)","BALYA MAMA SURESH GOPINATH MHATRE","BHIWANDI","INTERNAL ROAD WORK AT ALYACHIWADI MAUJE GRAMPANCHAYAT MERDI","08-Oct-2025","03-Feb-2026","500000","Work partially Completed"
"2242","Normal/Others","WS/MP18116/2025-2026/241509-Construction of roads, link roads, pathways or any other road with or without drainage system","Maharashtra","THANE(DISTRICT COLLECTOR THANE_IDA)","BALYA MAMA SURESH GOPINATH MHATRE","BHIWANDI","INTERNAL ROAD CONCRETE WORK AT THAKKAR COMPOUND","11-Oct-2025","03-Feb-2026","1000000","Work partially Completed"
"2243","Normal/Others","WS/MP18116/2025-2026/235813-Construction of roads, link roads, pathways or any other road with or without drainage system","Maharashtra","THANE(DISTRICT COLLECTOR THANE_IDA)","BALYA MAMA SURESH GOPINATH MHATRE","BHIWANDI","GUTTER, PAVER BLOCK AND NEW CHEMBER WORK AT MADHAVNAGAR","20-Sep-2025","02-Feb-2026","1000000","Sanction"
"2244","Normal/Others","WS/MP18116/2025-2026/235814-Construction of roads, link roads, pathways or any other road with or without drainage system","Maharashtra","THANE(DISTRICT COLLECTOR THANE_IDA)","BALYA MAMA SURESH GOPINATH MHATRE","BHIWANDI","REPAIR WORK OF GUTTER AND PATHWAYS FROM PROPERTY NO.521 TO SIDDIQUE COMPOUND AT WARD NO.10B","20-Sep-2025","29-Jan-2026","1000000","Work partially Completed"
"2245","Normal/Others","WS/MP18116/2025-2026/235750-Construction of roads, link roads, pathways or any other road with or without drainage system","Maharashtra","THANE(DISTRICT COLLECTOR THANE_IDA)","BALYA MAMA SURESH GOPINATH MHATRE","BHIWANDI","GUTTER WORK AND PAVER BLOCK WORK AT WARD NO.15","20-Sep-2025","02-Feb-2026","1000000","Work partially Completed"
"2246","Normal/Others","WS/MP18116/2025-2026/235820-Construction of roads, link roads, pathways or any other road with or without drainage system","Maharashtra","THANE(DISTRICT COLLECTOR THANE_IDA)","BALYA MAMA SURESH GOPINATH MHATRE","BHIWANDI","GUTTER AND PATHWAYS WORK","20-Sep-2025","29-Jan-2026","1000000","Work partially Completed"
"2247","Normal/Others","WS/MP18116/2025-2026/235496-Construction of roads, link roads, pathways or any other road with or without drainage system","Maharashtra","THANE(DISTRICT COLLECTOR THANE_IDA)","BALYA MAMA SURESH GOPINATH MHATRE","BHIWANDI","Construction of roads at Kinhavali village, Ward No. 4","19-Sep-2025","10-Feb-2026","500000","Work partially Completed"
"2248","Normal/Others","WS/MP18116/2025-2026/235500-Construction of roads, link roads, pathways or any other road with or without drainage system","Maharashtra","THANE(DISTRICT COLLECTOR THANE_IDA)","BALYA MAMA SURESH GOPINATH MHATRE","BHIWANDI","Construction of paver block road at bandhanpada.","19-Sep-2025","03-Feb-2026","500000","Work partially Completed"
"2249","Repair and Renovation","WS/MP18116/2025-2026/202973-Construction of buildings for community cultural activities","Maharashtra","THANE(DISTRICT COLLECTOR THANE_IDA)","BALYA MAMA SURESH GOPINATH MHATRE","BHIWANDI","Construction of building for community culture activity at Mandoshi Village.","23-May-2025","29-Jan-2026","1000000","Time Estimation"
"2250","Normal/Others","WS/MP18116/2025-2026/186741-Construction of bus-sheds or bus-stops","Maharashtra","THANE(DISTRICT COLLECTOR THANE_IDA)","BALYA MAMA SURESH GOPINATH MHATRE","BHIWANDI","VARIOUS WORK OF BUS STOP AT PIMPALGAON, MURBAD","26-Mar-2025","04-Jul-2025","300000","Work partially Completed"
"2251","Normal/Others","WS/MP18116/2025-2026/186744-Construction of bus-sheds or bus-stops","Maharashtra","THANE(DISTRICT COLLECTOR THANE_IDA)","BALYA MAMA SURESH GOPINATH MHATRE","BHIWANDI","VARIOUS WORK OF BUS STOP AT BORGAON, SHINDI PADA, MURBAD","26-Mar-2025","04-Jul-2025","300000","Work partially Completed"
"2252","Normal/Others","WS/MP18116/2025-2026/186747-Construction of bus-sheds or bus-stops","Maharashtra","THANE(DISTRICT COLLECTOR THANE_IDA)","BALYA MAMA SURESH GOPINATH MHATRE","BHIWANDI","VARIOUS WORK OF BUS STOP AT SHIVALI COLLAGE, SHIVALE, MURBAD","26-Mar-2025","04-Jul-2025","300000","Work partially Completed"
"2253","Normal/Others","WS/MP18116/2025-2026/191816-Construction of bus-sheds or bus-stops","Maharashtra","THANE(DISTRICT COLLECTOR THANE_IDA)","BALYA MAMA SURESH GOPINATH MHATRE","BHIWANDI","BUS STOP TOWARDS RETI BANDAR ROAD NEAR DURGESH PARK, KALHER","16-Apr-2025","23-Feb-2026","500000","Sanction"
"2254","Normal/Others","WS/MP18116/2025-2026/191818-Construction of bus-sheds or bus-stops","Maharashtra","THANE(DISTRICT COLLECTOR THANE_IDA)","BALYA MAMA SURESH GOPINATH MHATRE","BHIWANDI","BUS STOP TOWARDS RETI BANDAR ROAD NEAR GATE NO.1, KALHER","16-Apr-2025","23-Feb-2026","500000","Sanction"
"2255","Normal/Others","WS/MP18116/2025-2026/191820-Construction of bus-sheds or bus-stops","Maharashtra","THANE(DISTRICT COLLECTOR THANE_IDA)","BALYA MAMA SURESH GOPINATH MHATRE","BHIWANDI","BUS STOP NEAR PUSHTI PARK SOCIETY","16-Apr-2025","23-Feb-2026","500000","Sanction"
"2256","Normal/Others","WS/MP18116/2025-2026/235824-Construction of bus-sheds or bus-stops","Maharashtra","THANE(DISTRICT COLLECTOR THANE_IDA)","BALYA MAMA SURESH GOPINATH MHATRE","BHIWANDI","SCHOOL BUS STOP AND BUS STOP RENOVATION WORK AT RIVHIARA PALM NEAR AKSA COLLEGE, SHALINA AND AARIF GARDEN","20-Sep-2025","29-Jan-2026","1000000","Work partially Completed"
"2257","Normal/Others","WS/MP18116/2025-2026/235751-Construction of common work sheds/ common covered sitting area","Maharashtra","THANE(DISTRICT COLLECTOR THANE_IDA)","BALYA MAMA SURESH GOPINATH MHATRE","BHIWANDI","ROOM, PATRA SHED AND SECURE WALL WORK AT SHIYA KABRSTAN","20-Sep-2025","29-Jan-2026","2500000","Sanction"
"2258","Normal/Others","WS/MP18116/2025-2026/251624-Construction of additional rooms and halls in the existing public and community building","Maharashtra","THANE(DISTRICT COLLECTOR THANE_IDA)","BALYA MAMA SURESH GOPINATH MHATRE","BHIWANDI","Various work at community hall, bramhan ali, ward no.6, bhiwandi","01-Dec-2025","02-Feb-2026","1500000","Work partially Completed"
"2259","Normal/Others","WS/MP18116/2025-2026/213256-Construction of common work sheds/ common covered sitting area","Maharashtra","THANE(DISTRICT COLLECTOR THANE_IDA)","BALYA MAMA SURESH GOPINATH MHATRE","BHIWANDI","Construction of sheds and Vaju khana at Aasbibi kabrastan, Ward no. 16, Bhiwandi","28-Jun-2025","03-Feb-2026","1500000","Sanction"
"2260","Normal/Others","WS/MP18116/2025-2026/213032-Construction of community centers and community halls","Maharashtra","THANE(DISTRICT COLLECTOR THANE_IDA)","BALYA MAMA SURESH GOPINATH MHATRE","BHIWANDI","Construction of assembly hall at vitthalgaon shahapur","27-Jun-2025","03-Feb-2026","1000000","Work partially Completed"
"2261","Normal/Others","WS/MP18116/2025-2026/210953-Construction of community centers and community halls","Maharashtra","THANE(DISTRICT COLLECTOR THANE_IDA)","BALYA MAMA SURESH GOPINATH MHATRE","BHIWANDI","Construction of assembly hall at ward no. 14, shantinagar","21-Jun-2025","29-Jan-2026","800000","Vendor Identification"
"2262","Normal/Others","WS/MP18116/2025-2026/240788-Construction of community centers and community halls","Maharashtra","THANE(DISTRICT COLLECTOR THANE_IDA)","BALYA MAMA SURESH GOPINATH MHATRE","BHIWANDI","REPAIR WORK OF SOCIAL HALL AT MOHWADI","08-Oct-2025","03-Feb-2026","500000","Work partially Completed"
"2263","Normal/Others","WS/MP18116/2025-2026/240789-Construction of community centers and community halls","Maharashtra","THANE(DISTRICT COLLECTOR THANE_IDA)","BALYA MAMA SURESH GOPINATH MHATRE","BHIWANDI","MEETING HALL WORK IN FRONT OF SOCIAL HALL OF PADHARIVADI","08-Oct-2025","03-Feb-2026","500000","Work partially Completed"
"2264","Normal/Others","WS/MP18116/2025-2026/224081-Construction of community centers and community halls","Maharashtra","THANE(DISTRICT COLLECTOR THANE_IDA)","BALYA MAMA SURESH GOPINATH MHATRE","BHIWANDI","ASSEMBLY HALL WORK AT SHILOTTAR VILLAGE","01-Aug-2025","03-Feb-2026","1000000","Work partially Completed"
"2265","Normal/Others","WS/MP18116/2025-2026/232156-Construction of community centers and community halls","Maharashtra","THANE(DISTRICT COLLECTOR THANE_IDA)","BALYA MAMA SURESH GOPINATH MHATRE","BHIWANDI","CONSTRUCTION WORK OF MEETING HALL AT THUNE BK VILLAGE","08-Sep-2025","03-Feb-2026","700000","Work partially Completed"
"2266","Normal/Others","WS/MP18116/2026-2027/224084-Construction of public libraries and reading rooms","Maharashtra","THANE(DISTRICT COLLECTOR THANE_IDA)","BALYA MAMA SURESH GOPINATH MHATRE","BHIWANDI","LIBRARIES BUILDING WORK AT DHASAI VILLAGE","01-Aug-2025","09-Apr-2026","1600000","Sanction"
"2267","Normal/Others","WS/MP18116/2026-2027/248969-Construction of roads, link roads, pathways or any other road with or without drainage system","Maharashtra","THANE(DISTRICT COLLECTOR THANE_IDA)","BALYA MAMA SURESH GOPINATH MHATRE","BHIWANDI","GUTTER AND PAVER BLOCK ROAD WORK AT ASIF COMPOUND ASLAMNAGAR","18-Nov-2025","30-Jul-2026","1000000","Work partially Completed"
"2268","Normal/Others","WS/MP18116/2025-2026/248386-Construction of roads, link roads, pathways or any other road with or without drainage system","Maharashtra","THANE(DISTRICT COLLECTOR THANE_IDA)","BALYA MAMA SURESH GOPINATH MHATRE","BHIWANDI","GUTTER AND PATHWAYS WORK FROM HOME NO.182 TO 517 AND HOME NO.416 TO 88 BEHIND MERAJUN NABI MASJID, AAMPADA.","15-Nov-2025","29-Jan-2026","1500000","Work partially Completed"
"2269","Repair and Renovation","WS/MP18116/2025-2026/202771-Construction of roads, link roads, pathways or any other road with or without drainage system","Maharashtra","THANE(DISTRICT COLLECTOR THANE_IDA)","BALYA MAMA SURESH GOPINATH MHATRE","BHIWANDI","Construction of an internal village road at Suryanagar, Bhiwandi.","23-May-2025","02-Feb-2026","499237","Physical Inspection"
"2270","Normal/Others","WS/MP18116/2025-2026/251303-Construction of footpaths and pedestrian ways","Maharashtra","THANE(DISTRICT COLLECTOR THANE_IDA)","BALYA MAMA SURESH GOPINATH MHATRE","BHIWANDI","PAVER BLOCK WORK AT WARD NO.3 NURI NAGAR DONGARPADA","29-Nov-2025","02-Feb-2026","400000","Vendor Identification"
"2271","Normal/Others","WS/MP18116/2025-2026/192284-Construction of footpaths and pedestrian ways","Maharashtra","THANE(DISTRICT COLLECTOR THANE_IDA)","BALYA MAMA SURESH GOPINATH MHATRE","BHIWANDI","PAVER BLOCK AND FOOTHPATHS WORKS AT AKSHACHE ALUNR SCHOOL, MILLATNAGAR, WARD NO.2","18-Apr-2025","01-Dec-2025","1500000","Physical Inspection"
"2272","Normal/Others","WS/MP18116/2025-2026/192298-Construction of footpaths and pedestrian ways","Maharashtra","THANE(DISTRICT COLLECTOR THANE_IDA)","BALYA MAMA SURESH GOPINATH MHATRE","BHIWANDI","Construction of Paver Block at Dada Saheb Dandekar Highschool front side ward no.9, Bhiwandi","18-Apr-2025","04-Nov-2025","999000","Physical Inspection"
"2273","Normal/Others","WS/MP18116/2025-2026/192299-Construction of footpaths and pedestrian ways","Maharashtra","THANE(DISTRICT COLLECTOR THANE_IDA)","BALYA MAMA SURESH GOPINATH MHATRE","BHIWANDI","Construction of Paver Block at Dada Saheb Dandekar Highschool Back side, Ward No.9, Bhiwandi","18-Apr-2025","04-Nov-2025","999000","Physical Inspection"
"2274","Normal/Others","WS/MP18116/2025-2026/192300-Construction of footpaths and pedestrian ways","Maharashtra","THANE(DISTRICT COLLECTOR THANE_IDA)","BALYA MAMA SURESH GOPINATH MHATRE","BHIWANDI","Compound wall at Dada Saheb Dandekar Highschool, Ward No.9, Bhiwandi","18-Apr-2025","04-Nov-2025","999000","Physical Inspection"
"2275","Repair and Renovation","WS/MP18116/2025-2026/202759-Construction of footpaths and pedestrian ways","Maharashtra","THANE(DISTRICT COLLECTOR THANE_IDA)","BALYA MAMA SURESH GOPINATH MHATRE","BHIWANDI","Construction of an internal village road at group grampanchayat Malbidi, Suryanagar.","23-May-2025","02-Feb-2026","500000","Physical Inspection"
"2276","Repair and Renovation","WS/MP18116/2025-2026/202343-Construction of footpaths and pedestrian ways","Maharashtra","THANE(DISTRICT COLLECTOR THANE_IDA)","BALYA MAMA SURESH GOPINATH MHATRE","BHIWANDI","Paver Block, Gutter and create pathway at ward no.4, near Nitin Apartment area.","22-May-2025","18-Nov-2025","1500000","Physical Inspection"
"2277","Repair and Renovation","WS/MP18116/2025-2026/202182-Construction of footpaths and pedestrian ways","Maharashtra","THANE(DISTRICT COLLECTOR THANE_IDA)","BALYA MAMA SURESH GOPINATH MHATRE","BHIWANDI","Paver Block work under Gundavali Gram Panchayat.","21-May-2025","23-Feb-2026","500000","Sanction"
"2278","Repair and Renovation","WS/MP18116/2025-2026/185875-Construction of roads, link roads, pathways or any other road with or without drainage system","Maharashtra","THANE(DISTRICT COLLECTOR THANE_IDA)","BALYA MAMA SURESH GOPINATH MHATRE","BHIWANDI","Construction internal Road,Khodiar mata mandir, at yewai naka, Tal.Bhiwandi.","24-Mar-2025","01-Oct-2025","2100000","Physical Inspection"
"2279","Repair and Renovation","WS/MP18116/2025-2026/186699-Construction of roads, link roads, pathways or any other road with or without drainage system","Maharashtra","THANE(DISTRICT COLLECTOR THANE_IDA)","BALYA MAMA SURESH GOPINATH MHATRE","BHIWANDI","Fixing paver block at Karivali Village, Tal. Bhiwandi","26-Mar-2025","23-Feb-2026","1000000","Physical Inspection"
"2280","Normal/Others","WS/MP18116/2026-2027/211811-Street lights","Maharashtra","THANE(DISTRICT COLLECTOR THANE_IDA)","BALYA MAMA SURESH GOPINATH MHATRE","BHIWANDI","Installation of high mast at grampanchayat Chilharwadi","24-Jun-2025","22-Jun-2026","500000","Work partially Completed"
"2281","Normal/Others","WS/MP18116/2026-2027/211813-Street lights","Maharashtra","THANE(DISTRICT COLLECTOR THANE_IDA)","BALYA MAMA SURESH GOPINATH MHATRE","BHIWANDI","Installation of High mast under grampanchayat sakadbav, Shahapur","24-Jun-2025","22-Jun-2026","500000","Work partially Completed"
"2282","Normal/Others","WS/MP18116/2025-2026/235830-Fitting of Sitting RCC Benches in Public Places","Maharashtra","THANE(DISTRICT COLLECTOR THANE_IDA)","BALYA MAMA SURESH GOPINATH MHATRE","BHIWANDI","FITTING RCC SITTING BENCH WORK AT GULJARNAGAR AND NEAR NURANI MASJID","20-Sep-2025","29-Jan-2026","500000","Vendor Identification"
"2283","Normal/Others","WS/MP18116/2025-2026/236540-Fitting of Sitting RCC Benches in Public Places","Maharashtra","THANE(DISTRICT COLLECTOR THANE_IDA)","BALYA MAMA SURESH GOPINATH MHATRE","BHIWANDI","PATRA SHED AND RCC BENCH WORK AT GAVDEVI CHOWK ATALI","22-Sep-2025","02-Feb-2026","500000","Work partially Completed"
"2284","Normal/Others","WS/MP18116/2025-2026/235747-Fitting of Sitting RCC Benches in Public Places","Maharashtra","THANE(DISTRICT COLLECTOR THANE_IDA)","BALYA MAMA SURESH GOPINATH MHATRE","BHIWANDI","FITTING RCC SITTING BENCH TO VARIOUS PLACES AT WARD NO.14","20-Sep-2025","02-Feb-2026","500000","Work partially Completed"
"2285","Normal/Others","WS/MP18116/2025-2026/235800-Fitting of Sitting RCC Benches in Public Places","Maharashtra","THANE(DISTRICT COLLECTOR THANE_IDA)","BALYA MAMA SURESH GOPINATH MHATRE","BHIWANDI","FITTING RCC STTING BENCH AT AAMPADA, ANSAR MOHALLA AND INFRONT OF SIRAJUL ULUM MASJID","20-Sep-2025","29-Jan-2026","500000","Work partially Completed"
"2286","Normal/Others","WS/MP18116/2025-2026/186722-Fitting of Sitting RCC Benches in Public Places","Maharashtra","THANE(DISTRICT COLLECTOR THANE_IDA)","BALYA MAMA SURESH GOPINATH MHATRE","BHIWANDI","ARRANGE SITTING BENCH AT GANESH GHAT KHUTGHAR","26-Mar-2025","29-Sep-2025","1000000","Work partially Completed"
"2287","Normal/Others","WS/MP18116/2026-2027/186732-Fitting of Sitting RCC Benches in Public Places","Maharashtra","THANE(DISTRICT COLLECTOR THANE_IDA)","BALYA MAMA SURESH GOPINATH MHATRE","BHIWANDI","PROVIDE SITTING ARRANGEMENT AT GANESH GHAT, TEMBHE, SHAHAPUR","26-Mar-2025","09-Apr-2026","500000","Work partially Completed"
"2288","Normal/Others","WS/MP18116/2026-2027/186750-Fitting of Sitting RCC Benches in Public Places","Maharashtra","THANE(DISTRICT COLLECTOR THANE_IDA)","BALYA MAMA SURESH GOPINATH MHATRE","BHIWANDI","PROVIDE SITTING ARRANGMENT AT GANESH GHAT, AMBIVALI( TARFE DAHIGAON), SHAHAPUR","26-Mar-2025","09-Apr-2026","500000","Work partially Completed"
"2289","Normal/Others","WS/MP18116/2025-2026/235817-Lighting of public spaces","Maharashtra","THANE(DISTRICT COLLECTOR THANE_IDA)","BALYA MAMA SURESH GOPINATH MHATRE","BHIWANDI","HIGH MAST WORK AT KABRASTAN KOTARGATE","20-Sep-2025","02-Feb-2026","1000000","Sanction"
"2290","Normal/Others","WS/MP18116/2026-2027/209822-Lighting of public spaces","Maharashtra","THANE(DISTRICT COLLECTOR THANE_IDA)","BALYA MAMA SURESH GOPINATH MHATRE","BHIWANDI","Installation of Solar High Mast under Lavale Gram Panchayat in front of Hanuman Temple.","17-Jun-2025","22-Jun-2026","500000","Physical Inspection"
"2291","Normal/Others","WS/MP18116/2026-2027/209824-Lighting of public spaces","Maharashtra","THANE(DISTRICT COLLECTOR THANE_IDA)","BALYA MAMA SURESH GOPINATH MHATRE","BHIWANDI","Installation of Solar High Mast under Lavale Gram Panchayat in front of Grampanchayat Office and in front of Smashanbhumi.","17-Jun-2025","22-Jun-2026","500000","Work partially Completed"
"2292","Normal/Others","WS/MP18116/2026-2027/232150-Construction of buildings for multi-gym","Maharashtra","THANE(DISTRICT COLLECTOR THANE_IDA)","BALYA MAMA SURESH GOPINATH MHATRE","BHIWANDI","Construction of building for gym at khoni, khadipar.","08-Sep-2025","07-Aug-2026","2500000","Physical Inspection"
"2293","Repair and Renovation","WS/MP18116/2025-2026/208376-Construction of footpaths and pedestrian ways","Maharashtra","THANE(DISTRICT COLLECTOR THANE_IDA)","BALYA MAMA SURESH GOPINATH MHATRE","BHIWANDI","Construction of internal road at Navivadi,Manivali(shi),Murbad.","12-Jun-2025","02-Feb-2026","500000","Work partially Completed"
"2294","Repair and Renovation","WS/MP18116/2025-2026/208377-Construction of footpaths and pedestrian ways","Maharashtra","THANE(DISTRICT COLLECTOR THANE_IDA)","BALYA MAMA SURESH GOPINATH MHATRE","BHIWANDI","Construction of internal road at Tondali Grampanchayat, Murbad.","12-Jun-2025","02-Feb-2026","500000","Work partially Completed"
"2295","Repair and Renovation","WS/MP18116/2025-2026/209814-Construction of footpaths and pedestrian ways","Maharashtra","THANE(DISTRICT COLLECTOR THANE_IDA)","BALYA MAMA SURESH GOPINATH MHATRE","BHIWANDI","Paver Block work at Sahayog Nagar, Ward No. 14, Opposite Shankuntala Gulvi House, Bhiwandi","17-Jun-2025","29-Jan-2026","300000","Vendor Identification"
"2296","Normal/Others","WS/MP18116/2025-2026/210170-Construction of footpaths and pedestrian ways","Maharashtra","THANE(DISTRICT COLLECTOR THANE_IDA)","BALYA MAMA SURESH GOPINATH MHATRE","BHIWANDI","Paver block work at Internal Khapri village, Murbad","18-Jun-2025","10-Feb-2026","1000000","Work partially Completed"
"2297","Normal/Others","WS/MP18116/2025-2026/212995-Construction of footpaths and pedestrian ways","Maharashtra","THANE(DISTRICT COLLECTOR THANE_IDA)","BALYA MAMA SURESH GOPINATH MHATRE","BHIWANDI","INTERNAL CONCRETE ROAD AND PAVER BLOCK WORK IN GHOTGAON VILLAGE NEAR  GRAMPANCHAYAT","27-Jun-2025","23-Feb-2026","500000","Sanction"
"2298","Normal/Others","WS/MP18116/2025-2026/212997-Construction of footpaths and pedestrian ways","Maharashtra","THANE(DISTRICT COLLECTOR THANE_IDA)","BALYA MAMA SURESH GOPINATH MHATRE","BHIWANDI","INTERNAL CONCRETE ROAD AND PAVER BLOCK WORK AT AKLOLI COLONY IN AKLOLI GRAMPANCHAYAT, AKOLI VILLAGE","27-Jun-2025","23-Feb-2026","500000","Sanction"
"2299","Normal/Others","WS/MP18116/2026-2027/213892-Construction of footpaths and pedestrian ways","Maharashtra","THANE(DISTRICT COLLECTOR THANE_IDA)","BALYA MAMA SURESH GOPINATH MHATRE","BHIWANDI","INTERNAL PAVER BLOCK WORK AT TULAI VILLAGE MURBAD","01-Jul-2025","09-Apr-2026","300000","Sanction"
"2300","Normal/Others","WS/MP18116/2026-2027/213894-Construction of footpaths and pedestrian ways","Maharashtra","THANE(DISTRICT COLLECTOR THANE_IDA)","BALYA MAMA SURESH GOPINATH MHATRE","BHIWANDI","PAVER BLOCK FIXING WORK FROM MAIN ROAD TO SHMASHANBHUMI AT WAGHIVALI VILLAGE MURBAD","01-Jul-2025","09-Apr-2026","300000","Sanction"
"2301","Normal/Others","WS/MP18116/2025-2026/235835-Construction of footpaths and pedestrian ways","Maharashtra","THANE(DISTRICT COLLECTOR THANE_IDA)","BALYA MAMA SURESH GOPINATH MHATRE","BHIWANDI","GUTTER AND FOOTHPATS WORK AT AZAD NAGAR, SANJAY NAGAR, MUMTAJ NAGAR, NEW AZAD NAGAR","20-Sep-2025","02-Feb-2026","1000000","Sanction"
"2302","Normal/Others","WS/MP18116/2025-2026/227495-Construction of footpaths and pedestrian ways","Maharashtra","THANE(DISTRICT COLLECTOR THANE_IDA)","BALYA MAMA SURESH GOPINATH MHATRE","BHIWANDI","PAVER BLOCK WORK NEAR MAIN ROAD AT KARIVALI VILLAGE","18-Aug-2025","16-Feb-2026","1000000","Physical Inspection"
"2303","Normal/Others","WS/MP18116/2026-2027/229732-Construction of footpaths and pedestrian ways","Maharashtra","THANE(DISTRICT COLLECTOR THANE_IDA)","BALYA MAMA SURESH GOPINATH MHATRE","BHIWANDI","PAVER BLOCK WORK AT INTERNAL ROAD, KHONI VILLAGE","28-Aug-2025","24-Jun-2026","1000000","Work partially Completed"
"2304","Normal/Others","WS/MP18116/2025-2026/220948-Construction of footpaths and pedestrian ways","Maharashtra","THANE(DISTRICT COLLECTOR THANE_IDA)","BALYA MAMA SURESH GOPINATH MHATRE","BHIWANDI","INTERNAL ROAD WORK AT BHAGDAL VILLAGE SHAHAPUR","22-Jul-2025","03-Feb-2026","500000","Work partially Completed"
"2305","Normal/Others","WS/MP18116/2025-2026/220949-Construction of footpaths and pedestrian ways","Maharashtra","THANE(DISTRICT COLLECTOR THANE_IDA)","BALYA MAMA SURESH GOPINATH MHATRE","BHIWANDI","INTERNAL ROAD WORK AT UMBHRAI VILLAGE SHAHAPUR","22-Jul-2025","03-Feb-2026","500000","Work partially Completed"
"2306","Normal/Others","WS/MP18116/2025-2026/220950-Construction of footpaths and pedestrian ways","Maharashtra","THANE(DISTRICT COLLECTOR THANE_IDA)","BALYA MAMA SURESH GOPINATH MHATRE","BHIWANDI","INTERNAL ROAD WORK AT SHENAWE VILLAGE SHAHAPUR","22-Jul-2025","03-Feb-2026","500000","Work partially Completed"
"2307","Normal/Others","WS/MP18116/2025-2026/220951-Construction of footpaths and pedestrian ways","Maharashtra","THANE(DISTRICT COLLECTOR THANE_IDA)","BALYA MAMA SURESH GOPINATH MHATRE","BHIWANDI","INTERNAL ROAD WORK AT SANE VILLAGE SHAHAPUR","22-Jul-2025","03-Feb-2026","500000","Work partially Completed"
"2308","Normal/Others","WS/MP18116/2025-2026/220954-Construction of footpaths and pedestrian ways","Maharashtra","THANE(DISTRICT COLLECTOR THANE_IDA)","BALYA MAMA SURESH GOPINATH MHATRE","BHIWANDI","INTERNAL ROAD WORK AT NANDVAL VILLAGE SHAHAPUR","22-Jul-2025","03-Feb-2026","500000","Work partially Completed"
"2309","Normal/Others","WS/MP18116/2025-2026/220956-Construction of footpaths and pedestrian ways","Maharashtra","THANE(DISTRICT COLLECTOR THANE_IDA)","BALYA MAMA SURESH GOPINATH MHATRE","BHIWANDI","INTERNAL ROAD WORK AT LAVALE VILLAGE SHAHAPUR","22-Jul-2025","02-Feb-2026","500000","Work partially Completed"
"2310","Normal/Others","WS/MP18136/2026-2027/195293-Lighting of public spaces","Maharashtra","WARDHA(DISTRICT COLLECTOR WARDHA_IDA)","AMAR SHARADRAO KALE","WARDHA","Establishing a LED lights in the Muslim cemetery at Ashti (Shahid) Taluka Ashti,District Wardha","29-Apr-2025","09-Jul-2026","400000","Physical Inspection"
"2311","Normal/Others","WS/MP18136/2025-2026/176829-Fitting of Sitting RCC Benches in Public Places","Maharashtra","WARDHA(DISTRICT COLLECTOR WARDHA_IDA)","AMAR SHARADRAO KALE","WARDHA","Installation of cement concrete benches in open spaces at Mauja Savangi (Meghe), Sindi (Meghe), Nalvadi, Borgaon (Meghe), Alodi, Pipri (Meghe), Sevagram, Pawanar villages in Wardha","24-Mar-2025","07-May-2025","700000","Work Completed"
"2312","Normal/Others","WS/MP18136/2025-2026/185985-Construction of roads, link roads, pathways or any other road with or without drainage system","Maharashtra","WARDHA(DISTRICT COLLECTOR WARDHA_IDA)","AMAR SHARADRAO KALE","WARDHA","Earthwork and graveling work from Kotamba Road Pardhi Beda to Punjaram Tumdam to Ashok Petkar farm at  Kotamba Tal. Selu Dhapaki","27-Mar-2025","15-Jul-2025","999971","Physical Inspection"
"2313","Normal/Others","WS/MP18136/2025-2026/185986-Construction of roads, link roads, pathways or any other road with or without drainage system","Maharashtra","WARDHA(DISTRICT COLLECTOR WARDHA_IDA)","AMAR SHARADRAO KALE","WARDHA","1 km of gravelling and bridge from Mr. Subhash Kale farm to Sharad Langde farm in Mahabala Mouja Itala, Tal. Selu","27-Mar-2025","15-Jul-2025","999932","Physical Inspection"
"2314","Normal/Others","WS/MP18136/2025-2026/185988-Construction of roads, link roads, pathways or any other road with or without drainage system","Maharashtra","WARDHA(DISTRICT COLLECTOR WARDHA_IDA)","AMAR SHARADRAO KALE","WARDHA","Earthworks and graveling work from Mr. Panse farm to Mr.Madhavrao Mude farm at Hingani, Taluka Selu, Junewani Shivar","27-Mar-2025","15-Jul-2025","1000000","Work Completed"
"2315","Normal/Others","WS/MP18136/2025-2026/186384-Construction of roads, link roads, pathways or any other road with or without drainage system","Maharashtra","WARDHA(DISTRICT COLLECTOR WARDHA_IDA)","AMAR SHARADRAO KALE","WARDHA","Construction of Pandan road from the farm of Mr. Ganpat Masram to the farm of Dilip Vandile and Venutai Zade at Yelakeli Selu Road in Selu Taluka","27-Mar-2025","15-Jul-2025","999974","Work Completed"
"2316","Normal/Others","WS/MP18136/2026-2027/195302-Construction of roads, link roads, pathways or any other road with or without drainage system","Maharashtra","WARDHA(DISTRICT COLLECTOR WARDHA_IDA)","AMAR SHARADRAO KALE","WARDHA","Construction of cement road from Shri Pandharinath Khawshi to the house of Mrs. Vasumati Hingve in Mouja Nara, Taluka Karanja Gha. District Wardha","29-Apr-2025","09-Jul-2026","400000","Time Estimation"
"2317","Normal/Others","WS/MP18136/2026-2027/195303-Construction of roads, link roads, pathways or any other road with or without drainage system","Maharashtra","WARDHA(DISTRICT COLLECTOR WARDHA_IDA)","AMAR SHARADRAO KALE","WARDHA","Construction of cement road from Mr. Balchandra Jawalkar to Mr. Manohar Raut house in Mouja Taroda, Taluka Karanja Gha.District Wardha","29-Apr-2025","09-Jul-2026","699972","Sanction"
"2318","Normal/Others","WS/MP18136/2025-2026/195313-Construction of roads, link roads, pathways or any other road with or without drainage system","Maharashtra","WARDHA(DISTRICT COLLECTOR WARDHA_IDA)","AMAR SHARADRAO KALE","WARDHA","Construction of road from Shri Shuddhodhan Thul to Devidas Jambhule house in Ward No. 1, Wardha, Mouja Sindi (Meghe)","29-Apr-2025","09-Feb-2026","999959","Work Completed"
"2319","Normal/Others","WS/MP18136/2026-2027/204526-Construction of roads, link roads, pathways or any other road with or without drainage system","Maharashtra","WARDHA(DISTRICT COLLECTOR WARDHA_IDA)","AMAR SHARADRAO KALE","WARDHA","Installation of paving blocks in the square near the statue of Rani Avantabai Lodhi in Mouja Nandpur.","03-Jun-2025","09-Jul-2026","1000000","Sanction"
"2320","Normal/Others","WS/MP18136/2025-2026/204530-Construction of roads, link roads, pathways or any other road with or without drainage system","Maharashtra","WARDHA(DISTRICT COLLECTOR WARDHA_IDA)","AMAR SHARADRAO KALE","WARDHA","Under Nagar Panchayat Karanja, Ward No. 16, to carry out stone paving and asphalting from Gopal Kamble to Gangadhar Yavle houses.","03-Jun-2025","29-Jan-2026","1000000","Work Completed"
"2321","Normal/Others","WS/MP18136/2026-2027/195063-Construction of roads, link roads, pathways or any other road with or without drainage system","Maharashtra","WARDHA(DISTRICT COLLECTOR WARDHA_IDA)","AMAR SHARADRAO KALE","WARDHA","Construction of cement road from Bhatkulkar to Bhimrao Sonone house at Mauja Shirpur Taluka Arvi, District Wardha","29-Apr-2025","09-Jul-2026","500000","Vendor Identification"
"2322","Normal/Others","WS/MP18136/2026-2027/195110-Construction of roads, link roads, pathways or any other road with or without drainage system","Maharashtra","WARDHA(DISTRICT COLLECTOR WARDHA_IDA)","AMAR SHARADRAO KALE","WARDHA","Construction of cement road from Atul Deshmukh to Diwakar Otari house in Mauja Nandpur Taluka Arvi, District Wardha","29-Apr-2025","09-Jul-2026","1000000","Sanction"
"2323","Normal/Others","WS/MP18136/2025-2026/199769-Construction of roads, link roads, pathways or any other road with or without drainage system","Maharashtra","WARDHA(DISTRICT COLLECTOR WARDHA_IDA)","AMAR SHARADRAO KALE","WARDHA","Construction of cement road from the Dargah  to the house of Bhaktdas Thackeray at Mauja Tembha, Hinganghat","15-May-2025","20-Mar-2026","999492","Work Completed"
"2324","Normal/Others","WS/MP18136/2026-2027/199775-Construction of roads, link roads, pathways or any other road with or without drainage system","Maharashtra","WARDHA(DISTRICT COLLECTOR WARDHA_IDA)","AMAR SHARADRAO KALE","WARDHA","Construction of a gravel road from Mr. Nitin Urkude to Jitendra Dadmal house in Mouja Ubda, Taluka Samudrapur","15-May-2025","13-Apr-2026","500000","Work Completed"
"2325","Normal/Others","WS/MP18136/2026-2027/195297-Construction of roads, link roads, pathways or any other road with or without drainage system","Maharashtra","WARDHA(DISTRICT COLLECTOR WARDHA_IDA)","AMAR SHARADRAO KALE","WARDHA","Construction of cement road from Mr. Devkaran Baingane to Mr. Anil Khaire house at Mouja Chincholi Taluka Karanja, District Wardha","29-Apr-2025","10-Apr-2026","500000","Work Completed"
"2326","Normal/Others","WS/MP18136/2026-2027/195298-Construction of roads, link roads, pathways or any other road with or without drainage system","Maharashtra","WARDHA(DISTRICT COLLECTOR WARDHA_IDA)","AMAR SHARADRAO KALE","WARDHA","Construction of cement road from Shri Kisna Bavane to Shri Gajanan Kalbhoot house at Mauza Pipri Taluka Karanja Gha.District Wardha","29-Apr-2025","09-Jul-2026","500000","Sanction"
"2327","Normal/Others","WS/MP18136/2026-2027/195290-Construction of roads, link roads, pathways or any other road with or without drainage system","Maharashtra","WARDHA(DISTRICT COLLECTOR WARDHA_IDA)","AMAR SHARADRAO KALE","WARDHA","Construction of cement road from Sugandhabai Waghade  to Gram Panchayat at Mouja Kasarkheda Taluka Arvi, District Wardha","29-Apr-2025","09-Jul-2026","1000000","Work partially Completed"
"2328","Normal/Others","WS/MP18136/2026-2027/257200-Construction of roads, link roads, pathways or any other road with or without drainage system","Maharashtra","WARDHA(DISTRICT COLLECTOR WARDHA_IDA)","AMAR SHARADRAO KALE","WARDHA","Reinforcement and concreting of the road in the premis of Gajanan Maharaj Temple in Gram Panchayat Jamani, Selu Taluka, Wardha District.","05-Jan-2026","09-Jul-2026","999600","Physical Inspection"
"2329","Normal/Others","WS/MP18136/2025-2026/165205-Construction of roads, link roads, pathways or any other road with or without drainage system","Maharashtra","WARDHA(DISTRICT COLLECTOR WARDHA_IDA)","AMAR SHARADRAO KALE","WARDHA","Construction of cement road from Reliance petrol pump to Sachin Varaghanes house at Allipur","13-Jan-2025","09-Apr-2025","547388","Physical Inspection"
"2330","Normal/Others","WS/MP18136/2025-2026/165206-Construction of roads, link roads, pathways or any other road with or without drainage system","Maharashtra","WARDHA(DISTRICT COLLECTOR WARDHA_IDA)","AMAR SHARADRAO KALE","WARDHA","Construction of cement road from water tank to Jijabai Gujarkars house at Allipur","13-Jan-2025","09-Apr-2025","696431","Vendor Identification"
"2331","Normal/Others","WS/MP18136/2025-2026/167487-Construction of roads, link roads, pathways or any other road with or without drainage system","Maharashtra","WARDHA(DISTRICT COLLECTOR WARDHA_IDA)","AMAR SHARADRAO KALE","WARDHA","Construction of cement road from Shri Sant Gajanan Maharaj Mandir to Shri Vikas Raut House in Court Colony at Mauja Navin Ashti, Ta Ashti","21-Jan-2025","09-Apr-2025","1000000","Work Completed"
"2332","Normal/Others","WS/MP18136/2025-2026/167489-Construction of roads, link roads, pathways or any other road with or without drainage system","Maharashtra","WARDHA(DISTRICT COLLECTOR WARDHA_IDA)","AMAR SHARADRAO KALE","WARDHA","Construction of cement road and drain from Sri Prahlad Dhonge to Zilla Parishad School at Mauja Wadala Ta Ashti","21-Jan-2025","09-Apr-2025","1000000","Work Completed"
"2333","Normal/Others","WS/MP18136/2025-2026/167490-Construction of roads, link roads, pathways or any other road with or without drainage system","Maharashtra","WARDHA(DISTRICT COLLECTOR WARDHA_IDA)","AMAR SHARADRAO KALE","WARDHA","Construction of cement road and drain from Shri Bharat Singh Bhada to Zilla Parishad School at Mauja Manikwada, Ta Ashti","21-Jan-2025","09-Apr-2025","1000000","Work Completed"
"2334","Normal/Others","WS/MP18136/2025-2026/167491-Construction of roads, link roads, pathways or any other road with or without drainage system","Maharashtra","WARDHA(DISTRICT COLLECTOR WARDHA_IDA)","AMAR SHARADRAO KALE","WARDHA","Construction of cement road from Shri Dinkarrao Khairkar to Shri Bapurao Kurwade house at Mauza Wagholi Ta Ashti","21-Jan-2025","09-Apr-2025","1000000","Work Completed"
"2335","Normal/Others","WS/MP18136/2025-2026/167492-Construction of roads, link roads, pathways or any other road with or without drainage system","Maharashtra","WARDHA(DISTRICT COLLECTOR WARDHA_IDA)","AMAR SHARADRAO KALE","WARDHA","Construction of cement road from Shri Shankarao Kuyte to Mrs. Padmabai Vidhale house at Mauja Tekoda Ta Ashti","21-Jan-2025","09-Apr-2025","700000","Work Completed"
"2336","Normal/Others","WS/MP18136/2025-2026/167493-Construction of roads, link roads, pathways or any other road with or without drainage system","Maharashtra","WARDHA(DISTRICT COLLECTOR WARDHA_IDA)","AMAR SHARADRAO KALE","WARDHA","Construction of road from Shri Ghanshyam Mundada to Shri Gajanan Maharaj Temple at Mauja Talegaon Sha. Pan. Ta Ashti","21-Jan-2025","09-Apr-2025","1000000","Work Completed"
"2337","Normal/Others","WS/MP18136/2025-2026/179020-Construction of roads, link roads, pathways or any other road with or without drainage system","Maharashtra","WARDHA(DISTRICT COLLECTOR WARDHA_IDA)","AMAR SHARADRAO KALE","WARDHA","Construction of a road from Mr. Swapnil Bhagat to Mr. Siddharth Nagarale house in Mouja Ganeshpur. Length 150 m (SC)","24-Mar-2025","07-May-2025","300000","Work Completed"
"2338","Normal/Others","WS/MP18136/2025-2026/179022-Construction of roads, link roads, pathways or any other road with or without drainage system","Maharashtra","WARDHA(DISTRICT COLLECTOR WARDHA_IDA)","AMAR SHARADRAO KALE","WARDHA","Construction of cement road from Mr. Dilip Savji to Mr. Sudhir Meghal house of Ward No. 4 at Mauja Nalwadi, District Wardha.","24-Mar-2025","26-Nov-2025","499120","Sanction"
"2339","Normal/Others","WS/MP18136/2025-2026/179863-Construction of roads, link roads, pathways or any other road with or without drainage system","Maharashtra","WARDHA(DISTRICT COLLECTOR WARDHA_IDA)","AMAR SHARADRAO KALE","WARDHA","Construction of road in Dalit settlement from Shri. Shuddhodhan Thul to Shri. Parankhade house in Sindi Meghe","24-Mar-2025","07-May-2025","999733","Work Completed"
"2340","Normal/Others","WS/MP18136/2025-2026/165241-Construction of roads, link roads, pathways or any other road with or without drainage system","Maharashtra","WARDHA(DISTRICT COLLECTOR WARDHA_IDA)","AMAR SHARADRAO KALE","WARDHA","Mauja Dahegaon (Gosavi)T Selu Dist At Wardha Mr.Bharat Bangde to Shri.Santosh Raut house Construction of cement road","15-Jan-2025","09-Apr-2025","700000","Work Completed"
"2341","Normal/Others","WS/MP18136/2025-2026/165242-Construction of roads, link roads, pathways or any other road with or without drainage system","Maharashtra","WARDHA(DISTRICT COLLECTOR WARDHA_IDA)","AMAR SHARADRAO KALE","WARDHA","Mauja Alodi Dist Wardha  Cementing the road in front of Mr.Akhtar Pathan house","15-Jan-2025","09-Apr-2025","250000","Work Completed"
"2342","Normal/Others","WS/MP18136/2025-2026/165243-Construction of roads, link roads, pathways or any other road with or without drainage system","Maharashtra","WARDHA(DISTRICT COLLECTOR WARDHA_IDA)","AMAR SHARADRAO KALE","WARDHA","Mauja Alodi, Dist.Wardha Mr. Dhanorkar to Shri.Baba Rao Phukte Construction of Cementing road","15-Jan-2025","09-Apr-2025","750000","Work Completed"
"2343","Normal/Others","WS/MP18136/2025-2026/165244-Construction of roads, link roads, pathways or any other road with or without drainage system","Maharashtra","WARDHA(DISTRICT COLLECTOR WARDHA_IDA)","AMAR SHARADRAO KALE","WARDHA","Mauja Nalwadi, Dist. Wardha Construction of cement road Dilip Bokde to Chandrakant Tapase house","15-Jan-2025","09-Apr-2025","600000","Work Completed"
"2344","Normal/Others","WS/MP18136/2025-2026/165692-Construction of roads, link roads, pathways or any other road with or without drainage system","Maharashtra","WARDHA(DISTRICT COLLECTOR WARDHA_IDA)","AMAR SHARADRAO KALE","WARDHA","Mauja Borgaon (Meghe) T. Dist. Ward No. 5 at Wardha.  Laying of paving blocks from Mangrulkar Complex to Chandan Mates house","15-Jan-2025","09-Apr-2025","950000","Work Completed"
"2345","Normal/Others","WS/MP18136/2025-2026/165694-Construction of roads, link roads, pathways or any other road with or without drainage system","Maharashtra","WARDHA(DISTRICT COLLECTOR WARDHA_IDA)","AMAR SHARADRAO KALE","WARDHA","Mauja Deulgaon Selu Dist Wardha Construction of cement road from Hamdapur Road to Satish Sonpitale to Gajanan Patle house at Wardha","15-Jan-2025","09-Apr-2025","1200000","Work Completed"
"2346","Normal/Others","WS/MP18136/2025-2026/180113-Construction of roads, link roads, pathways or any other road with or without drainage system","Maharashtra","WARDHA(DISTRICT COLLECTOR WARDHA_IDA)","AMAR SHARADRAO KALE","WARDHA","Installation of paving blocks on both sides of the road from Mr. Jha to Mr. Akhtar Pathan house in Padmavati Nagar, Mauja Alodi, Taluka Dist. Wardha","24-Mar-2025","07-May-2025","150000","Work Completed"
"2347","Normal/Others","WS/MP18136/2025-2026/216856-Construction of community centers and community halls","Maharashtra","WARDHA(DISTRICT COLLECTOR WARDHA_IDA)","AMAR SHARADRAO KALE","WARDHA","Construction of hall in the open space at Ward No. 5, Ayodhya Nagar, Nandori Road, Samudrapur, Taluka.","10-Jul-2025","20-Jan-2026","995210","Work Completed"
"2348","Normal/Others","WS/MP18136/2026-2027/190037-Construction of community centers and community halls","Maharashtra","WARDHA(DISTRICT COLLECTOR WARDHA_IDA)","AMAR SHARADRAO KALE","WARDHA","Construction of a Community hall at Mouja Hiwara Tanda, Taluka Arvi, District Wardha","08-Apr-2025","13-Apr-2026","2500000","Vendor Identification"
"2349","Normal/Others","WS/MP18136/2025-2026/165207-Construction of community centers and community halls","Maharashtra","WARDHA(DISTRICT COLLECTOR WARDHA_IDA)","AMAR SHARADRAO KALE","WARDHA","Construction of public Community hall for women self-help group at Madani","13-Jan-2025","09-Apr-2025","2000000","Work Completed"
"2350","Normal/Others","WS/MP18136/2025-2026/165240-Construction of community centers and community halls","Maharashtra","WARDHA(DISTRICT COLLECTOR WARDHA_IDA)","AMAR SHARADRAO KALE","WARDHA","Mauja Mahakal,  Dist. Wardha Construction of Community Hall at Wardha.","15-Jan-2025","09-Apr-2025","1000000","Work Completed"
"2351","Normal/Others","WS/MP18136/2025-2026/175623-Construction of community centers and community halls","Maharashtra","WARDHA(DISTRICT COLLECTOR WARDHA_IDA)","AMAR SHARADRAO KALE","WARDHA","Construction of social hall at Mauja Paloti District Wardha","24-Mar-2025","07-May-2025","500000","Sanction"
"2352","Normal/Others","WS/MP18136/2026-2027/211192-Construction of bus-sheds or bus-stops","Maharashtra","WARDHA(DISTRICT COLLECTOR WARDHA_IDA)","AMAR SHARADRAO KALE","WARDHA","Construction of a Bus shelter at Tona Phata in Mouja Sarkaspur, Ta Arvi","22-Jun-2025","23-Jun-2026","500000","Work partially Completed"
"2353","Normal/Others","WS/MP18136/2026-2027/195295-Construction of bus-sheds or bus-stops","Maharashtra","WARDHA(DISTRICT COLLECTOR WARDHA_IDA)","AMAR SHARADRAO KALE","WARDHA","Construction of Bus shed near school at Mauza Selgaon Lavne Taluka Karanja Gha. District Wardha","29-Apr-2025","09-Jul-2026","499100","Sanction"
"2354","Normal/Others","WS/MP18136/2026-2027/273905-Construction of roads, link roads, pathways or any other road with or without drainage system","Maharashtra","WARDHA(DISTRICT COLLECTOR WARDHA_IDA)","AMAR SHARADRAO KALE","WARDHA","Construction of CC road from Tukadoji Maharaj statue to Mohan Aglave house At Gram Panchayat Chanki, taluka Seloo Dist Wardha","12-Mar-2026","02-Sep-2026","899000","Physical Inspection"
"2355","Normal/Others","WS/MP18136/2026-2027/231461-Construction of roads, link roads, pathways or any other road with or without drainage system","Maharashtra","WARDHA(DISTRICT COLLECTOR WARDHA_IDA)","AMAR SHARADRAO KALE","WARDHA","Paving blocks and concreting on government land in the premises of Ahilyabai Holkar statue in Shirpur","04-Sep-2025","19-Jun-2026","700000","Work partially Completed"
"2356","Normal/Others","WS/MP18136/2025-2026/204527-Installing tube-wells and borewells","Maharashtra","WARDHA(DISTRICT COLLECTOR WARDHA_IDA)","AMAR SHARADRAO KALE","WARDHA","Borgaon (Meghe), Taluka Wardha Siddharth Nagar Ward No. 4 Work on drilling a borehole on government land near the house of Mrs. Vandana Ghuge.","03-Jun-2025","20-Nov-2025","96400","Sanction"
"2357","Normal/Others","WS/MP18136/2025-2026/204528-Installing tube-wells and borewells","Maharashtra","WARDHA(DISTRICT COLLECTOR WARDHA_IDA)","AMAR SHARADRAO KALE","WARDHA","Nachangaon, Tal. Deoli Swami Samarth Mandir Ward No. 4 Bobde Layout Shivaji Colony to carry out  drilling a borehole on government land.","03-Jun-2025","26-Nov-2025","96400","Sanction"
"2358","Normal/Others","WS/MP18136/2026-2027/195300-Providing drains and gutters for public drainage","Maharashtra","WARDHA(DISTRICT COLLECTOR WARDHA_IDA)","AMAR SHARADRAO KALE","WARDHA","Construction of underground drain From Sonegaon Primary School to Mr. Fakir Chand Diwase house at Mouja Ekarjun Taluka Karanja Gha, District Wardha","29-Apr-2025","10-Apr-2026","500000","Work Completed"
"2359","Normal/Others","WS/MP18136/2026-2027/195294-Providing drains and gutters for public drainage","Maharashtra","WARDHA(DISTRICT COLLECTOR WARDHA_IDA)","AMAR SHARADRAO KALE","WARDHA","Construction of underground drain from the house of Shri Kalpana Dhobale to Marotrao Vyavahare at Mauja Rahati, Karanja Gha","29-Apr-2025","09-Jul-2026","499815","Vendor Identification"
"2360","Normal/Others","WS/MP18136/2026-2027/195289-Providing drains and gutters for public drainage","Maharashtra","WARDHA(DISTRICT COLLECTOR WARDHA_IDA)","AMAR SHARADRAO KALE","WARDHA","Construction of cement drain from Subhash Aawate to Ashok Sonawane house in Mauja Shirpur Taluka Arvi, District Wardha","29-Apr-2025","09-Jul-2026","400000","Sanction"
"2361","Normal/Others","WS/MP18136/2025-2026/185987-Providing drains and gutters for public drainage","Maharashtra","WARDHA(DISTRICT COLLECTOR WARDHA_IDA)","AMAR SHARADRAO KALE","WARDHA","Construction of a drain from the Gram Panchayat to the Government Hospital (PHC) at Zadshi, Selu Taluka","27-Mar-2025","15-Jul-2025","991645","Work Completed"
"2362","Normal/Others","WS/MP18111/2026-2027/273192-Construction of roads, link roads, pathways or any other road with or without drainage system","Maharashtra","WASHIM(DISTRICT COLLECTOR WASHIM_IDA)","ANUP SANJAY DHOTRE","AKOLA","Construction of cement Road at Wasari from ZP School  to house of Natha Kale","11-Mar-2026","31-Aug-2026","1000000","Sanction"
"2363","Normal/Others","WS/MP18111/2026-2027/273195-Construction of roads, link roads, pathways or any other road with or without drainage system","Maharashtra","WASHIM(DISTRICT COLLECTOR WASHIM_IDA)","ANUP SANJAY DHOTRE","AKOLA","Construction of cement Road at Mahagaon from Hanuman Mandir to ZP School","11-Mar-2026","31-Aug-2026","998000","Sanction"
"2364","Normal/Others","WS/MP18369/2026-2027/237126-Construction of roads, link roads, pathways or any other road with or without drainage system","Maharashtra","WASHIM(DISTRICT COLLECTOR WASHIM_IDA)","Sanjay Uttamrao Deshmukh","YAVATMAL-WASHIM","Mauje Pimpalkhuta Tal Mangrulpir Yethe Ramkrishna Dhote yanchya Gharapasun te Devidas Parande YAnchya Gharaparynt Cement Concrete Road Banavine","26-Sep-2025","24-Jun-2026","749000","Physical Inspection"
"2365","Normal/Others","WS/MP18369/2025-2026/239887-Construction of roads, link roads, pathways or any other road with or without drainage system","Maharashtra","WASHIM(DISTRICT COLLECTOR WASHIM_IDA)","Sanjay Uttamrao Deshmukh","YAVATMAL-WASHIM","Grampanchayt Karkheda Tal Manora Dist Yavatmal yethe Shivaji Deshmukh yanchya gharapasun te Raghvendra Rangrav Solanke yanchya Gharaparynt Paver Block Basavine","04-Oct-2025","16-Mar-2026","1000000","Work Completed"
"2366","Trust and Society","WS/MP18369/2025-2026/204030-Construction of rooms and halls in school and colleges","Maharashtra","WASHIM(DISTRICT COLLECTOR WASHIM_IDA)","Sanjay Uttamrao Deshmukh","YAVATMAL-WASHIM","Shree.Sant Gajanan Maharaj Shikshan Sanstha wai Tel.Washim Reg.1438 YA Shaletil Vargkholya Bandhkam Karne.","27-May-2025","12-Mar-2026","1000000","Physical Inspection"
"2367","Normal/Others","WS/MP18369/2024-2025/175545-Construction of community centers and community halls","Maharashtra","WASHIM(DISTRICT COLLECTOR WASHIM_IDA)","Sanjay Uttamrao Deshmukh","YAVATMAL-WASHIM","Nagthana Tq.Dist.Washim Ithhil Maruti  Mandir Javali moklya shaskiy jaget Sabhagruh bandhkam karne.","13-Feb-2025","31-Mar-2025","1000000","Sanction"
"2368","Normal/Others","WS/MP18369/2025-2026/174551-Construction of community centers and community halls","Maharashtra","WASHIM(DISTRICT COLLECTOR WASHIM_IDA)","Sanjay Uttamrao Deshmukh","YAVATMAL-WASHIM","Construction of community halls at open place at.Dongargaon Tq.Karanja Dist.Washim","08-Feb-2025","27-Feb-2026","300000","Physical Inspection"
"2369","Normal/Others","WS/MP18111/2026-2027/273191-Construction of community centers and community halls","Maharashtra","WASHIM(DISTRICT COLLECTOR WASHIM_IDA)","ANUP SANJAY DHOTRE","AKOLA","Construction of community hall at Kherdi near Rushi Maharaj Sansthan on GP Land","11-Mar-2026","31-Aug-2026","1000000","Sanction"
"2370","Repair and Renovation","WS/MP18369/2024-2025/175546-Construction of roads, link roads, pathways or any other road with or without drainage system","Maharashtra","WASHIM(DISTRICT COLLECTOR WASHIM_IDA)","Sanjay Uttamrao Deshmukh","YAVATMAL-WASHIM","Nisha Sarkate yanchya shetapasun te vilas kolhe yanchya shetaparynt rastyache khadikarn karne","13-Feb-2025","31-Mar-2025","2000000","Work Completed"
"2371","Trust and Society","WS/MP18118/2025-2026/166392-Construction of rooms and halls in school and colleges","Maharashtra","AZAMGARH(DISTRICT MAGISTRATE AZAMGARH_IDA)","BHASKAR MURLIDHAR BHAGARE","DINDORI(ST)","Carrying out building construction of Athrava Nursing and Paramedical College run by Raja Ram Seva Santhan Trust at Village and Post Kharihani Tehsil and Block Mehnagar District Azamgarh Uttar Pradesh 276204","18-Jan-2025","26-Sep-2025","1000000","Work partially Completed"
"2372","Trust and Society","WS/MP18118/2025-2026/159252-Construction of rooms and halls in school and colleges","Maharashtra","AZAMGARH(DISTRICT MAGISTRATE AZAMGARH_IDA)","BHASKAR MURLIDHAR BHAGARE","DINDORI(ST)","Building Construction of ANUPAMA RAI MEMORIAL COLLEGE OF EDUCATION run by ANUPAMA RAI SMARAK JANSEWA SANSTHAN NYAS/TRUST","17-Dec-2024","29-Sep-2025","1000000","Vendor Identification"
"2373","Trust and Society","WS/MP18118/2025-2026/160490-Construction of rooms and halls in school and colleges","Maharashtra","AZAMGARH(DISTRICT MAGISTRATE AZAMGARH_IDA)","BHASKAR MURLIDHAR BHAGARE","DINDORI(ST)","Construction of Building of BABA BAIJNATH U M V run by ISHWARI SAMARAK SIKSHAN SEVA SANSTHAN at VILL SARUPAHUA POST SARUPAHUA Tehsil LALGANJ DIST AZAMGARH UTTAR PRADESH","20-Dec-2024","21-Jul-2025","1000000","Vendor Identification"
"2374","Trust and Society","WS/MP18118/2025-2026/160495-Construction of rooms and halls in school and colleges","Maharashtra","AZAMGARH(DISTRICT MAGISTRATE AZAMGARH_IDA)","BHASKAR MURLIDHAR BHAGARE","DINDORI(ST)","Building Work (Construction of Roof of Rooms) of Ultra Modern Girls Degree College, Mehnagar, Azamgarh run by Ramraj Educational Trust Village Mustafabad Post Dewait Dist. Azamgarh","20-Dec-2024","03-Sep-2025","1000000","Vendor Identification"
"2375","Trust and Society","WS/MP18118/2025-2026/160504-Construction of rooms and halls in school and colleges","Maharashtra","AZAMGARH(DISTRICT MAGISTRATE AZAMGARH_IDA)","BHASKAR MURLIDHAR BHAGARE","DINDORI(ST)","Building Construction (Class Room) of Gramin Mahila Mahavidyalaya run by Gramin Balika Shiksha Samiti at Village Ranipur Rajmo Post Bindra Bajar Tehsil Mehnagar Dist Azamgarh Uttar Pradesh","20-Dec-2024","30-Mar-2026","1000000","Vendor Identification"
"2376","Normal/Others","WS/MP18120/2025-2026/225800-Lighting of public spaces","Maharashtra","ETAH(DISTRICT MAGISTRATE ETAH_IDA)","AASHTIKAR PATIL NAGESH BAPURAO","HINGOLI","Village Mohammadpur BLock Marhara jila Etah , Ramkailash ke Makaan Ke saamne high Mast Light","08-Aug-2025","10-Nov-2025","240611","Physical Inspection"
"2377","Normal/Others","WS/MP18120/2025-2026/225801-Lighting of public spaces","Maharashtra","ETAH(DISTRICT MAGISTRATE ETAH_IDA)","AASHTIKAR PATIL NAGESH BAPURAO","HINGOLI","Village Mohammadpur BLock Marhara jila Etah , Mini Hospital ke  Saamne High Mast Light .","08-Aug-2025","10-Nov-2025","240611","Physical Inspection"
"2378","Normal/Others","WS/MP18120/2025-2026/225802-Lighting of public spaces","Maharashtra","ETAH(DISTRICT MAGISTRATE ETAH_IDA)","AASHTIKAR PATIL NAGESH BAPURAO","HINGOLI","Village Mohammadpur BLock Marhara jila Etah ,Pratap singh ke Makaan ke saamne High Mast Light .","08-Aug-2025","10-Nov-2025","240611","Physical Inspection"
"2379","Normal/Others","WS/MP18120/2025-2026/225803-Lighting of public spaces","Maharashtra","ETAH(DISTRICT MAGISTRATE ETAH_IDA)","AASHTIKAR PATIL NAGESH BAPURAO","HINGOLI","Village Mohammadpur BLock Marhara jila Etah , Baraat Ghar ke saamne High Mast Light .","08-Aug-2025","10-Nov-2025","240611","Physical Inspection"
"2380","Normal/Others","WS/MP18120/2025-2026/225804-Lighting of public spaces","Maharashtra","ETAH(DISTRICT MAGISTRATE ETAH_IDA)","AASHTIKAR PATIL NAGESH BAPURAO","HINGOLI","Village Mohammadpur BLock Marhara jila Etah, Shamsham ke saamne High Mast Light","08-Aug-2025","10-Nov-2025","240611","Physical Inspection"
"2381","Normal/Others","WS/MP18120/2025-2026/225805-Lighting of public spaces","Maharashtra","ETAH(DISTRICT MAGISTRATE ETAH_IDA)","AASHTIKAR PATIL NAGESH BAPURAO","HINGOLI","Village Mohammadpur BLock Marhara jila Etah , Kailsham kumar Ke Makkan ke Saamne","08-Aug-2025","10-Nov-2025","240611","Physical Inspection"
"2382","Normal/Others","WS/MP18120/2025-2026/225806-Lighting of public spaces","Maharashtra","ETAH(DISTRICT MAGISTRATE ETAH_IDA)","AASHTIKAR PATIL NAGESH BAPURAO","HINGOLI","Village Mohammadpur BLock Marhara jila Etah ,Gulaab Singh Ke makaan ke saamne High Mast Light","08-Aug-2025","10-Nov-2025","240611","Physical Inspection"
"2383","Normal/Others","WS/MP18120/2025-2026/225807-Lighting of public spaces","Maharashtra","ETAH(DISTRICT MAGISTRATE ETAH_IDA)","AASHTIKAR PATIL NAGESH BAPURAO","HINGOLI","Village Mohammadpur BLock Marhara jila Etah , Holy Pani Tanki Ke saamne high Mast Light","08-Aug-2025","10-Nov-2025","240611","Physical Inspection"
"2384","Normal/Others","WS/MP18120/2025-2026/225808-Lighting of public spaces","Maharashtra","ETAH(DISTRICT MAGISTRATE ETAH_IDA)","AASHTIKAR PATIL NAGESH BAPURAO","HINGOLI","Village Mohammadpur BLock Marhara jila Etah Brajesh Kumar Ke ghar Ke saamne High Mast Light","08-Aug-2025","10-Nov-2025","240611","Physical Inspection"
"2385","Normal/Others","WS/MP18120/2025-2026/225809-Lighting of public spaces","Maharashtra","ETAH(DISTRICT MAGISTRATE ETAH_IDA)","AASHTIKAR PATIL NAGESH BAPURAO","HINGOLI","Village Mohammadpur BLock Marhara jila Etah OmPrakash Ke Makaan Ke saamne High Mast Light","08-Aug-2025","10-Nov-2025","240611","Physical Inspection"
"2386","Normal/Others","WS/MP18120/2025-2026/225810-Lighting of public spaces","Maharashtra","ETAH(DISTRICT MAGISTRATE ETAH_IDA)","AASHTIKAR PATIL NAGESH BAPURAO","HINGOLI","Village Mohammadpur BLock Marhara jila Etah Chhotey lal Ke Makaan ke Saamne High Mast Light","08-Aug-2025","10-Nov-2025","240611","Physical Inspection"
"2387","Normal/Others","WS/MP18120/2025-2026/225811-Lighting of public spaces","Maharashtra","ETAH(DISTRICT MAGISTRATE ETAH_IDA)","AASHTIKAR PATIL NAGESH BAPURAO","HINGOLI","Village Mohammadpur BLock Marhara jila Etah Suresh Chand Ke Makaan ke saamne High mast Light","08-Aug-2025","10-Nov-2025","240611","Physical Inspection"
"2388","Normal/Others","WS/MP18120/2025-2026/225812-Lighting of public spaces","Maharashtra","ETAH(DISTRICT MAGISTRATE ETAH_IDA)","AASHTIKAR PATIL NAGESH BAPURAO","HINGOLI","Village Mohammadpur BLock Marhara jila Etah Devesh Ke Makaan ke Saamne High Mast Light","08-Aug-2025","10-Nov-2025","240611","Physical Inspection"
"2389","Normal/Others","WS/MP18369/2025-2026/177578-Lighting of public spaces","Maharashtra","YAVATMAL(DISTRICT COLLECTOR YAVATMAL_IDA)","Sanjay Uttamrao Deshmukh","YAVATMAL-WASHIM","At Yavatmal Ward No 15 Ambikanagar vit bhatti parisarat yethe solar high mast basvine","25-Feb-2025","21-Mar-2026","393554","Physical Inspection"
"2390","Normal/Others","WS/MP18369/2026-2027/177579-Lighting of public spaces","Maharashtra","YAVATMAL(DISTRICT COLLECTOR YAVATMAL_IDA)","Sanjay Uttamrao Deshmukh","YAVATMAL-WASHIM","At Dahegaon yethe solar high mast basvine","25-Feb-2025","22-Jun-2026","393708","Physical Inspection"
"2391","Normal/Others","WS/MP18369/2025-2026/177557-Lighting of public spaces","Maharashtra","YAVATMAL(DISTRICT COLLECTOR YAVATMAL_IDA)","Sanjay Uttamrao Deshmukh","YAVATMAL-WASHIM","At. Hatola Wai yethe solar high mast basvine","25-Feb-2025","21-Mar-2026","393430","Physical Inspection"
"2392","Normal/Others","WS/MP18369/2025-2026/177558-Lighting of public spaces","Maharashtra","YAVATMAL(DISTRICT COLLECTOR YAVATMAL_IDA)","Sanjay Uttamrao Deshmukh","YAVATMAL-WASHIM","At.Nakapardi yethe solar high mast basvine Tq Yavatmal","25-Feb-2025","21-Mar-2026","393751","Physical Inspection"
"2393","Normal/Others","WS/MP18369/2025-2026/177559-Lighting of public spaces","Maharashtra","YAVATMAL(DISTRICT COLLECTOR YAVATMAL_IDA)","Sanjay Uttamrao Deshmukh","YAVATMAL-WASHIM","Ward No. 28 yethe solar high mast basvine Tq Yavatmal","25-Feb-2025","21-Mar-2026","393554","Physical Inspection"
"2394","Normal/Others","WS/MP18369/2025-2026/177560-Lighting of public spaces","Maharashtra","YAVATMAL(DISTRICT COLLECTOR YAVATMAL_IDA)","Sanjay Uttamrao Deshmukh","YAVATMAL-WASHIM","At.Hatgaon yethe solar high mast basvine Tq Yavatmal","25-Feb-2025","21-Mar-2026","393711","Physical Inspection"
"2395","Normal/Others","WS/MP18369/2026-2027/177561-Lighting of public spaces","Maharashtra","YAVATMAL(DISTRICT COLLECTOR YAVATMAL_IDA)","Sanjay Uttamrao Deshmukh","YAVATMAL-WASHIM","At.Wadki yethe solar high mast basvine Tq Yavatmal","25-Feb-2025","22-Jun-2026","393629","Physical Inspection"
"2396","Normal/Others","WS/MP18369/2026-2027/177562-Lighting of public spaces","Maharashtra","YAVATMAL(DISTRICT COLLECTOR YAVATMAL_IDA)","Sanjay Uttamrao Deshmukh","YAVATMAL-WASHIM","At.Khadki Bus stand yethe solar high mast basvine Tq Yavatmal","25-Feb-2025","22-Jun-2026","393551","Physical Inspection"
"2397","Normal/Others","WS/MP18369/2026-2027/177563-Lighting of public spaces","Maharashtra","YAVATMAL(DISTRICT COLLECTOR YAVATMAL_IDA)","Sanjay Uttamrao Deshmukh","YAVATMAL-WASHIM","At.Watkhed ythe solar high mast basvine Tq Ralegaon","25-Feb-2025","22-Jun-2026","393708","Physical Inspection"
"2398","Normal/Others","WS/MP18369/2026-2027/177564-Lighting of public spaces","Maharashtra","YAVATMAL(DISTRICT COLLECTOR YAVATMAL_IDA)","Sanjay Uttamrao Deshmukh","YAVATMAL-WASHIM","At.Khairi yethe solar high mast basvine Tq Ralegaon","25-Feb-2025","22-Jun-2026","393590","Physical Inspection"
"2399","Normal/Others","WS/MP18369/2025-2026/177565-Lighting of public spaces","Maharashtra","YAVATMAL(DISTRICT COLLECTOR YAVATMAL_IDA)","Sanjay Uttamrao Deshmukh","YAVATMAL-WASHIM","At.Gawandi yethe solar high mast basvine Tq babhulgaon","25-Feb-2025","21-Mar-2026","393672","Physical Inspection"
"2400","Normal/Others","WS/MP18369/2025-2026/177566-Lighting of public spaces","Maharashtra","YAVATMAL(DISTRICT COLLECTOR YAVATMAL_IDA)","Sanjay Uttamrao Deshmukh","YAVATMAL-WASHIM","At Pimpalkhuta yethe solar high mast basvine Tq Babhulgaon","25-Feb-2025","21-Mar-2026","393751","Physical Inspection"
"2401","Normal/Others","WS/MP18369/2025-2026/177567-Lighting of public spaces","Maharashtra","YAVATMAL(DISTRICT COLLECTOR YAVATMAL_IDA)","Sanjay Uttamrao Deshmukh","YAVATMAL-WASHIM","At Parsodi yethe solar high mast basvine","25-Feb-2025","21-Mar-2026","393593","Physical Inspection"
"2402","Normal/Others","WS/MP18369/2025-2026/177568-Lighting of public spaces","Maharashtra","YAVATMAL(DISTRICT COLLECTOR YAVATMAL_IDA)","Sanjay Uttamrao Deshmukh","YAVATMAL-WASHIM","At Falegaon yethe solar high mast basvine","25-Feb-2025","21-Mar-2026","393672","Physical Inspection"
"2403","Normal/Others","WS/MP18369/2026-2027/177569-Lighting of public spaces","Maharashtra","YAVATMAL(DISTRICT COLLECTOR YAVATMAL_IDA)","Sanjay Uttamrao Deshmukh","YAVATMAL-WASHIM","At Ganeshwadi yethe solar high mast basvine","25-Feb-2025","22-Jun-2026","393669","Physical Inspection"
"2404","Normal/Others","WS/MP18369/2026-2027/177570-Lighting of public spaces","Maharashtra","YAVATMAL(DISTRICT COLLECTOR YAVATMAL_IDA)","Sanjay Uttamrao Deshmukh","YAVATMAL-WASHIM","At Koljhari yethe solar high mast basvine","25-Feb-2025","22-Jun-2026","393472","Physical Inspection"
"2405","Normal/Others","WS/MP18369/2026-2027/177571-Lighting of public spaces","Maharashtra","YAVATMAL(DISTRICT COLLECTOR YAVATMAL_IDA)","Sanjay Uttamrao Deshmukh","YAVATMAL-WASHIM","At Sharad yethe solar high mast basvine Tq Kalamb","25-Feb-2025","22-Jun-2026","393708","Physical Inspection"
"2406","Normal/Others","WS/MP18369/2026-2027/177572-Lighting of public spaces","Maharashtra","YAVATMAL(DISTRICT COLLECTOR YAVATMAL_IDA)","Sanjay Uttamrao Deshmukh","YAVATMAL-WASHIM","At Mendhla yethe solar high mast basvine","25-Feb-2025","22-Jun-2026","393590","Physical Inspection"
"2407","Normal/Others","WS/MP18369/2026-2027/177573-Lighting of public spaces","Maharashtra","YAVATMAL(DISTRICT COLLECTOR YAVATMAL_IDA)","Sanjay Uttamrao Deshmukh","YAVATMAL-WASHIM","At Nanza yethe solar high mast basvine","25-Feb-2025","22-Jun-2026","393629","Physical Inspection"
"2408","Normal/Others","WS/MP18369/2025-2026/177574-Lighting of public spaces","Maharashtra","YAVATMAL(DISTRICT COLLECTOR YAVATMAL_IDA)","Sanjay Uttamrao Deshmukh","YAVATMAL-WASHIM","At yavatmal Ward No 20 Aashirwad Society yethe solar high mast basvine","25-Feb-2025","21-Mar-2026","393593","Physical Inspection"
"2409","Normal/Others","WS/MP18369/2026-2027/187446-Security gates in streets/public place for safety purpose","Maharashtra","YAVATMAL(DISTRICT COLLECTOR YAVATMAL_IDA)","Sanjay Uttamrao Deshmukh","YAVATMAL-WASHIM","Godhni Kota Yethe Pawan sut Vyayam Shalechya Bajune khulya jagevarti taar coumpound bandhne.","28-Mar-2025","17-Apr-2026","491821","Physical Inspection"
"2410","Normal/Others","WS/MP18369/2026-2027/177484-Construction of roads, link roads, pathways or any other road with or without drainage system","Maharashtra","YAVATMAL(DISTRICT COLLECTOR YAVATMAL_IDA)","Sanjay Uttamrao Deshmukh","YAVATMAL-WASHIM","Construction of CC Road from Balu Pawars s House to Rajusingh Chavhan At Tulshinagar Tq Mahagaon","25-Feb-2025","19-Jun-2026","698387","Physical Inspection"
"2411","Normal/Others","WS/MP18369/2025-2026/177485-Construction of roads, link roads, pathways or any other road with or without drainage system","Maharashtra","YAVATMAL(DISTRICT COLLECTOR YAVATMAL_IDA)","Sanjay Uttamrao Deshmukh","YAVATMAL-WASHIM","Construction of Paathways, Paver block jilha Parishdechya khulya jaget at Wai Mendhi tq Digras Dist Yavatmal","25-Feb-2025","31-Dec-2025","492429","Physical Inspection"
"2412","Normal/Others","WS/MP18369/2026-2027/257052-Construction of roads, link roads, pathways or any other road with or without drainage system","Maharashtra","YAVATMAL(DISTRICT COLLECTOR YAVATMAL_IDA)","Sanjay Uttamrao Deshmukh","YAVATMAL-WASHIM","Mauja Lingati Sa TAl-Kelapur Dist Yavatmal Yethe Ravindra Marape Yanchya Gharapasun Te Shankar MAdavi Yanchya Gharaparynt Cement COncrete Road Bandhkam KArne","04-Jan-2026","24-Jun-2026","594833","Physical Inspection"
"2413","Normal/Others","WS/MP18258/2026-2027/245999-Construction of roads, link roads, pathways or any other road with or without drainage system","Maharashtra","YAVATMAL(DISTRICT COLLECTOR YAVATMAL_IDA)","DHANORKAR PRATIBHA SURESH ALIAS BALUBHAU","CHANDRAPUR","Construction of cement concrete road from service road to Pravin Tile house in Mouja Lonbehal, Taluka Arni, Dist. Yavatmal.","04-Nov-2025","02-Sep-2026","1000000","Physical Inspection"
"2414","Normal/Others","WS/MP18120/2026-2027/245366-Construction of roads, link roads, pathways or any other road with or without drainage system","Maharashtra","YAVATMAL(DISTRICT COLLECTOR YAVATMAL_IDA)","AASHTIKAR PATIL NAGESH BAPURAO","HINGOLI","Construction of Cement Concrete Road from Gajanan Parghadkar Home to Bhaskar Hingade Home At Mulawa TQ Umarkhed Dist Yavatmal.","31-Oct-2025","19-Jun-2026","997000","Physical Inspection"
"2415","Normal/Others","WS/MP18120/2026-2027/245367-Construction of roads, link roads, pathways or any other road with or without drainage system","Maharashtra","YAVATMAL(DISTRICT COLLECTOR YAVATMAL_IDA)","AASHTIKAR PATIL NAGESH BAPURAO","HINGOLI","Construction of Cement Concrete Road from Santosh Gadge Home to Aniket Medical At Mulawa TQ Umarkhed Dist Yavatmal.","31-Oct-2025","19-Jun-2026","997000","Physical Inspection"
"2416","Normal/Others","WS/MP18369/2026-2027/259374-Construction of roads, link roads, pathways or any other road with or without drainage system","Maharashtra","YAVATMAL(DISTRICT COLLECTOR YAVATMAL_IDA)","Sanjay Uttamrao Deshmukh","YAVATMAL-WASHIM","Grampanchayat Kharda Tal Babhulgao Yethil Datta Mate te Devidas Kelatkar Yanchya Gharaparynt Cement Rasta Banavine","29-Jan-2026","19-Jun-2026","743850","Sanction"
"2417","Normal/Others","WS/MP18369/2025-2026/187445-Construction of roads, link roads, pathways or any other road with or without drainage system","Maharashtra","YAVATMAL(DISTRICT COLLECTOR YAVATMAL_IDA)","Sanjay Uttamrao Deshmukh","YAVATMAL-WASHIM","Grampanchayat Shelu Kh tel.Pusad ward No.1 madhye Vikas Patil yanchya Ghara Pasun te Ganesh patil yanchya Gharaparynt Paver Block Basavine.","28-Mar-2025","03-Nov-2025","694759","Physical Inspection"
"2418","Normal/Others","WS/MP18369/2025-2026/187447-Construction of roads, link roads, pathways or any other road with or without drainage system","Maharashtra","YAVATMAL(DISTRICT COLLECTOR YAVATMAL_IDA)","Sanjay Uttamrao Deshmukh","YAVATMAL-WASHIM","Grampanchayat Varud Yethil ashwinipur yethe Dharma chavan yanchya gharapasun te govind chavan yanchya gharaparynt cement concrete road bandhkam karne.","28-Mar-2025","23-Jun-2025","484924","Physical Inspection"
"2419","Normal/Others","WS/MP18258/2025-2026/183960-Construction of roads, link roads, pathways or any other road with or without drainage system","Maharashtra","YAVATMAL(DISTRICT COLLECTOR YAVATMAL_IDA)","DHANORKAR PRATIBHA SURESH ALIAS BALUBHAU","CHANDRAPUR","Construction of cement concrete road from Nanaji Belekar house to Zilla Parishad School in Patharpur Township, Yavatmal District.","20-Mar-2025","14-Jan-2026","1149003","Physical Inspection"
"2420","Normal/Others","WS/MP18258/2025-2026/183834-Construction of roads, link roads, pathways or any other road with or without drainage system","Maharashtra","YAVATMAL(DISTRICT COLLECTOR YAVATMAL_IDA)","DHANORKAR PRATIBHA SURESH ALIAS BALUBHAU","CHANDRAPUR","Construction of connecting road from Akola Bazar to Savali Taluka Ghatanji Main Road Pardi No. (Heti Tanda). 350 Mt.","20-Mar-2025","25-Aug-2025","1966157","Physical Inspection"
"2421","Trust and Society","WS/MP18369/2026-2027/239318-Setting up of laboratories","Maharashtra","YAVATMAL(DISTRICT COLLECTOR YAVATMAL_IDA)","Sanjay Uttamrao Deshmukh","YAVATMAL-WASHIM","Kai Bhausaheb Devrav Patil Ucch Prathmik Shala Mahadevnagar Wadgaon Road Yavatmal Ya shala Digital Karne","04-Oct-2025","20-Jun-2026","699650","Physical Inspection"
"2422","Normal/Others","WS/MP18120/2025-2026/192247-Construction of boundary walls of existing public and community buildings","Maharashtra","YAVATMAL(DISTRICT COLLECTOR YAVATMAL_IDA)","AASHTIKAR PATIL NAGESH BAPURAO","HINGOLI","Construction of Compound Wall of Grampanchayat Karyalaya Tembhi At. Tembhi Tq. Mahagaon Dist Yavatmal","18-Apr-2025","03-Nov-2025","994395","Physical Inspection"
"2423","Normal/Others","WS/MP18369/2026-2027/165950-Construction of common work sheds/ common covered sitting area","Maharashtra","YAVATMAL(DISTRICT COLLECTOR YAVATMAL_IDA)","Sanjay Uttamrao Deshmukh","YAVATMAL-WASHIM","Installation of paver block at open place Near Sanajay Bavne and Uttam Bavne house in Shrikrishn nagar, Umari tq.Kalamb","15-Jan-2025","19-Jun-2026","198998","Physical Inspection"
"2424","Normal/Others","WS/MP18369/2025-2026/177577-Crematoriums/energy efficient crematoriums or structures on burial/cremation ground","Maharashtra","YAVATMAL(DISTRICT COLLECTOR YAVATMAL_IDA)","Sanjay Uttamrao Deshmukh","YAVATMAL-WASHIM","At Mubarakpur Tq Babhulgaon yethe smashanbhumi shed v saudaryikaran karne","25-Feb-2025","17-Oct-2025","990018","Physical Inspection"
"2425","Normal/Others","WS/MP18369/2025-2026/177575-Construction of public libraries and reading rooms","Maharashtra","YAVATMAL(DISTRICT COLLECTOR YAVATMAL_IDA)","Sanjay Uttamrao Deshmukh","YAVATMAL-WASHIM","Digras Ward no 4 bapunagar yethe Takpire Guruji vachnalay bandhkaam karne","25-Feb-2025","28-Mar-2026","976951","Physical Inspection"
"2426","Normal/Others","WS/MP18369/2025-2026/240011-Construction of roads, link roads, pathways or any other road with or without drainage system","Maharashtra","YAVATMAL(DISTRICT COLLECTOR YAVATMAL_IDA)","Sanjay Uttamrao Deshmukh","YAVATMAL-WASHIM","Grampanchayt Naygaon Tal Darwha Dist Yavatmal Yethe aarambhi te Pandit Meshram Yanchya shetaparynt Cement rasta bandhkam karne","05-Oct-2025","27-Jan-2026","976825","Physical Inspection"
"2427","Normal/Others","WS/MP18369/2025-2026/240012-Construction of roads, link roads, pathways or any other road with or without drainage system","Maharashtra","YAVATMAL(DISTRICT COLLECTOR YAVATMAL_IDA)","Sanjay Uttamrao Deshmukh","YAVATMAL-WASHIM","Grampanchayt Lakhkhind Tal Darwha Dist Yavatmal Yethe Namdev Dukre te Lokesh Kajle Yanchya Gharaparynt Cement Concrete Road banavine","05-Oct-2025","26-Feb-2026","974910","Physical Inspection"
"2428","Normal/Others","WS/MP18369/2026-2027/237749-Construction of roads, link roads, pathways or any other road with or without drainage system","Maharashtra","YAVATMAL(DISTRICT COLLECTOR YAVATMAL_IDA)","Sanjay Uttamrao Deshmukh","YAVATMAL-WASHIM","Grampanchayat Mangladevi Tal Ner Dist Yavatmal yethe Ganesh Lanjekar Yanchya Gharapasun te Bhagwan Shelokar Yanchya Gharaparynt Cement Concret Rasta bandhkam karne","26-Sep-2025","19-Jun-2026","975045","Physical Inspection"
"2429","Normal/Others","WS/MP18369/2026-2027/295300-Construction of roads, link roads, pathways or any other road with or without drainage system","Maharashtra","YAVATMAL(DISTRICT COLLECTOR YAVATMAL_IDA)","Sanjay Uttamrao Deshmukh","YAVATMAL-WASHIM","Grampanchayt Mandava Yethe Digras-Darwha Road PAsun TE Smashanbhumiparynt Cement Rasta Bandhkam KArne","17-Jul-2026","20-Jul-2026","1000000","Physical Inspection"
"2430","Normal/Others","WS/MP18369/2026-2027/226226-Construction of roads, link roads, pathways or any other road with or without drainage system","Maharashtra","YAVATMAL(DISTRICT COLLECTOR YAVATMAL_IDA)","Sanjay Uttamrao Deshmukh","YAVATMAL-WASHIM","Gram Panchayat Dolambawadi Yethe Mohan Ladke te lakshamn Agaldare yanche gharaparynt cc road bandhne","10-Aug-2025","04-Aug-2026","500000","Physical Inspection"
"2431","Normal/Others","WS/MP18369/2026-2027/226919-Construction of roads, link roads, pathways or any other road with or without drainage system","Maharashtra","YAVATMAL(DISTRICT COLLECTOR YAVATMAL_IDA)","Sanjay Uttamrao Deshmukh","YAVATMAL-WASHIM","Grampanchayt Karajagaon Tal-Darwha Dist-Yavatmal Yethe Nitu Diwe te Chagan Dive te Dinesh Raut te Arwind Raut te Vinod Raut te Gajanan Jadhao Yanche Gharaparynt CC Road karne","13-Aug-2025","19-Jun-2026","729332","Physical Inspection"
"2432","Normal/Others","WS/MP18369/2026-2027/229482-Construction of roads, link roads, pathways or any other road with or without drainage system","Maharashtra","YAVATMAL(DISTRICT COLLECTOR YAVATMAL_IDA)","Sanjay Uttamrao Deshmukh","YAVATMAL-WASHIM","Grampanchayt Mandwa Tal Digras Dist Yavatmal Yethe Diagras Darwha Road Pasun te Smashan Bhumi Parynt cc Road banavine","27-Aug-2025","19-Jun-2026","980.87","Physical Inspection"
"2433","Normal/Others","WS/MP18120/2025-2026/213055-Construction of roads, link roads, pathways or any other road with or without drainage system","Maharashtra","YAVATMAL(DISTRICT COLLECTOR YAVATMAL_IDA)","AASHTIKAR PATIL NAGESH BAPURAO","HINGOLI","Construction of CC Road from Baburao Gaikwad home to Sidhharth Khadse Home At. Mulawa TQ. Umarkhed Dist. Yavatmal","18-Jul-2025","12-Mar-2026","986725","Physical Inspection"
"2434","Normal/Others","WS/MP18369/2026-2027/220305-Construction of roads, link roads, pathways or any other road with or without drainage system","Maharashtra","YAVATMAL(DISTRICT COLLECTOR YAVATMAL_IDA)","Sanjay Uttamrao Deshmukh","YAVATMAL-WASHIM","Grampanchayat mokh no 2 tal-Digras, Dist-Yavatmal yethe Arun Tukaram Jadhav to Manwar Paul yanchya Gharaparynt CC nali Bandhkaam karne.","20-Jul-2025","02-Sep-2026","700000","Sanction"
"2435","Normal/Others","WS/MP18369/2025-2026/187442-Installing tube-wells and borewells","Maharashtra","YAVATMAL(DISTRICT COLLECTOR YAVATMAL_IDA)","Sanjay Uttamrao Deshmukh","YAVATMAL-WASHIM","Grampanchayat Wanoli, Ward No2 khedi ya gavat navin Borewell , pump, taaki basavine.","28-Mar-2025","25-Nov-2025","199636","Physical Inspection"
"2436","Normal/Others","WS/MP18369/2025-2026/177576-Construction of community centers and community halls","Maharashtra","YAVATMAL(DISTRICT COLLECTOR YAVATMAL_IDA)","Sanjay Uttamrao Deshmukh","YAVATMAL-WASHIM","At.Kopra jankar yethe open place madhye Sabha Mandap yanche Bandhkaam Karne","25-Feb-2025","17-Oct-2025","986561","Physical Inspection"
"2437","Normal/Others","WS/MP18120/2025-2026/189536-Construction of community centers and community halls","Maharashtra","YAVATMAL(DISTRICT COLLECTOR YAVATMAL_IDA)","AASHTIKAR PATIL NAGESH BAPURAO","HINGOLI","Construction of Sabhamandap At Wanegaon Tq. Umarkhed Dist Nanded","06-Apr-2025","16-Feb-2026","991576","Physical Inspection"
"Grand Total"," "," "," "," "," "," "," "," "," "," ","2,34,56,13,683.87"