work_id,demo_anonymous_id,sanction_date,completion_date,work_status,days_since_sanction,delay_type,delay_score,delay_flag,delay_explanation
WS/MP681/2024-2025/143658,ND-WRK-2236,2024-08-10,,Vendor Identification,759,open_work_age,100,True,No completion date is present and the work has been on record for 759 days since sanction. Current workflow status: Vendor Identification.
WS/MP681/2024-2025/143657,ND-WRK-2235,2024-08-10,,Sanction,759,open_work_age,100,True,No completion date is present and the work has been on record for 759 days since sanction. Current workflow status: Sanction.
WS/MP681/2024-2025/143649,ND-WRK-2229,2024-08-10,,Vendor Identification,759,open_work_age,100,True,No completion date is present and the work has been on record for 759 days since sanction. Current workflow status: Vendor Identification.
WS/MP681/2024-2025/143650,ND-WRK-2230,2024-08-10,,Vendor Identification,759,open_work_age,100,True,No completion date is present and the work has been on record for 759 days since sanction. Current workflow status: Vendor Identification.
WS/MP681/2024-2025/143651,ND-WRK-2231,2024-08-10,,Vendor Identification,759,open_work_age,100,True,No completion date is present and the work has been on record for 759 days since sanction. Current workflow status: Vendor Identification.
WS/MP681/2024-2025/143652,ND-WRK-2232,2024-08-10,,Vendor Identification,759,open_work_age,100,True,No completion date is present and the work has been on record for 759 days since sanction. Current workflow status: Vendor Identification.
WS/MP681/2024-2025/143654,ND-WRK-2233,2024-08-10,,Vendor Identification,759,open_work_age,100,True,No completion date is present and the work has been on record for 759 days since sanction. Current workflow status: Vendor Identification.
WS/MP681/2024-2025/143655,ND-WRK-2234,2024-08-10,,Vendor Identification,759,open_work_age,100,True,No completion date is present and the work has been on record for 759 days since sanction. Current workflow status: Vendor Identification.
WS/MP681/2024-2025/143648,ND-WRK-2228,2024-08-10,,Vendor Identification,759,open_work_age,100,True,No completion date is present and the work has been on record for 759 days since sanction. Current workflow status: Vendor Identification.
WS/MP681/2024-2025/143647,ND-WRK-2227,2024-08-10,,Vendor Identification,759,open_work_age,100,True,No completion date is present and the work has been on record for 759 days since sanction. Current workflow status: Vendor Identification.
WS/MP681/2024-2025/134798,ND-WRK-2218,2024-03-10,,Physical Inspection,912,open_work_age,100,True,No completion date is present and the work has been on record for 912 days since sanction. Current workflow status: Physical Inspection.
WS/MP681/2024-2025/143646,ND-WRK-2226,2024-08-10,,Vendor Identification,759,open_work_age,100,True,No completion date is present and the work has been on record for 759 days since sanction. Current workflow status: Vendor Identification.
WS/MP18117/2024-2025/142021,ND-WRK-0516,2024-02-12,,Physical Inspection,939,open_work_age,100,True,No completion date is present and the work has been on record for 939 days since sanction. Current workflow status: Physical Inspection.
WS/MP18117/2024-2025/142022,ND-WRK-0517,2024-02-12,,Physical Inspection,939,open_work_age,100,True,No completion date is present and the work has been on record for 939 days since sanction. Current workflow status: Physical Inspection.
WS/MP681/2024-2025/143971,ND-WRK-2238,2024-09-10,,Physical Inspection,728,open_work_age,85,True,No completion date is present and the work has been on record for 728 days since sanction. Current workflow status: Physical Inspection.
WS/MP681/2024-2025/143809,ND-WRK-2237,2024-11-10,,Physical Inspection,667,open_work_age,85,True,No completion date is present and the work has been on record for 667 days since sanction. Current workflow status: Physical Inspection.
WS/MP681/2024-2025/143976,ND-WRK-2242,2024-11-10,,Physical Inspection,667,open_work_age,85,True,No completion date is present and the work has been on record for 667 days since sanction. Current workflow status: Physical Inspection.
WS/MP681/2024-2025/144038,ND-WRK-2248,2025-03-01,,Vendor Identification,556,open_work_age,85,True,No completion date is present and the work has been on record for 556 days since sanction. Current workflow status: Vendor Identification.
WS/MP681/2024-2025/161539,ND-WRK-2255,2025-01-01,,Physical Inspection,615,open_work_age,85,True,No completion date is present and the work has been on record for 615 days since sanction. Current workflow status: Physical Inspection.
WS/MP681/2024-2025/144041,ND-WRK-2250,2025-03-01,,Vendor Identification,556,open_work_age,85,True,No completion date is present and the work has been on record for 556 days since sanction. Current workflow status: Vendor Identification.
WS/MP681/2024-2025/134797,ND-WRK-2217,2024-09-09,,Physical Inspection,729,open_work_age,85,True,No completion date is present and the work has been on record for 729 days since sanction. Current workflow status: Physical Inspection.
WS/MP661/2024-2025/137791,ND-WRK-2078,2024-12-09,,Physical Inspection,638,open_work_age,85,True,No completion date is present and the work has been on record for 638 days since sanction. Current workflow status: Physical Inspection.
WS/MP681/2024-2025/134805,ND-WRK-2225,2024-09-10,,Vendor Identification,728,open_work_age,85,True,No completion date is present and the work has been on record for 728 days since sanction. Current workflow status: Vendor Identification.
WS/MP681/2024-2025/134801,ND-WRK-2221,2024-11-10,,Physical Inspection,667,open_work_age,85,True,No completion date is present and the work has been on record for 667 days since sanction. Current workflow status: Physical Inspection.
WS/MP18308/2025-2026/145428,ND-WRK-1845,2025-01-07,,Vendor Identification,609,open_work_age,85,True,No completion date is present and the work has been on record for 609 days since sanction. Current workflow status: Vendor Identification.
WS/MP18308/2025-2026/145418,ND-WRK-1837,2025-01-07,,Vendor Identification,609,open_work_age,85,True,No completion date is present and the work has been on record for 609 days since sanction. Current workflow status: Vendor Identification.
WS/MP18124/2025-2026/165820,ND-WRK-0893,2025-01-07,,Vendor Identification,609,open_work_age,85,True,No completion date is present and the work has been on record for 609 days since sanction. Current workflow status: Vendor Identification.
WS/MP18124/2025-2026/165816,ND-WRK-0892,2025-01-07,,Vendor Identification,609,open_work_age,85,True,No completion date is present and the work has been on record for 609 days since sanction. Current workflow status: Vendor Identification.
WS/MP18124/2025-2026/165789,ND-WRK-0891,2025-01-07,,Vendor Identification,609,open_work_age,85,True,No completion date is present and the work has been on record for 609 days since sanction. Current workflow status: Vendor Identification.
WS/MP18124/2025-2026/165786,ND-WRK-0890,2025-01-12,,Vendor Identification,604,open_work_age,85,True,No completion date is present and the work has been on record for 604 days since sanction. Current workflow status: Vendor Identification.
WS/MP661/2024-2025/137790,ND-WRK-2077,2024-12-09,,Physical Inspection,638,open_work_age,85,True,No completion date is present and the work has been on record for 638 days since sanction. Current workflow status: Physical Inspection.
WS/MP18369/2025-2026/187445,ND-WRK-1969,2025-03-11,,Physical Inspection,546,open_work_age,85,True,No completion date is present and the work has been on record for 546 days since sanction. Current workflow status: Physical Inspection.
WS/MP18124/2025-2026/165779,ND-WRK-0887,2025-01-07,,Vendor Identification,609,open_work_age,85,True,No completion date is present and the work has been on record for 609 days since sanction. Current workflow status: Vendor Identification.
WS/MP18124/2025-2026/165781,ND-WRK-0888,2025-01-07,,Vendor Identification,609,open_work_age,85,True,No completion date is present and the work has been on record for 609 days since sanction. Current workflow status: Vendor Identification.
WS/MP18124/2025-2026/162373,ND-WRK-0876,2025-01-07,,Vendor Identification,609,open_work_age,85,True,No completion date is present and the work has been on record for 609 days since sanction. Current workflow status: Vendor Identification.
WS/MP18124/2025-2026/162349,ND-WRK-0871,2025-01-07,,Vendor Identification,609,open_work_age,85,True,No completion date is present and the work has been on record for 609 days since sanction. Current workflow status: Vendor Identification.
WS/MP18124/2025-2026/162319,ND-WRK-0866,2025-01-07,,Vendor Identification,609,open_work_age,85,True,No completion date is present and the work has been on record for 609 days since sanction. Current workflow status: Vendor Identification.
WS/MP18124/2025-2026/161241,ND-WRK-0864,2025-01-07,,Vendor Identification,609,open_work_age,85,True,No completion date is present and the work has been on record for 609 days since sanction. Current workflow status: Vendor Identification.
WS/MP18124/2025-2026/162339,ND-WRK-0869,2025-01-12,,Vendor Identification,604,open_work_age,85,True,No completion date is present and the work has been on record for 604 days since sanction. Current workflow status: Vendor Identification.
WS/MP18124/2025-2026/162323,ND-WRK-0867,2025-01-07,,Vendor Identification,609,open_work_age,85,True,No completion date is present and the work has been on record for 609 days since sanction. Current workflow status: Vendor Identification.
WS/MP18120/2025-2026/192247,ND-WRK-0733,2025-03-11,,Physical Inspection,546,open_work_age,85,True,No completion date is present and the work has been on record for 546 days since sanction. Current workflow status: Physical Inspection.
WS/MP18122/2025-2026/175369,ND-WRK-0810,2025-02-12,,Physical Inspection,573,open_work_age,85,True,No completion date is present and the work has been on record for 573 days since sanction. Current workflow status: Physical Inspection.
WS/MP18117/2025-2026/166253,ND-WRK-0540,2025-02-12,,Physical Inspection,573,open_work_age,85,True,No completion date is present and the work has been on record for 573 days since sanction. Current workflow status: Physical Inspection.
WS/MP18118/2025-2026/160495,ND-WRK-0572,2025-03-09,,Vendor Identification,548,open_work_age,85,True,No completion date is present and the work has been on record for 548 days since sanction. Current workflow status: Vendor Identification.
WS/MP18117/2025-2026/166251,ND-WRK-0539,2025-02-12,,Physical Inspection,573,open_work_age,85,True,No completion date is present and the work has been on record for 573 days since sanction. Current workflow status: Physical Inspection.
WS/MP18116/2025-2026/192284,ND-WRK-0430,2025-01-12,,Physical Inspection,604,open_work_age,85,True,No completion date is present and the work has been on record for 604 days since sanction. Current workflow status: Physical Inspection.
WS/MP687/2025-2026/243670,ND-WRK-2362,2025-03-11,,Physical Inspection,546,open_work_age,85,True,No completion date is present and the work has been on record for 546 days since sanction. Current workflow status: Physical Inspection.
WS/MP687/2025-2026/182573,ND-WRK-2354,2025-02-06,,Physical Inspection,579,open_work_age,85,True,No completion date is present and the work has been on record for 579 days since sanction. Current workflow status: Physical Inspection.
WS/MP18119/2025-2026/163406,ND-WRK-0667,2025-04-09,2026-12-02,Physical Inspection,602,completed_duration,80,True,Recorded completion occurred 602 days after sanction.
WS/MP681/2024-2025/134804,ND-WRK-2224,2024-03-10,2025-11-04,Physical Inspection,604,completed_duration,80,True,Recorded completion occurred 604 days after sanction.
WS/MP18127/2025-2026/188399,ND-WRK-1181,2025-04-07,2026-11-04,Work Completed,576,completed_duration,80,True,Recorded completion occurred 576 days after sanction.
WS/MP18119/2025-2026/163404,ND-WRK-0666,2025-04-09,,Sanction,517,open_work_age,70,True,No completion date is present and the work has been on record for 517 days since sanction. Current workflow status: Sanction.
WS/MP18280/2025-2026/186931,ND-WRK-1742,2025-08-08,,Sanction,396,open_work_age,70,True,No completion date is present and the work has been on record for 396 days since sanction. Current workflow status: Sanction.
WS/MP18280/2025-2026/186930,ND-WRK-1741,2025-08-08,,Sanction,396,open_work_age,70,True,No completion date is present and the work has been on record for 396 days since sanction. Current workflow status: Sanction.
WS/MP18280/2025-2026/186929,ND-WRK-1740,2025-08-08,,Sanction,396,open_work_age,70,True,No completion date is present and the work has been on record for 396 days since sanction. Current workflow status: Sanction.
WS/MP18323/2025-2026/144115,ND-WRK-1881,2025-04-11,,Physical Inspection,515,open_work_age,70,True,No completion date is present and the work has been on record for 515 days since sanction. Current workflow status: Physical Inspection.
WS/MP18308/2025-2026/145433,ND-WRK-1848,2025-06-08,,Vendor Identification,457,open_work_age,70,True,No completion date is present and the work has been on record for 457 days since sanction. Current workflow status: Vendor Identification.
WS/MP18308/2025-2026/145420,ND-WRK-1839,2025-06-08,,Vendor Identification,457,open_work_age,70,True,No completion date is present and the work has been on record for 457 days since sanction. Current workflow status: Vendor Identification.
WS/MP18307/2025-2026/180114,ND-WRK-1803,2025-08-10,,Physical Inspection,394,open_work_age,70,True,No completion date is present and the work has been on record for 394 days since sanction. Current workflow status: Physical Inspection.
WS/MP18280/2025-2026/186984,ND-WRK-1764,2025-08-08,,Sanction,396,open_work_age,70,True,No completion date is present and the work has been on record for 396 days since sanction. Current workflow status: Sanction.
WS/MP18280/2025-2026/186983,ND-WRK-1763,2025-08-08,,Sanction,396,open_work_age,70,True,No completion date is present and the work has been on record for 396 days since sanction. Current workflow status: Sanction.
WS/MP18112/2025-2026/217148,ND-WRK-0236,2025-06-08,,Physical Inspection,457,open_work_age,70,True,No completion date is present and the work has been on record for 457 days since sanction. Current workflow status: Physical Inspection.
WS/MP18119/2025-2026/163411,ND-WRK-0671,2025-04-09,,Sanction,517,open_work_age,70,True,No completion date is present and the work has been on record for 517 days since sanction. Current workflow status: Sanction.
WS/MP18119/2025-2026/163410,ND-WRK-0670,2025-04-09,,Sanction,517,open_work_age,70,True,No completion date is present and the work has been on record for 517 days since sanction. Current workflow status: Sanction.
WS/MP18280/2025-2026/186982,ND-WRK-1762,2025-08-08,,Sanction,396,open_work_age,70,True,No completion date is present and the work has been on record for 396 days since sanction. Current workflow status: Sanction.
WS/MP18119/2025-2026/163407,ND-WRK-0668,2025-04-09,,Physical Inspection,517,open_work_age,70,True,No completion date is present and the work has been on record for 517 days since sanction. Current workflow status: Physical Inspection.
WS/MP18323/2025-2026/181820,ND-WRK-1903,2025-04-11,,Physical Inspection,515,open_work_age,70,True,No completion date is present and the work has been on record for 515 days since sanction. Current workflow status: Physical Inspection.
WS/MP18116/2025-2026/186747,ND-WRK-0426,2025-04-07,,Work partially Completed,519,open_work_age,70,True,No completion date is present and the work has been on record for 519 days since sanction. Current workflow status: Work partially Completed.
WS/MP18111/2025-2026/194803,ND-WRK-0102,2025-04-12,,Physical Inspection,514,open_work_age,70,True,No completion date is present and the work has been on record for 514 days since sanction. Current workflow status: Physical Inspection.
WS/MP18116/2025-2026/186744,ND-WRK-0425,2025-04-07,,Work partially Completed,519,open_work_age,70,True,No completion date is present and the work has been on record for 519 days since sanction. Current workflow status: Work partially Completed.
WS/MP18116/2025-2026/186741,ND-WRK-0424,2025-04-07,,Work partially Completed,519,open_work_age,70,True,No completion date is present and the work has been on record for 519 days since sanction. Current workflow status: Work partially Completed.
WS/MP18118/2025-2026/188289,ND-WRK-0578,2025-04-07,,Sanction,519,open_work_age,70,True,No completion date is present and the work has been on record for 519 days since sanction. Current workflow status: Sanction.
WS/MP661/2025-2026/147457,ND-WRK-2090,2025-09-05,,Sanction,368,open_work_age,70,True,No completion date is present and the work has been on record for 368 days since sanction. Current workflow status: Sanction.
WS/MP673/2025-2026/145399,ND-WRK-2171,2025-06-10,,Physical Inspection,455,open_work_age,70,True,No completion date is present and the work has been on record for 455 days since sanction. Current workflow status: Physical Inspection.
WS/MP672/2024-2025/172547,ND-WRK-2139,2025-07-02,,Physical Inspection,433,open_work_age,70,True,No completion date is present and the work has been on record for 433 days since sanction. Current workflow status: Physical Inspection.
WS/MP18112/2025-2026/199855,ND-WRK-0214,2025-06-08,,Work partially Completed,457,open_work_age,70,True,No completion date is present and the work has been on record for 457 days since sanction. Current workflow status: Work partially Completed.
WS/MP18119/2025-2026/163400,ND-WRK-0662,2025-04-09,,Sanction,517,open_work_age,70,True,No completion date is present and the work has been on record for 517 days since sanction. Current workflow status: Sanction.
WS/MP18119/2025-2026/163399,ND-WRK-0661,2025-04-09,,Physical Inspection,517,open_work_age,70,True,No completion date is present and the work has been on record for 517 days since sanction. Current workflow status: Physical Inspection.
WS/MP18119/2025-2026/163397,ND-WRK-0659,2025-04-09,,Sanction,517,open_work_age,70,True,No completion date is present and the work has been on record for 517 days since sanction. Current workflow status: Sanction.
WS/MP18112/2025-2026/189000,ND-WRK-0207,2025-06-08,,Vendor Identification,457,open_work_age,70,True,No completion date is present and the work has been on record for 457 days since sanction. Current workflow status: Vendor Identification.
WS/MP18112/2025-2026/188618,ND-WRK-0198,2025-06-08,,Vendor Identification,457,open_work_age,70,True,No completion date is present and the work has been on record for 457 days since sanction. Current workflow status: Vendor Identification.
WS/MP18112/2025-2026/188617,ND-WRK-0197,2025-06-08,,Vendor Identification,457,open_work_age,70,True,No completion date is present and the work has been on record for 457 days since sanction. Current workflow status: Vendor Identification.
WS/MP18118/2025-2026/188315,ND-WRK-0598,2025-04-07,,Sanction,519,open_work_age,70,True,No completion date is present and the work has been on record for 519 days since sanction. Current workflow status: Sanction.
WS/MP18112/2025-2026/188608,ND-WRK-0195,2025-06-08,,Work partially Completed,457,open_work_age,70,True,No completion date is present and the work has been on record for 457 days since sanction. Current workflow status: Work partially Completed.
WS/MP18112/2025-2026/188607,ND-WRK-0194,2025-06-08,,Work Completed,457,open_work_age,70,True,No completion date is present and the work has been on record for 457 days since sanction. Current workflow status: Work Completed.
WS/MP18118/2025-2026/188306,ND-WRK-0592,2025-04-07,,Work Completed,519,open_work_age,70,True,No completion date is present and the work has been on record for 519 days since sanction. Current workflow status: Work Completed.
WS/MP18112/2025-2026/188586,ND-WRK-0190,2025-06-08,,Vendor Identification,457,open_work_age,70,True,No completion date is present and the work has been on record for 457 days since sanction. Current workflow status: Vendor Identification.
WS/MP18112/2025-2026/188585,ND-WRK-0189,2025-06-08,,Work Completed,457,open_work_age,70,True,No completion date is present and the work has been on record for 457 days since sanction. Current workflow status: Work Completed.
WS/MP18112/2025-2026/188584,ND-WRK-0188,2025-06-08,,Vendor Identification,457,open_work_age,70,True,No completion date is present and the work has been on record for 457 days since sanction. Current workflow status: Vendor Identification.
WS/MP18118/2025-2026/188300,ND-WRK-0586,2025-04-07,,Physical Inspection,519,open_work_age,70,True,No completion date is present and the work has been on record for 519 days since sanction. Current workflow status: Physical Inspection.
WS/MP18118/2025-2026/188293,ND-WRK-0582,2025-04-07,,Sanction,519,open_work_age,70,True,No completion date is present and the work has been on record for 519 days since sanction. Current workflow status: Sanction.
WS/MP18118/2025-2026/188290,ND-WRK-0579,2025-04-07,,Sanction,519,open_work_age,70,True,No completion date is present and the work has been on record for 519 days since sanction. Current workflow status: Sanction.
WS/MP18112/2025-2026/188582,ND-WRK-0187,2025-06-08,,Sanction,457,open_work_age,70,True,No completion date is present and the work has been on record for 457 days since sanction. Current workflow status: Sanction.
WS/MP18112/2025-2026/177328,ND-WRK-0180,2025-06-08,,Work partially Completed,457,open_work_age,70,True,No completion date is present and the work has been on record for 457 days since sanction. Current workflow status: Work partially Completed.
WS/MP18112/2025-2026/177326,ND-WRK-0179,2025-06-08,,Vendor Identification,457,open_work_age,70,True,No completion date is present and the work has been on record for 457 days since sanction. Current workflow status: Vendor Identification.
WS/MP18111/2025-2026/194806,ND-WRK-0105,2025-04-12,,Work Completed,514,open_work_age,70,True,No completion date is present and the work has been on record for 514 days since sanction. Current workflow status: Work Completed.
WS/MP18112/2025-2026/211417,ND-WRK-0229,2025-06-08,,Vendor Identification,457,open_work_age,70,True,No completion date is present and the work has been on record for 457 days since sanction. Current workflow status: Vendor Identification.
WS/MP681/2025-2026/163067,ND-WRK-2267,2025-09-05,,Sanction,368,open_work_age,70,True,No completion date is present and the work has been on record for 368 days since sanction. Current workflow status: Sanction.
WS/MP681/2025-2026/161564,ND-WRK-2265,2025-05-08,,Sanction,488,open_work_age,70,True,No completion date is present and the work has been on record for 488 days since sanction. Current workflow status: Sanction.
WS/MP18127/2025-2026/188376,ND-WRK-1165,2025-04-07,,Work partially Completed,519,open_work_age,70,True,No completion date is present and the work has been on record for 519 days since sanction. Current workflow status: Work partially Completed.
WS/MP18127/2025-2026/188374,ND-WRK-1163,2025-04-07,,Sanction,519,open_work_age,70,True,No completion date is present and the work has been on record for 519 days since sanction. Current workflow status: Sanction.
WS/MP18127/2025-2026/188371,ND-WRK-1160,2025-04-07,,Work partially Completed,519,open_work_age,70,True,No completion date is present and the work has been on record for 519 days since sanction. Current workflow status: Work partially Completed.
WS/MP18127/2025-2026/188405,ND-WRK-1185,2025-04-07,,Physical Inspection,519,open_work_age,70,True,No completion date is present and the work has been on record for 519 days since sanction. Current workflow status: Physical Inspection.
WS/MP681/2024-2025/163044,ND-WRK-2258,2025-06-02,,Sanction,463,open_work_age,70,True,No completion date is present and the work has been on record for 463 days since sanction. Current workflow status: Sanction.
WS/MP18131/2025-2026/193710,ND-WRK-1291,2025-07-05,,Sanction,430,open_work_age,70,True,No completion date is present and the work has been on record for 430 days since sanction. Current workflow status: Sanction.
WS/MP18131/2025-2026/191838,ND-WRK-1290,2025-07-05,,Sanction,430,open_work_age,70,True,No completion date is present and the work has been on record for 430 days since sanction. Current workflow status: Sanction.
WS/MP18131/2025-2026/191837,ND-WRK-1289,2025-07-05,,Sanction,430,open_work_age,70,True,No completion date is present and the work has been on record for 430 days since sanction. Current workflow status: Sanction.
WS/MP18131/2025-2026/191835,ND-WRK-1288,2025-07-05,,Sanction,430,open_work_age,70,True,No completion date is present and the work has been on record for 430 days since sanction. Current workflow status: Sanction.
WS/MP681/2024-2025/144067,ND-WRK-2251,2025-07-01,,Vendor Identification,434,open_work_age,70,True,No completion date is present and the work has been on record for 434 days since sanction. Current workflow status: Vendor Identification.
WS/MP681/2024-2025/144040,ND-WRK-2249,2025-07-01,,Vendor Identification,434,open_work_age,70,True,No completion date is present and the work has been on record for 434 days since sanction. Current workflow status: Vendor Identification.
WS/MP18132/2025-2026/179008,ND-WRK-1370,2025-05-08,,Sanction,488,open_work_age,70,True,No completion date is present and the work has been on record for 488 days since sanction. Current workflow status: Sanction.
WS/MP18132/2025-2026/179007,ND-WRK-1369,2025-07-07,,Sanction,428,open_work_age,70,True,No completion date is present and the work has been on record for 428 days since sanction. Current workflow status: Sanction.
WS/MP18132/2025-2026/179006,ND-WRK-1368,2025-07-07,,Sanction,428,open_work_age,70,True,No completion date is present and the work has been on record for 428 days since sanction. Current workflow status: Sanction.
WS/MP18132/2025-2026/179005,ND-WRK-1367,2025-07-07,,Sanction,428,open_work_age,70,True,No completion date is present and the work has been on record for 428 days since sanction. Current workflow status: Sanction.
WS/MP18132/2025-2026/179002,ND-WRK-1364,2025-07-07,,Sanction,428,open_work_age,70,True,No completion date is present and the work has been on record for 428 days since sanction. Current workflow status: Sanction.
WS/MP18112/2025-2026/188591,ND-WRK-0192,2025-06-08,,Work Completed,457,open_work_age,70,True,No completion date is present and the work has been on record for 457 days since sanction. Current workflow status: Work Completed.
WS/MP18132/2025-2026/174566,ND-WRK-1350,2025-07-07,,Work partially Completed,428,open_work_age,70,True,No completion date is present and the work has been on record for 428 days since sanction. Current workflow status: Work partially Completed.
WS/MP18112/2025-2026/188589,ND-WRK-0191,2025-06-08,,Work Completed,457,open_work_age,70,True,No completion date is present and the work has been on record for 457 days since sanction. Current workflow status: Work Completed.
WS/MP18132/2025-2026/226567,ND-WRK-1416,2025-07-10,,Sanction,425,open_work_age,70,True,No completion date is present and the work has been on record for 425 days since sanction. Current workflow status: Sanction.
WS/MP18132/2025-2026/226565,ND-WRK-1414,2025-07-10,,Sanction,425,open_work_age,70,True,No completion date is present and the work has been on record for 425 days since sanction. Current workflow status: Sanction.
WS/MP18132/2025-2026/226564,ND-WRK-1413,2025-07-10,,Sanction,425,open_work_age,70,True,No completion date is present and the work has been on record for 425 days since sanction. Current workflow status: Sanction.
WS/MP18132/2025-2026/226562,ND-WRK-1411,2025-07-10,,Sanction,425,open_work_age,70,True,No completion date is present and the work has been on record for 425 days since sanction. Current workflow status: Sanction.
WS/MP18132/2025-2026/226558,ND-WRK-1407,2025-07-10,,Sanction,425,open_work_age,70,True,No completion date is present and the work has been on record for 425 days since sanction. Current workflow status: Sanction.
WS/MP18132/2025-2026/226547,ND-WRK-1398,2025-07-10,,Sanction,425,open_work_age,70,True,No completion date is present and the work has been on record for 425 days since sanction. Current workflow status: Sanction.
WS/MP18132/2025-2026/226542,ND-WRK-1393,2025-07-10,,Sanction,425,open_work_age,70,True,No completion date is present and the work has been on record for 425 days since sanction. Current workflow status: Sanction.
WS/MP18132/2025-2026/226535,ND-WRK-1387,2025-06-10,,Sanction,455,open_work_age,70,True,No completion date is present and the work has been on record for 455 days since sanction. Current workflow status: Sanction.
WS/MP18132/2025-2026/205459,ND-WRK-1383,2025-06-10,,Work partially Completed,455,open_work_age,70,True,No completion date is present and the work has been on record for 455 days since sanction. Current workflow status: Work partially Completed.
WS/MP685/2025-2026/143374,ND-WRK-2288,2025-07-04,,Physical Inspection,431,open_work_age,70,True,No completion date is present and the work has been on record for 431 days since sanction. Current workflow status: Physical Inspection.
,ND-WRK-4805,2025-06-05,,Work Completed,460,open_work_age,70,True,No completion date is present and the work has been on record for 460 days since sanction. Current workflow status: Work Completed.
,ND-WRK-4803,2025-04-07,,Sanction,519,open_work_age,70,True,No completion date is present and the work has been on record for 519 days since sanction. Current workflow status: Sanction.
,ND-WRK-4802,2025-06-05,,Physical Inspection,460,open_work_age,70,True,No completion date is present and the work has been on record for 460 days since sanction. Current workflow status: Physical Inspection.
WS/MP18132/2025-2026/189851,ND-WRK-1377,2025-07-07,,Sanction,428,open_work_age,70,True,No completion date is present and the work has been on record for 428 days since sanction. Current workflow status: Sanction.
WS/MP18133/2025-2026/164658,ND-WRK-1475,2025-04-04,,Sanction,522,open_work_age,70,True,No completion date is present and the work has been on record for 522 days since sanction. Current workflow status: Sanction.
WS/MP18133/2025-2026/164656,ND-WRK-1474,2025-04-04,,Sanction,522,open_work_age,70,True,No completion date is present and the work has been on record for 522 days since sanction. Current workflow status: Sanction.
WS/MP18136/2025-2026/167490,ND-WRK-1658,2025-09-04,,Work Completed,369,open_work_age,70,True,No completion date is present and the work has been on record for 369 days since sanction. Current workflow status: Work Completed.
WS/MP18136/2025-2026/165242,ND-WRK-1651,2025-09-04,,Work Completed,369,open_work_age,70,True,No completion date is present and the work has been on record for 369 days since sanction. Current workflow status: Work Completed.
WS/MP18136/2025-2026/165241,ND-WRK-1650,2025-09-04,,Work Completed,369,open_work_age,70,True,No completion date is present and the work has been on record for 369 days since sanction. Current workflow status: Work Completed.
WS/MP18136/2025-2026/165240,ND-WRK-1649,2025-09-04,,Work Completed,369,open_work_age,70,True,No completion date is present and the work has been on record for 369 days since sanction. Current workflow status: Work Completed.
WS/MP18136/2025-2026/165206,ND-WRK-1647,2025-09-04,,Vendor Identification,369,open_work_age,70,True,No completion date is present and the work has been on record for 369 days since sanction. Current workflow status: Vendor Identification.
WS/MP18136/2025-2026/165205,ND-WRK-1646,2025-09-04,,Physical Inspection,369,open_work_age,70,True,No completion date is present and the work has been on record for 369 days since sanction. Current workflow status: Physical Inspection.
WS/MP18136/2025-2026/180113,ND-WRK-1667,2025-07-05,,Work Completed,430,open_work_age,70,True,No completion date is present and the work has been on record for 430 days since sanction. Current workflow status: Work Completed.
WS/MP18136/2025-2026/176829,ND-WRK-1663,2025-07-05,,Work Completed,430,open_work_age,70,True,No completion date is present and the work has been on record for 430 days since sanction. Current workflow status: Work Completed.
WS/MP18136/2025-2026/175623,ND-WRK-1662,2025-07-05,,Sanction,430,open_work_age,70,True,No completion date is present and the work has been on record for 430 days since sanction. Current workflow status: Sanction.
WS/MP18136/2025-2026/167493,ND-WRK-1661,2025-09-04,,Work Completed,369,open_work_age,70,True,No completion date is present and the work has been on record for 369 days since sanction. Current workflow status: Work Completed.
WS/MP18136/2025-2026/167492,ND-WRK-1660,2025-09-04,,Work Completed,369,open_work_age,70,True,No completion date is present and the work has been on record for 369 days since sanction. Current workflow status: Work Completed.
WS/MP18136/2025-2026/167491,ND-WRK-1659,2025-09-04,,Work Completed,369,open_work_age,70,True,No completion date is present and the work has been on record for 369 days since sanction. Current workflow status: Work Completed.
WS/MP18136/2025-2026/167489,ND-WRK-1657,2025-09-04,,Work Completed,369,open_work_age,70,True,No completion date is present and the work has been on record for 369 days since sanction. Current workflow status: Work Completed.
WS/MP18136/2025-2026/167487,ND-WRK-1656,2025-09-04,,Work Completed,369,open_work_age,70,True,No completion date is present and the work has been on record for 369 days since sanction. Current workflow status: Work Completed.
WS/MP18136/2025-2026/165694,ND-WRK-1655,2025-09-04,,Work Completed,369,open_work_age,70,True,No completion date is present and the work has been on record for 369 days since sanction. Current workflow status: Work Completed.
WS/MP18136/2025-2026/165244,ND-WRK-1653,2025-09-04,,Work Completed,369,open_work_age,70,True,No completion date is present and the work has been on record for 369 days since sanction. Current workflow status: Work Completed.
WS/MP18136/2025-2026/165243,ND-WRK-1652,2025-09-04,,Work Completed,369,open_work_age,70,True,No completion date is present and the work has been on record for 369 days since sanction. Current workflow status: Work Completed.
WS/MP18280/2025-2026/186981,ND-WRK-1761,2025-08-08,,Sanction,396,open_work_age,70,True,No completion date is present and the work has been on record for 396 days since sanction. Current workflow status: Sanction.
WS/MP18280/2025-2026/186937,ND-WRK-1747,2025-08-08,,Sanction,396,open_work_age,70,True,No completion date is present and the work has been on record for 396 days since sanction. Current workflow status: Sanction.
WS/MP18280/2025-2026/186936,ND-WRK-1746,2025-08-08,,Sanction,396,open_work_age,70,True,No completion date is present and the work has been on record for 396 days since sanction. Current workflow status: Sanction.
WS/MP18280/2025-2026/186934,ND-WRK-1745,2025-08-08,,Sanction,396,open_work_age,70,True,No completion date is present and the work has been on record for 396 days since sanction. Current workflow status: Sanction.
WS/MP18280/2025-2026/186933,ND-WRK-1744,2025-08-08,,Sanction,396,open_work_age,70,True,No completion date is present and the work has been on record for 396 days since sanction. Current workflow status: Sanction.
WS/MP18280/2025-2026/186932,ND-WRK-1743,2025-08-08,,Sanction,396,open_work_age,70,True,No completion date is present and the work has been on record for 396 days since sanction. Current workflow status: Sanction.
WS/MP18131/2025-2026/191833,ND-WRK-1287,2025-07-05,2026-10-08,Physical Inspection,460,completed_duration,60,True,Recorded completion occurred 460 days after sanction.
WS/MP18116/2025-2026/185875,ND-WRK-0419,2025-01-10,2026-04-02,Physical Inspection,447,completed_duration,60,True,Recorded completion occurred 447 days after sanction.
WS/MP18131/2025-2026/193711,ND-WRK-1292,2025-07-05,2026-08-04,Physical Inspection,395,completed_duration,60,True,Recorded completion occurred 395 days after sanction.
WS/MP687/2025-2026/182569,ND-WRK-2350,2025-03-09,2026-04-05,Physical Inspection,392,completed_duration,60,True,Recorded completion occurred 392 days after sanction.
WS/MP18119/2025-2026/163408,ND-WRK-0669,2025-04-09,2026-09-03,Physical Inspection,512,completed_duration,60,True,Recorded completion occurred 512 days after sanction.
WS/MP18132/2025-2026/189856,ND-WRK-1381,2025-05-08,2026-07-04,Physical Inspection,422,completed_duration,60,True,Recorded completion occurred 422 days after sanction.
WS/MP18132/2025-2026/189855,ND-WRK-1380,2025-07-07,2026-08-01,Physical Inspection,390,completed_duration,60,True,Recorded completion occurred 390 days after sanction.
WS/MP18136/2025-2026/179863,ND-WRK-1666,2025-07-05,2026-09-02,Work Completed,424,completed_duration,60,True,Recorded completion occurred 424 days after sanction.
WS/MP18136/2025-2026/179020,ND-WRK-1664,2025-07-05,2026-09-02,Work Completed,424,completed_duration,60,True,Recorded completion occurred 424 days after sanction.
WS/MP18112/2025-2026/199853,ND-WRK-0213,2025-06-08,2026-10-04,Work Completed,483,completed_duration,60,True,Recorded completion occurred 483 days after sanction.
WS/MP18112/2025-2026/188592,ND-WRK-0193,2025-06-08,2026-12-04,Work Completed,544,completed_duration,60,True,Recorded completion occurred 544 days after sanction.
WS/MP685/2025-2026/175373,ND-WRK-2291,2025-09-05,2026-11-02,Physical Inspection,423,completed_duration,60,True,Recorded completion occurred 423 days after sanction.
WS/MP18124/2025-2026/162403,ND-WRK-0880,2025-12-08,,Vendor Identification,274,open_work_age,40,False,No completion date is present and the work has been on record for 274 days since sanction. Current workflow status: Vendor Identification.
WS/MP18112/2025-2026/213864,ND-WRK-0232,2025-09-10,,Sanction,363,open_work_age,40,False,No completion date is present and the work has been on record for 363 days since sanction. Current workflow status: Sanction.
WS/MP18119/2025-2026/163403,ND-WRK-0665,2025-11-09,,Sanction,303,open_work_age,40,False,No completion date is present and the work has been on record for 303 days since sanction. Current workflow status: Sanction.
WS/MP18119/2025-2026/163402,ND-WRK-0664,2025-11-09,,Physical Inspection,303,open_work_age,40,False,No completion date is present and the work has been on record for 303 days since sanction. Current workflow status: Physical Inspection.
WS/MP18119/2025-2026/163401,ND-WRK-0663,2025-11-09,,Physical Inspection,303,open_work_age,40,False,No completion date is present and the work has been on record for 303 days since sanction. Current workflow status: Physical Inspection.
WS/MP18114/2025-2026/157450,ND-WRK-0336,2025-12-08,,Physical Inspection,274,open_work_age,40,False,No completion date is present and the work has been on record for 274 days since sanction. Current workflow status: Physical Inspection.
WS/MP18119/2025-2026/163396,ND-WRK-0658,2025-11-09,,Sanction,303,open_work_age,40,False,No completion date is present and the work has been on record for 303 days since sanction. Current workflow status: Sanction.
WS/MP18119/2025-2026/163395,ND-WRK-0657,2025-11-09,,Work Completed,303,open_work_age,40,False,No completion date is present and the work has been on record for 303 days since sanction. Current workflow status: Work Completed.
WS/MP18119/2025-2026/163394,ND-WRK-0656,2025-11-09,,Sanction,303,open_work_age,40,False,No completion date is present and the work has been on record for 303 days since sanction. Current workflow status: Sanction.
WS/MP18112/2025-2026/213855,ND-WRK-0231,2025-09-10,,Sanction,363,open_work_age,40,False,No completion date is present and the work has been on record for 363 days since sanction. Current workflow status: Sanction.
WS/MP18124/2025-2026/162402,ND-WRK-0879,2025-12-08,,Vendor Identification,274,open_work_age,40,False,No completion date is present and the work has been on record for 274 days since sanction. Current workflow status: Vendor Identification.
WS/MP18120/2025-2026/169263,ND-WRK-0721,2025-09-09,,Physical Inspection,364,open_work_age,40,False,No completion date is present and the work has been on record for 364 days since sanction. Current workflow status: Physical Inspection.
WS/MP18124/2025-2026/162401,ND-WRK-0878,2025-12-08,,Vendor Identification,274,open_work_age,40,False,No completion date is present and the work has been on record for 274 days since sanction. Current workflow status: Vendor Identification.
WS/MP18124/2025-2026/162368,ND-WRK-0874,2025-12-08,,Vendor Identification,274,open_work_age,40,False,No completion date is present and the work has been on record for 274 days since sanction. Current workflow status: Vendor Identification.
WS/MP18124/2025-2026/165785,ND-WRK-0889,2025-12-08,,Vendor Identification,274,open_work_age,40,False,No completion date is present and the work has been on record for 274 days since sanction. Current workflow status: Vendor Identification.
WS/MP18124/2025-2026/165777,ND-WRK-0886,2025-12-08,,Vendor Identification,274,open_work_age,40,False,No completion date is present and the work has been on record for 274 days since sanction. Current workflow status: Vendor Identification.
WS/MP18124/2025-2026/165771,ND-WRK-0885,2025-12-08,,Vendor Identification,274,open_work_age,40,False,No completion date is present and the work has been on record for 274 days since sanction. Current workflow status: Vendor Identification.
WS/MP18122/2025-2026/168731,ND-WRK-0800,2025-10-11,,Vendor Identification,332,open_work_age,40,False,No completion date is present and the work has been on record for 332 days since sanction. Current workflow status: Vendor Identification.
WS/MP18124/2025-2026/165767,ND-WRK-0884,2025-12-08,,Vendor Identification,274,open_work_age,40,False,No completion date is present and the work has been on record for 274 days since sanction. Current workflow status: Vendor Identification.
WS/MP18119/2025-2026/163482,ND-WRK-0687,2025-11-08,,Physical Inspection,304,open_work_age,40,False,No completion date is present and the work has been on record for 304 days since sanction. Current workflow status: Physical Inspection.
WS/MP18119/2025-2026/163471,ND-WRK-0679,2025-11-08,,Physical Inspection,304,open_work_age,40,False,No completion date is present and the work has been on record for 304 days since sanction. Current workflow status: Physical Inspection.
WS/MP18132/2025-2026/174577,ND-WRK-1357,2025-10-06,,Sanction,337,open_work_age,40,False,No completion date is present and the work has been on record for 337 days since sanction. Current workflow status: Sanction.
WS/MP18132/2025-2026/174562,ND-WRK-1346,2025-10-06,,Work partially Completed,337,open_work_age,40,False,No completion date is present and the work has been on record for 337 days since sanction. Current workflow status: Work partially Completed.
WS/MP687/2025-2026/182094,ND-WRK-2344,2025-12-08,,Physical Inspection,274,open_work_age,40,False,No completion date is present and the work has been on record for 274 days since sanction. Current workflow status: Physical Inspection.
WS/MP687/2025-2026/182089,ND-WRK-2342,2025-10-06,,Physical Inspection,337,open_work_age,40,False,No completion date is present and the work has been on record for 337 days since sanction. Current workflow status: Physical Inspection.
WS/MP18132/2025-2026/189854,ND-WRK-1379,2025-10-06,,Sanction,337,open_work_age,40,False,No completion date is present and the work has been on record for 337 days since sanction. Current workflow status: Sanction.
WS/MP18132/2025-2026/189852,ND-WRK-1378,2025-10-06,,Sanction,337,open_work_age,40,False,No completion date is present and the work has been on record for 337 days since sanction. Current workflow status: Sanction.
WS/MP18132/2025-2026/179015,ND-WRK-1373,2025-10-06,,Work Completed,337,open_work_age,40,False,No completion date is present and the work has been on record for 337 days since sanction. Current workflow status: Work Completed.
WS/MP18133/2025-2026/148483,ND-WRK-1442,2025-12-08,,Sanction,274,open_work_age,40,False,No completion date is present and the work has been on record for 274 days since sanction. Current workflow status: Sanction.
WS/MP18133/2025-2026/148479,ND-WRK-1438,2025-12-08,,Sanction,274,open_work_age,40,False,No completion date is present and the work has been on record for 274 days since sanction. Current workflow status: Sanction.
WS/MP687/2025-2026/182087,ND-WRK-2340,2025-10-06,,Physical Inspection,337,open_work_age,40,False,No completion date is present and the work has been on record for 337 days since sanction. Current workflow status: Physical Inspection.
WS/MP673/2025-2026/199064,ND-WRK-2183,2025-10-10,,Physical Inspection,333,open_work_age,40,False,No completion date is present and the work has been on record for 333 days since sanction. Current workflow status: Physical Inspection.
WS/MP687/2025-2026/182084,ND-WRK-2338,2025-10-06,,Physical Inspection,337,open_work_age,40,False,No completion date is present and the work has been on record for 337 days since sanction. Current workflow status: Physical Inspection.
WS/MP18133/2025-2026/148463,ND-WRK-1434,2025-12-08,,Sanction,274,open_work_age,40,False,No completion date is present and the work has been on record for 274 days since sanction. Current workflow status: Sanction.
WS/MP18112/2024-2025/136991,ND-WRK-0160,2025-11-03,,Work partially Completed,309,open_work_age,40,False,No completion date is present and the work has been on record for 309 days since sanction. Current workflow status: Work partially Completed.
WS/MP672/2024-2025/157560,ND-WRK-2137,2025-11-02,,Physical Inspection,310,open_work_age,40,False,No completion date is present and the work has been on record for 310 days since sanction. Current workflow status: Physical Inspection.
WS/MP18119/2025-2026/163480,ND-WRK-0686,2025-11-08,,Sanction,304,open_work_age,40,False,No completion date is present and the work has been on record for 304 days since sanction. Current workflow status: Sanction.
WS/MP681/2025-2026/216393,ND-WRK-2268,2025-09-12,,Sanction,361,open_work_age,40,False,No completion date is present and the work has been on record for 361 days since sanction. Current workflow status: Sanction.
WS/MP18112/2025-2026/200117,ND-WRK-0224,2025-09-10,,Sanction,363,open_work_age,40,False,No completion date is present and the work has been on record for 363 days since sanction. Current workflow status: Sanction.
WS/MP18112/2025-2026/200113,ND-WRK-0222,2025-09-10,,Sanction,363,open_work_age,40,False,No completion date is present and the work has been on record for 363 days since sanction. Current workflow status: Sanction.
WS/MP18112/2025-2026/200112,ND-WRK-0221,2025-09-10,,Sanction,363,open_work_age,40,False,No completion date is present and the work has been on record for 363 days since sanction. Current workflow status: Sanction.
WS/MP18112/2025-2026/200111,ND-WRK-0220,2025-09-10,,Sanction,363,open_work_age,40,False,No completion date is present and the work has been on record for 363 days since sanction. Current workflow status: Sanction.
WS/MP18133/2025-2026/148598,ND-WRK-1469,2025-12-08,,Sanction,274,open_work_age,40,False,No completion date is present and the work has been on record for 274 days since sanction. Current workflow status: Sanction.
WS/MP18119/2025-2026/163478,ND-WRK-0684,2025-11-08,,Physical Inspection,304,open_work_age,40,False,No completion date is present and the work has been on record for 304 days since sanction. Current workflow status: Physical Inspection.
WS/MP18131/2025-2026/186418,ND-WRK-1278,2025-10-07,,Physical Inspection,336,open_work_age,40,False,No completion date is present and the work has been on record for 336 days since sanction. Current workflow status: Physical Inspection.
WS/MP18133/2025-2026/148561,ND-WRK-1459,2025-12-08,,Sanction,274,open_work_age,40,False,No completion date is present and the work has been on record for 274 days since sanction. Current workflow status: Sanction.
WS/MP18119/2025-2026/163477,ND-WRK-0683,2025-11-08,,Sanction,304,open_work_age,40,False,No completion date is present and the work has been on record for 304 days since sanction. Current workflow status: Sanction.
WS/MP18308/2025-2026/145411,ND-WRK-1835,2025-12-08,,Vendor Identification,274,open_work_age,40,False,No completion date is present and the work has been on record for 274 days since sanction. Current workflow status: Vendor Identification.
WS/MP18133/2025-2026/148486,ND-WRK-1444,2025-12-08,,Sanction,274,open_work_age,40,False,No completion date is present and the work has been on record for 274 days since sanction. Current workflow status: Sanction.
WS/MP18133/2025-2026/148485,ND-WRK-1443,2025-12-08,,Sanction,274,open_work_age,40,False,No completion date is present and the work has been on record for 274 days since sanction. Current workflow status: Sanction.
WS/MP18133/2025-2026/148917,ND-WRK-1472,2025-12-08,,Sanction,274,open_work_age,40,False,No completion date is present and the work has been on record for 274 days since sanction. Current workflow status: Sanction.
WS/MP687/2025-2026/182570,ND-WRK-2351,2025-11-06,,Physical Inspection,306,open_work_age,40,False,No completion date is present and the work has been on record for 306 days since sanction. Current workflow status: Physical Inspection.
WS/MP18112/2025-2026/203654,ND-WRK-0226,2025-09-10,,Sanction,363,open_work_age,40,False,No completion date is present and the work has been on record for 363 days since sanction. Current workflow status: Sanction.
WS/MP18116/2025-2026/235750,ND-WRK-0474,2026-02-02,,Work partially Completed,218,open_work_age,0,False,No completion date is present and the work has been on record for 218 days since sanction. Current workflow status: Work partially Completed.
WS/MP18116/2025-2026/235747,ND-WRK-0473,2026-02-02,,Work partially Completed,218,open_work_age,0,False,No completion date is present and the work has been on record for 218 days since sanction. Current workflow status: Work partially Completed.
WS/MP18116/2025-2026/235500,ND-WRK-0472,2026-03-02,,Work partially Completed,190,open_work_age,0,False,No completion date is present and the work has been on record for 190 days since sanction. Current workflow status: Work partially Completed.
WS/MP18116/2025-2026/235496,ND-WRK-0471,2026-10-02,,Work partially Completed,-24,open_work_age,0,False,No completion date is present and the work has been on record for -24 days since sanction. Current workflow status: Work partially Completed.
WS/MP18116/2025-2026/232160,ND-WRK-0470,2026-03-02,,Work partially Completed,190,open_work_age,0,False,No completion date is present and the work has been on record for 190 days since sanction. Current workflow status: Work partially Completed.
WS/MP18116/2025-2026/232158,ND-WRK-0469,2026-03-02,,Work partially Completed,190,open_work_age,0,False,No completion date is present and the work has been on record for 190 days since sanction. Current workflow status: Work partially Completed.
WS/MP18116/2025-2026/232156,ND-WRK-0468,2026-03-02,,Work partially Completed,190,open_work_age,0,False,No completion date is present and the work has been on record for 190 days since sanction. Current workflow status: Work partially Completed.
WS/MP18116/2025-2026/229118,ND-WRK-0467,2026-03-02,,Work partially Completed,190,open_work_age,0,False,No completion date is present and the work has been on record for 190 days since sanction. Current workflow status: Work partially Completed.
WS/MP18116/2025-2026/228146,ND-WRK-0466,2026-10-02,,Physical Inspection,-24,open_work_age,0,False,No completion date is present and the work has been on record for -24 days since sanction. Current workflow status: Physical Inspection.
WS/MP18116/2026-2027/224084,ND-WRK-0509,2026-09-04,,Sanction,4,open_work_age,0,False,No completion date is present and the work has been on record for 4 days since sanction. Current workflow status: Sanction.
WS/MP18116/2026-2027/220975,ND-WRK-0508,2026-07-04,,Vendor Identification,66,open_work_age,0,False,No completion date is present and the work has been on record for 66 days since sanction. Current workflow status: Vendor Identification.
WS/MP18116/2026-2027/220968,ND-WRK-0507,2026-07-04,,Vendor Identification,66,open_work_age,0,False,No completion date is present and the work has been on record for 66 days since sanction. Current workflow status: Vendor Identification.
WS/MP18116/2026-2027/220965,ND-WRK-0506,2026-07-04,,Vendor Identification,66,open_work_age,0,False,No completion date is present and the work has been on record for 66 days since sanction. Current workflow status: Vendor Identification.
WS/MP18116/2026-2027/213894,ND-WRK-0505,2026-09-04,,Sanction,4,open_work_age,0,False,No completion date is present and the work has been on record for 4 days since sanction. Current workflow status: Sanction.
WS/MP18116/2026-2027/213892,ND-WRK-0504,2026-09-04,,Sanction,4,open_work_age,0,False,No completion date is present and the work has been on record for 4 days since sanction. Current workflow status: Sanction.
WS/MP18116/2026-2027/186750,ND-WRK-0499,2026-09-04,,Work partially Completed,4,open_work_age,0,False,No completion date is present and the work has been on record for 4 days since sanction. Current workflow status: Work partially Completed.
WS/MP18116/2026-2027/186732,ND-WRK-0498,2026-09-04,,Work partially Completed,4,open_work_age,0,False,No completion date is present and the work has been on record for 4 days since sanction. Current workflow status: Work partially Completed.
WS/MP18116/2025-2026/252830,ND-WRK-0497,2026-02-02,,Sanction,218,open_work_age,0,False,No completion date is present and the work has been on record for 218 days since sanction. Current workflow status: Sanction.
WS/MP18116/2025-2026/251624,ND-WRK-0496,2026-02-02,,Work partially Completed,218,open_work_age,0,False,No completion date is present and the work has been on record for 218 days since sanction. Current workflow status: Work partially Completed.
WS/MP18116/2025-2026/251303,ND-WRK-0495,2026-02-02,,Vendor Identification,218,open_work_age,0,False,No completion date is present and the work has been on record for 218 days since sanction. Current workflow status: Vendor Identification.
WS/MP18116/2025-2026/241509,ND-WRK-0493,2026-03-02,,Work partially Completed,190,open_work_age,0,False,No completion date is present and the work has been on record for 190 days since sanction. Current workflow status: Work partially Completed.
WS/MP18116/2025-2026/240795,ND-WRK-0492,2026-03-02,,Work partially Completed,190,open_work_age,0,False,No completion date is present and the work has been on record for 190 days since sanction. Current workflow status: Work partially Completed.
WS/MP18116/2025-2026/240791,ND-WRK-0491,2026-03-02,,Work partially Completed,190,open_work_age,0,False,No completion date is present and the work has been on record for 190 days since sanction. Current workflow status: Work partially Completed.
WS/MP18116/2025-2026/240789,ND-WRK-0490,2026-03-02,,Work partially Completed,190,open_work_age,0,False,No completion date is present and the work has been on record for 190 days since sanction. Current workflow status: Work partially Completed.
WS/MP18116/2025-2026/240788,ND-WRK-0489,2026-03-02,,Work partially Completed,190,open_work_age,0,False,No completion date is present and the work has been on record for 190 days since sanction. Current workflow status: Work partially Completed.
WS/MP18117/2025-2026/164398,ND-WRK-0532,2026-05-02,,Sanction,129,open_work_age,0,False,No completion date is present and the work has been on record for 129 days since sanction. Current workflow status: Sanction.
WS/MP18117/2025-2026/164393,ND-WRK-0530,2026-05-02,,Physical Inspection,129,open_work_age,0,False,No completion date is present and the work has been on record for 129 days since sanction. Current workflow status: Physical Inspection.
WS/MP18117/2025-2026/164385,ND-WRK-0528,2026-05-02,,Physical Inspection,129,open_work_age,0,False,No completion date is present and the work has been on record for 129 days since sanction. Current workflow status: Physical Inspection.
WS/MP18117/2025-2026/164378,ND-WRK-0527,2026-04-02,,Sanction,159,open_work_age,0,False,No completion date is present and the work has been on record for 159 days since sanction. Current workflow status: Sanction.
WS/MP18117/2025-2026/164375,ND-WRK-0526,2026-04-02,,Sanction,159,open_work_age,0,False,No completion date is present and the work has been on record for 159 days since sanction. Current workflow status: Sanction.
WS/MP18117/2025-2026/164367,ND-WRK-0525,2026-04-02,,Sanction,159,open_work_age,0,False,No completion date is present and the work has been on record for 159 days since sanction. Current workflow status: Sanction.
WS/MP18117/2025-2026/164365,ND-WRK-0524,2026-04-02,,Sanction,159,open_work_age,0,False,No completion date is present and the work has been on record for 159 days since sanction. Current workflow status: Sanction.
WS/MP18117/2025-2026/164364,ND-WRK-0523,2026-04-02,,Physical Inspection,159,open_work_age,0,False,No completion date is present and the work has been on record for 159 days since sanction. Current workflow status: Physical Inspection.
WS/MP18117/2025-2026/164358,ND-WRK-0522,2026-12-02,,Sanction,-85,open_work_age,0,False,No completion date is present and the work has been on record for -85 days since sanction. Current workflow status: Sanction.
WS/MP18117/2025-2026/164349,ND-WRK-0521,2026-12-02,,Time Estimation,-85,open_work_age,0,False,No completion date is present and the work has been on record for -85 days since sanction. Current workflow status: Time Estimation.
WS/MP18117/2025-2026/164347,ND-WRK-0520,2026-12-02,,Sanction,-85,open_work_age,0,False,No completion date is present and the work has been on record for -85 days since sanction. Current workflow status: Sanction.
WS/MP18117/2025-2026/164345,ND-WRK-0519,2026-12-02,,Time Estimation,-85,open_work_age,0,False,No completion date is present and the work has been on record for -85 days since sanction. Current workflow status: Time Estimation.
WS/MP18116/2026-2027/232199,ND-WRK-0514,2026-09-04,,Work partially Completed,4,open_work_age,0,False,No completion date is present and the work has been on record for 4 days since sanction. Current workflow status: Work partially Completed.
WS/MP18116/2026-2027/232150,ND-WRK-0513,2026-07-08,,Physical Inspection,62,open_work_age,0,False,No completion date is present and the work has been on record for 62 days since sanction. Current workflow status: Physical Inspection.
WS/MP18116/2026-2027/230997,ND-WRK-0512,2026-09-04,,Work partially Completed,4,open_work_age,0,False,No completion date is present and the work has been on record for 4 days since sanction. Current workflow status: Work partially Completed.
WS/MP18116/2026-2027/230996,ND-WRK-0511,2026-09-04,,Vendor Identification,4,open_work_age,0,False,No completion date is present and the work has been on record for 4 days since sanction. Current workflow status: Vendor Identification.
WS/MP18118/2025-2026/188284,ND-WRK-0575,2026-02-01,,Physical Inspection,219,open_work_age,0,False,No completion date is present and the work has been on record for 219 days since sanction. Current workflow status: Physical Inspection.
WS/MP18117/2026-2027/290949,ND-WRK-0569,2026-07-08,,Sanction,62,open_work_age,0,False,No completion date is present and the work has been on record for 62 days since sanction. Current workflow status: Sanction.
WS/MP18117/2026-2027/290945,ND-WRK-0568,2026-07-08,,Sanction,62,open_work_age,0,False,No completion date is present and the work has been on record for 62 days since sanction. Current workflow status: Sanction.
WS/MP18117/2026-2027/290936,ND-WRK-0567,2026-07-08,,Sanction,62,open_work_age,0,False,No completion date is present and the work has been on record for 62 days since sanction. Current workflow status: Sanction.
WS/MP18117/2026-2027/164338,ND-WRK-0558,2026-07-08,2026-07-08,Physical Inspection,0,completed_duration,0,False,Recorded completion occurred 0 days after sanction.
WS/MP18117/2025-2026/248758,ND-WRK-0552,2026-06-03,,Sanction,97,open_work_age,0,False,No completion date is present and the work has been on record for 97 days since sanction. Current workflow status: Sanction.
WS/MP18117/2025-2026/185253,ND-WRK-0549,2026-03-02,,Sanction,190,open_work_age,0,False,No completion date is present and the work has been on record for 190 days since sanction. Current workflow status: Sanction.
WS/MP18117/2025-2026/181452,ND-WRK-0548,2026-12-02,,Time Estimation,-85,open_work_age,0,False,No completion date is present and the work has been on record for -85 days since sanction. Current workflow status: Time Estimation.
WS/MP18117/2025-2026/170768,ND-WRK-0547,2026-12-02,,Work partially Completed,-85,open_work_age,0,False,No completion date is present and the work has been on record for -85 days since sanction. Current workflow status: Work partially Completed.
WS/MP18117/2025-2026/170764,ND-WRK-0546,2026-12-02,,Time Estimation,-85,open_work_age,0,False,No completion date is present and the work has been on record for -85 days since sanction. Current workflow status: Time Estimation.
WS/MP18117/2025-2026/170733,ND-WRK-0545,2026-02-03,,Sanction,217,open_work_age,0,False,No completion date is present and the work has been on record for 217 days since sanction. Current workflow status: Sanction.
WS/MP18117/2025-2026/170729,ND-WRK-0544,2026-12-02,,Work partially Completed,-85,open_work_age,0,False,No completion date is present and the work has been on record for -85 days since sanction. Current workflow status: Work partially Completed.
WS/MP18117/2025-2026/170204,ND-WRK-0543,2026-02-01,,Work partially Completed,219,open_work_age,0,False,No completion date is present and the work has been on record for 219 days since sanction. Current workflow status: Work partially Completed.
WS/MP18117/2025-2026/164520,ND-WRK-0537,2026-04-02,,Physical Inspection,159,open_work_age,0,False,No completion date is present and the work has been on record for 159 days since sanction. Current workflow status: Physical Inspection.
WS/MP18117/2025-2026/164512,ND-WRK-0536,2026-04-02,,Physical Inspection,159,open_work_age,0,False,No completion date is present and the work has been on record for 159 days since sanction. Current workflow status: Physical Inspection.
WS/MP18117/2025-2026/164510,ND-WRK-0535,2026-12-03,,Sanction,-86,open_work_age,0,False,No completion date is present and the work has been on record for -86 days since sanction. Current workflow status: Sanction.
WS/MP18118/2025-2026/252854,ND-WRK-0606,2026-02-03,,Work partially Completed,217,open_work_age,0,False,No completion date is present and the work has been on record for 217 days since sanction. Current workflow status: Work partially Completed.
WS/MP18118/2025-2026/188426,ND-WRK-0603,2026-12-02,,Sanction,-85,open_work_age,0,False,No completion date is present and the work has been on record for -85 days since sanction. Current workflow status: Sanction.
WS/MP18118/2025-2026/188317,ND-WRK-0600,2026-12-02,,Work partially Completed,-85,open_work_age,0,False,No completion date is present and the work has been on record for -85 days since sanction. Current workflow status: Work partially Completed.
WS/MP18118/2025-2026/188311,ND-WRK-0594,2026-02-03,,Sanction,217,open_work_age,0,False,No completion date is present and the work has been on record for 217 days since sanction. Current workflow status: Sanction.
WS/MP18118/2025-2026/188310,ND-WRK-0593,2026-02-02,2026-02-02,Physical Inspection,0,completed_duration,0,False,Recorded completion occurred 0 days after sanction.
WS/MP18118/2025-2026/188305,ND-WRK-0591,2026-02-03,,Work partially Completed,217,open_work_age,0,False,No completion date is present and the work has been on record for 217 days since sanction. Current workflow status: Work partially Completed.
WS/MP18118/2025-2026/188304,ND-WRK-0590,2026-02-03,,Sanction,217,open_work_age,0,False,No completion date is present and the work has been on record for 217 days since sanction. Current workflow status: Sanction.
WS/MP18118/2025-2026/188303,ND-WRK-0589,2026-02-03,,Sanction,217,open_work_age,0,False,No completion date is present and the work has been on record for 217 days since sanction. Current workflow status: Sanction.
WS/MP18118/2025-2026/188286,ND-WRK-0577,2026-02-01,,Physical Inspection,219,open_work_age,0,False,No completion date is present and the work has been on record for 219 days since sanction. Current workflow status: Physical Inspection.
WS/MP18118/2025-2026/188285,ND-WRK-0576,2026-12-02,,Sanction,-85,open_work_age,0,False,No completion date is present and the work has been on record for -85 days since sanction. Current workflow status: Sanction.
WS/MP18118/2025-2026/252899,ND-WRK-0629,2026-11-02,,Sanction,-55,open_work_age,0,False,No completion date is present and the work has been on record for -55 days since sanction. Current workflow status: Sanction.
WS/MP18118/2025-2026/252898,ND-WRK-0628,2026-12-02,,Sanction,-85,open_work_age,0,False,No completion date is present and the work has been on record for -85 days since sanction. Current workflow status: Sanction.
WS/MP18118/2025-2026/252897,ND-WRK-0627,2026-02-03,,Sanction,217,open_work_age,0,False,No completion date is present and the work has been on record for 217 days since sanction. Current workflow status: Sanction.
WS/MP18118/2025-2026/252896,ND-WRK-0626,2026-02-03,,Sanction,217,open_work_age,0,False,No completion date is present and the work has been on record for 217 days since sanction. Current workflow status: Sanction.
WS/MP18118/2025-2026/252895,ND-WRK-0625,2026-12-02,,Sanction,-85,open_work_age,0,False,No completion date is present and the work has been on record for -85 days since sanction. Current workflow status: Sanction.
WS/MP18118/2025-2026/252894,ND-WRK-0624,2026-12-02,,Vendor Identification,-85,open_work_age,0,False,No completion date is present and the work has been on record for -85 days since sanction. Current workflow status: Vendor Identification.
WS/MP18118/2025-2026/252886,ND-WRK-0623,2026-12-02,,Sanction,-85,open_work_age,0,False,No completion date is present and the work has been on record for -85 days since sanction. Current workflow status: Sanction.
WS/MP18118/2025-2026/252885,ND-WRK-0622,2026-12-02,,Time Estimation,-85,open_work_age,0,False,No completion date is present and the work has been on record for -85 days since sanction. Current workflow status: Time Estimation.
WS/MP18118/2025-2026/252880,ND-WRK-0617,2026-09-02,2026-09-02,Physical Inspection,0,completed_duration,0,False,Recorded completion occurred 0 days after sanction.
WS/MP18118/2025-2026/252878,ND-WRK-0615,2026-02-03,,Sanction,217,open_work_age,0,False,No completion date is present and the work has been on record for 217 days since sanction. Current workflow status: Sanction.
WS/MP18118/2025-2026/252877,ND-WRK-0614,2026-02-03,,Sanction,217,open_work_age,0,False,No completion date is present and the work has been on record for 217 days since sanction. Current workflow status: Sanction.
WS/MP18118/2025-2026/252862,ND-WRK-0613,2026-12-02,,Work Completed,-85,open_work_age,0,False,No completion date is present and the work has been on record for -85 days since sanction. Current workflow status: Work Completed.
WS/MP18118/2025-2026/252861,ND-WRK-0612,2026-02-03,,Work partially Completed,217,open_work_age,0,False,No completion date is present and the work has been on record for 217 days since sanction. Current workflow status: Work partially Completed.
WS/MP18118/2025-2026/252859,ND-WRK-0611,2026-02-03,,Sanction,217,open_work_age,0,False,No completion date is present and the work has been on record for 217 days since sanction. Current workflow status: Sanction.
WS/MP18118/2025-2026/252858,ND-WRK-0610,2026-02-03,,Sanction,217,open_work_age,0,False,No completion date is present and the work has been on record for 217 days since sanction. Current workflow status: Sanction.
WS/MP18118/2025-2026/252856,ND-WRK-0608,2026-02-03,,Sanction,217,open_work_age,0,False,No completion date is present and the work has been on record for 217 days since sanction. Current workflow status: Sanction.
WS/MP18118/2026-2027/271608,ND-WRK-0642,2026-10-04,,Sanction,-26,open_work_age,0,False,No completion date is present and the work has been on record for -26 days since sanction. Current workflow status: Sanction.
WS/MP18118/2025-2026/252915,ND-WRK-0634,2026-11-02,,Vendor Identification,-55,open_work_age,0,False,No completion date is present and the work has been on record for -55 days since sanction. Current workflow status: Vendor Identification.
WS/MP18118/2025-2026/252903,ND-WRK-0633,2026-11-02,,Sanction,-55,open_work_age,0,False,No completion date is present and the work has been on record for -55 days since sanction. Current workflow status: Sanction.
WS/MP18118/2025-2026/252902,ND-WRK-0632,2026-11-02,,Time Estimation,-55,open_work_age,0,False,No completion date is present and the work has been on record for -55 days since sanction. Current workflow status: Time Estimation.
WS/MP18118/2025-2026/252901,ND-WRK-0631,2026-11-02,,Time Estimation,-55,open_work_age,0,False,No completion date is present and the work has been on record for -55 days since sanction. Current workflow status: Time Estimation.
WS/MP18118/2025-2026/252900,ND-WRK-0630,2026-12-02,,Time Estimation,-85,open_work_age,0,False,No completion date is present and the work has been on record for -85 days since sanction. Current workflow status: Time Estimation.
WS/MP18119/2026-2027/233660,ND-WRK-0698,2026-04-07,,Sanction,154,open_work_age,0,False,No completion date is present and the work has been on record for 154 days since sanction. Current workflow status: Sanction.
WS/MP18119/2026-2027/233653,ND-WRK-0697,2026-08-09,,Physical Inspection,30,open_work_age,0,False,No completion date is present and the work has been on record for 30 days since sanction. Current workflow status: Physical Inspection.
WS/MP18119/2026-2027/163481,ND-WRK-0696,2026-03-04,,Sanction,188,open_work_age,0,False,No completion date is present and the work has been on record for 188 days since sanction. Current workflow status: Sanction.
WS/MP18119/2026-2027/163474,ND-WRK-0695,2026-03-04,,Sanction,188,open_work_age,0,False,No completion date is present and the work has been on record for 188 days since sanction. Current workflow status: Sanction.
WS/MP18119/2025-2026/163475,ND-WRK-0681,2025-11-08,2026-05-05,Physical Inspection,178,completed_duration,0,False,Recorded completion occurred 178 days after sanction.
WS/MP18119/2025-2026/163439,ND-WRK-0676,2026-11-03,2026-11-03,Work Completed,0,completed_duration,0,False,Recorded completion occurred 0 days after sanction.
WS/MP18119/2026-2027/256558,ND-WRK-0715,2026-03-04,,Sanction,188,open_work_age,0,False,No completion date is present and the work has been on record for 188 days since sanction. Current workflow status: Sanction.
WS/MP18119/2026-2027/256555,ND-WRK-0713,2026-03-04,,Sanction,188,open_work_age,0,False,No completion date is present and the work has been on record for 188 days since sanction. Current workflow status: Sanction.
WS/MP18119/2026-2027/256553,ND-WRK-0712,2026-03-04,,Sanction,188,open_work_age,0,False,No completion date is present and the work has been on record for 188 days since sanction. Current workflow status: Sanction.
WS/MP18119/2026-2027/256548,ND-WRK-0711,2026-03-04,,Sanction,188,open_work_age,0,False,No completion date is present and the work has been on record for 188 days since sanction. Current workflow status: Sanction.
WS/MP18119/2026-2027/256546,ND-WRK-0710,2026-03-04,,Sanction,188,open_work_age,0,False,No completion date is present and the work has been on record for 188 days since sanction. Current workflow status: Sanction.
WS/MP18119/2026-2027/256544,ND-WRK-0709,2026-03-04,,Sanction,188,open_work_age,0,False,No completion date is present and the work has been on record for 188 days since sanction. Current workflow status: Sanction.
WS/MP18119/2026-2027/256541,ND-WRK-0708,2026-03-04,,Sanction,188,open_work_age,0,False,No completion date is present and the work has been on record for 188 days since sanction. Current workflow status: Sanction.
WS/MP18119/2026-2027/256540,ND-WRK-0707,2026-03-04,,Sanction,188,open_work_age,0,False,No completion date is present and the work has been on record for 188 days since sanction. Current workflow status: Sanction.
WS/MP18119/2026-2027/256539,ND-WRK-0706,2026-03-04,,Sanction,188,open_work_age,0,False,No completion date is present and the work has been on record for 188 days since sanction. Current workflow status: Sanction.
WS/MP18119/2026-2027/256538,ND-WRK-0705,2026-03-04,,Sanction,188,open_work_age,0,False,No completion date is present and the work has been on record for 188 days since sanction. Current workflow status: Sanction.
WS/MP18119/2026-2027/256537,ND-WRK-0704,2026-03-04,,Sanction,188,open_work_age,0,False,No completion date is present and the work has been on record for 188 days since sanction. Current workflow status: Sanction.
WS/MP18119/2026-2027/256535,ND-WRK-0703,2026-03-04,,Sanction,188,open_work_age,0,False,No completion date is present and the work has been on record for 188 days since sanction. Current workflow status: Sanction.
WS/MP18119/2026-2027/256534,ND-WRK-0702,2026-03-04,,Sanction,188,open_work_age,0,False,No completion date is present and the work has been on record for 188 days since sanction. Current workflow status: Sanction.
WS/MP18119/2026-2027/256533,ND-WRK-0701,2026-03-04,,Physical Inspection,188,open_work_age,0,False,No completion date is present and the work has been on record for 188 days since sanction. Current workflow status: Physical Inspection.
WS/MP18119/2026-2027/256532,ND-WRK-0700,2026-03-04,,Physical Inspection,188,open_work_age,0,False,No completion date is present and the work has been on record for 188 days since sanction. Current workflow status: Physical Inspection.
WS/MP18119/2026-2027/233662,ND-WRK-0699,2026-04-07,,Sanction,154,open_work_age,0,False,No completion date is present and the work has been on record for 154 days since sanction. Current workflow status: Sanction.
WS/MP18120/2025-2026/225805,ND-WRK-0748,2025-10-11,2026-04-02,Physical Inspection,173,completed_duration,0,False,Recorded completion occurred 173 days after sanction.
WS/MP18120/2025-2026/225804,ND-WRK-0747,2025-10-11,2026-04-02,Physical Inspection,173,completed_duration,0,False,Recorded completion occurred 173 days after sanction.
WS/MP18120/2025-2026/225803,ND-WRK-0746,2025-10-11,2026-04-02,Physical Inspection,173,completed_duration,0,False,Recorded completion occurred 173 days after sanction.
WS/MP18120/2025-2026/225802,ND-WRK-0745,2025-10-11,2026-04-02,Physical Inspection,173,completed_duration,0,False,Recorded completion occurred 173 days after sanction.
WS/MP18120/2025-2026/225801,ND-WRK-0744,2025-10-11,2026-04-02,Physical Inspection,173,completed_duration,0,False,Recorded completion occurred 173 days after sanction.
WS/MP18120/2025-2026/225800,ND-WRK-0743,2025-10-11,2026-04-02,Physical Inspection,173,completed_duration,0,False,Recorded completion occurred 173 days after sanction.
WS/MP18120/2025-2026/213055,ND-WRK-0740,2026-12-03,,Physical Inspection,-86,open_work_age,0,False,No completion date is present and the work has been on record for -86 days since sanction. Current workflow status: Physical Inspection.
WS/MP18120/2025-2026/198963,ND-WRK-0739,2026-12-01,,Physical Inspection,-84,open_work_age,0,False,No completion date is present and the work has been on record for -84 days since sanction. Current workflow status: Physical Inspection.
WS/MP18120/2025-2026/198958,ND-WRK-0738,2026-12-01,,Physical Inspection,-84,open_work_age,0,False,No completion date is present and the work has been on record for -84 days since sanction. Current workflow status: Physical Inspection.
WS/MP18120/2025-2026/198957,ND-WRK-0737,2026-12-01,,Physical Inspection,-84,open_work_age,0,False,No completion date is present and the work has been on record for -84 days since sanction. Current workflow status: Physical Inspection.
WS/MP18120/2025-2026/189535,ND-WRK-0728,2026-02-02,,Physical Inspection,218,open_work_age,0,False,No completion date is present and the work has been on record for 218 days since sanction. Current workflow status: Physical Inspection.
WS/MP18120/2025-2026/174636,ND-WRK-0725,2026-06-02,2026-09-02,Physical Inspection,92,completed_duration,0,False,Recorded completion occurred 92 days after sanction.
WS/MP18120/2025-2026/174627,ND-WRK-0723,2025-10-10,2025-10-10,Physical Inspection,0,completed_duration,0,False,Recorded completion occurred 0 days after sanction.
WS/MP18120/2025-2026/169206,ND-WRK-0718,2025-10-10,2025-10-10,Physical Inspection,0,completed_duration,0,False,Recorded completion occurred 0 days after sanction.
WS/MP18119/2026-2027/259515,ND-WRK-0716,2026-03-04,,Sanction,188,open_work_age,0,False,No completion date is present and the work has been on record for 188 days since sanction. Current workflow status: Sanction.
WS/MP18122/2025-2026/176795,ND-WRK-0813,2025-03-12,2025-04-12,Physical Inspection,31,completed_duration,0,False,Recorded completion occurred 31 days after sanction.
WS/MP18122/2025-2026/173947,ND-WRK-0806,2026-09-01,,Physical Inspection,7,open_work_age,0,False,No completion date is present and the work has been on record for 7 days since sanction. Current workflow status: Physical Inspection.
WS/MP18122/2025-2026/173944,ND-WRK-0804,2025-10-09,2025-10-09,Physical Inspection,0,completed_duration,0,False,Recorded completion occurred 0 days after sanction.
WS/MP18121/2024-2025/146766,ND-WRK-0778,2025-12-03,2025-12-03,Physical Inspection,0,completed_duration,0,False,Recorded completion occurred 0 days after sanction.
WS/MP18120/2026-2027/218858,ND-WRK-0770,2026-09-07,,Physical Inspection,1,open_work_age,0,False,No completion date is present and the work has been on record for 1 days since sanction. Current workflow status: Physical Inspection.
WS/MP18120/2026-2027/214158,ND-WRK-0769,2026-03-07,,Physical Inspection,185,open_work_age,0,False,No completion date is present and the work has been on record for 185 days since sanction. Current workflow status: Physical Inspection.
WS/MP18120/2026-2027/214157,ND-WRK-0768,2026-03-07,,Physical Inspection,185,open_work_age,0,False,No completion date is present and the work has been on record for 185 days since sanction. Current workflow status: Physical Inspection.
WS/MP18120/2026-2027/194822,ND-WRK-0767,2026-10-08,,Physical Inspection,-30,open_work_age,0,False,No completion date is present and the work has been on record for -30 days since sanction. Current workflow status: Physical Inspection.
WS/MP18120/2025-2026/225812,ND-WRK-0755,2025-10-11,2026-04-02,Physical Inspection,173,completed_duration,0,False,Recorded completion occurred 173 days after sanction.
WS/MP18120/2025-2026/225811,ND-WRK-0754,2025-10-11,2026-04-02,Physical Inspection,173,completed_duration,0,False,Recorded completion occurred 173 days after sanction.
WS/MP18120/2025-2026/225810,ND-WRK-0753,2025-10-11,2026-04-02,Physical Inspection,173,completed_duration,0,False,Recorded completion occurred 173 days after sanction.
WS/MP18120/2025-2026/225809,ND-WRK-0752,2025-10-11,2026-04-02,Physical Inspection,173,completed_duration,0,False,Recorded completion occurred 173 days after sanction.
WS/MP18120/2025-2026/225808,ND-WRK-0751,2025-10-11,2026-04-02,Physical Inspection,173,completed_duration,0,False,Recorded completion occurred 173 days after sanction.
WS/MP18120/2025-2026/225807,ND-WRK-0750,2025-10-11,2026-04-02,Physical Inspection,173,completed_duration,0,False,Recorded completion occurred 173 days after sanction.
WS/MP18120/2025-2026/225806,ND-WRK-0749,2025-10-11,2026-04-02,Physical Inspection,173,completed_duration,0,False,Recorded completion occurred 173 days after sanction.
WS/MP18123/2026-2027/186339,ND-WRK-0843,2026-10-04,,Physical Inspection,-26,open_work_age,0,False,No completion date is present and the work has been on record for -26 days since sanction. Current workflow status: Physical Inspection.
WS/MP18123/2025-2026/238167,ND-WRK-0840,2026-11-03,2026-11-03,Physical Inspection,0,completed_duration,0,False,Recorded completion occurred 0 days after sanction.
WS/MP18123/2025-2026/226877,ND-WRK-0839,2026-06-02,2026-09-02,Physical Inspection,92,completed_duration,0,False,Recorded completion occurred 92 days after sanction.
WS/MP18123/2025-2026/200542,ND-WRK-0835,2025-04-11,2025-06-11,Physical Inspection,61,completed_duration,0,False,Recorded completion occurred 61 days after sanction.
WS/MP18123/2025-2026/190896,ND-WRK-0834,2025-01-10,2025-07-10,Physical Inspection,181,completed_duration,0,False,Recorded completion occurred 181 days after sanction.
WS/MP18123/2025-2026/186346,ND-WRK-0833,2026-11-03,,Physical Inspection,-56,open_work_age,0,False,No completion date is present and the work has been on record for -56 days since sanction. Current workflow status: Physical Inspection.
WS/MP18123/2025-2026/186342,ND-WRK-0832,2026-06-02,2026-09-02,Physical Inspection,92,completed_duration,0,False,Recorded completion occurred 92 days after sanction.
WS/MP18123/2025-2026/186341,ND-WRK-0831,2026-06-02,2026-09-02,Physical Inspection,92,completed_duration,0,False,Recorded completion occurred 92 days after sanction.
WS/MP18123/2025-2026/186340,ND-WRK-0830,2026-11-03,,Physical Inspection,-56,open_work_age,0,False,No completion date is present and the work has been on record for -56 days since sanction. Current workflow status: Physical Inspection.
WS/MP18123/2025-2026/169714,ND-WRK-0826,2025-06-08,2025-08-08,Physical Inspection,61,completed_duration,0,False,Recorded completion occurred 61 days after sanction.
WS/MP18122/2026-2027/246015,ND-WRK-0824,2026-03-07,,Vendor Identification,185,open_work_age,0,False,No completion date is present and the work has been on record for 185 days since sanction. Current workflow status: Vendor Identification.
WS/MP18122/2026-2027/225832,ND-WRK-0823,2026-02-07,,Physical Inspection,213,open_work_age,0,False,No completion date is present and the work has been on record for 213 days since sanction. Current workflow status: Physical Inspection.
WS/MP18122/2025-2026/225427,ND-WRK-0821,2025-08-12,2025-12-12,Physical Inspection,122,completed_duration,0,False,Recorded completion occurred 122 days after sanction.
WS/MP18122/2025-2026/222582,ND-WRK-0818,2025-08-12,2025-12-12,Physical Inspection,122,completed_duration,0,False,Recorded completion occurred 122 days after sanction.
WS/MP18122/2025-2026/222581,ND-WRK-0817,2025-08-12,2025-12-12,Physical Inspection,122,completed_duration,0,False,Recorded completion occurred 122 days after sanction.
WS/MP18122/2025-2026/186337,ND-WRK-0816,2026-02-01,,Vendor Identification,219,open_work_age,0,False,No completion date is present and the work has been on record for 219 days since sanction. Current workflow status: Vendor Identification.
WS/MP18112/2025-2026/233382,ND-WRK-0243,2026-06-02,,Sanction,98,open_work_age,0,False,No completion date is present and the work has been on record for 98 days since sanction. Current workflow status: Sanction.
WS/MP18112/2025-2026/233021,ND-WRK-0242,2026-06-02,,Vendor Identification,98,open_work_age,0,False,No completion date is present and the work has been on record for 98 days since sanction. Current workflow status: Vendor Identification.
WS/MP18112/2025-2026/233020,ND-WRK-0241,2026-06-02,,Sanction,98,open_work_age,0,False,No completion date is present and the work has been on record for 98 days since sanction. Current workflow status: Sanction.
WS/MP18112/2025-2026/233019,ND-WRK-0240,2026-06-02,,Vendor Identification,98,open_work_age,0,False,No completion date is present and the work has been on record for 98 days since sanction. Current workflow status: Vendor Identification.
WS/MP18112/2025-2026/233018,ND-WRK-0239,2026-12-03,,Vendor Identification,-86,open_work_age,0,False,No completion date is present and the work has been on record for -86 days since sanction. Current workflow status: Vendor Identification.
WS/MP18112/2025-2026/232957,ND-WRK-0238,2026-06-02,,Sanction,98,open_work_age,0,False,No completion date is present and the work has been on record for 98 days since sanction. Current workflow status: Sanction.
WS/MP18112/2025-2026/232683,ND-WRK-0237,2026-06-02,,Sanction,98,open_work_age,0,False,No completion date is present and the work has been on record for 98 days since sanction. Current workflow status: Sanction.
WS/MP18123/2026-2027/232860,ND-WRK-0855,2026-02-09,,Sanction,211,open_work_age,0,False,No completion date is present and the work has been on record for 211 days since sanction. Current workflow status: Sanction.
WS/MP18123/2026-2027/228594,ND-WRK-0853,2026-10-04,,Physical Inspection,-26,open_work_age,0,False,No completion date is present and the work has been on record for -26 days since sanction. Current workflow status: Physical Inspection.
WS/MP18123/2026-2027/226878,ND-WRK-0851,2026-10-07,,Physical Inspection,-29,open_work_age,0,False,No completion date is present and the work has been on record for -29 days since sanction. Current workflow status: Physical Inspection.
WS/MP18123/2026-2027/224476,ND-WRK-0849,2026-02-09,2026-07-09,Physical Inspection,150,completed_duration,0,False,Recorded completion occurred 150 days after sanction.
WS/MP18123/2026-2027/224469,ND-WRK-0847,2026-06-08,,Physical Inspection,92,open_work_age,0,False,No completion date is present and the work has been on record for 92 days since sanction. Current workflow status: Physical Inspection.
WS/MP18123/2026-2027/207781,ND-WRK-0844,2026-10-07,,Physical Inspection,-29,open_work_age,0,False,No completion date is present and the work has been on record for -29 days since sanction. Current workflow status: Physical Inspection.
WS/MP18123/2026-2027/248078,ND-WRK-0861,2026-02-09,,Sanction,211,open_work_age,0,False,No completion date is present and the work has been on record for 211 days since sanction. Current workflow status: Sanction.
WS/MP18123/2026-2027/242705,ND-WRK-0860,2026-10-04,,Physical Inspection,-26,open_work_age,0,False,No completion date is present and the work has been on record for -26 days since sanction. Current workflow status: Physical Inspection.
WS/MP18123/2026-2027/242704,ND-WRK-0859,2026-02-09,,Sanction,211,open_work_age,0,False,No completion date is present and the work has been on record for 211 days since sanction. Current workflow status: Sanction.
WS/MP18123/2026-2027/238129,ND-WRK-0857,2026-06-04,2026-07-04,Physical Inspection,30,completed_duration,0,False,Recorded completion occurred 30 days after sanction.
WS/MP18123/2026-2027/238128,ND-WRK-0856,2026-06-04,2026-06-04,Physical Inspection,0,completed_duration,0,False,Recorded completion occurred 0 days after sanction.
WS/MP18112/2025-2026/233405,ND-WRK-0249,2026-06-02,,Work partially Completed,98,open_work_age,0,False,No completion date is present and the work has been on record for 98 days since sanction. Current workflow status: Work partially Completed.
WS/MP18112/2025-2026/233404,ND-WRK-0248,2026-06-02,,Vendor Identification,98,open_work_age,0,False,No completion date is present and the work has been on record for 98 days since sanction. Current workflow status: Vendor Identification.
WS/MP18112/2025-2026/233398,ND-WRK-0247,2026-06-02,,Work partially Completed,98,open_work_age,0,False,No completion date is present and the work has been on record for 98 days since sanction. Current workflow status: Work partially Completed.
WS/MP18112/2025-2026/233391,ND-WRK-0246,2026-06-02,,Vendor Identification,98,open_work_age,0,False,No completion date is present and the work has been on record for 98 days since sanction. Current workflow status: Vendor Identification.
WS/MP18112/2025-2026/233388,ND-WRK-0245,2026-06-02,,Sanction,98,open_work_age,0,False,No completion date is present and the work has been on record for 98 days since sanction. Current workflow status: Sanction.
WS/MP18112/2025-2026/233385,ND-WRK-0244,2026-06-02,,Work partially Completed,98,open_work_age,0,False,No completion date is present and the work has been on record for 98 days since sanction. Current workflow status: Work partially Completed.
WS/MP18126/2025-2026/236156,ND-WRK-0934,2026-11-03,,Physical Inspection,-56,open_work_age,0,False,No completion date is present and the work has been on record for -56 days since sanction. Current workflow status: Physical Inspection.
WS/MP18126/2025-2026/236155,ND-WRK-0933,2026-11-03,,Physical Inspection,-56,open_work_age,0,False,No completion date is present and the work has been on record for -56 days since sanction. Current workflow status: Physical Inspection.
WS/MP18126/2025-2026/236151,ND-WRK-0932,2026-11-03,,Physical Inspection,-56,open_work_age,0,False,No completion date is present and the work has been on record for -56 days since sanction. Current workflow status: Physical Inspection.
WS/MP18126/2025-2026/236150,ND-WRK-0931,2026-11-03,,Physical Inspection,-56,open_work_age,0,False,No completion date is present and the work has been on record for -56 days since sanction. Current workflow status: Physical Inspection.
WS/MP18126/2025-2026/236149,ND-WRK-0930,2026-11-03,,Physical Inspection,-56,open_work_age,0,False,No completion date is present and the work has been on record for -56 days since sanction. Current workflow status: Physical Inspection.
WS/MP18126/2025-2026/236148,ND-WRK-0929,2026-11-03,,Physical Inspection,-56,open_work_age,0,False,No completion date is present and the work has been on record for -56 days since sanction. Current workflow status: Physical Inspection.
WS/MP18126/2025-2026/236146,ND-WRK-0928,2026-11-03,,Physical Inspection,-56,open_work_age,0,False,No completion date is present and the work has been on record for -56 days since sanction. Current workflow status: Physical Inspection.
WS/MP18126/2025-2026/236145,ND-WRK-0927,2026-10-03,,Physical Inspection,-25,open_work_age,0,False,No completion date is present and the work has been on record for -25 days since sanction. Current workflow status: Physical Inspection.
WS/MP18126/2025-2026/236144,ND-WRK-0926,2026-11-03,,Physical Inspection,-56,open_work_age,0,False,No completion date is present and the work has been on record for -56 days since sanction. Current workflow status: Physical Inspection.
WS/MP18126/2025-2026/236143,ND-WRK-0925,2026-11-03,,Physical Inspection,-56,open_work_age,0,False,No completion date is present and the work has been on record for -56 days since sanction. Current workflow status: Physical Inspection.
WS/MP18126/2025-2026/236142,ND-WRK-0924,2026-11-03,,Physical Inspection,-56,open_work_age,0,False,No completion date is present and the work has been on record for -56 days since sanction. Current workflow status: Physical Inspection.
WS/MP18126/2025-2026/230206,ND-WRK-0923,2026-11-02,,Sanction,-55,open_work_age,0,False,No completion date is present and the work has been on record for -55 days since sanction. Current workflow status: Sanction.
WS/MP18126/2025-2026/177130,ND-WRK-0921,2026-06-01,,Sanction,99,open_work_age,0,False,No completion date is present and the work has been on record for 99 days since sanction. Current workflow status: Sanction.
WS/MP18126/2025-2026/236172,ND-WRK-0950,2026-11-03,,Physical Inspection,-56,open_work_age,0,False,No completion date is present and the work has been on record for -56 days since sanction. Current workflow status: Physical Inspection.
WS/MP18126/2025-2026/236171,ND-WRK-0949,2026-11-03,,Physical Inspection,-56,open_work_age,0,False,No completion date is present and the work has been on record for -56 days since sanction. Current workflow status: Physical Inspection.
WS/MP18126/2025-2026/236170,ND-WRK-0948,2026-11-03,,Physical Inspection,-56,open_work_age,0,False,No completion date is present and the work has been on record for -56 days since sanction. Current workflow status: Physical Inspection.
WS/MP18126/2025-2026/236169,ND-WRK-0947,2026-11-03,,Physical Inspection,-56,open_work_age,0,False,No completion date is present and the work has been on record for -56 days since sanction. Current workflow status: Physical Inspection.
WS/MP18126/2025-2026/236168,ND-WRK-0946,2026-11-03,,Physical Inspection,-56,open_work_age,0,False,No completion date is present and the work has been on record for -56 days since sanction. Current workflow status: Physical Inspection.
WS/MP18126/2025-2026/236167,ND-WRK-0945,2026-11-03,,Physical Inspection,-56,open_work_age,0,False,No completion date is present and the work has been on record for -56 days since sanction. Current workflow status: Physical Inspection.
WS/MP18126/2025-2026/236166,ND-WRK-0944,2026-11-03,,Physical Inspection,-56,open_work_age,0,False,No completion date is present and the work has been on record for -56 days since sanction. Current workflow status: Physical Inspection.
WS/MP18126/2025-2026/236165,ND-WRK-0943,2026-11-03,,Physical Inspection,-56,open_work_age,0,False,No completion date is present and the work has been on record for -56 days since sanction. Current workflow status: Physical Inspection.
WS/MP18126/2025-2026/236164,ND-WRK-0942,2026-11-03,,Physical Inspection,-56,open_work_age,0,False,No completion date is present and the work has been on record for -56 days since sanction. Current workflow status: Physical Inspection.
WS/MP18126/2025-2026/236163,ND-WRK-0941,2026-11-03,,Physical Inspection,-56,open_work_age,0,False,No completion date is present and the work has been on record for -56 days since sanction. Current workflow status: Physical Inspection.
WS/MP18126/2025-2026/236162,ND-WRK-0940,2026-11-03,,Physical Inspection,-56,open_work_age,0,False,No completion date is present and the work has been on record for -56 days since sanction. Current workflow status: Physical Inspection.
WS/MP18126/2025-2026/236161,ND-WRK-0939,2026-11-03,,Physical Inspection,-56,open_work_age,0,False,No completion date is present and the work has been on record for -56 days since sanction. Current workflow status: Physical Inspection.
WS/MP18126/2025-2026/236160,ND-WRK-0938,2026-11-03,,Physical Inspection,-56,open_work_age,0,False,No completion date is present and the work has been on record for -56 days since sanction. Current workflow status: Physical Inspection.
WS/MP18126/2025-2026/236159,ND-WRK-0937,2026-11-03,,Physical Inspection,-56,open_work_age,0,False,No completion date is present and the work has been on record for -56 days since sanction. Current workflow status: Physical Inspection.
WS/MP18126/2025-2026/236158,ND-WRK-0936,2026-11-03,,Physical Inspection,-56,open_work_age,0,False,No completion date is present and the work has been on record for -56 days since sanction. Current workflow status: Physical Inspection.
WS/MP18126/2025-2026/236157,ND-WRK-0935,2026-11-03,,Physical Inspection,-56,open_work_age,0,False,No completion date is present and the work has been on record for -56 days since sanction. Current workflow status: Physical Inspection.
WS/MP18126/2025-2026/236197,ND-WRK-0966,2026-11-03,,Physical Inspection,-56,open_work_age,0,False,No completion date is present and the work has been on record for -56 days since sanction. Current workflow status: Physical Inspection.
WS/MP18126/2025-2026/236196,ND-WRK-0965,2026-11-03,,Physical Inspection,-56,open_work_age,0,False,No completion date is present and the work has been on record for -56 days since sanction. Current workflow status: Physical Inspection.
WS/MP18126/2025-2026/236195,ND-WRK-0964,2026-11-03,,Physical Inspection,-56,open_work_age,0,False,No completion date is present and the work has been on record for -56 days since sanction. Current workflow status: Physical Inspection.
WS/MP18126/2025-2026/236194,ND-WRK-0963,2026-11-03,,Physical Inspection,-56,open_work_age,0,False,No completion date is present and the work has been on record for -56 days since sanction. Current workflow status: Physical Inspection.
WS/MP18126/2025-2026/236193,ND-WRK-0962,2026-11-03,,Physical Inspection,-56,open_work_age,0,False,No completion date is present and the work has been on record for -56 days since sanction. Current workflow status: Physical Inspection.
WS/MP18126/2025-2026/236192,ND-WRK-0961,2026-11-03,,Physical Inspection,-56,open_work_age,0,False,No completion date is present and the work has been on record for -56 days since sanction. Current workflow status: Physical Inspection.
WS/MP18126/2025-2026/236191,ND-WRK-0960,2026-11-03,,Physical Inspection,-56,open_work_age,0,False,No completion date is present and the work has been on record for -56 days since sanction. Current workflow status: Physical Inspection.
WS/MP18126/2025-2026/236190,ND-WRK-0959,2026-11-03,,Physical Inspection,-56,open_work_age,0,False,No completion date is present and the work has been on record for -56 days since sanction. Current workflow status: Physical Inspection.
WS/MP18126/2025-2026/236189,ND-WRK-0958,2026-11-03,,Physical Inspection,-56,open_work_age,0,False,No completion date is present and the work has been on record for -56 days since sanction. Current workflow status: Physical Inspection.
WS/MP18126/2025-2026/236188,ND-WRK-0957,2026-11-03,,Physical Inspection,-56,open_work_age,0,False,No completion date is present and the work has been on record for -56 days since sanction. Current workflow status: Physical Inspection.
WS/MP18126/2025-2026/236187,ND-WRK-0956,2026-11-03,,Physical Inspection,-56,open_work_age,0,False,No completion date is present and the work has been on record for -56 days since sanction. Current workflow status: Physical Inspection.
WS/MP18126/2025-2026/236186,ND-WRK-0955,2026-11-03,,Physical Inspection,-56,open_work_age,0,False,No completion date is present and the work has been on record for -56 days since sanction. Current workflow status: Physical Inspection.
WS/MP18126/2025-2026/236185,ND-WRK-0954,2026-11-03,,Physical Inspection,-56,open_work_age,0,False,No completion date is present and the work has been on record for -56 days since sanction. Current workflow status: Physical Inspection.
WS/MP18126/2025-2026/236184,ND-WRK-0953,2026-11-03,,Physical Inspection,-56,open_work_age,0,False,No completion date is present and the work has been on record for -56 days since sanction. Current workflow status: Physical Inspection.
WS/MP18126/2025-2026/236174,ND-WRK-0952,2026-11-03,,Physical Inspection,-56,open_work_age,0,False,No completion date is present and the work has been on record for -56 days since sanction. Current workflow status: Physical Inspection.
WS/MP18126/2025-2026/236173,ND-WRK-0951,2026-11-03,,Physical Inspection,-56,open_work_age,0,False,No completion date is present and the work has been on record for -56 days since sanction. Current workflow status: Physical Inspection.
WS/MP18126/2025-2026/236213,ND-WRK-0982,2026-11-03,,Physical Inspection,-56,open_work_age,0,False,No completion date is present and the work has been on record for -56 days since sanction. Current workflow status: Physical Inspection.
WS/MP18126/2025-2026/236212,ND-WRK-0981,2026-11-03,,Physical Inspection,-56,open_work_age,0,False,No completion date is present and the work has been on record for -56 days since sanction. Current workflow status: Physical Inspection.
WS/MP18126/2025-2026/236211,ND-WRK-0980,2026-11-03,,Physical Inspection,-56,open_work_age,0,False,No completion date is present and the work has been on record for -56 days since sanction. Current workflow status: Physical Inspection.
WS/MP18126/2025-2026/236210,ND-WRK-0979,2026-11-03,,Physical Inspection,-56,open_work_age,0,False,No completion date is present and the work has been on record for -56 days since sanction. Current workflow status: Physical Inspection.
WS/MP18126/2025-2026/236209,ND-WRK-0978,2026-11-03,,Physical Inspection,-56,open_work_age,0,False,No completion date is present and the work has been on record for -56 days since sanction. Current workflow status: Physical Inspection.
WS/MP18126/2025-2026/236208,ND-WRK-0977,2026-11-03,,Physical Inspection,-56,open_work_age,0,False,No completion date is present and the work has been on record for -56 days since sanction. Current workflow status: Physical Inspection.
WS/MP18126/2025-2026/236207,ND-WRK-0976,2026-11-03,,Physical Inspection,-56,open_work_age,0,False,No completion date is present and the work has been on record for -56 days since sanction. Current workflow status: Physical Inspection.
WS/MP18126/2025-2026/236206,ND-WRK-0975,2026-11-03,,Physical Inspection,-56,open_work_age,0,False,No completion date is present and the work has been on record for -56 days since sanction. Current workflow status: Physical Inspection.
WS/MP18126/2025-2026/236205,ND-WRK-0974,2026-11-03,,Physical Inspection,-56,open_work_age,0,False,No completion date is present and the work has been on record for -56 days since sanction. Current workflow status: Physical Inspection.
WS/MP18126/2025-2026/236204,ND-WRK-0973,2026-11-03,,Physical Inspection,-56,open_work_age,0,False,No completion date is present and the work has been on record for -56 days since sanction. Current workflow status: Physical Inspection.
WS/MP18126/2025-2026/236203,ND-WRK-0972,2026-11-03,,Physical Inspection,-56,open_work_age,0,False,No completion date is present and the work has been on record for -56 days since sanction. Current workflow status: Physical Inspection.
WS/MP18126/2025-2026/236202,ND-WRK-0971,2026-11-03,,Physical Inspection,-56,open_work_age,0,False,No completion date is present and the work has been on record for -56 days since sanction. Current workflow status: Physical Inspection.
WS/MP18126/2025-2026/236201,ND-WRK-0970,2026-11-03,,Physical Inspection,-56,open_work_age,0,False,No completion date is present and the work has been on record for -56 days since sanction. Current workflow status: Physical Inspection.
WS/MP18126/2025-2026/236200,ND-WRK-0969,2026-11-03,,Physical Inspection,-56,open_work_age,0,False,No completion date is present and the work has been on record for -56 days since sanction. Current workflow status: Physical Inspection.
WS/MP18126/2025-2026/236199,ND-WRK-0968,2026-11-03,,Physical Inspection,-56,open_work_age,0,False,No completion date is present and the work has been on record for -56 days since sanction. Current workflow status: Physical Inspection.
WS/MP18126/2025-2026/236198,ND-WRK-0967,2026-11-03,,Physical Inspection,-56,open_work_age,0,False,No completion date is present and the work has been on record for -56 days since sanction. Current workflow status: Physical Inspection.
WS/MP18126/2025-2026/256630,ND-WRK-1073,2026-11-03,,Physical Inspection,-56,open_work_age,0,False,No completion date is present and the work has been on record for -56 days since sanction. Current workflow status: Physical Inspection.
WS/MP18126/2025-2026/256590,ND-WRK-1072,2026-11-03,,Physical Inspection,-56,open_work_age,0,False,No completion date is present and the work has been on record for -56 days since sanction. Current workflow status: Physical Inspection.
WS/MP18126/2025-2026/236332,ND-WRK-1071,2026-11-03,,Physical Inspection,-56,open_work_age,0,False,No completion date is present and the work has been on record for -56 days since sanction. Current workflow status: Physical Inspection.
WS/MP18126/2025-2026/236331,ND-WRK-1070,2026-11-03,,Physical Inspection,-56,open_work_age,0,False,No completion date is present and the work has been on record for -56 days since sanction. Current workflow status: Physical Inspection.
WS/MP18126/2025-2026/236330,ND-WRK-1069,2026-11-03,,Physical Inspection,-56,open_work_age,0,False,No completion date is present and the work has been on record for -56 days since sanction. Current workflow status: Physical Inspection.
WS/MP18126/2025-2026/236329,ND-WRK-1068,2026-11-03,,Physical Inspection,-56,open_work_age,0,False,No completion date is present and the work has been on record for -56 days since sanction. Current workflow status: Physical Inspection.
WS/MP18126/2025-2026/236328,ND-WRK-1067,2026-11-03,,Physical Inspection,-56,open_work_age,0,False,No completion date is present and the work has been on record for -56 days since sanction. Current workflow status: Physical Inspection.
WS/MP18126/2025-2026/236327,ND-WRK-1066,2026-11-03,,Physical Inspection,-56,open_work_age,0,False,No completion date is present and the work has been on record for -56 days since sanction. Current workflow status: Physical Inspection.
WS/MP18126/2025-2026/236326,ND-WRK-1065,2026-11-03,,Physical Inspection,-56,open_work_age,0,False,No completion date is present and the work has been on record for -56 days since sanction. Current workflow status: Physical Inspection.
WS/MP18126/2025-2026/236220,ND-WRK-0989,2026-11-03,,Physical Inspection,-56,open_work_age,0,False,No completion date is present and the work has been on record for -56 days since sanction. Current workflow status: Physical Inspection.
WS/MP18126/2025-2026/236219,ND-WRK-0988,2026-11-03,,Physical Inspection,-56,open_work_age,0,False,No completion date is present and the work has been on record for -56 days since sanction. Current workflow status: Physical Inspection.
WS/MP18126/2025-2026/236218,ND-WRK-0987,2026-11-03,,Physical Inspection,-56,open_work_age,0,False,No completion date is present and the work has been on record for -56 days since sanction. Current workflow status: Physical Inspection.
WS/MP18126/2025-2026/236217,ND-WRK-0986,2026-11-03,,Physical Inspection,-56,open_work_age,0,False,No completion date is present and the work has been on record for -56 days since sanction. Current workflow status: Physical Inspection.
WS/MP18126/2025-2026/236216,ND-WRK-0985,2026-11-03,,Physical Inspection,-56,open_work_age,0,False,No completion date is present and the work has been on record for -56 days since sanction. Current workflow status: Physical Inspection.
WS/MP18126/2025-2026/236215,ND-WRK-0984,2026-11-03,,Physical Inspection,-56,open_work_age,0,False,No completion date is present and the work has been on record for -56 days since sanction. Current workflow status: Physical Inspection.
WS/MP18126/2025-2026/236214,ND-WRK-0983,2026-11-03,,Physical Inspection,-56,open_work_age,0,False,No completion date is present and the work has been on record for -56 days since sanction. Current workflow status: Physical Inspection.
WS/MP18126/2025-2026/256646,ND-WRK-1089,2026-11-03,,Physical Inspection,-56,open_work_age,0,False,No completion date is present and the work has been on record for -56 days since sanction. Current workflow status: Physical Inspection.
WS/MP18126/2025-2026/256645,ND-WRK-1088,2026-11-03,,Physical Inspection,-56,open_work_age,0,False,No completion date is present and the work has been on record for -56 days since sanction. Current workflow status: Physical Inspection.
WS/MP18126/2025-2026/256644,ND-WRK-1087,2026-11-03,,Physical Inspection,-56,open_work_age,0,False,No completion date is present and the work has been on record for -56 days since sanction. Current workflow status: Physical Inspection.
WS/MP18126/2025-2026/256643,ND-WRK-1086,2026-11-03,,Physical Inspection,-56,open_work_age,0,False,No completion date is present and the work has been on record for -56 days since sanction. Current workflow status: Physical Inspection.
WS/MP18126/2025-2026/256642,ND-WRK-1085,2026-11-03,,Physical Inspection,-56,open_work_age,0,False,No completion date is present and the work has been on record for -56 days since sanction. Current workflow status: Physical Inspection.
WS/MP18126/2025-2026/256641,ND-WRK-1084,2026-11-03,,Physical Inspection,-56,open_work_age,0,False,No completion date is present and the work has been on record for -56 days since sanction. Current workflow status: Physical Inspection.
WS/MP18126/2025-2026/256640,ND-WRK-1083,2026-11-03,,Physical Inspection,-56,open_work_age,0,False,No completion date is present and the work has been on record for -56 days since sanction. Current workflow status: Physical Inspection.
WS/MP18126/2025-2026/256639,ND-WRK-1082,2026-11-03,,Physical Inspection,-56,open_work_age,0,False,No completion date is present and the work has been on record for -56 days since sanction. Current workflow status: Physical Inspection.
WS/MP18126/2025-2026/256638,ND-WRK-1081,2026-11-03,,Physical Inspection,-56,open_work_age,0,False,No completion date is present and the work has been on record for -56 days since sanction. Current workflow status: Physical Inspection.
WS/MP18126/2025-2026/256637,ND-WRK-1080,2026-11-03,,Physical Inspection,-56,open_work_age,0,False,No completion date is present and the work has been on record for -56 days since sanction. Current workflow status: Physical Inspection.
WS/MP18126/2025-2026/256636,ND-WRK-1079,2026-11-03,,Physical Inspection,-56,open_work_age,0,False,No completion date is present and the work has been on record for -56 days since sanction. Current workflow status: Physical Inspection.
WS/MP18126/2025-2026/256635,ND-WRK-1078,2026-11-03,,Physical Inspection,-56,open_work_age,0,False,No completion date is present and the work has been on record for -56 days since sanction. Current workflow status: Physical Inspection.
WS/MP18126/2025-2026/256634,ND-WRK-1077,2026-11-03,,Physical Inspection,-56,open_work_age,0,False,No completion date is present and the work has been on record for -56 days since sanction. Current workflow status: Physical Inspection.
WS/MP18126/2025-2026/256633,ND-WRK-1076,2026-11-03,,Physical Inspection,-56,open_work_age,0,False,No completion date is present and the work has been on record for -56 days since sanction. Current workflow status: Physical Inspection.
WS/MP18126/2025-2026/256632,ND-WRK-1075,2026-11-03,,Physical Inspection,-56,open_work_age,0,False,No completion date is present and the work has been on record for -56 days since sanction. Current workflow status: Physical Inspection.
WS/MP18126/2025-2026/256631,ND-WRK-1074,2026-11-03,,Physical Inspection,-56,open_work_age,0,False,No completion date is present and the work has been on record for -56 days since sanction. Current workflow status: Physical Inspection.
WS/MP18126/2026-2027/266900,ND-WRK-1119,2026-03-07,,Sanction,185,open_work_age,0,False,No completion date is present and the work has been on record for 185 days since sanction. Current workflow status: Sanction.
WS/MP18126/2026-2027/256579,ND-WRK-1116,2026-03-07,,Sanction,185,open_work_age,0,False,No completion date is present and the work has been on record for 185 days since sanction. Current workflow status: Sanction.
WS/MP18126/2026-2027/239355,ND-WRK-1115,2026-09-04,,Vendor Identification,4,open_work_age,0,False,No completion date is present and the work has been on record for 4 days since sanction. Current workflow status: Vendor Identification.
WS/MP18126/2026-2027/239354,ND-WRK-1114,2026-09-04,,Sanction,4,open_work_age,0,False,No completion date is present and the work has been on record for 4 days since sanction. Current workflow status: Sanction.
WS/MP18126/2026-2027/236090,ND-WRK-1112,2026-03-07,,Sanction,185,open_work_age,0,False,No completion date is present and the work has been on record for 185 days since sanction. Current workflow status: Sanction.
WS/MP18126/2026-2027/233122,ND-WRK-1111,2026-03-07,,Sanction,185,open_work_age,0,False,No completion date is present and the work has been on record for 185 days since sanction. Current workflow status: Sanction.
WS/MP18126/2025-2026/256656,ND-WRK-1099,2026-11-03,,Physical Inspection,-56,open_work_age,0,False,No completion date is present and the work has been on record for -56 days since sanction. Current workflow status: Physical Inspection.
WS/MP18126/2025-2026/256655,ND-WRK-1098,2026-11-03,,Physical Inspection,-56,open_work_age,0,False,No completion date is present and the work has been on record for -56 days since sanction. Current workflow status: Physical Inspection.
WS/MP18126/2025-2026/256654,ND-WRK-1097,2026-11-03,,Physical Inspection,-56,open_work_age,0,False,No completion date is present and the work has been on record for -56 days since sanction. Current workflow status: Physical Inspection.
WS/MP18126/2025-2026/256653,ND-WRK-1096,2026-10-03,,Physical Inspection,-25,open_work_age,0,False,No completion date is present and the work has been on record for -25 days since sanction. Current workflow status: Physical Inspection.
WS/MP18126/2025-2026/256652,ND-WRK-1095,2026-11-03,,Physical Inspection,-56,open_work_age,0,False,No completion date is present and the work has been on record for -56 days since sanction. Current workflow status: Physical Inspection.
WS/MP18126/2025-2026/256651,ND-WRK-1094,2026-11-03,,Physical Inspection,-56,open_work_age,0,False,No completion date is present and the work has been on record for -56 days since sanction. Current workflow status: Physical Inspection.
WS/MP18126/2025-2026/256650,ND-WRK-1093,2026-11-03,,Physical Inspection,-56,open_work_age,0,False,No completion date is present and the work has been on record for -56 days since sanction. Current workflow status: Physical Inspection.
WS/MP18126/2025-2026/256649,ND-WRK-1092,2026-11-03,,Physical Inspection,-56,open_work_age,0,False,No completion date is present and the work has been on record for -56 days since sanction. Current workflow status: Physical Inspection.
WS/MP18126/2025-2026/256648,ND-WRK-1091,2026-11-03,,Physical Inspection,-56,open_work_age,0,False,No completion date is present and the work has been on record for -56 days since sanction. Current workflow status: Physical Inspection.
WS/MP18126/2025-2026/256647,ND-WRK-1090,2026-11-03,,Physical Inspection,-56,open_work_age,0,False,No completion date is present and the work has been on record for -56 days since sanction. Current workflow status: Physical Inspection.
WS/MP18127/2025-2026/188389,ND-WRK-1176,2025-04-07,2025-04-11,Physical Inspection,4,completed_duration,0,False,Recorded completion occurred 4 days after sanction.
WS/MP18127/2025-2026/188382,ND-WRK-1171,2025-04-07,2025-04-11,Physical Inspection,4,completed_duration,0,False,Recorded completion occurred 4 days after sanction.
WS/MP18127/2025-2026/188380,ND-WRK-1169,2025-09-10,2025-10-10,Physical Inspection,30,completed_duration,0,False,Recorded completion occurred 30 days after sanction.
WS/MP18127/2025-2026/188377,ND-WRK-1166,2025-02-12,2025-04-12,Work Completed,59,completed_duration,0,False,Recorded completion occurred 59 days after sanction.
WS/MP685/2026-2027/257924,ND-WRK-2332,2026-08-07,,Work partially Completed,32,open_work_age,0,False,No completion date is present and the work has been on record for 32 days since sanction. Current workflow status: Work partially Completed.
WS/MP18127/2025-2026/188375,ND-WRK-1164,2025-04-07,2025-10-11,Physical Inspection,187,completed_duration,0,False,Recorded completion occurred 187 days after sanction.
WS/MP685/2026-2027/254563,ND-WRK-2331,2026-09-04,,Work partially Completed,4,open_work_age,0,False,No completion date is present and the work has been on record for 4 days since sanction. Current workflow status: Work partially Completed.
WS/MP685/2026-2027/233089,ND-WRK-2329,2026-01-07,,Physical Inspection,244,open_work_age,0,False,No completion date is present and the work has been on record for 244 days since sanction. Current workflow status: Physical Inspection.
WS/MP18127/2025-2026/188370,ND-WRK-1159,2026-02-01,,Sanction,219,open_work_age,0,False,No completion date is present and the work has been on record for 219 days since sanction. Current workflow status: Sanction.
WS/MP18127/2025-2026/188369,ND-WRK-1158,2025-04-07,2025-05-12,Work Completed,35,completed_duration,0,False,Recorded completion occurred 35 days after sanction.
WS/MP18127/2025-2026/188368,ND-WRK-1157,2026-02-01,,Sanction,219,open_work_age,0,False,No completion date is present and the work has been on record for 219 days since sanction. Current workflow status: Sanction.
WS/MP18126/2026-2027/267191,ND-WRK-1147,2026-03-07,,Sanction,185,open_work_age,0,False,No completion date is present and the work has been on record for 185 days since sanction. Current workflow status: Sanction.
WS/MP18126/2026-2027/266927,ND-WRK-1135,2026-03-07,,Sanction,185,open_work_age,0,False,No completion date is present and the work has been on record for 185 days since sanction. Current workflow status: Sanction.
WS/MP18126/2026-2027/266926,ND-WRK-1134,2026-03-07,,Sanction,185,open_work_age,0,False,No completion date is present and the work has been on record for 185 days since sanction. Current workflow status: Sanction.
WS/MP18126/2026-2027/266910,ND-WRK-1129,2026-03-07,,Sanction,185,open_work_age,0,False,No completion date is present and the work has been on record for 185 days since sanction. Current workflow status: Sanction.
WS/MP18126/2026-2027/266906,ND-WRK-1125,2026-03-07,,Sanction,185,open_work_age,0,False,No completion date is present and the work has been on record for 185 days since sanction. Current workflow status: Sanction.
WS/MP18127/2025-2026/253714,ND-WRK-1197,2026-09-02,,Sanction,6,open_work_age,0,False,No completion date is present and the work has been on record for 6 days since sanction. Current workflow status: Sanction.
WS/MP18127/2025-2026/253713,ND-WRK-1196,2026-09-02,,Sanction,6,open_work_age,0,False,No completion date is present and the work has been on record for 6 days since sanction. Current workflow status: Sanction.
WS/MP18127/2025-2026/253712,ND-WRK-1195,2026-09-02,,Work partially Completed,6,open_work_age,0,False,No completion date is present and the work has been on record for 6 days since sanction. Current workflow status: Work partially Completed.
WS/MP18127/2025-2026/253711,ND-WRK-1194,2026-11-02,,Vendor Identification,-55,open_work_age,0,False,No completion date is present and the work has been on record for -55 days since sanction. Current workflow status: Vendor Identification.
WS/MP18127/2025-2026/253710,ND-WRK-1193,2026-11-02,,Work partially Completed,-55,open_work_age,0,False,No completion date is present and the work has been on record for -55 days since sanction. Current workflow status: Work partially Completed.
WS/MP18127/2025-2026/253709,ND-WRK-1192,2026-11-02,,Work partially Completed,-55,open_work_age,0,False,No completion date is present and the work has been on record for -55 days since sanction. Current workflow status: Work partially Completed.
WS/MP18127/2025-2026/253707,ND-WRK-1191,2026-11-02,,Work partially Completed,-55,open_work_age,0,False,No completion date is present and the work has been on record for -55 days since sanction. Current workflow status: Work partially Completed.
WS/MP18127/2025-2026/253704,ND-WRK-1190,2026-11-02,,Work partially Completed,-55,open_work_age,0,False,No completion date is present and the work has been on record for -55 days since sanction. Current workflow status: Work partially Completed.
WS/MP18127/2025-2026/253703,ND-WRK-1189,2026-11-02,,Work partially Completed,-55,open_work_age,0,False,No completion date is present and the work has been on record for -55 days since sanction. Current workflow status: Work partially Completed.
WS/MP18127/2025-2026/253702,ND-WRK-1188,2026-11-02,,Vendor Identification,-55,open_work_age,0,False,No completion date is present and the work has been on record for -55 days since sanction. Current workflow status: Vendor Identification.
WS/MP18127/2025-2026/253701,ND-WRK-1187,2026-11-02,,Sanction,-55,open_work_age,0,False,No completion date is present and the work has been on record for -55 days since sanction. Current workflow status: Sanction.
WS/MP685/2026-2027/187654,ND-WRK-2326,2026-01-07,,Work partially Completed,244,open_work_age,0,False,No completion date is present and the work has been on record for 244 days since sanction. Current workflow status: Work partially Completed.
WS/MP18127/2025-2026/188404,ND-WRK-1184,2026-02-01,,Sanction,219,open_work_age,0,False,No completion date is present and the work has been on record for 219 days since sanction. Current workflow status: Sanction.
WS/MP18127/2025-2026/188400,ND-WRK-1182,2026-02-01,,Physical Inspection,219,open_work_age,0,False,No completion date is present and the work has been on record for 219 days since sanction. Current workflow status: Physical Inspection.
WS/MP685/2026-2027/170395,ND-WRK-2317,2026-09-04,,Work partially Completed,4,open_work_age,0,False,No completion date is present and the work has been on record for 4 days since sanction. Current workflow status: Work partially Completed.
WS/MP18127/2025-2026/188390,ND-WRK-1177,2025-04-07,2025-04-11,Physical Inspection,4,completed_duration,0,False,Recorded completion occurred 4 days after sanction.
WS/MP18130/2026-2027/247469,ND-WRK-1276,2026-03-07,,Physical Inspection,185,open_work_age,0,False,No completion date is present and the work has been on record for 185 days since sanction. Current workflow status: Physical Inspection.
WS/MP18130/2026-2027/247462,ND-WRK-1275,2026-06-07,,Physical Inspection,93,open_work_age,0,False,No completion date is present and the work has been on record for 93 days since sanction. Current workflow status: Physical Inspection.
WS/MP18130/2026-2027/216598,ND-WRK-1273,2026-06-07,,Physical Inspection,93,open_work_age,0,False,No completion date is present and the work has been on record for 93 days since sanction. Current workflow status: Physical Inspection.
WS/MP18128/2026-2027/238454,ND-WRK-1252,2026-06-04,,Vendor Identification,96,open_work_age,0,False,No completion date is present and the work has been on record for 96 days since sanction. Current workflow status: Vendor Identification.
WS/MP18128/2026-2027/238452,ND-WRK-1251,2026-06-04,,Vendor Identification,96,open_work_age,0,False,No completion date is present and the work has been on record for 96 days since sanction. Current workflow status: Vendor Identification.
WS/MP18128/2026-2027/235609,ND-WRK-1250,2026-02-04,,Vendor Identification,216,open_work_age,0,False,No completion date is present and the work has been on record for 216 days since sanction. Current workflow status: Vendor Identification.
WS/MP18128/2026-2027/231489,ND-WRK-1249,2026-07-04,,Vendor Identification,66,open_work_age,0,False,No completion date is present and the work has been on record for 66 days since sanction. Current workflow status: Vendor Identification.
WS/MP18128/2026-2027/231485,ND-WRK-1247,2026-07-04,,Vendor Identification,66,open_work_age,0,False,No completion date is present and the work has been on record for 66 days since sanction. Current workflow status: Vendor Identification.
WS/MP18128/2026-2027/217799,ND-WRK-1241,2026-02-04,2026-09-04,Work Completed,212,completed_duration,0,False,Recorded completion occurred 212 days after sanction.
WS/MP18128/2026-2027/217790,ND-WRK-1240,2026-07-09,,Physical Inspection,61,open_work_age,0,False,No completion date is present and the work has been on record for 61 days since sanction. Current workflow status: Physical Inspection.
WS/MP18128/2026-2027/214175,ND-WRK-1238,2026-06-08,,Physical Inspection,92,open_work_age,0,False,No completion date is present and the work has been on record for 92 days since sanction. Current workflow status: Physical Inspection.
WS/MP18128/2026-2027/211848,ND-WRK-1237,2026-02-04,,Vendor Identification,216,open_work_age,0,False,No completion date is present and the work has been on record for 216 days since sanction. Current workflow status: Vendor Identification.
WS/MP18127/2026-2027/277131,ND-WRK-1235,2026-03-09,,Vendor Identification,183,open_work_age,0,False,No completion date is present and the work has been on record for 183 days since sanction. Current workflow status: Vendor Identification.
WS/MP18127/2026-2027/253698,ND-WRK-1212,2026-08-04,2026-09-04,Work Completed,31,completed_duration,0,False,Recorded completion occurred 31 days after sanction.
WS/MP18127/2026-2027/253692,ND-WRK-1211,2026-07-09,,Sanction,61,open_work_age,0,False,No completion date is present and the work has been on record for 61 days since sanction. Current workflow status: Sanction.
WS/MP18127/2025-2026/253715,ND-WRK-1198,2026-11-02,,Sanction,-55,open_work_age,0,False,No completion date is present and the work has been on record for -55 days since sanction. Current workflow status: Sanction.
WS/MP18131/2025-2026/255336,ND-WRK-1321,2026-05-03,,Sanction,128,open_work_age,0,False,No completion date is present and the work has been on record for 128 days since sanction. Current workflow status: Sanction.
WS/MP18131/2025-2026/234166,ND-WRK-1309,2026-05-03,,Sanction,128,open_work_age,0,False,No completion date is present and the work has been on record for 128 days since sanction. Current workflow status: Sanction.
WS/MP18131/2025-2026/234161,ND-WRK-1308,2026-05-03,,Sanction,128,open_work_age,0,False,No completion date is present and the work has been on record for 128 days since sanction. Current workflow status: Sanction.
WS/MP18131/2025-2026/200890,ND-WRK-1294,2026-05-03,2026-11-08,Physical Inspection,189,completed_duration,0,False,Recorded completion occurred 189 days after sanction.
WS/MP685/2026-2027/170392,ND-WRK-2316,2026-01-07,,Work partially Completed,244,open_work_age,0,False,No completion date is present and the work has been on record for 244 days since sanction. Current workflow status: Work partially Completed.
WS/MP685/2026-2027/159572,ND-WRK-2315,2026-03-09,,Work partially Completed,183,open_work_age,0,False,No completion date is present and the work has been on record for 183 days since sanction. Current workflow status: Work partially Completed.
WS/MP685/2025-2026/196341,ND-WRK-2314,2025-10-10,2025-10-10,Physical Inspection,0,completed_duration,0,False,Recorded completion occurred 0 days after sanction.
WS/MP685/2025-2026/196314,ND-WRK-2313,2025-10-10,2025-10-10,Physical Inspection,0,completed_duration,0,False,Recorded completion occurred 0 days after sanction.
WS/MP685/2025-2026/196313,ND-WRK-2312,2025-10-10,2025-10-10,Physical Inspection,0,completed_duration,0,False,Recorded completion occurred 0 days after sanction.
WS/MP685/2025-2026/196312,ND-WRK-2311,2025-10-10,2025-10-10,Physical Inspection,0,completed_duration,0,False,Recorded completion occurred 0 days after sanction.
WS/MP18131/2025-2026/188631,ND-WRK-1286,2026-05-03,2026-10-04,Physical Inspection,154,completed_duration,0,False,Recorded completion occurred 154 days after sanction.
WS/MP18131/2025-2026/188630,ND-WRK-1285,2026-05-03,,Physical Inspection,128,open_work_age,0,False,No completion date is present and the work has been on record for 128 days since sanction. Current workflow status: Physical Inspection.
WS/MP18131/2025-2026/188629,ND-WRK-1284,2026-05-03,,Physical Inspection,128,open_work_age,0,False,No completion date is present and the work has been on record for 128 days since sanction. Current workflow status: Physical Inspection.
WS/MP18131/2025-2026/188628,ND-WRK-1283,2026-05-03,2026-09-04,Work Completed,124,completed_duration,0,False,Recorded completion occurred 124 days after sanction.
WS/MP18131/2025-2026/188625,ND-WRK-1281,2026-07-01,2026-08-01,Physical Inspection,31,completed_duration,0,False,Recorded completion occurred 31 days after sanction.
WS/MP18112/2025-2026/233407,ND-WRK-0251,2026-06-02,,Vendor Identification,98,open_work_age,0,False,No completion date is present and the work has been on record for 98 days since sanction. Current workflow status: Vendor Identification.
WS/MP18112/2025-2026/233406,ND-WRK-0250,2026-06-02,,Vendor Identification,98,open_work_age,0,False,No completion date is present and the work has been on record for 98 days since sanction. Current workflow status: Vendor Identification.
WS/MP18111/2025-2026/194802,ND-WRK-0101,2025-01-12,2025-05-12,Physical Inspection,120,completed_duration,0,False,Recorded completion occurred 120 days after sanction.
WS/MP18111/2025-2026/194801,ND-WRK-0100,2025-01-12,2025-05-12,Physical Inspection,120,completed_duration,0,False,Recorded completion occurred 120 days after sanction.
WS/MP18111/2025-2026/194800,ND-WRK-0099,2025-01-12,2025-05-12,Physical Inspection,120,completed_duration,0,False,Recorded completion occurred 120 days after sanction.
WS/MP18111/2025-2026/188364,ND-WRK-0098,2025-07-08,2026-03-02,Physical Inspection,237,completed_duration,0,False,Recorded completion occurred 237 days after sanction.
WS/MP18132/2025-2026/174578,ND-WRK-1358,2025-03-09,2025-03-09,Physical Inspection,0,completed_duration,0,False,Recorded completion occurred 0 days after sanction.
WS/MP18111/2025-2026/187543,ND-WRK-0097,2025-04-12,2025-04-12,Physical Inspection,0,completed_duration,0,False,Recorded completion occurred 0 days after sanction.
WS/MP18111/2025-2026/187541,ND-WRK-0096,2025-04-12,2025-04-12,Work Completed,0,completed_duration,0,False,Recorded completion occurred 0 days after sanction.
WS/MP18111/2025-2026/187509,ND-WRK-0093,2025-07-08,2025-09-10,Physical Inspection,64,completed_duration,0,False,Recorded completion occurred 64 days after sanction.
WS/MP18131/2026-2027/276309,ND-WRK-1340,2026-11-06,,Sanction,-59,open_work_age,0,False,No completion date is present and the work has been on record for -59 days since sanction. Current workflow status: Sanction.
WS/MP18131/2026-2027/255345,ND-WRK-1331,2026-02-04,2026-08-04,Physical Inspection,181,completed_duration,0,False,Recorded completion occurred 181 days after sanction.
WS/MP18131/2026-2027/255334,ND-WRK-1330,2026-10-08,,Sanction,-30,open_work_age,0,False,No completion date is present and the work has been on record for -30 days since sanction. Current workflow status: Sanction.
WS/MP18131/2026-2027/228312,ND-WRK-1329,2026-10-08,,Sanction,-30,open_work_age,0,False,No completion date is present and the work has been on record for -30 days since sanction. Current workflow status: Sanction.
WS/MP18131/2026-2027/200892,ND-WRK-1326,2026-10-08,,Sanction,-30,open_work_age,0,False,No completion date is present and the work has been on record for -30 days since sanction. Current workflow status: Sanction.
WS/MP18131/2026-2027/188627,ND-WRK-1324,2026-02-04,2026-02-04,Physical Inspection,0,completed_duration,0,False,Recorded completion occurred 0 days after sanction.
WS/MP18131/2025-2026/255343,ND-WRK-1322,2026-05-03,2026-08-04,Physical Inspection,93,completed_duration,0,False,Recorded completion occurred 93 days after sanction.
WS/MP18111/2025-2026/187103,ND-WRK-0084,2026-12-01,2026-12-01,Physical Inspection,0,completed_duration,0,False,Recorded completion occurred 0 days after sanction.
WS/MP18111/2025-2026/187100,ND-WRK-0082,2025-10-10,2025-12-10,Physical Inspection,61,completed_duration,0,False,Recorded completion occurred 61 days after sanction.
WS/MP18111/2025-2026/187074,ND-WRK-0076,2025-01-12,2025-05-12,Physical Inspection,120,completed_duration,0,False,Recorded completion occurred 120 days after sanction.
WS/MP18111/2025-2026/177808,ND-WRK-0069,2025-01-10,2025-01-10,Physical Inspection,0,completed_duration,0,False,Recorded completion occurred 0 days after sanction.
WS/MP18111/2025-2026/177761,ND-WRK-0068,2026-09-02,2026-10-02,Physical Inspection,30,completed_duration,0,False,Recorded completion occurred 30 days after sanction.
WS/MP18111/2025-2026/144098,ND-WRK-0065,2025-03-04,2025-03-04,Physical Inspection,0,completed_duration,0,False,Recorded completion occurred 0 days after sanction.
WS/MP18112/2025-2026/252258,ND-WRK-0271,2026-12-03,,Sanction,-86,open_work_age,0,False,No completion date is present and the work has been on record for -86 days since sanction. Current workflow status: Sanction.
WS/MP18132/2025-2026/226538,ND-WRK-1390,2026-05-01,,Sanction,130,open_work_age,0,False,No completion date is present and the work has been on record for 130 days since sanction. Current workflow status: Sanction.
WS/MP18112/2025-2026/249991,ND-WRK-0270,2026-06-02,,Sanction,98,open_work_age,0,False,No completion date is present and the work has been on record for 98 days since sanction. Current workflow status: Sanction.
WS/MP18112/2025-2026/249987,ND-WRK-0269,2026-05-01,2026-07-01,Work Completed,61,completed_duration,0,False,Recorded completion occurred 61 days after sanction.
WS/MP18112/2025-2026/249985,ND-WRK-0268,2026-05-01,2026-07-01,Work Completed,61,completed_duration,0,False,Recorded completion occurred 61 days after sanction.
WS/MP18112/2025-2026/243768,ND-WRK-0267,2026-06-02,,Sanction,98,open_work_age,0,False,No completion date is present and the work has been on record for 98 days since sanction. Current workflow status: Sanction.
WS/MP18112/2025-2026/243760,ND-WRK-0266,2026-06-02,,Work partially Completed,98,open_work_age,0,False,No completion date is present and the work has been on record for 98 days since sanction. Current workflow status: Work partially Completed.
WS/MP18112/2025-2026/243759,ND-WRK-0265,2026-06-02,,Sanction,98,open_work_age,0,False,No completion date is present and the work has been on record for 98 days since sanction. Current workflow status: Sanction.
WS/MP18112/2025-2026/236489,ND-WRK-0263,2026-06-02,2026-04-03,Work Completed,-60,completed_duration,0,False,Recorded completion occurred -60 days after sanction.
WS/MP18112/2025-2026/236488,ND-WRK-0262,2026-06-02,2026-04-03,Work Completed,-60,completed_duration,0,False,Recorded completion occurred -60 days after sanction.
WS/MP18133/2025-2026/253841,ND-WRK-1494,2026-05-01,,Sanction,130,open_work_age,0,False,No completion date is present and the work has been on record for 130 days since sanction. Current workflow status: Sanction.
WS/MP18133/2025-2026/253839,ND-WRK-1493,2026-05-01,,Sanction,130,open_work_age,0,False,No completion date is present and the work has been on record for 130 days since sanction. Current workflow status: Sanction.
WS/MP18133/2025-2026/253832,ND-WRK-1490,2026-05-01,,Sanction,130,open_work_age,0,False,No completion date is present and the work has been on record for 130 days since sanction. Current workflow status: Sanction.
WS/MP18133/2025-2026/253828,ND-WRK-1488,2026-05-01,2026-03-09,Physical Inspection,-53,completed_duration,0,False,Recorded completion occurred -53 days after sanction.
WS/MP18112/2025-2026/233600,ND-WRK-0261,2026-06-02,2026-04-03,Work Completed,-60,completed_duration,0,False,Recorded completion occurred -60 days after sanction.
WS/MP18112/2025-2026/233599,ND-WRK-0260,2026-06-02,2026-04-03,Work Completed,-60,completed_duration,0,False,Recorded completion occurred -60 days after sanction.
WS/MP18112/2025-2026/233595,ND-WRK-0259,2026-06-02,2026-04-03,Work Completed,-60,completed_duration,0,False,Recorded completion occurred -60 days after sanction.
WS/MP18112/2025-2026/233589,ND-WRK-0258,2026-06-02,2026-04-03,Work Completed,-60,completed_duration,0,False,Recorded completion occurred -60 days after sanction.
WS/MP18112/2025-2026/233588,ND-WRK-0257,2026-06-02,2026-04-03,Work Completed,-60,completed_duration,0,False,Recorded completion occurred -60 days after sanction.
WS/MP18112/2025-2026/233585,ND-WRK-0256,2026-06-02,,Vendor Identification,98,open_work_age,0,False,No completion date is present and the work has been on record for 98 days since sanction. Current workflow status: Vendor Identification.
WS/MP18112/2025-2026/233410,ND-WRK-0252,2026-06-02,,Vendor Identification,98,open_work_age,0,False,No completion date is present and the work has been on record for 98 days since sanction. Current workflow status: Vendor Identification.
WS/MP18113/2025-2026/176732,ND-WRK-0294,2025-07-07,2025-10-07,Physical Inspection,92,completed_duration,0,False,Recorded completion occurred 92 days after sanction.
WS/MP18113/2025-2026/166722,ND-WRK-0293,2026-06-01,2026-07-01,Physical Inspection,30,completed_duration,0,False,Recorded completion occurred 30 days after sanction.
WS/MP18113/2025-2026/162522,ND-WRK-0292,2025-05-08,2025-05-08,Physical Inspection,0,completed_duration,0,False,Recorded completion occurred 0 days after sanction.
WS/MP18132/2026-2027/277261,ND-WRK-1422,2026-07-08,,Sanction,62,open_work_age,0,False,No completion date is present and the work has been on record for 62 days since sanction. Current workflow status: Sanction.
WS/MP18132/2026-2027/277259,ND-WRK-1421,2026-07-08,,Sanction,62,open_work_age,0,False,No completion date is present and the work has been on record for 62 days since sanction. Current workflow status: Sanction.
WS/MP18133/2025-2026/253966,ND-WRK-1518,2026-05-01,,Sanction,130,open_work_age,0,False,No completion date is present and the work has been on record for 130 days since sanction. Current workflow status: Sanction.
WS/MP18133/2025-2026/253964,ND-WRK-1517,2026-05-01,,Sanction,130,open_work_age,0,False,No completion date is present and the work has been on record for 130 days since sanction. Current workflow status: Sanction.
WS/MP18133/2025-2026/253961,ND-WRK-1514,2026-05-01,,Sanction,130,open_work_age,0,False,No completion date is present and the work has been on record for 130 days since sanction. Current workflow status: Sanction.
WS/MP18133/2025-2026/253955,ND-WRK-1508,2026-05-01,,Sanction,130,open_work_age,0,False,No completion date is present and the work has been on record for 130 days since sanction. Current workflow status: Sanction.
WS/MP18133/2025-2026/253954,ND-WRK-1507,2026-05-01,,Sanction,130,open_work_age,0,False,No completion date is present and the work has been on record for 130 days since sanction. Current workflow status: Sanction.
WS/MP18133/2025-2026/253953,ND-WRK-1506,2026-05-01,,Sanction,130,open_work_age,0,False,No completion date is present and the work has been on record for 130 days since sanction. Current workflow status: Sanction.
WS/MP18133/2025-2026/253852,ND-WRK-1504,2026-05-01,,Sanction,130,open_work_age,0,False,No completion date is present and the work has been on record for 130 days since sanction. Current workflow status: Sanction.
WS/MP18133/2025-2026/253851,ND-WRK-1503,2026-05-01,,Sanction,130,open_work_age,0,False,No completion date is present and the work has been on record for 130 days since sanction. Current workflow status: Sanction.
WS/MP18133/2025-2026/253850,ND-WRK-1502,2026-05-01,,Sanction,130,open_work_age,0,False,No completion date is present and the work has been on record for 130 days since sanction. Current workflow status: Sanction.
WS/MP18133/2025-2026/253849,ND-WRK-1501,2026-05-01,,Sanction,130,open_work_age,0,False,No completion date is present and the work has been on record for 130 days since sanction. Current workflow status: Sanction.
WS/MP18133/2025-2026/253847,ND-WRK-1500,2026-05-01,,Sanction,130,open_work_age,0,False,No completion date is present and the work has been on record for 130 days since sanction. Current workflow status: Sanction.
WS/MP18133/2025-2026/253846,ND-WRK-1499,2026-05-01,,Sanction,130,open_work_age,0,False,No completion date is present and the work has been on record for 130 days since sanction. Current workflow status: Sanction.
WS/MP18133/2025-2026/253845,ND-WRK-1498,2026-05-01,,Sanction,130,open_work_age,0,False,No completion date is present and the work has been on record for 130 days since sanction. Current workflow status: Sanction.
WS/MP18133/2025-2026/253844,ND-WRK-1497,2026-05-01,,Sanction,130,open_work_age,0,False,No completion date is present and the work has been on record for 130 days since sanction. Current workflow status: Sanction.
WS/MP18133/2025-2026/253843,ND-WRK-1496,2026-05-01,,Sanction,130,open_work_age,0,False,No completion date is present and the work has been on record for 130 days since sanction. Current workflow status: Sanction.
WS/MP18133/2025-2026/253842,ND-WRK-1495,2026-05-01,,Sanction,130,open_work_age,0,False,No completion date is present and the work has been on record for 130 days since sanction. Current workflow status: Sanction.
WS/MP18134/2025-2026/245985,ND-WRK-1611,2026-03-03,,Sanction,189,open_work_age,0,False,No completion date is present and the work has been on record for 189 days since sanction. Current workflow status: Sanction.
WS/MP18134/2025-2026/245972,ND-WRK-1610,2026-03-03,,Sanction,189,open_work_age,0,False,No completion date is present and the work has been on record for 189 days since sanction. Current workflow status: Sanction.
WS/MP18134/2025-2026/240364,ND-WRK-1606,2026-03-03,,Sanction,189,open_work_age,0,False,No completion date is present and the work has been on record for 189 days since sanction. Current workflow status: Sanction.
WS/MP18134/2025-2026/186877,ND-WRK-1594,2026-03-03,,Sanction,189,open_work_age,0,False,No completion date is present and the work has been on record for 189 days since sanction. Current workflow status: Sanction.
WS/MP18134/2025-2026/186640,ND-WRK-1593,2026-03-03,,Sanction,189,open_work_age,0,False,No completion date is present and the work has been on record for 189 days since sanction. Current workflow status: Sanction.
WS/MP18134/2025-2026/183906,ND-WRK-1578,2026-03-03,,Sanction,189,open_work_age,0,False,No completion date is present and the work has been on record for 189 days since sanction. Current workflow status: Sanction.
WS/MP18133/2026-2027/257689,ND-WRK-1547,2026-07-08,,Sanction,62,open_work_age,0,False,No completion date is present and the work has been on record for 62 days since sanction. Current workflow status: Sanction.
WS/MP18133/2026-2027/253965,ND-WRK-1545,2026-07-08,,Sanction,62,open_work_age,0,False,No completion date is present and the work has been on record for 62 days since sanction. Current workflow status: Sanction.
WS/MP18133/2026-2027/253829,ND-WRK-1544,2026-02-07,,Sanction,213,open_work_age,0,False,No completion date is present and the work has been on record for 213 days since sanction. Current workflow status: Sanction.
WS/MP18133/2026-2027/253826,ND-WRK-1543,2026-07-08,,Sanction,62,open_work_age,0,False,No completion date is present and the work has been on record for 62 days since sanction. Current workflow status: Sanction.
WS/MP18133/2026-2027/253631,ND-WRK-1542,2026-07-08,,Sanction,62,open_work_age,0,False,No completion date is present and the work has been on record for 62 days since sanction. Current workflow status: Sanction.
WS/MP18133/2025-2026/254602,ND-WRK-1532,2026-05-01,2026-06-08,Physical Inspection,38,completed_duration,0,False,Recorded completion occurred 38 days after sanction.
WS/MP18133/2025-2026/254128,ND-WRK-1528,2026-05-01,,Sanction,130,open_work_age,0,False,No completion date is present and the work has been on record for 130 days since sanction. Current workflow status: Sanction.
WS/MP18133/2025-2026/253982,ND-WRK-1527,2026-05-01,,Sanction,130,open_work_age,0,False,No completion date is present and the work has been on record for 130 days since sanction. Current workflow status: Sanction.
WS/MP18133/2025-2026/253970,ND-WRK-1522,2026-05-01,,Sanction,130,open_work_age,0,False,No completion date is present and the work has been on record for 130 days since sanction. Current workflow status: Sanction.
WS/MP18133/2025-2026/253969,ND-WRK-1521,2026-05-01,,Sanction,130,open_work_age,0,False,No completion date is present and the work has been on record for 130 days since sanction. Current workflow status: Sanction.
WS/MP18113/2025-2026/162518,ND-WRK-0291,2025-05-06,2025-12-06,Physical Inspection,214,completed_duration,0,False,Recorded completion occurred 214 days after sanction.
WS/MP18112/2026-2027/250002,ND-WRK-0286,2026-08-09,,Sanction,30,open_work_age,0,False,No completion date is present and the work has been on record for 30 days since sanction. Current workflow status: Sanction.
WS/MP18112/2026-2027/243762,ND-WRK-0285,2026-08-09,,Sanction,30,open_work_age,0,False,No completion date is present and the work has been on record for 30 days since sanction. Current workflow status: Sanction.
WS/MP18136/2025-2026/165207,ND-WRK-1648,2025-09-04,2026-07-05,Work Completed,304,completed_duration,0,False,Recorded completion occurred 304 days after sanction.
WS/MP18112/2026-2027/164651,ND-WRK-0282,2026-08-07,,Work partially Completed,32,open_work_age,0,False,No completion date is present and the work has been on record for 32 days since sanction. Current workflow status: Work partially Completed.
WS/MP18112/2026-2027/164649,ND-WRK-0281,2026-08-07,,Work partially Completed,32,open_work_age,0,False,No completion date is present and the work has been on record for 32 days since sanction. Current workflow status: Work partially Completed.
WS/MP18134/2026-2027/267033,ND-WRK-1645,2026-01-07,,Sanction,244,open_work_age,0,False,No completion date is present and the work has been on record for 244 days since sanction. Current workflow status: Sanction.
WS/MP18134/2026-2027/266317,ND-WRK-1644,2026-01-07,,Sanction,244,open_work_age,0,False,No completion date is present and the work has been on record for 244 days since sanction. Current workflow status: Sanction.
WS/MP18134/2026-2027/260736,ND-WRK-1643,2026-01-07,,Sanction,244,open_work_age,0,False,No completion date is present and the work has been on record for 244 days since sanction. Current workflow status: Sanction.
WS/MP18134/2025-2026/251210,ND-WRK-1629,2026-03-03,,Sanction,189,open_work_age,0,False,No completion date is present and the work has been on record for 189 days since sanction. Current workflow status: Sanction.
WS/MP18134/2025-2026/248348,ND-WRK-1627,2026-03-03,,Sanction,189,open_work_age,0,False,No completion date is present and the work has been on record for 189 days since sanction. Current workflow status: Sanction.
WS/MP18134/2025-2026/246124,ND-WRK-1624,2026-03-03,,Sanction,189,open_work_age,0,False,No completion date is present and the work has been on record for 189 days since sanction. Current workflow status: Sanction.
WS/MP18134/2025-2026/246097,ND-WRK-1620,2026-03-03,,Sanction,189,open_work_age,0,False,No completion date is present and the work has been on record for 189 days since sanction. Current workflow status: Sanction.
WS/MP18134/2025-2026/246037,ND-WRK-1615,2026-03-03,,Sanction,189,open_work_age,0,False,No completion date is present and the work has been on record for 189 days since sanction. Current workflow status: Sanction.
WS/MP18134/2025-2026/246029,ND-WRK-1614,2026-03-03,,Sanction,189,open_work_age,0,False,No completion date is present and the work has been on record for 189 days since sanction. Current workflow status: Sanction.
WS/MP18134/2025-2026/246023,ND-WRK-1613,2026-03-03,,Sanction,189,open_work_age,0,False,No completion date is present and the work has been on record for 189 days since sanction. Current workflow status: Sanction.
WS/MP18136/2025-2026/195313,ND-WRK-1673,2026-09-02,2026-09-02,Work Completed,0,completed_duration,0,False,Recorded completion occurred 0 days after sanction.
WS/MP18112/2026-2027/164647,ND-WRK-0280,2026-08-07,,Sanction,32,open_work_age,0,False,No completion date is present and the work has been on record for 32 days since sanction. Current workflow status: Sanction.
WS/MP18112/2025-2026/263214,ND-WRK-0279,2026-12-03,,Sanction,-86,open_work_age,0,False,No completion date is present and the work has been on record for -86 days since sanction. Current workflow status: Sanction.
WS/MP18112/2025-2026/259060,ND-WRK-0278,2026-06-02,,Work partially Completed,98,open_work_age,0,False,No completion date is present and the work has been on record for 98 days since sanction. Current workflow status: Work partially Completed.
WS/MP18112/2025-2026/259059,ND-WRK-0277,2026-06-02,,Work partially Completed,98,open_work_age,0,False,No completion date is present and the work has been on record for 98 days since sanction. Current workflow status: Work partially Completed.
WS/MP18112/2025-2026/259047,ND-WRK-0276,2026-06-02,2026-04-03,Work Completed,-60,completed_duration,0,False,Recorded completion occurred -60 days after sanction.
WS/MP18112/2025-2026/258223,ND-WRK-0274,2026-06-02,,Vendor Identification,98,open_work_age,0,False,No completion date is present and the work has been on record for 98 days since sanction. Current workflow status: Vendor Identification.
WS/MP18112/2025-2026/254671,ND-WRK-0273,2026-06-02,,Sanction,98,open_work_age,0,False,No completion date is present and the work has been on record for 98 days since sanction. Current workflow status: Sanction.
WS/MP18112/2025-2026/254670,ND-WRK-0272,2026-06-02,,Sanction,98,open_work_age,0,False,No completion date is present and the work has been on record for 98 days since sanction. Current workflow status: Sanction.
WS/MP18114/2025-2026/166011,ND-WRK-0355,2026-09-02,,Vendor Identification,6,open_work_age,0,False,No completion date is present and the work has been on record for 6 days since sanction. Current workflow status: Vendor Identification.
WS/MP18114/2025-2026/157658,ND-WRK-0352,2026-09-02,,Physical Inspection,6,open_work_age,0,False,No completion date is present and the work has been on record for 6 days since sanction. Current workflow status: Physical Inspection.
WS/MP18114/2025-2026/157606,ND-WRK-0346,2026-09-02,,Vendor Identification,6,open_work_age,0,False,No completion date is present and the work has been on record for 6 days since sanction. Current workflow status: Vendor Identification.
WS/MP18114/2025-2026/157456,ND-WRK-0339,2025-11-12,2025-11-12,Physical Inspection,0,completed_duration,0,False,Recorded completion occurred 0 days after sanction.
WS/MP18136/2025-2026/165692,ND-WRK-1654,2025-09-04,2025-01-10,Work Completed,-237,completed_duration,0,False,Recorded completion occurred -237 days after sanction.
WS/MP18114/2025-2026/157447,ND-WRK-0335,2025-11-12,2025-11-12,Physical Inspection,0,completed_duration,0,False,Recorded completion occurred 0 days after sanction.
WS/MP18114/2025-2026/157440,ND-WRK-0333,2025-08-10,2025-08-10,Physical Inspection,0,completed_duration,0,False,Recorded completion occurred 0 days after sanction.
WS/MP18258/2025-2026/164630,ND-WRK-1702,2025-05-06,2025-12-06,Work Completed,214,completed_duration,0,False,Recorded completion occurred 214 days after sanction.
WS/MP18136/2026-2027/273905,ND-WRK-1698,2026-02-09,,Physical Inspection,211,open_work_age,0,False,No completion date is present and the work has been on record for 211 days since sanction. Current workflow status: Physical Inspection.
WS/MP18136/2026-2027/257200,ND-WRK-1697,2026-09-07,,Physical Inspection,1,open_work_age,0,False,No completion date is present and the work has been on record for 1 days since sanction. Current workflow status: Physical Inspection.
WS/MP18136/2026-2027/204526,ND-WRK-1694,2026-09-07,,Sanction,1,open_work_age,0,False,No completion date is present and the work has been on record for 1 days since sanction. Current workflow status: Sanction.
WS/MP18136/2026-2027/195303,ND-WRK-1692,2026-09-07,,Sanction,1,open_work_age,0,False,No completion date is present and the work has been on record for 1 days since sanction. Current workflow status: Sanction.
WS/MP18136/2026-2027/195302,ND-WRK-1691,2026-09-07,,Time Estimation,1,open_work_age,0,False,No completion date is present and the work has been on record for 1 days since sanction. Current workflow status: Time Estimation.
WS/MP18136/2026-2027/195300,ND-WRK-1690,2026-10-04,,Work Completed,-26,open_work_age,0,False,No completion date is present and the work has been on record for -26 days since sanction. Current workflow status: Work Completed.
WS/MP18136/2026-2027/195298,ND-WRK-1689,2026-09-07,,Sanction,1,open_work_age,0,False,No completion date is present and the work has been on record for 1 days since sanction. Current workflow status: Sanction.
WS/MP18136/2026-2027/195297,ND-WRK-1688,2026-10-04,,Work Completed,-26,open_work_age,0,False,No completion date is present and the work has been on record for -26 days since sanction. Current workflow status: Work Completed.
WS/MP18136/2026-2027/195295,ND-WRK-1687,2026-09-07,,Sanction,1,open_work_age,0,False,No completion date is present and the work has been on record for 1 days since sanction. Current workflow status: Sanction.
WS/MP18136/2026-2027/195294,ND-WRK-1686,2026-09-07,,Vendor Identification,1,open_work_age,0,False,No completion date is present and the work has been on record for 1 days since sanction. Current workflow status: Vendor Identification.
WS/MP18136/2026-2027/195293,ND-WRK-1685,2026-09-07,,Physical Inspection,1,open_work_age,0,False,No completion date is present and the work has been on record for 1 days since sanction. Current workflow status: Physical Inspection.
WS/MP18136/2026-2027/195290,ND-WRK-1684,2026-09-07,,Work partially Completed,1,open_work_age,0,False,No completion date is present and the work has been on record for 1 days since sanction. Current workflow status: Work partially Completed.
WS/MP18136/2026-2027/195289,ND-WRK-1683,2026-09-07,,Sanction,1,open_work_age,0,False,No completion date is present and the work has been on record for 1 days since sanction. Current workflow status: Sanction.
WS/MP18136/2026-2027/195110,ND-WRK-1682,2026-09-07,,Sanction,1,open_work_age,0,False,No completion date is present and the work has been on record for 1 days since sanction. Current workflow status: Sanction.
WS/MP18136/2026-2027/195063,ND-WRK-1681,2026-09-07,,Vendor Identification,1,open_work_age,0,False,No completion date is present and the work has been on record for 1 days since sanction. Current workflow status: Vendor Identification.
WS/MP18113/2026-2027/226249,ND-WRK-0324,2026-05-09,,Physical Inspection,122,open_work_age,0,False,No completion date is present and the work has been on record for 122 days since sanction. Current workflow status: Physical Inspection.
WS/MP18113/2026-2027/193160,ND-WRK-0319,2026-05-09,,Physical Inspection,122,open_work_age,0,False,No completion date is present and the work has been on record for 122 days since sanction. Current workflow status: Physical Inspection.
WS/MP18113/2026-2027/193159,ND-WRK-0318,2026-01-09,,Physical Inspection,242,open_work_age,0,False,No completion date is present and the work has been on record for 242 days since sanction. Current workflow status: Physical Inspection.
WS/MP18113/2025-2026/219638,ND-WRK-0312,2026-12-01,2026-12-01,Physical Inspection,0,completed_duration,0,False,Recorded completion occurred 0 days after sanction.
WS/MP18113/2025-2026/202118,ND-WRK-0309,2025-04-11,2025-06-11,Physical Inspection,61,completed_duration,0,False,Recorded completion occurred 61 days after sanction.
WS/MP18113/2025-2026/194151,ND-WRK-0307,2026-03-02,,Physical Inspection,190,open_work_age,0,False,No completion date is present and the work has been on record for 190 days since sanction. Current workflow status: Physical Inspection.
WS/MP18113/2025-2026/193132,ND-WRK-0304,2025-11-09,2025-12-09,Physical Inspection,30,completed_duration,0,False,Recorded completion occurred 30 days after sanction.
WS/MP18113/2025-2026/193125,ND-WRK-0303,2026-03-02,,Physical Inspection,190,open_work_age,0,False,No completion date is present and the work has been on record for 190 days since sanction. Current workflow status: Physical Inspection.
WS/MP18113/2025-2026/180320,ND-WRK-0296,2025-05-12,2025-08-12,Physical Inspection,92,completed_duration,0,False,Recorded completion occurred 92 days after sanction.
WS/MP18258/2026-2027/245999,ND-WRK-1716,2026-02-09,,Physical Inspection,211,open_work_age,0,False,No completion date is present and the work has been on record for 211 days since sanction. Current workflow status: Physical Inspection.
WS/MP18258/2026-2027/183905,ND-WRK-1715,2026-01-09,,Physical Inspection,242,open_work_age,0,False,No completion date is present and the work has been on record for 242 days since sanction. Current workflow status: Physical Inspection.
WS/MP18258/2026-2027/183826,ND-WRK-1714,2026-02-09,,Physical Inspection,211,open_work_age,0,False,No completion date is present and the work has been on record for 211 days since sanction. Current workflow status: Physical Inspection.
WS/MP18258/2026-2027/183797,ND-WRK-1709,2026-03-08,,Physical Inspection,184,open_work_age,0,False,No completion date is present and the work has been on record for 184 days since sanction. Current workflow status: Physical Inspection.
WS/MP18258/2025-2026/183824,ND-WRK-1705,2026-11-03,,Work Completed,-56,open_work_age,0,False,No completion date is present and the work has been on record for -56 days since sanction. Current workflow status: Work Completed.
WS/MP18258/2025-2026/183816,ND-WRK-1704,2026-09-03,2026-10-03,Work Completed,30,completed_duration,0,False,Recorded completion occurred 30 days after sanction.
WS/MP18258/2025-2026/183814,ND-WRK-1703,2026-09-03,2026-10-03,Work Completed,30,completed_duration,0,False,Recorded completion occurred 30 days after sanction.
WS/MP18323/2025-2026/168685,ND-WRK-1894,2025-11-08,2025-11-08,Physical Inspection,0,completed_duration,0,False,Recorded completion occurred 0 days after sanction.
WS/MP18323/2025-2026/168679,ND-WRK-1893,2025-11-08,2025-11-08,Physical Inspection,0,completed_duration,0,False,Recorded completion occurred 0 days after sanction.
WS/MP18323/2025-2026/167436,ND-WRK-1892,2025-07-10,2025-07-10,Physical Inspection,0,completed_duration,0,False,Recorded completion occurred 0 days after sanction.
WS/MP18323/2025-2026/167414,ND-WRK-1891,2025-07-10,2025-07-10,Physical Inspection,0,completed_duration,0,False,Recorded completion occurred 0 days after sanction.
WS/MP18323/2025-2026/146706,ND-WRK-1883,2025-05-05,2025-09-05,Physical Inspection,123,completed_duration,0,False,Recorded completion occurred 123 days after sanction.
WS/MP18323/2025-2026/144116,ND-WRK-1882,2026-03-02,2026-04-02,Physical Inspection,31,completed_duration,0,False,Recorded completion occurred 31 days after sanction.
WS/MP18115/2026-2027/186723,ND-WRK-0408,2026-03-04,,Physical Inspection,188,open_work_age,0,False,No completion date is present and the work has been on record for 188 days since sanction. Current workflow status: Physical Inspection.
WS/MP18323/2025-2026/144107,ND-WRK-1880,2026-03-02,2026-03-02,Physical Inspection,0,completed_duration,0,False,Recorded completion occurred 0 days after sanction.
WS/MP18308/2025-2026/262899,ND-WRK-1875,2026-12-03,,Sanction,-86,open_work_age,0,False,No completion date is present and the work has been on record for -86 days since sanction. Current workflow status: Sanction.
WS/MP18115/2026-2027/186720,ND-WRK-0407,2026-03-04,,Sanction,188,open_work_age,0,False,No completion date is present and the work has been on record for 188 days since sanction. Current workflow status: Sanction.
WS/MP18115/2026-2027/186691,ND-WRK-0406,2026-03-04,,Sanction,188,open_work_age,0,False,No completion date is present and the work has been on record for 188 days since sanction. Current workflow status: Sanction.
WS/MP18115/2026-2027/186677,ND-WRK-0405,2026-03-04,,Physical Inspection,188,open_work_age,0,False,No completion date is present and the work has been on record for 188 days since sanction. Current workflow status: Physical Inspection.
WS/MP18115/2026-2027/186671,ND-WRK-0404,2026-02-04,,Sanction,216,open_work_age,0,False,No completion date is present and the work has been on record for 216 days since sanction. Current workflow status: Sanction.
WS/MP18115/2026-2027/186643,ND-WRK-0403,2026-03-04,,Physical Inspection,188,open_work_age,0,False,No completion date is present and the work has been on record for 188 days since sanction. Current workflow status: Physical Inspection.
WS/MP18115/2026-2027/186641,ND-WRK-0402,2026-03-04,,Sanction,188,open_work_age,0,False,No completion date is present and the work has been on record for 188 days since sanction. Current workflow status: Sanction.
WS/MP18115/2026-2027/186493,ND-WRK-0401,2026-09-04,2026-11-04,Physical Inspection,61,completed_duration,0,False,Recorded completion occurred 61 days after sanction.
WS/MP18429/2025-2026/227019,ND-WRK-2025,2026-04-03,2026-10-03,Physical Inspection,183,completed_duration,0,False,Recorded completion occurred 183 days after sanction.
WS/MP18429/2025-2026/223681,ND-WRK-2022,2026-09-03,2026-09-03,Physical Inspection,0,completed_duration,0,False,Recorded completion occurred 0 days after sanction.
WS/MP18429/2025-2026/223141,ND-WRK-2020,2026-09-02,,Physical Inspection,6,open_work_age,0,False,No completion date is present and the work has been on record for 6 days since sanction. Current workflow status: Physical Inspection.
WS/MP18429/2025-2026/223140,ND-WRK-2019,2026-09-02,,Physical Inspection,6,open_work_age,0,False,No completion date is present and the work has been on record for 6 days since sanction. Current workflow status: Physical Inspection.
WS/MP18429/2025-2026/223139,ND-WRK-2018,2026-09-02,2026-10-02,Work Completed,30,completed_duration,0,False,Recorded completion occurred 30 days after sanction.
WS/MP18369/2026-2027/226226,ND-WRK-1989,2026-04-08,,Physical Inspection,153,open_work_age,0,False,No completion date is present and the work has been on record for 153 days since sanction. Current workflow status: Physical Inspection.
WS/MP18369/2026-2027/220305,ND-WRK-1988,2026-02-09,,Sanction,211,open_work_age,0,False,No completion date is present and the work has been on record for 211 days since sanction. Current workflow status: Sanction.
WS/MP18369/2025-2026/204030,ND-WRK-1971,2026-12-03,,Physical Inspection,-86,open_work_age,0,False,No completion date is present and the work has been on record for -86 days since sanction. Current workflow status: Physical Inspection.
WS/MP18327/2026-2027/246149,ND-WRK-1921,2026-03-09,,Sanction,183,open_work_age,0,False,No completion date is present and the work has been on record for 183 days since sanction. Current workflow status: Sanction.
WS/MP18327/2026-2027/227932,ND-WRK-1918,2026-03-09,,Sanction,183,open_work_age,0,False,No completion date is present and the work has been on record for 183 days since sanction. Current workflow status: Sanction.
WS/MP18327/2025-2026/235510,ND-WRK-1916,2026-04-03,2026-07-04,Physical Inspection,92,completed_duration,0,False,Recorded completion occurred 92 days after sanction.
WS/MP18327/2025-2026/137670,ND-WRK-1915,2026-09-03,2026-12-03,Physical Inspection,91,completed_duration,0,False,Recorded completion occurred 91 days after sanction.
WS/MP18323/2026-2027/181804,ND-WRK-1912,2026-07-07,,Time Estimation,63,open_work_age,0,False,No completion date is present and the work has been on record for 63 days since sanction. Current workflow status: Time Estimation.
WS/MP18323/2026-2027/144117,ND-WRK-1906,2026-07-08,,Physical Inspection,62,open_work_age,0,False,No completion date is present and the work has been on record for 62 days since sanction. Current workflow status: Physical Inspection.
WS/MP18115/2026-2027/186459,ND-WRK-0398,2026-01-09,,Time Estimation,242,open_work_age,0,False,No completion date is present and the work has been on record for 242 days since sanction. Current workflow status: Time Estimation.
WS/MP18323/2025-2026/168809,ND-WRK-1895,2025-08-08,2025-08-08,Physical Inspection,0,completed_duration,0,False,Recorded completion occurred 0 days after sanction.
WS/MP18429/2026-2027/245707,ND-WRK-2062,2026-07-09,2026-08-09,Physical Inspection,31,completed_duration,0,False,Recorded completion occurred 31 days after sanction.
WS/MP18429/2026-2027/245668,ND-WRK-2060,2026-01-04,2026-06-04,Physical Inspection,151,completed_duration,0,False,Recorded completion occurred 151 days after sanction.
WS/MP18429/2026-2027/245246,ND-WRK-2057,2026-08-09,,Sanction,30,open_work_age,0,False,No completion date is present and the work has been on record for 30 days since sanction. Current workflow status: Sanction.
WS/MP18429/2026-2027/244565,ND-WRK-2056,2026-02-07,,Physical Inspection,213,open_work_age,0,False,No completion date is present and the work has been on record for 213 days since sanction. Current workflow status: Physical Inspection.
WS/MP18429/2026-2027/243634,ND-WRK-2051,2026-04-08,2026-05-08,Physical Inspection,30,completed_duration,0,False,Recorded completion occurred 30 days after sanction.
WS/MP18429/2026-2027/242465,ND-WRK-2048,2026-08-09,2026-08-09,Physical Inspection,0,completed_duration,0,False,Recorded completion occurred 0 days after sanction.
WS/MP18429/2026-2027/242464,ND-WRK-2047,2026-02-07,,Physical Inspection,213,open_work_age,0,False,No completion date is present and the work has been on record for 213 days since sanction. Current workflow status: Physical Inspection.
WS/MP18429/2026-2027/242460,ND-WRK-2045,2026-02-07,,Physical Inspection,213,open_work_age,0,False,No completion date is present and the work has been on record for 213 days since sanction. Current workflow status: Physical Inspection.
WS/MP18429/2026-2027/242399,ND-WRK-2044,2026-06-07,,Physical Inspection,93,open_work_age,0,False,No completion date is present and the work has been on record for 93 days since sanction. Current workflow status: Physical Inspection.
WS/MP18429/2026-2027/242119,ND-WRK-2043,2026-10-08,2026-10-08,Physical Inspection,0,completed_duration,0,False,Recorded completion occurred 0 days after sanction.
WS/MP18429/2026-2027/227299,ND-WRK-2038,2026-06-07,,Physical Inspection,93,open_work_age,0,False,No completion date is present and the work has been on record for 93 days since sanction. Current workflow status: Physical Inspection.
WS/MP18429/2026-2027/227298,ND-WRK-2037,2026-06-04,2026-10-04,Physical Inspection,122,completed_duration,0,False,Recorded completion occurred 122 days after sanction.
WS/MP18429/2026-2027/225932,ND-WRK-2035,2026-06-04,2026-10-04,Physical Inspection,122,completed_duration,0,False,Recorded completion occurred 122 days after sanction.
WS/MP18429/2026-2027/223209,ND-WRK-2033,2026-08-09,,Sanction,30,open_work_age,0,False,No completion date is present and the work has been on record for 30 days since sanction. Current workflow status: Sanction.
WS/MP18429/2026-2027/217228,ND-WRK-2032,2026-06-07,,Physical Inspection,93,open_work_age,0,False,No completion date is present and the work has been on record for 93 days since sanction. Current workflow status: Physical Inspection.
WS/MP18429/2025-2026/242066,ND-WRK-2026,2026-03-02,2026-06-02,Physical Inspection,92,completed_duration,0,False,Recorded completion occurred 92 days after sanction.
WS/MP667/2025-2026/175141,ND-WRK-2130,2025-09-12,2025-10-12,Physical Inspection,30,completed_duration,0,False,Recorded completion occurred 30 days after sanction.
WS/MP664/2026-2027/291154,ND-WRK-2129,2026-05-09,,Sanction,122,open_work_age,0,False,No completion date is present and the work has been on record for 122 days since sanction. Current workflow status: Sanction.
WS/MP664/2026-2027/291153,ND-WRK-2128,2026-05-09,,Sanction,122,open_work_age,0,False,No completion date is present and the work has been on record for 122 days since sanction. Current workflow status: Sanction.
WS/MP664/2026-2027/221410,ND-WRK-2127,2026-06-04,2026-06-04,Work Completed,0,completed_duration,0,False,Recorded completion occurred 0 days after sanction.
WS/MP661/2026-2027/222150,ND-WRK-2106,2026-02-09,,Sanction,211,open_work_age,0,False,No completion date is present and the work has been on record for 211 days since sanction. Current workflow status: Sanction.
WS/MP661/2026-2027/222149,ND-WRK-2105,2026-02-09,,Sanction,211,open_work_age,0,False,No completion date is present and the work has been on record for 211 days since sanction. Current workflow status: Sanction.
WS/MP661/2026-2027/222148,ND-WRK-2104,2026-02-09,,Sanction,211,open_work_age,0,False,No completion date is present and the work has been on record for 211 days since sanction. Current workflow status: Sanction.
WS/MP18115/2026-2027/186439,ND-WRK-0395,2026-02-07,,Physical Inspection,213,open_work_age,0,False,No completion date is present and the work has been on record for 213 days since sanction. Current workflow status: Physical Inspection.
WS/MP661/2025-2026/146562,ND-WRK-2083,2025-08-04,2025-08-07,Physical Inspection,3,completed_duration,0,False,Recorded completion occurred 3 days after sanction.
WS/MP661/2025-2026/146561,ND-WRK-2082,2025-08-04,2025-10-06,Physical Inspection,63,completed_duration,0,False,Recorded completion occurred 63 days after sanction.
WS/MP661/2025-2026/146560,ND-WRK-2081,2025-08-04,2025-10-06,Work Completed,63,completed_duration,0,False,Recorded completion occurred 63 days after sanction.
WS/MP18429/2026-2027/250362,ND-WRK-2076,2026-12-08,,Physical Inspection,-91,open_work_age,0,False,No completion date is present and the work has been on record for -91 days since sanction. Current workflow status: Physical Inspection.
WS/MP18429/2026-2027/248643,ND-WRK-2071,2026-01-09,,Physical Inspection,242,open_work_age,0,False,No completion date is present and the work has been on record for 242 days since sanction. Current workflow status: Physical Inspection.
WS/MP18429/2026-2027/248642,ND-WRK-2070,2026-10-08,,Physical Inspection,-30,open_work_age,0,False,No completion date is present and the work has been on record for -30 days since sanction. Current workflow status: Physical Inspection.
WS/MP18429/2026-2027/248061,ND-WRK-2068,2026-06-04,2026-08-05,Physical Inspection,62,completed_duration,0,False,Recorded completion occurred 62 days after sanction.
WS/MP18429/2026-2027/248059,ND-WRK-2067,2026-02-07,,Physical Inspection,213,open_work_age,0,False,No completion date is present and the work has been on record for 213 days since sanction. Current workflow status: Physical Inspection.
WS/MP673/2025-2026/214098,ND-WRK-2187,2026-02-02,2026-02-02,Physical Inspection,0,completed_duration,0,False,Recorded completion occurred 0 days after sanction.
WS/MP673/2025-2026/200173,ND-WRK-2184,2026-06-03,2026-09-03,Physical Inspection,92,completed_duration,0,False,Recorded completion occurred 92 days after sanction.
WS/MP18115/2026-2027/186422,ND-WRK-0390,2026-01-09,,Physical Inspection,242,open_work_age,0,False,No completion date is present and the work has been on record for 242 days since sanction. Current workflow status: Physical Inspection.
WS/MP673/2025-2026/199040,ND-WRK-2182,2026-06-03,2026-09-03,Physical Inspection,92,completed_duration,0,False,Recorded completion occurred 92 days after sanction.
WS/MP673/2025-2026/199029,ND-WRK-2181,2026-02-01,2026-03-01,Physical Inspection,28,completed_duration,0,False,Recorded completion occurred 28 days after sanction.
WS/MP673/2025-2026/176951,ND-WRK-2177,2026-02-01,2026-02-01,Physical Inspection,0,completed_duration,0,False,Recorded completion occurred 0 days after sanction.
WS/MP673/2025-2026/169929,ND-WRK-2174,2026-06-03,2026-10-03,Physical Inspection,122,completed_duration,0,False,Recorded completion occurred 122 days after sanction.
WS/MP18115/2026-2027/186414,ND-WRK-0389,2026-09-04,2026-11-04,Physical Inspection,61,completed_duration,0,False,Recorded completion occurred 61 days after sanction.
WS/MP673/2024-2025/139034,ND-WRK-2168,2025-03-03,2025-11-03,Physical Inspection,245,completed_duration,0,False,Recorded completion occurred 245 days after sanction.
WS/MP672/2026-2027/291742,ND-WRK-2167,2026-07-07,,Physical Inspection,63,open_work_age,0,False,No completion date is present and the work has been on record for 63 days since sanction. Current workflow status: Physical Inspection.
WS/MP672/2026-2027/276663,ND-WRK-2166,2026-01-04,2026-06-05,Work Completed,152,completed_duration,0,False,Recorded completion occurred 152 days after sanction.
WS/MP672/2025-2026/256783,ND-WRK-2150,2026-03-02,,Work partially Completed,190,open_work_age,0,False,No completion date is present and the work has been on record for 190 days since sanction. Current workflow status: Work partially Completed.
WS/MP672/2025-2026/198595,ND-WRK-2147,2026-09-02,,Work partially Completed,6,open_work_age,0,False,No completion date is present and the work has been on record for 6 days since sanction. Current workflow status: Work partially Completed.
WS/MP18114/2026-2027/247816,ND-WRK-0371,2026-01-07,,Vendor Identification,244,open_work_age,0,False,No completion date is present and the work has been on record for 244 days since sanction. Current workflow status: Vendor Identification.
WS/MP672/2024-2025/157636,ND-WRK-2138,2025-11-02,2025-04-08,Physical Inspection,-208,completed_duration,0,False,Recorded completion occurred -208 days after sanction.
WS/MP18114/2026-2027/247814,ND-WRK-0370,2026-01-09,,Sanction,242,open_work_age,0,False,No completion date is present and the work has been on record for 242 days since sanction. Current workflow status: Sanction.
WS/MP675/2025-2026/257402,ND-WRK-2215,2026-02-03,,Work partially Completed,217,open_work_age,0,False,No completion date is present and the work has been on record for 217 days since sanction. Current workflow status: Work partially Completed.
WS/MP673/2026-2027/240864,ND-WRK-2213,2026-03-08,2026-08-08,Physical Inspection,153,completed_duration,0,False,Recorded completion occurred 153 days after sanction.
WS/MP673/2026-2027/227541,ND-WRK-2211,2026-06-04,,Work partially Completed,96,open_work_age,0,False,No completion date is present and the work has been on record for 96 days since sanction. Current workflow status: Work partially Completed.
WS/MP673/2026-2027/225719,ND-WRK-2209,2026-08-04,,Physical Inspection,35,open_work_age,0,False,No completion date is present and the work has been on record for 35 days since sanction. Current workflow status: Physical Inspection.
WS/MP673/2026-2027/218587,ND-WRK-2208,2026-09-04,2026-09-04,Physical Inspection,0,completed_duration,0,False,Recorded completion occurred 0 days after sanction.
WS/MP673/2026-2027/207526,ND-WRK-2204,2026-06-04,,Physical Inspection,96,open_work_age,0,False,No completion date is present and the work has been on record for 96 days since sanction. Current workflow status: Physical Inspection.
WS/MP673/2026-2027/202474,ND-WRK-2201,2026-03-08,2026-11-08,Physical Inspection,245,completed_duration,0,False,Recorded completion occurred 245 days after sanction.
WS/MP673/2026-2027/201963,ND-WRK-2200,2026-10-04,,Physical Inspection,-26,open_work_age,0,False,No completion date is present and the work has been on record for -26 days since sanction. Current workflow status: Physical Inspection.
WS/MP673/2026-2027/197787,ND-WRK-2199,2026-01-07,,Time Estimation,244,open_work_age,0,False,No completion date is present and the work has been on record for 244 days since sanction. Current workflow status: Time Estimation.
WS/MP673/2026-2027/193064,ND-WRK-2198,2026-10-04,,Physical Inspection,-26,open_work_age,0,False,No completion date is present and the work has been on record for -26 days since sanction. Current workflow status: Physical Inspection.
WS/MP673/2026-2027/193055,ND-WRK-2196,2026-01-07,,Vendor Identification,244,open_work_age,0,False,No completion date is present and the work has been on record for 244 days since sanction. Current workflow status: Vendor Identification.
WS/MP673/2026-2027/182071,ND-WRK-2195,2026-10-04,,Work Completed,-26,open_work_age,0,False,No completion date is present and the work has been on record for -26 days since sanction. Current workflow status: Work Completed.
WS/MP673/2026-2027/163702,ND-WRK-2191,2026-02-09,,Physical Inspection,211,open_work_age,0,False,No completion date is present and the work has been on record for 211 days since sanction. Current workflow status: Physical Inspection.
WS/MP673/2026-2027/145737,ND-WRK-2190,2026-03-08,,Sanction,184,open_work_age,0,False,No completion date is present and the work has been on record for 184 days since sanction. Current workflow status: Sanction.
WS/MP673/2026-2027/145234,ND-WRK-2189,2026-03-08,,Sanction,184,open_work_age,0,False,No completion date is present and the work has been on record for 184 days since sanction. Current workflow status: Sanction.
WS/MP673/2025-2026/218083,ND-WRK-2188,2026-06-03,2026-07-03,Work Completed,30,completed_duration,0,False,Recorded completion occurred 30 days after sanction.
WS/MP18114/2026-2027/247802,ND-WRK-0369,2026-07-09,,Sanction,61,open_work_age,0,False,No completion date is present and the work has been on record for 61 days since sanction. Current workflow status: Sanction.
WS/MP18114/2026-2027/157491,ND-WRK-0357,2026-07-09,,Physical Inspection,61,open_work_age,0,False,No completion date is present and the work has been on record for 61 days since sanction. Current workflow status: Physical Inspection.
WS/MP18116/2025-2026/210170,ND-WRK-0442,2026-10-02,,Work partially Completed,-24,open_work_age,0,False,No completion date is present and the work has been on record for -24 days since sanction. Current workflow status: Work partially Completed.
WS/MP18116/2025-2026/208377,ND-WRK-0440,2026-02-02,,Work partially Completed,218,open_work_age,0,False,No completion date is present and the work has been on record for 218 days since sanction. Current workflow status: Work partially Completed.
WS/MP18116/2025-2026/208376,ND-WRK-0439,2026-02-02,,Work partially Completed,218,open_work_age,0,False,No completion date is present and the work has been on record for 218 days since sanction. Current workflow status: Work partially Completed.
WS/MP18116/2025-2026/202771,ND-WRK-0437,2026-02-02,2026-04-02,Physical Inspection,59,completed_duration,0,False,Recorded completion occurred 59 days after sanction.
WS/MP18116/2025-2026/202759,ND-WRK-0436,2026-02-02,2026-02-02,Physical Inspection,0,completed_duration,0,False,Recorded completion occurred 0 days after sanction.
WS/MP18112/2025-2026/194085,ND-WRK-0212,2026-12-03,,Work Completed,-86,open_work_age,0,False,No completion date is present and the work has been on record for -86 days since sanction. Current workflow status: Work Completed.
WS/MP18116/2025-2026/192300,ND-WRK-0433,2025-04-11,2026-04-02,Physical Inspection,356,completed_duration,0,False,Recorded completion occurred 356 days after sanction.
WS/MP18112/2025-2026/188619,ND-WRK-0199,2026-06-02,,Work partially Completed,98,open_work_age,0,False,No completion date is present and the work has been on record for 98 days since sanction. Current workflow status: Work partially Completed.
WS/MP18116/2025-2026/192299,ND-WRK-0432,2025-04-11,2026-04-02,Physical Inspection,356,completed_duration,0,False,Recorded completion occurred 356 days after sanction.
WS/MP18116/2025-2026/192298,ND-WRK-0431,2025-04-11,2026-04-02,Physical Inspection,356,completed_duration,0,False,Recorded completion occurred 356 days after sanction.
WS/MP18116/2025-2026/186719,ND-WRK-0422,2026-02-02,,Vendor Identification,218,open_work_age,0,False,No completion date is present and the work has been on record for 218 days since sanction. Current workflow status: Vendor Identification.
WS/MP687/2025-2026/182099,ND-WRK-2346,2026-11-02,,Physical Inspection,-55,open_work_age,0,False,No completion date is present and the work has been on record for -55 days since sanction. Current workflow status: Physical Inspection.
WS/MP18115/2026-2027/278506,ND-WRK-0414,2026-10-07,,Sanction,-29,open_work_age,0,False,No completion date is present and the work has been on record for -29 days since sanction. Current workflow status: Sanction.
WS/MP675/2025-2026/257406,ND-WRK-2216,2026-02-03,,Work partially Completed,217,open_work_age,0,False,No completion date is present and the work has been on record for 217 days since sanction. Current workflow status: Work partially Completed.
WS/MP18115/2026-2027/268142,ND-WRK-0410,2026-02-04,,Sanction,216,open_work_age,0,False,No completion date is present and the work has been on record for 216 days since sanction. Current workflow status: Sanction.
WS/MP18115/2026-2027/186725,ND-WRK-0409,2026-03-04,,Sanction,188,open_work_age,0,False,No completion date is present and the work has been on record for 188 days since sanction. Current workflow status: Sanction.
WS/MP18116/2025-2026/228144,ND-WRK-0465,2026-10-02,,Physical Inspection,-24,open_work_age,0,False,No completion date is present and the work has been on record for -24 days since sanction. Current workflow status: Physical Inspection.
WS/MP18116/2025-2026/224081,ND-WRK-0463,2026-03-02,,Work partially Completed,190,open_work_age,0,False,No completion date is present and the work has been on record for 190 days since sanction. Current workflow status: Work partially Completed.
WS/MP18112/2025-2026/178905,ND-WRK-0186,2026-12-03,,Work Completed,-86,open_work_age,0,False,No completion date is present and the work has been on record for -86 days since sanction. Current workflow status: Work Completed.
WS/MP18116/2025-2026/224075,ND-WRK-0462,2026-03-02,,Sanction,190,open_work_age,0,False,No completion date is present and the work has been on record for 190 days since sanction. Current workflow status: Sanction.
WS/MP18116/2025-2026/224073,ND-WRK-0461,2026-02-02,,Work partially Completed,218,open_work_age,0,False,No completion date is present and the work has been on record for 218 days since sanction. Current workflow status: Work partially Completed.
WS/MP18116/2025-2026/221636,ND-WRK-0458,2026-02-02,,Vendor Identification,218,open_work_age,0,False,No completion date is present and the work has been on record for 218 days since sanction. Current workflow status: Vendor Identification.
WS/MP18111/2026-2027/276690,ND-WRK-0146,2026-03-09,,Work partially Completed,183,open_work_age,0,False,No completion date is present and the work has been on record for 183 days since sanction. Current workflow status: Work partially Completed.
WS/MP18111/2026-2027/194807,ND-WRK-0118,2026-12-06,,Physical Inspection,-89,open_work_age,0,False,No completion date is present and the work has been on record for -89 days since sanction. Current workflow status: Physical Inspection.
WS/MP18111/2026-2027/188362,ND-WRK-0112,2026-03-04,,Work partially Completed,188,open_work_age,0,False,No completion date is present and the work has been on record for 188 days since sanction. Current workflow status: Work partially Completed.
WS/MP18116/2025-2026/220956,ND-WRK-0456,2026-02-02,,Work partially Completed,218,open_work_age,0,False,No completion date is present and the work has been on record for 218 days since sanction. Current workflow status: Work partially Completed.
WS/MP18111/2025-2026/194805,ND-WRK-0104,2025-04-12,2025-04-12,Physical Inspection,0,completed_duration,0,False,Recorded completion occurred 0 days after sanction.
WS/MP681/2024-2025/143974,ND-WRK-2240,2024-11-10,2025-07-07,Physical Inspection,239,completed_duration,0,False,Recorded completion occurred 239 days after sanction.
WS/MP18116/2025-2026/220954,ND-WRK-0455,2026-03-02,,Work partially Completed,190,open_work_age,0,False,No completion date is present and the work has been on record for 190 days since sanction. Current workflow status: Work partially Completed.
WS/MP18112/2025-2026/205148,ND-WRK-0228,2026-06-02,,Work partially Completed,98,open_work_age,0,False,No completion date is present and the work has been on record for 98 days since sanction. Current workflow status: Work partially Completed.
WS/MP681/2026-2027/257816,ND-WRK-2279,2026-04-08,,Work partially Completed,153,open_work_age,0,False,No completion date is present and the work has been on record for 153 days since sanction. Current workflow status: Work partially Completed.
WS/MP681/2026-2027/251036,ND-WRK-2278,2026-04-08,,Sanction,153,open_work_age,0,False,No completion date is present and the work has been on record for 153 days since sanction. Current workflow status: Sanction.
WS/MP18116/2025-2026/220951,ND-WRK-0454,2026-03-02,,Work partially Completed,190,open_work_age,0,False,No completion date is present and the work has been on record for 190 days since sanction. Current workflow status: Work partially Completed.
WS/MP18116/2025-2026/220950,ND-WRK-0453,2026-03-02,,Work partially Completed,190,open_work_age,0,False,No completion date is present and the work has been on record for 190 days since sanction. Current workflow status: Work partially Completed.
WS/MP18116/2025-2026/220949,ND-WRK-0452,2026-03-02,,Work partially Completed,190,open_work_age,0,False,No completion date is present and the work has been on record for 190 days since sanction. Current workflow status: Work partially Completed.
WS/MP681/2025-2026/143978,ND-WRK-2261,2025-12-09,2026-03-01,Physical Inspection,82,completed_duration,0,False,Recorded completion occurred 82 days after sanction.
WS/MP18116/2025-2026/220948,ND-WRK-0451,2026-03-02,,Work partially Completed,190,open_work_age,0,False,No completion date is present and the work has been on record for 190 days since sanction. Current workflow status: Work partially Completed.
WS/MP681/2024-2025/158411,ND-WRK-2254,2025-06-02,2026-04-05,Work Completed,307,completed_duration,0,False,Recorded completion occurred 307 days after sanction.
WS/MP18116/2025-2026/213831,ND-WRK-0450,2026-03-02,,Work partially Completed,190,open_work_age,0,False,No completion date is present and the work has been on record for 190 days since sanction. Current workflow status: Work partially Completed.
WS/MP18116/2025-2026/213608,ND-WRK-0449,2026-03-02,,Sanction,190,open_work_age,0,False,No completion date is present and the work has been on record for 190 days since sanction. Current workflow status: Sanction.
WS/MP681/2024-2025/143981,ND-WRK-2245,2024-11-10,2025-04-05,Physical Inspection,146,completed_duration,0,False,Recorded completion occurred 146 days after sanction.
WS/MP681/2024-2025/143980,ND-WRK-2244,2024-09-10,2025-07-05,Physical Inspection,298,completed_duration,0,False,Recorded completion occurred 298 days after sanction.
WS/MP681/2024-2025/143979,ND-WRK-2243,2024-09-10,2025-07-07,Physical Inspection,300,completed_duration,0,False,Recorded completion occurred 300 days after sanction.
WS/MP18116/2025-2026/213256,ND-WRK-0448,2026-03-02,,Sanction,190,open_work_age,0,False,No completion date is present and the work has been on record for 190 days since sanction. Current workflow status: Sanction.
WS/MP18116/2025-2026/213032,ND-WRK-0447,2026-03-02,,Work partially Completed,190,open_work_age,0,False,No completion date is present and the work has been on record for 190 days since sanction. Current workflow status: Work partially Completed.
WS/MP18116/2025-2026/210941,ND-WRK-0443,2026-10-02,,Sanction,-24,open_work_age,0,False,No completion date is present and the work has been on record for -24 days since sanction. Current workflow status: Sanction.
WS/MP685/2025-2026/196310,ND-WRK-2310,2025-10-10,2025-10-10,Physical Inspection,0,completed_duration,0,False,Recorded completion occurred 0 days after sanction.
WS/MP685/2025-2026/196308,ND-WRK-2309,2025-10-10,2025-10-10,Physical Inspection,0,completed_duration,0,False,Recorded completion occurred 0 days after sanction.
WS/MP685/2025-2026/196307,ND-WRK-2308,2025-10-10,2025-10-10,Physical Inspection,0,completed_duration,0,False,Recorded completion occurred 0 days after sanction.
WS/MP685/2025-2026/196305,ND-WRK-2307,2025-10-10,2025-10-10,Physical Inspection,0,completed_duration,0,False,Recorded completion occurred 0 days after sanction.
WS/MP685/2025-2026/196303,ND-WRK-2306,2025-10-10,2025-11-10,Physical Inspection,31,completed_duration,0,False,Recorded completion occurred 31 days after sanction.
WS/MP685/2025-2026/196302,ND-WRK-2305,2025-10-10,2025-11-10,Physical Inspection,31,completed_duration,0,False,Recorded completion occurred 31 days after sanction.
WS/MP685/2025-2026/196301,ND-WRK-2304,2025-10-10,2025-11-10,Physical Inspection,31,completed_duration,0,False,Recorded completion occurred 31 days after sanction.
WS/MP685/2025-2026/196299,ND-WRK-2303,2025-10-10,2025-11-10,Physical Inspection,31,completed_duration,0,False,Recorded completion occurred 31 days after sanction.
WS/MP685/2025-2026/196297,ND-WRK-2302,2025-10-10,2025-11-10,Physical Inspection,31,completed_duration,0,False,Recorded completion occurred 31 days after sanction.
WS/MP685/2025-2026/196296,ND-WRK-2301,2025-10-10,2025-11-10,Physical Inspection,31,completed_duration,0,False,Recorded completion occurred 31 days after sanction.
WS/MP685/2025-2026/194555,ND-WRK-2300,2026-09-02,2026-11-02,Physical Inspection,61,completed_duration,0,False,Recorded completion occurred 61 days after sanction.
WS/MP685/2025-2026/194549,ND-WRK-2299,2026-09-02,2026-11-02,Physical Inspection,61,completed_duration,0,False,Recorded completion occurred 61 days after sanction.
WS/MP685/2025-2026/194548,ND-WRK-2298,2026-09-02,2026-11-02,Physical Inspection,61,completed_duration,0,False,Recorded completion occurred 61 days after sanction.
WS/MP18116/2025-2026/240280,ND-WRK-0487,2026-10-02,,Physical Inspection,-24,open_work_age,0,False,No completion date is present and the work has been on record for -24 days since sanction. Current workflow status: Physical Inspection.
WS/MP18116/2025-2026/236540,ND-WRK-0486,2026-02-02,,Work partially Completed,218,open_work_age,0,False,No completion date is present and the work has been on record for 218 days since sanction. Current workflow status: Work partially Completed.
WS/MP681/2026-2027/257825,ND-WRK-2280,2026-04-08,,Sanction,153,open_work_age,0,False,No completion date is present and the work has been on record for 153 days since sanction. Current workflow status: Sanction.
WS/MP18116/2025-2026/236537,ND-WRK-0485,2026-02-02,,Work partially Completed,218,open_work_age,0,False,No completion date is present and the work has been on record for 218 days since sanction. Current workflow status: Work partially Completed.
WS/MP18116/2025-2026/235835,ND-WRK-0484,2026-02-02,,Sanction,218,open_work_age,0,False,No completion date is present and the work has been on record for 218 days since sanction. Current workflow status: Sanction.
WS/MP18116/2025-2026/235817,ND-WRK-0480,2026-02-02,,Sanction,218,open_work_age,0,False,No completion date is present and the work has been on record for 218 days since sanction. Current workflow status: Sanction.
,ND-WRK-4801,2026-07-01,,Sanction,69,open_work_age,0,False,No completion date is present and the work has been on record for 69 days since sanction. Current workflow status: Sanction.
WS/MP692/2026-2027/250950,ND-WRK-2428,2026-01-09,,Physical Inspection,242,open_work_age,0,False,No completion date is present and the work has been on record for 242 days since sanction. Current workflow status: Physical Inspection.
WS/MP692/2026-2027/250945,ND-WRK-2427,2026-06-07,,Physical Inspection,93,open_work_age,0,False,No completion date is present and the work has been on record for 93 days since sanction. Current workflow status: Physical Inspection.
WS/MP692/2026-2027/185156,ND-WRK-2422,2026-02-09,,Sanction,211,open_work_age,0,False,No completion date is present and the work has been on record for 211 days since sanction. Current workflow status: Sanction.
WS/MP692/2026-2027/185135,ND-WRK-2421,2026-02-09,,Sanction,211,open_work_age,0,False,No completion date is present and the work has been on record for 211 days since sanction. Current workflow status: Sanction.
WS/MP692/2026-2027/184071,ND-WRK-2419,2026-12-06,,Physical Inspection,-89,open_work_age,0,False,No completion date is present and the work has been on record for -89 days since sanction. Current workflow status: Physical Inspection.
WS/MP692/2026-2027/183448,ND-WRK-2406,2026-07-07,,Physical Inspection,63,open_work_age,0,False,No completion date is present and the work has been on record for 63 days since sanction. Current workflow status: Physical Inspection.
WS/MP692/2025-2026/184032,ND-WRK-2402,2026-05-01,2026-05-01,Physical Inspection,0,completed_duration,0,False,Recorded completion occurred 0 days after sanction.
WS/MP692/2025-2026/183601,ND-WRK-2395,2026-04-02,2026-06-02,Physical Inspection,61,completed_duration,0,False,Recorded completion occurred 61 days after sanction.
WS/MP692/2025-2026/164328,ND-WRK-2394,2025-09-05,2025-09-07,Work Completed,2,completed_duration,0,False,Recorded completion occurred 2 days after sanction.
WS/MP691/2025-2026/237153,ND-WRK-2392,2026-05-03,,Sanction,128,open_work_age,0,False,No completion date is present and the work has been on record for 128 days since sanction. Current workflow status: Sanction.
WS/MP691/2025-2026/237152,ND-WRK-2391,2026-01-01,2026-07-01,Work Completed,181,completed_duration,0,False,Recorded completion occurred 181 days after sanction.
WS/MP691/2025-2026/237151,ND-WRK-2390,2026-05-03,,Sanction,128,open_work_age,0,False,No completion date is present and the work has been on record for 128 days since sanction. Current workflow status: Sanction.
WS/MP18110/2026-2027/242058,ND-WRK-0023,2026-01-07,,Physical Inspection,244,open_work_age,0,False,No completion date is present and the work has been on record for 244 days since sanction. Current workflow status: Physical Inspection.
WS/MP18110/2024-2025/167291,ND-WRK-0001,2025-10-02,2025-10-06,Work Completed,4,completed_duration,0,False,Recorded completion occurred 4 days after sanction.
WS/MP691/2025-2026/227844,ND-WRK-2389,2026-10-03,,Sanction,-25,open_work_age,0,False,No completion date is present and the work has been on record for -25 days since sanction. Current workflow status: Sanction.
WS/MP691/2025-2026/175514,ND-WRK-2387,2025-03-06,2025-10-12,Physical Inspection,220,completed_duration,0,False,Recorded completion occurred 220 days after sanction.
WS/MP691/2024-2025/140096,ND-WRK-2386,2024-09-09,2024-11-09,Physical Inspection,61,completed_duration,0,False,Recorded completion occurred 61 days after sanction.
WS/MP687/2026-2027/295800,ND-WRK-2385,2026-08-09,,Sanction,30,open_work_age,0,False,No completion date is present and the work has been on record for 30 days since sanction. Current workflow status: Sanction.
WS/MP687/2026-2027/295799,ND-WRK-2384,2026-08-09,,Sanction,30,open_work_age,0,False,No completion date is present and the work has been on record for 30 days since sanction. Current workflow status: Sanction.
WS/MP687/2025-2026/243737,ND-WRK-2374,2026-05-01,,Work partially Completed,130,open_work_age,0,False,No completion date is present and the work has been on record for 130 days since sanction. Current workflow status: Work partially Completed.
WS/MP687/2025-2026/243734,ND-WRK-2373,2025-10-12,2026-08-01,Physical Inspection,293,completed_duration,0,False,Recorded completion occurred 293 days after sanction.
WS/MP687/2025-2026/243729,ND-WRK-2371,2026-11-03,,Work partially Completed,-56,open_work_age,0,False,No completion date is present and the work has been on record for -56 days since sanction. Current workflow status: Work partially Completed.
WS/MP687/2025-2026/243695,ND-WRK-2367,2026-05-01,,Physical Inspection,130,open_work_age,0,False,No completion date is present and the work has been on record for 130 days since sanction. Current workflow status: Physical Inspection.
WS/MP687/2025-2026/243692,ND-WRK-2366,2026-08-01,,Work partially Completed,38,open_work_age,0,False,No completion date is present and the work has been on record for 38 days since sanction. Current workflow status: Work partially Completed.
WS/MP687/2025-2026/199486,ND-WRK-2357,2026-11-03,,Work partially Completed,-56,open_work_age,0,False,No completion date is present and the work has been on record for -56 days since sanction. Current workflow status: Work partially Completed.
WS/MP18116/2025-2026/235815,ND-WRK-0479,2026-02-02,,Work partially Completed,218,open_work_age,0,False,No completion date is present and the work has been on record for 218 days since sanction. Current workflow status: Work partially Completed.
WS/MP18116/2025-2026/235813,ND-WRK-0477,2026-02-02,,Sanction,218,open_work_age,0,False,No completion date is present and the work has been on record for 218 days since sanction. Current workflow status: Sanction.
WS/MP687/2025-2026/182566,ND-WRK-2347,2025-12-06,2025-10-11,Physical Inspection,-56,completed_duration,0,False,Recorded completion occurred -56 days after sanction.
