work_id,demo_anonymous_id,work_type,financial_year,sanctioned_amount_inr,peer_count,peer_median_inr,peer_q1_inr,peer_q3_inr,cost_ratio_to_median,cost_score,cost_flag,cost_explanation
WS/MP691/2024-2025/140096,ND-WRK-2386,Normal/Others,2024-2025,2999928.0,121,999600.0,700000.0,1000000.0,3.0,100.0,True,"Sanctioned amount ₹2,999,928 is 3.00× the peer median ₹999,600 across 121 comparable works."
WS/MP18376/2026-2027/197886,ND-WRK-2010,Normal/Others,2026-2027,3000000.0,683,1000000.0,700000.0,1000000.0,3.0,100.0,True,"Sanctioned amount ₹3,000,000 is 3.00× the peer median ₹1,000,000 across 683 comparable works."
WS/MP672/2026-2027/291742,ND-WRK-2167,Normal/Others,2026-2027,5000000.0,683,1000000.0,700000.0,1000000.0,5.0,100.0,True,"Sanctioned amount ₹5,000,000 is 5.00× the peer median ₹1,000,000 across 683 comparable works."
WS/MP672/2025-2026/256783,ND-WRK-2150,Normal/Others,2025-2026,5000000.0,1573,990000.0,500000.0,1000000.0,5.05,100.0,True,"Sanctioned amount ₹5,000,000 is 5.05× the peer median ₹990,000 across 1573 comparable works."
WS/MP672/2026-2027/227307,ND-WRK-2160,Normal/Others,2026-2027,3000000.0,683,1000000.0,700000.0,1000000.0,3.0,100.0,True,"Sanctioned amount ₹3,000,000 is 3.00× the peer median ₹1,000,000 across 683 comparable works."
WS/MP672/2024-2025/181699,ND-WRK-2141,Normal/Others,2024-2025,4996000.0,121,999600.0,700000.0,1000000.0,5.0,100.0,True,"Sanctioned amount ₹4,996,000 is 5.00× the peer median ₹999,600 across 121 comparable works."
WS/MP672/2025-2026/226219,ND-WRK-2148,Normal/Others,2025-2026,9998850.0,1573,990000.0,500000.0,1000000.0,10.1,100.0,True,"Sanctioned amount ₹9,998,850 is 10.10× the peer median ₹990,000 across 1573 comparable works."
WS/MP18376/2026-2027/197901,ND-WRK-2011,Normal/Others,2026-2027,4000000.0,683,1000000.0,700000.0,1000000.0,4.0,100.0,True,"Sanctioned amount ₹4,000,000 is 4.00× the peer median ₹1,000,000 across 683 comparable works."
WS/MP18376/2026-2027/197851,ND-WRK-2000,Normal/Others,2026-2027,4000000.0,683,1000000.0,700000.0,1000000.0,4.0,100.0,True,"Sanctioned amount ₹4,000,000 is 4.00× the peer median ₹1,000,000 across 683 comparable works."
WS/MP18376/2026-2027/197882,ND-WRK-2008,Normal/Others,2026-2027,4000000.0,683,1000000.0,700000.0,1000000.0,4.0,100.0,True,"Sanctioned amount ₹4,000,000 is 4.00× the peer median ₹1,000,000 across 683 comparable works."
WS/MP18376/2026-2027/197903,ND-WRK-2013,Normal/Others,2026-2027,3000000.0,683,1000000.0,700000.0,1000000.0,3.0,100.0,True,"Sanctioned amount ₹3,000,000 is 3.00× the peer median ₹1,000,000 across 683 comparable works."
WS/MP18120/2025-2026/169210,ND-WRK-0720,Normal/Others,2025-2026,4974167.0,1573,990000.0,500000.0,1000000.0,5.02,100.0,True,"Sanctioned amount ₹4,974,167 is 5.02× the peer median ₹990,000 across 1573 comparable works."
WS/MP18120/2025-2026/169208,ND-WRK-0719,Normal/Others,2025-2026,4978547.0,1573,990000.0,500000.0,1000000.0,5.03,100.0,True,"Sanctioned amount ₹4,978,547 is 5.03× the peer median ₹990,000 across 1573 comparable works."
WS/MP18120/2026-2027/218858,ND-WRK-0770,Normal/Others,2026-2027,2993160.0,683,1000000.0,700000.0,1000000.0,2.99,100.0,True,"Sanctioned amount ₹2,993,160 is 2.99× the peer median ₹1,000,000 across 683 comparable works."
WS/MP18121/2024-2025/146671,ND-WRK-0777,Normal/Others,2024-2025,2945320.0,121,999600.0,700000.0,1000000.0,2.95,100.0,True,"Sanctioned amount ₹2,945,320 is 2.95× the peer median ₹999,600 across 121 comparable works."
WS/MP18120/2025-2026/169206,ND-WRK-0718,Normal/Others,2025-2026,4994258.0,1573,990000.0,500000.0,1000000.0,5.04,100.0,True,"Sanctioned amount ₹4,994,258 is 5.04× the peer median ₹990,000 across 1573 comparable works."
WS/MP18307/2025-2026/143526,ND-WRK-1784,Normal/Others,2025-2026,4500000.0,1573,990000.0,500000.0,1000000.0,4.55,100.0,True,"Sanctioned amount ₹4,500,000 is 4.55× the peer median ₹990,000 across 1573 comparable works."
WS/MP18307/2025-2026/231068,ND-WRK-1824,Normal/Others,2025-2026,4000000.0,1573,990000.0,500000.0,1000000.0,4.04,100.0,True,"Sanctioned amount ₹4,000,000 is 4.04× the peer median ₹990,000 across 1573 comparable works."
WS/MP18308/2025-2026/244680,ND-WRK-1853,Normal/Others,2025-2026,5000000.0,1573,990000.0,500000.0,1000000.0,5.05,100.0,True,"Sanctioned amount ₹5,000,000 is 5.05× the peer median ₹990,000 across 1573 comparable works."
WS/MP18308/2025-2026/145431,ND-WRK-1847,Normal/Others,2025-2026,4000000.0,1573,990000.0,500000.0,1000000.0,4.04,100.0,True,"Sanctioned amount ₹4,000,000 is 4.04× the peer median ₹990,000 across 1573 comparable works."
WS/MP18308/2025-2026/262899,ND-WRK-1875,Normal/Others,2025-2026,4700000.0,1573,990000.0,500000.0,1000000.0,4.75,100.0,True,"Sanctioned amount ₹4,700,000 is 4.75× the peer median ₹990,000 across 1573 comparable works."
WS/MP18361/2025-2026/219017,ND-WRK-1933,Normal/Others,2025-2026,4000000.0,1573,990000.0,500000.0,1000000.0,4.04,100.0,True,"Sanctioned amount ₹4,000,000 is 4.04× the peer median ₹990,000 across 1573 comparable works."
WS/MP18110/2025-2026/209772,ND-WRK-0002,Normal/Others,2025-2026,4776925.0,1573,990000.0,500000.0,1000000.0,4.83,100.0,True,"Sanctioned amount ₹4,776,925 is 4.83× the peer median ₹990,000 across 1573 comparable works."
WS/MP18127/2026-2027/188392,ND-WRK-1200,Normal/Others,2026-2027,2800000.0,683,1000000.0,700000.0,1000000.0,2.8,100.0,True,"Sanctioned amount ₹2,800,000 is 2.80× the peer median ₹1,000,000 across 683 comparable works."
WS/MP18127/2026-2027/253692,ND-WRK-1211,Normal/Others,2026-2027,3000000.0,683,1000000.0,700000.0,1000000.0,3.0,100.0,True,"Sanctioned amount ₹3,000,000 is 3.00× the peer median ₹1,000,000 across 683 comparable works."
WS/MP18112/2024-2025/164632,ND-WRK-0167,Normal/Others,2024-2025,3000000.0,121,999600.0,700000.0,1000000.0,3.0,100.0,True,"Sanctioned amount ₹3,000,000 is 3.00× the peer median ₹999,600 across 121 comparable works."
WS/MP18120/2025-2026/174636,ND-WRK-0725,Normal/Others,2025-2026,7938332.0,1573,990000.0,500000.0,1000000.0,8.02,100.0,True,"Sanctioned amount ₹7,938,332 is 8.02× the peer median ₹990,000 across 1573 comparable works."
WS/MP18361/2025-2026/218988,ND-WRK-1927,Normal/Others,2025-2026,5000000.0,1573,990000.0,500000.0,1000000.0,5.05,100.0,True,"Sanctioned amount ₹5,000,000 is 5.05× the peer median ₹990,000 across 1573 comparable works."
WS/MP18110/2026-2027/242058,ND-WRK-0023,Normal/Others,2026-2027,2500000.0,683,1000000.0,700000.0,1000000.0,2.5,87.5,True,"Sanctioned amount ₹2,500,000 is 2.50× the peer median ₹1,000,000 across 683 comparable works."
WS/MP18376/2026-2027/197902,ND-WRK-2012,Normal/Others,2026-2027,2500000.0,683,1000000.0,700000.0,1000000.0,2.5,87.5,True,"Sanctioned amount ₹2,500,000 is 2.50× the peer median ₹1,000,000 across 683 comparable works."
WS/MP687/2026-2027/268169,ND-WRK-2380,Normal/Others,2026-2027,2500000.0,683,1000000.0,700000.0,1000000.0,2.5,87.5,True,"Sanctioned amount ₹2,500,000 is 2.50× the peer median ₹1,000,000 across 683 comparable works."
WS/MP18361/2025-2026/226177,ND-WRK-1950,Normal/Others,2025-2026,3500000.0,1573,990000.0,500000.0,1000000.0,3.54,87.5,True,"Sanctioned amount ₹3,500,000 is 3.54× the peer median ₹990,000 across 1573 comparable works."
WS/MP18361/2025-2026/226172,ND-WRK-1945,Normal/Others,2025-2026,3500000.0,1573,990000.0,500000.0,1000000.0,3.54,87.5,True,"Sanctioned amount ₹3,500,000 is 3.54× the peer median ₹990,000 across 1573 comparable works."
WS/MP664/2026-2027/221410,ND-WRK-2127,Normal/Others,2026-2027,2500000.0,683,1000000.0,700000.0,1000000.0,2.5,87.5,True,"Sanctioned amount ₹2,500,000 is 2.50× the peer median ₹1,000,000 across 683 comparable works."
WS/MP672/2026-2027/215131,ND-WRK-2154,Normal/Others,2026-2027,2500000.0,683,1000000.0,700000.0,1000000.0,2.5,87.5,True,"Sanctioned amount ₹2,500,000 is 2.50× the peer median ₹1,000,000 across 683 comparable works."
WS/MP672/2026-2027/215133,ND-WRK-2156,Normal/Others,2026-2027,2500000.0,683,1000000.0,700000.0,1000000.0,2.5,87.5,True,"Sanctioned amount ₹2,500,000 is 2.50× the peer median ₹1,000,000 across 683 comparable works."
WS/MP687/2024-2025/181205,ND-WRK-2333,Normal/Others,2024-2025,2500000.0,121,999600.0,700000.0,1000000.0,2.5,87.5,True,"Sanctioned amount ₹2,500,000 is 2.50× the peer median ₹999,600 across 121 comparable works."
WS/MP672/2026-2027/215132,ND-WRK-2155,Normal/Others,2026-2027,2500000.0,683,1000000.0,700000.0,1000000.0,2.5,87.5,True,"Sanctioned amount ₹2,500,000 is 2.50× the peer median ₹1,000,000 across 683 comparable works."
WS/MP18376/2026-2027/226525,ND-WRK-2014,Normal/Others,2026-2027,2500000.0,683,1000000.0,700000.0,1000000.0,2.5,87.5,True,"Sanctioned amount ₹2,500,000 is 2.50× the peer median ₹1,000,000 across 683 comparable works."
WS/MP664/2026-2027/291153,ND-WRK-2128,Normal/Others,2026-2027,2500000.0,683,1000000.0,700000.0,1000000.0,2.5,87.5,True,"Sanctioned amount ₹2,500,000 is 2.50× the peer median ₹1,000,000 across 683 comparable works."
WS/MP664/2026-2027/146583,ND-WRK-2124,Normal/Others,2026-2027,2500000.0,683,1000000.0,700000.0,1000000.0,2.5,87.5,True,"Sanctioned amount ₹2,500,000 is 2.50× the peer median ₹1,000,000 across 683 comparable works."
WS/MP18376/2026-2027/197848,ND-WRK-1999,Normal/Others,2026-2027,2500000.0,683,1000000.0,700000.0,1000000.0,2.5,87.5,True,"Sanctioned amount ₹2,500,000 is 2.50× the peer median ₹1,000,000 across 683 comparable works."
WS/MP18376/2026-2027/197847,ND-WRK-1998,Normal/Others,2026-2027,2500000.0,683,1000000.0,700000.0,1000000.0,2.5,87.5,True,"Sanctioned amount ₹2,500,000 is 2.50× the peer median ₹1,000,000 across 683 comparable works."
WS/MP18376/2026-2027/197880,ND-WRK-2006,Normal/Others,2026-2027,2500000.0,683,1000000.0,700000.0,1000000.0,2.5,87.5,True,"Sanctioned amount ₹2,500,000 is 2.50× the peer median ₹1,000,000 across 683 comparable works."
WS/MP18376/2026-2027/197866,ND-WRK-2005,Normal/Others,2026-2027,2500000.0,683,1000000.0,700000.0,1000000.0,2.5,87.5,True,"Sanctioned amount ₹2,500,000 is 2.50× the peer median ₹1,000,000 across 683 comparable works."
WS/MP18376/2026-2027/197862,ND-WRK-2003,Normal/Others,2026-2027,2500000.0,683,1000000.0,700000.0,1000000.0,2.5,87.5,True,"Sanctioned amount ₹2,500,000 is 2.50× the peer median ₹1,000,000 across 683 comparable works."
WS/MP18376/2026-2027/197883,ND-WRK-2009,Normal/Others,2026-2027,2500000.0,683,1000000.0,700000.0,1000000.0,2.5,87.5,True,"Sanctioned amount ₹2,500,000 is 2.50× the peer median ₹1,000,000 across 683 comparable works."
WS/MP18308/2025-2026/262901,ND-WRK-1877,Normal/Others,2025-2026,3500000.0,1573,990000.0,500000.0,1000000.0,3.54,87.5,True,"Sanctioned amount ₹3,500,000 is 3.54× the peer median ₹990,000 across 1573 comparable works."
WS/MP18136/2026-2027/190037,ND-WRK-1680,Normal/Others,2026-2027,2500000.0,683,1000000.0,700000.0,1000000.0,2.5,87.5,True,"Sanctioned amount ₹2,500,000 is 2.50× the peer median ₹1,000,000 across 683 comparable works."
WS/MP18116/2026-2027/232150,ND-WRK-0513,Normal/Others,2026-2027,2500000.0,683,1000000.0,700000.0,1000000.0,2.5,87.5,True,"Sanctioned amount ₹2,500,000 is 2.50× the peer median ₹1,000,000 across 683 comparable works."
WS/MP18131/2026-2027/276434,ND-WRK-1342,Normal/Others,2026-2027,2500000.0,683,1000000.0,700000.0,1000000.0,2.5,87.5,True,"Sanctioned amount ₹2,500,000 is 2.50× the peer median ₹1,000,000 across 683 comparable works."
WS/MP672/2026-2027/247099,ND-WRK-2161,Normal/Others,2026-2027,2500000.0,683,1000000.0,700000.0,1000000.0,2.5,87.5,True,"Sanctioned amount ₹2,500,000 is 2.50× the peer median ₹1,000,000 across 683 comparable works."
WS/MP681/2024-2025/163044,ND-WRK-2258,Normal/Others,2024-2025,2499712.0,121,999600.0,700000.0,1000000.0,2.5,87.48,True,"Sanctioned amount ₹2,499,712 is 2.50× the peer median ₹999,600 across 121 comparable works."
WS/MP18132/2026-2027/277259,ND-WRK-1421,Normal/Others,2026-2027,2499000.0,683,1000000.0,700000.0,1000000.0,2.5,87.42,True,"Sanctioned amount ₹2,499,000 is 2.50× the peer median ₹1,000,000 across 683 comparable works."
WS/MP18121/2024-2025/163230,ND-WRK-0782,Normal/Others,2024-2025,2490157.0,121,999600.0,700000.0,1000000.0,2.49,86.68,True,"Sanctioned amount ₹2,490,157 is 2.49× the peer median ₹999,600 across 121 comparable works."
WS/MP18307/2025-2026/230981,ND-WRK-1815,Normal/Others,2025-2026,3200000.0,1573,990000.0,500000.0,1000000.0,3.23,72.5,True,"Sanctioned amount ₹3,200,000 is 3.23× the peer median ₹990,000 across 1573 comparable works."
WS/MP18361/2025-2026/219018,ND-WRK-1934,Normal/Others,2025-2026,3000000.0,1573,990000.0,500000.0,1000000.0,3.03,62.5,True,"Sanctioned amount ₹3,000,000 is 3.03× the peer median ₹990,000 across 1573 comparable works."
WS/MP18361/2025-2026/217226,ND-WRK-1926,Normal/Others,2025-2026,3000000.0,1573,990000.0,500000.0,1000000.0,3.03,62.5,True,"Sanctioned amount ₹3,000,000 is 3.03× the peer median ₹990,000 across 1573 comparable works."
WS/MP18308/2025-2026/244715,ND-WRK-1867,Normal/Others,2025-2026,3000000.0,1573,990000.0,500000.0,1000000.0,3.03,62.5,True,"Sanctioned amount ₹3,000,000 is 3.03× the peer median ₹990,000 across 1573 comparable works."
WS/MP18308/2025-2026/244683,ND-WRK-1854,Normal/Others,2025-2026,3000000.0,1573,990000.0,500000.0,1000000.0,3.03,62.5,True,"Sanctioned amount ₹3,000,000 is 3.03× the peer median ₹990,000 across 1573 comparable works."
WS/MP18308/2025-2026/145427,ND-WRK-1844,Normal/Others,2025-2026,3000000.0,1573,990000.0,500000.0,1000000.0,3.03,62.5,True,"Sanctioned amount ₹3,000,000 is 3.03× the peer median ₹990,000 across 1573 comparable works."
WS/MP18308/2025-2026/244692,ND-WRK-1857,Normal/Others,2025-2026,3000000.0,1573,990000.0,500000.0,1000000.0,3.03,62.5,True,"Sanctioned amount ₹3,000,000 is 3.03× the peer median ₹990,000 across 1573 comparable works."
WS/MP18308/2025-2026/244696,ND-WRK-1858,Normal/Others,2025-2026,3000000.0,1573,990000.0,500000.0,1000000.0,3.03,62.5,True,"Sanctioned amount ₹3,000,000 is 3.03× the peer median ₹990,000 across 1573 comparable works."
WS/MP18308/2025-2026/244716,ND-WRK-1868,Normal/Others,2025-2026,3000000.0,1573,990000.0,500000.0,1000000.0,3.03,62.5,True,"Sanctioned amount ₹3,000,000 is 3.03× the peer median ₹990,000 across 1573 comparable works."
WS/MP672/2025-2026/181702,ND-WRK-2145,Normal/Others,2025-2026,3000000.0,1573,990000.0,500000.0,1000000.0,3.03,62.5,True,"Sanctioned amount ₹3,000,000 is 3.03× the peer median ₹990,000 across 1573 comparable works."
WS/MP687/2025-2026/199486,ND-WRK-2357,Normal/Others,2025-2026,3000000.0,1573,990000.0,500000.0,1000000.0,3.03,62.5,True,"Sanctioned amount ₹3,000,000 is 3.03× the peer median ₹990,000 across 1573 comparable works."
WS/MP691/2025-2026/237153,ND-WRK-2392,Normal/Others,2025-2026,3000000.0,1573,990000.0,500000.0,1000000.0,3.03,62.5,True,"Sanctioned amount ₹3,000,000 is 3.03× the peer median ₹990,000 across 1573 comparable works."
WS/MP687/2025-2026/243692,ND-WRK-2366,Normal/Others,2025-2026,3000000.0,1573,990000.0,500000.0,1000000.0,3.03,62.5,True,"Sanctioned amount ₹3,000,000 is 3.03× the peer median ₹990,000 across 1573 comparable works."
WS/MP18307/2025-2026/231066,ND-WRK-1822,Normal/Others,2025-2026,3000000.0,1573,990000.0,500000.0,1000000.0,3.03,62.5,True,"Sanctioned amount ₹3,000,000 is 3.03× the peer median ₹990,000 across 1573 comparable works."
WS/MP18118/2025-2026/252879,ND-WRK-0616,Normal/Others,2025-2026,3000000.0,1573,990000.0,500000.0,1000000.0,3.03,62.5,True,"Sanctioned amount ₹3,000,000 is 3.03× the peer median ₹990,000 across 1573 comparable works."
WS/MP18361/2025-2026/226171,ND-WRK-1944,Normal/Others,2025-2026,3000000.0,1573,990000.0,500000.0,1000000.0,3.03,62.5,True,"Sanctioned amount ₹3,000,000 is 3.03× the peer median ₹990,000 across 1573 comparable works."
WS/MP18361/2025-2026/219021,ND-WRK-1937,Normal/Others,2025-2026,3000000.0,1573,990000.0,500000.0,1000000.0,3.03,62.5,True,"Sanctioned amount ₹3,000,000 is 3.03× the peer median ₹990,000 across 1573 comparable works."
WS/MP18307/2025-2026/262453,ND-WRK-1828,Normal/Others,2025-2026,3000000.0,1573,990000.0,500000.0,1000000.0,3.03,62.5,True,"Sanctioned amount ₹3,000,000 is 3.03× the peer median ₹990,000 across 1573 comparable works."
WS/MP18120/2025-2026/190402,ND-WRK-0731,Normal/Others,2025-2026,2999200.0,1573,990000.0,500000.0,1000000.0,3.03,62.46,True,"Sanctioned amount ₹2,999,200 is 3.03× the peer median ₹990,000 across 1573 comparable works."
WS/MP18124/2025-2026/226184,ND-WRK-0913,Normal/Others,2025-2026,2900000.0,1573,990000.0,500000.0,1000000.0,2.93,57.5,True,"Sanctioned amount ₹2,900,000 is 2.93× the peer median ₹990,000 across 1573 comparable works."
WS/MP18112/2025-2026/188592,ND-WRK-0193,Normal/Others,2025-2026,2881000.0,1573,990000.0,500000.0,1000000.0,2.91,56.55,True,"Sanctioned amount ₹2,881,000 is 2.91× the peer median ₹990,000 across 1573 comparable works."
WS/MP18361/2025-2026/219016,ND-WRK-1932,Normal/Others,2025-2026,2800000.0,1573,990000.0,500000.0,1000000.0,2.83,52.5,True,"Sanctioned amount ₹2,800,000 is 2.83× the peer median ₹990,000 across 1573 comparable works."
WS/MP18120/2025-2026/190401,ND-WRK-0730,Normal/Others,2025-2026,2798862.0,1573,990000.0,500000.0,1000000.0,2.83,52.44,True,"Sanctioned amount ₹2,798,862 is 2.83× the peer median ₹990,000 across 1573 comparable works."
WS/MP18110/2026-2027/269378,ND-WRK-0036,Normal/Others,2026-2027,2000000.0,683,1000000.0,700000.0,1000000.0,2.0,45.83,True,"Sanctioned amount ₹2,000,000 is 2.00× the peer median ₹1,000,000 across 683 comparable works."
WS/MP672/2026-2027/215119,ND-WRK-2153,Normal/Others,2026-2027,2000000.0,683,1000000.0,700000.0,1000000.0,2.0,45.83,True,"Sanctioned amount ₹2,000,000 is 2.00× the peer median ₹1,000,000 across 683 comparable works."
WS/MP664/2026-2027/146584,ND-WRK-2125,Normal/Others,2026-2027,2000000.0,683,1000000.0,700000.0,1000000.0,2.0,45.83,True,"Sanctioned amount ₹2,000,000 is 2.00× the peer median ₹1,000,000 across 683 comparable works."
WS/MP18258/2026-2027/183826,ND-WRK-1714,Normal/Others,2026-2027,2000000.0,683,1000000.0,700000.0,1000000.0,2.0,45.83,True,"Sanctioned amount ₹2,000,000 is 2.00× the peer median ₹1,000,000 across 683 comparable works."
WS/MP18131/2026-2027/228312,ND-WRK-1329,Normal/Others,2026-2027,2000000.0,683,1000000.0,700000.0,1000000.0,2.0,45.83,True,"Sanctioned amount ₹2,000,000 is 2.00× the peer median ₹1,000,000 across 683 comparable works."
WS/MP18113/2026-2027/244708,ND-WRK-0327,Normal/Others,2026-2027,2000000.0,683,1000000.0,700000.0,1000000.0,2.0,45.83,True,"Sanctioned amount ₹2,000,000 is 2.00× the peer median ₹1,000,000 across 683 comparable works."
WS/MP18112/2024-2025/136520,ND-WRK-0151,Normal/Others,2024-2025,2000000.0,121,999600.0,700000.0,1000000.0,2.0,45.83,True,"Sanctioned amount ₹2,000,000 is 2.00× the peer median ₹999,600 across 121 comparable works."
WS/MP18112/2024-2025/136992,ND-WRK-0161,Normal/Others,2024-2025,2000000.0,121,999600.0,700000.0,1000000.0,2.0,45.83,True,"Sanctioned amount ₹2,000,000 is 2.00× the peer median ₹999,600 across 121 comparable works."
WS/MP672/2026-2027/215081,ND-WRK-2152,Normal/Others,2026-2027,2000000.0,683,1000000.0,700000.0,1000000.0,2.0,45.83,True,"Sanctioned amount ₹2,000,000 is 2.00× the peer median ₹1,000,000 across 683 comparable works."
WS/MP664/2026-2027/146582,ND-WRK-2123,Normal/Others,2026-2027,2000000.0,683,1000000.0,700000.0,1000000.0,2.0,45.83,True,"Sanctioned amount ₹2,000,000 is 2.00× the peer median ₹1,000,000 across 683 comparable works."
WS/MP18376/2026-2027/197860,ND-WRK-2001,Normal/Others,2026-2027,2000000.0,683,1000000.0,700000.0,1000000.0,2.0,45.83,True,"Sanctioned amount ₹2,000,000 is 2.00× the peer median ₹1,000,000 across 683 comparable works."
WS/MP18376/2026-2027/197861,ND-WRK-2002,Normal/Others,2026-2027,2000000.0,683,1000000.0,700000.0,1000000.0,2.0,45.83,True,"Sanctioned amount ₹2,000,000 is 2.00× the peer median ₹1,000,000 across 683 comparable works."
WS/MP18376/2026-2027/197865,ND-WRK-2004,Normal/Others,2026-2027,2000000.0,683,1000000.0,700000.0,1000000.0,2.0,45.83,True,"Sanctioned amount ₹2,000,000 is 2.00× the peer median ₹1,000,000 across 683 comparable works."
WS/MP18376/2026-2027/197881,ND-WRK-2007,Normal/Others,2026-2027,2000000.0,683,1000000.0,700000.0,1000000.0,2.0,45.83,True,"Sanctioned amount ₹2,000,000 is 2.00× the peer median ₹1,000,000 across 683 comparable works."
WS/MP18121/2024-2025/146767,ND-WRK-0779,Normal/Others,2024-2025,1999472.0,121,999600.0,700000.0,1000000.0,2.0,45.79,True,"Sanctioned amount ₹1,999,472 is 2.00× the peer median ₹999,600 across 121 comparable works."
WS/MP18121/2024-2025/146766,ND-WRK-0778,Normal/Others,2024-2025,1998833.0,121,999600.0,700000.0,1000000.0,2.0,45.74,True,"Sanctioned amount ₹1,998,833 is 2.00× the peer median ₹999,600 across 121 comparable works."
WS/MP18323/2026-2027/144120,ND-WRK-1907,Normal/Others,2026-2027,1991059.0,683,1000000.0,700000.0,1000000.0,1.99,45.09,True,"Sanctioned amount ₹1,991,059 is 1.99× the peer median ₹1,000,000 across 683 comparable works."
WS/MP18429/2026-2027/240743,ND-WRK-2041,Normal/Others,2026-2027,1983400.0,683,1000000.0,700000.0,1000000.0,1.98,44.45,True,"Sanctioned amount ₹1,983,400 is 1.98× the peer median ₹1,000,000 across 683 comparable works."
WS/MP18120/2026-2027/169230,ND-WRK-0760,Normal/Others,2026-2027,1981405.0,683,1000000.0,700000.0,1000000.0,1.98,44.28,True,"Sanctioned amount ₹1,981,405 is 1.98× the peer median ₹1,000,000 across 683 comparable works."
WS/MP18361/2025-2026/219023,ND-WRK-1939,Normal/Others,2025-2026,2600000.0,1573,990000.0,500000.0,1000000.0,2.63,42.5,True,"Sanctioned amount ₹2,600,000 is 2.63× the peer median ₹990,000 across 1573 comparable works."
WS/MP672/2024-2025/181677,ND-WRK-2140,Normal/Others,2024-2025,1950000.0,121,999600.0,700000.0,1000000.0,1.95,41.67,True,"Sanctioned amount ₹1,950,000 is 1.95× the peer median ₹999,600 across 121 comparable works."
WS/MP673/2025-2026/167817,ND-WRK-2173,Normal/Others,2025-2026,2499999.0,1573,990000.0,500000.0,1000000.0,2.53,37.5,False,"Sanctioned amount ₹2,499,999 is 2.53× the peer median ₹990,000 across 1573 comparable works."
WS/MP687/2025-2026/243712,ND-WRK-2370,Normal/Others,2025-2026,2500000.0,1573,990000.0,500000.0,1000000.0,2.53,37.5,False,"Sanctioned amount ₹2,500,000 is 2.53× the peer median ₹990,000 across 1573 comparable works."
WS/MP672/2025-2026/276662,ND-WRK-2151,Normal/Others,2025-2026,2500000.0,1573,990000.0,500000.0,1000000.0,2.53,37.5,False,"Sanctioned amount ₹2,500,000 is 2.53× the peer median ₹990,000 across 1573 comparable works."
WS/MP681/2025-2026/251044,ND-WRK-2272,Normal/Others,2025-2026,2500000.0,1573,990000.0,500000.0,1000000.0,2.53,37.5,False,"Sanctioned amount ₹2,500,000 is 2.53× the peer median ₹990,000 across 1573 comparable works."
WS/MP18124/2025-2026/161223,ND-WRK-0863,Normal/Others,2025-2026,2500000.0,1573,990000.0,500000.0,1000000.0,2.53,37.5,False,"Sanctioned amount ₹2,500,000 is 2.53× the peer median ₹990,000 across 1573 comparable works."
WS/MP18116/2025-2026/235751,ND-WRK-0475,Normal/Others,2025-2026,2500000.0,1573,990000.0,500000.0,1000000.0,2.53,37.5,False,"Sanctioned amount ₹2,500,000 is 2.53× the peer median ₹990,000 across 1573 comparable works."
WS/MP18124/2025-2026/161241,ND-WRK-0864,Normal/Others,2025-2026,2500000.0,1573,990000.0,500000.0,1000000.0,2.53,37.5,False,"Sanctioned amount ₹2,500,000 is 2.53× the peer median ₹990,000 across 1573 comparable works."
WS/MP18124/2025-2026/162363,ND-WRK-0873,Normal/Others,2025-2026,2500000.0,1573,990000.0,500000.0,1000000.0,2.53,37.5,False,"Sanctioned amount ₹2,500,000 is 2.53× the peer median ₹990,000 across 1573 comparable works."
WS/MP18124/2025-2026/226093,ND-WRK-0896,Normal/Others,2025-2026,2500000.0,1573,990000.0,500000.0,1000000.0,2.53,37.5,False,"Sanctioned amount ₹2,500,000 is 2.53× the peer median ₹990,000 across 1573 comparable works."
WS/MP18124/2025-2026/162373,ND-WRK-0876,Normal/Others,2025-2026,2500000.0,1573,990000.0,500000.0,1000000.0,2.53,37.5,False,"Sanctioned amount ₹2,500,000 is 2.53× the peer median ₹990,000 across 1573 comparable works."
WS/MP18124/2025-2026/226120,ND-WRK-0903,Normal/Others,2025-2026,2500000.0,1573,990000.0,500000.0,1000000.0,2.53,37.5,False,"Sanctioned amount ₹2,500,000 is 2.53× the peer median ₹990,000 across 1573 comparable works."
WS/MP18308/2025-2026/145422,ND-WRK-1840,Normal/Others,2025-2026,2500000.0,1573,990000.0,500000.0,1000000.0,2.53,37.5,False,"Sanctioned amount ₹2,500,000 is 2.53× the peer median ₹990,000 across 1573 comparable works."
WS/MP18308/2025-2026/244685,ND-WRK-1855,Normal/Others,2025-2026,2500000.0,1573,990000.0,500000.0,1000000.0,2.53,37.5,False,"Sanctioned amount ₹2,500,000 is 2.53× the peer median ₹990,000 across 1573 comparable works."
WS/MP18124/2025-2026/162371,ND-WRK-0875,Normal/Others,2025-2026,2500000.0,1573,990000.0,500000.0,1000000.0,2.53,37.5,False,"Sanctioned amount ₹2,500,000 is 2.53× the peer median ₹990,000 across 1573 comparable works."
WS/MP18124/2025-2026/162328,ND-WRK-0868,Normal/Others,2025-2026,2500000.0,1573,990000.0,500000.0,1000000.0,2.53,37.5,False,"Sanctioned amount ₹2,500,000 is 2.53× the peer median ₹990,000 across 1573 comparable works."
WS/MP18124/2025-2026/162349,ND-WRK-0871,Normal/Others,2025-2026,2500000.0,1573,990000.0,500000.0,1000000.0,2.53,37.5,False,"Sanctioned amount ₹2,500,000 is 2.53× the peer median ₹990,000 across 1573 comparable works."
WS/MP18308/2025-2026/244678,ND-WRK-1851,Normal/Others,2025-2026,2500000.0,1573,990000.0,500000.0,1000000.0,2.53,37.5,False,"Sanctioned amount ₹2,500,000 is 2.53× the peer median ₹990,000 across 1573 comparable works."
WS/MP18308/2025-2026/244713,ND-WRK-1865,Normal/Others,2025-2026,2500000.0,1573,990000.0,500000.0,1000000.0,2.53,37.5,False,"Sanctioned amount ₹2,500,000 is 2.53× the peer median ₹990,000 across 1573 comparable works."
WS/MP18308/2025-2026/244712,ND-WRK-1864,Normal/Others,2025-2026,2500000.0,1573,990000.0,500000.0,1000000.0,2.53,37.5,False,"Sanctioned amount ₹2,500,000 is 2.53× the peer median ₹990,000 across 1573 comparable works."
WS/MP18376/2026-2027/226530,ND-WRK-2017,Normal/Others,2026-2027,1900000.0,683,1000000.0,700000.0,1000000.0,1.9,37.5,False,"Sanctioned amount ₹1,900,000 is 1.90× the peer median ₹1,000,000 across 683 comparable works."
WS/MP687/2025-2026/243695,ND-WRK-2367,Normal/Others,2025-2026,2500000.0,1573,990000.0,500000.0,1000000.0,2.53,37.5,False,"Sanctioned amount ₹2,500,000 is 2.53× the peer median ₹990,000 across 1573 comparable works."
WS/MP687/2025-2026/243678,ND-WRK-2365,Normal/Others,2025-2026,2500000.0,1573,990000.0,500000.0,1000000.0,2.53,37.5,False,"Sanctioned amount ₹2,500,000 is 2.53× the peer median ₹990,000 across 1573 comparable works."
WS/MP687/2025-2026/182090,ND-WRK-2343,Normal/Others,2025-2026,2500000.0,1573,990000.0,500000.0,1000000.0,2.53,37.5,False,"Sanctioned amount ₹2,500,000 is 2.53× the peer median ₹990,000 across 1573 comparable works."
WS/MP687/2025-2026/182081,ND-WRK-2336,Normal/Others,2025-2026,2500000.0,1573,990000.0,500000.0,1000000.0,2.53,37.5,False,"Sanctioned amount ₹2,500,000 is 2.53× the peer median ₹990,000 across 1573 comparable works."
WS/MP18307/2025-2026/230965,ND-WRK-1813,Normal/Others,2025-2026,2500000.0,1573,990000.0,500000.0,1000000.0,2.53,37.5,False,"Sanctioned amount ₹2,500,000 is 2.53× the peer median ₹990,000 across 1573 comparable works."
WS/MP18308/2025-2026/244688,ND-WRK-1856,Normal/Others,2025-2026,2500000.0,1573,990000.0,500000.0,1000000.0,2.53,37.5,False,"Sanctioned amount ₹2,500,000 is 2.53× the peer median ₹990,000 across 1573 comparable works."
WS/MP18308/2025-2026/244679,ND-WRK-1852,Normal/Others,2025-2026,2500000.0,1573,990000.0,500000.0,1000000.0,2.53,37.5,False,"Sanctioned amount ₹2,500,000 is 2.53× the peer median ₹990,000 across 1573 comparable works."
WS/MP18307/2025-2026/230960,ND-WRK-1811,Normal/Others,2025-2026,2500000.0,1573,990000.0,500000.0,1000000.0,2.53,37.5,False,"Sanctioned amount ₹2,500,000 is 2.53× the peer median ₹990,000 across 1573 comparable works."
WS/MP18307/2025-2026/143603,ND-WRK-1788,Normal/Others,2025-2026,2500000.0,1573,990000.0,500000.0,1000000.0,2.53,37.5,False,"Sanctioned amount ₹2,500,000 is 2.53× the peer median ₹990,000 across 1573 comparable works."
WS/MP18258/2025-2026/159947,ND-WRK-1701,Normal/Others,2025-2026,2500000.0,1573,990000.0,500000.0,1000000.0,2.53,37.5,False,"Sanctioned amount ₹2,500,000 is 2.53× the peer median ₹990,000 across 1573 comparable works."
WS/MP18307/2025-2026/180170,ND-WRK-1810,Normal/Others,2025-2026,2500000.0,1573,990000.0,500000.0,1000000.0,2.53,37.5,False,"Sanctioned amount ₹2,500,000 is 2.53× the peer median ₹990,000 across 1573 comparable works."
WS/MP18308/2025-2026/262900,ND-WRK-1876,Normal/Others,2025-2026,2500000.0,1573,990000.0,500000.0,1000000.0,2.53,37.5,False,"Sanctioned amount ₹2,500,000 is 2.53× the peer median ₹990,000 across 1573 comparable works."
WS/MP18308/2025-2026/244697,ND-WRK-1859,Normal/Others,2025-2026,2500000.0,1573,990000.0,500000.0,1000000.0,2.53,37.5,False,"Sanctioned amount ₹2,500,000 is 2.53× the peer median ₹990,000 across 1573 comparable works."
WS/MP18113/2025-2026/162522,ND-WRK-0292,Normal/Others,2025-2026,2499612.0,1573,990000.0,500000.0,1000000.0,2.52,37.48,False,"Sanctioned amount ₹2,499,612 is 2.52× the peer median ₹990,000 across 1573 comparable works."
WS/MP687/2025-2026/182566,ND-WRK-2347,Normal/Others,2025-2026,2499000.0,1573,990000.0,500000.0,1000000.0,2.52,37.45,False,"Sanctioned amount ₹2,499,000 is 2.52× the peer median ₹990,000 across 1573 comparable works."
WS/MP687/2025-2026/182099,ND-WRK-2346,Normal/Others,2025-2026,2499000.0,1573,990000.0,500000.0,1000000.0,2.52,37.45,False,"Sanctioned amount ₹2,499,000 is 2.52× the peer median ₹990,000 across 1573 comparable works."
WS/MP687/2025-2026/182086,ND-WRK-2339,Normal/Others,2025-2026,2496670.0,1573,990000.0,500000.0,1000000.0,2.52,37.33,False,"Sanctioned amount ₹2,496,670 is 2.52× the peer median ₹990,000 across 1573 comparable works."
WS/MP687/2025-2026/182569,ND-WRK-2350,Normal/Others,2025-2026,2493418.0,1573,990000.0,500000.0,1000000.0,2.52,37.17,False,"Sanctioned amount ₹2,493,418 is 2.52× the peer median ₹990,000 across 1573 comparable works."
WS/MP18113/2025-2026/166722,ND-WRK-0293,Normal/Others,2025-2026,2482574.0,1573,990000.0,500000.0,1000000.0,2.51,36.63,False,"Sanctioned amount ₹2,482,574 is 2.51× the peer median ₹990,000 across 1573 comparable works."
WS/MP18124/2025-2026/226181,ND-WRK-0912,Normal/Others,2025-2026,2450000.0,1573,990000.0,500000.0,1000000.0,2.47,35.0,False,"Sanctioned amount ₹2,450,000 is 2.47× the peer median ₹990,000 across 1573 comparable works."
WS/MP18307/2025-2026/231062,ND-WRK-1820,Normal/Others,2025-2026,2400000.0,1573,990000.0,500000.0,1000000.0,2.42,32.5,False,"Sanctioned amount ₹2,400,000 is 2.42× the peer median ₹990,000 across 1573 comparable works."
WS/MP18307/2025-2026/231069,ND-WRK-1825,Normal/Others,2025-2026,2400000.0,1573,990000.0,500000.0,1000000.0,2.42,32.5,False,"Sanctioned amount ₹2,400,000 is 2.42× the peer median ₹990,000 across 1573 comparable works."
WS/MP664/2026-2027/291154,ND-WRK-2129,Normal/Others,2026-2027,1800000.0,683,1000000.0,700000.0,1000000.0,1.8,29.17,False,"Sanctioned amount ₹1,800,000 is 1.80× the peer median ₹1,000,000 across 683 comparable works."
WS/MP18376/2026-2027/226529,ND-WRK-2016,Normal/Others,2026-2027,1800000.0,683,1000000.0,700000.0,1000000.0,1.8,29.17,False,"Sanctioned amount ₹1,800,000 is 1.80× the peer median ₹1,000,000 across 683 comparable works."
WS/MP18124/2025-2026/226179,ND-WRK-0911,Normal/Others,2025-2026,2300000.0,1573,990000.0,500000.0,1000000.0,2.32,27.5,False,"Sanctioned amount ₹2,300,000 is 2.32× the peer median ₹990,000 across 1573 comparable works."
WS/MP18307/2025-2026/262448,ND-WRK-1827,Normal/Others,2025-2026,2300000.0,1573,990000.0,500000.0,1000000.0,2.32,27.5,False,"Sanctioned amount ₹2,300,000 is 2.32× the peer median ₹990,000 across 1573 comparable works."
WS/MP18307/2025-2026/262458,ND-WRK-1830,Normal/Others,2025-2026,2300000.0,1573,990000.0,500000.0,1000000.0,2.32,27.5,False,"Sanctioned amount ₹2,300,000 is 2.32× the peer median ₹990,000 across 1573 comparable works."
WS/MP18120/2026-2027/169231,ND-WRK-0761,Normal/Others,2026-2027,1771411.0,683,1000000.0,700000.0,1000000.0,1.77,26.78,False,"Sanctioned amount ₹1,771,411 is 1.77× the peer median ₹1,000,000 across 683 comparable works."
WS/MP18307/2025-2026/231060,ND-WRK-1819,Normal/Others,2025-2026,2200000.0,1573,990000.0,500000.0,1000000.0,2.22,22.5,False,"Sanctioned amount ₹2,200,000 is 2.22× the peer median ₹990,000 across 1573 comparable works."
WS/MP18124/2025-2026/226190,ND-WRK-0915,Normal/Others,2025-2026,2200000.0,1573,990000.0,500000.0,1000000.0,2.22,22.5,False,"Sanctioned amount ₹2,200,000 is 2.22× the peer median ₹990,000 across 1573 comparable works."
WS/MP18124/2025-2026/226178,ND-WRK-0910,Normal/Others,2025-2026,2150000.0,1573,990000.0,500000.0,1000000.0,2.17,20.0,False,"Sanctioned amount ₹2,150,000 is 2.17× the peer median ₹990,000 across 1573 comparable works."
WS/MP18124/2025-2026/226188,ND-WRK-0914,Normal/Others,2025-2026,2150000.0,1573,990000.0,500000.0,1000000.0,2.17,20.0,False,"Sanctioned amount ₹2,150,000 is 2.17× the peer median ₹990,000 across 1573 comparable works."
WS/MP18308/2025-2026/145425,ND-WRK-1842,Normal/Others,2025-2026,2100000.0,1573,990000.0,500000.0,1000000.0,2.12,17.5,False,"Sanctioned amount ₹2,100,000 is 2.12× the peer median ₹990,000 across 1573 comparable works."
WS/MP664/2025-2026/146367,ND-WRK-2121,Normal/Others,2025-2026,2094646.0,1573,990000.0,500000.0,1000000.0,2.12,17.23,False,"Sanctioned amount ₹2,094,646 is 2.12× the peer median ₹990,000 across 1573 comparable works."
WS/MP664/2025-2026/146365,ND-WRK-2120,Normal/Others,2025-2026,2089002.0,1573,990000.0,500000.0,1000000.0,2.11,16.95,False,"Sanctioned amount ₹2,089,002 is 2.11× the peer median ₹990,000 across 1573 comparable works."
WS/MP687/2025-2026/182570,ND-WRK-2351,Normal/Others,2025-2026,2000000.0,1573,990000.0,500000.0,1000000.0,2.02,12.5,False,"Sanctioned amount ₹2,000,000 is 2.02× the peer median ₹990,000 across 1573 comparable works."
WS/MP687/2025-2026/243666,ND-WRK-2361,Normal/Others,2025-2026,2000000.0,1573,990000.0,500000.0,1000000.0,2.02,12.5,False,"Sanctioned amount ₹2,000,000 is 2.02× the peer median ₹990,000 across 1573 comparable works."
WS/MP18110/2025-2026/248578,ND-WRK-0020,Normal/Others,2025-2026,2000000.0,1573,990000.0,500000.0,1000000.0,2.02,12.5,False,"Sanctioned amount ₹2,000,000 is 2.02× the peer median ₹990,000 across 1573 comparable works."
WS/MP691/2025-2026/237152,ND-WRK-2391,Normal/Others,2025-2026,2000000.0,1573,990000.0,500000.0,1000000.0,2.02,12.5,False,"Sanctioned amount ₹2,000,000 is 2.02× the peer median ₹990,000 across 1573 comparable works."
WS/MP681/2025-2026/216393,ND-WRK-2268,Normal/Others,2025-2026,2000000.0,1573,990000.0,500000.0,1000000.0,2.02,12.5,False,"Sanctioned amount ₹2,000,000 is 2.02× the peer median ₹990,000 across 1573 comparable works."
WS/MP18376/2026-2027/226526,ND-WRK-2015,Normal/Others,2026-2027,1600000.0,683,1000000.0,700000.0,1000000.0,1.6,12.5,False,"Sanctioned amount ₹1,600,000 is 1.60× the peer median ₹1,000,000 across 683 comparable works."
WS/MP687/2025-2026/243701,ND-WRK-2368,Normal/Others,2025-2026,2000000.0,1573,990000.0,500000.0,1000000.0,2.02,12.5,False,"Sanctioned amount ₹2,000,000 is 2.02× the peer median ₹990,000 across 1573 comparable works."
WS/MP18361/2025-2026/226169,ND-WRK-1942,Normal/Others,2025-2026,2000000.0,1573,990000.0,500000.0,1000000.0,2.02,12.5,False,"Sanctioned amount ₹2,000,000 is 2.02× the peer median ₹990,000 across 1573 comparable works."
WS/MP18308/2025-2026/145414,ND-WRK-1836,Normal/Others,2025-2026,2000000.0,1573,990000.0,500000.0,1000000.0,2.02,12.5,False,"Sanctioned amount ₹2,000,000 is 2.02× the peer median ₹990,000 across 1573 comparable works."
WS/MP18307/2025-2026/231067,ND-WRK-1823,Normal/Others,2025-2026,2000000.0,1573,990000.0,500000.0,1000000.0,2.02,12.5,False,"Sanctioned amount ₹2,000,000 is 2.02× the peer median ₹990,000 across 1573 comparable works."
WS/MP18308/2025-2026/244704,ND-WRK-1860,Normal/Others,2025-2026,2000000.0,1573,990000.0,500000.0,1000000.0,2.02,12.5,False,"Sanctioned amount ₹2,000,000 is 2.02× the peer median ₹990,000 across 1573 comparable works."
WS/MP18308/2025-2026/244705,ND-WRK-1861,Normal/Others,2025-2026,2000000.0,1573,990000.0,500000.0,1000000.0,2.02,12.5,False,"Sanctioned amount ₹2,000,000 is 2.02× the peer median ₹990,000 across 1573 comparable works."
WS/MP18308/2025-2026/145430,ND-WRK-1846,Normal/Others,2025-2026,2000000.0,1573,990000.0,500000.0,1000000.0,2.02,12.5,False,"Sanctioned amount ₹2,000,000 is 2.02× the peer median ₹990,000 across 1573 comparable works."
WS/MP18307/2025-2026/143602,ND-WRK-1787,Normal/Others,2025-2026,2000000.0,1573,990000.0,500000.0,1000000.0,2.02,12.5,False,"Sanctioned amount ₹2,000,000 is 2.02× the peer median ₹990,000 across 1573 comparable works."
WS/MP18307/2025-2026/143601,ND-WRK-1786,Normal/Others,2025-2026,2000000.0,1573,990000.0,500000.0,1000000.0,2.02,12.5,False,"Sanctioned amount ₹2,000,000 is 2.02× the peer median ₹990,000 across 1573 comparable works."
WS/MP18307/2025-2026/230963,ND-WRK-1812,Normal/Others,2025-2026,2000000.0,1573,990000.0,500000.0,1000000.0,2.02,12.5,False,"Sanctioned amount ₹2,000,000 is 2.02× the peer median ₹990,000 across 1573 comparable works."
WS/MP18307/2025-2026/146575,ND-WRK-1797,Normal/Others,2025-2026,2000000.0,1573,990000.0,500000.0,1000000.0,2.02,12.5,False,"Sanctioned amount ₹2,000,000 is 2.02× the peer median ₹990,000 across 1573 comparable works."
WS/MP18307/2025-2026/143609,ND-WRK-1792,Normal/Others,2025-2026,2000000.0,1573,990000.0,500000.0,1000000.0,2.02,12.5,False,"Sanctioned amount ₹2,000,000 is 2.02× the peer median ₹990,000 across 1573 comparable works."
WS/MP18307/2025-2026/143608,ND-WRK-1791,Normal/Others,2025-2026,2000000.0,1573,990000.0,500000.0,1000000.0,2.02,12.5,False,"Sanctioned amount ₹2,000,000 is 2.02× the peer median ₹990,000 across 1573 comparable works."
WS/MP18307/2025-2026/143607,ND-WRK-1790,Normal/Others,2025-2026,2000000.0,1573,990000.0,500000.0,1000000.0,2.02,12.5,False,"Sanctioned amount ₹2,000,000 is 2.02× the peer median ₹990,000 across 1573 comparable works."
WS/MP18307/2025-2026/143606,ND-WRK-1789,Normal/Others,2025-2026,2000000.0,1573,990000.0,500000.0,1000000.0,2.02,12.5,False,"Sanctioned amount ₹2,000,000 is 2.02× the peer median ₹990,000 across 1573 comparable works."
WS/MP18308/2025-2026/145418,ND-WRK-1837,Normal/Others,2025-2026,2000000.0,1573,990000.0,500000.0,1000000.0,2.02,12.5,False,"Sanctioned amount ₹2,000,000 is 2.02× the peer median ₹990,000 across 1573 comparable works."
WS/MP18308/2025-2026/145420,ND-WRK-1839,Normal/Others,2025-2026,2000000.0,1573,990000.0,500000.0,1000000.0,2.02,12.5,False,"Sanctioned amount ₹2,000,000 is 2.02× the peer median ₹990,000 across 1573 comparable works."
WS/MP18307/2025-2026/231063,ND-WRK-1821,Normal/Others,2025-2026,2000000.0,1573,990000.0,500000.0,1000000.0,2.02,12.5,False,"Sanctioned amount ₹2,000,000 is 2.02× the peer median ₹990,000 across 1573 comparable works."
WS/MP18131/2025-2026/206358,ND-WRK-1302,Normal/Others,2025-2026,2000000.0,1573,990000.0,500000.0,1000000.0,2.02,12.5,False,"Sanctioned amount ₹2,000,000 is 2.02× the peer median ₹990,000 across 1573 comparable works."
WS/MP18124/2025-2026/226118,ND-WRK-0901,Normal/Others,2025-2026,2000000.0,1573,990000.0,500000.0,1000000.0,2.02,12.5,False,"Sanctioned amount ₹2,000,000 is 2.02× the peer median ₹990,000 across 1573 comparable works."
WS/MP18124/2025-2026/226193,ND-WRK-0916,Normal/Others,2025-2026,2000000.0,1573,990000.0,500000.0,1000000.0,2.02,12.5,False,"Sanctioned amount ₹2,000,000 is 2.02× the peer median ₹990,000 across 1573 comparable works."
WS/MP18136/2025-2026/165207,ND-WRK-1648,Normal/Others,2025-2026,2000000.0,1573,990000.0,500000.0,1000000.0,2.02,12.5,False,"Sanctioned amount ₹2,000,000 is 2.02× the peer median ₹990,000 across 1573 comparable works."
WS/MP18124/2025-2026/226092,ND-WRK-0895,Normal/Others,2025-2026,2000000.0,1573,990000.0,500000.0,1000000.0,2.02,12.5,False,"Sanctioned amount ₹2,000,000 is 2.02× the peer median ₹990,000 across 1573 comparable works."
WS/MP18112/2025-2026/177510,ND-WRK-0184,Normal/Others,2025-2026,2000000.0,1573,990000.0,500000.0,1000000.0,2.02,12.5,False,"Sanctioned amount ₹2,000,000 is 2.02× the peer median ₹990,000 across 1573 comparable works."
WS/MP18124/2025-2026/162319,ND-WRK-0866,Normal/Others,2025-2026,2000000.0,1573,990000.0,500000.0,1000000.0,2.02,12.5,False,"Sanctioned amount ₹2,000,000 is 2.02× the peer median ₹990,000 across 1573 comparable works."
WS/MP18124/2025-2026/162323,ND-WRK-0867,Normal/Others,2025-2026,2000000.0,1573,990000.0,500000.0,1000000.0,2.02,12.5,False,"Sanctioned amount ₹2,000,000 is 2.02× the peer median ₹990,000 across 1573 comparable works."
WS/MP18124/2025-2026/162344,ND-WRK-0870,Normal/Others,2025-2026,2000000.0,1573,990000.0,500000.0,1000000.0,2.02,12.5,False,"Sanctioned amount ₹2,000,000 is 2.02× the peer median ₹990,000 across 1573 comparable works."
WS/MP18124/2025-2026/162358,ND-WRK-0872,Normal/Others,2025-2026,2000000.0,1573,990000.0,500000.0,1000000.0,2.02,12.5,False,"Sanctioned amount ₹2,000,000 is 2.02× the peer median ₹990,000 across 1573 comparable works."
WS/MP18124/2025-2026/226119,ND-WRK-0902,Normal/Others,2025-2026,2000000.0,1573,990000.0,500000.0,1000000.0,2.02,12.5,False,"Sanctioned amount ₹2,000,000 is 2.02× the peer median ₹990,000 across 1573 comparable works."
WS/MP18124/2025-2026/165820,ND-WRK-0893,Normal/Others,2025-2026,2000000.0,1573,990000.0,500000.0,1000000.0,2.02,12.5,False,"Sanctioned amount ₹2,000,000 is 2.02× the peer median ₹990,000 across 1573 comparable works."
WS/MP18121/2025-2026/146783,ND-WRK-0783,Normal/Others,2025-2026,2000000.0,1573,990000.0,500000.0,1000000.0,2.02,12.5,False,"Sanctioned amount ₹2,000,000 is 2.02× the peer median ₹990,000 across 1573 comparable works."
WS/MP18116/2026-2027/224084,ND-WRK-0509,Normal/Others,2026-2027,1600000.0,683,1000000.0,700000.0,1000000.0,1.6,12.5,False,"Sanctioned amount ₹1,600,000 is 1.60× the peer median ₹1,000,000 across 683 comparable works."
WS/MP18117/2025-2026/248758,ND-WRK-0552,Normal/Others,2025-2026,2000000.0,1573,990000.0,500000.0,1000000.0,2.02,12.5,False,"Sanctioned amount ₹2,000,000 is 2.02× the peer median ₹990,000 across 1573 comparable works."
WS/MP18119/2025-2026/163417,ND-WRK-0674,Normal/Others,2025-2026,2000000.0,1573,990000.0,500000.0,1000000.0,2.02,12.5,False,"Sanctioned amount ₹2,000,000 is 2.02× the peer median ₹990,000 across 1573 comparable works."
WS/MP18113/2025-2026/194151,ND-WRK-0307,Normal/Others,2025-2026,2000000.0,1573,990000.0,500000.0,1000000.0,2.02,12.5,False,"Sanctioned amount ₹2,000,000 is 2.02× the peer median ₹990,000 across 1573 comparable works."
WS/MP18113/2025-2026/192629,ND-WRK-0300,Normal/Others,2025-2026,2000000.0,1573,990000.0,500000.0,1000000.0,2.02,12.5,False,"Sanctioned amount ₹2,000,000 is 2.02× the peer median ₹990,000 across 1573 comparable works."
WS/MP18113/2025-2026/192630,ND-WRK-0301,Normal/Others,2025-2026,2000000.0,1573,990000.0,500000.0,1000000.0,2.02,12.5,False,"Sanctioned amount ₹2,000,000 is 2.02× the peer median ₹990,000 across 1573 comparable works."
WS/MP18113/2025-2026/193577,ND-WRK-0305,Normal/Others,2025-2026,2000000.0,1573,990000.0,500000.0,1000000.0,2.02,12.5,False,"Sanctioned amount ₹2,000,000 is 2.02× the peer median ₹990,000 across 1573 comparable works."
WS/MP18110/2025-2026/209781,ND-WRK-0011,Normal/Others,2025-2026,2000000.0,1573,990000.0,500000.0,1000000.0,2.02,12.5,False,"Sanctioned amount ₹2,000,000 is 2.02× the peer median ₹990,000 across 1573 comparable works."
WS/MP18113/2025-2026/176734,ND-WRK-0295,Normal/Others,2025-2026,1999000.0,1573,990000.0,500000.0,1000000.0,2.02,12.45,False,"Sanctioned amount ₹1,999,000 is 2.02× the peer median ₹990,000 across 1573 comparable works."
WS/MP18113/2025-2026/193579,ND-WRK-0306,Normal/Others,2025-2026,1997882.0,1573,990000.0,500000.0,1000000.0,2.02,12.39,False,"Sanctioned amount ₹1,997,882 is 2.02× the peer median ₹990,000 across 1573 comparable works."
WS/MP687/2025-2026/182567,ND-WRK-2348,Normal/Others,2025-2026,1993457.0,1573,990000.0,500000.0,1000000.0,2.01,12.17,False,"Sanctioned amount ₹1,993,457 is 2.01× the peer median ₹990,000 across 1573 comparable works."
WS/MP18113/2025-2026/176732,ND-WRK-0294,Normal/Others,2025-2026,1991442.0,1573,990000.0,500000.0,1000000.0,2.01,12.07,False,"Sanctioned amount ₹1,991,442 is 2.01× the peer median ₹990,000 across 1573 comparable works."
WS/MP18258/2025-2026/183834,ND-WRK-1706,Normal/Others,2025-2026,1966157.0,1573,990000.0,500000.0,1000000.0,1.99,10.81,False,"Sanctioned amount ₹1,966,157 is 1.99× the peer median ₹990,000 across 1573 comparable works."
WS/MP18124/2025-2026/226166,ND-WRK-0909,Normal/Others,2025-2026,1950000.0,1573,990000.0,500000.0,1000000.0,1.97,10.0,False,"Sanctioned amount ₹1,950,000 is 1.97× the peer median ₹990,000 across 1573 comparable works."
WS/MP18307/2025-2026/262454,ND-WRK-1829,Normal/Others,2025-2026,1900000.0,1573,990000.0,500000.0,1000000.0,1.92,7.5,False,"Sanctioned amount ₹1,900,000 is 1.92× the peer median ₹990,000 across 1573 comparable works."
WS/MP18307/2025-2026/180169,ND-WRK-1809,Normal/Others,2025-2026,1900000.0,1573,990000.0,500000.0,1000000.0,1.92,7.5,False,"Sanctioned amount ₹1,900,000 is 1.92× the peer median ₹990,000 across 1573 comparable works."
WS/MP18307/2025-2026/231054,ND-WRK-1818,Normal/Others,2025-2026,1900000.0,1573,990000.0,500000.0,1000000.0,1.92,7.5,False,"Sanctioned amount ₹1,900,000 is 1.92× the peer median ₹990,000 across 1573 comparable works."
WS/MP18307/2025-2026/230980,ND-WRK-1814,Normal/Others,2025-2026,1900000.0,1573,990000.0,500000.0,1000000.0,1.92,7.5,False,"Sanctioned amount ₹1,900,000 is 1.92× the peer median ₹990,000 across 1573 comparable works."
WS/MP18307/2025-2026/262445,ND-WRK-1826,Normal/Others,2025-2026,1900000.0,1573,990000.0,500000.0,1000000.0,1.92,7.5,False,"Sanctioned amount ₹1,900,000 is 1.92× the peer median ₹990,000 across 1573 comparable works."
WS/MP18124/2025-2026/226116,ND-WRK-0899,Normal/Others,2025-2026,1900000.0,1573,990000.0,500000.0,1000000.0,1.92,7.5,False,"Sanctioned amount ₹1,900,000 is 1.92× the peer median ₹990,000 across 1573 comparable works."
WS/MP18124/2025-2026/226117,ND-WRK-0900,Normal/Others,2025-2026,1850000.0,1573,990000.0,500000.0,1000000.0,1.87,5.0,False,"Sanctioned amount ₹1,850,000 is 1.87× the peer median ₹990,000 across 1573 comparable works."
WS/MP18124/2025-2026/226159,ND-WRK-0907,Normal/Others,2025-2026,1850000.0,1573,990000.0,500000.0,1000000.0,1.87,5.0,False,"Sanctioned amount ₹1,850,000 is 1.87× the peer median ₹990,000 across 1573 comparable works."
WS/MP18124/2025-2026/226110,ND-WRK-0898,Normal/Others,2025-2026,1850000.0,1573,990000.0,500000.0,1000000.0,1.87,5.0,False,"Sanctioned amount ₹1,850,000 is 1.87× the peer median ₹990,000 across 1573 comparable works."
WS/MP18119/2026-2027/163438,ND-WRK-0694,Normal/Others,2026-2027,1500000.0,683,1000000.0,700000.0,1000000.0,1.5,4.17,False,"Sanctioned amount ₹1,500,000 is 1.50× the peer median ₹1,000,000 across 683 comparable works."
WS/MP18118/2026-2027/252860,ND-WRK-0639,Normal/Others,2026-2027,1500000.0,683,1000000.0,700000.0,1000000.0,1.5,4.17,False,"Sanctioned amount ₹1,500,000 is 1.50× the peer median ₹1,000,000 across 683 comparable works."
WS/MP18119/2026-2027/163437,ND-WRK-0693,Normal/Others,2026-2027,1500000.0,683,1000000.0,700000.0,1000000.0,1.5,4.17,False,"Sanctioned amount ₹1,500,000 is 1.50× the peer median ₹1,000,000 across 683 comparable works."
WS/MP687/2026-2027/243689,ND-WRK-2377,Normal/Others,2026-2027,1500000.0,683,1000000.0,700000.0,1000000.0,1.5,4.17,False,"Sanctioned amount ₹1,500,000 is 1.50× the peer median ₹1,000,000 across 683 comparable works."
WS/MP18117/2026-2027/263173,ND-WRK-0564,Normal/Others,2026-2027,1500000.0,683,1000000.0,700000.0,1000000.0,1.5,4.17,False,"Sanctioned amount ₹1,500,000 is 1.50× the peer median ₹1,000,000 across 683 comparable works."
WS/MP18127/2026-2027/274220,ND-WRK-1216,Normal/Others,2026-2027,1500000.0,683,1000000.0,700000.0,1000000.0,1.5,4.17,False,"Sanctioned amount ₹1,500,000 is 1.50× the peer median ₹1,000,000 across 683 comparable works."
WS/MP18111/2026-2027/269051,ND-WRK-0136,Normal/Others,2026-2027,1500000.0,683,1000000.0,700000.0,1000000.0,1.5,4.17,False,"Sanctioned amount ₹1,500,000 is 1.50× the peer median ₹1,000,000 across 683 comparable works."
WS/MP18121/2024-2025/163148,ND-WRK-0781,Normal/Others,2024-2025,1500000.0,121,999600.0,700000.0,1000000.0,1.5,4.17,False,"Sanctioned amount ₹1,500,000 is 1.50× the peer median ₹999,600 across 121 comparable works."
WS/MP18116/2026-2027/232199,ND-WRK-0514,Normal/Others,2026-2027,1500000.0,683,1000000.0,700000.0,1000000.0,1.5,4.17,False,"Sanctioned amount ₹1,500,000 is 1.50× the peer median ₹1,000,000 across 683 comparable works."
WS/MP18116/2026-2027/230997,ND-WRK-0512,Normal/Others,2026-2027,1500000.0,683,1000000.0,700000.0,1000000.0,1.5,4.17,False,"Sanctioned amount ₹1,500,000 is 1.50× the peer median ₹1,000,000 across 683 comparable works."
WS/MP18116/2026-2027/230996,ND-WRK-0511,Normal/Others,2026-2027,1500000.0,683,1000000.0,700000.0,1000000.0,1.5,4.17,False,"Sanctioned amount ₹1,500,000 is 1.50× the peer median ₹1,000,000 across 683 comparable works."
WS/MP18122/2024-2025/186311,ND-WRK-0797,Normal/Others,2024-2025,1500000.0,121,999600.0,700000.0,1000000.0,1.5,4.17,False,"Sanctioned amount ₹1,500,000 is 1.50× the peer median ₹999,600 across 121 comparable works."
WS/MP18113/2026-2027/201976,ND-WRK-0321,Normal/Others,2026-2027,1500000.0,683,1000000.0,700000.0,1000000.0,1.5,4.17,False,"Sanctioned amount ₹1,500,000 is 1.50× the peer median ₹1,000,000 across 683 comparable works."
WS/MP18113/2026-2027/193159,ND-WRK-0318,Normal/Others,2026-2027,1500000.0,683,1000000.0,700000.0,1000000.0,1.5,4.17,False,"Sanctioned amount ₹1,500,000 is 1.50× the peer median ₹1,000,000 across 683 comparable works."
WS/MP18123/2026-2027/253333,ND-WRK-0862,Normal/Others,2026-2027,1500000.0,683,1000000.0,700000.0,1000000.0,1.5,4.17,False,"Sanctioned amount ₹1,500,000 is 1.50× the peer median ₹1,000,000 across 683 comparable works."
WS/MP18123/2026-2027/207781,ND-WRK-0844,Normal/Others,2026-2027,1500000.0,683,1000000.0,700000.0,1000000.0,1.5,4.17,False,"Sanctioned amount ₹1,500,000 is 1.50× the peer median ₹1,000,000 across 683 comparable works."
WS/MP18258/2026-2027/183793,ND-WRK-1708,Normal/Others,2026-2027,1500000.0,683,1000000.0,700000.0,1000000.0,1.5,4.17,False,"Sanctioned amount ₹1,500,000 is 1.50× the peer median ₹1,000,000 across 683 comparable works."
WS/MP18112/2024-2025/145333,ND-WRK-0166,Normal/Others,2024-2025,1500000.0,121,999600.0,700000.0,1000000.0,1.5,4.17,False,"Sanctioned amount ₹1,500,000 is 1.50× the peer median ₹999,600 across 121 comparable works."
WS/MP18136/2026-2027/278484,ND-WRK-1700,Normal/Others,2026-2027,1500000.0,683,1000000.0,700000.0,1000000.0,1.5,4.17,False,"Sanctioned amount ₹1,500,000 is 1.50× the peer median ₹1,000,000 across 683 comparable works."
WS/MP18258/2026-2027/183812,ND-WRK-1713,Normal/Others,2026-2027,1500000.0,683,1000000.0,700000.0,1000000.0,1.5,4.17,False,"Sanctioned amount ₹1,500,000 is 1.50× the peer median ₹1,000,000 across 683 comparable works."
WS/MP18258/2026-2027/183805,ND-WRK-1711,Normal/Others,2026-2027,1500000.0,683,1000000.0,700000.0,1000000.0,1.5,4.17,False,"Sanctioned amount ₹1,500,000 is 1.50× the peer median ₹1,000,000 across 683 comparable works."
WS/MP18258/2026-2027/183797,ND-WRK-1709,Normal/Others,2026-2027,1500000.0,683,1000000.0,700000.0,1000000.0,1.5,4.17,False,"Sanctioned amount ₹1,500,000 is 1.50× the peer median ₹1,000,000 across 683 comparable works."
WS/MP18110/2026-2027/263943,ND-WRK-0029,Normal/Others,2026-2027,1500000.0,683,1000000.0,700000.0,1000000.0,1.5,4.17,False,"Sanctioned amount ₹1,500,000 is 1.50× the peer median ₹1,000,000 across 683 comparable works."
WS/MP18112/2024-2025/136532,ND-WRK-0153,Normal/Others,2024-2025,1500000.0,121,999600.0,700000.0,1000000.0,1.5,4.17,False,"Sanctioned amount ₹1,500,000 is 1.50× the peer median ₹999,600 across 121 comparable works."
WS/MP18112/2024-2025/136522,ND-WRK-0152,Normal/Others,2024-2025,1500000.0,121,999600.0,700000.0,1000000.0,1.5,4.17,False,"Sanctioned amount ₹1,500,000 is 1.50× the peer median ₹999,600 across 121 comparable works."
WS/MP18112/2024-2025/136984,ND-WRK-0159,Normal/Others,2024-2025,1500000.0,121,999600.0,700000.0,1000000.0,1.5,4.17,False,"Sanctioned amount ₹1,500,000 is 1.50× the peer median ₹999,600 across 121 comparable works."
WS/MP18111/2026-2027/273187,ND-WRK-0139,Normal/Others,2026-2027,1500000.0,683,1000000.0,700000.0,1000000.0,1.5,4.17,False,"Sanctioned amount ₹1,500,000 is 1.50× the peer median ₹1,000,000 across 683 comparable works."
WS/MP18111/2026-2027/269049,ND-WRK-0135,Normal/Others,2026-2027,1500000.0,683,1000000.0,700000.0,1000000.0,1.5,4.17,False,"Sanctioned amount ₹1,500,000 is 1.50× the peer median ₹1,000,000 across 683 comparable works."
WS/MP18111/2026-2027/188362,ND-WRK-0112,Normal/Others,2026-2027,1500000.0,683,1000000.0,700000.0,1000000.0,1.5,4.17,False,"Sanctioned amount ₹1,500,000 is 1.50× the peer median ₹1,000,000 across 683 comparable works."
WS/MP18429/2026-2027/223209,ND-WRK-2033,Normal/Others,2026-2027,1500000.0,683,1000000.0,700000.0,1000000.0,1.5,4.17,False,"Sanctioned amount ₹1,500,000 is 1.50× the peer median ₹1,000,000 across 683 comparable works."
WS/MP664/2026-2027/146585,ND-WRK-2126,Normal/Others,2026-2027,1500000.0,683,1000000.0,700000.0,1000000.0,1.5,4.17,False,"Sanctioned amount ₹1,500,000 is 1.50× the peer median ₹1,000,000 across 683 comparable works."
WS/MP18110/2026-2027/274347,ND-WRK-0063,Normal/Others,2026-2027,1500000.0,683,1000000.0,700000.0,1000000.0,1.5,4.17,False,"Sanctioned amount ₹1,500,000 is 1.50× the peer median ₹1,000,000 across 683 comparable works."
WS/MP18110/2026-2027/274346,ND-WRK-0062,Normal/Others,2026-2027,1500000.0,683,1000000.0,700000.0,1000000.0,1.5,4.17,False,"Sanctioned amount ₹1,500,000 is 1.50× the peer median ₹1,000,000 across 683 comparable works."
WS/MP18110/2026-2027/274345,ND-WRK-0061,Normal/Others,2026-2027,1500000.0,683,1000000.0,700000.0,1000000.0,1.5,4.17,False,"Sanctioned amount ₹1,500,000 is 1.50× the peer median ₹1,000,000 across 683 comparable works."
WS/MP18110/2026-2027/274344,ND-WRK-0060,Normal/Others,2026-2027,1500000.0,683,1000000.0,700000.0,1000000.0,1.5,4.17,False,"Sanctioned amount ₹1,500,000 is 1.50× the peer median ₹1,000,000 across 683 comparable works."
WS/MP18110/2026-2027/274343,ND-WRK-0059,Normal/Others,2026-2027,1500000.0,683,1000000.0,700000.0,1000000.0,1.5,4.17,False,"Sanctioned amount ₹1,500,000 is 1.50× the peer median ₹1,000,000 across 683 comparable works."
WS/MP18110/2026-2027/274342,ND-WRK-0058,Normal/Others,2026-2027,1500000.0,683,1000000.0,700000.0,1000000.0,1.5,4.17,False,"Sanctioned amount ₹1,500,000 is 1.50× the peer median ₹1,000,000 across 683 comparable works."
WS/MP685/2026-2027/170392,ND-WRK-2316,Normal/Others,2026-2027,1500000.0,683,1000000.0,700000.0,1000000.0,1.5,4.17,False,"Sanctioned amount ₹1,500,000 is 1.50× the peer median ₹1,000,000 across 683 comparable works."
WS/MP18110/2026-2027/263948,ND-WRK-0034,Normal/Others,2026-2027,1500000.0,683,1000000.0,700000.0,1000000.0,1.5,4.17,False,"Sanctioned amount ₹1,500,000 is 1.50× the peer median ₹1,000,000 across 683 comparable works."
WS/MP685/2026-2027/254563,ND-WRK-2331,Normal/Others,2026-2027,1500000.0,683,1000000.0,700000.0,1000000.0,1.5,4.17,False,"Sanctioned amount ₹1,500,000 is 1.50× the peer median ₹1,000,000 across 683 comparable works."
WS/MP687/2026-2027/243661,ND-WRK-2376,Normal/Others,2026-2027,1500000.0,683,1000000.0,700000.0,1000000.0,1.5,4.17,False,"Sanctioned amount ₹1,500,000 is 1.50× the peer median ₹1,000,000 across 683 comparable works."
WS/MP18110/2026-2027/242057,ND-WRK-0022,Normal/Others,2026-2027,1500000.0,683,1000000.0,700000.0,1000000.0,1.5,4.17,False,"Sanctioned amount ₹1,500,000 is 1.50× the peer median ₹1,000,000 across 683 comparable works."
WS/MP687/2026-2027/268170,ND-WRK-2381,Normal/Others,2026-2027,1500000.0,683,1000000.0,700000.0,1000000.0,1.5,4.17,False,"Sanctioned amount ₹1,500,000 is 1.50× the peer median ₹1,000,000 across 683 comparable works."
WS/MP18123/2026-2027/242705,ND-WRK-0860,Normal/Others,2026-2027,1499618.0,683,1000000.0,700000.0,1000000.0,1.5,4.13,False,"Sanctioned amount ₹1,499,618 is 1.50× the peer median ₹1,000,000 across 683 comparable works."
WS/MP18117/2026-2027/164374,ND-WRK-0560,Normal/Others,2026-2027,1499422.0,683,1000000.0,700000.0,1000000.0,1.5,4.12,False,"Sanctioned amount ₹1,499,422 is 1.50× the peer median ₹1,000,000 across 683 comparable works."
WS/MP18126/2026-2027/256579,ND-WRK-1116,Normal/Others,2026-2027,1499000.0,683,1000000.0,700000.0,1000000.0,1.5,4.08,False,"Sanctioned amount ₹1,499,000 is 1.50× the peer median ₹1,000,000 across 683 comparable works."
WS/MP18117/2026-2027/164397,ND-WRK-0562,Normal/Others,2026-2027,1498610.0,683,1000000.0,700000.0,1000000.0,1.5,4.05,False,"Sanctioned amount ₹1,498,610 is 1.50× the peer median ₹1,000,000 across 683 comparable works."
WS/MP681/2024-2025/134802,ND-WRK-2222,Normal/Others,2024-2025,1493920.0,121,999600.0,700000.0,1000000.0,1.49,3.66,False,"Sanctioned amount ₹1,493,920 is 1.49× the peer median ₹999,600 across 121 comparable works."
WS/MP18429/2026-2027/227299,ND-WRK-2038,Normal/Others,2026-2027,1493374.0,683,1000000.0,700000.0,1000000.0,1.49,3.61,False,"Sanctioned amount ₹1,493,374 is 1.49× the peer median ₹1,000,000 across 683 comparable works."
WS/MP18120/2026-2027/218864,ND-WRK-0771,Normal/Others,2026-2027,1493124.0,683,1000000.0,700000.0,1000000.0,1.49,3.59,False,"Sanctioned amount ₹1,493,124 is 1.49× the peer median ₹1,000,000 across 683 comparable works."
WS/MP18127/2026-2027/253700,ND-WRK-1213,Normal/Others,2026-2027,1490000.0,683,1000000.0,700000.0,1000000.0,1.49,3.33,False,"Sanctioned amount ₹1,490,000 is 1.49× the peer median ₹1,000,000 across 683 comparable works."
WS/MP18429/2026-2027/239006,ND-WRK-2040,Normal/Others,2026-2027,1487600.0,683,1000000.0,700000.0,1000000.0,1.49,3.13,False,"Sanctioned amount ₹1,487,600 is 1.49× the peer median ₹1,000,000 across 683 comparable works."
WS/MP18120/2026-2027/190399,ND-WRK-0763,Normal/Others,2026-2027,1487075.0,683,1000000.0,700000.0,1000000.0,1.49,3.09,False,"Sanctioned amount ₹1,487,075 is 1.49× the peer median ₹1,000,000 across 683 comparable works."
WS/MP18124/2025-2026/226155,ND-WRK-0906,Normal/Others,2025-2026,1800000.0,1573,990000.0,500000.0,1000000.0,1.82,2.5,False,"Sanctioned amount ₹1,800,000 is 1.82× the peer median ₹990,000 across 1573 comparable works."
WS/MP18307/2025-2026/180126,ND-WRK-1804,Normal/Others,2025-2026,1800000.0,1573,990000.0,500000.0,1000000.0,1.82,2.5,False,"Sanctioned amount ₹1,800,000 is 1.82× the peer median ₹990,000 across 1573 comparable works."
WS/MP18124/2025-2026/226149,ND-WRK-0904,Normal/Others,2025-2026,1800000.0,1573,990000.0,500000.0,1000000.0,1.82,2.5,False,"Sanctioned amount ₹1,800,000 is 1.82× the peer median ₹990,000 across 1573 comparable works."
WS/MP18308/2025-2026/244673,ND-WRK-1850,Normal/Others,2025-2026,1800000.0,1573,990000.0,500000.0,1000000.0,1.82,2.5,False,"Sanctioned amount ₹1,800,000 is 1.82× the peer median ₹990,000 across 1573 comparable works."
WS/MP18308/2025-2026/145424,ND-WRK-1841,Normal/Others,2025-2026,1800000.0,1573,990000.0,500000.0,1000000.0,1.82,2.5,False,"Sanctioned amount ₹1,800,000 is 1.82× the peer median ₹990,000 across 1573 comparable works."
WS/MP18361/2025-2026/219015,ND-WRK-1931,Normal/Others,2025-2026,1800000.0,1573,990000.0,500000.0,1000000.0,1.82,2.5,False,"Sanctioned amount ₹1,800,000 is 1.82× the peer median ₹990,000 across 1573 comparable works."
WS/MP18124/2025-2026/226103,ND-WRK-0897,Normal/Others,2025-2026,1800000.0,1573,990000.0,500000.0,1000000.0,1.82,2.5,False,"Sanctioned amount ₹1,800,000 is 1.82× the peer median ₹990,000 across 1573 comparable works."
WS/MP664/2025-2026/146368,ND-WRK-2122,Normal/Others,2025-2026,1795410.0,1573,990000.0,500000.0,1000000.0,1.81,2.27,False,"Sanctioned amount ₹1,795,410 is 1.81× the peer median ₹990,000 across 1573 comparable works."
WS/MP18112/2025-2026/233388,ND-WRK-0245,Normal/Others,2025-2026,1200000.0,1573,990000.0,500000.0,1000000.0,1.21,0.0,False,"Sanctioned amount ₹1,200,000 is 1.21× the peer median ₹990,000 across 1573 comparable works."
WS/MP18112/2025-2026/233385,ND-WRK-0244,Normal/Others,2025-2026,1200000.0,1573,990000.0,500000.0,1000000.0,1.21,0.0,False,"Sanctioned amount ₹1,200,000 is 1.21× the peer median ₹990,000 across 1573 comparable works."
WS/MP18112/2025-2026/233382,ND-WRK-0243,Normal/Others,2025-2026,1200000.0,1573,990000.0,500000.0,1000000.0,1.21,0.0,False,"Sanctioned amount ₹1,200,000 is 1.21× the peer median ₹990,000 across 1573 comparable works."
WS/MP18112/2025-2026/233021,ND-WRK-0242,Normal/Others,2025-2026,1000000.0,1573,990000.0,500000.0,1000000.0,1.01,0.0,False,"Sanctioned amount ₹1,000,000 is 1.01× the peer median ₹990,000 across 1573 comparable works."
WS/MP18112/2025-2026/233020,ND-WRK-0241,Normal/Others,2025-2026,1000000.0,1573,990000.0,500000.0,1000000.0,1.01,0.0,False,"Sanctioned amount ₹1,000,000 is 1.01× the peer median ₹990,000 across 1573 comparable works."
WS/MP18112/2025-2026/233019,ND-WRK-0240,Normal/Others,2025-2026,1000000.0,1573,990000.0,500000.0,1000000.0,1.01,0.0,False,"Sanctioned amount ₹1,000,000 is 1.01× the peer median ₹990,000 across 1573 comparable works."
WS/MP18112/2025-2026/233018,ND-WRK-0239,Normal/Others,2025-2026,1000000.0,1573,990000.0,500000.0,1000000.0,1.01,0.0,False,"Sanctioned amount ₹1,000,000 is 1.01× the peer median ₹990,000 across 1573 comparable works."
WS/MP18112/2025-2026/232957,ND-WRK-0238,Normal/Others,2025-2026,1000000.0,1573,990000.0,500000.0,1000000.0,1.01,0.0,False,"Sanctioned amount ₹1,000,000 is 1.01× the peer median ₹990,000 across 1573 comparable works."
WS/MP18112/2025-2026/232683,ND-WRK-0237,Normal/Others,2025-2026,700000.0,1573,990000.0,500000.0,1000000.0,0.71,0.0,False,"Sanctioned amount ₹700,000 is 0.71× the peer median ₹990,000 across 1573 comparable works."
WS/MP18112/2025-2026/217148,ND-WRK-0236,Normal/Others,2025-2026,700000.0,1573,990000.0,500000.0,1000000.0,0.71,0.0,False,"Sanctioned amount ₹700,000 is 0.71× the peer median ₹990,000 across 1573 comparable works."
WS/MP18112/2025-2026/217119,ND-WRK-0235,Normal/Others,2025-2026,700000.0,1573,990000.0,500000.0,1000000.0,0.71,0.0,False,"Sanctioned amount ₹700,000 is 0.71× the peer median ₹990,000 across 1573 comparable works."
WS/MP18112/2025-2026/217118,ND-WRK-0234,Normal/Others,2025-2026,700000.0,1573,990000.0,500000.0,1000000.0,0.71,0.0,False,"Sanctioned amount ₹700,000 is 0.71× the peer median ₹990,000 across 1573 comparable works."
WS/MP18112/2025-2026/243759,ND-WRK-0265,Normal/Others,2025-2026,1000000.0,1573,990000.0,500000.0,1000000.0,1.01,0.0,False,"Sanctioned amount ₹1,000,000 is 1.01× the peer median ₹990,000 across 1573 comparable works."
WS/MP18112/2025-2026/243544,ND-WRK-0264,Normal/Others,2025-2026,1000000.0,1573,990000.0,500000.0,1000000.0,1.01,0.0,False,"Sanctioned amount ₹1,000,000 is 1.01× the peer median ₹990,000 across 1573 comparable works."
WS/MP18112/2025-2026/236489,ND-WRK-0263,Normal/Others,2025-2026,331000.0,1573,990000.0,500000.0,1000000.0,0.33,0.0,False,"Sanctioned amount ₹331,000 is 0.33× the peer median ₹990,000 across 1573 comparable works."
WS/MP18112/2025-2026/236488,ND-WRK-0262,Normal/Others,2025-2026,331000.0,1573,990000.0,500000.0,1000000.0,0.33,0.0,False,"Sanctioned amount ₹331,000 is 0.33× the peer median ₹990,000 across 1573 comparable works."
WS/MP18112/2025-2026/233600,ND-WRK-0261,Normal/Others,2025-2026,331000.0,1573,990000.0,500000.0,1000000.0,0.33,0.0,False,"Sanctioned amount ₹331,000 is 0.33× the peer median ₹990,000 across 1573 comparable works."
WS/MP18112/2025-2026/233599,ND-WRK-0260,Normal/Others,2025-2026,331000.0,1573,990000.0,500000.0,1000000.0,0.33,0.0,False,"Sanctioned amount ₹331,000 is 0.33× the peer median ₹990,000 across 1573 comparable works."
WS/MP18112/2025-2026/233595,ND-WRK-0259,Normal/Others,2025-2026,331000.0,1573,990000.0,500000.0,1000000.0,0.33,0.0,False,"Sanctioned amount ₹331,000 is 0.33× the peer median ₹990,000 across 1573 comparable works."
WS/MP18112/2025-2026/233589,ND-WRK-0258,Normal/Others,2025-2026,331000.0,1573,990000.0,500000.0,1000000.0,0.33,0.0,False,"Sanctioned amount ₹331,000 is 0.33× the peer median ₹990,000 across 1573 comparable works."
WS/MP18112/2025-2026/233588,ND-WRK-0257,Normal/Others,2025-2026,331000.0,1573,990000.0,500000.0,1000000.0,0.33,0.0,False,"Sanctioned amount ₹331,000 is 0.33× the peer median ₹990,000 across 1573 comparable works."
WS/MP18112/2025-2026/233585,ND-WRK-0256,Normal/Others,2025-2026,1000000.0,1573,990000.0,500000.0,1000000.0,1.01,0.0,False,"Sanctioned amount ₹1,000,000 is 1.01× the peer median ₹990,000 across 1573 comparable works."
WS/MP18112/2025-2026/233414,ND-WRK-0255,Normal/Others,2025-2026,1000000.0,1573,990000.0,500000.0,1000000.0,1.01,0.0,False,"Sanctioned amount ₹1,000,000 is 1.01× the peer median ₹990,000 across 1573 comparable works."
WS/MP18112/2025-2026/233413,ND-WRK-0254,Normal/Others,2025-2026,1000000.0,1573,990000.0,500000.0,1000000.0,1.01,0.0,False,"Sanctioned amount ₹1,000,000 is 1.01× the peer median ₹990,000 across 1573 comparable works."
WS/MP18112/2025-2026/233412,ND-WRK-0253,Normal/Others,2025-2026,1000000.0,1573,990000.0,500000.0,1000000.0,1.01,0.0,False,"Sanctioned amount ₹1,000,000 is 1.01× the peer median ₹990,000 across 1573 comparable works."
WS/MP18112/2025-2026/233410,ND-WRK-0252,Normal/Others,2025-2026,1000000.0,1573,990000.0,500000.0,1000000.0,1.01,0.0,False,"Sanctioned amount ₹1,000,000 is 1.01× the peer median ₹990,000 across 1573 comparable works."
WS/MP18112/2025-2026/233407,ND-WRK-0251,Normal/Others,2025-2026,1200000.0,1573,990000.0,500000.0,1000000.0,1.21,0.0,False,"Sanctioned amount ₹1,200,000 is 1.21× the peer median ₹990,000 across 1573 comparable works."
WS/MP18112/2025-2026/233406,ND-WRK-0250,Normal/Others,2025-2026,1200000.0,1573,990000.0,500000.0,1000000.0,1.21,0.0,False,"Sanctioned amount ₹1,200,000 is 1.21× the peer median ₹990,000 across 1573 comparable works."
WS/MP18112/2026-2027/164649,ND-WRK-0281,Normal/Others,2026-2027,500000.0,683,1000000.0,700000.0,1000000.0,0.5,0.0,False,"Sanctioned amount ₹500,000 is 0.50× the peer median ₹1,000,000 across 683 comparable works."
WS/MP18112/2026-2027/164647,ND-WRK-0280,Normal/Others,2026-2027,500000.0,683,1000000.0,700000.0,1000000.0,0.5,0.0,False,"Sanctioned amount ₹500,000 is 0.50× the peer median ₹1,000,000 across 683 comparable works."
WS/MP18112/2025-2026/263214,ND-WRK-0279,Normal/Others,2025-2026,500000.0,1573,990000.0,500000.0,1000000.0,0.51,0.0,False,"Sanctioned amount ₹500,000 is 0.51× the peer median ₹990,000 across 1573 comparable works."
WS/MP18112/2025-2026/259060,ND-WRK-0278,Normal/Others,2025-2026,499000.0,1573,990000.0,500000.0,1000000.0,0.5,0.0,False,"Sanctioned amount ₹499,000 is 0.50× the peer median ₹990,000 across 1573 comparable works."
WS/MP18112/2025-2026/259059,ND-WRK-0277,Normal/Others,2025-2026,479000.0,1573,990000.0,500000.0,1000000.0,0.48,0.0,False,"Sanctioned amount ₹479,000 is 0.48× the peer median ₹990,000 across 1573 comparable works."
WS/MP18112/2025-2026/259047,ND-WRK-0276,Normal/Others,2025-2026,331000.0,1573,990000.0,500000.0,1000000.0,0.33,0.0,False,"Sanctioned amount ₹331,000 is 0.33× the peer median ₹990,000 across 1573 comparable works."
WS/MP18112/2025-2026/258916,ND-WRK-0275,Normal/Others,2025-2026,1000000.0,1573,990000.0,500000.0,1000000.0,1.01,0.0,False,"Sanctioned amount ₹1,000,000 is 1.01× the peer median ₹990,000 across 1573 comparable works."
WS/MP18112/2025-2026/258223,ND-WRK-0274,Normal/Others,2025-2026,1000000.0,1573,990000.0,500000.0,1000000.0,1.01,0.0,False,"Sanctioned amount ₹1,000,000 is 1.01× the peer median ₹990,000 across 1573 comparable works."
WS/MP18112/2025-2026/254671,ND-WRK-0273,Normal/Others,2025-2026,800000.0,1573,990000.0,500000.0,1000000.0,0.81,0.0,False,"Sanctioned amount ₹800,000 is 0.81× the peer median ₹990,000 across 1573 comparable works."
WS/MP18112/2025-2026/254670,ND-WRK-0272,Normal/Others,2025-2026,700000.0,1573,990000.0,500000.0,1000000.0,0.71,0.0,False,"Sanctioned amount ₹700,000 is 0.71× the peer median ₹990,000 across 1573 comparable works."
WS/MP18112/2025-2026/252258,ND-WRK-0271,Normal/Others,2025-2026,300000.0,1573,990000.0,500000.0,1000000.0,0.3,0.0,False,"Sanctioned amount ₹300,000 is 0.30× the peer median ₹990,000 across 1573 comparable works."
WS/MP18112/2025-2026/249991,ND-WRK-0270,Normal/Others,2025-2026,1000000.0,1573,990000.0,500000.0,1000000.0,1.01,0.0,False,"Sanctioned amount ₹1,000,000 is 1.01× the peer median ₹990,000 across 1573 comparable works."
WS/MP18112/2025-2026/249987,ND-WRK-0269,Normal/Others,2025-2026,1000000.0,1573,990000.0,500000.0,1000000.0,1.01,0.0,False,"Sanctioned amount ₹1,000,000 is 1.01× the peer median ₹990,000 across 1573 comparable works."
WS/MP18112/2025-2026/249985,ND-WRK-0268,Normal/Others,2025-2026,1000000.0,1573,990000.0,500000.0,1000000.0,1.01,0.0,False,"Sanctioned amount ₹1,000,000 is 1.01× the peer median ₹990,000 across 1573 comparable works."
WS/MP18112/2025-2026/243768,ND-WRK-0267,Normal/Others,2025-2026,1000000.0,1573,990000.0,500000.0,1000000.0,1.01,0.0,False,"Sanctioned amount ₹1,000,000 is 1.01× the peer median ₹990,000 across 1573 comparable works."
WS/MP18112/2025-2026/243760,ND-WRK-0266,Normal/Others,2025-2026,1000000.0,1573,990000.0,500000.0,1000000.0,1.01,0.0,False,"Sanctioned amount ₹1,000,000 is 1.01× the peer median ₹990,000 across 1573 comparable works."
WS/MP18113/2025-2026/185623,ND-WRK-0299,Normal/Others,2025-2026,1500000.0,1573,990000.0,500000.0,1000000.0,1.52,0.0,False,"Sanctioned amount ₹1,500,000 is 1.52× the peer median ₹990,000 across 1573 comparable works."
WS/MP18113/2025-2026/185622,ND-WRK-0298,Normal/Others,2025-2026,1500000.0,1573,990000.0,500000.0,1000000.0,1.52,0.0,False,"Sanctioned amount ₹1,500,000 is 1.52× the peer median ₹990,000 across 1573 comparable works."
WS/MP18113/2025-2026/185620,ND-WRK-0297,Normal/Others,2025-2026,1472317.0,1573,990000.0,500000.0,1000000.0,1.49,0.0,False,"Sanctioned amount ₹1,472,317 is 1.49× the peer median ₹990,000 across 1573 comparable works."
WS/MP18113/2025-2026/180320,ND-WRK-0296,Normal/Others,2025-2026,974667.0,1573,990000.0,500000.0,1000000.0,0.98,0.0,False,"Sanctioned amount ₹974,667 is 0.98× the peer median ₹990,000 across 1573 comparable works."
WS/MP18113/2025-2026/162518,ND-WRK-0291,Normal/Others,2025-2026,1500000.0,1573,990000.0,500000.0,1000000.0,1.52,0.0,False,"Sanctioned amount ₹1,500,000 is 1.52× the peer median ₹990,000 across 1573 comparable works."
WS/MP18112/2026-2027/276364,ND-WRK-0290,Normal/Others,2026-2027,1000000.0,683,1000000.0,700000.0,1000000.0,1.0,0.0,False,"Sanctioned amount ₹1,000,000 is 1.00× the peer median ₹1,000,000 across 683 comparable works."
WS/MP18112/2026-2027/260381,ND-WRK-0289,Normal/Others,2026-2027,1000000.0,683,1000000.0,700000.0,1000000.0,1.0,0.0,False,"Sanctioned amount ₹1,000,000 is 1.00× the peer median ₹1,000,000 across 683 comparable works."
WS/MP18112/2026-2027/259061,ND-WRK-0288,Normal/Others,2026-2027,1000000.0,683,1000000.0,700000.0,1000000.0,1.0,0.0,False,"Sanctioned amount ₹1,000,000 is 1.00× the peer median ₹1,000,000 across 683 comparable works."
WS/MP18112/2026-2027/252259,ND-WRK-0287,Normal/Others,2026-2027,600000.0,683,1000000.0,700000.0,1000000.0,0.6,0.0,False,"Sanctioned amount ₹600,000 is 0.60× the peer median ₹1,000,000 across 683 comparable works."
WS/MP18112/2026-2027/250002,ND-WRK-0286,Normal/Others,2026-2027,1000000.0,683,1000000.0,700000.0,1000000.0,1.0,0.0,False,"Sanctioned amount ₹1,000,000 is 1.00× the peer median ₹1,000,000 across 683 comparable works."
WS/MP18112/2026-2027/243762,ND-WRK-0285,Normal/Others,2026-2027,1000000.0,683,1000000.0,700000.0,1000000.0,1.0,0.0,False,"Sanctioned amount ₹1,000,000 is 1.00× the peer median ₹1,000,000 across 683 comparable works."
WS/MP18112/2026-2027/233582,ND-WRK-0284,Normal/Others,2026-2027,799000.0,683,1000000.0,700000.0,1000000.0,0.8,0.0,False,"Sanctioned amount ₹799,000 is 0.80× the peer median ₹1,000,000 across 683 comparable works."
WS/MP18112/2026-2027/233579,ND-WRK-0283,Normal/Others,2026-2027,998000.0,683,1000000.0,700000.0,1000000.0,1.0,0.0,False,"Sanctioned amount ₹998,000 is 1.00× the peer median ₹1,000,000 across 683 comparable works."
WS/MP18112/2026-2027/164651,ND-WRK-0282,Normal/Others,2026-2027,500000.0,683,1000000.0,700000.0,1000000.0,0.5,0.0,False,"Sanctioned amount ₹500,000 is 0.50× the peer median ₹1,000,000 across 683 comparable works."
WS/MP18112/2025-2026/200112,ND-WRK-0221,Normal/Others,2025-2026,99000.0,1573,990000.0,500000.0,1000000.0,0.1,0.0,False,"Sanctioned amount ₹99,000 is 0.10× the peer median ₹990,000 across 1573 comparable works."
WS/MP18112/2025-2026/200111,ND-WRK-0220,Normal/Others,2025-2026,99000.0,1573,990000.0,500000.0,1000000.0,0.1,0.0,False,"Sanctioned amount ₹99,000 is 0.10× the peer median ₹990,000 across 1573 comparable works."
WS/MP18112/2025-2026/200109,ND-WRK-0219,Normal/Others,2025-2026,300000.0,1573,990000.0,500000.0,1000000.0,0.3,0.0,False,"Sanctioned amount ₹300,000 is 0.30× the peer median ₹990,000 across 1573 comparable works."
WS/MP18112/2025-2026/200107,ND-WRK-0218,Normal/Others,2025-2026,300000.0,1573,990000.0,500000.0,1000000.0,0.3,0.0,False,"Sanctioned amount ₹300,000 is 0.30× the peer median ₹990,000 across 1573 comparable works."
WS/MP18112/2025-2026/200105,ND-WRK-0217,Normal/Others,2025-2026,500000.0,1573,990000.0,500000.0,1000000.0,0.51,0.0,False,"Sanctioned amount ₹500,000 is 0.51× the peer median ₹990,000 across 1573 comparable works."
WS/MP18112/2025-2026/200103,ND-WRK-0216,Normal/Others,2025-2026,1500000.0,1573,990000.0,500000.0,1000000.0,1.52,0.0,False,"Sanctioned amount ₹1,500,000 is 1.52× the peer median ₹990,000 across 1573 comparable works."
WS/MP18112/2025-2026/199856,ND-WRK-0215,Normal/Others,2025-2026,800000.0,1573,990000.0,500000.0,1000000.0,0.81,0.0,False,"Sanctioned amount ₹800,000 is 0.81× the peer median ₹990,000 across 1573 comparable works."
WS/MP18112/2025-2026/199855,ND-WRK-0214,Normal/Others,2025-2026,1000000.0,1573,990000.0,500000.0,1000000.0,1.01,0.0,False,"Sanctioned amount ₹1,000,000 is 1.01× the peer median ₹990,000 across 1573 comparable works."
WS/MP18112/2025-2026/199853,ND-WRK-0213,Normal/Others,2025-2026,960000.0,1573,990000.0,500000.0,1000000.0,0.97,0.0,False,"Sanctioned amount ₹960,000 is 0.97× the peer median ₹990,000 across 1573 comparable works."
WS/MP18112/2025-2026/194085,ND-WRK-0212,Trust and Society,2025-2026,1000000.0,17,1000000.0,1000000.0,2500000.0,1.0,0.0,False,"Sanctioned amount ₹1,000,000 is 1.00× the peer median ₹1,000,000 across 17 comparable works."
WS/MP18112/2025-2026/193779,ND-WRK-0211,Trust and Society,2025-2026,2500000.0,17,1000000.0,1000000.0,2500000.0,2.5,0.0,False,"Sanctioned amount ₹2,500,000 is 2.50× the peer median ₹1,000,000 across 17 comparable works."
WS/MP18112/2025-2026/189777,ND-WRK-0210,Normal/Others,2025-2026,800000.0,1573,990000.0,500000.0,1000000.0,0.81,0.0,False,"Sanctioned amount ₹800,000 is 0.81× the peer median ₹990,000 across 1573 comparable works."
WS/MP18112/2025-2026/189005,ND-WRK-0209,Normal/Others,2025-2026,1000000.0,1573,990000.0,500000.0,1000000.0,1.01,0.0,False,"Sanctioned amount ₹1,000,000 is 1.01× the peer median ₹990,000 across 1573 comparable works."
WS/MP18113/2025-2026/193132,ND-WRK-0304,Normal/Others,2025-2026,992820.0,1573,990000.0,500000.0,1000000.0,1.0,0.0,False,"Sanctioned amount ₹992,820 is 1.00× the peer median ₹990,000 across 1573 comparable works."
WS/MP18113/2025-2026/193125,ND-WRK-0303,Normal/Others,2025-2026,1000000.0,1573,990000.0,500000.0,1000000.0,1.01,0.0,False,"Sanctioned amount ₹1,000,000 is 1.01× the peer median ₹990,000 across 1573 comparable works."
WS/MP18113/2025-2026/192641,ND-WRK-0302,Normal/Others,2025-2026,994542.0,1573,990000.0,500000.0,1000000.0,1.0,0.0,False,"Sanctioned amount ₹994,542 is 1.00× the peer median ₹990,000 across 1573 comparable works."
WS/MP18113/2026-2027/193160,ND-WRK-0319,Normal/Others,2026-2027,1000000.0,683,1000000.0,700000.0,1000000.0,1.0,0.0,False,"Sanctioned amount ₹1,000,000 is 1.00× the peer median ₹1,000,000 across 683 comparable works."
WS/MP18113/2025-2026/226276,ND-WRK-0317,Normal/Others,2025-2026,993562.0,1573,990000.0,500000.0,1000000.0,1.0,0.0,False,"Sanctioned amount ₹993,562 is 1.00× the peer median ₹990,000 across 1573 comparable works."
WS/MP18113/2025-2026/226274,ND-WRK-0316,Normal/Others,2025-2026,1000000.0,1573,990000.0,500000.0,1000000.0,1.01,0.0,False,"Sanctioned amount ₹1,000,000 is 1.01× the peer median ₹990,000 across 1573 comparable works."
WS/MP18113/2025-2026/226247,ND-WRK-0315,Normal/Others,2025-2026,1500000.0,1573,990000.0,500000.0,1000000.0,1.52,0.0,False,"Sanctioned amount ₹1,500,000 is 1.52× the peer median ₹990,000 across 1573 comparable works."
WS/MP18113/2025-2026/219691,ND-WRK-0314,Normal/Others,2025-2026,1000000.0,1573,990000.0,500000.0,1000000.0,1.01,0.0,False,"Sanctioned amount ₹1,000,000 is 1.01× the peer median ₹990,000 across 1573 comparable works."
WS/MP18113/2025-2026/219666,ND-WRK-0313,Normal/Others,2025-2026,993175.0,1573,990000.0,500000.0,1000000.0,1.0,0.0,False,"Sanctioned amount ₹993,175 is 1.00× the peer median ₹990,000 across 1573 comparable works."
WS/MP18113/2025-2026/219638,ND-WRK-0312,Normal/Others,2025-2026,1500000.0,1573,990000.0,500000.0,1000000.0,1.52,0.0,False,"Sanctioned amount ₹1,500,000 is 1.52× the peer median ₹990,000 across 1573 comparable works."
WS/MP18113/2025-2026/219628,ND-WRK-0311,Normal/Others,2025-2026,989730.0,1573,990000.0,500000.0,1000000.0,1.0,0.0,False,"Sanctioned amount ₹989,730 is 1.00× the peer median ₹990,000 across 1573 comparable works."
WS/MP18113/2025-2026/202192,ND-WRK-0310,Normal/Others,2025-2026,1000000.0,1573,990000.0,500000.0,1000000.0,1.01,0.0,False,"Sanctioned amount ₹1,000,000 is 1.01× the peer median ₹990,000 across 1573 comparable works."
WS/MP18113/2025-2026/202118,ND-WRK-0309,Normal/Others,2025-2026,1499882.0,1573,990000.0,500000.0,1000000.0,1.52,0.0,False,"Sanctioned amount ₹1,499,882 is 1.52× the peer median ₹990,000 across 1573 comparable works."
WS/MP18113/2025-2026/197037,ND-WRK-0308,Normal/Others,2025-2026,998112.0,1573,990000.0,500000.0,1000000.0,1.01,0.0,False,"Sanctioned amount ₹998,112 is 1.01× the peer median ₹990,000 across 1573 comparable works."
WS/MP18112/2025-2026/200117,ND-WRK-0224,Normal/Others,2025-2026,99000.0,1573,990000.0,500000.0,1000000.0,0.1,0.0,False,"Sanctioned amount ₹99,000 is 0.10× the peer median ₹990,000 across 1573 comparable works."
WS/MP18112/2025-2026/200115,ND-WRK-0223,Normal/Others,2025-2026,500000.0,1573,990000.0,500000.0,1000000.0,0.51,0.0,False,"Sanctioned amount ₹500,000 is 0.51× the peer median ₹990,000 across 1573 comparable works."
WS/MP18112/2025-2026/200113,ND-WRK-0222,Normal/Others,2025-2026,99000.0,1573,990000.0,500000.0,1000000.0,0.1,0.0,False,"Sanctioned amount ₹99,000 is 0.10× the peer median ₹990,000 across 1573 comparable works."
WS/MP18114/2025-2026/157450,ND-WRK-0336,Normal/Others,2025-2026,995532.0,1573,990000.0,500000.0,1000000.0,1.01,0.0,False,"Sanctioned amount ₹995,532 is 1.01× the peer median ₹990,000 across 1573 comparable works."
WS/MP18114/2025-2026/157447,ND-WRK-0335,Normal/Others,2025-2026,995218.0,1573,990000.0,500000.0,1000000.0,1.01,0.0,False,"Sanctioned amount ₹995,218 is 1.01× the peer median ₹990,000 across 1573 comparable works."
WS/MP18114/2025-2026/157446,ND-WRK-0334,Normal/Others,2025-2026,994001.0,1573,990000.0,500000.0,1000000.0,1.0,0.0,False,"Sanctioned amount ₹994,001 is 1.00× the peer median ₹990,000 across 1573 comparable works."
WS/MP18114/2025-2026/157440,ND-WRK-0333,Normal/Others,2025-2026,999084.0,1573,990000.0,500000.0,1000000.0,1.01,0.0,False,"Sanctioned amount ₹999,084 is 1.01× the peer median ₹990,000 across 1573 comparable works."
WS/MP18114/2025-2026/157438,ND-WRK-0332,Normal/Others,2025-2026,1000000.0,1573,990000.0,500000.0,1000000.0,1.01,0.0,False,"Sanctioned amount ₹1,000,000 is 1.01× the peer median ₹990,000 across 1573 comparable works."
WS/MP18114/2025-2026/157437,ND-WRK-0331,Normal/Others,2025-2026,1000000.0,1573,990000.0,500000.0,1000000.0,1.01,0.0,False,"Sanctioned amount ₹1,000,000 is 1.01× the peer median ₹990,000 across 1573 comparable works."
WS/MP18114/2025-2026/157436,ND-WRK-0330,Normal/Others,2025-2026,900000.0,1573,990000.0,500000.0,1000000.0,0.91,0.0,False,"Sanctioned amount ₹900,000 is 0.91× the peer median ₹990,000 across 1573 comparable works."
WS/MP18113/2026-2027/247450,ND-WRK-0329,Normal/Others,2026-2027,1000000.0,683,1000000.0,700000.0,1000000.0,1.0,0.0,False,"Sanctioned amount ₹1,000,000 is 1.00× the peer median ₹1,000,000 across 683 comparable works."
WS/MP18113/2026-2027/247243,ND-WRK-0328,Normal/Others,2026-2027,1000000.0,683,1000000.0,700000.0,1000000.0,1.0,0.0,False,"Sanctioned amount ₹1,000,000 is 1.00× the peer median ₹1,000,000 across 683 comparable works."
WS/MP18113/2026-2027/226267,ND-WRK-0326,Normal/Others,2026-2027,1000000.0,683,1000000.0,700000.0,1000000.0,1.0,0.0,False,"Sanctioned amount ₹1,000,000 is 1.00× the peer median ₹1,000,000 across 683 comparable works."
WS/MP18113/2026-2027/226266,ND-WRK-0325,Normal/Others,2026-2027,1000000.0,683,1000000.0,700000.0,1000000.0,1.0,0.0,False,"Sanctioned amount ₹1,000,000 is 1.00× the peer median ₹1,000,000 across 683 comparable works."
WS/MP18113/2026-2027/226249,ND-WRK-0324,Normal/Others,2026-2027,1000000.0,683,1000000.0,700000.0,1000000.0,1.0,0.0,False,"Sanctioned amount ₹1,000,000 is 1.00× the peer median ₹1,000,000 across 683 comparable works."
WS/MP18113/2026-2027/202193,ND-WRK-0323,Normal/Others,2026-2027,1000000.0,683,1000000.0,700000.0,1000000.0,1.0,0.0,False,"Sanctioned amount ₹1,000,000 is 1.00× the peer median ₹1,000,000 across 683 comparable works."
WS/MP18113/2026-2027/202128,ND-WRK-0322,Normal/Others,2026-2027,1000000.0,683,1000000.0,700000.0,1000000.0,1.0,0.0,False,"Sanctioned amount ₹1,000,000 is 1.00× the peer median ₹1,000,000 across 683 comparable works."
WS/MP18113/2026-2027/193162,ND-WRK-0320,Normal/Others,2026-2027,1000000.0,683,1000000.0,700000.0,1000000.0,1.0,0.0,False,"Sanctioned amount ₹1,000,000 is 1.00× the peer median ₹1,000,000 across 683 comparable works."
WS/MP18114/2025-2026/157658,ND-WRK-0352,Normal/Others,2025-2026,898526.0,1573,990000.0,500000.0,1000000.0,0.91,0.0,False,"Sanctioned amount ₹898,526 is 0.91× the peer median ₹990,000 across 1573 comparable works."
WS/MP18114/2025-2026/157656,ND-WRK-0351,Normal/Others,2025-2026,896192.0,1573,990000.0,500000.0,1000000.0,0.91,0.0,False,"Sanctioned amount ₹896,192 is 0.91× the peer median ₹990,000 across 1573 comparable works."
WS/MP18114/2025-2026/157634,ND-WRK-0350,Normal/Others,2025-2026,1000000.0,1573,990000.0,500000.0,1000000.0,1.01,0.0,False,"Sanctioned amount ₹1,000,000 is 1.01× the peer median ₹990,000 across 1573 comparable works."
WS/MP18114/2025-2026/157622,ND-WRK-0349,Normal/Others,2025-2026,994717.0,1573,990000.0,500000.0,1000000.0,1.0,0.0,False,"Sanctioned amount ₹994,717 is 1.00× the peer median ₹990,000 across 1573 comparable works."
WS/MP18114/2025-2026/157616,ND-WRK-0348,Normal/Others,2025-2026,1000000.0,1573,990000.0,500000.0,1000000.0,1.01,0.0,False,"Sanctioned amount ₹1,000,000 is 1.01× the peer median ₹990,000 across 1573 comparable works."
WS/MP18114/2025-2026/157610,ND-WRK-0347,Normal/Others,2025-2026,1000000.0,1573,990000.0,500000.0,1000000.0,1.01,0.0,False,"Sanctioned amount ₹1,000,000 is 1.01× the peer median ₹990,000 across 1573 comparable works."
WS/MP18114/2025-2026/157606,ND-WRK-0346,Normal/Others,2025-2026,1000000.0,1573,990000.0,500000.0,1000000.0,1.01,0.0,False,"Sanctioned amount ₹1,000,000 is 1.01× the peer median ₹990,000 across 1573 comparable works."
WS/MP18114/2025-2026/157545,ND-WRK-0345,Normal/Others,2025-2026,1000000.0,1573,990000.0,500000.0,1000000.0,1.01,0.0,False,"Sanctioned amount ₹1,000,000 is 1.01× the peer median ₹990,000 across 1573 comparable works."
WS/MP18114/2025-2026/157541,ND-WRK-0344,Normal/Others,2025-2026,1000000.0,1573,990000.0,500000.0,1000000.0,1.01,0.0,False,"Sanctioned amount ₹1,000,000 is 1.01× the peer median ₹990,000 across 1573 comparable works."
WS/MP18114/2025-2026/157492,ND-WRK-0343,Normal/Others,2025-2026,1000000.0,1573,990000.0,500000.0,1000000.0,1.01,0.0,False,"Sanctioned amount ₹1,000,000 is 1.01× the peer median ₹990,000 across 1573 comparable works."
WS/MP18114/2025-2026/157481,ND-WRK-0342,Normal/Others,2025-2026,1000000.0,1573,990000.0,500000.0,1000000.0,1.01,0.0,False,"Sanctioned amount ₹1,000,000 is 1.01× the peer median ₹990,000 across 1573 comparable works."
WS/MP18114/2025-2026/157479,ND-WRK-0341,Normal/Others,2025-2026,699468.0,1573,990000.0,500000.0,1000000.0,0.71,0.0,False,"Sanctioned amount ₹699,468 is 0.71× the peer median ₹990,000 across 1573 comparable works."
WS/MP18114/2025-2026/157475,ND-WRK-0340,Normal/Others,2025-2026,998532.0,1573,990000.0,500000.0,1000000.0,1.01,0.0,False,"Sanctioned amount ₹998,532 is 1.01× the peer median ₹990,000 across 1573 comparable works."
WS/MP18114/2025-2026/157456,ND-WRK-0339,Normal/Others,2025-2026,995370.0,1573,990000.0,500000.0,1000000.0,1.01,0.0,False,"Sanctioned amount ₹995,370 is 1.01× the peer median ₹990,000 across 1573 comparable works."
WS/MP18114/2025-2026/157454,ND-WRK-0338,Normal/Others,2025-2026,1000000.0,1573,990000.0,500000.0,1000000.0,1.01,0.0,False,"Sanctioned amount ₹1,000,000 is 1.01× the peer median ₹990,000 across 1573 comparable works."
WS/MP18114/2025-2026/157452,ND-WRK-0337,Normal/Others,2025-2026,997293.0,1573,990000.0,500000.0,1000000.0,1.01,0.0,False,"Sanctioned amount ₹997,293 is 1.01× the peer median ₹990,000 across 1573 comparable works."
WS/MP18114/2026-2027/247799,ND-WRK-0368,Normal/Others,2026-2027,1000000.0,683,1000000.0,700000.0,1000000.0,1.0,0.0,False,"Sanctioned amount ₹1,000,000 is 1.00× the peer median ₹1,000,000 across 683 comparable works."
WS/MP18114/2026-2027/247796,ND-WRK-0367,Normal/Others,2026-2027,1000000.0,683,1000000.0,700000.0,1000000.0,1.0,0.0,False,"Sanctioned amount ₹1,000,000 is 1.00× the peer median ₹1,000,000 across 683 comparable works."
WS/MP18114/2026-2027/227498,ND-WRK-0366,Normal/Others,2026-2027,1000000.0,683,1000000.0,700000.0,1000000.0,1.0,0.0,False,"Sanctioned amount ₹1,000,000 is 1.00× the peer median ₹1,000,000 across 683 comparable works."
WS/MP18114/2026-2027/227497,ND-WRK-0365,Normal/Others,2026-2027,1000000.0,683,1000000.0,700000.0,1000000.0,1.0,0.0,False,"Sanctioned amount ₹1,000,000 is 1.00× the peer median ₹1,000,000 across 683 comparable works."
WS/MP18114/2026-2027/227487,ND-WRK-0364,Normal/Others,2026-2027,1000000.0,683,1000000.0,700000.0,1000000.0,1.0,0.0,False,"Sanctioned amount ₹1,000,000 is 1.00× the peer median ₹1,000,000 across 683 comparable works."
WS/MP18114/2026-2027/227486,ND-WRK-0363,Normal/Others,2026-2027,1000000.0,683,1000000.0,700000.0,1000000.0,1.0,0.0,False,"Sanctioned amount ₹1,000,000 is 1.00× the peer median ₹1,000,000 across 683 comparable works."
WS/MP18114/2026-2027/157654,ND-WRK-0362,Normal/Others,2026-2027,1000000.0,683,1000000.0,700000.0,1000000.0,1.0,0.0,False,"Sanctioned amount ₹1,000,000 is 1.00× the peer median ₹1,000,000 across 683 comparable works."
WS/MP18114/2026-2027/157648,ND-WRK-0361,Normal/Others,2026-2027,1000000.0,683,1000000.0,700000.0,1000000.0,1.0,0.0,False,"Sanctioned amount ₹1,000,000 is 1.00× the peer median ₹1,000,000 across 683 comparable works."
WS/MP18114/2026-2027/157647,ND-WRK-0360,Normal/Others,2026-2027,1000000.0,683,1000000.0,700000.0,1000000.0,1.0,0.0,False,"Sanctioned amount ₹1,000,000 is 1.00× the peer median ₹1,000,000 across 683 comparable works."
WS/MP18114/2026-2027/157625,ND-WRK-0359,Normal/Others,2026-2027,1000000.0,683,1000000.0,700000.0,1000000.0,1.0,0.0,False,"Sanctioned amount ₹1,000,000 is 1.00× the peer median ₹1,000,000 across 683 comparable works."
WS/MP18114/2026-2027/157612,ND-WRK-0358,Normal/Others,2026-2027,700000.0,683,1000000.0,700000.0,1000000.0,0.7,0.0,False,"Sanctioned amount ₹700,000 is 0.70× the peer median ₹1,000,000 across 683 comparable works."
WS/MP18114/2026-2027/157491,ND-WRK-0357,Normal/Others,2026-2027,1000000.0,683,1000000.0,700000.0,1000000.0,1.0,0.0,False,"Sanctioned amount ₹1,000,000 is 1.00× the peer median ₹1,000,000 across 683 comparable works."
WS/MP18114/2026-2027/157453,ND-WRK-0356,Normal/Others,2026-2027,997213.0,683,1000000.0,700000.0,1000000.0,1.0,0.0,False,"Sanctioned amount ₹997,213 is 1.00× the peer median ₹1,000,000 across 683 comparable works."
WS/MP18114/2025-2026/166011,ND-WRK-0355,Normal/Others,2025-2026,1000000.0,1573,990000.0,500000.0,1000000.0,1.01,0.0,False,"Sanctioned amount ₹1,000,000 is 1.01× the peer median ₹990,000 across 1573 comparable works."
WS/MP18114/2025-2026/166009,ND-WRK-0354,Normal/Others,2025-2026,1000000.0,1573,990000.0,500000.0,1000000.0,1.01,0.0,False,"Sanctioned amount ₹1,000,000 is 1.01× the peer median ₹990,000 across 1573 comparable works."
WS/MP18114/2025-2026/166003,ND-WRK-0353,Normal/Others,2025-2026,1000000.0,1573,990000.0,500000.0,1000000.0,1.01,0.0,False,"Sanctioned amount ₹1,000,000 is 1.01× the peer median ₹990,000 across 1573 comparable works."
WS/MP18115/2025-2026/189409,ND-WRK-0384,Normal/Others,2025-2026,700000.0,1573,990000.0,500000.0,1000000.0,0.71,0.0,False,"Sanctioned amount ₹700,000 is 0.71× the peer median ₹990,000 across 1573 comparable works."
WS/MP18115/2025-2026/188849,ND-WRK-0383,Normal/Others,2025-2026,1000000.0,1573,990000.0,500000.0,1000000.0,1.01,0.0,False,"Sanctioned amount ₹1,000,000 is 1.01× the peer median ₹990,000 across 1573 comparable works."
WS/MP18115/2025-2026/186739,ND-WRK-0382,Normal/Others,2025-2026,1000000.0,1573,990000.0,500000.0,1000000.0,1.01,0.0,False,"Sanctioned amount ₹1,000,000 is 1.01× the peer median ₹990,000 across 1573 comparable works."
WS/MP18115/2025-2026/186735,ND-WRK-0381,Normal/Others,2025-2026,700000.0,1573,990000.0,500000.0,1000000.0,0.71,0.0,False,"Sanctioned amount ₹700,000 is 0.71× the peer median ₹990,000 across 1573 comparable works."
WS/MP18115/2025-2026/186731,ND-WRK-0380,Normal/Others,2025-2026,700000.0,1573,990000.0,500000.0,1000000.0,0.71,0.0,False,"Sanctioned amount ₹700,000 is 0.71× the peer median ₹990,000 across 1573 comparable works."
WS/MP18115/2025-2026/186727,ND-WRK-0379,Normal/Others,2025-2026,700000.0,1573,990000.0,500000.0,1000000.0,0.71,0.0,False,"Sanctioned amount ₹700,000 is 0.71× the peer median ₹990,000 across 1573 comparable works."
WS/MP18115/2025-2026/186718,ND-WRK-0378,Normal/Others,2025-2026,1000000.0,1573,990000.0,500000.0,1000000.0,1.01,0.0,False,"Sanctioned amount ₹1,000,000 is 1.01× the peer median ₹990,000 across 1573 comparable works."
WS/MP18115/2025-2026/186646,ND-WRK-0377,Normal/Others,2025-2026,700000.0,1573,990000.0,500000.0,1000000.0,0.71,0.0,False,"Sanctioned amount ₹700,000 is 0.71× the peer median ₹990,000 across 1573 comparable works."
WS/MP18115/2025-2026/186494,ND-WRK-0376,Normal/Others,2025-2026,497428.0,1573,990000.0,500000.0,1000000.0,0.5,0.0,False,"Sanctioned amount ₹497,428 is 0.50× the peer median ₹990,000 across 1573 comparable works."
WS/MP18115/2025-2026/186488,ND-WRK-0375,Normal/Others,2025-2026,687408.0,1573,990000.0,500000.0,1000000.0,0.69,0.0,False,"Sanctioned amount ₹687,408 is 0.69× the peer median ₹990,000 across 1573 comparable works."
WS/MP18115/2025-2026/186476,ND-WRK-0374,Normal/Others,2025-2026,697396.0,1573,990000.0,500000.0,1000000.0,0.7,0.0,False,"Sanctioned amount ₹697,396 is 0.70× the peer median ₹990,000 across 1573 comparable works."
WS/MP18115/2025-2026/186471,ND-WRK-0373,Normal/Others,2025-2026,697787.0,1573,990000.0,500000.0,1000000.0,0.7,0.0,False,"Sanctioned amount ₹697,787 is 0.70× the peer median ₹990,000 across 1573 comparable works."
WS/MP18115/2025-2026/186458,ND-WRK-0372,Normal/Others,2025-2026,697398.0,1573,990000.0,500000.0,1000000.0,0.7,0.0,False,"Sanctioned amount ₹697,398 is 0.70× the peer median ₹990,000 across 1573 comparable works."
WS/MP18114/2026-2027/247816,ND-WRK-0371,Normal/Others,2026-2027,1000000.0,683,1000000.0,700000.0,1000000.0,1.0,0.0,False,"Sanctioned amount ₹1,000,000 is 1.00× the peer median ₹1,000,000 across 683 comparable works."
WS/MP18114/2026-2027/247814,ND-WRK-0370,Normal/Others,2026-2027,1000000.0,683,1000000.0,700000.0,1000000.0,1.0,0.0,False,"Sanctioned amount ₹1,000,000 is 1.00× the peer median ₹1,000,000 across 683 comparable works."
WS/MP18114/2026-2027/247802,ND-WRK-0369,Normal/Others,2026-2027,1000000.0,683,1000000.0,700000.0,1000000.0,1.0,0.0,False,"Sanctioned amount ₹1,000,000 is 1.00× the peer median ₹1,000,000 across 683 comparable works."
WS/MP18115/2026-2027/186492,ND-WRK-0400,Normal/Others,2026-2027,700000.0,683,1000000.0,700000.0,1000000.0,0.7,0.0,False,"Sanctioned amount ₹700,000 is 0.70× the peer median ₹1,000,000 across 683 comparable works."
WS/MP18115/2026-2027/186475,ND-WRK-0399,Normal/Others,2026-2027,700000.0,683,1000000.0,700000.0,1000000.0,0.7,0.0,False,"Sanctioned amount ₹700,000 is 0.70× the peer median ₹1,000,000 across 683 comparable works."
WS/MP18115/2026-2027/186459,ND-WRK-0398,Normal/Others,2026-2027,1000000.0,683,1000000.0,700000.0,1000000.0,1.0,0.0,False,"Sanctioned amount ₹1,000,000 is 1.00× the peer median ₹1,000,000 across 683 comparable works."
WS/MP18115/2026-2027/186454,ND-WRK-0397,Normal/Others,2026-2027,700000.0,683,1000000.0,700000.0,1000000.0,0.7,0.0,False,"Sanctioned amount ₹700,000 is 0.70× the peer median ₹1,000,000 across 683 comparable works."
WS/MP18115/2026-2027/186442,ND-WRK-0396,Normal/Others,2026-2027,700000.0,683,1000000.0,700000.0,1000000.0,0.7,0.0,False,"Sanctioned amount ₹700,000 is 0.70× the peer median ₹1,000,000 across 683 comparable works."
WS/MP18115/2026-2027/186439,ND-WRK-0395,Normal/Others,2026-2027,700000.0,683,1000000.0,700000.0,1000000.0,0.7,0.0,False,"Sanctioned amount ₹700,000 is 0.70× the peer median ₹1,000,000 across 683 comparable works."
WS/MP18115/2026-2027/186437,ND-WRK-0394,Normal/Others,2026-2027,700000.0,683,1000000.0,700000.0,1000000.0,0.7,0.0,False,"Sanctioned amount ₹700,000 is 0.70× the peer median ₹1,000,000 across 683 comparable works."
WS/MP18115/2026-2027/186434,ND-WRK-0393,Normal/Others,2026-2027,700000.0,683,1000000.0,700000.0,1000000.0,0.7,0.0,False,"Sanctioned amount ₹700,000 is 0.70× the peer median ₹1,000,000 across 683 comparable works."
WS/MP18115/2026-2027/186433,ND-WRK-0392,Normal/Others,2026-2027,700000.0,683,1000000.0,700000.0,1000000.0,0.7,0.0,False,"Sanctioned amount ₹700,000 is 0.70× the peer median ₹1,000,000 across 683 comparable works."
WS/MP18115/2026-2027/186428,ND-WRK-0391,Normal/Others,2026-2027,700000.0,683,1000000.0,700000.0,1000000.0,0.7,0.0,False,"Sanctioned amount ₹700,000 is 0.70× the peer median ₹1,000,000 across 683 comparable works."
WS/MP18115/2026-2027/186422,ND-WRK-0390,Normal/Others,2026-2027,700000.0,683,1000000.0,700000.0,1000000.0,0.7,0.0,False,"Sanctioned amount ₹700,000 is 0.70× the peer median ₹1,000,000 across 683 comparable works."
WS/MP18115/2026-2027/186414,ND-WRK-0389,Normal/Others,2026-2027,694967.0,683,1000000.0,700000.0,1000000.0,0.69,0.0,False,"Sanctioned amount ₹694,967 is 0.69× the peer median ₹1,000,000 across 683 comparable works."
WS/MP18115/2025-2026/228265,ND-WRK-0388,Normal/Others,2025-2026,500000.0,1573,990000.0,500000.0,1000000.0,0.51,0.0,False,"Sanctioned amount ₹500,000 is 0.51× the peer median ₹990,000 across 1573 comparable works."
WS/MP18115/2025-2026/228264,ND-WRK-0387,Normal/Others,2025-2026,700000.0,1573,990000.0,500000.0,1000000.0,0.71,0.0,False,"Sanctioned amount ₹700,000 is 0.71× the peer median ₹990,000 across 1573 comparable works."
WS/MP18115/2025-2026/228263,ND-WRK-0386,Normal/Others,2025-2026,700000.0,1573,990000.0,500000.0,1000000.0,0.71,0.0,False,"Sanctioned amount ₹700,000 is 0.71× the peer median ₹990,000 across 1573 comparable works."
WS/MP18115/2025-2026/189432,ND-WRK-0385,Normal/Others,2025-2026,700000.0,1573,990000.0,500000.0,1000000.0,0.71,0.0,False,"Sanctioned amount ₹700,000 is 0.71× the peer median ₹990,000 across 1573 comparable works."
WS/MP18115/2026-2027/278513,ND-WRK-0416,Normal/Others,2026-2027,700000.0,683,1000000.0,700000.0,1000000.0,0.7,0.0,False,"Sanctioned amount ₹700,000 is 0.70× the peer median ₹1,000,000 across 683 comparable works."
WS/MP18115/2026-2027/278508,ND-WRK-0415,Normal/Others,2026-2027,700000.0,683,1000000.0,700000.0,1000000.0,0.7,0.0,False,"Sanctioned amount ₹700,000 is 0.70× the peer median ₹1,000,000 across 683 comparable works."
WS/MP18115/2026-2027/278506,ND-WRK-0414,Normal/Others,2026-2027,1000000.0,683,1000000.0,700000.0,1000000.0,1.0,0.0,False,"Sanctioned amount ₹1,000,000 is 1.00× the peer median ₹1,000,000 across 683 comparable works."
WS/MP18115/2026-2027/278498,ND-WRK-0413,Normal/Others,2026-2027,1000000.0,683,1000000.0,700000.0,1000000.0,1.0,0.0,False,"Sanctioned amount ₹1,000,000 is 1.00× the peer median ₹1,000,000 across 683 comparable works."
WS/MP18115/2026-2027/278489,ND-WRK-0412,Normal/Others,2026-2027,1000000.0,683,1000000.0,700000.0,1000000.0,1.0,0.0,False,"Sanctioned amount ₹1,000,000 is 1.00× the peer median ₹1,000,000 across 683 comparable works."
WS/MP18115/2026-2027/268145,ND-WRK-0411,Normal/Others,2026-2027,1000000.0,683,1000000.0,700000.0,1000000.0,1.0,0.0,False,"Sanctioned amount ₹1,000,000 is 1.00× the peer median ₹1,000,000 across 683 comparable works."
WS/MP18115/2026-2027/268142,ND-WRK-0410,Normal/Others,2026-2027,1000000.0,683,1000000.0,700000.0,1000000.0,1.0,0.0,False,"Sanctioned amount ₹1,000,000 is 1.00× the peer median ₹1,000,000 across 683 comparable works."
WS/MP18115/2026-2027/186725,ND-WRK-0409,Normal/Others,2026-2027,1000000.0,683,1000000.0,700000.0,1000000.0,1.0,0.0,False,"Sanctioned amount ₹1,000,000 is 1.00× the peer median ₹1,000,000 across 683 comparable works."
WS/MP18115/2026-2027/186723,ND-WRK-0408,Normal/Others,2026-2027,1000000.0,683,1000000.0,700000.0,1000000.0,1.0,0.0,False,"Sanctioned amount ₹1,000,000 is 1.00× the peer median ₹1,000,000 across 683 comparable works."
WS/MP18115/2026-2027/186720,ND-WRK-0407,Normal/Others,2026-2027,700000.0,683,1000000.0,700000.0,1000000.0,0.7,0.0,False,"Sanctioned amount ₹700,000 is 0.70× the peer median ₹1,000,000 across 683 comparable works."
WS/MP18115/2026-2027/186691,ND-WRK-0406,Normal/Others,2026-2027,1000000.0,683,1000000.0,700000.0,1000000.0,1.0,0.0,False,"Sanctioned amount ₹1,000,000 is 1.00× the peer median ₹1,000,000 across 683 comparable works."
WS/MP18115/2026-2027/186677,ND-WRK-0405,Normal/Others,2026-2027,700000.0,683,1000000.0,700000.0,1000000.0,0.7,0.0,False,"Sanctioned amount ₹700,000 is 0.70× the peer median ₹1,000,000 across 683 comparable works."
WS/MP18115/2026-2027/186671,ND-WRK-0404,Normal/Others,2026-2027,700000.0,683,1000000.0,700000.0,1000000.0,0.7,0.0,False,"Sanctioned amount ₹700,000 is 0.70× the peer median ₹1,000,000 across 683 comparable works."
WS/MP18115/2026-2027/186643,ND-WRK-0403,Normal/Others,2026-2027,700000.0,683,1000000.0,700000.0,1000000.0,0.7,0.0,False,"Sanctioned amount ₹700,000 is 0.70× the peer median ₹1,000,000 across 683 comparable works."
WS/MP18115/2026-2027/186641,ND-WRK-0402,Normal/Others,2026-2027,1000000.0,683,1000000.0,700000.0,1000000.0,1.0,0.0,False,"Sanctioned amount ₹1,000,000 is 1.00× the peer median ₹1,000,000 across 683 comparable works."
WS/MP18115/2026-2027/186493,ND-WRK-0401,Normal/Others,2026-2027,299649.0,683,1000000.0,700000.0,1000000.0,0.3,0.0,False,"Sanctioned amount ₹299,649 is 0.30× the peer median ₹1,000,000 across 683 comparable works."
WS/MP18116/2025-2026/192299,ND-WRK-0432,Normal/Others,2025-2026,999000.0,1573,990000.0,500000.0,1000000.0,1.01,0.0,False,"Sanctioned amount ₹999,000 is 1.01× the peer median ₹990,000 across 1573 comparable works."
WS/MP18116/2025-2026/192298,ND-WRK-0431,Normal/Others,2025-2026,999000.0,1573,990000.0,500000.0,1000000.0,1.01,0.0,False,"Sanctioned amount ₹999,000 is 1.01× the peer median ₹990,000 across 1573 comparable works."
WS/MP18116/2025-2026/192284,ND-WRK-0430,Normal/Others,2025-2026,1500000.0,1573,990000.0,500000.0,1000000.0,1.52,0.0,False,"Sanctioned amount ₹1,500,000 is 1.52× the peer median ₹990,000 across 1573 comparable works."
WS/MP18116/2025-2026/191820,ND-WRK-0429,Normal/Others,2025-2026,500000.0,1573,990000.0,500000.0,1000000.0,0.51,0.0,False,"Sanctioned amount ₹500,000 is 0.51× the peer median ₹990,000 across 1573 comparable works."
WS/MP18116/2025-2026/191818,ND-WRK-0428,Normal/Others,2025-2026,500000.0,1573,990000.0,500000.0,1000000.0,0.51,0.0,False,"Sanctioned amount ₹500,000 is 0.51× the peer median ₹990,000 across 1573 comparable works."
WS/MP18116/2025-2026/191816,ND-WRK-0427,Normal/Others,2025-2026,500000.0,1573,990000.0,500000.0,1000000.0,0.51,0.0,False,"Sanctioned amount ₹500,000 is 0.51× the peer median ₹990,000 across 1573 comparable works."
WS/MP18116/2025-2026/186747,ND-WRK-0426,Normal/Others,2025-2026,300000.0,1573,990000.0,500000.0,1000000.0,0.3,0.0,False,"Sanctioned amount ₹300,000 is 0.30× the peer median ₹990,000 across 1573 comparable works."
WS/MP18116/2025-2026/186744,ND-WRK-0425,Normal/Others,2025-2026,300000.0,1573,990000.0,500000.0,1000000.0,0.3,0.0,False,"Sanctioned amount ₹300,000 is 0.30× the peer median ₹990,000 across 1573 comparable works."
WS/MP18116/2025-2026/186741,ND-WRK-0424,Normal/Others,2025-2026,300000.0,1573,990000.0,500000.0,1000000.0,0.3,0.0,False,"Sanctioned amount ₹300,000 is 0.30× the peer median ₹990,000 across 1573 comparable works."
WS/MP18116/2025-2026/186722,ND-WRK-0423,Normal/Others,2025-2026,1000000.0,1573,990000.0,500000.0,1000000.0,1.01,0.0,False,"Sanctioned amount ₹1,000,000 is 1.01× the peer median ₹990,000 across 1573 comparable works."
WS/MP18116/2025-2026/186719,ND-WRK-0422,Normal/Others,2025-2026,1000000.0,1573,990000.0,500000.0,1000000.0,1.01,0.0,False,"Sanctioned amount ₹1,000,000 is 1.01× the peer median ₹990,000 across 1573 comparable works."
WS/MP18116/2025-2026/186710,ND-WRK-0421,Normal/Others,2025-2026,1000000.0,1573,990000.0,500000.0,1000000.0,1.01,0.0,False,"Sanctioned amount ₹1,000,000 is 1.01× the peer median ₹990,000 across 1573 comparable works."
WS/MP18116/2025-2026/186699,ND-WRK-0420,Repair and Renovation,2025-2026,1000000.0,18,995000.5,500000.0,1500000.0,1.01,0.0,False,"Sanctioned amount ₹1,000,000 is 1.01× the peer median ₹995,000 across 18 comparable works."
WS/MP18116/2025-2026/185875,ND-WRK-0419,Repair and Renovation,2025-2026,2100000.0,18,995000.5,500000.0,1375000.0,2.11,0.0,False,"Sanctioned amount ₹2,100,000 is 2.11× the peer median ₹995,000 across 18 comparable works."
WS/MP18115/2026-2027/278534,ND-WRK-0418,Normal/Others,2026-2027,1000000.0,683,1000000.0,700000.0,1000000.0,1.0,0.0,False,"Sanctioned amount ₹1,000,000 is 1.00× the peer median ₹1,000,000 across 683 comparable works."
WS/MP18115/2026-2027/278533,ND-WRK-0417,Normal/Others,2026-2027,700000.0,683,1000000.0,700000.0,1000000.0,0.7,0.0,False,"Sanctioned amount ₹700,000 is 0.70× the peer median ₹1,000,000 across 683 comparable works."
WS/MP18116/2025-2026/213256,ND-WRK-0448,Normal/Others,2025-2026,1500000.0,1573,990000.0,500000.0,1000000.0,1.52,0.0,False,"Sanctioned amount ₹1,500,000 is 1.52× the peer median ₹990,000 across 1573 comparable works."
WS/MP18116/2025-2026/213032,ND-WRK-0447,Normal/Others,2025-2026,1000000.0,1573,990000.0,500000.0,1000000.0,1.01,0.0,False,"Sanctioned amount ₹1,000,000 is 1.01× the peer median ₹990,000 across 1573 comparable works."
WS/MP18116/2025-2026/212997,ND-WRK-0446,Normal/Others,2025-2026,500000.0,1573,990000.0,500000.0,1000000.0,0.51,0.0,False,"Sanctioned amount ₹500,000 is 0.51× the peer median ₹990,000 across 1573 comparable works."
WS/MP18116/2025-2026/212995,ND-WRK-0445,Normal/Others,2025-2026,500000.0,1573,990000.0,500000.0,1000000.0,0.51,0.0,False,"Sanctioned amount ₹500,000 is 0.51× the peer median ₹990,000 across 1573 comparable works."
WS/MP18116/2025-2026/210953,ND-WRK-0444,Normal/Others,2025-2026,800000.0,1573,990000.0,500000.0,1000000.0,0.81,0.0,False,"Sanctioned amount ₹800,000 is 0.81× the peer median ₹990,000 across 1573 comparable works."
WS/MP18116/2025-2026/210941,ND-WRK-0443,Normal/Others,2025-2026,1000000.0,1573,990000.0,500000.0,1000000.0,1.01,0.0,False,"Sanctioned amount ₹1,000,000 is 1.01× the peer median ₹990,000 across 1573 comparable works."
WS/MP18116/2025-2026/210170,ND-WRK-0442,Normal/Others,2025-2026,1000000.0,1573,990000.0,500000.0,1000000.0,1.01,0.0,False,"Sanctioned amount ₹1,000,000 is 1.01× the peer median ₹990,000 across 1573 comparable works."
WS/MP18116/2025-2026/209814,ND-WRK-0441,Repair and Renovation,2025-2026,300000.0,18,1000000.0,500000.0,1500000.0,0.3,0.0,False,"Sanctioned amount ₹300,000 is 0.30× the peer median ₹1,000,000 across 18 comparable works."
WS/MP18116/2025-2026/208377,ND-WRK-0440,Repair and Renovation,2025-2026,500000.0,18,1000000.0,500000.0,1500000.0,0.5,0.0,False,"Sanctioned amount ₹500,000 is 0.50× the peer median ₹1,000,000 across 18 comparable works."
WS/MP18116/2025-2026/208376,ND-WRK-0439,Repair and Renovation,2025-2026,500000.0,18,1000000.0,500000.0,1500000.0,0.5,0.0,False,"Sanctioned amount ₹500,000 is 0.50× the peer median ₹1,000,000 across 18 comparable works."
WS/MP18116/2025-2026/202973,ND-WRK-0438,Repair and Renovation,2025-2026,1000000.0,18,995000.5,500000.0,1500000.0,1.01,0.0,False,"Sanctioned amount ₹1,000,000 is 1.01× the peer median ₹995,000 across 18 comparable works."
WS/MP18116/2025-2026/202771,ND-WRK-0437,Repair and Renovation,2025-2026,499237.0,18,1000000.0,500000.0,1500000.0,0.5,0.0,False,"Sanctioned amount ₹499,237 is 0.50× the peer median ₹1,000,000 across 18 comparable works."
WS/MP18116/2025-2026/202759,ND-WRK-0436,Repair and Renovation,2025-2026,500000.0,18,1000000.0,500000.0,1500000.0,0.5,0.0,False,"Sanctioned amount ₹500,000 is 0.50× the peer median ₹1,000,000 across 18 comparable works."
WS/MP18116/2025-2026/202343,ND-WRK-0435,Repair and Renovation,2025-2026,1500000.0,18,995000.5,500000.0,1375000.0,1.51,0.0,False,"Sanctioned amount ₹1,500,000 is 1.51× the peer median ₹995,000 across 18 comparable works."
WS/MP18116/2025-2026/202182,ND-WRK-0434,Repair and Renovation,2025-2026,500000.0,18,1000000.0,500000.0,1500000.0,0.5,0.0,False,"Sanctioned amount ₹500,000 is 0.50× the peer median ₹1,000,000 across 18 comparable works."
WS/MP18116/2025-2026/192300,ND-WRK-0433,Normal/Others,2025-2026,999000.0,1573,990000.0,500000.0,1000000.0,1.01,0.0,False,"Sanctioned amount ₹999,000 is 1.01× the peer median ₹990,000 across 1573 comparable works."
WS/MP18116/2025-2026/227495,ND-WRK-0464,Normal/Others,2025-2026,1000000.0,1573,990000.0,500000.0,1000000.0,1.01,0.0,False,"Sanctioned amount ₹1,000,000 is 1.01× the peer median ₹990,000 across 1573 comparable works."
WS/MP18116/2025-2026/224081,ND-WRK-0463,Normal/Others,2025-2026,1000000.0,1573,990000.0,500000.0,1000000.0,1.01,0.0,False,"Sanctioned amount ₹1,000,000 is 1.01× the peer median ₹990,000 across 1573 comparable works."
WS/MP18116/2025-2026/224075,ND-WRK-0462,Normal/Others,2025-2026,500000.0,1573,990000.0,500000.0,1000000.0,0.51,0.0,False,"Sanctioned amount ₹500,000 is 0.51× the peer median ₹990,000 across 1573 comparable works."
WS/MP18116/2025-2026/224073,ND-WRK-0461,Normal/Others,2025-2026,1500000.0,1573,990000.0,500000.0,1000000.0,1.52,0.0,False,"Sanctioned amount ₹1,500,000 is 1.52× the peer median ₹990,000 across 1573 comparable works."
WS/MP18116/2025-2026/223137,ND-WRK-0460,Normal/Others,2025-2026,1000000.0,1573,990000.0,500000.0,1000000.0,1.01,0.0,False,"Sanctioned amount ₹1,000,000 is 1.01× the peer median ₹990,000 across 1573 comparable works."
WS/MP18116/2025-2026/223128,ND-WRK-0459,Normal/Others,2025-2026,1000000.0,1573,990000.0,500000.0,1000000.0,1.01,0.0,False,"Sanctioned amount ₹1,000,000 is 1.01× the peer median ₹990,000 across 1573 comparable works."
WS/MP18116/2025-2026/221636,ND-WRK-0458,Normal/Others,2025-2026,1498635.0,1573,990000.0,500000.0,1000000.0,1.51,0.0,False,"Sanctioned amount ₹1,498,635 is 1.51× the peer median ₹990,000 across 1573 comparable works."
WS/MP18116/2025-2026/221635,ND-WRK-0457,Normal/Others,2025-2026,1499634.0,1573,990000.0,500000.0,1000000.0,1.51,0.0,False,"Sanctioned amount ₹1,499,634 is 1.51× the peer median ₹990,000 across 1573 comparable works."
WS/MP18116/2025-2026/220956,ND-WRK-0456,Normal/Others,2025-2026,500000.0,1573,990000.0,500000.0,1000000.0,0.51,0.0,False,"Sanctioned amount ₹500,000 is 0.51× the peer median ₹990,000 across 1573 comparable works."
WS/MP18116/2025-2026/220954,ND-WRK-0455,Normal/Others,2025-2026,500000.0,1573,990000.0,500000.0,1000000.0,0.51,0.0,False,"Sanctioned amount ₹500,000 is 0.51× the peer median ₹990,000 across 1573 comparable works."
WS/MP18116/2025-2026/220951,ND-WRK-0454,Normal/Others,2025-2026,500000.0,1573,990000.0,500000.0,1000000.0,0.51,0.0,False,"Sanctioned amount ₹500,000 is 0.51× the peer median ₹990,000 across 1573 comparable works."
WS/MP18116/2025-2026/220950,ND-WRK-0453,Normal/Others,2025-2026,500000.0,1573,990000.0,500000.0,1000000.0,0.51,0.0,False,"Sanctioned amount ₹500,000 is 0.51× the peer median ₹990,000 across 1573 comparable works."
WS/MP18116/2025-2026/220949,ND-WRK-0452,Normal/Others,2025-2026,500000.0,1573,990000.0,500000.0,1000000.0,0.51,0.0,False,"Sanctioned amount ₹500,000 is 0.51× the peer median ₹990,000 across 1573 comparable works."
WS/MP18116/2025-2026/220948,ND-WRK-0451,Normal/Others,2025-2026,500000.0,1573,990000.0,500000.0,1000000.0,0.51,0.0,False,"Sanctioned amount ₹500,000 is 0.51× the peer median ₹990,000 across 1573 comparable works."
WS/MP18116/2025-2026/213831,ND-WRK-0450,Normal/Others,2025-2026,1500000.0,1573,990000.0,500000.0,1000000.0,1.52,0.0,False,"Sanctioned amount ₹1,500,000 is 1.52× the peer median ₹990,000 across 1573 comparable works."
WS/MP18116/2025-2026/213608,ND-WRK-0449,Normal/Others,2025-2026,1000000.0,1573,990000.0,500000.0,1000000.0,1.01,0.0,False,"Sanctioned amount ₹1,000,000 is 1.01× the peer median ₹990,000 across 1573 comparable works."
WS/MP18116/2025-2026/235820,ND-WRK-0481,Normal/Others,2025-2026,1000000.0,1573,990000.0,500000.0,1000000.0,1.01,0.0,False,"Sanctioned amount ₹1,000,000 is 1.01× the peer median ₹990,000 across 1573 comparable works."
WS/MP18116/2025-2026/235817,ND-WRK-0480,Normal/Others,2025-2026,1000000.0,1573,990000.0,500000.0,1000000.0,1.01,0.0,False,"Sanctioned amount ₹1,000,000 is 1.01× the peer median ₹990,000 across 1573 comparable works."
WS/MP18116/2025-2026/235815,ND-WRK-0479,Normal/Others,2025-2026,300000.0,1573,990000.0,500000.0,1000000.0,0.3,0.0,False,"Sanctioned amount ₹300,000 is 0.30× the peer median ₹990,000 across 1573 comparable works."
WS/MP18116/2025-2026/235814,ND-WRK-0478,Normal/Others,2025-2026,1000000.0,1573,990000.0,500000.0,1000000.0,1.01,0.0,False,"Sanctioned amount ₹1,000,000 is 1.01× the peer median ₹990,000 across 1573 comparable works."
WS/MP18116/2025-2026/235813,ND-WRK-0477,Normal/Others,2025-2026,1000000.0,1573,990000.0,500000.0,1000000.0,1.01,0.0,False,"Sanctioned amount ₹1,000,000 is 1.01× the peer median ₹990,000 across 1573 comparable works."
WS/MP18116/2025-2026/235800,ND-WRK-0476,Normal/Others,2025-2026,500000.0,1573,990000.0,500000.0,1000000.0,0.51,0.0,False,"Sanctioned amount ₹500,000 is 0.51× the peer median ₹990,000 across 1573 comparable works."
WS/MP18116/2025-2026/235750,ND-WRK-0474,Normal/Others,2025-2026,1000000.0,1573,990000.0,500000.0,1000000.0,1.01,0.0,False,"Sanctioned amount ₹1,000,000 is 1.01× the peer median ₹990,000 across 1573 comparable works."
WS/MP18116/2025-2026/235747,ND-WRK-0473,Normal/Others,2025-2026,500000.0,1573,990000.0,500000.0,1000000.0,0.51,0.0,False,"Sanctioned amount ₹500,000 is 0.51× the peer median ₹990,000 across 1573 comparable works."
WS/MP18116/2025-2026/235500,ND-WRK-0472,Normal/Others,2025-2026,500000.0,1573,990000.0,500000.0,1000000.0,0.51,0.0,False,"Sanctioned amount ₹500,000 is 0.51× the peer median ₹990,000 across 1573 comparable works."
WS/MP18116/2025-2026/235496,ND-WRK-0471,Normal/Others,2025-2026,500000.0,1573,990000.0,500000.0,1000000.0,0.51,0.0,False,"Sanctioned amount ₹500,000 is 0.51× the peer median ₹990,000 across 1573 comparable works."
WS/MP18116/2025-2026/232160,ND-WRK-0470,Repair and Renovation,2025-2026,500000.0,18,1000000.0,500000.0,1500000.0,0.5,0.0,False,"Sanctioned amount ₹500,000 is 0.50× the peer median ₹1,000,000 across 18 comparable works."
WS/MP18116/2025-2026/232158,ND-WRK-0469,Normal/Others,2025-2026,800000.0,1573,990000.0,500000.0,1000000.0,0.81,0.0,False,"Sanctioned amount ₹800,000 is 0.81× the peer median ₹990,000 across 1573 comparable works."
WS/MP18116/2025-2026/232156,ND-WRK-0468,Normal/Others,2025-2026,700000.0,1573,990000.0,500000.0,1000000.0,0.71,0.0,False,"Sanctioned amount ₹700,000 is 0.71× the peer median ₹990,000 across 1573 comparable works."
WS/MP18116/2025-2026/229118,ND-WRK-0467,Normal/Others,2025-2026,1000000.0,1573,990000.0,500000.0,1000000.0,1.01,0.0,False,"Sanctioned amount ₹1,000,000 is 1.01× the peer median ₹990,000 across 1573 comparable works."
WS/MP18116/2025-2026/228146,ND-WRK-0466,Normal/Others,2025-2026,500000.0,1573,990000.0,500000.0,1000000.0,0.51,0.0,False,"Sanctioned amount ₹500,000 is 0.51× the peer median ₹990,000 across 1573 comparable works."
WS/MP18116/2025-2026/228144,ND-WRK-0465,Normal/Others,2025-2026,500000.0,1573,990000.0,500000.0,1000000.0,0.51,0.0,False,"Sanctioned amount ₹500,000 is 0.51× the peer median ₹990,000 across 1573 comparable works."
WS/MP18116/2025-2026/252830,ND-WRK-0497,Normal/Others,2025-2026,1500000.0,1573,990000.0,500000.0,1000000.0,1.52,0.0,False,"Sanctioned amount ₹1,500,000 is 1.52× the peer median ₹990,000 across 1573 comparable works."
WS/MP18116/2025-2026/251624,ND-WRK-0496,Normal/Others,2025-2026,1500000.0,1573,990000.0,500000.0,1000000.0,1.52,0.0,False,"Sanctioned amount ₹1,500,000 is 1.52× the peer median ₹990,000 across 1573 comparable works."
WS/MP18116/2025-2026/251303,ND-WRK-0495,Normal/Others,2025-2026,400000.0,1573,990000.0,500000.0,1000000.0,0.4,0.0,False,"Sanctioned amount ₹400,000 is 0.40× the peer median ₹990,000 across 1573 comparable works."
WS/MP18116/2025-2026/248386,ND-WRK-0494,Normal/Others,2025-2026,1500000.0,1573,990000.0,500000.0,1000000.0,1.52,0.0,False,"Sanctioned amount ₹1,500,000 is 1.52× the peer median ₹990,000 across 1573 comparable works."
WS/MP18116/2025-2026/241509,ND-WRK-0493,Normal/Others,2025-2026,1000000.0,1573,990000.0,500000.0,1000000.0,1.01,0.0,False,"Sanctioned amount ₹1,000,000 is 1.01× the peer median ₹990,000 across 1573 comparable works."
WS/MP18116/2025-2026/240795,ND-WRK-0492,Normal/Others,2025-2026,500000.0,1573,990000.0,500000.0,1000000.0,0.51,0.0,False,"Sanctioned amount ₹500,000 is 0.51× the peer median ₹990,000 across 1573 comparable works."
WS/MP18116/2025-2026/240791,ND-WRK-0491,Normal/Others,2025-2026,500000.0,1573,990000.0,500000.0,1000000.0,0.51,0.0,False,"Sanctioned amount ₹500,000 is 0.51× the peer median ₹990,000 across 1573 comparable works."
WS/MP18116/2025-2026/240789,ND-WRK-0490,Normal/Others,2025-2026,500000.0,1573,990000.0,500000.0,1000000.0,0.51,0.0,False,"Sanctioned amount ₹500,000 is 0.51× the peer median ₹990,000 across 1573 comparable works."
WS/MP18116/2025-2026/240788,ND-WRK-0489,Normal/Others,2025-2026,500000.0,1573,990000.0,500000.0,1000000.0,0.51,0.0,False,"Sanctioned amount ₹500,000 is 0.51× the peer median ₹990,000 across 1573 comparable works."
WS/MP18116/2025-2026/240779,ND-WRK-0488,Normal/Others,2025-2026,400000.0,1573,990000.0,500000.0,1000000.0,0.4,0.0,False,"Sanctioned amount ₹400,000 is 0.40× the peer median ₹990,000 across 1573 comparable works."
WS/MP18116/2025-2026/240280,ND-WRK-0487,Normal/Others,2025-2026,1000000.0,1573,990000.0,500000.0,1000000.0,1.01,0.0,False,"Sanctioned amount ₹1,000,000 is 1.01× the peer median ₹990,000 across 1573 comparable works."
WS/MP18116/2025-2026/236540,ND-WRK-0486,Normal/Others,2025-2026,500000.0,1573,990000.0,500000.0,1000000.0,0.51,0.0,False,"Sanctioned amount ₹500,000 is 0.51× the peer median ₹990,000 across 1573 comparable works."
WS/MP18116/2025-2026/236537,ND-WRK-0485,Normal/Others,2025-2026,500000.0,1573,990000.0,500000.0,1000000.0,0.51,0.0,False,"Sanctioned amount ₹500,000 is 0.51× the peer median ₹990,000 across 1573 comparable works."
WS/MP18116/2025-2026/235835,ND-WRK-0484,Normal/Others,2025-2026,1000000.0,1573,990000.0,500000.0,1000000.0,1.01,0.0,False,"Sanctioned amount ₹1,000,000 is 1.01× the peer median ₹990,000 across 1573 comparable works."
WS/MP18116/2025-2026/235830,ND-WRK-0483,Normal/Others,2025-2026,500000.0,1573,990000.0,500000.0,1000000.0,0.51,0.0,False,"Sanctioned amount ₹500,000 is 0.51× the peer median ₹990,000 across 1573 comparable works."
WS/MP18116/2025-2026/235824,ND-WRK-0482,Normal/Others,2025-2026,1000000.0,1573,990000.0,500000.0,1000000.0,1.01,0.0,False,"Sanctioned amount ₹1,000,000 is 1.01× the peer median ₹990,000 across 1573 comparable works."
WS/MP18116/2026-2027/248969,ND-WRK-0515,Normal/Others,2026-2027,1000000.0,683,1000000.0,700000.0,1000000.0,1.0,0.0,False,"Sanctioned amount ₹1,000,000 is 1.00× the peer median ₹1,000,000 across 683 comparable works."
WS/MP18116/2026-2027/229732,ND-WRK-0510,Normal/Others,2026-2027,1000000.0,683,1000000.0,700000.0,1000000.0,1.0,0.0,False,"Sanctioned amount ₹1,000,000 is 1.00× the peer median ₹1,000,000 across 683 comparable works."
WS/MP18116/2026-2027/220975,ND-WRK-0508,Normal/Others,2026-2027,1000000.0,683,1000000.0,700000.0,1000000.0,1.0,0.0,False,"Sanctioned amount ₹1,000,000 is 1.00× the peer median ₹1,000,000 across 683 comparable works."
WS/MP18116/2026-2027/220968,ND-WRK-0507,Normal/Others,2026-2027,1000000.0,683,1000000.0,700000.0,1000000.0,1.0,0.0,False,"Sanctioned amount ₹1,000,000 is 1.00× the peer median ₹1,000,000 across 683 comparable works."
WS/MP18116/2026-2027/220965,ND-WRK-0506,Normal/Others,2026-2027,1000000.0,683,1000000.0,700000.0,1000000.0,1.0,0.0,False,"Sanctioned amount ₹1,000,000 is 1.00× the peer median ₹1,000,000 across 683 comparable works."
WS/MP18116/2026-2027/213894,ND-WRK-0505,Normal/Others,2026-2027,300000.0,683,1000000.0,700000.0,1000000.0,0.3,0.0,False,"Sanctioned amount ₹300,000 is 0.30× the peer median ₹1,000,000 across 683 comparable works."
WS/MP18116/2026-2027/213892,ND-WRK-0504,Normal/Others,2026-2027,300000.0,683,1000000.0,700000.0,1000000.0,0.3,0.0,False,"Sanctioned amount ₹300,000 is 0.30× the peer median ₹1,000,000 across 683 comparable works."
WS/MP18116/2026-2027/211813,ND-WRK-0503,Normal/Others,2026-2027,500000.0,683,1000000.0,700000.0,1000000.0,0.5,0.0,False,"Sanctioned amount ₹500,000 is 0.50× the peer median ₹1,000,000 across 683 comparable works."
WS/MP18116/2026-2027/211811,ND-WRK-0502,Normal/Others,2026-2027,500000.0,683,1000000.0,700000.0,1000000.0,0.5,0.0,False,"Sanctioned amount ₹500,000 is 0.50× the peer median ₹1,000,000 across 683 comparable works."
WS/MP18116/2026-2027/209824,ND-WRK-0501,Normal/Others,2026-2027,500000.0,683,1000000.0,700000.0,1000000.0,0.5,0.0,False,"Sanctioned amount ₹500,000 is 0.50× the peer median ₹1,000,000 across 683 comparable works."
WS/MP18116/2026-2027/209822,ND-WRK-0500,Normal/Others,2026-2027,500000.0,683,1000000.0,700000.0,1000000.0,0.5,0.0,False,"Sanctioned amount ₹500,000 is 0.50× the peer median ₹1,000,000 across 683 comparable works."
WS/MP18116/2026-2027/186750,ND-WRK-0499,Normal/Others,2026-2027,500000.0,683,1000000.0,700000.0,1000000.0,0.5,0.0,False,"Sanctioned amount ₹500,000 is 0.50× the peer median ₹1,000,000 across 683 comparable works."
WS/MP18116/2026-2027/186732,ND-WRK-0498,Normal/Others,2026-2027,500000.0,683,1000000.0,700000.0,1000000.0,0.5,0.0,False,"Sanctioned amount ₹500,000 is 0.50× the peer median ₹1,000,000 across 683 comparable works."
WS/MP18117/2025-2026/164395,ND-WRK-0531,Normal/Others,2025-2026,1500000.0,1573,990000.0,500000.0,1000000.0,1.52,0.0,False,"Sanctioned amount ₹1,500,000 is 1.52× the peer median ₹990,000 across 1573 comparable works."
WS/MP18117/2025-2026/164393,ND-WRK-0530,Normal/Others,2025-2026,1000000.0,1573,990000.0,500000.0,1000000.0,1.01,0.0,False,"Sanctioned amount ₹1,000,000 is 1.01× the peer median ₹990,000 across 1573 comparable works."
WS/MP18117/2025-2026/164391,ND-WRK-0529,Normal/Others,2025-2026,1500000.0,1573,990000.0,500000.0,1000000.0,1.52,0.0,False,"Sanctioned amount ₹1,500,000 is 1.52× the peer median ₹990,000 across 1573 comparable works."
WS/MP18117/2025-2026/164385,ND-WRK-0528,Normal/Others,2025-2026,1000000.0,1573,990000.0,500000.0,1000000.0,1.01,0.0,False,"Sanctioned amount ₹1,000,000 is 1.01× the peer median ₹990,000 across 1573 comparable works."
WS/MP18117/2025-2026/164378,ND-WRK-0527,Normal/Others,2025-2026,500000.0,1573,990000.0,500000.0,1000000.0,0.51,0.0,False,"Sanctioned amount ₹500,000 is 0.51× the peer median ₹990,000 across 1573 comparable works."
WS/MP18117/2025-2026/164375,ND-WRK-0526,Normal/Others,2025-2026,500000.0,1573,990000.0,500000.0,1000000.0,0.51,0.0,False,"Sanctioned amount ₹500,000 is 0.51× the peer median ₹990,000 across 1573 comparable works."
WS/MP18117/2025-2026/164367,ND-WRK-0525,Normal/Others,2025-2026,1000000.0,1573,990000.0,500000.0,1000000.0,1.01,0.0,False,"Sanctioned amount ₹1,000,000 is 1.01× the peer median ₹990,000 across 1573 comparable works."
WS/MP18117/2025-2026/164365,ND-WRK-0524,Normal/Others,2025-2026,1000000.0,1573,990000.0,500000.0,1000000.0,1.01,0.0,False,"Sanctioned amount ₹1,000,000 is 1.01× the peer median ₹990,000 across 1573 comparable works."
WS/MP18117/2025-2026/164364,ND-WRK-0523,Normal/Others,2025-2026,987710.0,1573,990000.0,500000.0,1000000.0,1.0,0.0,False,"Sanctioned amount ₹987,710 is 1.00× the peer median ₹990,000 across 1573 comparable works."
WS/MP18117/2025-2026/164358,ND-WRK-0522,Normal/Others,2025-2026,1000000.0,1573,990000.0,500000.0,1000000.0,1.01,0.0,False,"Sanctioned amount ₹1,000,000 is 1.01× the peer median ₹990,000 across 1573 comparable works."
WS/MP18117/2025-2026/164349,ND-WRK-0521,Normal/Others,2025-2026,1000000.0,1573,990000.0,500000.0,1000000.0,1.01,0.0,False,"Sanctioned amount ₹1,000,000 is 1.01× the peer median ₹990,000 across 1573 comparable works."
WS/MP18117/2025-2026/164347,ND-WRK-0520,Normal/Others,2025-2026,1000000.0,1573,990000.0,500000.0,1000000.0,1.01,0.0,False,"Sanctioned amount ₹1,000,000 is 1.01× the peer median ₹990,000 across 1573 comparable works."
WS/MP18117/2025-2026/164345,ND-WRK-0519,Normal/Others,2025-2026,1000000.0,1573,990000.0,500000.0,1000000.0,1.01,0.0,False,"Sanctioned amount ₹1,000,000 is 1.01× the peer median ₹990,000 across 1573 comparable works."
WS/MP18117/2024-2025/170214,ND-WRK-0518,Normal/Others,2024-2025,1000000.0,121,999600.0,700000.0,1000000.0,1.0,0.0,False,"Sanctioned amount ₹1,000,000 is 1.00× the peer median ₹999,600 across 121 comparable works."
WS/MP18117/2024-2025/142022,ND-WRK-0517,Normal/Others,2024-2025,1000000.0,121,999600.0,700000.0,1000000.0,1.0,0.0,False,"Sanctioned amount ₹1,000,000 is 1.00× the peer median ₹999,600 across 121 comparable works."
WS/MP18117/2024-2025/142021,ND-WRK-0516,Normal/Others,2024-2025,1000000.0,121,999600.0,700000.0,1000000.0,1.0,0.0,False,"Sanctioned amount ₹1,000,000 is 1.00× the peer median ₹999,600 across 121 comparable works."
WS/MP18117/2025-2026/170768,ND-WRK-0547,Normal/Others,2025-2026,1000000.0,1573,990000.0,500000.0,1000000.0,1.01,0.0,False,"Sanctioned amount ₹1,000,000 is 1.01× the peer median ₹990,000 across 1573 comparable works."
WS/MP18117/2025-2026/170764,ND-WRK-0546,Normal/Others,2025-2026,1000000.0,1573,990000.0,500000.0,1000000.0,1.01,0.0,False,"Sanctioned amount ₹1,000,000 is 1.01× the peer median ₹990,000 across 1573 comparable works."
WS/MP18117/2025-2026/170733,ND-WRK-0545,Normal/Others,2025-2026,1000000.0,1573,990000.0,500000.0,1000000.0,1.01,0.0,False,"Sanctioned amount ₹1,000,000 is 1.01× the peer median ₹990,000 across 1573 comparable works."
WS/MP18117/2025-2026/170729,ND-WRK-0544,Normal/Others,2025-2026,1000000.0,1573,990000.0,500000.0,1000000.0,1.01,0.0,False,"Sanctioned amount ₹1,000,000 is 1.01× the peer median ₹990,000 across 1573 comparable works."
WS/MP18117/2025-2026/170204,ND-WRK-0543,Normal/Others,2025-2026,1000000.0,1573,990000.0,500000.0,1000000.0,1.01,0.0,False,"Sanctioned amount ₹1,000,000 is 1.01× the peer median ₹990,000 across 1573 comparable works."
WS/MP18117/2025-2026/168715,ND-WRK-0542,Normal/Others,2025-2026,1000000.0,1573,990000.0,500000.0,1000000.0,1.01,0.0,False,"Sanctioned amount ₹1,000,000 is 1.01× the peer median ₹990,000 across 1573 comparable works."
WS/MP18117/2025-2026/168713,ND-WRK-0541,Normal/Others,2025-2026,1000000.0,1573,990000.0,500000.0,1000000.0,1.01,0.0,False,"Sanctioned amount ₹1,000,000 is 1.01× the peer median ₹990,000 across 1573 comparable works."
WS/MP18117/2025-2026/166253,ND-WRK-0540,Normal/Others,2025-2026,493028.0,1573,990000.0,500000.0,1000000.0,0.5,0.0,False,"Sanctioned amount ₹493,028 is 0.50× the peer median ₹990,000 across 1573 comparable works."
WS/MP18117/2025-2026/166251,ND-WRK-0539,Normal/Others,2025-2026,985048.0,1573,990000.0,500000.0,1000000.0,0.99,0.0,False,"Sanctioned amount ₹985,048 is 0.99× the peer median ₹990,000 across 1573 comparable works."
WS/MP18117/2025-2026/166250,ND-WRK-0538,Normal/Others,2025-2026,878646.0,1573,990000.0,500000.0,1000000.0,0.89,0.0,False,"Sanctioned amount ₹878,646 is 0.89× the peer median ₹990,000 across 1573 comparable works."
WS/MP18117/2025-2026/164520,ND-WRK-0537,Normal/Others,2025-2026,899164.0,1573,990000.0,500000.0,1000000.0,0.91,0.0,False,"Sanctioned amount ₹899,164 is 0.91× the peer median ₹990,000 across 1573 comparable works."
WS/MP18117/2025-2026/164512,ND-WRK-0536,Normal/Others,2025-2026,989166.0,1573,990000.0,500000.0,1000000.0,1.0,0.0,False,"Sanctioned amount ₹989,166 is 1.00× the peer median ₹990,000 across 1573 comparable works."
WS/MP18117/2025-2026/164510,ND-WRK-0535,Normal/Others,2025-2026,1000000.0,1573,990000.0,500000.0,1000000.0,1.01,0.0,False,"Sanctioned amount ₹1,000,000 is 1.01× the peer median ₹990,000 across 1573 comparable works."
WS/MP18117/2025-2026/164499,ND-WRK-0534,Normal/Others,2025-2026,1000000.0,1573,990000.0,500000.0,1000000.0,1.01,0.0,False,"Sanctioned amount ₹1,000,000 is 1.01× the peer median ₹990,000 across 1573 comparable works."
WS/MP18117/2025-2026/164494,ND-WRK-0533,Normal/Others,2025-2026,1000000.0,1573,990000.0,500000.0,1000000.0,1.01,0.0,False,"Sanctioned amount ₹1,000,000 is 1.01× the peer median ₹990,000 across 1573 comparable works."
WS/MP18117/2025-2026/164398,ND-WRK-0532,Normal/Others,2025-2026,500000.0,1573,990000.0,500000.0,1000000.0,0.51,0.0,False,"Sanctioned amount ₹500,000 is 0.51× the peer median ₹990,000 across 1573 comparable works."
WS/MP18117/2026-2027/164505,ND-WRK-0563,Normal/Others,2026-2027,1000000.0,683,1000000.0,700000.0,1000000.0,1.0,0.0,False,"Sanctioned amount ₹1,000,000 is 1.00× the peer median ₹1,000,000 across 683 comparable works."
WS/MP18117/2026-2027/164381,ND-WRK-0561,Normal/Others,2026-2027,1000000.0,683,1000000.0,700000.0,1000000.0,1.0,0.0,False,"Sanctioned amount ₹1,000,000 is 1.00× the peer median ₹1,000,000 across 683 comparable works."
WS/MP18117/2026-2027/164340,ND-WRK-0559,Normal/Others,2026-2027,1000000.0,683,1000000.0,700000.0,1000000.0,1.0,0.0,False,"Sanctioned amount ₹1,000,000 is 1.00× the peer median ₹1,000,000 across 683 comparable works."
WS/MP18117/2026-2027/164338,ND-WRK-0558,Normal/Others,2026-2027,1000000.0,683,1000000.0,700000.0,1000000.0,1.0,0.0,False,"Sanctioned amount ₹1,000,000 is 1.00× the peer median ₹1,000,000 across 683 comparable works."
WS/MP18117/2025-2026/256866,ND-WRK-0557,Normal/Others,2025-2026,1000000.0,1573,990000.0,500000.0,1000000.0,1.01,0.0,False,"Sanctioned amount ₹1,000,000 is 1.01× the peer median ₹990,000 across 1573 comparable works."
WS/MP18117/2025-2026/253081,ND-WRK-0556,Normal/Others,2025-2026,1000000.0,1573,990000.0,500000.0,1000000.0,1.01,0.0,False,"Sanctioned amount ₹1,000,000 is 1.01× the peer median ₹990,000 across 1573 comparable works."
WS/MP18117/2025-2026/253027,ND-WRK-0555,Normal/Others,2025-2026,1000000.0,1573,990000.0,500000.0,1000000.0,1.01,0.0,False,"Sanctioned amount ₹1,000,000 is 1.01× the peer median ₹990,000 across 1573 comparable works."
WS/MP18117/2025-2026/251909,ND-WRK-0554,Normal/Others,2025-2026,1000000.0,1573,990000.0,500000.0,1000000.0,1.01,0.0,False,"Sanctioned amount ₹1,000,000 is 1.01× the peer median ₹990,000 across 1573 comparable works."
WS/MP18117/2025-2026/249897,ND-WRK-0553,Normal/Others,2025-2026,1000000.0,1573,990000.0,500000.0,1000000.0,1.01,0.0,False,"Sanctioned amount ₹1,000,000 is 1.01× the peer median ₹990,000 across 1573 comparable works."
WS/MP18117/2025-2026/248295,ND-WRK-0551,Normal/Others,2025-2026,1000000.0,1573,990000.0,500000.0,1000000.0,1.01,0.0,False,"Sanctioned amount ₹1,000,000 is 1.01× the peer median ₹990,000 across 1573 comparable works."
WS/MP18117/2025-2026/234887,ND-WRK-0550,Trust and Society,2025-2026,3000000.0,17,1000000.0,1000000.0,2500000.0,3.0,0.0,False,"Sanctioned amount ₹3,000,000 is 3.00× the peer median ₹1,000,000 across 17 comparable works."
WS/MP18117/2025-2026/185253,ND-WRK-0549,Normal/Others,2025-2026,1500000.0,1573,990000.0,500000.0,1000000.0,1.52,0.0,False,"Sanctioned amount ₹1,500,000 is 1.52× the peer median ₹990,000 across 1573 comparable works."
WS/MP18117/2025-2026/181452,ND-WRK-0548,Normal/Others,2025-2026,1000000.0,1573,990000.0,500000.0,1000000.0,1.01,0.0,False,"Sanctioned amount ₹1,000,000 is 1.01× the peer median ₹990,000 across 1573 comparable works."
WS/MP18118/2025-2026/188291,ND-WRK-0580,Normal/Others,2025-2026,699000.0,1573,990000.0,500000.0,1000000.0,0.71,0.0,False,"Sanctioned amount ₹699,000 is 0.71× the peer median ₹990,000 across 1573 comparable works."
WS/MP18118/2025-2026/188290,ND-WRK-0579,Normal/Others,2025-2026,996000.0,1573,990000.0,500000.0,1000000.0,1.01,0.0,False,"Sanctioned amount ₹996,000 is 1.01× the peer median ₹990,000 across 1573 comparable works."
WS/MP18118/2025-2026/188289,ND-WRK-0578,Normal/Others,2025-2026,996000.0,1573,990000.0,500000.0,1000000.0,1.01,0.0,False,"Sanctioned amount ₹996,000 is 1.01× the peer median ₹990,000 across 1573 comparable works."
WS/MP18118/2025-2026/188286,ND-WRK-0577,Normal/Others,2025-2026,699000.0,1573,990000.0,500000.0,1000000.0,0.71,0.0,False,"Sanctioned amount ₹699,000 is 0.71× the peer median ₹990,000 across 1573 comparable works."
WS/MP18118/2025-2026/188285,ND-WRK-0576,Normal/Others,2025-2026,698000.0,1573,990000.0,500000.0,1000000.0,0.71,0.0,False,"Sanctioned amount ₹698,000 is 0.71× the peer median ₹990,000 across 1573 comparable works."
WS/MP18118/2025-2026/188284,ND-WRK-0575,Normal/Others,2025-2026,698000.0,1573,990000.0,500000.0,1000000.0,0.71,0.0,False,"Sanctioned amount ₹698,000 is 0.71× the peer median ₹990,000 across 1573 comparable works."
WS/MP18118/2025-2026/166392,ND-WRK-0574,Trust and Society,2025-2026,1000000.0,17,1000000.0,1000000.0,2500000.0,1.0,0.0,False,"Sanctioned amount ₹1,000,000 is 1.00× the peer median ₹1,000,000 across 17 comparable works."
WS/MP18118/2025-2026/160504,ND-WRK-0573,Trust and Society,2025-2026,1000000.0,17,1000000.0,1000000.0,2500000.0,1.0,0.0,False,"Sanctioned amount ₹1,000,000 is 1.00× the peer median ₹1,000,000 across 17 comparable works."
WS/MP18118/2025-2026/160495,ND-WRK-0572,Trust and Society,2025-2026,1000000.0,17,1000000.0,1000000.0,2500000.0,1.0,0.0,False,"Sanctioned amount ₹1,000,000 is 1.00× the peer median ₹1,000,000 across 17 comparable works."
WS/MP18118/2025-2026/160490,ND-WRK-0571,Trust and Society,2025-2026,1000000.0,17,1000000.0,1000000.0,2500000.0,1.0,0.0,False,"Sanctioned amount ₹1,000,000 is 1.00× the peer median ₹1,000,000 across 17 comparable works."
WS/MP18118/2025-2026/159252,ND-WRK-0570,Trust and Society,2025-2026,1000000.0,17,1000000.0,1000000.0,2500000.0,1.0,0.0,False,"Sanctioned amount ₹1,000,000 is 1.00× the peer median ₹1,000,000 across 17 comparable works."
WS/MP18117/2026-2027/290949,ND-WRK-0569,Normal/Others,2026-2027,700000.0,683,1000000.0,700000.0,1000000.0,0.7,0.0,False,"Sanctioned amount ₹700,000 is 0.70× the peer median ₹1,000,000 across 683 comparable works."
WS/MP18117/2026-2027/290945,ND-WRK-0568,Normal/Others,2026-2027,700000.0,683,1000000.0,700000.0,1000000.0,0.7,0.0,False,"Sanctioned amount ₹700,000 is 0.70× the peer median ₹1,000,000 across 683 comparable works."
WS/MP18117/2026-2027/290936,ND-WRK-0567,Normal/Others,2026-2027,700000.0,683,1000000.0,700000.0,1000000.0,0.7,0.0,False,"Sanctioned amount ₹700,000 is 0.70× the peer median ₹1,000,000 across 683 comparable works."
WS/MP18117/2026-2027/275545,ND-WRK-0566,Normal/Others,2026-2027,1000000.0,683,1000000.0,700000.0,1000000.0,1.0,0.0,False,"Sanctioned amount ₹1,000,000 is 1.00× the peer median ₹1,000,000 across 683 comparable works."
WS/MP18117/2026-2027/275544,ND-WRK-0565,Normal/Others,2026-2027,1000000.0,683,1000000.0,700000.0,1000000.0,1.0,0.0,False,"Sanctioned amount ₹1,000,000 is 1.00× the peer median ₹1,000,000 across 683 comparable works."
WS/MP18118/2025-2026/188313,ND-WRK-0596,Normal/Others,2025-2026,699000.0,1573,990000.0,500000.0,1000000.0,0.71,0.0,False,"Sanctioned amount ₹699,000 is 0.71× the peer median ₹990,000 across 1573 comparable works."
WS/MP18118/2025-2026/188312,ND-WRK-0595,Normal/Others,2025-2026,798000.0,1573,990000.0,500000.0,1000000.0,0.81,0.0,False,"Sanctioned amount ₹798,000 is 0.81× the peer median ₹990,000 across 1573 comparable works."
WS/MP18118/2025-2026/188311,ND-WRK-0594,Normal/Others,2025-2026,800000.0,1573,990000.0,500000.0,1000000.0,0.81,0.0,False,"Sanctioned amount ₹800,000 is 0.81× the peer median ₹990,000 across 1573 comparable works."
WS/MP18118/2025-2026/188310,ND-WRK-0593,Normal/Others,2025-2026,800000.0,1573,990000.0,500000.0,1000000.0,0.81,0.0,False,"Sanctioned amount ₹800,000 is 0.81× the peer median ₹990,000 across 1573 comparable works."
WS/MP18118/2025-2026/188306,ND-WRK-0592,Normal/Others,2025-2026,800000.0,1573,990000.0,500000.0,1000000.0,0.81,0.0,False,"Sanctioned amount ₹800,000 is 0.81× the peer median ₹990,000 across 1573 comparable works."
WS/MP18118/2025-2026/188305,ND-WRK-0591,Normal/Others,2025-2026,996000.0,1573,990000.0,500000.0,1000000.0,1.01,0.0,False,"Sanctioned amount ₹996,000 is 1.01× the peer median ₹990,000 across 1573 comparable works."
WS/MP18118/2025-2026/188304,ND-WRK-0590,Normal/Others,2025-2026,997000.0,1573,990000.0,500000.0,1000000.0,1.01,0.0,False,"Sanctioned amount ₹997,000 is 1.01× the peer median ₹990,000 across 1573 comparable works."
WS/MP18118/2025-2026/188303,ND-WRK-0589,Normal/Others,2025-2026,1000000.0,1573,990000.0,500000.0,1000000.0,1.01,0.0,False,"Sanctioned amount ₹1,000,000 is 1.01× the peer median ₹990,000 across 1573 comparable works."
WS/MP18118/2025-2026/188302,ND-WRK-0588,Normal/Others,2025-2026,998000.0,1573,990000.0,500000.0,1000000.0,1.01,0.0,False,"Sanctioned amount ₹998,000 is 1.01× the peer median ₹990,000 across 1573 comparable works."
WS/MP18118/2025-2026/188301,ND-WRK-0587,Normal/Others,2025-2026,699000.0,1573,990000.0,500000.0,1000000.0,0.71,0.0,False,"Sanctioned amount ₹699,000 is 0.71× the peer median ₹990,000 across 1573 comparable works."
WS/MP18118/2025-2026/188300,ND-WRK-0586,Repair and Renovation,2025-2026,990001.0,18,1000000.0,500000.0,1500000.0,0.99,0.0,False,"Sanctioned amount ₹990,001 is 0.99× the peer median ₹1,000,000 across 18 comparable works."
WS/MP18118/2025-2026/188299,ND-WRK-0585,Normal/Others,2025-2026,998000.0,1573,990000.0,500000.0,1000000.0,1.01,0.0,False,"Sanctioned amount ₹998,000 is 1.01× the peer median ₹990,000 across 1573 comparable works."
WS/MP18118/2025-2026/188298,ND-WRK-0584,Normal/Others,2025-2026,749900.0,1573,990000.0,500000.0,1000000.0,0.76,0.0,False,"Sanctioned amount ₹749,900 is 0.76× the peer median ₹990,000 across 1573 comparable works."
WS/MP18118/2025-2026/188297,ND-WRK-0583,Normal/Others,2025-2026,749900.0,1573,990000.0,500000.0,1000000.0,0.76,0.0,False,"Sanctioned amount ₹749,900 is 0.76× the peer median ₹990,000 across 1573 comparable works."
WS/MP18118/2025-2026/188293,ND-WRK-0582,Normal/Others,2025-2026,399000.0,1573,990000.0,500000.0,1000000.0,0.4,0.0,False,"Sanctioned amount ₹399,000 is 0.40× the peer median ₹990,000 across 1573 comparable works."
WS/MP18118/2025-2026/188292,ND-WRK-0581,Normal/Others,2025-2026,998000.0,1573,990000.0,500000.0,1000000.0,1.01,0.0,False,"Sanctioned amount ₹998,000 is 1.01× the peer median ₹990,000 across 1573 comparable works."
WS/MP18118/2025-2026/252861,ND-WRK-0612,Normal/Others,2025-2026,1000000.0,1573,990000.0,500000.0,1000000.0,1.01,0.0,False,"Sanctioned amount ₹1,000,000 is 1.01× the peer median ₹990,000 across 1573 comparable works."
WS/MP18118/2025-2026/252859,ND-WRK-0611,Normal/Others,2025-2026,1000000.0,1573,990000.0,500000.0,1000000.0,1.01,0.0,False,"Sanctioned amount ₹1,000,000 is 1.01× the peer median ₹990,000 across 1573 comparable works."
WS/MP18118/2025-2026/252858,ND-WRK-0610,Normal/Others,2025-2026,1000000.0,1573,990000.0,500000.0,1000000.0,1.01,0.0,False,"Sanctioned amount ₹1,000,000 is 1.01× the peer median ₹990,000 across 1573 comparable works."
WS/MP18118/2025-2026/252857,ND-WRK-0609,Normal/Others,2025-2026,1000000.0,1573,990000.0,500000.0,1000000.0,1.01,0.0,False,"Sanctioned amount ₹1,000,000 is 1.01× the peer median ₹990,000 across 1573 comparable works."
WS/MP18118/2025-2026/252856,ND-WRK-0608,Normal/Others,2025-2026,1000000.0,1573,990000.0,500000.0,1000000.0,1.01,0.0,False,"Sanctioned amount ₹1,000,000 is 1.01× the peer median ₹990,000 across 1573 comparable works."
WS/MP18118/2025-2026/252855,ND-WRK-0607,Normal/Others,2025-2026,1000000.0,1573,990000.0,500000.0,1000000.0,1.01,0.0,False,"Sanctioned amount ₹1,000,000 is 1.01× the peer median ₹990,000 across 1573 comparable works."
WS/MP18118/2025-2026/252854,ND-WRK-0606,Normal/Others,2025-2026,1000000.0,1573,990000.0,500000.0,1000000.0,1.01,0.0,False,"Sanctioned amount ₹1,000,000 is 1.01× the peer median ₹990,000 across 1573 comparable works."
WS/MP18118/2025-2026/188445,ND-WRK-0605,Normal/Others,2025-2026,999000.0,1573,990000.0,500000.0,1000000.0,1.01,0.0,False,"Sanctioned amount ₹999,000 is 1.01× the peer median ₹990,000 across 1573 comparable works."
WS/MP18118/2025-2026/188427,ND-WRK-0604,Normal/Others,2025-2026,999000.0,1573,990000.0,500000.0,1000000.0,1.01,0.0,False,"Sanctioned amount ₹999,000 is 1.01× the peer median ₹990,000 across 1573 comparable works."
WS/MP18118/2025-2026/188426,ND-WRK-0603,Normal/Others,2025-2026,986000.0,1573,990000.0,500000.0,1000000.0,1.0,0.0,False,"Sanctioned amount ₹986,000 is 1.00× the peer median ₹990,000 across 1573 comparable works."
WS/MP18118/2025-2026/188319,ND-WRK-0602,Normal/Others,2025-2026,996000.0,1573,990000.0,500000.0,1000000.0,1.01,0.0,False,"Sanctioned amount ₹996,000 is 1.01× the peer median ₹990,000 across 1573 comparable works."
WS/MP18118/2025-2026/188318,ND-WRK-0601,Normal/Others,2025-2026,499000.0,1573,990000.0,500000.0,1000000.0,0.5,0.0,False,"Sanctioned amount ₹499,000 is 0.50× the peer median ₹990,000 across 1573 comparable works."
WS/MP18118/2025-2026/188317,ND-WRK-0600,Normal/Others,2025-2026,998000.0,1573,990000.0,500000.0,1000000.0,1.01,0.0,False,"Sanctioned amount ₹998,000 is 1.01× the peer median ₹990,000 across 1573 comparable works."
WS/MP18118/2025-2026/188316,ND-WRK-0599,Normal/Others,2025-2026,998000.0,1573,990000.0,500000.0,1000000.0,1.01,0.0,False,"Sanctioned amount ₹998,000 is 1.01× the peer median ₹990,000 across 1573 comparable works."
WS/MP18118/2025-2026/188315,ND-WRK-0598,Normal/Others,2025-2026,1000000.0,1573,990000.0,500000.0,1000000.0,1.01,0.0,False,"Sanctioned amount ₹1,000,000 is 1.01× the peer median ₹990,000 across 1573 comparable works."
WS/MP18118/2025-2026/188314,ND-WRK-0597,Normal/Others,2025-2026,699000.0,1573,990000.0,500000.0,1000000.0,0.71,0.0,False,"Sanctioned amount ₹699,000 is 0.71× the peer median ₹990,000 across 1573 comparable works."
WS/MP18118/2025-2026/252899,ND-WRK-0629,Normal/Others,2025-2026,750000.0,1573,990000.0,500000.0,1000000.0,0.76,0.0,False,"Sanctioned amount ₹750,000 is 0.76× the peer median ₹990,000 across 1573 comparable works."
WS/MP18118/2025-2026/252898,ND-WRK-0628,Normal/Others,2025-2026,750000.0,1573,990000.0,500000.0,1000000.0,0.76,0.0,False,"Sanctioned amount ₹750,000 is 0.76× the peer median ₹990,000 across 1573 comparable works."
WS/MP18118/2025-2026/252897,ND-WRK-0627,Normal/Others,2025-2026,700000.0,1573,990000.0,500000.0,1000000.0,0.71,0.0,False,"Sanctioned amount ₹700,000 is 0.71× the peer median ₹990,000 across 1573 comparable works."
WS/MP18118/2025-2026/252896,ND-WRK-0626,Normal/Others,2025-2026,600000.0,1573,990000.0,500000.0,1000000.0,0.61,0.0,False,"Sanctioned amount ₹600,000 is 0.61× the peer median ₹990,000 across 1573 comparable works."
WS/MP18118/2025-2026/252895,ND-WRK-0625,Normal/Others,2025-2026,1000000.0,1573,990000.0,500000.0,1000000.0,1.01,0.0,False,"Sanctioned amount ₹1,000,000 is 1.01× the peer median ₹990,000 across 1573 comparable works."
WS/MP18118/2025-2026/252894,ND-WRK-0624,Normal/Others,2025-2026,700000.0,1573,990000.0,500000.0,1000000.0,0.71,0.0,False,"Sanctioned amount ₹700,000 is 0.71× the peer median ₹990,000 across 1573 comparable works."
WS/MP18118/2025-2026/252886,ND-WRK-0623,Normal/Others,2025-2026,1000000.0,1573,990000.0,500000.0,1000000.0,1.01,0.0,False,"Sanctioned amount ₹1,000,000 is 1.01× the peer median ₹990,000 across 1573 comparable works."
WS/MP18118/2025-2026/252885,ND-WRK-0622,Normal/Others,2025-2026,1000000.0,1573,990000.0,500000.0,1000000.0,1.01,0.0,False,"Sanctioned amount ₹1,000,000 is 1.01× the peer median ₹990,000 across 1573 comparable works."
WS/MP18118/2025-2026/252884,ND-WRK-0621,Normal/Others,2025-2026,1000000.0,1573,990000.0,500000.0,1000000.0,1.01,0.0,False,"Sanctioned amount ₹1,000,000 is 1.01× the peer median ₹990,000 across 1573 comparable works."
WS/MP18118/2025-2026/252883,ND-WRK-0620,Normal/Others,2025-2026,1000000.0,1573,990000.0,500000.0,1000000.0,1.01,0.0,False,"Sanctioned amount ₹1,000,000 is 1.01× the peer median ₹990,000 across 1573 comparable works."
WS/MP18118/2025-2026/252882,ND-WRK-0619,Normal/Others,2025-2026,1000000.0,1573,990000.0,500000.0,1000000.0,1.01,0.0,False,"Sanctioned amount ₹1,000,000 is 1.01× the peer median ₹990,000 across 1573 comparable works."
WS/MP18118/2025-2026/252881,ND-WRK-0618,Normal/Others,2025-2026,1000000.0,1573,990000.0,500000.0,1000000.0,1.01,0.0,False,"Sanctioned amount ₹1,000,000 is 1.01× the peer median ₹990,000 across 1573 comparable works."
WS/MP18118/2025-2026/252880,ND-WRK-0617,Normal/Others,2025-2026,991372.0,1573,990000.0,500000.0,1000000.0,1.0,0.0,False,"Sanctioned amount ₹991,372 is 1.00× the peer median ₹990,000 across 1573 comparable works."
WS/MP18118/2025-2026/252878,ND-WRK-0615,Normal/Others,2025-2026,1000000.0,1573,990000.0,500000.0,1000000.0,1.01,0.0,False,"Sanctioned amount ₹1,000,000 is 1.01× the peer median ₹990,000 across 1573 comparable works."
WS/MP18118/2025-2026/252877,ND-WRK-0614,Normal/Others,2025-2026,1000000.0,1573,990000.0,500000.0,1000000.0,1.01,0.0,False,"Sanctioned amount ₹1,000,000 is 1.01× the peer median ₹990,000 across 1573 comparable works."
WS/MP18118/2025-2026/252862,ND-WRK-0613,Normal/Others,2025-2026,1000000.0,1573,990000.0,500000.0,1000000.0,1.01,0.0,False,"Sanctioned amount ₹1,000,000 is 1.01× the peer median ₹990,000 across 1573 comparable works."
WS/MP18118/2026-2027/271611,ND-WRK-0645,Normal/Others,2026-2027,1000000.0,683,1000000.0,700000.0,1000000.0,1.0,0.0,False,"Sanctioned amount ₹1,000,000 is 1.00× the peer median ₹1,000,000 across 683 comparable works."
WS/MP18118/2026-2027/271610,ND-WRK-0644,Normal/Others,2026-2027,1000000.0,683,1000000.0,700000.0,1000000.0,1.0,0.0,False,"Sanctioned amount ₹1,000,000 is 1.00× the peer median ₹1,000,000 across 683 comparable works."
WS/MP18118/2026-2027/271609,ND-WRK-0643,Normal/Others,2026-2027,1000000.0,683,1000000.0,700000.0,1000000.0,1.0,0.0,False,"Sanctioned amount ₹1,000,000 is 1.00× the peer median ₹1,000,000 across 683 comparable works."
WS/MP18118/2026-2027/271608,ND-WRK-0642,Normal/Others,2026-2027,1000000.0,683,1000000.0,700000.0,1000000.0,1.0,0.0,False,"Sanctioned amount ₹1,000,000 is 1.00× the peer median ₹1,000,000 across 683 comparable works."
WS/MP18118/2026-2027/271607,ND-WRK-0641,Normal/Others,2026-2027,500000.0,683,1000000.0,700000.0,1000000.0,0.5,0.0,False,"Sanctioned amount ₹500,000 is 0.50× the peer median ₹1,000,000 across 683 comparable works."
WS/MP18118/2026-2027/271606,ND-WRK-0640,Normal/Others,2026-2027,1000000.0,683,1000000.0,700000.0,1000000.0,1.0,0.0,False,"Sanctioned amount ₹1,000,000 is 1.00× the peer median ₹1,000,000 across 683 comparable works."
WS/MP18118/2026-2027/252853,ND-WRK-0638,Normal/Others,2026-2027,500000.0,683,1000000.0,700000.0,1000000.0,0.5,0.0,False,"Sanctioned amount ₹500,000 is 0.50× the peer median ₹1,000,000 across 683 comparable works."
WS/MP18118/2026-2027/252848,ND-WRK-0637,Normal/Others,2026-2027,1000000.0,683,1000000.0,700000.0,1000000.0,1.0,0.0,False,"Sanctioned amount ₹1,000,000 is 1.00× the peer median ₹1,000,000 across 683 comparable works."
WS/MP18118/2026-2027/188288,ND-WRK-0636,Normal/Others,2026-2027,748000.0,683,1000000.0,700000.0,1000000.0,0.75,0.0,False,"Sanctioned amount ₹748,000 is 0.75× the peer median ₹1,000,000 across 683 comparable works."
WS/MP18118/2026-2027/188287,ND-WRK-0635,Normal/Others,2026-2027,750000.0,683,1000000.0,700000.0,1000000.0,0.75,0.0,False,"Sanctioned amount ₹750,000 is 0.75× the peer median ₹1,000,000 across 683 comparable works."
WS/MP18118/2025-2026/252915,ND-WRK-0634,Normal/Others,2025-2026,1000000.0,1573,990000.0,500000.0,1000000.0,1.01,0.0,False,"Sanctioned amount ₹1,000,000 is 1.01× the peer median ₹990,000 across 1573 comparable works."
WS/MP18118/2025-2026/252903,ND-WRK-0633,Normal/Others,2025-2026,1000000.0,1573,990000.0,500000.0,1000000.0,1.01,0.0,False,"Sanctioned amount ₹1,000,000 is 1.01× the peer median ₹990,000 across 1573 comparable works."
WS/MP18118/2025-2026/252902,ND-WRK-0632,Normal/Others,2025-2026,750000.0,1573,990000.0,500000.0,1000000.0,0.76,0.0,False,"Sanctioned amount ₹750,000 is 0.76× the peer median ₹990,000 across 1573 comparable works."
WS/MP18118/2025-2026/252901,ND-WRK-0631,Normal/Others,2025-2026,750000.0,1573,990000.0,500000.0,1000000.0,0.76,0.0,False,"Sanctioned amount ₹750,000 is 0.76× the peer median ₹990,000 across 1573 comparable works."
WS/MP18118/2025-2026/252900,ND-WRK-0630,Normal/Others,2025-2026,750000.0,1573,990000.0,500000.0,1000000.0,0.76,0.0,False,"Sanctioned amount ₹750,000 is 0.76× the peer median ₹990,000 across 1573 comparable works."
WS/MP18119/2025-2026/163399,ND-WRK-0661,Normal/Others,2025-2026,1000000.0,1573,990000.0,500000.0,1000000.0,1.01,0.0,False,"Sanctioned amount ₹1,000,000 is 1.01× the peer median ₹990,000 across 1573 comparable works."
WS/MP18119/2025-2026/163398,ND-WRK-0660,Normal/Others,2025-2026,700000.0,1573,990000.0,500000.0,1000000.0,0.71,0.0,False,"Sanctioned amount ₹700,000 is 0.71× the peer median ₹990,000 across 1573 comparable works."
WS/MP18119/2025-2026/163397,ND-WRK-0659,Normal/Others,2025-2026,1000000.0,1573,990000.0,500000.0,1000000.0,1.01,0.0,False,"Sanctioned amount ₹1,000,000 is 1.01× the peer median ₹990,000 across 1573 comparable works."
WS/MP18119/2025-2026/163396,ND-WRK-0658,Normal/Others,2025-2026,500000.0,1573,990000.0,500000.0,1000000.0,0.51,0.0,False,"Sanctioned amount ₹500,000 is 0.51× the peer median ₹990,000 across 1573 comparable works."
WS/MP18119/2025-2026/163395,ND-WRK-0657,Normal/Others,2025-2026,1000000.0,1573,990000.0,500000.0,1000000.0,1.01,0.0,False,"Sanctioned amount ₹1,000,000 is 1.01× the peer median ₹990,000 across 1573 comparable works."
WS/MP18119/2025-2026/163394,ND-WRK-0656,Normal/Others,2025-2026,500000.0,1573,990000.0,500000.0,1000000.0,0.51,0.0,False,"Sanctioned amount ₹500,000 is 0.51× the peer median ₹990,000 across 1573 comparable works."
WS/MP18118/2026-2027/277098,ND-WRK-0655,Normal/Others,2026-2027,700000.0,683,1000000.0,700000.0,1000000.0,0.7,0.0,False,"Sanctioned amount ₹700,000 is 0.70× the peer median ₹1,000,000 across 683 comparable works."
WS/MP18118/2026-2027/271666,ND-WRK-0654,Normal/Others,2026-2027,500000.0,683,1000000.0,700000.0,1000000.0,0.5,0.0,False,"Sanctioned amount ₹500,000 is 0.50× the peer median ₹1,000,000 across 683 comparable works."
WS/MP18118/2026-2027/271665,ND-WRK-0653,Normal/Others,2026-2027,1000000.0,683,1000000.0,700000.0,1000000.0,1.0,0.0,False,"Sanctioned amount ₹1,000,000 is 1.00× the peer median ₹1,000,000 across 683 comparable works."
WS/MP18118/2026-2027/271664,ND-WRK-0652,Normal/Others,2026-2027,700000.0,683,1000000.0,700000.0,1000000.0,0.7,0.0,False,"Sanctioned amount ₹700,000 is 0.70× the peer median ₹1,000,000 across 683 comparable works."
WS/MP18118/2026-2027/271663,ND-WRK-0651,Normal/Others,2026-2027,1000000.0,683,1000000.0,700000.0,1000000.0,1.0,0.0,False,"Sanctioned amount ₹1,000,000 is 1.00× the peer median ₹1,000,000 across 683 comparable works."
WS/MP18118/2026-2027/271662,ND-WRK-0650,Normal/Others,2026-2027,1000000.0,683,1000000.0,700000.0,1000000.0,1.0,0.0,False,"Sanctioned amount ₹1,000,000 is 1.00× the peer median ₹1,000,000 across 683 comparable works."
WS/MP18118/2026-2027/271661,ND-WRK-0649,Normal/Others,2026-2027,500000.0,683,1000000.0,700000.0,1000000.0,0.5,0.0,False,"Sanctioned amount ₹500,000 is 0.50× the peer median ₹1,000,000 across 683 comparable works."
WS/MP18118/2026-2027/271660,ND-WRK-0648,Normal/Others,2026-2027,500000.0,683,1000000.0,700000.0,1000000.0,0.5,0.0,False,"Sanctioned amount ₹500,000 is 0.50× the peer median ₹1,000,000 across 683 comparable works."
WS/MP18118/2026-2027/271659,ND-WRK-0647,Normal/Others,2026-2027,500000.0,683,1000000.0,700000.0,1000000.0,0.5,0.0,False,"Sanctioned amount ₹500,000 is 0.50× the peer median ₹1,000,000 across 683 comparable works."
WS/MP18118/2026-2027/271657,ND-WRK-0646,Normal/Others,2026-2027,1000000.0,683,1000000.0,700000.0,1000000.0,1.0,0.0,False,"Sanctioned amount ₹1,000,000 is 1.00× the peer median ₹1,000,000 across 683 comparable works."
WS/MP18119/2025-2026/163470,ND-WRK-0678,Normal/Others,2025-2026,795506.0,1573,990000.0,500000.0,1000000.0,0.8,0.0,False,"Sanctioned amount ₹795,506 is 0.80× the peer median ₹990,000 across 1573 comparable works."
WS/MP18119/2025-2026/163469,ND-WRK-0677,Normal/Others,2025-2026,599950.0,1573,990000.0,500000.0,1000000.0,0.61,0.0,False,"Sanctioned amount ₹599,950 is 0.61× the peer median ₹990,000 across 1573 comparable works."
WS/MP18119/2025-2026/163439,ND-WRK-0676,Normal/Others,2025-2026,1500000.0,1573,990000.0,500000.0,1000000.0,1.52,0.0,False,"Sanctioned amount ₹1,500,000 is 1.52× the peer median ₹990,000 across 1573 comparable works."
WS/MP18119/2025-2026/163436,ND-WRK-0675,Normal/Others,2025-2026,1500000.0,1573,990000.0,500000.0,1000000.0,1.52,0.0,False,"Sanctioned amount ₹1,500,000 is 1.52× the peer median ₹990,000 across 1573 comparable works."
WS/MP18119/2025-2026/163414,ND-WRK-0673,Normal/Others,2025-2026,1000000.0,1573,990000.0,500000.0,1000000.0,1.01,0.0,False,"Sanctioned amount ₹1,000,000 is 1.01× the peer median ₹990,000 across 1573 comparable works."
WS/MP18119/2025-2026/163413,ND-WRK-0672,Normal/Others,2025-2026,1000000.0,1573,990000.0,500000.0,1000000.0,1.01,0.0,False,"Sanctioned amount ₹1,000,000 is 1.01× the peer median ₹990,000 across 1573 comparable works."
WS/MP18119/2025-2026/163411,ND-WRK-0671,Normal/Others,2025-2026,1000000.0,1573,990000.0,500000.0,1000000.0,1.01,0.0,False,"Sanctioned amount ₹1,000,000 is 1.01× the peer median ₹990,000 across 1573 comparable works."
WS/MP18119/2025-2026/163410,ND-WRK-0670,Normal/Others,2025-2026,1000000.0,1573,990000.0,500000.0,1000000.0,1.01,0.0,False,"Sanctioned amount ₹1,000,000 is 1.01× the peer median ₹990,000 across 1573 comparable works."
WS/MP18119/2025-2026/163408,ND-WRK-0669,Normal/Others,2025-2026,1500000.0,1573,990000.0,500000.0,1000000.0,1.52,0.0,False,"Sanctioned amount ₹1,500,000 is 1.52× the peer median ₹990,000 across 1573 comparable works."
WS/MP18119/2025-2026/163407,ND-WRK-0668,Normal/Others,2025-2026,1000000.0,1573,990000.0,500000.0,1000000.0,1.01,0.0,False,"Sanctioned amount ₹1,000,000 is 1.01× the peer median ₹990,000 across 1573 comparable works."
WS/MP18119/2025-2026/163406,ND-WRK-0667,Normal/Others,2025-2026,500000.0,1573,990000.0,500000.0,1000000.0,0.51,0.0,False,"Sanctioned amount ₹500,000 is 0.51× the peer median ₹990,000 across 1573 comparable works."
WS/MP18119/2025-2026/163404,ND-WRK-0666,Normal/Others,2025-2026,1500000.0,1573,990000.0,500000.0,1000000.0,1.52,0.0,False,"Sanctioned amount ₹1,500,000 is 1.52× the peer median ₹990,000 across 1573 comparable works."
WS/MP18119/2025-2026/163403,ND-WRK-0665,Normal/Others,2025-2026,1000000.0,1573,990000.0,500000.0,1000000.0,1.01,0.0,False,"Sanctioned amount ₹1,000,000 is 1.01× the peer median ₹990,000 across 1573 comparable works."
WS/MP18119/2025-2026/163402,ND-WRK-0664,Normal/Others,2025-2026,1000000.0,1573,990000.0,500000.0,1000000.0,1.01,0.0,False,"Sanctioned amount ₹1,000,000 is 1.01× the peer median ₹990,000 across 1573 comparable works."
WS/MP18119/2025-2026/163401,ND-WRK-0663,Normal/Others,2025-2026,1200000.0,1573,990000.0,500000.0,1000000.0,1.21,0.0,False,"Sanctioned amount ₹1,200,000 is 1.21× the peer median ₹990,000 across 1573 comparable works."
WS/MP18119/2025-2026/163400,ND-WRK-0662,Normal/Others,2025-2026,1000000.0,1573,990000.0,500000.0,1000000.0,1.01,0.0,False,"Sanctioned amount ₹1,000,000 is 1.01× the peer median ₹990,000 across 1573 comparable works."
WS/MP18119/2025-2026/233666,ND-WRK-0692,Normal/Others,2025-2026,1000000.0,1573,990000.0,500000.0,1000000.0,1.01,0.0,False,"Sanctioned amount ₹1,000,000 is 1.01× the peer median ₹990,000 across 1573 comparable works."
WS/MP18119/2025-2026/232206,ND-WRK-0691,Normal/Others,2025-2026,1000000.0,1573,990000.0,500000.0,1000000.0,1.01,0.0,False,"Sanctioned amount ₹1,000,000 is 1.01× the peer median ₹990,000 across 1573 comparable works."
WS/MP18119/2025-2026/163577,ND-WRK-0690,Normal/Others,2025-2026,299369.0,1573,990000.0,500000.0,1000000.0,0.3,0.0,False,"Sanctioned amount ₹299,369 is 0.30× the peer median ₹990,000 across 1573 comparable works."
WS/MP18119/2025-2026/163575,ND-WRK-0689,Normal/Others,2025-2026,1000000.0,1573,990000.0,500000.0,1000000.0,1.01,0.0,False,"Sanctioned amount ₹1,000,000 is 1.01× the peer median ₹990,000 across 1573 comparable works."
WS/MP18119/2025-2026/163574,ND-WRK-0688,Normal/Others,2025-2026,1000000.0,1573,990000.0,500000.0,1000000.0,1.01,0.0,False,"Sanctioned amount ₹1,000,000 is 1.01× the peer median ₹990,000 across 1573 comparable works."
WS/MP18119/2025-2026/163482,ND-WRK-0687,Normal/Others,2025-2026,700000.0,1573,990000.0,500000.0,1000000.0,0.71,0.0,False,"Sanctioned amount ₹700,000 is 0.71× the peer median ₹990,000 across 1573 comparable works."
WS/MP18119/2025-2026/163480,ND-WRK-0686,Normal/Others,2025-2026,500000.0,1573,990000.0,500000.0,1000000.0,0.51,0.0,False,"Sanctioned amount ₹500,000 is 0.51× the peer median ₹990,000 across 1573 comparable works."
WS/MP18119/2025-2026/163479,ND-WRK-0685,Normal/Others,2025-2026,500000.0,1573,990000.0,500000.0,1000000.0,0.51,0.0,False,"Sanctioned amount ₹500,000 is 0.51× the peer median ₹990,000 across 1573 comparable works."
WS/MP18119/2025-2026/163478,ND-WRK-0684,Normal/Others,2025-2026,697850.0,1573,990000.0,500000.0,1000000.0,0.7,0.0,False,"Sanctioned amount ₹697,850 is 0.70× the peer median ₹990,000 across 1573 comparable works."
WS/MP18119/2025-2026/163477,ND-WRK-0683,Normal/Others,2025-2026,700000.0,1573,990000.0,500000.0,1000000.0,0.71,0.0,False,"Sanctioned amount ₹700,000 is 0.71× the peer median ₹990,000 across 1573 comparable works."
WS/MP18119/2025-2026/163476,ND-WRK-0682,Normal/Others,2025-2026,300000.0,1573,990000.0,500000.0,1000000.0,0.3,0.0,False,"Sanctioned amount ₹300,000 is 0.30× the peer median ₹990,000 across 1573 comparable works."
WS/MP18119/2025-2026/163475,ND-WRK-0681,Normal/Others,2025-2026,796440.0,1573,990000.0,500000.0,1000000.0,0.8,0.0,False,"Sanctioned amount ₹796,440 is 0.80× the peer median ₹990,000 across 1573 comparable works."
WS/MP18119/2025-2026/163473,ND-WRK-0680,Normal/Others,2025-2026,298168.0,1573,990000.0,500000.0,1000000.0,0.3,0.0,False,"Sanctioned amount ₹298,168 is 0.30× the peer median ₹990,000 across 1573 comparable works."
WS/MP18119/2025-2026/163471,ND-WRK-0679,Normal/Others,2025-2026,800000.0,1573,990000.0,500000.0,1000000.0,0.81,0.0,False,"Sanctioned amount ₹800,000 is 0.81× the peer median ₹990,000 across 1573 comparable works."
WS/MP18119/2026-2027/256546,ND-WRK-0710,Normal/Others,2026-2027,300000.0,683,1000000.0,700000.0,1000000.0,0.3,0.0,False,"Sanctioned amount ₹300,000 is 0.30× the peer median ₹1,000,000 across 683 comparable works."
WS/MP18119/2026-2027/256544,ND-WRK-0709,Normal/Others,2026-2027,400000.0,683,1000000.0,700000.0,1000000.0,0.4,0.0,False,"Sanctioned amount ₹400,000 is 0.40× the peer median ₹1,000,000 across 683 comparable works."
WS/MP18119/2026-2027/256541,ND-WRK-0708,Normal/Others,2026-2027,600000.0,683,1000000.0,700000.0,1000000.0,0.6,0.0,False,"Sanctioned amount ₹600,000 is 0.60× the peer median ₹1,000,000 across 683 comparable works."
WS/MP18119/2026-2027/256540,ND-WRK-0707,Normal/Others,2026-2027,700000.0,683,1000000.0,700000.0,1000000.0,0.7,0.0,False,"Sanctioned amount ₹700,000 is 0.70× the peer median ₹1,000,000 across 683 comparable works."
WS/MP18119/2026-2027/256539,ND-WRK-0706,Normal/Others,2026-2027,300000.0,683,1000000.0,700000.0,1000000.0,0.3,0.0,False,"Sanctioned amount ₹300,000 is 0.30× the peer median ₹1,000,000 across 683 comparable works."
WS/MP18119/2026-2027/256538,ND-WRK-0705,Normal/Others,2026-2027,400000.0,683,1000000.0,700000.0,1000000.0,0.4,0.0,False,"Sanctioned amount ₹400,000 is 0.40× the peer median ₹1,000,000 across 683 comparable works."
WS/MP18119/2026-2027/256537,ND-WRK-0704,Normal/Others,2026-2027,400000.0,683,1000000.0,700000.0,1000000.0,0.4,0.0,False,"Sanctioned amount ₹400,000 is 0.40× the peer median ₹1,000,000 across 683 comparable works."
WS/MP18119/2026-2027/256535,ND-WRK-0703,Normal/Others,2026-2027,800000.0,683,1000000.0,700000.0,1000000.0,0.8,0.0,False,"Sanctioned amount ₹800,000 is 0.80× the peer median ₹1,000,000 across 683 comparable works."
WS/MP18119/2026-2027/256534,ND-WRK-0702,Normal/Others,2026-2027,300000.0,683,1000000.0,700000.0,1000000.0,0.3,0.0,False,"Sanctioned amount ₹300,000 is 0.30× the peer median ₹1,000,000 across 683 comparable works."
WS/MP18119/2026-2027/256533,ND-WRK-0701,Normal/Others,2026-2027,350000.0,683,1000000.0,700000.0,1000000.0,0.35,0.0,False,"Sanctioned amount ₹350,000 is 0.35× the peer median ₹1,000,000 across 683 comparable works."
WS/MP18119/2026-2027/256532,ND-WRK-0700,Normal/Others,2026-2027,400000.0,683,1000000.0,700000.0,1000000.0,0.4,0.0,False,"Sanctioned amount ₹400,000 is 0.40× the peer median ₹1,000,000 across 683 comparable works."
WS/MP18119/2026-2027/233662,ND-WRK-0699,Normal/Others,2026-2027,1000000.0,683,1000000.0,700000.0,1000000.0,1.0,0.0,False,"Sanctioned amount ₹1,000,000 is 1.00× the peer median ₹1,000,000 across 683 comparable works."
WS/MP18119/2026-2027/233660,ND-WRK-0698,Normal/Others,2026-2027,1000000.0,683,1000000.0,700000.0,1000000.0,1.0,0.0,False,"Sanctioned amount ₹1,000,000 is 1.00× the peer median ₹1,000,000 across 683 comparable works."
WS/MP18119/2026-2027/233653,ND-WRK-0697,Normal/Others,2026-2027,1000000.0,683,1000000.0,700000.0,1000000.0,1.0,0.0,False,"Sanctioned amount ₹1,000,000 is 1.00× the peer median ₹1,000,000 across 683 comparable works."
WS/MP18119/2026-2027/163481,ND-WRK-0696,Normal/Others,2026-2027,700000.0,683,1000000.0,700000.0,1000000.0,0.7,0.0,False,"Sanctioned amount ₹700,000 is 0.70× the peer median ₹1,000,000 across 683 comparable works."
WS/MP18119/2026-2027/163474,ND-WRK-0695,Normal/Others,2026-2027,800000.0,683,1000000.0,700000.0,1000000.0,0.8,0.0,False,"Sanctioned amount ₹800,000 is 0.80× the peer median ₹1,000,000 across 683 comparable works."
WS/MP18120/2025-2026/190403,ND-WRK-0732,Normal/Others,2025-2026,993000.0,1573,990000.0,500000.0,1000000.0,1.0,0.0,False,"Sanctioned amount ₹993,000 is 1.00× the peer median ₹990,000 across 1573 comparable works."
WS/MP18120/2025-2026/189536,ND-WRK-0729,Normal/Others,2025-2026,991576.0,1573,990000.0,500000.0,1000000.0,1.0,0.0,False,"Sanctioned amount ₹991,576 is 1.00× the peer median ₹990,000 across 1573 comparable works."
WS/MP18120/2025-2026/189535,ND-WRK-0728,Normal/Others,2025-2026,998507.0,1573,990000.0,500000.0,1000000.0,1.01,0.0,False,"Sanctioned amount ₹998,507 is 1.01× the peer median ₹990,000 across 1573 comparable works."
WS/MP18120/2025-2026/180360,ND-WRK-0727,Normal/Others,2025-2026,1498945.0,1573,990000.0,500000.0,1000000.0,1.51,0.0,False,"Sanctioned amount ₹1,498,945 is 1.51× the peer median ₹990,000 across 1573 comparable works."
WS/MP18120/2025-2026/174642,ND-WRK-0726,Normal/Others,2025-2026,996314.0,1573,990000.0,500000.0,1000000.0,1.01,0.0,False,"Sanctioned amount ₹996,314 is 1.01× the peer median ₹990,000 across 1573 comparable works."
WS/MP18120/2025-2026/174629,ND-WRK-0724,Normal/Others,2025-2026,1492857.0,1573,990000.0,500000.0,1000000.0,1.51,0.0,False,"Sanctioned amount ₹1,492,857 is 1.51× the peer median ₹990,000 across 1573 comparable works."
WS/MP18120/2025-2026/174627,ND-WRK-0723,Normal/Others,2025-2026,1498207.0,1573,990000.0,500000.0,1000000.0,1.51,0.0,False,"Sanctioned amount ₹1,498,207 is 1.51× the peer median ₹990,000 across 1573 comparable works."
WS/MP18120/2025-2026/174626,ND-WRK-0722,Normal/Others,2025-2026,1485959.0,1573,990000.0,500000.0,1000000.0,1.5,0.0,False,"Sanctioned amount ₹1,485,959 is 1.50× the peer median ₹990,000 across 1573 comparable works."
WS/MP18120/2025-2026/169263,ND-WRK-0721,Normal/Others,2025-2026,999444.0,1573,990000.0,500000.0,1000000.0,1.01,0.0,False,"Sanctioned amount ₹999,444 is 1.01× the peer median ₹990,000 across 1573 comparable works."
WS/MP18119/2026-2027/274729,ND-WRK-0717,Normal/Others,2026-2027,600000.0,683,1000000.0,700000.0,1000000.0,0.6,0.0,False,"Sanctioned amount ₹600,000 is 0.60× the peer median ₹1,000,000 across 683 comparable works."
WS/MP18119/2026-2027/259515,ND-WRK-0716,Normal/Others,2026-2027,300000.0,683,1000000.0,700000.0,1000000.0,0.3,0.0,False,"Sanctioned amount ₹300,000 is 0.30× the peer median ₹1,000,000 across 683 comparable works."
WS/MP18119/2026-2027/256558,ND-WRK-0715,Normal/Others,2026-2027,400000.0,683,1000000.0,700000.0,1000000.0,0.4,0.0,False,"Sanctioned amount ₹400,000 is 0.40× the peer median ₹1,000,000 across 683 comparable works."
WS/MP18119/2026-2027/256557,ND-WRK-0714,Normal/Others,2026-2027,500000.0,683,1000000.0,700000.0,1000000.0,0.5,0.0,False,"Sanctioned amount ₹500,000 is 0.50× the peer median ₹1,000,000 across 683 comparable works."
WS/MP18119/2026-2027/256555,ND-WRK-0713,Normal/Others,2026-2027,300000.0,683,1000000.0,700000.0,1000000.0,0.3,0.0,False,"Sanctioned amount ₹300,000 is 0.30× the peer median ₹1,000,000 across 683 comparable works."
WS/MP18119/2026-2027/256553,ND-WRK-0712,Normal/Others,2026-2027,500000.0,683,1000000.0,700000.0,1000000.0,0.5,0.0,False,"Sanctioned amount ₹500,000 is 0.50× the peer median ₹1,000,000 across 683 comparable works."
WS/MP18119/2026-2027/256548,ND-WRK-0711,Normal/Others,2026-2027,200000.0,683,1000000.0,700000.0,1000000.0,0.2,0.0,False,"Sanctioned amount ₹200,000 is 0.20× the peer median ₹1,000,000 across 683 comparable works."
WS/MP18120/2025-2026/225805,ND-WRK-0748,Normal/Others,2025-2026,240611.0,1573,990000.0,500000.0,1000000.0,0.24,0.0,False,"Sanctioned amount ₹240,611 is 0.24× the peer median ₹990,000 across 1573 comparable works."
WS/MP18120/2025-2026/225804,ND-WRK-0747,Normal/Others,2025-2026,240611.0,1573,990000.0,500000.0,1000000.0,0.24,0.0,False,"Sanctioned amount ₹240,611 is 0.24× the peer median ₹990,000 across 1573 comparable works."
WS/MP18120/2025-2026/225803,ND-WRK-0746,Normal/Others,2025-2026,240611.0,1573,990000.0,500000.0,1000000.0,0.24,0.0,False,"Sanctioned amount ₹240,611 is 0.24× the peer median ₹990,000 across 1573 comparable works."
WS/MP18120/2025-2026/225802,ND-WRK-0745,Normal/Others,2025-2026,240611.0,1573,990000.0,500000.0,1000000.0,0.24,0.0,False,"Sanctioned amount ₹240,611 is 0.24× the peer median ₹990,000 across 1573 comparable works."
WS/MP18120/2025-2026/225801,ND-WRK-0744,Normal/Others,2025-2026,240611.0,1573,990000.0,500000.0,1000000.0,0.24,0.0,False,"Sanctioned amount ₹240,611 is 0.24× the peer median ₹990,000 across 1573 comparable works."
WS/MP18120/2025-2026/225800,ND-WRK-0743,Normal/Others,2025-2026,240611.0,1573,990000.0,500000.0,1000000.0,0.24,0.0,False,"Sanctioned amount ₹240,611 is 0.24× the peer median ₹990,000 across 1573 comparable works."
WS/MP18120/2025-2026/218863,ND-WRK-0742,Normal/Others,2025-2026,500000.0,1573,990000.0,500000.0,1000000.0,0.51,0.0,False,"Sanctioned amount ₹500,000 is 0.51× the peer median ₹990,000 across 1573 comparable works."
WS/MP18120/2025-2026/213059,ND-WRK-0741,Normal/Others,2025-2026,994661.0,1573,990000.0,500000.0,1000000.0,1.0,0.0,False,"Sanctioned amount ₹994,661 is 1.00× the peer median ₹990,000 across 1573 comparable works."
WS/MP18120/2025-2026/213055,ND-WRK-0740,Normal/Others,2025-2026,986725.0,1573,990000.0,500000.0,1000000.0,1.0,0.0,False,"Sanctioned amount ₹986,725 is 1.00× the peer median ₹990,000 across 1573 comparable works."
WS/MP18120/2025-2026/198963,ND-WRK-0739,Normal/Others,2025-2026,496000.0,1573,990000.0,500000.0,1000000.0,0.5,0.0,False,"Sanctioned amount ₹496,000 is 0.50× the peer median ₹990,000 across 1573 comparable works."
WS/MP18120/2025-2026/198958,ND-WRK-0738,Normal/Others,2025-2026,496000.0,1573,990000.0,500000.0,1000000.0,0.5,0.0,False,"Sanctioned amount ₹496,000 is 0.50× the peer median ₹990,000 across 1573 comparable works."
WS/MP18120/2025-2026/198957,ND-WRK-0737,Normal/Others,2025-2026,496000.0,1573,990000.0,500000.0,1000000.0,0.5,0.0,False,"Sanctioned amount ₹496,000 is 0.50× the peer median ₹990,000 across 1573 comparable works."
WS/MP18120/2025-2026/194147,ND-WRK-0736,Normal/Others,2025-2026,661857.0,1573,990000.0,500000.0,1000000.0,0.67,0.0,False,"Sanctioned amount ₹661,857 is 0.67× the peer median ₹990,000 across 1573 comparable works."
WS/MP18120/2025-2026/193721,ND-WRK-0735,Normal/Others,2025-2026,496000.0,1573,990000.0,500000.0,1000000.0,0.5,0.0,False,"Sanctioned amount ₹496,000 is 0.50× the peer median ₹990,000 across 1573 comparable works."
WS/MP18120/2025-2026/193720,ND-WRK-0734,Normal/Others,2025-2026,496000.0,1573,990000.0,500000.0,1000000.0,0.5,0.0,False,"Sanctioned amount ₹496,000 is 0.50× the peer median ₹990,000 across 1573 comparable works."
WS/MP18120/2025-2026/192247,ND-WRK-0733,Normal/Others,2025-2026,994395.0,1573,990000.0,500000.0,1000000.0,1.0,0.0,False,"Sanctioned amount ₹994,395 is 1.00× the peer median ₹990,000 across 1573 comparable works."
WS/MP18112/2025-2026/188982,ND-WRK-0205,Normal/Others,2025-2026,1500000.0,1573,990000.0,500000.0,1000000.0,1.52,0.0,False,"Sanctioned amount ₹1,500,000 is 1.52× the peer median ₹990,000 across 1573 comparable works."
WS/MP18112/2025-2026/188956,ND-WRK-0204,Normal/Others,2025-2026,700000.0,1573,990000.0,500000.0,1000000.0,0.71,0.0,False,"Sanctioned amount ₹700,000 is 0.71× the peer median ₹990,000 across 1573 comparable works."
WS/MP18112/2025-2026/188955,ND-WRK-0203,Normal/Others,2025-2026,500000.0,1573,990000.0,500000.0,1000000.0,0.51,0.0,False,"Sanctioned amount ₹500,000 is 0.51× the peer median ₹990,000 across 1573 comparable works."
WS/MP18112/2025-2026/188954,ND-WRK-0202,Normal/Others,2025-2026,800000.0,1573,990000.0,500000.0,1000000.0,0.81,0.0,False,"Sanctioned amount ₹800,000 is 0.81× the peer median ₹990,000 across 1573 comparable works."
WS/MP18112/2025-2026/188842,ND-WRK-0201,Normal/Others,2025-2026,1500000.0,1573,990000.0,500000.0,1000000.0,1.52,0.0,False,"Sanctioned amount ₹1,500,000 is 1.52× the peer median ₹990,000 across 1573 comparable works."
WS/MP18112/2025-2026/188633,ND-WRK-0200,Normal/Others,2025-2026,1200000.0,1573,990000.0,500000.0,1000000.0,1.21,0.0,False,"Sanctioned amount ₹1,200,000 is 1.21× the peer median ₹990,000 across 1573 comparable works."
WS/MP18112/2025-2026/188619,ND-WRK-0199,Normal/Others,2025-2026,1500000.0,1573,990000.0,500000.0,1000000.0,1.52,0.0,False,"Sanctioned amount ₹1,500,000 is 1.52× the peer median ₹990,000 across 1573 comparable works."
WS/MP18112/2025-2026/188618,ND-WRK-0198,Normal/Others,2025-2026,1500000.0,1573,990000.0,500000.0,1000000.0,1.52,0.0,False,"Sanctioned amount ₹1,500,000 is 1.52× the peer median ₹990,000 across 1573 comparable works."
WS/MP18112/2025-2026/188617,ND-WRK-0197,Normal/Others,2025-2026,400000.0,1573,990000.0,500000.0,1000000.0,0.4,0.0,False,"Sanctioned amount ₹400,000 is 0.40× the peer median ₹990,000 across 1573 comparable works."
WS/MP18112/2025-2026/188616,ND-WRK-0196,Normal/Others,2025-2026,1200000.0,1573,990000.0,500000.0,1000000.0,1.21,0.0,False,"Sanctioned amount ₹1,200,000 is 1.21× the peer median ₹990,000 across 1573 comparable works."
WS/MP18112/2025-2026/188608,ND-WRK-0195,Normal/Others,2025-2026,1500000.0,1573,990000.0,500000.0,1000000.0,1.52,0.0,False,"Sanctioned amount ₹1,500,000 is 1.52× the peer median ₹990,000 across 1573 comparable works."
WS/MP18112/2025-2026/188607,ND-WRK-0194,Normal/Others,2025-2026,700000.0,1573,990000.0,500000.0,1000000.0,0.71,0.0,False,"Sanctioned amount ₹700,000 is 0.71× the peer median ₹990,000 across 1573 comparable works."
WS/MP18120/2025-2026/225809,ND-WRK-0752,Normal/Others,2025-2026,240611.0,1573,990000.0,500000.0,1000000.0,0.24,0.0,False,"Sanctioned amount ₹240,611 is 0.24× the peer median ₹990,000 across 1573 comparable works."
WS/MP18120/2025-2026/225808,ND-WRK-0751,Normal/Others,2025-2026,240611.0,1573,990000.0,500000.0,1000000.0,0.24,0.0,False,"Sanctioned amount ₹240,611 is 0.24× the peer median ₹990,000 across 1573 comparable works."
WS/MP18120/2025-2026/225807,ND-WRK-0750,Normal/Others,2025-2026,240611.0,1573,990000.0,500000.0,1000000.0,0.24,0.0,False,"Sanctioned amount ₹240,611 is 0.24× the peer median ₹990,000 across 1573 comparable works."
WS/MP18120/2025-2026/225806,ND-WRK-0749,Normal/Others,2025-2026,240611.0,1573,990000.0,500000.0,1000000.0,0.24,0.0,False,"Sanctioned amount ₹240,611 is 0.24× the peer median ₹990,000 across 1573 comparable works."
WS/MP18120/2026-2027/194822,ND-WRK-0767,Normal/Others,2026-2027,1000000.0,683,1000000.0,700000.0,1000000.0,1.0,0.0,False,"Sanctioned amount ₹1,000,000 is 1.00× the peer median ₹1,000,000 across 683 comparable works."
WS/MP18120/2026-2027/192783,ND-WRK-0766,Normal/Others,2026-2027,699707.0,683,1000000.0,700000.0,1000000.0,0.7,0.0,False,"Sanctioned amount ₹699,707 is 0.70× the peer median ₹1,000,000 across 683 comparable works."
WS/MP18120/2026-2027/192782,ND-WRK-0765,Normal/Others,2026-2027,300000.0,683,1000000.0,700000.0,1000000.0,0.3,0.0,False,"Sanctioned amount ₹300,000 is 0.30× the peer median ₹1,000,000 across 683 comparable works."
WS/MP18120/2026-2027/192088,ND-WRK-0764,Normal/Others,2026-2027,999380.0,683,1000000.0,700000.0,1000000.0,1.0,0.0,False,"Sanctioned amount ₹999,380 is 1.00× the peer median ₹1,000,000 across 683 comparable works."
WS/MP18120/2026-2027/174640,ND-WRK-0762,Normal/Others,2026-2027,495989.0,683,1000000.0,700000.0,1000000.0,0.5,0.0,False,"Sanctioned amount ₹495,989 is 0.50× the peer median ₹1,000,000 across 683 comparable works."
WS/MP18120/2026-2027/169218,ND-WRK-0759,Normal/Others,2026-2027,999656.0,683,1000000.0,700000.0,1000000.0,1.0,0.0,False,"Sanctioned amount ₹999,656 is 1.00× the peer median ₹1,000,000 across 683 comparable works."
WS/MP18120/2026-2027/169217,ND-WRK-0758,Normal/Others,2026-2027,699588.0,683,1000000.0,700000.0,1000000.0,0.7,0.0,False,"Sanctioned amount ₹699,588 is 0.70× the peer median ₹1,000,000 across 683 comparable works."
WS/MP18120/2025-2026/241630,ND-WRK-0757,Normal/Others,2025-2026,900000.0,1573,990000.0,500000.0,1000000.0,0.91,0.0,False,"Sanctioned amount ₹900,000 is 0.91× the peer median ₹990,000 across 1573 comparable works."
WS/MP18120/2025-2026/241629,ND-WRK-0756,Normal/Others,2025-2026,900000.0,1573,990000.0,500000.0,1000000.0,0.91,0.0,False,"Sanctioned amount ₹900,000 is 0.91× the peer median ₹990,000 across 1573 comparable works."
WS/MP18120/2025-2026/225812,ND-WRK-0755,Normal/Others,2025-2026,240611.0,1573,990000.0,500000.0,1000000.0,0.24,0.0,False,"Sanctioned amount ₹240,611 is 0.24× the peer median ₹990,000 across 1573 comparable works."
WS/MP18120/2025-2026/225811,ND-WRK-0754,Normal/Others,2025-2026,240611.0,1573,990000.0,500000.0,1000000.0,0.24,0.0,False,"Sanctioned amount ₹240,611 is 0.24× the peer median ₹990,000 across 1573 comparable works."
WS/MP18120/2025-2026/225810,ND-WRK-0753,Normal/Others,2025-2026,240611.0,1573,990000.0,500000.0,1000000.0,0.24,0.0,False,"Sanctioned amount ₹240,611 is 0.24× the peer median ₹990,000 across 1573 comparable works."
WS/MP18112/2025-2026/189002,ND-WRK-0208,Normal/Others,2025-2026,1000000.0,1573,990000.0,500000.0,1000000.0,1.01,0.0,False,"Sanctioned amount ₹1,000,000 is 1.01× the peer median ₹990,000 across 1573 comparable works."
WS/MP18112/2025-2026/189000,ND-WRK-0207,Normal/Others,2025-2026,1000000.0,1573,990000.0,500000.0,1000000.0,1.01,0.0,False,"Sanctioned amount ₹1,000,000 is 1.01× the peer median ₹990,000 across 1573 comparable works."
WS/MP18112/2025-2026/188983,ND-WRK-0206,Normal/Others,2025-2026,1000000.0,1573,990000.0,500000.0,1000000.0,1.01,0.0,False,"Sanctioned amount ₹1,000,000 is 1.01× the peer median ₹990,000 across 1573 comparable works."
WS/MP18122/2024-2025/181774,ND-WRK-0789,Normal/Others,2024-2025,1000000.0,121,999600.0,700000.0,1000000.0,1.0,0.0,False,"Sanctioned amount ₹1,000,000 is 1.00× the peer median ₹999,600 across 121 comparable works."
WS/MP18122/2024-2025/181771,ND-WRK-0788,Normal/Others,2024-2025,1000000.0,121,999600.0,700000.0,1000000.0,1.0,0.0,False,"Sanctioned amount ₹1,000,000 is 1.00× the peer median ₹999,600 across 121 comparable works."
WS/MP18122/2024-2025/168762,ND-WRK-0787,Normal/Others,2024-2025,1000000.0,121,999600.0,700000.0,1000000.0,1.0,0.0,False,"Sanctioned amount ₹1,000,000 is 1.00× the peer median ₹999,600 across 121 comparable works."
WS/MP18122/2024-2025/168753,ND-WRK-0786,Repair and Renovation,2024-2025,1000000.0,3,,,,,0.0,False,Insufficient comparable works: 3 peers.
WS/MP18122/2024-2025/168730,ND-WRK-0785,Repair and Renovation,2024-2025,1000000.0,3,,,,,0.0,False,Insufficient comparable works: 3 peers.
WS/MP18122/2024-2025/168729,ND-WRK-0784,Normal/Others,2024-2025,1000000.0,121,999600.0,700000.0,1000000.0,1.0,0.0,False,"Sanctioned amount ₹1,000,000 is 1.00× the peer median ₹999,600 across 121 comparable works."
WS/MP18121/2024-2025/146782,ND-WRK-0780,Normal/Others,2024-2025,998933.0,121,999711.0,700000.0,1000000.0,1.0,0.0,False,"Sanctioned amount ₹998,933 is 1.00× the peer median ₹999,711 across 121 comparable works."
WS/MP18121/2024-2025/146654,ND-WRK-0776,Normal/Others,2024-2025,699551.0,121,999711.0,700000.0,1000000.0,0.7,0.0,False,"Sanctioned amount ₹699,551 is 0.70× the peer median ₹999,711 across 121 comparable works."
WS/MP18121/2024-2025/146649,ND-WRK-0775,Normal/Others,2024-2025,699000.0,121,999711.0,700000.0,1000000.0,0.7,0.0,False,"Sanctioned amount ₹699,000 is 0.70× the peer median ₹999,711 across 121 comparable works."
WS/MP18121/2024-2025/146636,ND-WRK-0774,Normal/Others,2024-2025,700000.0,121,999711.0,700000.0,1000000.0,0.7,0.0,False,"Sanctioned amount ₹700,000 is 0.70× the peer median ₹999,711 across 121 comparable works."
WS/MP18120/2026-2027/245367,ND-WRK-0773,Normal/Others,2026-2027,997000.0,683,1000000.0,700000.0,1000000.0,1.0,0.0,False,"Sanctioned amount ₹997,000 is 1.00× the peer median ₹1,000,000 across 683 comparable works."
WS/MP18120/2026-2027/245366,ND-WRK-0772,Normal/Others,2026-2027,997000.0,683,1000000.0,700000.0,1000000.0,1.0,0.0,False,"Sanctioned amount ₹997,000 is 1.00× the peer median ₹1,000,000 across 683 comparable works."
WS/MP18120/2026-2027/214158,ND-WRK-0769,Normal/Others,2026-2027,995277.0,683,1000000.0,700000.0,1000000.0,1.0,0.0,False,"Sanctioned amount ₹995,277 is 1.00× the peer median ₹1,000,000 across 683 comparable works."
WS/MP18120/2026-2027/214157,ND-WRK-0768,Normal/Others,2026-2027,995277.0,683,1000000.0,700000.0,1000000.0,1.0,0.0,False,"Sanctioned amount ₹995,277 is 1.00× the peer median ₹1,000,000 across 683 comparable works."
WS/MP18122/2025-2026/173945,ND-WRK-0805,Normal/Others,2025-2026,1000000.0,1573,990000.0,500000.0,1000000.0,1.01,0.0,False,"Sanctioned amount ₹1,000,000 is 1.01× the peer median ₹990,000 across 1573 comparable works."
WS/MP18122/2025-2026/173944,ND-WRK-0804,Normal/Others,2025-2026,1492450.0,1573,990000.0,500000.0,1000000.0,1.51,0.0,False,"Sanctioned amount ₹1,492,450 is 1.51× the peer median ₹990,000 across 1573 comparable works."
WS/MP18122/2025-2026/173942,ND-WRK-0803,Normal/Others,2025-2026,1000000.0,1573,990000.0,500000.0,1000000.0,1.01,0.0,False,"Sanctioned amount ₹1,000,000 is 1.01× the peer median ₹990,000 across 1573 comparable works."
WS/MP18122/2025-2026/173903,ND-WRK-0802,Normal/Others,2025-2026,994942.0,1573,990000.0,500000.0,1000000.0,1.0,0.0,False,"Sanctioned amount ₹994,942 is 1.00× the peer median ₹990,000 across 1573 comparable works."
WS/MP18122/2025-2026/173902,ND-WRK-0801,Normal/Others,2025-2026,1000000.0,1573,990000.0,500000.0,1000000.0,1.01,0.0,False,"Sanctioned amount ₹1,000,000 is 1.01× the peer median ₹990,000 across 1573 comparable works."
WS/MP18122/2025-2026/168731,ND-WRK-0800,Repair and Renovation,2025-2026,1000000.0,18,995000.5,500000.0,1500000.0,1.01,0.0,False,"Sanctioned amount ₹1,000,000 is 1.01× the peer median ₹995,000 across 18 comparable works."
WS/MP18122/2024-2025/186323,ND-WRK-0799,Normal/Others,2024-2025,500000.0,121,999711.0,700000.0,1000000.0,0.5,0.0,False,"Sanctioned amount ₹500,000 is 0.50× the peer median ₹999,711 across 121 comparable works."
WS/MP18122/2024-2025/186322,ND-WRK-0798,Normal/Others,2024-2025,500000.0,121,999711.0,700000.0,1000000.0,0.5,0.0,False,"Sanctioned amount ₹500,000 is 0.50× the peer median ₹999,711 across 121 comparable works."
WS/MP18122/2024-2025/184151,ND-WRK-0796,Normal/Others,2024-2025,1000000.0,121,999600.0,700000.0,1000000.0,1.0,0.0,False,"Sanctioned amount ₹1,000,000 is 1.00× the peer median ₹999,600 across 121 comparable works."
WS/MP18122/2024-2025/181794,ND-WRK-0795,Normal/Others,2024-2025,1000000.0,121,999600.0,700000.0,1000000.0,1.0,0.0,False,"Sanctioned amount ₹1,000,000 is 1.00× the peer median ₹999,600 across 121 comparable works."
WS/MP18122/2024-2025/181792,ND-WRK-0794,Normal/Others,2024-2025,1000000.0,121,999600.0,700000.0,1000000.0,1.0,0.0,False,"Sanctioned amount ₹1,000,000 is 1.00× the peer median ₹999,600 across 121 comparable works."
WS/MP18122/2024-2025/181790,ND-WRK-0793,Normal/Others,2024-2025,1000000.0,121,999600.0,700000.0,1000000.0,1.0,0.0,False,"Sanctioned amount ₹1,000,000 is 1.00× the peer median ₹999,600 across 121 comparable works."
WS/MP18122/2024-2025/181787,ND-WRK-0792,Normal/Others,2024-2025,1000000.0,121,999600.0,700000.0,1000000.0,1.0,0.0,False,"Sanctioned amount ₹1,000,000 is 1.00× the peer median ₹999,600 across 121 comparable works."
WS/MP18122/2024-2025/181785,ND-WRK-0791,Normal/Others,2024-2025,1000000.0,121,999600.0,700000.0,1000000.0,1.0,0.0,False,"Sanctioned amount ₹1,000,000 is 1.00× the peer median ₹999,600 across 121 comparable works."
WS/MP18122/2024-2025/181777,ND-WRK-0790,Normal/Others,2024-2025,1000000.0,121,999600.0,700000.0,1000000.0,1.0,0.0,False,"Sanctioned amount ₹1,000,000 is 1.00× the peer median ₹999,600 across 121 comparable works."
WS/MP18122/2025-2026/225427,ND-WRK-0821,Normal/Others,2025-2026,492485.0,1573,990000.0,500000.0,1000000.0,0.5,0.0,False,"Sanctioned amount ₹492,485 is 0.50× the peer median ₹990,000 across 1573 comparable works."
WS/MP18122/2025-2026/225415,ND-WRK-0820,Normal/Others,2025-2026,1000000.0,1573,990000.0,500000.0,1000000.0,1.01,0.0,False,"Sanctioned amount ₹1,000,000 is 1.01× the peer median ₹990,000 across 1573 comparable works."
WS/MP18122/2025-2026/225414,ND-WRK-0819,Normal/Others,2025-2026,1000000.0,1573,990000.0,500000.0,1000000.0,1.01,0.0,False,"Sanctioned amount ₹1,000,000 is 1.01× the peer median ₹990,000 across 1573 comparable works."
WS/MP18122/2025-2026/222582,ND-WRK-0818,Normal/Others,2025-2026,492469.0,1573,990000.0,500000.0,1000000.0,0.5,0.0,False,"Sanctioned amount ₹492,469 is 0.50× the peer median ₹990,000 across 1573 comparable works."
WS/MP18122/2025-2026/222581,ND-WRK-0817,Normal/Others,2025-2026,993760.0,1573,990000.0,500000.0,1000000.0,1.0,0.0,False,"Sanctioned amount ₹993,760 is 1.00× the peer median ₹990,000 across 1573 comparable works."
WS/MP18122/2025-2026/186337,ND-WRK-0816,Normal/Others,2025-2026,1000000.0,1573,990000.0,500000.0,1000000.0,1.01,0.0,False,"Sanctioned amount ₹1,000,000 is 1.01× the peer median ₹990,000 across 1573 comparable works."
WS/MP18122/2025-2026/184089,ND-WRK-0815,Normal/Others,2025-2026,1000000.0,1573,990000.0,500000.0,1000000.0,1.01,0.0,False,"Sanctioned amount ₹1,000,000 is 1.01× the peer median ₹990,000 across 1573 comparable works."
WS/MP18122/2025-2026/181765,ND-WRK-0814,Normal/Others,2025-2026,1000000.0,1573,990000.0,500000.0,1000000.0,1.01,0.0,False,"Sanctioned amount ₹1,000,000 is 1.01× the peer median ₹990,000 across 1573 comparable works."
WS/MP18122/2025-2026/176795,ND-WRK-0813,Normal/Others,2025-2026,992819.0,1573,990000.0,500000.0,1000000.0,1.0,0.0,False,"Sanctioned amount ₹992,819 is 1.00× the peer median ₹990,000 across 1573 comparable works."
WS/MP18122/2025-2026/176399,ND-WRK-0812,Normal/Others,2025-2026,1000000.0,1573,990000.0,500000.0,1000000.0,1.01,0.0,False,"Sanctioned amount ₹1,000,000 is 1.01× the peer median ₹990,000 across 1573 comparable works."
WS/MP18122/2025-2026/175370,ND-WRK-0811,Normal/Others,2025-2026,1000000.0,1573,990000.0,500000.0,1000000.0,1.01,0.0,False,"Sanctioned amount ₹1,000,000 is 1.01× the peer median ₹990,000 across 1573 comparable works."
WS/MP18122/2025-2026/175369,ND-WRK-0810,Normal/Others,2025-2026,1000000.0,1573,990000.0,500000.0,1000000.0,1.01,0.0,False,"Sanctioned amount ₹1,000,000 is 1.01× the peer median ₹990,000 across 1573 comparable works."
WS/MP18122/2025-2026/175365,ND-WRK-0809,Normal/Others,2025-2026,1000000.0,1573,990000.0,500000.0,1000000.0,1.01,0.0,False,"Sanctioned amount ₹1,000,000 is 1.01× the peer median ₹990,000 across 1573 comparable works."
WS/MP18122/2025-2026/175364,ND-WRK-0808,Normal/Others,2025-2026,500000.0,1573,990000.0,500000.0,1000000.0,0.51,0.0,False,"Sanctioned amount ₹500,000 is 0.51× the peer median ₹990,000 across 1573 comparable works."
WS/MP18122/2025-2026/175363,ND-WRK-0807,Normal/Others,2025-2026,1492500.0,1573,990000.0,500000.0,1000000.0,1.51,0.0,False,"Sanctioned amount ₹1,492,500 is 1.51× the peer median ₹990,000 across 1573 comparable works."
WS/MP18122/2025-2026/173947,ND-WRK-0806,Normal/Others,2025-2026,1000000.0,1573,990000.0,500000.0,1000000.0,1.01,0.0,False,"Sanctioned amount ₹1,000,000 is 1.01× the peer median ₹990,000 across 1573 comparable works."
WS/MP18123/2025-2026/224468,ND-WRK-0837,Normal/Others,2025-2026,999000.0,1573,990000.0,500000.0,1000000.0,1.01,0.0,False,"Sanctioned amount ₹999,000 is 1.01× the peer median ₹990,000 across 1573 comparable works."
WS/MP18123/2025-2026/220022,ND-WRK-0836,Normal/Others,2025-2026,1500000.0,1573,990000.0,500000.0,1000000.0,1.52,0.0,False,"Sanctioned amount ₹1,500,000 is 1.52× the peer median ₹990,000 across 1573 comparable works."
WS/MP18123/2025-2026/200542,ND-WRK-0835,Normal/Others,2025-2026,1000000.0,1573,990000.0,500000.0,1000000.0,1.01,0.0,False,"Sanctioned amount ₹1,000,000 is 1.01× the peer median ₹990,000 across 1573 comparable works."
WS/MP18123/2025-2026/190896,ND-WRK-0834,Normal/Others,2025-2026,1500000.0,1573,990000.0,500000.0,1000000.0,1.52,0.0,False,"Sanctioned amount ₹1,500,000 is 1.52× the peer median ₹990,000 across 1573 comparable works."
WS/MP18123/2025-2026/186346,ND-WRK-0833,Normal/Others,2025-2026,597025.0,1573,990000.0,500000.0,1000000.0,0.6,0.0,False,"Sanctioned amount ₹597,025 is 0.60× the peer median ₹990,000 across 1573 comparable works."
WS/MP18123/2025-2026/186342,ND-WRK-0832,Normal/Others,2025-2026,995437.0,1573,990000.0,500000.0,1000000.0,1.01,0.0,False,"Sanctioned amount ₹995,437 is 1.01× the peer median ₹990,000 across 1573 comparable works."
WS/MP18123/2025-2026/186341,ND-WRK-0831,Normal/Others,2025-2026,749000.0,1573,990000.0,500000.0,1000000.0,0.76,0.0,False,"Sanctioned amount ₹749,000 is 0.76× the peer median ₹990,000 across 1573 comparable works."
WS/MP18123/2025-2026/186340,ND-WRK-0830,Normal/Others,2025-2026,999000.0,1573,990000.0,500000.0,1000000.0,1.01,0.0,False,"Sanctioned amount ₹999,000 is 1.01× the peer median ₹990,000 across 1573 comparable works."
WS/MP18123/2025-2026/169737,ND-WRK-0829,Normal/Others,2025-2026,1000000.0,1573,990000.0,500000.0,1000000.0,1.01,0.0,False,"Sanctioned amount ₹1,000,000 is 1.01× the peer median ₹990,000 across 1573 comparable works."
WS/MP18123/2025-2026/169723,ND-WRK-0828,Normal/Others,2025-2026,500000.0,1573,990000.0,500000.0,1000000.0,0.51,0.0,False,"Sanctioned amount ₹500,000 is 0.51× the peer median ₹990,000 across 1573 comparable works."
WS/MP18123/2025-2026/169715,ND-WRK-0827,Normal/Others,2025-2026,1000000.0,1573,990000.0,500000.0,1000000.0,1.01,0.0,False,"Sanctioned amount ₹1,000,000 is 1.01× the peer median ₹990,000 across 1573 comparable works."
WS/MP18123/2025-2026/169714,ND-WRK-0826,Normal/Others,2025-2026,500000.0,1573,990000.0,500000.0,1000000.0,0.51,0.0,False,"Sanctioned amount ₹500,000 is 0.51× the peer median ₹990,000 across 1573 comparable works."
WS/MP18122/2026-2027/246058,ND-WRK-0825,Normal/Others,2026-2027,500000.0,683,1000000.0,700000.0,1000000.0,0.5,0.0,False,"Sanctioned amount ₹500,000 is 0.50× the peer median ₹1,000,000 across 683 comparable works."
WS/MP18122/2026-2027/246015,ND-WRK-0824,Normal/Others,2026-2027,700000.0,683,1000000.0,700000.0,1000000.0,0.7,0.0,False,"Sanctioned amount ₹700,000 is 0.70× the peer median ₹1,000,000 across 683 comparable works."
WS/MP18122/2026-2027/225832,ND-WRK-0823,Normal/Others,2026-2027,1000000.0,683,1000000.0,700000.0,1000000.0,1.0,0.0,False,"Sanctioned amount ₹1,000,000 is 1.00× the peer median ₹1,000,000 across 683 comparable works."
WS/MP18122/2026-2027/168812,ND-WRK-0822,Normal/Others,2026-2027,1000000.0,683,1000000.0,700000.0,1000000.0,1.0,0.0,False,"Sanctioned amount ₹1,000,000 is 1.00× the peer median ₹1,000,000 across 683 comparable works."
WS/MP18123/2026-2027/228594,ND-WRK-0853,Normal/Others,2026-2027,1000000.0,683,1000000.0,700000.0,1000000.0,1.0,0.0,False,"Sanctioned amount ₹1,000,000 is 1.00× the peer median ₹1,000,000 across 683 comparable works."
WS/MP18123/2026-2027/228593,ND-WRK-0852,Normal/Others,2026-2027,1000000.0,683,1000000.0,700000.0,1000000.0,1.0,0.0,False,"Sanctioned amount ₹1,000,000 is 1.00× the peer median ₹1,000,000 across 683 comparable works."
WS/MP18123/2026-2027/226878,ND-WRK-0851,Normal/Others,2026-2027,1000000.0,683,1000000.0,700000.0,1000000.0,1.0,0.0,False,"Sanctioned amount ₹1,000,000 is 1.00× the peer median ₹1,000,000 across 683 comparable works."
WS/MP18123/2026-2027/226874,ND-WRK-0850,Normal/Others,2026-2027,1000000.0,683,1000000.0,700000.0,1000000.0,1.0,0.0,False,"Sanctioned amount ₹1,000,000 is 1.00× the peer median ₹1,000,000 across 683 comparable works."
WS/MP18123/2026-2027/224476,ND-WRK-0849,Normal/Others,2026-2027,1000000.0,683,1000000.0,700000.0,1000000.0,1.0,0.0,False,"Sanctioned amount ₹1,000,000 is 1.00× the peer median ₹1,000,000 across 683 comparable works."
WS/MP18123/2026-2027/224470,ND-WRK-0848,Normal/Others,2026-2027,1000000.0,683,1000000.0,700000.0,1000000.0,1.0,0.0,False,"Sanctioned amount ₹1,000,000 is 1.00× the peer median ₹1,000,000 across 683 comparable works."
WS/MP18123/2026-2027/224469,ND-WRK-0847,Normal/Others,2026-2027,1000000.0,683,1000000.0,700000.0,1000000.0,1.0,0.0,False,"Sanctioned amount ₹1,000,000 is 1.00× the peer median ₹1,000,000 across 683 comparable works."
WS/MP18123/2026-2027/224466,ND-WRK-0846,Normal/Others,2026-2027,1000000.0,683,1000000.0,700000.0,1000000.0,1.0,0.0,False,"Sanctioned amount ₹1,000,000 is 1.00× the peer median ₹1,000,000 across 683 comparable works."
WS/MP18123/2026-2027/220023,ND-WRK-0845,Normal/Others,2026-2027,1200000.0,683,1000000.0,700000.0,1000000.0,1.2,0.0,False,"Sanctioned amount ₹1,200,000 is 1.20× the peer median ₹1,000,000 across 683 comparable works."
WS/MP18123/2026-2027/186339,ND-WRK-0843,Normal/Others,2026-2027,999824.0,683,1000000.0,700000.0,1000000.0,1.0,0.0,False,"Sanctioned amount ₹999,824 is 1.00× the peer median ₹1,000,000 across 683 comparable works."
WS/MP18123/2025-2026/255167,ND-WRK-0842,Normal/Others,2025-2026,999298.0,1573,990000.0,500000.0,1000000.0,1.01,0.0,False,"Sanctioned amount ₹999,298 is 1.01× the peer median ₹990,000 across 1573 comparable works."
WS/MP18123/2025-2026/241950,ND-WRK-0841,Normal/Others,2025-2026,1497956.0,1573,990000.0,500000.0,1000000.0,1.51,0.0,False,"Sanctioned amount ₹1,497,956 is 1.51× the peer median ₹990,000 across 1573 comparable works."
WS/MP18123/2025-2026/238167,ND-WRK-0840,Normal/Others,2025-2026,800000.0,1573,990000.0,500000.0,1000000.0,0.81,0.0,False,"Sanctioned amount ₹800,000 is 0.81× the peer median ₹990,000 across 1573 comparable works."
WS/MP18123/2025-2026/226877,ND-WRK-0839,Normal/Others,2025-2026,1000000.0,1573,990000.0,500000.0,1000000.0,1.01,0.0,False,"Sanctioned amount ₹1,000,000 is 1.01× the peer median ₹990,000 across 1573 comparable works."
WS/MP18123/2025-2026/226864,ND-WRK-0838,Normal/Others,2025-2026,1488133.0,1573,990000.0,500000.0,1000000.0,1.5,0.0,False,"Sanctioned amount ₹1,488,133 is 1.50× the peer median ₹990,000 across 1573 comparable works."
WS/MP18112/2025-2026/177509,ND-WRK-0183,Normal/Others,2025-2026,1000000.0,1573,990000.0,500000.0,1000000.0,1.01,0.0,False,"Sanctioned amount ₹1,000,000 is 1.01× the peer median ₹990,000 across 1573 comparable works."
WS/MP18112/2025-2026/177508,ND-WRK-0182,Normal/Others,2025-2026,1000000.0,1573,990000.0,500000.0,1000000.0,1.01,0.0,False,"Sanctioned amount ₹1,000,000 is 1.01× the peer median ₹990,000 across 1573 comparable works."
WS/MP18112/2025-2026/177331,ND-WRK-0181,Normal/Others,2025-2026,800000.0,1573,990000.0,500000.0,1000000.0,0.81,0.0,False,"Sanctioned amount ₹800,000 is 0.81× the peer median ₹990,000 across 1573 comparable works."
WS/MP18112/2025-2026/177328,ND-WRK-0180,Normal/Others,2025-2026,1000000.0,1573,990000.0,500000.0,1000000.0,1.01,0.0,False,"Sanctioned amount ₹1,000,000 is 1.01× the peer median ₹990,000 across 1573 comparable works."
WS/MP18112/2025-2026/177326,ND-WRK-0179,Normal/Others,2025-2026,1000000.0,1573,990000.0,500000.0,1000000.0,1.01,0.0,False,"Sanctioned amount ₹1,000,000 is 1.01× the peer median ₹990,000 across 1573 comparable works."
WS/MP18112/2025-2026/166840,ND-WRK-0178,Normal/Others,2025-2026,300000.0,1573,990000.0,500000.0,1000000.0,0.3,0.0,False,"Sanctioned amount ₹300,000 is 0.30× the peer median ₹990,000 across 1573 comparable works."
WS/MP18112/2025-2026/166839,ND-WRK-0177,Normal/Others,2025-2026,300000.0,1573,990000.0,500000.0,1000000.0,0.3,0.0,False,"Sanctioned amount ₹300,000 is 0.30× the peer median ₹990,000 across 1573 comparable works."
WS/MP18123/2026-2027/248078,ND-WRK-0861,Normal/Others,2026-2027,1000000.0,683,1000000.0,700000.0,1000000.0,1.0,0.0,False,"Sanctioned amount ₹1,000,000 is 1.00× the peer median ₹1,000,000 across 683 comparable works."
WS/MP18123/2026-2027/242704,ND-WRK-0859,Normal/Others,2026-2027,500000.0,683,1000000.0,700000.0,1000000.0,0.5,0.0,False,"Sanctioned amount ₹500,000 is 0.50× the peer median ₹1,000,000 across 683 comparable works."
WS/MP18123/2026-2027/238158,ND-WRK-0858,Normal/Others,2026-2027,1000000.0,683,1000000.0,700000.0,1000000.0,1.0,0.0,False,"Sanctioned amount ₹1,000,000 is 1.00× the peer median ₹1,000,000 across 683 comparable works."
WS/MP18123/2026-2027/238129,ND-WRK-0857,Normal/Others,2026-2027,500000.0,683,1000000.0,700000.0,1000000.0,0.5,0.0,False,"Sanctioned amount ₹500,000 is 0.50× the peer median ₹1,000,000 across 683 comparable works."
WS/MP18123/2026-2027/238128,ND-WRK-0856,Repair and Renovation,2026-2027,500000.0,3,,,,,0.0,False,Insufficient comparable works: 3 peers.
WS/MP18123/2026-2027/232860,ND-WRK-0855,Normal/Others,2026-2027,1000000.0,683,1000000.0,700000.0,1000000.0,1.0,0.0,False,"Sanctioned amount ₹1,000,000 is 1.00× the peer median ₹1,000,000 across 683 comparable works."
WS/MP18123/2026-2027/232859,ND-WRK-0854,Normal/Others,2026-2027,1000000.0,683,1000000.0,700000.0,1000000.0,1.0,0.0,False,"Sanctioned amount ₹1,000,000 is 1.00× the peer median ₹1,000,000 across 683 comparable works."
WS/MP18124/2025-2026/162416,ND-WRK-0881,Normal/Others,2025-2026,1000000.0,1573,990000.0,500000.0,1000000.0,1.01,0.0,False,"Sanctioned amount ₹1,000,000 is 1.01× the peer median ₹990,000 across 1573 comparable works."
WS/MP18124/2025-2026/162403,ND-WRK-0880,Normal/Others,2025-2026,1000000.0,1573,990000.0,500000.0,1000000.0,1.01,0.0,False,"Sanctioned amount ₹1,000,000 is 1.01× the peer median ₹990,000 across 1573 comparable works."
WS/MP18124/2025-2026/162402,ND-WRK-0879,Normal/Others,2025-2026,1000000.0,1573,990000.0,500000.0,1000000.0,1.01,0.0,False,"Sanctioned amount ₹1,000,000 is 1.01× the peer median ₹990,000 across 1573 comparable works."
WS/MP18124/2025-2026/162401,ND-WRK-0878,Normal/Others,2025-2026,1000000.0,1573,990000.0,500000.0,1000000.0,1.01,0.0,False,"Sanctioned amount ₹1,000,000 is 1.01× the peer median ₹990,000 across 1573 comparable works."
WS/MP18124/2025-2026/162376,ND-WRK-0877,Normal/Others,2025-2026,1000000.0,1573,990000.0,500000.0,1000000.0,1.01,0.0,False,"Sanctioned amount ₹1,000,000 is 1.01× the peer median ₹990,000 across 1573 comparable works."
WS/MP18124/2025-2026/162368,ND-WRK-0874,Normal/Others,2025-2026,1500000.0,1573,990000.0,500000.0,1000000.0,1.52,0.0,False,"Sanctioned amount ₹1,500,000 is 1.52× the peer median ₹990,000 across 1573 comparable works."
WS/MP18124/2025-2026/162339,ND-WRK-0869,Normal/Others,2025-2026,1500000.0,1573,990000.0,500000.0,1000000.0,1.52,0.0,False,"Sanctioned amount ₹1,500,000 is 1.52× the peer median ₹990,000 across 1573 comparable works."
WS/MP18124/2025-2026/162301,ND-WRK-0865,Normal/Others,2025-2026,1500000.0,1573,990000.0,500000.0,1000000.0,1.52,0.0,False,"Sanctioned amount ₹1,500,000 is 1.52× the peer median ₹990,000 across 1573 comparable works."
WS/MP18112/2025-2026/188591,ND-WRK-0192,Normal/Others,2025-2026,960000.0,1573,990000.0,500000.0,1000000.0,0.97,0.0,False,"Sanctioned amount ₹960,000 is 0.97× the peer median ₹990,000 across 1573 comparable works."
WS/MP18112/2025-2026/188589,ND-WRK-0191,Normal/Others,2025-2026,961000.0,1573,990000.0,500000.0,1000000.0,0.97,0.0,False,"Sanctioned amount ₹961,000 is 0.97× the peer median ₹990,000 across 1573 comparable works."
WS/MP18112/2025-2026/188586,ND-WRK-0190,Normal/Others,2025-2026,960000.0,1573,990000.0,500000.0,1000000.0,0.97,0.0,False,"Sanctioned amount ₹960,000 is 0.97× the peer median ₹990,000 across 1573 comparable works."
WS/MP18112/2025-2026/188585,ND-WRK-0189,Normal/Others,2025-2026,1000000.0,1573,990000.0,500000.0,1000000.0,1.01,0.0,False,"Sanctioned amount ₹1,000,000 is 1.01× the peer median ₹990,000 across 1573 comparable works."
WS/MP18112/2025-2026/188584,ND-WRK-0188,Normal/Others,2025-2026,1000000.0,1573,990000.0,500000.0,1000000.0,1.01,0.0,False,"Sanctioned amount ₹1,000,000 is 1.01× the peer median ₹990,000 across 1573 comparable works."
WS/MP18112/2025-2026/188582,ND-WRK-0187,Normal/Others,2025-2026,960000.0,1573,990000.0,500000.0,1000000.0,0.97,0.0,False,"Sanctioned amount ₹960,000 is 0.97× the peer median ₹990,000 across 1573 comparable works."
WS/MP18112/2025-2026/178905,ND-WRK-0186,Normal/Others,2025-2026,1000000.0,1573,990000.0,500000.0,1000000.0,1.01,0.0,False,"Sanctioned amount ₹1,000,000 is 1.01× the peer median ₹990,000 across 1573 comparable works."
WS/MP18112/2025-2026/177511,ND-WRK-0185,Normal/Others,2025-2026,1000000.0,1573,990000.0,500000.0,1000000.0,1.01,0.0,False,"Sanctioned amount ₹1,000,000 is 1.01× the peer median ₹990,000 across 1573 comparable works."
WS/MP18124/2025-2026/225837,ND-WRK-0894,Normal/Others,2025-2026,1500000.0,1573,990000.0,500000.0,1000000.0,1.52,0.0,False,"Sanctioned amount ₹1,500,000 is 1.52× the peer median ₹990,000 across 1573 comparable works."
WS/MP18124/2025-2026/165816,ND-WRK-0892,Normal/Others,2025-2026,1000000.0,1573,990000.0,500000.0,1000000.0,1.01,0.0,False,"Sanctioned amount ₹1,000,000 is 1.01× the peer median ₹990,000 across 1573 comparable works."
WS/MP18124/2025-2026/165789,ND-WRK-0891,Normal/Others,2025-2026,1000000.0,1573,990000.0,500000.0,1000000.0,1.01,0.0,False,"Sanctioned amount ₹1,000,000 is 1.01× the peer median ₹990,000 across 1573 comparable works."
WS/MP18124/2025-2026/165786,ND-WRK-0890,Normal/Others,2025-2026,1000000.0,1573,990000.0,500000.0,1000000.0,1.01,0.0,False,"Sanctioned amount ₹1,000,000 is 1.01× the peer median ₹990,000 across 1573 comparable works."
WS/MP18124/2025-2026/165785,ND-WRK-0889,Normal/Others,2025-2026,1000000.0,1573,990000.0,500000.0,1000000.0,1.01,0.0,False,"Sanctioned amount ₹1,000,000 is 1.01× the peer median ₹990,000 across 1573 comparable works."
WS/MP18124/2025-2026/165781,ND-WRK-0888,Normal/Others,2025-2026,1000000.0,1573,990000.0,500000.0,1000000.0,1.01,0.0,False,"Sanctioned amount ₹1,000,000 is 1.01× the peer median ₹990,000 across 1573 comparable works."
WS/MP18124/2025-2026/165779,ND-WRK-0887,Normal/Others,2025-2026,1000000.0,1573,990000.0,500000.0,1000000.0,1.01,0.0,False,"Sanctioned amount ₹1,000,000 is 1.01× the peer median ₹990,000 across 1573 comparable works."
WS/MP18124/2025-2026/165777,ND-WRK-0886,Normal/Others,2025-2026,1000000.0,1573,990000.0,500000.0,1000000.0,1.01,0.0,False,"Sanctioned amount ₹1,000,000 is 1.01× the peer median ₹990,000 across 1573 comparable works."
WS/MP18124/2025-2026/165771,ND-WRK-0885,Normal/Others,2025-2026,1000000.0,1573,990000.0,500000.0,1000000.0,1.01,0.0,False,"Sanctioned amount ₹1,000,000 is 1.01× the peer median ₹990,000 across 1573 comparable works."
WS/MP18124/2025-2026/165767,ND-WRK-0884,Normal/Others,2025-2026,1000000.0,1573,990000.0,500000.0,1000000.0,1.01,0.0,False,"Sanctioned amount ₹1,000,000 is 1.01× the peer median ₹990,000 across 1573 comparable works."
WS/MP18124/2025-2026/165749,ND-WRK-0883,Normal/Others,2025-2026,1000000.0,1573,990000.0,500000.0,1000000.0,1.01,0.0,False,"Sanctioned amount ₹1,000,000 is 1.01× the peer median ₹990,000 across 1573 comparable works."
WS/MP18124/2025-2026/162417,ND-WRK-0882,Normal/Others,2025-2026,1000000.0,1573,990000.0,500000.0,1000000.0,1.01,0.0,False,"Sanctioned amount ₹1,000,000 is 1.01× the peer median ₹990,000 across 1573 comparable works."
WS/MP18112/2024-2025/180045,ND-WRK-0172,Normal/Others,2024-2025,800000.0,121,999711.0,700000.0,1000000.0,0.8,0.0,False,"Sanctioned amount ₹800,000 is 0.80× the peer median ₹999,711 across 121 comparable works."
WS/MP18112/2024-2025/180043,ND-WRK-0171,Normal/Others,2024-2025,1000000.0,121,999600.0,700000.0,1000000.0,1.0,0.0,False,"Sanctioned amount ₹1,000,000 is 1.00× the peer median ₹999,600 across 121 comparable works."
WS/MP18112/2024-2025/178885,ND-WRK-0170,Normal/Others,2024-2025,1000000.0,121,999600.0,700000.0,1000000.0,1.0,0.0,False,"Sanctioned amount ₹1,000,000 is 1.00× the peer median ₹999,600 across 121 comparable works."
WS/MP18112/2024-2025/175355,ND-WRK-0169,Normal/Others,2024-2025,500000.0,121,999711.0,700000.0,1000000.0,0.5,0.0,False,"Sanctioned amount ₹500,000 is 0.50× the peer median ₹999,711 across 121 comparable works."
WS/MP18112/2024-2025/164640,ND-WRK-0168,Normal/Others,2024-2025,1000000.0,121,999600.0,700000.0,1000000.0,1.0,0.0,False,"Sanctioned amount ₹1,000,000 is 1.00× the peer median ₹999,600 across 121 comparable works."
WS/MP18112/2024-2025/145331,ND-WRK-0165,Normal/Others,2024-2025,700000.0,121,999711.0,700000.0,1000000.0,0.7,0.0,False,"Sanctioned amount ₹700,000 is 0.70× the peer median ₹999,711 across 121 comparable works."
WS/MP18112/2024-2025/143947,ND-WRK-0164,Normal/Others,2024-2025,1441000.0,121,999600.0,700000.0,1000000.0,1.44,0.0,False,"Sanctioned amount ₹1,441,000 is 1.44× the peer median ₹999,600 across 121 comparable works."
WS/MP18112/2024-2025/136994,ND-WRK-0163,Normal/Others,2024-2025,800000.0,121,999711.0,700000.0,1000000.0,0.8,0.0,False,"Sanctioned amount ₹800,000 is 0.80× the peer median ₹999,711 across 121 comparable works."
WS/MP18112/2024-2025/136993,ND-WRK-0162,Normal/Others,2024-2025,1000000.0,121,999600.0,700000.0,1000000.0,1.0,0.0,False,"Sanctioned amount ₹1,000,000 is 1.00× the peer median ₹999,600 across 121 comparable works."
WS/MP18124/2025-2026/226161,ND-WRK-0908,Normal/Others,2025-2026,1750000.0,1573,990000.0,500000.0,1000000.0,1.77,0.0,False,"Sanctioned amount ₹1,750,000 is 1.77× the peer median ₹990,000 across 1573 comparable works."
WS/MP18124/2025-2026/226150,ND-WRK-0905,Normal/Others,2025-2026,1500000.0,1573,990000.0,500000.0,1000000.0,1.52,0.0,False,"Sanctioned amount ₹1,500,000 is 1.52× the peer median ₹990,000 across 1573 comparable works."
WS/MP18126/2025-2026/236146,ND-WRK-0928,Normal/Others,2025-2026,170000.0,1573,990000.0,500000.0,1000000.0,0.17,0.0,False,"Sanctioned amount ₹170,000 is 0.17× the peer median ₹990,000 across 1573 comparable works."
WS/MP18126/2025-2026/236145,ND-WRK-0927,Normal/Others,2025-2026,170000.0,1573,990000.0,500000.0,1000000.0,0.17,0.0,False,"Sanctioned amount ₹170,000 is 0.17× the peer median ₹990,000 across 1573 comparable works."
WS/MP18126/2025-2026/236144,ND-WRK-0926,Normal/Others,2025-2026,170000.0,1573,990000.0,500000.0,1000000.0,0.17,0.0,False,"Sanctioned amount ₹170,000 is 0.17× the peer median ₹990,000 across 1573 comparable works."
WS/MP18126/2025-2026/236143,ND-WRK-0925,Normal/Others,2025-2026,170000.0,1573,990000.0,500000.0,1000000.0,0.17,0.0,False,"Sanctioned amount ₹170,000 is 0.17× the peer median ₹990,000 across 1573 comparable works."
WS/MP18126/2025-2026/236142,ND-WRK-0924,Normal/Others,2025-2026,170000.0,1573,990000.0,500000.0,1000000.0,0.17,0.0,False,"Sanctioned amount ₹170,000 is 0.17× the peer median ₹990,000 across 1573 comparable works."
WS/MP18126/2025-2026/230206,ND-WRK-0923,Normal/Others,2025-2026,500000.0,1573,990000.0,500000.0,1000000.0,0.51,0.0,False,"Sanctioned amount ₹500,000 is 0.51× the peer median ₹990,000 across 1573 comparable works."
WS/MP18126/2025-2026/177131,ND-WRK-0922,Normal/Others,2025-2026,998000.0,1573,990000.0,500000.0,1000000.0,1.01,0.0,False,"Sanctioned amount ₹998,000 is 1.01× the peer median ₹990,000 across 1573 comparable works."
WS/MP18126/2025-2026/177130,ND-WRK-0921,Normal/Others,2025-2026,1000000.0,1573,990000.0,500000.0,1000000.0,1.01,0.0,False,"Sanctioned amount ₹1,000,000 is 1.01× the peer median ₹990,000 across 1573 comparable works."
WS/MP18126/2025-2026/136436,ND-WRK-0920,Normal/Others,2025-2026,1199000.0,1573,990000.0,500000.0,1000000.0,1.21,0.0,False,"Sanctioned amount ₹1,199,000 is 1.21× the peer median ₹990,000 across 1573 comparable works."
WS/MP18124/2025-2026/273224,ND-WRK-0919,Normal/Others,2025-2026,1000000.0,1573,990000.0,500000.0,1000000.0,1.01,0.0,False,"Sanctioned amount ₹1,000,000 is 1.01× the peer median ₹990,000 across 1573 comparable works."
WS/MP18124/2025-2026/226197,ND-WRK-0918,Normal/Others,2025-2026,800000.0,1573,990000.0,500000.0,1000000.0,0.81,0.0,False,"Sanctioned amount ₹800,000 is 0.81× the peer median ₹990,000 across 1573 comparable works."
WS/MP18124/2025-2026/226195,ND-WRK-0917,Normal/Others,2025-2026,1500000.0,1573,990000.0,500000.0,1000000.0,1.52,0.0,False,"Sanctioned amount ₹1,500,000 is 1.52× the peer median ₹990,000 across 1573 comparable works."
WS/MP18112/2025-2026/166838,ND-WRK-0176,Normal/Others,2025-2026,300000.0,1573,990000.0,500000.0,1000000.0,0.3,0.0,False,"Sanctioned amount ₹300,000 is 0.30× the peer median ₹990,000 across 1573 comparable works."
WS/MP18112/2025-2026/166836,ND-WRK-0175,Normal/Others,2025-2026,300000.0,1573,990000.0,500000.0,1000000.0,0.3,0.0,False,"Sanctioned amount ₹300,000 is 0.30× the peer median ₹990,000 across 1573 comparable works."
WS/MP18112/2025-2026/164644,ND-WRK-0174,Normal/Others,2025-2026,1300000.0,1573,990000.0,500000.0,1000000.0,1.31,0.0,False,"Sanctioned amount ₹1,300,000 is 1.31× the peer median ₹990,000 across 1573 comparable works."
WS/MP18112/2025-2026/144100,ND-WRK-0173,Normal/Others,2025-2026,700000.0,1573,990000.0,500000.0,1000000.0,0.71,0.0,False,"Sanctioned amount ₹700,000 is 0.71× the peer median ₹990,000 across 1573 comparable works."
WS/MP18126/2025-2026/236166,ND-WRK-0944,Normal/Others,2025-2026,170000.0,1573,990000.0,500000.0,1000000.0,0.17,0.0,False,"Sanctioned amount ₹170,000 is 0.17× the peer median ₹990,000 across 1573 comparable works."
WS/MP18126/2025-2026/236165,ND-WRK-0943,Normal/Others,2025-2026,170000.0,1573,990000.0,500000.0,1000000.0,0.17,0.0,False,"Sanctioned amount ₹170,000 is 0.17× the peer median ₹990,000 across 1573 comparable works."
WS/MP18126/2025-2026/236164,ND-WRK-0942,Normal/Others,2025-2026,170000.0,1573,990000.0,500000.0,1000000.0,0.17,0.0,False,"Sanctioned amount ₹170,000 is 0.17× the peer median ₹990,000 across 1573 comparable works."
WS/MP18126/2025-2026/236163,ND-WRK-0941,Normal/Others,2025-2026,170000.0,1573,990000.0,500000.0,1000000.0,0.17,0.0,False,"Sanctioned amount ₹170,000 is 0.17× the peer median ₹990,000 across 1573 comparable works."
WS/MP18126/2025-2026/236162,ND-WRK-0940,Normal/Others,2025-2026,170000.0,1573,990000.0,500000.0,1000000.0,0.17,0.0,False,"Sanctioned amount ₹170,000 is 0.17× the peer median ₹990,000 across 1573 comparable works."
WS/MP18126/2025-2026/236161,ND-WRK-0939,Normal/Others,2025-2026,170000.0,1573,990000.0,500000.0,1000000.0,0.17,0.0,False,"Sanctioned amount ₹170,000 is 0.17× the peer median ₹990,000 across 1573 comparable works."
WS/MP18126/2025-2026/236160,ND-WRK-0938,Normal/Others,2025-2026,170000.0,1573,990000.0,500000.0,1000000.0,0.17,0.0,False,"Sanctioned amount ₹170,000 is 0.17× the peer median ₹990,000 across 1573 comparable works."
WS/MP18126/2025-2026/236159,ND-WRK-0937,Normal/Others,2025-2026,170000.0,1573,990000.0,500000.0,1000000.0,0.17,0.0,False,"Sanctioned amount ₹170,000 is 0.17× the peer median ₹990,000 across 1573 comparable works."
WS/MP18126/2025-2026/236158,ND-WRK-0936,Normal/Others,2025-2026,170000.0,1573,990000.0,500000.0,1000000.0,0.17,0.0,False,"Sanctioned amount ₹170,000 is 0.17× the peer median ₹990,000 across 1573 comparable works."
WS/MP18126/2025-2026/236157,ND-WRK-0935,Normal/Others,2025-2026,170000.0,1573,990000.0,500000.0,1000000.0,0.17,0.0,False,"Sanctioned amount ₹170,000 is 0.17× the peer median ₹990,000 across 1573 comparable works."
WS/MP18126/2025-2026/236156,ND-WRK-0934,Normal/Others,2025-2026,170000.0,1573,990000.0,500000.0,1000000.0,0.17,0.0,False,"Sanctioned amount ₹170,000 is 0.17× the peer median ₹990,000 across 1573 comparable works."
WS/MP18126/2025-2026/236155,ND-WRK-0933,Normal/Others,2025-2026,170000.0,1573,990000.0,500000.0,1000000.0,0.17,0.0,False,"Sanctioned amount ₹170,000 is 0.17× the peer median ₹990,000 across 1573 comparable works."
WS/MP18126/2025-2026/236151,ND-WRK-0932,Normal/Others,2025-2026,170000.0,1573,990000.0,500000.0,1000000.0,0.17,0.0,False,"Sanctioned amount ₹170,000 is 0.17× the peer median ₹990,000 across 1573 comparable works."
WS/MP18126/2025-2026/236150,ND-WRK-0931,Normal/Others,2025-2026,170000.0,1573,990000.0,500000.0,1000000.0,0.17,0.0,False,"Sanctioned amount ₹170,000 is 0.17× the peer median ₹990,000 across 1573 comparable works."
WS/MP18126/2025-2026/236149,ND-WRK-0930,Normal/Others,2025-2026,170000.0,1573,990000.0,500000.0,1000000.0,0.17,0.0,False,"Sanctioned amount ₹170,000 is 0.17× the peer median ₹990,000 across 1573 comparable works."
WS/MP18126/2025-2026/236148,ND-WRK-0929,Normal/Others,2025-2026,170000.0,1573,990000.0,500000.0,1000000.0,0.17,0.0,False,"Sanctioned amount ₹170,000 is 0.17× the peer median ₹990,000 across 1573 comparable works."
WS/MP18126/2025-2026/236191,ND-WRK-0960,Normal/Others,2025-2026,170000.0,1573,990000.0,500000.0,1000000.0,0.17,0.0,False,"Sanctioned amount ₹170,000 is 0.17× the peer median ₹990,000 across 1573 comparable works."
WS/MP18126/2025-2026/236190,ND-WRK-0959,Normal/Others,2025-2026,170000.0,1573,990000.0,500000.0,1000000.0,0.17,0.0,False,"Sanctioned amount ₹170,000 is 0.17× the peer median ₹990,000 across 1573 comparable works."
WS/MP18126/2025-2026/236189,ND-WRK-0958,Normal/Others,2025-2026,170000.0,1573,990000.0,500000.0,1000000.0,0.17,0.0,False,"Sanctioned amount ₹170,000 is 0.17× the peer median ₹990,000 across 1573 comparable works."
WS/MP18126/2025-2026/236188,ND-WRK-0957,Normal/Others,2025-2026,170000.0,1573,990000.0,500000.0,1000000.0,0.17,0.0,False,"Sanctioned amount ₹170,000 is 0.17× the peer median ₹990,000 across 1573 comparable works."
WS/MP18126/2025-2026/236187,ND-WRK-0956,Normal/Others,2025-2026,170000.0,1573,990000.0,500000.0,1000000.0,0.17,0.0,False,"Sanctioned amount ₹170,000 is 0.17× the peer median ₹990,000 across 1573 comparable works."
WS/MP18126/2025-2026/236186,ND-WRK-0955,Normal/Others,2025-2026,170000.0,1573,990000.0,500000.0,1000000.0,0.17,0.0,False,"Sanctioned amount ₹170,000 is 0.17× the peer median ₹990,000 across 1573 comparable works."
WS/MP18126/2025-2026/236185,ND-WRK-0954,Normal/Others,2025-2026,170000.0,1573,990000.0,500000.0,1000000.0,0.17,0.0,False,"Sanctioned amount ₹170,000 is 0.17× the peer median ₹990,000 across 1573 comparable works."
WS/MP18126/2025-2026/236184,ND-WRK-0953,Normal/Others,2025-2026,170000.0,1573,990000.0,500000.0,1000000.0,0.17,0.0,False,"Sanctioned amount ₹170,000 is 0.17× the peer median ₹990,000 across 1573 comparable works."
WS/MP18126/2025-2026/236174,ND-WRK-0952,Normal/Others,2025-2026,170000.0,1573,990000.0,500000.0,1000000.0,0.17,0.0,False,"Sanctioned amount ₹170,000 is 0.17× the peer median ₹990,000 across 1573 comparable works."
WS/MP18126/2025-2026/236173,ND-WRK-0951,Normal/Others,2025-2026,170000.0,1573,990000.0,500000.0,1000000.0,0.17,0.0,False,"Sanctioned amount ₹170,000 is 0.17× the peer median ₹990,000 across 1573 comparable works."
WS/MP18126/2025-2026/236172,ND-WRK-0950,Normal/Others,2025-2026,170000.0,1573,990000.0,500000.0,1000000.0,0.17,0.0,False,"Sanctioned amount ₹170,000 is 0.17× the peer median ₹990,000 across 1573 comparable works."
WS/MP18126/2025-2026/236171,ND-WRK-0949,Normal/Others,2025-2026,170000.0,1573,990000.0,500000.0,1000000.0,0.17,0.0,False,"Sanctioned amount ₹170,000 is 0.17× the peer median ₹990,000 across 1573 comparable works."
WS/MP18126/2025-2026/236170,ND-WRK-0948,Normal/Others,2025-2026,170000.0,1573,990000.0,500000.0,1000000.0,0.17,0.0,False,"Sanctioned amount ₹170,000 is 0.17× the peer median ₹990,000 across 1573 comparable works."
WS/MP18126/2025-2026/236169,ND-WRK-0947,Normal/Others,2025-2026,170000.0,1573,990000.0,500000.0,1000000.0,0.17,0.0,False,"Sanctioned amount ₹170,000 is 0.17× the peer median ₹990,000 across 1573 comparable works."
WS/MP18126/2025-2026/236168,ND-WRK-0946,Normal/Others,2025-2026,170000.0,1573,990000.0,500000.0,1000000.0,0.17,0.0,False,"Sanctioned amount ₹170,000 is 0.17× the peer median ₹990,000 across 1573 comparable works."
WS/MP18126/2025-2026/236167,ND-WRK-0945,Normal/Others,2025-2026,170000.0,1573,990000.0,500000.0,1000000.0,0.17,0.0,False,"Sanctioned amount ₹170,000 is 0.17× the peer median ₹990,000 across 1573 comparable works."
WS/MP18126/2025-2026/236207,ND-WRK-0976,Normal/Others,2025-2026,170000.0,1573,990000.0,500000.0,1000000.0,0.17,0.0,False,"Sanctioned amount ₹170,000 is 0.17× the peer median ₹990,000 across 1573 comparable works."
WS/MP18126/2025-2026/236206,ND-WRK-0975,Normal/Others,2025-2026,170000.0,1573,990000.0,500000.0,1000000.0,0.17,0.0,False,"Sanctioned amount ₹170,000 is 0.17× the peer median ₹990,000 across 1573 comparable works."
WS/MP18126/2025-2026/236205,ND-WRK-0974,Normal/Others,2025-2026,170000.0,1573,990000.0,500000.0,1000000.0,0.17,0.0,False,"Sanctioned amount ₹170,000 is 0.17× the peer median ₹990,000 across 1573 comparable works."
WS/MP18126/2025-2026/236204,ND-WRK-0973,Normal/Others,2025-2026,170000.0,1573,990000.0,500000.0,1000000.0,0.17,0.0,False,"Sanctioned amount ₹170,000 is 0.17× the peer median ₹990,000 across 1573 comparable works."
WS/MP18126/2025-2026/236203,ND-WRK-0972,Normal/Others,2025-2026,170000.0,1573,990000.0,500000.0,1000000.0,0.17,0.0,False,"Sanctioned amount ₹170,000 is 0.17× the peer median ₹990,000 across 1573 comparable works."
WS/MP18126/2025-2026/236202,ND-WRK-0971,Normal/Others,2025-2026,170000.0,1573,990000.0,500000.0,1000000.0,0.17,0.0,False,"Sanctioned amount ₹170,000 is 0.17× the peer median ₹990,000 across 1573 comparable works."
WS/MP18126/2025-2026/236201,ND-WRK-0970,Normal/Others,2025-2026,170000.0,1573,990000.0,500000.0,1000000.0,0.17,0.0,False,"Sanctioned amount ₹170,000 is 0.17× the peer median ₹990,000 across 1573 comparable works."
WS/MP18126/2025-2026/236200,ND-WRK-0969,Normal/Others,2025-2026,170000.0,1573,990000.0,500000.0,1000000.0,0.17,0.0,False,"Sanctioned amount ₹170,000 is 0.17× the peer median ₹990,000 across 1573 comparable works."
WS/MP18126/2025-2026/236199,ND-WRK-0968,Normal/Others,2025-2026,170000.0,1573,990000.0,500000.0,1000000.0,0.17,0.0,False,"Sanctioned amount ₹170,000 is 0.17× the peer median ₹990,000 across 1573 comparable works."
WS/MP18126/2025-2026/236198,ND-WRK-0967,Normal/Others,2025-2026,170000.0,1573,990000.0,500000.0,1000000.0,0.17,0.0,False,"Sanctioned amount ₹170,000 is 0.17× the peer median ₹990,000 across 1573 comparable works."
WS/MP18126/2025-2026/236197,ND-WRK-0966,Normal/Others,2025-2026,170000.0,1573,990000.0,500000.0,1000000.0,0.17,0.0,False,"Sanctioned amount ₹170,000 is 0.17× the peer median ₹990,000 across 1573 comparable works."
WS/MP18126/2025-2026/236196,ND-WRK-0965,Normal/Others,2025-2026,170000.0,1573,990000.0,500000.0,1000000.0,0.17,0.0,False,"Sanctioned amount ₹170,000 is 0.17× the peer median ₹990,000 across 1573 comparable works."
WS/MP18126/2025-2026/236195,ND-WRK-0964,Normal/Others,2025-2026,170000.0,1573,990000.0,500000.0,1000000.0,0.17,0.0,False,"Sanctioned amount ₹170,000 is 0.17× the peer median ₹990,000 across 1573 comparable works."
WS/MP18126/2025-2026/236194,ND-WRK-0963,Normal/Others,2025-2026,170000.0,1573,990000.0,500000.0,1000000.0,0.17,0.0,False,"Sanctioned amount ₹170,000 is 0.17× the peer median ₹990,000 across 1573 comparable works."
WS/MP18126/2025-2026/236193,ND-WRK-0962,Normal/Others,2025-2026,170000.0,1573,990000.0,500000.0,1000000.0,0.17,0.0,False,"Sanctioned amount ₹170,000 is 0.17× the peer median ₹990,000 across 1573 comparable works."
WS/MP18126/2025-2026/236192,ND-WRK-0961,Normal/Others,2025-2026,170000.0,1573,990000.0,500000.0,1000000.0,0.17,0.0,False,"Sanctioned amount ₹170,000 is 0.17× the peer median ₹990,000 across 1573 comparable works."
WS/MP18126/2025-2026/236245,ND-WRK-0992,Normal/Others,2025-2026,170000.0,1573,990000.0,500000.0,1000000.0,0.17,0.0,False,"Sanctioned amount ₹170,000 is 0.17× the peer median ₹990,000 across 1573 comparable works."
WS/MP18126/2025-2026/236244,ND-WRK-0991,Normal/Others,2025-2026,170000.0,1573,990000.0,500000.0,1000000.0,0.17,0.0,False,"Sanctioned amount ₹170,000 is 0.17× the peer median ₹990,000 across 1573 comparable works."
WS/MP18126/2025-2026/236243,ND-WRK-0990,Normal/Others,2025-2026,170000.0,1573,990000.0,500000.0,1000000.0,0.17,0.0,False,"Sanctioned amount ₹170,000 is 0.17× the peer median ₹990,000 across 1573 comparable works."
WS/MP18126/2025-2026/236220,ND-WRK-0989,Normal/Others,2025-2026,170000.0,1573,990000.0,500000.0,1000000.0,0.17,0.0,False,"Sanctioned amount ₹170,000 is 0.17× the peer median ₹990,000 across 1573 comparable works."
WS/MP18126/2025-2026/236219,ND-WRK-0988,Normal/Others,2025-2026,170000.0,1573,990000.0,500000.0,1000000.0,0.17,0.0,False,"Sanctioned amount ₹170,000 is 0.17× the peer median ₹990,000 across 1573 comparable works."
WS/MP18126/2025-2026/236218,ND-WRK-0987,Normal/Others,2025-2026,170000.0,1573,990000.0,500000.0,1000000.0,0.17,0.0,False,"Sanctioned amount ₹170,000 is 0.17× the peer median ₹990,000 across 1573 comparable works."
WS/MP18126/2025-2026/236217,ND-WRK-0986,Normal/Others,2025-2026,170000.0,1573,990000.0,500000.0,1000000.0,0.17,0.0,False,"Sanctioned amount ₹170,000 is 0.17× the peer median ₹990,000 across 1573 comparable works."
WS/MP18126/2025-2026/236216,ND-WRK-0985,Normal/Others,2025-2026,170000.0,1573,990000.0,500000.0,1000000.0,0.17,0.0,False,"Sanctioned amount ₹170,000 is 0.17× the peer median ₹990,000 across 1573 comparable works."
WS/MP18126/2025-2026/236215,ND-WRK-0984,Normal/Others,2025-2026,170000.0,1573,990000.0,500000.0,1000000.0,0.17,0.0,False,"Sanctioned amount ₹170,000 is 0.17× the peer median ₹990,000 across 1573 comparable works."
WS/MP18126/2025-2026/236214,ND-WRK-0983,Normal/Others,2025-2026,170000.0,1573,990000.0,500000.0,1000000.0,0.17,0.0,False,"Sanctioned amount ₹170,000 is 0.17× the peer median ₹990,000 across 1573 comparable works."
WS/MP18126/2025-2026/236213,ND-WRK-0982,Normal/Others,2025-2026,170000.0,1573,990000.0,500000.0,1000000.0,0.17,0.0,False,"Sanctioned amount ₹170,000 is 0.17× the peer median ₹990,000 across 1573 comparable works."
WS/MP18126/2025-2026/236212,ND-WRK-0981,Normal/Others,2025-2026,170000.0,1573,990000.0,500000.0,1000000.0,0.17,0.0,False,"Sanctioned amount ₹170,000 is 0.17× the peer median ₹990,000 across 1573 comparable works."
WS/MP18126/2025-2026/236211,ND-WRK-0980,Normal/Others,2025-2026,170000.0,1573,990000.0,500000.0,1000000.0,0.17,0.0,False,"Sanctioned amount ₹170,000 is 0.17× the peer median ₹990,000 across 1573 comparable works."
WS/MP18126/2025-2026/236210,ND-WRK-0979,Normal/Others,2025-2026,170000.0,1573,990000.0,500000.0,1000000.0,0.17,0.0,False,"Sanctioned amount ₹170,000 is 0.17× the peer median ₹990,000 across 1573 comparable works."
WS/MP18126/2025-2026/236209,ND-WRK-0978,Normal/Others,2025-2026,170000.0,1573,990000.0,500000.0,1000000.0,0.17,0.0,False,"Sanctioned amount ₹170,000 is 0.17× the peer median ₹990,000 across 1573 comparable works."
WS/MP18126/2025-2026/236208,ND-WRK-0977,Normal/Others,2025-2026,170000.0,1573,990000.0,500000.0,1000000.0,0.17,0.0,False,"Sanctioned amount ₹170,000 is 0.17× the peer median ₹990,000 across 1573 comparable works."
WS/MP18126/2025-2026/236261,ND-WRK-1008,Normal/Others,2025-2026,170000.0,1573,990000.0,500000.0,1000000.0,0.17,0.0,False,"Sanctioned amount ₹170,000 is 0.17× the peer median ₹990,000 across 1573 comparable works."
WS/MP18126/2025-2026/236260,ND-WRK-1007,Normal/Others,2025-2026,170000.0,1573,990000.0,500000.0,1000000.0,0.17,0.0,False,"Sanctioned amount ₹170,000 is 0.17× the peer median ₹990,000 across 1573 comparable works."
WS/MP18126/2025-2026/236259,ND-WRK-1006,Normal/Others,2025-2026,170000.0,1573,990000.0,500000.0,1000000.0,0.17,0.0,False,"Sanctioned amount ₹170,000 is 0.17× the peer median ₹990,000 across 1573 comparable works."
WS/MP18126/2025-2026/236258,ND-WRK-1005,Normal/Others,2025-2026,170000.0,1573,990000.0,500000.0,1000000.0,0.17,0.0,False,"Sanctioned amount ₹170,000 is 0.17× the peer median ₹990,000 across 1573 comparable works."
WS/MP18126/2025-2026/236257,ND-WRK-1004,Normal/Others,2025-2026,170000.0,1573,990000.0,500000.0,1000000.0,0.17,0.0,False,"Sanctioned amount ₹170,000 is 0.17× the peer median ₹990,000 across 1573 comparable works."
WS/MP18126/2025-2026/236256,ND-WRK-1003,Normal/Others,2025-2026,170000.0,1573,990000.0,500000.0,1000000.0,0.17,0.0,False,"Sanctioned amount ₹170,000 is 0.17× the peer median ₹990,000 across 1573 comparable works."
WS/MP18126/2025-2026/236255,ND-WRK-1002,Normal/Others,2025-2026,170000.0,1573,990000.0,500000.0,1000000.0,0.17,0.0,False,"Sanctioned amount ₹170,000 is 0.17× the peer median ₹990,000 across 1573 comparable works."
WS/MP18126/2025-2026/236254,ND-WRK-1001,Normal/Others,2025-2026,170000.0,1573,990000.0,500000.0,1000000.0,0.17,0.0,False,"Sanctioned amount ₹170,000 is 0.17× the peer median ₹990,000 across 1573 comparable works."
WS/MP18126/2025-2026/236253,ND-WRK-1000,Normal/Others,2025-2026,170000.0,1573,990000.0,500000.0,1000000.0,0.17,0.0,False,"Sanctioned amount ₹170,000 is 0.17× the peer median ₹990,000 across 1573 comparable works."
WS/MP18126/2025-2026/236252,ND-WRK-0999,Normal/Others,2025-2026,170000.0,1573,990000.0,500000.0,1000000.0,0.17,0.0,False,"Sanctioned amount ₹170,000 is 0.17× the peer median ₹990,000 across 1573 comparable works."
WS/MP18126/2025-2026/236251,ND-WRK-0998,Normal/Others,2025-2026,170000.0,1573,990000.0,500000.0,1000000.0,0.17,0.0,False,"Sanctioned amount ₹170,000 is 0.17× the peer median ₹990,000 across 1573 comparable works."
WS/MP18126/2025-2026/236250,ND-WRK-0997,Normal/Others,2025-2026,170000.0,1573,990000.0,500000.0,1000000.0,0.17,0.0,False,"Sanctioned amount ₹170,000 is 0.17× the peer median ₹990,000 across 1573 comparable works."
WS/MP18126/2025-2026/236249,ND-WRK-0996,Normal/Others,2025-2026,170000.0,1573,990000.0,500000.0,1000000.0,0.17,0.0,False,"Sanctioned amount ₹170,000 is 0.17× the peer median ₹990,000 across 1573 comparable works."
WS/MP18126/2025-2026/236248,ND-WRK-0995,Normal/Others,2025-2026,170000.0,1573,990000.0,500000.0,1000000.0,0.17,0.0,False,"Sanctioned amount ₹170,000 is 0.17× the peer median ₹990,000 across 1573 comparable works."
WS/MP18126/2025-2026/236247,ND-WRK-0994,Normal/Others,2025-2026,170000.0,1573,990000.0,500000.0,1000000.0,0.17,0.0,False,"Sanctioned amount ₹170,000 is 0.17× the peer median ₹990,000 across 1573 comparable works."
WS/MP18126/2025-2026/236246,ND-WRK-0993,Normal/Others,2025-2026,170000.0,1573,990000.0,500000.0,1000000.0,0.17,0.0,False,"Sanctioned amount ₹170,000 is 0.17× the peer median ₹990,000 across 1573 comparable works."
WS/MP18126/2025-2026/236277,ND-WRK-1024,Normal/Others,2025-2026,170000.0,1573,990000.0,500000.0,1000000.0,0.17,0.0,False,"Sanctioned amount ₹170,000 is 0.17× the peer median ₹990,000 across 1573 comparable works."
WS/MP18126/2025-2026/236276,ND-WRK-1023,Normal/Others,2025-2026,170000.0,1573,990000.0,500000.0,1000000.0,0.17,0.0,False,"Sanctioned amount ₹170,000 is 0.17× the peer median ₹990,000 across 1573 comparable works."
WS/MP18126/2025-2026/236275,ND-WRK-1022,Normal/Others,2025-2026,170000.0,1573,990000.0,500000.0,1000000.0,0.17,0.0,False,"Sanctioned amount ₹170,000 is 0.17× the peer median ₹990,000 across 1573 comparable works."
WS/MP18126/2025-2026/236274,ND-WRK-1021,Normal/Others,2025-2026,170000.0,1573,990000.0,500000.0,1000000.0,0.17,0.0,False,"Sanctioned amount ₹170,000 is 0.17× the peer median ₹990,000 across 1573 comparable works."
WS/MP18126/2025-2026/236273,ND-WRK-1020,Normal/Others,2025-2026,170000.0,1573,990000.0,500000.0,1000000.0,0.17,0.0,False,"Sanctioned amount ₹170,000 is 0.17× the peer median ₹990,000 across 1573 comparable works."
WS/MP18126/2025-2026/236272,ND-WRK-1019,Normal/Others,2025-2026,170000.0,1573,990000.0,500000.0,1000000.0,0.17,0.0,False,"Sanctioned amount ₹170,000 is 0.17× the peer median ₹990,000 across 1573 comparable works."
WS/MP18126/2025-2026/236271,ND-WRK-1018,Normal/Others,2025-2026,170000.0,1573,990000.0,500000.0,1000000.0,0.17,0.0,False,"Sanctioned amount ₹170,000 is 0.17× the peer median ₹990,000 across 1573 comparable works."
WS/MP18126/2025-2026/236270,ND-WRK-1017,Normal/Others,2025-2026,170000.0,1573,990000.0,500000.0,1000000.0,0.17,0.0,False,"Sanctioned amount ₹170,000 is 0.17× the peer median ₹990,000 across 1573 comparable works."
WS/MP18126/2025-2026/236269,ND-WRK-1016,Normal/Others,2025-2026,170000.0,1573,990000.0,500000.0,1000000.0,0.17,0.0,False,"Sanctioned amount ₹170,000 is 0.17× the peer median ₹990,000 across 1573 comparable works."
WS/MP18126/2025-2026/236268,ND-WRK-1015,Normal/Others,2025-2026,170000.0,1573,990000.0,500000.0,1000000.0,0.17,0.0,False,"Sanctioned amount ₹170,000 is 0.17× the peer median ₹990,000 across 1573 comparable works."
WS/MP18126/2025-2026/236267,ND-WRK-1014,Normal/Others,2025-2026,170000.0,1573,990000.0,500000.0,1000000.0,0.17,0.0,False,"Sanctioned amount ₹170,000 is 0.17× the peer median ₹990,000 across 1573 comparable works."
WS/MP18126/2025-2026/236266,ND-WRK-1013,Normal/Others,2025-2026,170000.0,1573,990000.0,500000.0,1000000.0,0.17,0.0,False,"Sanctioned amount ₹170,000 is 0.17× the peer median ₹990,000 across 1573 comparable works."
WS/MP18126/2025-2026/236265,ND-WRK-1012,Normal/Others,2025-2026,170000.0,1573,990000.0,500000.0,1000000.0,0.17,0.0,False,"Sanctioned amount ₹170,000 is 0.17× the peer median ₹990,000 across 1573 comparable works."
WS/MP18126/2025-2026/236264,ND-WRK-1011,Normal/Others,2025-2026,170000.0,1573,990000.0,500000.0,1000000.0,0.17,0.0,False,"Sanctioned amount ₹170,000 is 0.17× the peer median ₹990,000 across 1573 comparable works."
WS/MP18126/2025-2026/236263,ND-WRK-1010,Normal/Others,2025-2026,170000.0,1573,990000.0,500000.0,1000000.0,0.17,0.0,False,"Sanctioned amount ₹170,000 is 0.17× the peer median ₹990,000 across 1573 comparable works."
WS/MP18126/2025-2026/236262,ND-WRK-1009,Normal/Others,2025-2026,170000.0,1573,990000.0,500000.0,1000000.0,0.17,0.0,False,"Sanctioned amount ₹170,000 is 0.17× the peer median ₹990,000 across 1573 comparable works."
WS/MP18126/2025-2026/236298,ND-WRK-1040,Normal/Others,2025-2026,170000.0,1573,990000.0,500000.0,1000000.0,0.17,0.0,False,"Sanctioned amount ₹170,000 is 0.17× the peer median ₹990,000 across 1573 comparable works."
WS/MP18126/2025-2026/236297,ND-WRK-1039,Normal/Others,2025-2026,170000.0,1573,990000.0,500000.0,1000000.0,0.17,0.0,False,"Sanctioned amount ₹170,000 is 0.17× the peer median ₹990,000 across 1573 comparable works."
WS/MP18126/2025-2026/236296,ND-WRK-1038,Normal/Others,2025-2026,170000.0,1573,990000.0,500000.0,1000000.0,0.17,0.0,False,"Sanctioned amount ₹170,000 is 0.17× the peer median ₹990,000 across 1573 comparable works."
WS/MP18126/2025-2026/236295,ND-WRK-1037,Normal/Others,2025-2026,170000.0,1573,990000.0,500000.0,1000000.0,0.17,0.0,False,"Sanctioned amount ₹170,000 is 0.17× the peer median ₹990,000 across 1573 comparable works."
WS/MP18126/2025-2026/236294,ND-WRK-1036,Normal/Others,2025-2026,170000.0,1573,990000.0,500000.0,1000000.0,0.17,0.0,False,"Sanctioned amount ₹170,000 is 0.17× the peer median ₹990,000 across 1573 comparable works."
WS/MP18126/2025-2026/236293,ND-WRK-1035,Normal/Others,2025-2026,170000.0,1573,990000.0,500000.0,1000000.0,0.17,0.0,False,"Sanctioned amount ₹170,000 is 0.17× the peer median ₹990,000 across 1573 comparable works."
WS/MP18126/2025-2026/236292,ND-WRK-1034,Normal/Others,2025-2026,170000.0,1573,990000.0,500000.0,1000000.0,0.17,0.0,False,"Sanctioned amount ₹170,000 is 0.17× the peer median ₹990,000 across 1573 comparable works."
WS/MP18126/2025-2026/236286,ND-WRK-1033,Normal/Others,2025-2026,170000.0,1573,990000.0,500000.0,1000000.0,0.17,0.0,False,"Sanctioned amount ₹170,000 is 0.17× the peer median ₹990,000 across 1573 comparable works."
WS/MP18126/2025-2026/236285,ND-WRK-1032,Normal/Others,2025-2026,170000.0,1573,990000.0,500000.0,1000000.0,0.17,0.0,False,"Sanctioned amount ₹170,000 is 0.17× the peer median ₹990,000 across 1573 comparable works."
WS/MP18126/2025-2026/236284,ND-WRK-1031,Normal/Others,2025-2026,170000.0,1573,990000.0,500000.0,1000000.0,0.17,0.0,False,"Sanctioned amount ₹170,000 is 0.17× the peer median ₹990,000 across 1573 comparable works."
WS/MP18126/2025-2026/236283,ND-WRK-1030,Normal/Others,2025-2026,170000.0,1573,990000.0,500000.0,1000000.0,0.17,0.0,False,"Sanctioned amount ₹170,000 is 0.17× the peer median ₹990,000 across 1573 comparable works."
WS/MP18126/2025-2026/236282,ND-WRK-1029,Normal/Others,2025-2026,170000.0,1573,990000.0,500000.0,1000000.0,0.17,0.0,False,"Sanctioned amount ₹170,000 is 0.17× the peer median ₹990,000 across 1573 comparable works."
WS/MP18126/2025-2026/236281,ND-WRK-1028,Normal/Others,2025-2026,170000.0,1573,990000.0,500000.0,1000000.0,0.17,0.0,False,"Sanctioned amount ₹170,000 is 0.17× the peer median ₹990,000 across 1573 comparable works."
WS/MP18126/2025-2026/236280,ND-WRK-1027,Normal/Others,2025-2026,170000.0,1573,990000.0,500000.0,1000000.0,0.17,0.0,False,"Sanctioned amount ₹170,000 is 0.17× the peer median ₹990,000 across 1573 comparable works."
WS/MP18126/2025-2026/236279,ND-WRK-1026,Normal/Others,2025-2026,170000.0,1573,990000.0,500000.0,1000000.0,0.17,0.0,False,"Sanctioned amount ₹170,000 is 0.17× the peer median ₹990,000 across 1573 comparable works."
WS/MP18126/2025-2026/236278,ND-WRK-1025,Normal/Others,2025-2026,170000.0,1573,990000.0,500000.0,1000000.0,0.17,0.0,False,"Sanctioned amount ₹170,000 is 0.17× the peer median ₹990,000 across 1573 comparable works."
WS/MP18126/2025-2026/236314,ND-WRK-1056,Normal/Others,2025-2026,170000.0,1573,990000.0,500000.0,1000000.0,0.17,0.0,False,"Sanctioned amount ₹170,000 is 0.17× the peer median ₹990,000 across 1573 comparable works."
WS/MP18126/2025-2026/236313,ND-WRK-1055,Normal/Others,2025-2026,170000.0,1573,990000.0,500000.0,1000000.0,0.17,0.0,False,"Sanctioned amount ₹170,000 is 0.17× the peer median ₹990,000 across 1573 comparable works."
WS/MP18126/2025-2026/236312,ND-WRK-1054,Normal/Others,2025-2026,170000.0,1573,990000.0,500000.0,1000000.0,0.17,0.0,False,"Sanctioned amount ₹170,000 is 0.17× the peer median ₹990,000 across 1573 comparable works."
WS/MP18126/2025-2026/236311,ND-WRK-1053,Normal/Others,2025-2026,170000.0,1573,990000.0,500000.0,1000000.0,0.17,0.0,False,"Sanctioned amount ₹170,000 is 0.17× the peer median ₹990,000 across 1573 comparable works."
WS/MP18126/2025-2026/236310,ND-WRK-1052,Normal/Others,2025-2026,170000.0,1573,990000.0,500000.0,1000000.0,0.17,0.0,False,"Sanctioned amount ₹170,000 is 0.17× the peer median ₹990,000 across 1573 comparable works."
WS/MP18126/2025-2026/236309,ND-WRK-1051,Normal/Others,2025-2026,170000.0,1573,990000.0,500000.0,1000000.0,0.17,0.0,False,"Sanctioned amount ₹170,000 is 0.17× the peer median ₹990,000 across 1573 comparable works."
WS/MP18126/2025-2026/236308,ND-WRK-1050,Normal/Others,2025-2026,170000.0,1573,990000.0,500000.0,1000000.0,0.17,0.0,False,"Sanctioned amount ₹170,000 is 0.17× the peer median ₹990,000 across 1573 comparable works."
WS/MP18126/2025-2026/236307,ND-WRK-1049,Normal/Others,2025-2026,170000.0,1573,990000.0,500000.0,1000000.0,0.17,0.0,False,"Sanctioned amount ₹170,000 is 0.17× the peer median ₹990,000 across 1573 comparable works."
WS/MP18126/2025-2026/236306,ND-WRK-1048,Normal/Others,2025-2026,170000.0,1573,990000.0,500000.0,1000000.0,0.17,0.0,False,"Sanctioned amount ₹170,000 is 0.17× the peer median ₹990,000 across 1573 comparable works."
WS/MP18126/2025-2026/236305,ND-WRK-1047,Normal/Others,2025-2026,170000.0,1573,990000.0,500000.0,1000000.0,0.17,0.0,False,"Sanctioned amount ₹170,000 is 0.17× the peer median ₹990,000 across 1573 comparable works."
WS/MP18126/2025-2026/236304,ND-WRK-1046,Normal/Others,2025-2026,170000.0,1573,990000.0,500000.0,1000000.0,0.17,0.0,False,"Sanctioned amount ₹170,000 is 0.17× the peer median ₹990,000 across 1573 comparable works."
WS/MP18126/2025-2026/236303,ND-WRK-1045,Normal/Others,2025-2026,170000.0,1573,990000.0,500000.0,1000000.0,0.17,0.0,False,"Sanctioned amount ₹170,000 is 0.17× the peer median ₹990,000 across 1573 comparable works."
WS/MP18126/2025-2026/236302,ND-WRK-1044,Normal/Others,2025-2026,170000.0,1573,990000.0,500000.0,1000000.0,0.17,0.0,False,"Sanctioned amount ₹170,000 is 0.17× the peer median ₹990,000 across 1573 comparable works."
WS/MP18126/2025-2026/236301,ND-WRK-1043,Normal/Others,2025-2026,170000.0,1573,990000.0,500000.0,1000000.0,0.17,0.0,False,"Sanctioned amount ₹170,000 is 0.17× the peer median ₹990,000 across 1573 comparable works."
WS/MP18126/2025-2026/236300,ND-WRK-1042,Normal/Others,2025-2026,170000.0,1573,990000.0,500000.0,1000000.0,0.17,0.0,False,"Sanctioned amount ₹170,000 is 0.17× the peer median ₹990,000 across 1573 comparable works."
WS/MP18126/2025-2026/236299,ND-WRK-1041,Normal/Others,2025-2026,170000.0,1573,990000.0,500000.0,1000000.0,0.17,0.0,False,"Sanctioned amount ₹170,000 is 0.17× the peer median ₹990,000 across 1573 comparable works."
WS/MP18126/2025-2026/256590,ND-WRK-1072,Normal/Others,2025-2026,170000.0,1573,990000.0,500000.0,1000000.0,0.17,0.0,False,"Sanctioned amount ₹170,000 is 0.17× the peer median ₹990,000 across 1573 comparable works."
WS/MP18126/2025-2026/236332,ND-WRK-1071,Normal/Others,2025-2026,170000.0,1573,990000.0,500000.0,1000000.0,0.17,0.0,False,"Sanctioned amount ₹170,000 is 0.17× the peer median ₹990,000 across 1573 comparable works."
WS/MP18126/2025-2026/236331,ND-WRK-1070,Normal/Others,2025-2026,170000.0,1573,990000.0,500000.0,1000000.0,0.17,0.0,False,"Sanctioned amount ₹170,000 is 0.17× the peer median ₹990,000 across 1573 comparable works."
WS/MP18126/2025-2026/236330,ND-WRK-1069,Normal/Others,2025-2026,170000.0,1573,990000.0,500000.0,1000000.0,0.17,0.0,False,"Sanctioned amount ₹170,000 is 0.17× the peer median ₹990,000 across 1573 comparable works."
WS/MP18126/2025-2026/236329,ND-WRK-1068,Normal/Others,2025-2026,170000.0,1573,990000.0,500000.0,1000000.0,0.17,0.0,False,"Sanctioned amount ₹170,000 is 0.17× the peer median ₹990,000 across 1573 comparable works."
WS/MP18126/2025-2026/236328,ND-WRK-1067,Normal/Others,2025-2026,170000.0,1573,990000.0,500000.0,1000000.0,0.17,0.0,False,"Sanctioned amount ₹170,000 is 0.17× the peer median ₹990,000 across 1573 comparable works."
WS/MP18126/2025-2026/236327,ND-WRK-1066,Normal/Others,2025-2026,170000.0,1573,990000.0,500000.0,1000000.0,0.17,0.0,False,"Sanctioned amount ₹170,000 is 0.17× the peer median ₹990,000 across 1573 comparable works."
WS/MP18126/2025-2026/236326,ND-WRK-1065,Normal/Others,2025-2026,170000.0,1573,990000.0,500000.0,1000000.0,0.17,0.0,False,"Sanctioned amount ₹170,000 is 0.17× the peer median ₹990,000 across 1573 comparable works."
WS/MP18126/2025-2026/236325,ND-WRK-1064,Normal/Others,2025-2026,170000.0,1573,990000.0,500000.0,1000000.0,0.17,0.0,False,"Sanctioned amount ₹170,000 is 0.17× the peer median ₹990,000 across 1573 comparable works."
WS/MP18126/2025-2026/236321,ND-WRK-1063,Normal/Others,2025-2026,170000.0,1573,990000.0,500000.0,1000000.0,0.17,0.0,False,"Sanctioned amount ₹170,000 is 0.17× the peer median ₹990,000 across 1573 comparable works."
WS/MP18126/2025-2026/236320,ND-WRK-1062,Normal/Others,2025-2026,170000.0,1573,990000.0,500000.0,1000000.0,0.17,0.0,False,"Sanctioned amount ₹170,000 is 0.17× the peer median ₹990,000 across 1573 comparable works."
WS/MP18126/2025-2026/236319,ND-WRK-1061,Normal/Others,2025-2026,170000.0,1573,990000.0,500000.0,1000000.0,0.17,0.0,False,"Sanctioned amount ₹170,000 is 0.17× the peer median ₹990,000 across 1573 comparable works."
WS/MP18126/2025-2026/236318,ND-WRK-1060,Normal/Others,2025-2026,170000.0,1573,990000.0,500000.0,1000000.0,0.17,0.0,False,"Sanctioned amount ₹170,000 is 0.17× the peer median ₹990,000 across 1573 comparable works."
WS/MP18126/2025-2026/236317,ND-WRK-1059,Normal/Others,2025-2026,170000.0,1573,990000.0,500000.0,1000000.0,0.17,0.0,False,"Sanctioned amount ₹170,000 is 0.17× the peer median ₹990,000 across 1573 comparable works."
WS/MP18126/2025-2026/236316,ND-WRK-1058,Normal/Others,2025-2026,170000.0,1573,990000.0,500000.0,1000000.0,0.17,0.0,False,"Sanctioned amount ₹170,000 is 0.17× the peer median ₹990,000 across 1573 comparable works."
WS/MP18126/2025-2026/236315,ND-WRK-1057,Normal/Others,2025-2026,170000.0,1573,990000.0,500000.0,1000000.0,0.17,0.0,False,"Sanctioned amount ₹170,000 is 0.17× the peer median ₹990,000 across 1573 comparable works."
WS/MP18126/2025-2026/256645,ND-WRK-1088,Normal/Others,2025-2026,170000.0,1573,990000.0,500000.0,1000000.0,0.17,0.0,False,"Sanctioned amount ₹170,000 is 0.17× the peer median ₹990,000 across 1573 comparable works."
WS/MP18126/2025-2026/256644,ND-WRK-1087,Normal/Others,2025-2026,170000.0,1573,990000.0,500000.0,1000000.0,0.17,0.0,False,"Sanctioned amount ₹170,000 is 0.17× the peer median ₹990,000 across 1573 comparable works."
WS/MP18126/2025-2026/256643,ND-WRK-1086,Normal/Others,2025-2026,170000.0,1573,990000.0,500000.0,1000000.0,0.17,0.0,False,"Sanctioned amount ₹170,000 is 0.17× the peer median ₹990,000 across 1573 comparable works."
WS/MP18126/2025-2026/256642,ND-WRK-1085,Normal/Others,2025-2026,170000.0,1573,990000.0,500000.0,1000000.0,0.17,0.0,False,"Sanctioned amount ₹170,000 is 0.17× the peer median ₹990,000 across 1573 comparable works."
WS/MP18126/2025-2026/256641,ND-WRK-1084,Normal/Others,2025-2026,170000.0,1573,990000.0,500000.0,1000000.0,0.17,0.0,False,"Sanctioned amount ₹170,000 is 0.17× the peer median ₹990,000 across 1573 comparable works."
WS/MP18126/2025-2026/256640,ND-WRK-1083,Normal/Others,2025-2026,170000.0,1573,990000.0,500000.0,1000000.0,0.17,0.0,False,"Sanctioned amount ₹170,000 is 0.17× the peer median ₹990,000 across 1573 comparable works."
WS/MP18126/2025-2026/256639,ND-WRK-1082,Normal/Others,2025-2026,170000.0,1573,990000.0,500000.0,1000000.0,0.17,0.0,False,"Sanctioned amount ₹170,000 is 0.17× the peer median ₹990,000 across 1573 comparable works."
WS/MP18126/2025-2026/256638,ND-WRK-1081,Normal/Others,2025-2026,170000.0,1573,990000.0,500000.0,1000000.0,0.17,0.0,False,"Sanctioned amount ₹170,000 is 0.17× the peer median ₹990,000 across 1573 comparable works."
WS/MP18126/2025-2026/256637,ND-WRK-1080,Normal/Others,2025-2026,170000.0,1573,990000.0,500000.0,1000000.0,0.17,0.0,False,"Sanctioned amount ₹170,000 is 0.17× the peer median ₹990,000 across 1573 comparable works."
WS/MP18126/2025-2026/256636,ND-WRK-1079,Normal/Others,2025-2026,170000.0,1573,990000.0,500000.0,1000000.0,0.17,0.0,False,"Sanctioned amount ₹170,000 is 0.17× the peer median ₹990,000 across 1573 comparable works."
WS/MP18126/2025-2026/256635,ND-WRK-1078,Normal/Others,2025-2026,170000.0,1573,990000.0,500000.0,1000000.0,0.17,0.0,False,"Sanctioned amount ₹170,000 is 0.17× the peer median ₹990,000 across 1573 comparable works."
WS/MP18126/2025-2026/256634,ND-WRK-1077,Normal/Others,2025-2026,170000.0,1573,990000.0,500000.0,1000000.0,0.17,0.0,False,"Sanctioned amount ₹170,000 is 0.17× the peer median ₹990,000 across 1573 comparable works."
WS/MP18126/2025-2026/256633,ND-WRK-1076,Normal/Others,2025-2026,170000.0,1573,990000.0,500000.0,1000000.0,0.17,0.0,False,"Sanctioned amount ₹170,000 is 0.17× the peer median ₹990,000 across 1573 comparable works."
WS/MP18126/2025-2026/256632,ND-WRK-1075,Normal/Others,2025-2026,170000.0,1573,990000.0,500000.0,1000000.0,0.17,0.0,False,"Sanctioned amount ₹170,000 is 0.17× the peer median ₹990,000 across 1573 comparable works."
WS/MP18126/2025-2026/256631,ND-WRK-1074,Normal/Others,2025-2026,170000.0,1573,990000.0,500000.0,1000000.0,0.17,0.0,False,"Sanctioned amount ₹170,000 is 0.17× the peer median ₹990,000 across 1573 comparable works."
WS/MP18126/2025-2026/256630,ND-WRK-1073,Normal/Others,2025-2026,170000.0,1573,990000.0,500000.0,1000000.0,0.17,0.0,False,"Sanctioned amount ₹170,000 is 0.17× the peer median ₹990,000 across 1573 comparable works."
WS/MP18126/2025-2026/266933,ND-WRK-1104,Normal/Others,2025-2026,170000.0,1573,990000.0,500000.0,1000000.0,0.17,0.0,False,"Sanctioned amount ₹170,000 is 0.17× the peer median ₹990,000 across 1573 comparable works."
WS/MP18126/2025-2026/266932,ND-WRK-1103,Normal/Others,2025-2026,170000.0,1573,990000.0,500000.0,1000000.0,0.17,0.0,False,"Sanctioned amount ₹170,000 is 0.17× the peer median ₹990,000 across 1573 comparable works."
WS/MP18126/2025-2026/266931,ND-WRK-1102,Normal/Others,2025-2026,170000.0,1573,990000.0,500000.0,1000000.0,0.17,0.0,False,"Sanctioned amount ₹170,000 is 0.17× the peer median ₹990,000 across 1573 comparable works."
WS/MP18126/2025-2026/266930,ND-WRK-1101,Normal/Others,2025-2026,170000.0,1573,990000.0,500000.0,1000000.0,0.17,0.0,False,"Sanctioned amount ₹170,000 is 0.17× the peer median ₹990,000 across 1573 comparable works."
WS/MP18126/2025-2026/266929,ND-WRK-1100,Normal/Others,2025-2026,170000.0,1573,990000.0,500000.0,1000000.0,0.17,0.0,False,"Sanctioned amount ₹170,000 is 0.17× the peer median ₹990,000 across 1573 comparable works."
WS/MP18126/2025-2026/256656,ND-WRK-1099,Normal/Others,2025-2026,170000.0,1573,990000.0,500000.0,1000000.0,0.17,0.0,False,"Sanctioned amount ₹170,000 is 0.17× the peer median ₹990,000 across 1573 comparable works."
WS/MP18126/2025-2026/256655,ND-WRK-1098,Normal/Others,2025-2026,170000.0,1573,990000.0,500000.0,1000000.0,0.17,0.0,False,"Sanctioned amount ₹170,000 is 0.17× the peer median ₹990,000 across 1573 comparable works."
WS/MP18126/2025-2026/256654,ND-WRK-1097,Normal/Others,2025-2026,170000.0,1573,990000.0,500000.0,1000000.0,0.17,0.0,False,"Sanctioned amount ₹170,000 is 0.17× the peer median ₹990,000 across 1573 comparable works."
WS/MP18126/2025-2026/256653,ND-WRK-1096,Normal/Others,2025-2026,170000.0,1573,990000.0,500000.0,1000000.0,0.17,0.0,False,"Sanctioned amount ₹170,000 is 0.17× the peer median ₹990,000 across 1573 comparable works."
WS/MP18126/2025-2026/256652,ND-WRK-1095,Normal/Others,2025-2026,170000.0,1573,990000.0,500000.0,1000000.0,0.17,0.0,False,"Sanctioned amount ₹170,000 is 0.17× the peer median ₹990,000 across 1573 comparable works."
WS/MP18126/2025-2026/256651,ND-WRK-1094,Normal/Others,2025-2026,170000.0,1573,990000.0,500000.0,1000000.0,0.17,0.0,False,"Sanctioned amount ₹170,000 is 0.17× the peer median ₹990,000 across 1573 comparable works."
WS/MP18126/2025-2026/256650,ND-WRK-1093,Normal/Others,2025-2026,170000.0,1573,990000.0,500000.0,1000000.0,0.17,0.0,False,"Sanctioned amount ₹170,000 is 0.17× the peer median ₹990,000 across 1573 comparable works."
WS/MP18126/2025-2026/256649,ND-WRK-1092,Normal/Others,2025-2026,170000.0,1573,990000.0,500000.0,1000000.0,0.17,0.0,False,"Sanctioned amount ₹170,000 is 0.17× the peer median ₹990,000 across 1573 comparable works."
WS/MP18126/2025-2026/256648,ND-WRK-1091,Normal/Others,2025-2026,170000.0,1573,990000.0,500000.0,1000000.0,0.17,0.0,False,"Sanctioned amount ₹170,000 is 0.17× the peer median ₹990,000 across 1573 comparable works."
WS/MP18126/2025-2026/256647,ND-WRK-1090,Normal/Others,2025-2026,170000.0,1573,990000.0,500000.0,1000000.0,0.17,0.0,False,"Sanctioned amount ₹170,000 is 0.17× the peer median ₹990,000 across 1573 comparable works."
WS/MP18126/2025-2026/256646,ND-WRK-1089,Normal/Others,2025-2026,170000.0,1573,990000.0,500000.0,1000000.0,0.17,0.0,False,"Sanctioned amount ₹170,000 is 0.17× the peer median ₹990,000 across 1573 comparable works."
WS/MP18126/2026-2027/266901,ND-WRK-1120,Normal/Others,2026-2027,750000.0,683,1000000.0,700000.0,1000000.0,0.75,0.0,False,"Sanctioned amount ₹750,000 is 0.75× the peer median ₹1,000,000 across 683 comparable works."
WS/MP18126/2026-2027/266900,ND-WRK-1119,Normal/Others,2026-2027,750000.0,683,1000000.0,700000.0,1000000.0,0.75,0.0,False,"Sanctioned amount ₹750,000 is 0.75× the peer median ₹1,000,000 across 683 comparable works."
WS/MP18126/2026-2027/256591,ND-WRK-1118,Normal/Others,2026-2027,170000.0,683,1000000.0,700000.0,1000000.0,0.17,0.0,False,"Sanctioned amount ₹170,000 is 0.17× the peer median ₹1,000,000 across 683 comparable works."
WS/MP18126/2026-2027/256589,ND-WRK-1117,Normal/Others,2026-2027,170000.0,683,1000000.0,700000.0,1000000.0,0.17,0.0,False,"Sanctioned amount ₹170,000 is 0.17× the peer median ₹1,000,000 across 683 comparable works."
WS/MP18126/2026-2027/239355,ND-WRK-1115,Normal/Others,2026-2027,200000.0,683,1000000.0,700000.0,1000000.0,0.2,0.0,False,"Sanctioned amount ₹200,000 is 0.20× the peer median ₹1,000,000 across 683 comparable works."
WS/MP18126/2026-2027/239354,ND-WRK-1114,Normal/Others,2026-2027,200000.0,683,1000000.0,700000.0,1000000.0,0.2,0.0,False,"Sanctioned amount ₹200,000 is 0.20× the peer median ₹1,000,000 across 683 comparable works."
WS/MP18126/2026-2027/236147,ND-WRK-1113,Normal/Others,2026-2027,170000.0,683,1000000.0,700000.0,1000000.0,0.17,0.0,False,"Sanctioned amount ₹170,000 is 0.17× the peer median ₹1,000,000 across 683 comparable works."
WS/MP18126/2026-2027/236090,ND-WRK-1112,Repair and Renovation,2026-2027,500000.0,3,,,,,0.0,False,Insufficient comparable works: 3 peers.
WS/MP18126/2026-2027/233122,ND-WRK-1111,Normal/Others,2026-2027,1000000.0,683,1000000.0,700000.0,1000000.0,1.0,0.0,False,"Sanctioned amount ₹1,000,000 is 1.00× the peer median ₹1,000,000 across 683 comparable works."
WS/MP18126/2025-2026/270175,ND-WRK-1110,Normal/Others,2025-2026,1000000.0,1573,990000.0,500000.0,1000000.0,1.01,0.0,False,"Sanctioned amount ₹1,000,000 is 1.01× the peer median ₹990,000 across 1573 comparable works."
WS/MP18126/2025-2026/266938,ND-WRK-1109,Normal/Others,2025-2026,170000.0,1573,990000.0,500000.0,1000000.0,0.17,0.0,False,"Sanctioned amount ₹170,000 is 0.17× the peer median ₹990,000 across 1573 comparable works."
WS/MP18126/2025-2026/266937,ND-WRK-1108,Normal/Others,2025-2026,170000.0,1573,990000.0,500000.0,1000000.0,0.17,0.0,False,"Sanctioned amount ₹170,000 is 0.17× the peer median ₹990,000 across 1573 comparable works."
WS/MP18126/2025-2026/266936,ND-WRK-1107,Normal/Others,2025-2026,170000.0,1573,990000.0,500000.0,1000000.0,0.17,0.0,False,"Sanctioned amount ₹170,000 is 0.17× the peer median ₹990,000 across 1573 comparable works."
WS/MP18126/2025-2026/266935,ND-WRK-1106,Normal/Others,2025-2026,169530.0,1573,990000.0,500000.0,1000000.0,0.17,0.0,False,"Sanctioned amount ₹169,530 is 0.17× the peer median ₹990,000 across 1573 comparable works."
WS/MP18126/2025-2026/266934,ND-WRK-1105,Normal/Others,2025-2026,170000.0,1573,990000.0,500000.0,1000000.0,0.17,0.0,False,"Sanctioned amount ₹170,000 is 0.17× the peer median ₹990,000 across 1573 comparable works."
WS/MP18126/2026-2027/267180,ND-WRK-1136,Normal/Others,2026-2027,750000.0,683,1000000.0,700000.0,1000000.0,0.75,0.0,False,"Sanctioned amount ₹750,000 is 0.75× the peer median ₹1,000,000 across 683 comparable works."
WS/MP18126/2026-2027/266927,ND-WRK-1135,Normal/Others,2026-2027,750000.0,683,1000000.0,700000.0,1000000.0,0.75,0.0,False,"Sanctioned amount ₹750,000 is 0.75× the peer median ₹1,000,000 across 683 comparable works."
WS/MP18126/2026-2027/266926,ND-WRK-1134,Normal/Others,2026-2027,750000.0,683,1000000.0,700000.0,1000000.0,0.75,0.0,False,"Sanctioned amount ₹750,000 is 0.75× the peer median ₹1,000,000 across 683 comparable works."
WS/MP18126/2026-2027/266914,ND-WRK-1133,Normal/Others,2026-2027,750000.0,683,1000000.0,700000.0,1000000.0,0.75,0.0,False,"Sanctioned amount ₹750,000 is 0.75× the peer median ₹1,000,000 across 683 comparable works."
WS/MP18126/2026-2027/266913,ND-WRK-1132,Normal/Others,2026-2027,750000.0,683,1000000.0,700000.0,1000000.0,0.75,0.0,False,"Sanctioned amount ₹750,000 is 0.75× the peer median ₹1,000,000 across 683 comparable works."
WS/MP18126/2026-2027/266912,ND-WRK-1131,Normal/Others,2026-2027,750000.0,683,1000000.0,700000.0,1000000.0,0.75,0.0,False,"Sanctioned amount ₹750,000 is 0.75× the peer median ₹1,000,000 across 683 comparable works."
WS/MP18126/2026-2027/266911,ND-WRK-1130,Normal/Others,2026-2027,750000.0,683,1000000.0,700000.0,1000000.0,0.75,0.0,False,"Sanctioned amount ₹750,000 is 0.75× the peer median ₹1,000,000 across 683 comparable works."
WS/MP18126/2026-2027/266910,ND-WRK-1129,Normal/Others,2026-2027,750000.0,683,1000000.0,700000.0,1000000.0,0.75,0.0,False,"Sanctioned amount ₹750,000 is 0.75× the peer median ₹1,000,000 across 683 comparable works."
WS/MP18126/2026-2027/266909,ND-WRK-1128,Normal/Others,2026-2027,750000.0,683,1000000.0,700000.0,1000000.0,0.75,0.0,False,"Sanctioned amount ₹750,000 is 0.75× the peer median ₹1,000,000 across 683 comparable works."
WS/MP18126/2026-2027/266908,ND-WRK-1127,Normal/Others,2026-2027,750000.0,683,1000000.0,700000.0,1000000.0,0.75,0.0,False,"Sanctioned amount ₹750,000 is 0.75× the peer median ₹1,000,000 across 683 comparable works."
WS/MP18126/2026-2027/266907,ND-WRK-1126,Normal/Others,2026-2027,750000.0,683,1000000.0,700000.0,1000000.0,0.75,0.0,False,"Sanctioned amount ₹750,000 is 0.75× the peer median ₹1,000,000 across 683 comparable works."
WS/MP18126/2026-2027/266906,ND-WRK-1125,Normal/Others,2026-2027,750000.0,683,1000000.0,700000.0,1000000.0,0.75,0.0,False,"Sanctioned amount ₹750,000 is 0.75× the peer median ₹1,000,000 across 683 comparable works."
WS/MP18126/2026-2027/266905,ND-WRK-1124,Normal/Others,2026-2027,750000.0,683,1000000.0,700000.0,1000000.0,0.75,0.0,False,"Sanctioned amount ₹750,000 is 0.75× the peer median ₹1,000,000 across 683 comparable works."
WS/MP18126/2026-2027/266904,ND-WRK-1123,Normal/Others,2026-2027,750000.0,683,1000000.0,700000.0,1000000.0,0.75,0.0,False,"Sanctioned amount ₹750,000 is 0.75× the peer median ₹1,000,000 across 683 comparable works."
WS/MP18126/2026-2027/266903,ND-WRK-1122,Normal/Others,2026-2027,750000.0,683,1000000.0,700000.0,1000000.0,0.75,0.0,False,"Sanctioned amount ₹750,000 is 0.75× the peer median ₹1,000,000 across 683 comparable works."
WS/MP18126/2026-2027/266902,ND-WRK-1121,Normal/Others,2026-2027,750000.0,683,1000000.0,700000.0,1000000.0,0.75,0.0,False,"Sanctioned amount ₹750,000 is 0.75× the peer median ₹1,000,000 across 683 comparable works."
WS/MP18126/2026-2027/267196,ND-WRK-1152,Normal/Others,2026-2027,750000.0,683,1000000.0,700000.0,1000000.0,0.75,0.0,False,"Sanctioned amount ₹750,000 is 0.75× the peer median ₹1,000,000 across 683 comparable works."
WS/MP18126/2026-2027/267195,ND-WRK-1151,Normal/Others,2026-2027,750000.0,683,1000000.0,700000.0,1000000.0,0.75,0.0,False,"Sanctioned amount ₹750,000 is 0.75× the peer median ₹1,000,000 across 683 comparable works."
WS/MP18126/2026-2027/267194,ND-WRK-1150,Normal/Others,2026-2027,750000.0,683,1000000.0,700000.0,1000000.0,0.75,0.0,False,"Sanctioned amount ₹750,000 is 0.75× the peer median ₹1,000,000 across 683 comparable works."
WS/MP18126/2026-2027/267193,ND-WRK-1149,Normal/Others,2026-2027,750000.0,683,1000000.0,700000.0,1000000.0,0.75,0.0,False,"Sanctioned amount ₹750,000 is 0.75× the peer median ₹1,000,000 across 683 comparable works."
WS/MP18126/2026-2027/267192,ND-WRK-1148,Normal/Others,2026-2027,750000.0,683,1000000.0,700000.0,1000000.0,0.75,0.0,False,"Sanctioned amount ₹750,000 is 0.75× the peer median ₹1,000,000 across 683 comparable works."
WS/MP18126/2026-2027/267191,ND-WRK-1147,Normal/Others,2026-2027,750000.0,683,1000000.0,700000.0,1000000.0,0.75,0.0,False,"Sanctioned amount ₹750,000 is 0.75× the peer median ₹1,000,000 across 683 comparable works."
WS/MP18126/2026-2027/267190,ND-WRK-1146,Normal/Others,2026-2027,750000.0,683,1000000.0,700000.0,1000000.0,0.75,0.0,False,"Sanctioned amount ₹750,000 is 0.75× the peer median ₹1,000,000 across 683 comparable works."
WS/MP18126/2026-2027/267189,ND-WRK-1145,Normal/Others,2026-2027,750000.0,683,1000000.0,700000.0,1000000.0,0.75,0.0,False,"Sanctioned amount ₹750,000 is 0.75× the peer median ₹1,000,000 across 683 comparable works."
WS/MP18126/2026-2027/267188,ND-WRK-1144,Normal/Others,2026-2027,750000.0,683,1000000.0,700000.0,1000000.0,0.75,0.0,False,"Sanctioned amount ₹750,000 is 0.75× the peer median ₹1,000,000 across 683 comparable works."
WS/MP18126/2026-2027/267187,ND-WRK-1143,Normal/Others,2026-2027,750000.0,683,1000000.0,700000.0,1000000.0,0.75,0.0,False,"Sanctioned amount ₹750,000 is 0.75× the peer median ₹1,000,000 across 683 comparable works."
WS/MP18126/2026-2027/267186,ND-WRK-1142,Normal/Others,2026-2027,750000.0,683,1000000.0,700000.0,1000000.0,0.75,0.0,False,"Sanctioned amount ₹750,000 is 0.75× the peer median ₹1,000,000 across 683 comparable works."
WS/MP18126/2026-2027/267185,ND-WRK-1141,Normal/Others,2026-2027,750000.0,683,1000000.0,700000.0,1000000.0,0.75,0.0,False,"Sanctioned amount ₹750,000 is 0.75× the peer median ₹1,000,000 across 683 comparable works."
WS/MP18126/2026-2027/267184,ND-WRK-1140,Normal/Others,2026-2027,750000.0,683,1000000.0,700000.0,1000000.0,0.75,0.0,False,"Sanctioned amount ₹750,000 is 0.75× the peer median ₹1,000,000 across 683 comparable works."
WS/MP18126/2026-2027/267183,ND-WRK-1139,Normal/Others,2026-2027,750000.0,683,1000000.0,700000.0,1000000.0,0.75,0.0,False,"Sanctioned amount ₹750,000 is 0.75× the peer median ₹1,000,000 across 683 comparable works."
WS/MP18126/2026-2027/267182,ND-WRK-1138,Normal/Others,2026-2027,750000.0,683,1000000.0,700000.0,1000000.0,0.75,0.0,False,"Sanctioned amount ₹750,000 is 0.75× the peer median ₹1,000,000 across 683 comparable works."
WS/MP18126/2026-2027/267181,ND-WRK-1137,Normal/Others,2026-2027,750000.0,683,1000000.0,700000.0,1000000.0,0.75,0.0,False,"Sanctioned amount ₹750,000 is 0.75× the peer median ₹1,000,000 across 683 comparable works."
WS/MP18127/2025-2026/188379,ND-WRK-1168,Normal/Others,2025-2026,499000.0,1573,990000.0,500000.0,1000000.0,0.5,0.0,False,"Sanctioned amount ₹499,000 is 0.50× the peer median ₹990,000 across 1573 comparable works."
WS/MP18127/2025-2026/188378,ND-WRK-1167,Normal/Others,2025-2026,692500.0,1573,990000.0,500000.0,1000000.0,0.7,0.0,False,"Sanctioned amount ₹692,500 is 0.70× the peer median ₹990,000 across 1573 comparable works."
WS/MP18127/2025-2026/188377,ND-WRK-1166,Normal/Others,2025-2026,990000.0,1573,990000.0,500000.0,1000000.0,1.0,0.0,False,"Sanctioned amount ₹990,000 is 1.00× the peer median ₹990,000 across 1573 comparable works."
WS/MP18127/2025-2026/188376,ND-WRK-1165,Normal/Others,2025-2026,1499500.0,1573,990000.0,500000.0,1000000.0,1.51,0.0,False,"Sanctioned amount ₹1,499,500 is 1.51× the peer median ₹990,000 across 1573 comparable works."
WS/MP18127/2025-2026/188375,ND-WRK-1164,Normal/Others,2025-2026,999500.0,1573,990000.0,500000.0,1000000.0,1.01,0.0,False,"Sanctioned amount ₹999,500 is 1.01× the peer median ₹990,000 across 1573 comparable works."
WS/MP18127/2025-2026/188374,ND-WRK-1163,Normal/Others,2025-2026,989000.0,1573,990000.0,500000.0,1000000.0,1.0,0.0,False,"Sanctioned amount ₹989,000 is 1.00× the peer median ₹990,000 across 1573 comparable works."
WS/MP18127/2025-2026/188373,ND-WRK-1162,Normal/Others,2025-2026,988000.0,1573,990000.0,500000.0,1000000.0,1.0,0.0,False,"Sanctioned amount ₹988,000 is 1.00× the peer median ₹990,000 across 1573 comparable works."
WS/MP18127/2025-2026/188372,ND-WRK-1161,Normal/Others,2025-2026,745000.0,1573,990000.0,500000.0,1000000.0,0.75,0.0,False,"Sanctioned amount ₹745,000 is 0.75× the peer median ₹990,000 across 1573 comparable works."
WS/MP18127/2025-2026/188371,ND-WRK-1160,Normal/Others,2025-2026,989000.0,1573,990000.0,500000.0,1000000.0,1.0,0.0,False,"Sanctioned amount ₹989,000 is 1.00× the peer median ₹990,000 across 1573 comparable works."
WS/MP18127/2025-2026/188370,ND-WRK-1159,Normal/Others,2025-2026,990000.0,1573,990000.0,500000.0,1000000.0,1.0,0.0,False,"Sanctioned amount ₹990,000 is 1.00× the peer median ₹990,000 across 1573 comparable works."
WS/MP18127/2025-2026/188369,ND-WRK-1158,Normal/Others,2025-2026,989500.0,1573,990000.0,500000.0,1000000.0,1.0,0.0,False,"Sanctioned amount ₹989,500 is 1.00× the peer median ₹990,000 across 1573 comparable works."
WS/MP18127/2025-2026/188368,ND-WRK-1157,Normal/Others,2025-2026,999000.0,1573,990000.0,500000.0,1000000.0,1.01,0.0,False,"Sanctioned amount ₹999,000 is 1.01× the peer median ₹990,000 across 1573 comparable works."
WS/MP18126/2026-2027/270174,ND-WRK-1156,Normal/Others,2026-2027,750000.0,683,1000000.0,700000.0,1000000.0,0.75,0.0,False,"Sanctioned amount ₹750,000 is 0.75× the peer median ₹1,000,000 across 683 comparable works."
WS/MP18126/2026-2027/267199,ND-WRK-1155,Normal/Others,2026-2027,750000.0,683,1000000.0,700000.0,1000000.0,0.75,0.0,False,"Sanctioned amount ₹750,000 is 0.75× the peer median ₹1,000,000 across 683 comparable works."
WS/MP18126/2026-2027/267198,ND-WRK-1154,Normal/Others,2026-2027,750000.0,683,1000000.0,700000.0,1000000.0,0.75,0.0,False,"Sanctioned amount ₹750,000 is 0.75× the peer median ₹1,000,000 across 683 comparable works."
WS/MP18126/2026-2027/267197,ND-WRK-1153,Normal/Others,2026-2027,750000.0,683,1000000.0,700000.0,1000000.0,0.75,0.0,False,"Sanctioned amount ₹750,000 is 0.75× the peer median ₹1,000,000 across 683 comparable works."
WS/MP18127/2025-2026/188404,ND-WRK-1184,Normal/Others,2025-2026,990000.0,1573,990000.0,500000.0,1000000.0,1.0,0.0,False,"Sanctioned amount ₹990,000 is 1.00× the peer median ₹990,000 across 1573 comparable works."
WS/MP18127/2025-2026/188401,ND-WRK-1183,Normal/Others,2025-2026,748000.0,1573,990000.0,500000.0,1000000.0,0.76,0.0,False,"Sanctioned amount ₹748,000 is 0.76× the peer median ₹990,000 across 1573 comparable works."
WS/MP18127/2025-2026/188400,ND-WRK-1182,Normal/Others,2025-2026,751178.0,1573,990000.0,500000.0,1000000.0,0.76,0.0,False,"Sanctioned amount ₹751,178 is 0.76× the peer median ₹990,000 across 1573 comparable works."
WS/MP18127/2025-2026/188399,ND-WRK-1181,Normal/Others,2025-2026,979000.0,1573,990000.0,500000.0,1000000.0,0.99,0.0,False,"Sanctioned amount ₹979,000 is 0.99× the peer median ₹990,000 across 1573 comparable works."
WS/MP18127/2025-2026/188398,ND-WRK-1180,Normal/Others,2025-2026,988000.0,1573,990000.0,500000.0,1000000.0,1.0,0.0,False,"Sanctioned amount ₹988,000 is 1.00× the peer median ₹990,000 across 1573 comparable works."
WS/MP18127/2025-2026/188394,ND-WRK-1179,Normal/Others,2025-2026,986000.0,1573,990000.0,500000.0,1000000.0,1.0,0.0,False,"Sanctioned amount ₹986,000 is 1.00× the peer median ₹990,000 across 1573 comparable works."
WS/MP18127/2025-2026/188393,ND-WRK-1178,Normal/Others,2025-2026,991830.0,1573,990000.0,500000.0,1000000.0,1.0,0.0,False,"Sanctioned amount ₹991,830 is 1.00× the peer median ₹990,000 across 1573 comparable works."
WS/MP18127/2025-2026/188390,ND-WRK-1177,Normal/Others,2025-2026,989000.0,1573,990000.0,500000.0,1000000.0,1.0,0.0,False,"Sanctioned amount ₹989,000 is 1.00× the peer median ₹990,000 across 1573 comparable works."
WS/MP18127/2025-2026/188389,ND-WRK-1176,Normal/Others,2025-2026,989000.0,1573,990000.0,500000.0,1000000.0,1.0,0.0,False,"Sanctioned amount ₹989,000 is 1.00× the peer median ₹990,000 across 1573 comparable works."
WS/MP18127/2025-2026/188388,ND-WRK-1175,Normal/Others,2025-2026,988000.0,1573,990000.0,500000.0,1000000.0,1.0,0.0,False,"Sanctioned amount ₹988,000 is 1.00× the peer median ₹990,000 across 1573 comparable works."
WS/MP18127/2025-2026/188387,ND-WRK-1174,Normal/Others,2025-2026,988000.0,1573,990000.0,500000.0,1000000.0,1.0,0.0,False,"Sanctioned amount ₹988,000 is 1.00× the peer median ₹990,000 across 1573 comparable works."
WS/MP18127/2025-2026/188386,ND-WRK-1173,Normal/Others,2025-2026,499000.0,1573,990000.0,500000.0,1000000.0,0.5,0.0,False,"Sanctioned amount ₹499,000 is 0.50× the peer median ₹990,000 across 1573 comparable works."
WS/MP18127/2025-2026/188385,ND-WRK-1172,Normal/Others,2025-2026,988000.0,1573,990000.0,500000.0,1000000.0,1.0,0.0,False,"Sanctioned amount ₹988,000 is 1.00× the peer median ₹990,000 across 1573 comparable works."
WS/MP18127/2025-2026/188382,ND-WRK-1171,Normal/Others,2025-2026,799000.0,1573,990000.0,500000.0,1000000.0,0.81,0.0,False,"Sanctioned amount ₹799,000 is 0.81× the peer median ₹990,000 across 1573 comparable works."
WS/MP18127/2025-2026/188381,ND-WRK-1170,Normal/Others,2025-2026,1497000.0,1573,990000.0,500000.0,1000000.0,1.51,0.0,False,"Sanctioned amount ₹1,497,000 is 1.51× the peer median ₹990,000 across 1573 comparable works."
WS/MP18127/2025-2026/188380,ND-WRK-1169,Normal/Others,2025-2026,995092.0,1573,990000.0,500000.0,1000000.0,1.01,0.0,False,"Sanctioned amount ₹995,092 is 1.01× the peer median ₹990,000 across 1573 comparable works."
WS/MP18127/2026-2027/188406,ND-WRK-1201,Normal/Others,2026-2027,999000.0,683,1000000.0,700000.0,1000000.0,1.0,0.0,False,"Sanctioned amount ₹999,000 is 1.00× the peer median ₹1,000,000 across 683 comparable works."
WS/MP18127/2026-2027/188391,ND-WRK-1199,Normal/Others,2026-2027,1443000.0,683,1000000.0,700000.0,1000000.0,1.44,0.0,False,"Sanctioned amount ₹1,443,000 is 1.44× the peer median ₹1,000,000 across 683 comparable works."
WS/MP18127/2025-2026/253715,ND-WRK-1198,Normal/Others,2025-2026,950000.0,1573,990000.0,500000.0,1000000.0,0.96,0.0,False,"Sanctioned amount ₹950,000 is 0.96× the peer median ₹990,000 across 1573 comparable works."
WS/MP18127/2025-2026/253714,ND-WRK-1197,Normal/Others,2025-2026,990000.0,1573,990000.0,500000.0,1000000.0,1.0,0.0,False,"Sanctioned amount ₹990,000 is 1.00× the peer median ₹990,000 across 1573 comparable works."
WS/MP18127/2025-2026/253713,ND-WRK-1196,Normal/Others,2025-2026,800000.0,1573,990000.0,500000.0,1000000.0,0.81,0.0,False,"Sanctioned amount ₹800,000 is 0.81× the peer median ₹990,000 across 1573 comparable works."
WS/MP18127/2025-2026/253712,ND-WRK-1195,Normal/Others,2025-2026,900000.0,1573,990000.0,500000.0,1000000.0,0.91,0.0,False,"Sanctioned amount ₹900,000 is 0.91× the peer median ₹990,000 across 1573 comparable works."
WS/MP18127/2025-2026/253711,ND-WRK-1194,Normal/Others,2025-2026,980000.0,1573,990000.0,500000.0,1000000.0,0.99,0.0,False,"Sanctioned amount ₹980,000 is 0.99× the peer median ₹990,000 across 1573 comparable works."
WS/MP18127/2025-2026/253710,ND-WRK-1193,Normal/Others,2025-2026,990000.0,1573,990000.0,500000.0,1000000.0,1.0,0.0,False,"Sanctioned amount ₹990,000 is 1.00× the peer median ₹990,000 across 1573 comparable works."
WS/MP18127/2025-2026/253709,ND-WRK-1192,Normal/Others,2025-2026,990000.0,1573,990000.0,500000.0,1000000.0,1.0,0.0,False,"Sanctioned amount ₹990,000 is 1.00× the peer median ₹990,000 across 1573 comparable works."
WS/MP18127/2025-2026/253707,ND-WRK-1191,Normal/Others,2025-2026,950000.0,1573,990000.0,500000.0,1000000.0,0.96,0.0,False,"Sanctioned amount ₹950,000 is 0.96× the peer median ₹990,000 across 1573 comparable works."
WS/MP18127/2025-2026/253704,ND-WRK-1190,Normal/Others,2025-2026,990000.0,1573,990000.0,500000.0,1000000.0,1.0,0.0,False,"Sanctioned amount ₹990,000 is 1.00× the peer median ₹990,000 across 1573 comparable works."
WS/MP18127/2025-2026/253703,ND-WRK-1189,Normal/Others,2025-2026,990000.0,1573,990000.0,500000.0,1000000.0,1.0,0.0,False,"Sanctioned amount ₹990,000 is 1.00× the peer median ₹990,000 across 1573 comparable works."
WS/MP18127/2025-2026/253702,ND-WRK-1188,Normal/Others,2025-2026,999000.0,1573,990000.0,500000.0,1000000.0,1.01,0.0,False,"Sanctioned amount ₹999,000 is 1.01× the peer median ₹990,000 across 1573 comparable works."
WS/MP18127/2025-2026/253701,ND-WRK-1187,Normal/Others,2025-2026,990000.0,1573,990000.0,500000.0,1000000.0,1.0,0.0,False,"Sanctioned amount ₹990,000 is 1.00× the peer median ₹990,000 across 1573 comparable works."
WS/MP18127/2025-2026/188407,ND-WRK-1186,Normal/Others,2025-2026,500000.0,1573,990000.0,500000.0,1000000.0,0.51,0.0,False,"Sanctioned amount ₹500,000 is 0.51× the peer median ₹990,000 across 1573 comparable works."
WS/MP18127/2025-2026/188405,ND-WRK-1185,Normal/Others,2025-2026,985764.0,1573,990000.0,500000.0,1000000.0,1.0,0.0,False,"Sanctioned amount ₹985,764 is 1.00× the peer median ₹990,000 across 1573 comparable works."
WS/MP18127/2026-2027/274222,ND-WRK-1218,Normal/Others,2026-2027,700000.0,683,1000000.0,700000.0,1000000.0,0.7,0.0,False,"Sanctioned amount ₹700,000 is 0.70× the peer median ₹1,000,000 across 683 comparable works."
WS/MP18127/2026-2027/274221,ND-WRK-1217,Normal/Others,2026-2027,700000.0,683,1000000.0,700000.0,1000000.0,0.7,0.0,False,"Sanctioned amount ₹700,000 is 0.70× the peer median ₹1,000,000 across 683 comparable works."
WS/MP18127/2026-2027/253708,ND-WRK-1215,Normal/Others,2026-2027,990000.0,683,1000000.0,700000.0,1000000.0,0.99,0.0,False,"Sanctioned amount ₹990,000 is 0.99× the peer median ₹1,000,000 across 683 comparable works."
WS/MP18127/2026-2027/253706,ND-WRK-1214,Normal/Others,2026-2027,990000.0,683,1000000.0,700000.0,1000000.0,0.99,0.0,False,"Sanctioned amount ₹990,000 is 0.99× the peer median ₹1,000,000 across 683 comparable works."
WS/MP18127/2026-2027/253698,ND-WRK-1212,Normal/Others,2026-2027,990000.0,683,1000000.0,700000.0,1000000.0,0.99,0.0,False,"Sanctioned amount ₹990,000 is 0.99× the peer median ₹1,000,000 across 683 comparable works."
WS/MP18127/2026-2027/253691,ND-WRK-1210,Normal/Others,2026-2027,500000.0,683,1000000.0,700000.0,1000000.0,0.5,0.0,False,"Sanctioned amount ₹500,000 is 0.50× the peer median ₹1,000,000 across 683 comparable works."
WS/MP18127/2026-2027/253690,ND-WRK-1209,Normal/Others,2026-2027,500000.0,683,1000000.0,700000.0,1000000.0,0.5,0.0,False,"Sanctioned amount ₹500,000 is 0.50× the peer median ₹1,000,000 across 683 comparable works."
WS/MP18127/2026-2027/253689,ND-WRK-1208,Normal/Others,2026-2027,500000.0,683,1000000.0,700000.0,1000000.0,0.5,0.0,False,"Sanctioned amount ₹500,000 is 0.50× the peer median ₹1,000,000 across 683 comparable works."
WS/MP18127/2026-2027/253688,ND-WRK-1207,Normal/Others,2026-2027,990000.0,683,1000000.0,700000.0,1000000.0,0.99,0.0,False,"Sanctioned amount ₹990,000 is 0.99× the peer median ₹1,000,000 across 683 comparable works."
WS/MP18127/2026-2027/253687,ND-WRK-1206,Normal/Others,2026-2027,500000.0,683,1000000.0,700000.0,1000000.0,0.5,0.0,False,"Sanctioned amount ₹500,000 is 0.50× the peer median ₹1,000,000 across 683 comparable works."
WS/MP18127/2026-2027/253686,ND-WRK-1205,Normal/Others,2026-2027,500000.0,683,1000000.0,700000.0,1000000.0,0.5,0.0,False,"Sanctioned amount ₹500,000 is 0.50× the peer median ₹1,000,000 across 683 comparable works."
WS/MP18127/2026-2027/253685,ND-WRK-1204,Normal/Others,2026-2027,500000.0,683,1000000.0,700000.0,1000000.0,0.5,0.0,False,"Sanctioned amount ₹500,000 is 0.50× the peer median ₹1,000,000 across 683 comparable works."
WS/MP18127/2026-2027/253684,ND-WRK-1203,Normal/Others,2026-2027,800000.0,683,1000000.0,700000.0,1000000.0,0.8,0.0,False,"Sanctioned amount ₹800,000 is 0.80× the peer median ₹1,000,000 across 683 comparable works."
WS/MP18127/2026-2027/253683,ND-WRK-1202,Normal/Others,2026-2027,990000.0,683,1000000.0,700000.0,1000000.0,0.99,0.0,False,"Sanctioned amount ₹990,000 is 0.99× the peer median ₹1,000,000 across 683 comparable works."
WS/MP18127/2026-2027/274240,ND-WRK-1234,Normal/Others,2026-2027,990000.0,683,1000000.0,700000.0,1000000.0,0.99,0.0,False,"Sanctioned amount ₹990,000 is 0.99× the peer median ₹1,000,000 across 683 comparable works."
WS/MP18127/2026-2027/274239,ND-WRK-1233,Normal/Others,2026-2027,990000.0,683,1000000.0,700000.0,1000000.0,0.99,0.0,False,"Sanctioned amount ₹990,000 is 0.99× the peer median ₹1,000,000 across 683 comparable works."
WS/MP18127/2026-2027/274237,ND-WRK-1232,Normal/Others,2026-2027,990000.0,683,1000000.0,700000.0,1000000.0,0.99,0.0,False,"Sanctioned amount ₹990,000 is 0.99× the peer median ₹1,000,000 across 683 comparable works."
WS/MP18127/2026-2027/274236,ND-WRK-1231,Normal/Others,2026-2027,500000.0,683,1000000.0,700000.0,1000000.0,0.5,0.0,False,"Sanctioned amount ₹500,000 is 0.50× the peer median ₹1,000,000 across 683 comparable works."
WS/MP18127/2026-2027/274235,ND-WRK-1230,Normal/Others,2026-2027,799000.0,683,1000000.0,700000.0,1000000.0,0.8,0.0,False,"Sanctioned amount ₹799,000 is 0.80× the peer median ₹1,000,000 across 683 comparable works."
WS/MP18127/2026-2027/274234,ND-WRK-1229,Normal/Others,2026-2027,950000.0,683,1000000.0,700000.0,1000000.0,0.95,0.0,False,"Sanctioned amount ₹950,000 is 0.95× the peer median ₹1,000,000 across 683 comparable works."
WS/MP18127/2026-2027/274233,ND-WRK-1228,Normal/Others,2026-2027,950000.0,683,1000000.0,700000.0,1000000.0,0.95,0.0,False,"Sanctioned amount ₹950,000 is 0.95× the peer median ₹1,000,000 across 683 comparable works."
WS/MP18127/2026-2027/274232,ND-WRK-1227,Normal/Others,2026-2027,950000.0,683,1000000.0,700000.0,1000000.0,0.95,0.0,False,"Sanctioned amount ₹950,000 is 0.95× the peer median ₹1,000,000 across 683 comparable works."
WS/MP18127/2026-2027/274231,ND-WRK-1226,Normal/Others,2026-2027,950000.0,683,1000000.0,700000.0,1000000.0,0.95,0.0,False,"Sanctioned amount ₹950,000 is 0.95× the peer median ₹1,000,000 across 683 comparable works."
WS/MP18127/2026-2027/274229,ND-WRK-1225,Normal/Others,2026-2027,700000.0,683,1000000.0,700000.0,1000000.0,0.7,0.0,False,"Sanctioned amount ₹700,000 is 0.70× the peer median ₹1,000,000 across 683 comparable works."
WS/MP18127/2026-2027/274228,ND-WRK-1224,Normal/Others,2026-2027,999000.0,683,1000000.0,700000.0,1000000.0,1.0,0.0,False,"Sanctioned amount ₹999,000 is 1.00× the peer median ₹1,000,000 across 683 comparable works."
WS/MP18127/2026-2027/274227,ND-WRK-1223,Normal/Others,2026-2027,900000.0,683,1000000.0,700000.0,1000000.0,0.9,0.0,False,"Sanctioned amount ₹900,000 is 0.90× the peer median ₹1,000,000 across 683 comparable works."
WS/MP18127/2026-2027/274226,ND-WRK-1222,Normal/Others,2026-2027,990000.0,683,1000000.0,700000.0,1000000.0,0.99,0.0,False,"Sanctioned amount ₹990,000 is 0.99× the peer median ₹1,000,000 across 683 comparable works."
WS/MP18127/2026-2027/274225,ND-WRK-1221,Normal/Others,2026-2027,990000.0,683,1000000.0,700000.0,1000000.0,0.99,0.0,False,"Sanctioned amount ₹990,000 is 0.99× the peer median ₹1,000,000 across 683 comparable works."
WS/MP18127/2026-2027/274224,ND-WRK-1220,Normal/Others,2026-2027,700000.0,683,1000000.0,700000.0,1000000.0,0.7,0.0,False,"Sanctioned amount ₹700,000 is 0.70× the peer median ₹1,000,000 across 683 comparable works."
WS/MP18127/2026-2027/274223,ND-WRK-1219,Normal/Others,2026-2027,700000.0,683,1000000.0,700000.0,1000000.0,0.7,0.0,False,"Sanctioned amount ₹700,000 is 0.70× the peer median ₹1,000,000 across 683 comparable works."
WS/MP18128/2026-2027/235609,ND-WRK-1250,Normal/Others,2026-2027,1000000.0,683,1000000.0,700000.0,1000000.0,1.0,0.0,False,"Sanctioned amount ₹1,000,000 is 1.00× the peer median ₹1,000,000 across 683 comparable works."
WS/MP18128/2026-2027/231489,ND-WRK-1249,Normal/Others,2026-2027,500000.0,683,1000000.0,700000.0,1000000.0,0.5,0.0,False,"Sanctioned amount ₹500,000 is 0.50× the peer median ₹1,000,000 across 683 comparable works."
WS/MP18128/2026-2027/231487,ND-WRK-1248,Normal/Others,2026-2027,500000.0,683,1000000.0,700000.0,1000000.0,0.5,0.0,False,"Sanctioned amount ₹500,000 is 0.50× the peer median ₹1,000,000 across 683 comparable works."
WS/MP18128/2026-2027/231485,ND-WRK-1247,Normal/Others,2026-2027,500000.0,683,1000000.0,700000.0,1000000.0,0.5,0.0,False,"Sanctioned amount ₹500,000 is 0.50× the peer median ₹1,000,000 across 683 comparable works."
WS/MP18128/2026-2027/220027,ND-WRK-1246,Normal/Others,2026-2027,1000000.0,683,1000000.0,700000.0,1000000.0,1.0,0.0,False,"Sanctioned amount ₹1,000,000 is 1.00× the peer median ₹1,000,000 across 683 comparable works."
WS/MP18128/2026-2027/217864,ND-WRK-1245,Normal/Others,2026-2027,1000000.0,683,1000000.0,700000.0,1000000.0,1.0,0.0,False,"Sanctioned amount ₹1,000,000 is 1.00× the peer median ₹1,000,000 across 683 comparable works."
WS/MP18128/2026-2027/217863,ND-WRK-1244,Normal/Others,2026-2027,1000000.0,683,1000000.0,700000.0,1000000.0,1.0,0.0,False,"Sanctioned amount ₹1,000,000 is 1.00× the peer median ₹1,000,000 across 683 comparable works."
WS/MP18128/2026-2027/217820,ND-WRK-1243,Normal/Others,2026-2027,1000000.0,683,1000000.0,700000.0,1000000.0,1.0,0.0,False,"Sanctioned amount ₹1,000,000 is 1.00× the peer median ₹1,000,000 across 683 comparable works."
WS/MP18128/2026-2027/217811,ND-WRK-1242,Normal/Others,2026-2027,1000000.0,683,1000000.0,700000.0,1000000.0,1.0,0.0,False,"Sanctioned amount ₹1,000,000 is 1.00× the peer median ₹1,000,000 across 683 comparable works."
WS/MP18128/2026-2027/217799,ND-WRK-1241,Normal/Others,2026-2027,1000000.0,683,1000000.0,700000.0,1000000.0,1.0,0.0,False,"Sanctioned amount ₹1,000,000 is 1.00× the peer median ₹1,000,000 across 683 comparable works."
WS/MP18128/2026-2027/217790,ND-WRK-1240,Normal/Others,2026-2027,1000000.0,683,1000000.0,700000.0,1000000.0,1.0,0.0,False,"Sanctioned amount ₹1,000,000 is 1.00× the peer median ₹1,000,000 across 683 comparable works."
WS/MP18128/2026-2027/217789,ND-WRK-1239,Normal/Others,2026-2027,1000000.0,683,1000000.0,700000.0,1000000.0,1.0,0.0,False,"Sanctioned amount ₹1,000,000 is 1.00× the peer median ₹1,000,000 across 683 comparable works."
WS/MP18128/2026-2027/214175,ND-WRK-1238,Normal/Others,2026-2027,1000000.0,683,1000000.0,700000.0,1000000.0,1.0,0.0,False,"Sanctioned amount ₹1,000,000 is 1.00× the peer median ₹1,000,000 across 683 comparable works."
WS/MP18128/2026-2027/211848,ND-WRK-1237,Normal/Others,2026-2027,999000.0,683,1000000.0,700000.0,1000000.0,1.0,0.0,False,"Sanctioned amount ₹999,000 is 1.00× the peer median ₹1,000,000 across 683 comparable works."
WS/MP18127/2026-2027/277138,ND-WRK-1236,Normal/Others,2026-2027,990000.0,683,1000000.0,700000.0,1000000.0,0.99,0.0,False,"Sanctioned amount ₹990,000 is 0.99× the peer median ₹1,000,000 across 683 comparable works."
WS/MP18127/2026-2027/277131,ND-WRK-1235,Normal/Others,2026-2027,700000.0,683,1000000.0,700000.0,1000000.0,0.7,0.0,False,"Sanctioned amount ₹700,000 is 0.70× the peer median ₹1,000,000 across 683 comparable works."
WS/MP18129/2026-2027/186077,ND-WRK-1266,Normal/Others,2026-2027,1000000.0,683,1000000.0,700000.0,1000000.0,1.0,0.0,False,"Sanctioned amount ₹1,000,000 is 1.00× the peer median ₹1,000,000 across 683 comparable works."
WS/MP18129/2026-2027/185933,ND-WRK-1265,Repair and Renovation,2026-2027,1000000.0,3,,,,,0.0,False,Insufficient comparable works: 3 peers.
WS/MP18129/2025-2026/186533,ND-WRK-1264,Normal/Others,2025-2026,999348.0,1573,990000.0,500000.0,1000000.0,1.01,0.0,False,"Sanctioned amount ₹999,348 is 1.01× the peer median ₹990,000 across 1573 comparable works."
WS/MP18129/2025-2026/186532,ND-WRK-1263,Normal/Others,2025-2026,999999.0,1573,990000.0,500000.0,1000000.0,1.01,0.0,False,"Sanctioned amount ₹999,999 is 1.01× the peer median ₹990,000 across 1573 comparable works."
WS/MP18129/2025-2026/186531,ND-WRK-1262,Normal/Others,2025-2026,999985.0,1573,990000.0,500000.0,1000000.0,1.01,0.0,False,"Sanctioned amount ₹999,985 is 1.01× the peer median ₹990,000 across 1573 comparable works."
WS/MP18129/2025-2026/186530,ND-WRK-1261,Normal/Others,2025-2026,999995.0,1573,990000.0,500000.0,1000000.0,1.01,0.0,False,"Sanctioned amount ₹999,995 is 1.01× the peer median ₹990,000 across 1573 comparable works."
WS/MP18129/2025-2026/186068,ND-WRK-1260,Normal/Others,2025-2026,999992.0,1573,990000.0,500000.0,1000000.0,1.01,0.0,False,"Sanctioned amount ₹999,992 is 1.01× the peer median ₹990,000 across 1573 comparable works."
WS/MP18129/2025-2026/186064,ND-WRK-1259,Normal/Others,2025-2026,999203.0,1573,990000.0,500000.0,1000000.0,1.01,0.0,False,"Sanctioned amount ₹999,203 is 1.01× the peer median ₹990,000 across 1573 comparable works."
WS/MP18129/2025-2026/186062,ND-WRK-1258,Normal/Others,2025-2026,999860.0,1573,990000.0,500000.0,1000000.0,1.01,0.0,False,"Sanctioned amount ₹999,860 is 1.01× the peer median ₹990,000 across 1573 comparable works."
WS/MP18129/2025-2026/186061,ND-WRK-1257,Normal/Others,2025-2026,999199.0,1573,990000.0,500000.0,1000000.0,1.01,0.0,False,"Sanctioned amount ₹999,199 is 1.01× the peer median ₹990,000 across 1573 comparable works."
WS/MP18129/2025-2026/186060,ND-WRK-1256,Normal/Others,2025-2026,999812.0,1573,990000.0,500000.0,1000000.0,1.01,0.0,False,"Sanctioned amount ₹999,812 is 1.01× the peer median ₹990,000 across 1573 comparable works."
WS/MP18129/2025-2026/186058,ND-WRK-1255,Normal/Others,2025-2026,999337.0,1573,990000.0,500000.0,1000000.0,1.01,0.0,False,"Sanctioned amount ₹999,337 is 1.01× the peer median ₹990,000 across 1573 comparable works."
WS/MP18129/2025-2026/186052,ND-WRK-1254,Normal/Others,2025-2026,999965.0,1573,990000.0,500000.0,1000000.0,1.01,0.0,False,"Sanctioned amount ₹999,965 is 1.01× the peer median ₹990,000 across 1573 comparable works."
WS/MP18129/2025-2026/186051,ND-WRK-1253,Normal/Others,2025-2026,999962.0,1573,990000.0,500000.0,1000000.0,1.01,0.0,False,"Sanctioned amount ₹999,962 is 1.01× the peer median ₹990,000 across 1573 comparable works."
WS/MP18128/2026-2027/238454,ND-WRK-1252,Normal/Others,2026-2027,500000.0,683,1000000.0,700000.0,1000000.0,0.5,0.0,False,"Sanctioned amount ₹500,000 is 0.50× the peer median ₹1,000,000 across 683 comparable works."
WS/MP18128/2026-2027/238452,ND-WRK-1251,Normal/Others,2026-2027,750000.0,683,1000000.0,700000.0,1000000.0,0.75,0.0,False,"Sanctioned amount ₹750,000 is 0.75× the peer median ₹1,000,000 across 683 comparable works."
WS/MP18131/2025-2026/188626,ND-WRK-1282,Normal/Others,2025-2026,692000.0,1573,990000.0,500000.0,1000000.0,0.7,0.0,False,"Sanctioned amount ₹692,000 is 0.70× the peer median ₹990,000 across 1573 comparable works."
WS/MP18131/2025-2026/188625,ND-WRK-1281,Normal/Others,2025-2026,766000.0,1573,990000.0,500000.0,1000000.0,0.77,0.0,False,"Sanctioned amount ₹766,000 is 0.77× the peer median ₹990,000 across 1573 comparable works."
WS/MP18131/2025-2026/188624,ND-WRK-1280,Normal/Others,2025-2026,600000.0,1573,990000.0,500000.0,1000000.0,0.61,0.0,False,"Sanctioned amount ₹600,000 is 0.61× the peer median ₹990,000 across 1573 comparable works."
WS/MP18131/2025-2026/188623,ND-WRK-1279,Normal/Others,2025-2026,999000.0,1573,990000.0,500000.0,1000000.0,1.01,0.0,False,"Sanctioned amount ₹999,000 is 1.01× the peer median ₹990,000 across 1573 comparable works."
WS/MP18131/2025-2026/186418,ND-WRK-1278,Normal/Others,2025-2026,990030.0,1573,990000.0,500000.0,1000000.0,1.0,0.0,False,"Sanctioned amount ₹990,030 is 1.00× the peer median ₹990,000 across 1573 comparable works."
WS/MP18130/2026-2027/280871,ND-WRK-1277,Normal/Others,2026-2027,500000.0,683,1000000.0,700000.0,1000000.0,0.5,0.0,False,"Sanctioned amount ₹500,000 is 0.50× the peer median ₹1,000,000 across 683 comparable works."
WS/MP18130/2026-2027/247469,ND-WRK-1276,Normal/Others,2026-2027,1200000.0,683,1000000.0,700000.0,1000000.0,1.2,0.0,False,"Sanctioned amount ₹1,200,000 is 1.20× the peer median ₹1,000,000 across 683 comparable works."
WS/MP18130/2026-2027/247462,ND-WRK-1275,Normal/Others,2026-2027,1000000.0,683,1000000.0,700000.0,1000000.0,1.0,0.0,False,"Sanctioned amount ₹1,000,000 is 1.00× the peer median ₹1,000,000 across 683 comparable works."
WS/MP18130/2026-2027/231014,ND-WRK-1274,Normal/Others,2026-2027,500000.0,683,1000000.0,700000.0,1000000.0,0.5,0.0,False,"Sanctioned amount ₹500,000 is 0.50× the peer median ₹1,000,000 across 683 comparable works."
WS/MP18130/2026-2027/216598,ND-WRK-1273,Repair and Renovation,2026-2027,1000000.0,3,,,,,0.0,False,Insufficient comparable works: 3 peers.
WS/MP18130/2025-2026/253453,ND-WRK-1272,Normal/Others,2025-2026,1000000.0,1573,990000.0,500000.0,1000000.0,1.01,0.0,False,"Sanctioned amount ₹1,000,000 is 1.01× the peer median ₹990,000 across 1573 comparable works."
WS/MP18129/2026-2027/186084,ND-WRK-1271,Normal/Others,2026-2027,1000000.0,683,1000000.0,700000.0,1000000.0,1.0,0.0,False,"Sanctioned amount ₹1,000,000 is 1.00× the peer median ₹1,000,000 across 683 comparable works."
WS/MP18129/2026-2027/186082,ND-WRK-1270,Normal/Others,2026-2027,1000000.0,683,1000000.0,700000.0,1000000.0,1.0,0.0,False,"Sanctioned amount ₹1,000,000 is 1.00× the peer median ₹1,000,000 across 683 comparable works."
WS/MP18129/2026-2027/186080,ND-WRK-1269,Normal/Others,2026-2027,1000000.0,683,1000000.0,700000.0,1000000.0,1.0,0.0,False,"Sanctioned amount ₹1,000,000 is 1.00× the peer median ₹1,000,000 across 683 comparable works."
WS/MP18129/2026-2027/186079,ND-WRK-1268,Normal/Others,2026-2027,1000000.0,683,1000000.0,700000.0,1000000.0,1.0,0.0,False,"Sanctioned amount ₹1,000,000 is 1.00× the peer median ₹1,000,000 across 683 comparable works."
WS/MP18129/2026-2027/186078,ND-WRK-1267,Normal/Others,2026-2027,1000000.0,683,1000000.0,700000.0,1000000.0,1.0,0.0,False,"Sanctioned amount ₹1,000,000 is 1.00× the peer median ₹1,000,000 across 683 comparable works."
WS/MP18131/2025-2026/206354,ND-WRK-1298,Normal/Others,2025-2026,1500000.0,1573,990000.0,500000.0,1000000.0,1.52,0.0,False,"Sanctioned amount ₹1,500,000 is 1.52× the peer median ₹990,000 across 1573 comparable works."
WS/MP18131/2025-2026/206353,ND-WRK-1297,Normal/Others,2025-2026,1000000.0,1573,990000.0,500000.0,1000000.0,1.01,0.0,False,"Sanctioned amount ₹1,000,000 is 1.01× the peer median ₹990,000 across 1573 comparable works."
WS/MP18131/2025-2026/200907,ND-WRK-1296,Normal/Others,2025-2026,500000.0,1573,990000.0,500000.0,1000000.0,0.51,0.0,False,"Sanctioned amount ₹500,000 is 0.51× the peer median ₹990,000 across 1573 comparable works."
WS/MP18131/2025-2026/200905,ND-WRK-1295,Normal/Others,2025-2026,1500000.0,1573,990000.0,500000.0,1000000.0,1.52,0.0,False,"Sanctioned amount ₹1,500,000 is 1.52× the peer median ₹990,000 across 1573 comparable works."
WS/MP18131/2025-2026/200890,ND-WRK-1294,Normal/Others,2025-2026,999000.0,1573,990000.0,500000.0,1000000.0,1.01,0.0,False,"Sanctioned amount ₹999,000 is 1.01× the peer median ₹990,000 across 1573 comparable works."
WS/MP18131/2025-2026/200889,ND-WRK-1293,Normal/Others,2025-2026,999000.0,1573,990000.0,500000.0,1000000.0,1.01,0.0,False,"Sanctioned amount ₹999,000 is 1.01× the peer median ₹990,000 across 1573 comparable works."
WS/MP18131/2025-2026/193711,ND-WRK-1292,Normal/Others,2025-2026,499868.0,1573,990000.0,500000.0,1000000.0,0.5,0.0,False,"Sanctioned amount ₹499,868 is 0.50× the peer median ₹990,000 across 1573 comparable works."
WS/MP18131/2025-2026/193710,ND-WRK-1291,Trust and Society,2025-2026,3500000.0,17,1000000.0,1000000.0,2500000.0,3.5,0.0,False,"Sanctioned amount ₹3,500,000 is 3.50× the peer median ₹1,000,000 across 17 comparable works."
WS/MP18131/2025-2026/191838,ND-WRK-1290,Normal/Others,2025-2026,1000000.0,1573,990000.0,500000.0,1000000.0,1.01,0.0,False,"Sanctioned amount ₹1,000,000 is 1.01× the peer median ₹990,000 across 1573 comparable works."
WS/MP18131/2025-2026/191837,ND-WRK-1289,Normal/Others,2025-2026,500000.0,1573,990000.0,500000.0,1000000.0,0.51,0.0,False,"Sanctioned amount ₹500,000 is 0.51× the peer median ₹990,000 across 1573 comparable works."
WS/MP18131/2025-2026/191835,ND-WRK-1288,Normal/Others,2025-2026,1000000.0,1573,990000.0,500000.0,1000000.0,1.01,0.0,False,"Sanctioned amount ₹1,000,000 is 1.01× the peer median ₹990,000 across 1573 comparable works."
WS/MP18131/2025-2026/191833,ND-WRK-1287,Normal/Others,2025-2026,999686.0,1573,990000.0,500000.0,1000000.0,1.01,0.0,False,"Sanctioned amount ₹999,686 is 1.01× the peer median ₹990,000 across 1573 comparable works."
WS/MP18131/2025-2026/188631,ND-WRK-1286,Normal/Others,2025-2026,1000000.0,1573,990000.0,500000.0,1000000.0,1.01,0.0,False,"Sanctioned amount ₹1,000,000 is 1.01× the peer median ₹990,000 across 1573 comparable works."
WS/MP18131/2025-2026/188630,ND-WRK-1285,Normal/Others,2025-2026,496905.0,1573,990000.0,500000.0,1000000.0,0.5,0.0,False,"Sanctioned amount ₹496,905 is 0.50× the peer median ₹990,000 across 1573 comparable works."
WS/MP18131/2025-2026/188629,ND-WRK-1284,Normal/Others,2025-2026,474974.0,1573,990000.0,500000.0,1000000.0,0.48,0.0,False,"Sanctioned amount ₹474,974 is 0.48× the peer median ₹990,000 across 1573 comparable works."
WS/MP18131/2025-2026/188628,ND-WRK-1283,Normal/Others,2025-2026,1000000.0,1573,990000.0,500000.0,1000000.0,1.01,0.0,False,"Sanctioned amount ₹1,000,000 is 1.01× the peer median ₹990,000 across 1573 comparable works."
WS/MP18131/2025-2026/248909,ND-WRK-1315,Trust and Society,2025-2026,1000000.0,17,1000000.0,1000000.0,2500000.0,1.0,0.0,False,"Sanctioned amount ₹1,000,000 is 1.00× the peer median ₹1,000,000 across 17 comparable works."
WS/MP18131/2025-2026/248885,ND-WRK-1314,Normal/Others,2025-2026,800000.0,1573,990000.0,500000.0,1000000.0,0.81,0.0,False,"Sanctioned amount ₹800,000 is 0.81× the peer median ₹990,000 across 1573 comparable works."
WS/MP18131/2025-2026/248884,ND-WRK-1313,Normal/Others,2025-2026,700000.0,1573,990000.0,500000.0,1000000.0,0.71,0.0,False,"Sanctioned amount ₹700,000 is 0.71× the peer median ₹990,000 across 1573 comparable works."
WS/MP18131/2025-2026/248882,ND-WRK-1312,Normal/Others,2025-2026,600000.0,1573,990000.0,500000.0,1000000.0,0.61,0.0,False,"Sanctioned amount ₹600,000 is 0.61× the peer median ₹990,000 across 1573 comparable works."
WS/MP18131/2025-2026/245063,ND-WRK-1311,Normal/Others,2025-2026,999000.0,1573,990000.0,500000.0,1000000.0,1.01,0.0,False,"Sanctioned amount ₹999,000 is 1.01× the peer median ₹990,000 across 1573 comparable works."
WS/MP18131/2025-2026/245062,ND-WRK-1310,Normal/Others,2025-2026,1500000.0,1573,990000.0,500000.0,1000000.0,1.52,0.0,False,"Sanctioned amount ₹1,500,000 is 1.52× the peer median ₹990,000 across 1573 comparable works."
WS/MP18131/2025-2026/234166,ND-WRK-1309,Normal/Others,2025-2026,500000.0,1573,990000.0,500000.0,1000000.0,0.51,0.0,False,"Sanctioned amount ₹500,000 is 0.51× the peer median ₹990,000 across 1573 comparable works."
WS/MP18131/2025-2026/234161,ND-WRK-1308,Normal/Others,2025-2026,600000.0,1573,990000.0,500000.0,1000000.0,0.61,0.0,False,"Sanctioned amount ₹600,000 is 0.61× the peer median ₹990,000 across 1573 comparable works."
WS/MP18131/2025-2026/206367,ND-WRK-1307,Normal/Others,2025-2026,300000.0,1573,990000.0,500000.0,1000000.0,0.3,0.0,False,"Sanctioned amount ₹300,000 is 0.30× the peer median ₹990,000 across 1573 comparable works."
WS/MP18131/2025-2026/206363,ND-WRK-1306,Normal/Others,2025-2026,1000000.0,1573,990000.0,500000.0,1000000.0,1.01,0.0,False,"Sanctioned amount ₹1,000,000 is 1.01× the peer median ₹990,000 across 1573 comparable works."
WS/MP18131/2025-2026/206361,ND-WRK-1305,Normal/Others,2025-2026,1000000.0,1573,990000.0,500000.0,1000000.0,1.01,0.0,False,"Sanctioned amount ₹1,000,000 is 1.01× the peer median ₹990,000 across 1573 comparable works."
WS/MP18131/2025-2026/206360,ND-WRK-1304,Normal/Others,2025-2026,1000000.0,1573,990000.0,500000.0,1000000.0,1.01,0.0,False,"Sanctioned amount ₹1,000,000 is 1.01× the peer median ₹990,000 across 1573 comparable works."
WS/MP18131/2025-2026/206359,ND-WRK-1303,Normal/Others,2025-2026,1000000.0,1573,990000.0,500000.0,1000000.0,1.01,0.0,False,"Sanctioned amount ₹1,000,000 is 1.01× the peer median ₹990,000 across 1573 comparable works."
WS/MP18131/2025-2026/206357,ND-WRK-1301,Normal/Others,2025-2026,1000000.0,1573,990000.0,500000.0,1000000.0,1.01,0.0,False,"Sanctioned amount ₹1,000,000 is 1.01× the peer median ₹990,000 across 1573 comparable works."
WS/MP18131/2025-2026/206356,ND-WRK-1300,Normal/Others,2025-2026,150000.0,1573,990000.0,500000.0,1000000.0,0.15,0.0,False,"Sanctioned amount ₹150,000 is 0.15× the peer median ₹990,000 across 1573 comparable works."
WS/MP18131/2025-2026/206355,ND-WRK-1299,Normal/Others,2025-2026,1000000.0,1573,990000.0,500000.0,1000000.0,1.01,0.0,False,"Sanctioned amount ₹1,000,000 is 1.01× the peer median ₹990,000 across 1573 comparable works."
WS/MP18131/2026-2027/273604,ND-WRK-1332,Normal/Others,2026-2027,799728.0,683,1000000.0,700000.0,1000000.0,0.8,0.0,False,"Sanctioned amount ₹799,728 is 0.80× the peer median ₹1,000,000 across 683 comparable works."
WS/MP18131/2026-2027/255345,ND-WRK-1331,Normal/Others,2026-2027,499000.0,683,1000000.0,700000.0,1000000.0,0.5,0.0,False,"Sanctioned amount ₹499,000 is 0.50× the peer median ₹1,000,000 across 683 comparable works."
WS/MP18131/2026-2027/255334,ND-WRK-1330,Normal/Others,2026-2027,1000000.0,683,1000000.0,700000.0,1000000.0,1.0,0.0,False,"Sanctioned amount ₹1,000,000 is 1.00× the peer median ₹1,000,000 across 683 comparable works."
WS/MP18131/2026-2027/200906,ND-WRK-1328,Normal/Others,2026-2027,1000000.0,683,1000000.0,700000.0,1000000.0,1.0,0.0,False,"Sanctioned amount ₹1,000,000 is 1.00× the peer median ₹1,000,000 across 683 comparable works."
WS/MP18131/2026-2027/200893,ND-WRK-1327,Normal/Others,2026-2027,800000.0,683,1000000.0,700000.0,1000000.0,0.8,0.0,False,"Sanctioned amount ₹800,000 is 0.80× the peer median ₹1,000,000 across 683 comparable works."
WS/MP18131/2026-2027/200892,ND-WRK-1326,Normal/Others,2026-2027,1000000.0,683,1000000.0,700000.0,1000000.0,1.0,0.0,False,"Sanctioned amount ₹1,000,000 is 1.00× the peer median ₹1,000,000 across 683 comparable works."
WS/MP18131/2026-2027/188632,ND-WRK-1325,Normal/Others,2026-2027,1000000.0,683,1000000.0,700000.0,1000000.0,1.0,0.0,False,"Sanctioned amount ₹1,000,000 is 1.00× the peer median ₹1,000,000 across 683 comparable works."
WS/MP18131/2026-2027/188627,ND-WRK-1324,Normal/Others,2026-2027,500000.0,683,1000000.0,700000.0,1000000.0,0.5,0.0,False,"Sanctioned amount ₹500,000 is 0.50× the peer median ₹1,000,000 across 683 comparable works."
WS/MP18131/2025-2026/273605,ND-WRK-1323,Normal/Others,2025-2026,1000000.0,1573,990000.0,500000.0,1000000.0,1.01,0.0,False,"Sanctioned amount ₹1,000,000 is 1.01× the peer median ₹990,000 across 1573 comparable works."
WS/MP18131/2025-2026/255343,ND-WRK-1322,Normal/Others,2025-2026,499000.0,1573,990000.0,500000.0,1000000.0,0.5,0.0,False,"Sanctioned amount ₹499,000 is 0.50× the peer median ₹990,000 across 1573 comparable works."
WS/MP18131/2025-2026/255336,ND-WRK-1321,Normal/Others,2025-2026,1000000.0,1573,990000.0,500000.0,1000000.0,1.01,0.0,False,"Sanctioned amount ₹1,000,000 is 1.01× the peer median ₹990,000 across 1573 comparable works."
WS/MP18131/2025-2026/253009,ND-WRK-1320,Normal/Others,2025-2026,1000000.0,1573,990000.0,500000.0,1000000.0,1.01,0.0,False,"Sanctioned amount ₹1,000,000 is 1.01× the peer median ₹990,000 across 1573 comparable works."
WS/MP18131/2025-2026/253008,ND-WRK-1319,Normal/Others,2025-2026,500000.0,1573,990000.0,500000.0,1000000.0,0.51,0.0,False,"Sanctioned amount ₹500,000 is 0.51× the peer median ₹990,000 across 1573 comparable works."
WS/MP18131/2025-2026/253007,ND-WRK-1318,Normal/Others,2025-2026,1000000.0,1573,990000.0,500000.0,1000000.0,1.01,0.0,False,"Sanctioned amount ₹1,000,000 is 1.01× the peer median ₹990,000 across 1573 comparable works."
WS/MP18131/2025-2026/251145,ND-WRK-1317,Normal/Others,2025-2026,1000000.0,1573,990000.0,500000.0,1000000.0,1.01,0.0,False,"Sanctioned amount ₹1,000,000 is 1.01× the peer median ₹990,000 across 1573 comparable works."
WS/MP18131/2025-2026/251144,ND-WRK-1316,Normal/Others,2025-2026,1500000.0,1573,990000.0,500000.0,1000000.0,1.52,0.0,False,"Sanctioned amount ₹1,500,000 is 1.52× the peer median ₹990,000 across 1573 comparable works."
WS/MP18132/2025-2026/174565,ND-WRK-1349,Normal/Others,2025-2026,1000000.0,1573,990000.0,500000.0,1000000.0,1.01,0.0,False,"Sanctioned amount ₹1,000,000 is 1.01× the peer median ₹990,000 across 1573 comparable works."
WS/MP18132/2025-2026/174564,ND-WRK-1348,Normal/Others,2025-2026,1000000.0,1573,990000.0,500000.0,1000000.0,1.01,0.0,False,"Sanctioned amount ₹1,000,000 is 1.01× the peer median ₹990,000 across 1573 comparable works."
WS/MP18132/2025-2026/174563,ND-WRK-1347,Normal/Others,2025-2026,1000000.0,1573,990000.0,500000.0,1000000.0,1.01,0.0,False,"Sanctioned amount ₹1,000,000 is 1.01× the peer median ₹990,000 across 1573 comparable works."
WS/MP18132/2025-2026/174562,ND-WRK-1346,Normal/Others,2025-2026,1000000.0,1573,990000.0,500000.0,1000000.0,1.01,0.0,False,"Sanctioned amount ₹1,000,000 is 1.01× the peer median ₹990,000 across 1573 comparable works."
WS/MP18132/2025-2026/174561,ND-WRK-1345,Normal/Others,2025-2026,1000000.0,1573,990000.0,500000.0,1000000.0,1.01,0.0,False,"Sanctioned amount ₹1,000,000 is 1.01× the peer median ₹990,000 across 1573 comparable works."
WS/MP18132/2025-2026/174560,ND-WRK-1344,Normal/Others,2025-2026,1000000.0,1573,990000.0,500000.0,1000000.0,1.01,0.0,False,"Sanctioned amount ₹1,000,000 is 1.01× the peer median ₹990,000 across 1573 comparable works."
WS/MP18131/2026-2027/277019,ND-WRK-1343,Normal/Others,2026-2027,1000000.0,683,1000000.0,700000.0,1000000.0,1.0,0.0,False,"Sanctioned amount ₹1,000,000 is 1.00× the peer median ₹1,000,000 across 683 comparable works."
WS/MP18131/2026-2027/276310,ND-WRK-1341,Normal/Others,2026-2027,1100000.0,683,1000000.0,700000.0,1000000.0,1.1,0.0,False,"Sanctioned amount ₹1,100,000 is 1.10× the peer median ₹1,000,000 across 683 comparable works."
WS/MP18131/2026-2027/276309,ND-WRK-1340,Normal/Others,2026-2027,1000000.0,683,1000000.0,700000.0,1000000.0,1.0,0.0,False,"Sanctioned amount ₹1,000,000 is 1.00× the peer median ₹1,000,000 across 683 comparable works."
WS/MP18131/2026-2027/276001,ND-WRK-1339,Normal/Others,2026-2027,1000000.0,683,1000000.0,700000.0,1000000.0,1.0,0.0,False,"Sanctioned amount ₹1,000,000 is 1.00× the peer median ₹1,000,000 across 683 comparable works."
WS/MP18131/2026-2027/276000,ND-WRK-1338,Normal/Others,2026-2027,1000000.0,683,1000000.0,700000.0,1000000.0,1.0,0.0,False,"Sanctioned amount ₹1,000,000 is 1.00× the peer median ₹1,000,000 across 683 comparable works."
WS/MP18131/2026-2027/273621,ND-WRK-1337,Trust and Society,2026-2027,1000000.0,4,,,,,0.0,False,Insufficient comparable works: 4 peers.
WS/MP18131/2026-2027/273609,ND-WRK-1336,Normal/Others,2026-2027,1000000.0,683,1000000.0,700000.0,1000000.0,1.0,0.0,False,"Sanctioned amount ₹1,000,000 is 1.00× the peer median ₹1,000,000 across 683 comparable works."
WS/MP18131/2026-2027/273608,ND-WRK-1335,Normal/Others,2026-2027,1000000.0,683,1000000.0,700000.0,1000000.0,1.0,0.0,False,"Sanctioned amount ₹1,000,000 is 1.00× the peer median ₹1,000,000 across 683 comparable works."
WS/MP18131/2026-2027/273607,ND-WRK-1334,Normal/Others,2026-2027,1000000.0,683,1000000.0,700000.0,1000000.0,1.0,0.0,False,"Sanctioned amount ₹1,000,000 is 1.00× the peer median ₹1,000,000 across 683 comparable works."
WS/MP18131/2026-2027/273606,ND-WRK-1333,Normal/Others,2026-2027,1000000.0,683,1000000.0,700000.0,1000000.0,1.0,0.0,False,"Sanctioned amount ₹1,000,000 is 1.00× the peer median ₹1,000,000 across 683 comparable works."
WS/MP18132/2025-2026/179003,ND-WRK-1365,Normal/Others,2025-2026,1000000.0,1573,990000.0,500000.0,1000000.0,1.01,0.0,False,"Sanctioned amount ₹1,000,000 is 1.01× the peer median ₹990,000 across 1573 comparable works."
WS/MP18132/2025-2026/179002,ND-WRK-1364,Normal/Others,2025-2026,1000000.0,1573,990000.0,500000.0,1000000.0,1.01,0.0,False,"Sanctioned amount ₹1,000,000 is 1.01× the peer median ₹990,000 across 1573 comparable works."
WS/MP18132/2025-2026/177745,ND-WRK-1363,Normal/Others,2025-2026,999500.0,1573,990000.0,500000.0,1000000.0,1.01,0.0,False,"Sanctioned amount ₹999,500 is 1.01× the peer median ₹990,000 across 1573 comparable works."
WS/MP18132/2025-2026/174584,ND-WRK-1362,Normal/Others,2025-2026,1250000.0,1573,990000.0,500000.0,1000000.0,1.26,0.0,False,"Sanctioned amount ₹1,250,000 is 1.26× the peer median ₹990,000 across 1573 comparable works."
WS/MP18132/2025-2026/174583,ND-WRK-1361,Normal/Others,2025-2026,1250000.0,1573,990000.0,500000.0,1000000.0,1.26,0.0,False,"Sanctioned amount ₹1,250,000 is 1.26× the peer median ₹990,000 across 1573 comparable works."
WS/MP18132/2025-2026/174581,ND-WRK-1360,Normal/Others,2025-2026,997373.0,1573,990000.0,500000.0,1000000.0,1.01,0.0,False,"Sanctioned amount ₹997,373 is 1.01× the peer median ₹990,000 across 1573 comparable works."
WS/MP18132/2025-2026/174580,ND-WRK-1359,Normal/Others,2025-2026,1000000.0,1573,990000.0,500000.0,1000000.0,1.01,0.0,False,"Sanctioned amount ₹1,000,000 is 1.01× the peer median ₹990,000 across 1573 comparable works."
WS/MP18132/2025-2026/174578,ND-WRK-1358,Normal/Others,2025-2026,987448.0,1573,990000.0,500000.0,1000000.0,1.0,0.0,False,"Sanctioned amount ₹987,448 is 1.00× the peer median ₹990,000 across 1573 comparable works."
WS/MP18132/2025-2026/174577,ND-WRK-1357,Normal/Others,2025-2026,1000000.0,1573,990000.0,500000.0,1000000.0,1.01,0.0,False,"Sanctioned amount ₹1,000,000 is 1.01× the peer median ₹990,000 across 1573 comparable works."
WS/MP18132/2025-2026/174576,ND-WRK-1356,Normal/Others,2025-2026,1000000.0,1573,990000.0,500000.0,1000000.0,1.01,0.0,False,"Sanctioned amount ₹1,000,000 is 1.01× the peer median ₹990,000 across 1573 comparable works."
WS/MP18132/2025-2026/174575,ND-WRK-1355,Normal/Others,2025-2026,1000000.0,1573,990000.0,500000.0,1000000.0,1.01,0.0,False,"Sanctioned amount ₹1,000,000 is 1.01× the peer median ₹990,000 across 1573 comparable works."
WS/MP18132/2025-2026/174574,ND-WRK-1354,Normal/Others,2025-2026,1000000.0,1573,990000.0,500000.0,1000000.0,1.01,0.0,False,"Sanctioned amount ₹1,000,000 is 1.01× the peer median ₹990,000 across 1573 comparable works."
WS/MP18132/2025-2026/174569,ND-WRK-1353,Normal/Others,2025-2026,1000000.0,1573,990000.0,500000.0,1000000.0,1.01,0.0,False,"Sanctioned amount ₹1,000,000 is 1.01× the peer median ₹990,000 across 1573 comparable works."
WS/MP18132/2025-2026/174568,ND-WRK-1352,Normal/Others,2025-2026,1000000.0,1573,990000.0,500000.0,1000000.0,1.01,0.0,False,"Sanctioned amount ₹1,000,000 is 1.01× the peer median ₹990,000 across 1573 comparable works."
WS/MP18132/2025-2026/174567,ND-WRK-1351,Normal/Others,2025-2026,1000000.0,1573,990000.0,500000.0,1000000.0,1.01,0.0,False,"Sanctioned amount ₹1,000,000 is 1.01× the peer median ₹990,000 across 1573 comparable works."
WS/MP18132/2025-2026/174566,ND-WRK-1350,Normal/Others,2025-2026,1000000.0,1573,990000.0,500000.0,1000000.0,1.01,0.0,False,"Sanctioned amount ₹1,000,000 is 1.01× the peer median ₹990,000 across 1573 comparable works."
WS/MP18132/2025-2026/189856,ND-WRK-1381,Normal/Others,2025-2026,1000000.0,1573,990000.0,500000.0,1000000.0,1.01,0.0,False,"Sanctioned amount ₹1,000,000 is 1.01× the peer median ₹990,000 across 1573 comparable works."
WS/MP18132/2025-2026/189855,ND-WRK-1380,Normal/Others,2025-2026,991237.0,1573,990000.0,500000.0,1000000.0,1.0,0.0,False,"Sanctioned amount ₹991,237 is 1.00× the peer median ₹990,000 across 1573 comparable works."
WS/MP18132/2025-2026/189854,ND-WRK-1379,Normal/Others,2025-2026,1000000.0,1573,990000.0,500000.0,1000000.0,1.01,0.0,False,"Sanctioned amount ₹1,000,000 is 1.01× the peer median ₹990,000 across 1573 comparable works."
WS/MP18132/2025-2026/189852,ND-WRK-1378,Normal/Others,2025-2026,1000000.0,1573,990000.0,500000.0,1000000.0,1.01,0.0,False,"Sanctioned amount ₹1,000,000 is 1.01× the peer median ₹990,000 across 1573 comparable works."
WS/MP18132/2025-2026/189851,ND-WRK-1377,Normal/Others,2025-2026,1000000.0,1573,990000.0,500000.0,1000000.0,1.01,0.0,False,"Sanctioned amount ₹1,000,000 is 1.01× the peer median ₹990,000 across 1573 comparable works."
WS/MP18132/2025-2026/179019,ND-WRK-1376,Normal/Others,2025-2026,999900.0,1573,990000.0,500000.0,1000000.0,1.01,0.0,False,"Sanctioned amount ₹999,900 is 1.01× the peer median ₹990,000 across 1573 comparable works."
WS/MP18132/2025-2026/179018,ND-WRK-1375,Normal/Others,2025-2026,999900.0,1573,990000.0,500000.0,1000000.0,1.01,0.0,False,"Sanctioned amount ₹999,900 is 1.01× the peer median ₹990,000 across 1573 comparable works."
WS/MP18132/2025-2026/179017,ND-WRK-1374,Normal/Others,2025-2026,1000000.0,1573,990000.0,500000.0,1000000.0,1.01,0.0,False,"Sanctioned amount ₹1,000,000 is 1.01× the peer median ₹990,000 across 1573 comparable works."
WS/MP18132/2025-2026/179015,ND-WRK-1373,Normal/Others,2025-2026,1000000.0,1573,990000.0,500000.0,1000000.0,1.01,0.0,False,"Sanctioned amount ₹1,000,000 is 1.01× the peer median ₹990,000 across 1573 comparable works."
WS/MP18132/2025-2026/179010,ND-WRK-1372,Normal/Others,2025-2026,999500.0,1573,990000.0,500000.0,1000000.0,1.01,0.0,False,"Sanctioned amount ₹999,500 is 1.01× the peer median ₹990,000 across 1573 comparable works."
WS/MP18132/2025-2026/179009,ND-WRK-1371,Normal/Others,2025-2026,1000000.0,1573,990000.0,500000.0,1000000.0,1.01,0.0,False,"Sanctioned amount ₹1,000,000 is 1.01× the peer median ₹990,000 across 1573 comparable works."
WS/MP18132/2025-2026/179008,ND-WRK-1370,Normal/Others,2025-2026,1250000.0,1573,990000.0,500000.0,1000000.0,1.26,0.0,False,"Sanctioned amount ₹1,250,000 is 1.26× the peer median ₹990,000 across 1573 comparable works."
WS/MP18132/2025-2026/179007,ND-WRK-1369,Normal/Others,2025-2026,1250000.0,1573,990000.0,500000.0,1000000.0,1.26,0.0,False,"Sanctioned amount ₹1,250,000 is 1.26× the peer median ₹990,000 across 1573 comparable works."
WS/MP18132/2025-2026/179006,ND-WRK-1368,Normal/Others,2025-2026,1250000.0,1573,990000.0,500000.0,1000000.0,1.26,0.0,False,"Sanctioned amount ₹1,250,000 is 1.26× the peer median ₹990,000 across 1573 comparable works."
WS/MP18132/2025-2026/179005,ND-WRK-1367,Normal/Others,2025-2026,1250000.0,1573,990000.0,500000.0,1000000.0,1.26,0.0,False,"Sanctioned amount ₹1,250,000 is 1.26× the peer median ₹990,000 across 1573 comparable works."
WS/MP18132/2025-2026/179004,ND-WRK-1366,Normal/Others,2025-2026,1000000.0,1573,990000.0,500000.0,1000000.0,1.01,0.0,False,"Sanctioned amount ₹1,000,000 is 1.01× the peer median ₹990,000 across 1573 comparable works."
WS/MP18132/2025-2026/226546,ND-WRK-1397,Normal/Others,2025-2026,1000000.0,1573,990000.0,500000.0,1000000.0,1.01,0.0,False,"Sanctioned amount ₹1,000,000 is 1.01× the peer median ₹990,000 across 1573 comparable works."
WS/MP18132/2025-2026/226545,ND-WRK-1396,Normal/Others,2025-2026,1000000.0,1573,990000.0,500000.0,1000000.0,1.01,0.0,False,"Sanctioned amount ₹1,000,000 is 1.01× the peer median ₹990,000 across 1573 comparable works."
WS/MP18132/2025-2026/226544,ND-WRK-1395,Normal/Others,2025-2026,1000000.0,1573,990000.0,500000.0,1000000.0,1.01,0.0,False,"Sanctioned amount ₹1,000,000 is 1.01× the peer median ₹990,000 across 1573 comparable works."
WS/MP18132/2025-2026/226543,ND-WRK-1394,Normal/Others,2025-2026,1000000.0,1573,990000.0,500000.0,1000000.0,1.01,0.0,False,"Sanctioned amount ₹1,000,000 is 1.01× the peer median ₹990,000 across 1573 comparable works."
WS/MP18132/2025-2026/226542,ND-WRK-1393,Normal/Others,2025-2026,1000000.0,1573,990000.0,500000.0,1000000.0,1.01,0.0,False,"Sanctioned amount ₹1,000,000 is 1.01× the peer median ₹990,000 across 1573 comparable works."
WS/MP18132/2025-2026/226540,ND-WRK-1392,Normal/Others,2025-2026,1000000.0,1573,990000.0,500000.0,1000000.0,1.01,0.0,False,"Sanctioned amount ₹1,000,000 is 1.01× the peer median ₹990,000 across 1573 comparable works."
WS/MP18132/2025-2026/226539,ND-WRK-1391,Normal/Others,2025-2026,1000000.0,1573,990000.0,500000.0,1000000.0,1.01,0.0,False,"Sanctioned amount ₹1,000,000 is 1.01× the peer median ₹990,000 across 1573 comparable works."
WS/MP18132/2025-2026/226538,ND-WRK-1390,Normal/Others,2025-2026,1000000.0,1573,990000.0,500000.0,1000000.0,1.01,0.0,False,"Sanctioned amount ₹1,000,000 is 1.01× the peer median ₹990,000 across 1573 comparable works."
WS/MP18132/2025-2026/226537,ND-WRK-1389,Normal/Others,2025-2026,1000000.0,1573,990000.0,500000.0,1000000.0,1.01,0.0,False,"Sanctioned amount ₹1,000,000 is 1.01× the peer median ₹990,000 across 1573 comparable works."
WS/MP18132/2025-2026/226536,ND-WRK-1388,Normal/Others,2025-2026,1000000.0,1573,990000.0,500000.0,1000000.0,1.01,0.0,False,"Sanctioned amount ₹1,000,000 is 1.01× the peer median ₹990,000 across 1573 comparable works."
WS/MP18132/2025-2026/226535,ND-WRK-1387,Normal/Others,2025-2026,1000000.0,1573,990000.0,500000.0,1000000.0,1.01,0.0,False,"Sanctioned amount ₹1,000,000 is 1.01× the peer median ₹990,000 across 1573 comparable works."
WS/MP18132/2025-2026/226534,ND-WRK-1386,Normal/Others,2025-2026,1000000.0,1573,990000.0,500000.0,1000000.0,1.01,0.0,False,"Sanctioned amount ₹1,000,000 is 1.01× the peer median ₹990,000 across 1573 comparable works."
WS/MP18132/2025-2026/219485,ND-WRK-1385,Normal/Others,2025-2026,999045.0,1573,990000.0,500000.0,1000000.0,1.01,0.0,False,"Sanctioned amount ₹999,045 is 1.01× the peer median ₹990,000 across 1573 comparable works."
WS/MP18132/2025-2026/216729,ND-WRK-1384,Normal/Others,2025-2026,1244300.0,1573,990000.0,500000.0,1000000.0,1.26,0.0,False,"Sanctioned amount ₹1,244,300 is 1.26× the peer median ₹990,000 across 1573 comparable works."
WS/MP18132/2025-2026/205459,ND-WRK-1383,Normal/Others,2025-2026,999994.0,1573,990000.0,500000.0,1000000.0,1.01,0.0,False,"Sanctioned amount ₹999,994 is 1.01× the peer median ₹990,000 across 1573 comparable works."
WS/MP18132/2025-2026/189857,ND-WRK-1382,Normal/Others,2025-2026,999000.0,1573,990000.0,500000.0,1000000.0,1.01,0.0,False,"Sanctioned amount ₹999,000 is 1.01× the peer median ₹990,000 across 1573 comparable works."
WS/MP18132/2025-2026/226564,ND-WRK-1413,Normal/Others,2025-2026,999545.0,1573,990000.0,500000.0,1000000.0,1.01,0.0,False,"Sanctioned amount ₹999,545 is 1.01× the peer median ₹990,000 across 1573 comparable works."
WS/MP18132/2025-2026/226563,ND-WRK-1412,Normal/Others,2025-2026,999851.0,1573,990000.0,500000.0,1000000.0,1.01,0.0,False,"Sanctioned amount ₹999,851 is 1.01× the peer median ₹990,000 across 1573 comparable works."
WS/MP18132/2025-2026/226562,ND-WRK-1411,Normal/Others,2025-2026,1500000.0,1573,990000.0,500000.0,1000000.0,1.52,0.0,False,"Sanctioned amount ₹1,500,000 is 1.52× the peer median ₹990,000 across 1573 comparable works."
WS/MP18132/2025-2026/226561,ND-WRK-1410,Normal/Others,2025-2026,1250000.0,1573,990000.0,500000.0,1000000.0,1.26,0.0,False,"Sanctioned amount ₹1,250,000 is 1.26× the peer median ₹990,000 across 1573 comparable works."
WS/MP18132/2025-2026/226560,ND-WRK-1409,Normal/Others,2025-2026,1250000.0,1573,990000.0,500000.0,1000000.0,1.26,0.0,False,"Sanctioned amount ₹1,250,000 is 1.26× the peer median ₹990,000 across 1573 comparable works."
WS/MP18132/2025-2026/226559,ND-WRK-1408,Normal/Others,2025-2026,1250000.0,1573,990000.0,500000.0,1000000.0,1.26,0.0,False,"Sanctioned amount ₹1,250,000 is 1.26× the peer median ₹990,000 across 1573 comparable works."
WS/MP18132/2025-2026/226558,ND-WRK-1407,Normal/Others,2025-2026,1250000.0,1573,990000.0,500000.0,1000000.0,1.26,0.0,False,"Sanctioned amount ₹1,250,000 is 1.26× the peer median ₹990,000 across 1573 comparable works."
WS/MP18132/2025-2026/226555,ND-WRK-1406,Normal/Others,2025-2026,1000000.0,1573,990000.0,500000.0,1000000.0,1.01,0.0,False,"Sanctioned amount ₹1,000,000 is 1.01× the peer median ₹990,000 across 1573 comparable works."
WS/MP18132/2025-2026/226554,ND-WRK-1405,Normal/Others,2025-2026,1000000.0,1573,990000.0,500000.0,1000000.0,1.01,0.0,False,"Sanctioned amount ₹1,000,000 is 1.01× the peer median ₹990,000 across 1573 comparable works."
WS/MP18132/2025-2026/226553,ND-WRK-1404,Normal/Others,2025-2026,1000000.0,1573,990000.0,500000.0,1000000.0,1.01,0.0,False,"Sanctioned amount ₹1,000,000 is 1.01× the peer median ₹990,000 across 1573 comparable works."
WS/MP18132/2025-2026/226552,ND-WRK-1403,Normal/Others,2025-2026,999376.0,1573,990000.0,500000.0,1000000.0,1.01,0.0,False,"Sanctioned amount ₹999,376 is 1.01× the peer median ₹990,000 across 1573 comparable works."
WS/MP18132/2025-2026/226551,ND-WRK-1402,Normal/Others,2025-2026,1000000.0,1573,990000.0,500000.0,1000000.0,1.01,0.0,False,"Sanctioned amount ₹1,000,000 is 1.01× the peer median ₹990,000 across 1573 comparable works."
WS/MP18132/2025-2026/226550,ND-WRK-1401,Normal/Others,2025-2026,1000000.0,1573,990000.0,500000.0,1000000.0,1.01,0.0,False,"Sanctioned amount ₹1,000,000 is 1.01× the peer median ₹990,000 across 1573 comparable works."
WS/MP18132/2025-2026/226549,ND-WRK-1400,Normal/Others,2025-2026,1000000.0,1573,990000.0,500000.0,1000000.0,1.01,0.0,False,"Sanctioned amount ₹1,000,000 is 1.01× the peer median ₹990,000 across 1573 comparable works."
WS/MP18132/2025-2026/226548,ND-WRK-1399,Normal/Others,2025-2026,1000000.0,1573,990000.0,500000.0,1000000.0,1.01,0.0,False,"Sanctioned amount ₹1,000,000 is 1.01× the peer median ₹990,000 across 1573 comparable works."
WS/MP18132/2025-2026/226547,ND-WRK-1398,Normal/Others,2025-2026,1200000.0,1573,990000.0,500000.0,1000000.0,1.21,0.0,False,"Sanctioned amount ₹1,200,000 is 1.21× the peer median ₹990,000 across 1573 comparable works."
WS/MP18133/2025-2026/148454,ND-WRK-1430,Normal/Others,2025-2026,1000000.0,1573,990000.0,500000.0,1000000.0,1.01,0.0,False,"Sanctioned amount ₹1,000,000 is 1.01× the peer median ₹990,000 across 1573 comparable works."
WS/MP18133/2025-2026/148453,ND-WRK-1429,Normal/Others,2025-2026,1000000.0,1573,990000.0,500000.0,1000000.0,1.01,0.0,False,"Sanctioned amount ₹1,000,000 is 1.01× the peer median ₹990,000 across 1573 comparable works."
WS/MP18133/2025-2026/148452,ND-WRK-1428,Normal/Others,2025-2026,1000000.0,1573,990000.0,500000.0,1000000.0,1.01,0.0,False,"Sanctioned amount ₹1,000,000 is 1.01× the peer median ₹990,000 across 1573 comparable works."
WS/MP18133/2025-2026/148451,ND-WRK-1427,Normal/Others,2025-2026,1000000.0,1573,990000.0,500000.0,1000000.0,1.01,0.0,False,"Sanctioned amount ₹1,000,000 is 1.01× the peer median ₹990,000 across 1573 comparable works."
WS/MP18133/2025-2026/148450,ND-WRK-1426,Repair and Renovation,2025-2026,1000000.0,18,995000.5,500000.0,1500000.0,1.01,0.0,False,"Sanctioned amount ₹1,000,000 is 1.01× the peer median ₹995,000 across 18 comparable works."
WS/MP18133/2024-2025/148466,ND-WRK-1425,Normal/Others,2024-2025,1000000.0,121,999600.0,700000.0,1000000.0,1.0,0.0,False,"Sanctioned amount ₹1,000,000 is 1.00× the peer median ₹999,600 across 121 comparable works."
WS/MP18133/2024-2025/148465,ND-WRK-1424,Normal/Others,2024-2025,1000000.0,121,999600.0,700000.0,1000000.0,1.0,0.0,False,"Sanctioned amount ₹1,000,000 is 1.00× the peer median ₹999,600 across 121 comparable works."
WS/MP18133/2024-2025/148464,ND-WRK-1423,Normal/Others,2024-2025,1000000.0,121,999600.0,700000.0,1000000.0,1.0,0.0,False,"Sanctioned amount ₹1,000,000 is 1.00× the peer median ₹999,600 across 121 comparable works."
WS/MP18132/2026-2027/277261,ND-WRK-1422,Normal/Others,2026-2027,1240700.0,683,1000000.0,700000.0,1000000.0,1.24,0.0,False,"Sanctioned amount ₹1,240,700 is 1.24× the peer median ₹1,000,000 across 683 comparable works."
WS/MP18132/2026-2027/252801,ND-WRK-1420,Normal/Others,2026-2027,1000000.0,683,1000000.0,700000.0,1000000.0,1.0,0.0,False,"Sanctioned amount ₹1,000,000 is 1.00× the peer median ₹1,000,000 across 683 comparable works."
WS/MP18132/2025-2026/232990,ND-WRK-1419,Normal/Others,2025-2026,999960.0,1573,990000.0,500000.0,1000000.0,1.01,0.0,False,"Sanctioned amount ₹999,960 is 1.01× the peer median ₹990,000 across 1573 comparable works."
WS/MP18132/2025-2026/226569,ND-WRK-1418,Normal/Others,2025-2026,499775.0,1573,990000.0,500000.0,1000000.0,0.5,0.0,False,"Sanctioned amount ₹499,775 is 0.50× the peer median ₹990,000 across 1573 comparable works."
WS/MP18132/2025-2026/226568,ND-WRK-1417,Normal/Others,2025-2026,1000000.0,1573,990000.0,500000.0,1000000.0,1.01,0.0,False,"Sanctioned amount ₹1,000,000 is 1.01× the peer median ₹990,000 across 1573 comparable works."
WS/MP18132/2025-2026/226567,ND-WRK-1416,Normal/Others,2025-2026,1000000.0,1573,990000.0,500000.0,1000000.0,1.01,0.0,False,"Sanctioned amount ₹1,000,000 is 1.01× the peer median ₹990,000 across 1573 comparable works."
WS/MP18132/2025-2026/226566,ND-WRK-1415,Normal/Others,2025-2026,1000000.0,1573,990000.0,500000.0,1000000.0,1.01,0.0,False,"Sanctioned amount ₹1,000,000 is 1.01× the peer median ₹990,000 across 1573 comparable works."
WS/MP18132/2025-2026/226565,ND-WRK-1414,Normal/Others,2025-2026,999928.0,1573,990000.0,500000.0,1000000.0,1.01,0.0,False,"Sanctioned amount ₹999,928 is 1.01× the peer median ₹990,000 across 1573 comparable works."
WS/MP18133/2025-2026/148508,ND-WRK-1446,Normal/Others,2025-2026,1000000.0,1573,990000.0,500000.0,1000000.0,1.01,0.0,False,"Sanctioned amount ₹1,000,000 is 1.01× the peer median ₹990,000 across 1573 comparable works."
WS/MP18133/2025-2026/148507,ND-WRK-1445,Normal/Others,2025-2026,1500000.0,1573,990000.0,500000.0,1000000.0,1.52,0.0,False,"Sanctioned amount ₹1,500,000 is 1.52× the peer median ₹990,000 across 1573 comparable works."
WS/MP18133/2025-2026/148486,ND-WRK-1444,Normal/Others,2025-2026,1000000.0,1573,990000.0,500000.0,1000000.0,1.01,0.0,False,"Sanctioned amount ₹1,000,000 is 1.01× the peer median ₹990,000 across 1573 comparable works."
WS/MP18133/2025-2026/148485,ND-WRK-1443,Normal/Others,2025-2026,1000000.0,1573,990000.0,500000.0,1000000.0,1.01,0.0,False,"Sanctioned amount ₹1,000,000 is 1.01× the peer median ₹990,000 across 1573 comparable works."
WS/MP18133/2025-2026/148483,ND-WRK-1442,Normal/Others,2025-2026,500000.0,1573,990000.0,500000.0,1000000.0,0.51,0.0,False,"Sanctioned amount ₹500,000 is 0.51× the peer median ₹990,000 across 1573 comparable works."
WS/MP18133/2025-2026/148482,ND-WRK-1441,Normal/Others,2025-2026,600000.0,1573,990000.0,500000.0,1000000.0,0.61,0.0,False,"Sanctioned amount ₹600,000 is 0.61× the peer median ₹990,000 across 1573 comparable works."
WS/MP18133/2025-2026/148481,ND-WRK-1440,Normal/Others,2025-2026,700000.0,1573,990000.0,500000.0,1000000.0,0.71,0.0,False,"Sanctioned amount ₹700,000 is 0.71× the peer median ₹990,000 across 1573 comparable works."
WS/MP18133/2025-2026/148480,ND-WRK-1439,Normal/Others,2025-2026,700000.0,1573,990000.0,500000.0,1000000.0,0.71,0.0,False,"Sanctioned amount ₹700,000 is 0.71× the peer median ₹990,000 across 1573 comparable works."
WS/MP18133/2025-2026/148479,ND-WRK-1438,Normal/Others,2025-2026,1000000.0,1573,990000.0,500000.0,1000000.0,1.01,0.0,False,"Sanctioned amount ₹1,000,000 is 1.01× the peer median ₹990,000 across 1573 comparable works."
WS/MP18133/2025-2026/148477,ND-WRK-1437,Normal/Others,2025-2026,700000.0,1573,990000.0,500000.0,1000000.0,0.71,0.0,False,"Sanctioned amount ₹700,000 is 0.71× the peer median ₹990,000 across 1573 comparable works."
WS/MP18133/2025-2026/148476,ND-WRK-1436,Normal/Others,2025-2026,1000000.0,1573,990000.0,500000.0,1000000.0,1.01,0.0,False,"Sanctioned amount ₹1,000,000 is 1.01× the peer median ₹990,000 across 1573 comparable works."
WS/MP18133/2025-2026/148475,ND-WRK-1435,Normal/Others,2025-2026,1000000.0,1573,990000.0,500000.0,1000000.0,1.01,0.0,False,"Sanctioned amount ₹1,000,000 is 1.01× the peer median ₹990,000 across 1573 comparable works."
WS/MP18133/2025-2026/148463,ND-WRK-1434,Normal/Others,2025-2026,1000000.0,1573,990000.0,500000.0,1000000.0,1.01,0.0,False,"Sanctioned amount ₹1,000,000 is 1.01× the peer median ₹990,000 across 1573 comparable works."
WS/MP18133/2025-2026/148462,ND-WRK-1433,Normal/Others,2025-2026,1000000.0,1573,990000.0,500000.0,1000000.0,1.01,0.0,False,"Sanctioned amount ₹1,000,000 is 1.01× the peer median ₹990,000 across 1573 comparable works."
WS/MP18133/2025-2026/148459,ND-WRK-1432,Normal/Others,2025-2026,1000000.0,1573,990000.0,500000.0,1000000.0,1.01,0.0,False,"Sanctioned amount ₹1,000,000 is 1.01× the peer median ₹990,000 across 1573 comparable works."
WS/MP18133/2025-2026/148457,ND-WRK-1431,Normal/Others,2025-2026,1000000.0,1573,990000.0,500000.0,1000000.0,1.01,0.0,False,"Sanctioned amount ₹1,000,000 is 1.01× the peer median ₹990,000 across 1573 comparable works."
WS/MP18133/2025-2026/148564,ND-WRK-1462,Normal/Others,2025-2026,500000.0,1573,990000.0,500000.0,1000000.0,0.51,0.0,False,"Sanctioned amount ₹500,000 is 0.51× the peer median ₹990,000 across 1573 comparable works."
WS/MP18133/2025-2026/148563,ND-WRK-1461,Normal/Others,2025-2026,500000.0,1573,990000.0,500000.0,1000000.0,0.51,0.0,False,"Sanctioned amount ₹500,000 is 0.51× the peer median ₹990,000 across 1573 comparable works."
WS/MP18133/2025-2026/148562,ND-WRK-1460,Normal/Others,2025-2026,999000.0,1573,990000.0,500000.0,1000000.0,1.01,0.0,False,"Sanctioned amount ₹999,000 is 1.01× the peer median ₹990,000 across 1573 comparable works."
WS/MP18133/2025-2026/148561,ND-WRK-1459,Normal/Others,2025-2026,1000000.0,1573,990000.0,500000.0,1000000.0,1.01,0.0,False,"Sanctioned amount ₹1,000,000 is 1.01× the peer median ₹990,000 across 1573 comparable works."
WS/MP18133/2025-2026/148560,ND-WRK-1458,Normal/Others,2025-2026,999677.0,1573,990000.0,500000.0,1000000.0,1.01,0.0,False,"Sanctioned amount ₹999,677 is 1.01× the peer median ₹990,000 across 1573 comparable works."
WS/MP18133/2025-2026/148559,ND-WRK-1457,Normal/Others,2025-2026,700000.0,1573,990000.0,500000.0,1000000.0,0.71,0.0,False,"Sanctioned amount ₹700,000 is 0.71× the peer median ₹990,000 across 1573 comparable works."
WS/MP18133/2025-2026/148558,ND-WRK-1456,Normal/Others,2025-2026,1000000.0,1573,990000.0,500000.0,1000000.0,1.01,0.0,False,"Sanctioned amount ₹1,000,000 is 1.01× the peer median ₹990,000 across 1573 comparable works."
WS/MP18133/2025-2026/148557,ND-WRK-1455,Normal/Others,2025-2026,1000000.0,1573,990000.0,500000.0,1000000.0,1.01,0.0,False,"Sanctioned amount ₹1,000,000 is 1.01× the peer median ₹990,000 across 1573 comparable works."
WS/MP18133/2025-2026/148516,ND-WRK-1454,Normal/Others,2025-2026,500000.0,1573,990000.0,500000.0,1000000.0,0.51,0.0,False,"Sanctioned amount ₹500,000 is 0.51× the peer median ₹990,000 across 1573 comparable works."
WS/MP18133/2025-2026/148515,ND-WRK-1453,Normal/Others,2025-2026,500000.0,1573,990000.0,500000.0,1000000.0,0.51,0.0,False,"Sanctioned amount ₹500,000 is 0.51× the peer median ₹990,000 across 1573 comparable works."
WS/MP18133/2025-2026/148514,ND-WRK-1452,Normal/Others,2025-2026,500000.0,1573,990000.0,500000.0,1000000.0,0.51,0.0,False,"Sanctioned amount ₹500,000 is 0.51× the peer median ₹990,000 across 1573 comparable works."
WS/MP18133/2025-2026/148513,ND-WRK-1451,Normal/Others,2025-2026,1000000.0,1573,990000.0,500000.0,1000000.0,1.01,0.0,False,"Sanctioned amount ₹1,000,000 is 1.01× the peer median ₹990,000 across 1573 comparable works."
WS/MP18133/2025-2026/148512,ND-WRK-1450,Normal/Others,2025-2026,1000000.0,1573,990000.0,500000.0,1000000.0,1.01,0.0,False,"Sanctioned amount ₹1,000,000 is 1.01× the peer median ₹990,000 across 1573 comparable works."
WS/MP18133/2025-2026/148511,ND-WRK-1449,Normal/Others,2025-2026,1000000.0,1573,990000.0,500000.0,1000000.0,1.01,0.0,False,"Sanctioned amount ₹1,000,000 is 1.01× the peer median ₹990,000 across 1573 comparable works."
WS/MP18133/2025-2026/148510,ND-WRK-1448,Normal/Others,2025-2026,1000000.0,1573,990000.0,500000.0,1000000.0,1.01,0.0,False,"Sanctioned amount ₹1,000,000 is 1.01× the peer median ₹990,000 across 1573 comparable works."
WS/MP18133/2025-2026/148509,ND-WRK-1447,Normal/Others,2025-2026,1000000.0,1573,990000.0,500000.0,1000000.0,1.01,0.0,False,"Sanctioned amount ₹1,000,000 is 1.01× the peer median ₹990,000 across 1573 comparable works."
WS/MP18133/2025-2026/253627,ND-WRK-1478,Normal/Others,2025-2026,1000000.0,1573,990000.0,500000.0,1000000.0,1.01,0.0,False,"Sanctioned amount ₹1,000,000 is 1.01× the peer median ₹990,000 across 1573 comparable works."
WS/MP18133/2025-2026/253626,ND-WRK-1477,Normal/Others,2025-2026,1000000.0,1573,990000.0,500000.0,1000000.0,1.01,0.0,False,"Sanctioned amount ₹1,000,000 is 1.01× the peer median ₹990,000 across 1573 comparable works."
WS/MP18133/2025-2026/253624,ND-WRK-1476,Normal/Others,2025-2026,1000000.0,1573,990000.0,500000.0,1000000.0,1.01,0.0,False,"Sanctioned amount ₹1,000,000 is 1.01× the peer median ₹990,000 across 1573 comparable works."
WS/MP18133/2025-2026/164658,ND-WRK-1475,Normal/Others,2025-2026,1000000.0,1573,990000.0,500000.0,1000000.0,1.01,0.0,False,"Sanctioned amount ₹1,000,000 is 1.01× the peer median ₹990,000 across 1573 comparable works."
WS/MP18133/2025-2026/164656,ND-WRK-1474,Normal/Others,2025-2026,500000.0,1573,990000.0,500000.0,1000000.0,0.51,0.0,False,"Sanctioned amount ₹500,000 is 0.51× the peer median ₹990,000 across 1573 comparable works."
WS/MP18133/2025-2026/164655,ND-WRK-1473,Normal/Others,2025-2026,1000000.0,1573,990000.0,500000.0,1000000.0,1.01,0.0,False,"Sanctioned amount ₹1,000,000 is 1.01× the peer median ₹990,000 across 1573 comparable works."
WS/MP18133/2025-2026/148917,ND-WRK-1472,Normal/Others,2025-2026,500000.0,1573,990000.0,500000.0,1000000.0,0.51,0.0,False,"Sanctioned amount ₹500,000 is 0.51× the peer median ₹990,000 across 1573 comparable works."
WS/MP18133/2025-2026/148916,ND-WRK-1471,Normal/Others,2025-2026,800000.0,1573,990000.0,500000.0,1000000.0,0.81,0.0,False,"Sanctioned amount ₹800,000 is 0.81× the peer median ₹990,000 across 1573 comparable works."
WS/MP18133/2025-2026/148915,ND-WRK-1470,Normal/Others,2025-2026,500000.0,1573,990000.0,500000.0,1000000.0,0.51,0.0,False,"Sanctioned amount ₹500,000 is 0.51× the peer median ₹990,000 across 1573 comparable works."
WS/MP18133/2025-2026/148598,ND-WRK-1469,Normal/Others,2025-2026,1000000.0,1573,990000.0,500000.0,1000000.0,1.01,0.0,False,"Sanctioned amount ₹1,000,000 is 1.01× the peer median ₹990,000 across 1573 comparable works."
WS/MP18133/2025-2026/148572,ND-WRK-1468,Normal/Others,2025-2026,500000.0,1573,990000.0,500000.0,1000000.0,0.51,0.0,False,"Sanctioned amount ₹500,000 is 0.51× the peer median ₹990,000 across 1573 comparable works."
WS/MP18133/2025-2026/148571,ND-WRK-1467,Normal/Others,2025-2026,500000.0,1573,990000.0,500000.0,1000000.0,0.51,0.0,False,"Sanctioned amount ₹500,000 is 0.51× the peer median ₹990,000 across 1573 comparable works."
WS/MP18133/2025-2026/148569,ND-WRK-1466,Normal/Others,2025-2026,500000.0,1573,990000.0,500000.0,1000000.0,0.51,0.0,False,"Sanctioned amount ₹500,000 is 0.51× the peer median ₹990,000 across 1573 comparable works."
WS/MP18133/2025-2026/148567,ND-WRK-1465,Normal/Others,2025-2026,1000000.0,1573,990000.0,500000.0,1000000.0,1.01,0.0,False,"Sanctioned amount ₹1,000,000 is 1.01× the peer median ₹990,000 across 1573 comparable works."
WS/MP18133/2025-2026/148566,ND-WRK-1464,Normal/Others,2025-2026,1000000.0,1573,990000.0,500000.0,1000000.0,1.01,0.0,False,"Sanctioned amount ₹1,000,000 is 1.01× the peer median ₹990,000 across 1573 comparable works."
WS/MP18133/2025-2026/148565,ND-WRK-1463,Normal/Others,2025-2026,1000000.0,1573,990000.0,500000.0,1000000.0,1.01,0.0,False,"Sanctioned amount ₹1,000,000 is 1.01× the peer median ₹990,000 across 1573 comparable works."
WS/MP18133/2025-2026/253841,ND-WRK-1494,Normal/Others,2025-2026,800000.0,1573,990000.0,500000.0,1000000.0,0.81,0.0,False,"Sanctioned amount ₹800,000 is 0.81× the peer median ₹990,000 across 1573 comparable works."
WS/MP18133/2025-2026/253839,ND-WRK-1493,Normal/Others,2025-2026,1000000.0,1573,990000.0,500000.0,1000000.0,1.01,0.0,False,"Sanctioned amount ₹1,000,000 is 1.01× the peer median ₹990,000 across 1573 comparable works."
WS/MP18133/2025-2026/253837,ND-WRK-1492,Normal/Others,2025-2026,700000.0,1573,990000.0,500000.0,1000000.0,0.71,0.0,False,"Sanctioned amount ₹700,000 is 0.71× the peer median ₹990,000 across 1573 comparable works."
WS/MP18133/2025-2026/253836,ND-WRK-1491,Normal/Others,2025-2026,700000.0,1573,990000.0,500000.0,1000000.0,0.71,0.0,False,"Sanctioned amount ₹700,000 is 0.71× the peer median ₹990,000 across 1573 comparable works."
WS/MP18133/2025-2026/253832,ND-WRK-1490,Normal/Others,2025-2026,700000.0,1573,990000.0,500000.0,1000000.0,0.71,0.0,False,"Sanctioned amount ₹700,000 is 0.71× the peer median ₹990,000 across 1573 comparable works."
WS/MP18133/2025-2026/253831,ND-WRK-1489,Normal/Others,2025-2026,700000.0,1573,990000.0,500000.0,1000000.0,0.71,0.0,False,"Sanctioned amount ₹700,000 is 0.71× the peer median ₹990,000 across 1573 comparable works."
WS/MP18133/2025-2026/253828,ND-WRK-1488,Normal/Others,2025-2026,500000.0,1573,990000.0,500000.0,1000000.0,0.51,0.0,False,"Sanctioned amount ₹500,000 is 0.51× the peer median ₹990,000 across 1573 comparable works."
WS/MP18133/2025-2026/253825,ND-WRK-1487,Normal/Others,2025-2026,900000.0,1573,990000.0,500000.0,1000000.0,0.91,0.0,False,"Sanctioned amount ₹900,000 is 0.91× the peer median ₹990,000 across 1573 comparable works."
WS/MP18133/2025-2026/253824,ND-WRK-1486,Normal/Others,2025-2026,500000.0,1573,990000.0,500000.0,1000000.0,0.51,0.0,False,"Sanctioned amount ₹500,000 is 0.51× the peer median ₹990,000 across 1573 comparable works."
WS/MP18133/2025-2026/253823,ND-WRK-1485,Normal/Others,2025-2026,500000.0,1573,990000.0,500000.0,1000000.0,0.51,0.0,False,"Sanctioned amount ₹500,000 is 0.51× the peer median ₹990,000 across 1573 comparable works."
WS/MP18133/2025-2026/253821,ND-WRK-1484,Normal/Others,2025-2026,700000.0,1573,990000.0,500000.0,1000000.0,0.71,0.0,False,"Sanctioned amount ₹700,000 is 0.71× the peer median ₹990,000 across 1573 comparable works."
WS/MP18133/2025-2026/253820,ND-WRK-1483,Normal/Others,2025-2026,500000.0,1573,990000.0,500000.0,1000000.0,0.51,0.0,False,"Sanctioned amount ₹500,000 is 0.51× the peer median ₹990,000 across 1573 comparable works."
WS/MP18133/2025-2026/253634,ND-WRK-1482,Normal/Others,2025-2026,700000.0,1573,990000.0,500000.0,1000000.0,0.71,0.0,False,"Sanctioned amount ₹700,000 is 0.71× the peer median ₹990,000 across 1573 comparable works."
WS/MP18133/2025-2026/253633,ND-WRK-1481,Normal/Others,2025-2026,500000.0,1573,990000.0,500000.0,1000000.0,0.51,0.0,False,"Sanctioned amount ₹500,000 is 0.51× the peer median ₹990,000 across 1573 comparable works."
WS/MP18133/2025-2026/253632,ND-WRK-1480,Normal/Others,2025-2026,700000.0,1573,990000.0,500000.0,1000000.0,0.71,0.0,False,"Sanctioned amount ₹700,000 is 0.71× the peer median ₹990,000 across 1573 comparable works."
WS/MP18133/2025-2026/253629,ND-WRK-1479,Normal/Others,2025-2026,500000.0,1573,990000.0,500000.0,1000000.0,0.51,0.0,False,"Sanctioned amount ₹500,000 is 0.51× the peer median ₹990,000 across 1573 comparable works."
WS/MP18133/2025-2026/253957,ND-WRK-1510,Normal/Others,2025-2026,250000.0,1573,990000.0,500000.0,1000000.0,0.25,0.0,False,"Sanctioned amount ₹250,000 is 0.25× the peer median ₹990,000 across 1573 comparable works."
WS/MP18133/2025-2026/253956,ND-WRK-1509,Normal/Others,2025-2026,250000.0,1573,990000.0,500000.0,1000000.0,0.25,0.0,False,"Sanctioned amount ₹250,000 is 0.25× the peer median ₹990,000 across 1573 comparable works."
WS/MP18133/2025-2026/253955,ND-WRK-1508,Normal/Others,2025-2026,500000.0,1573,990000.0,500000.0,1000000.0,0.51,0.0,False,"Sanctioned amount ₹500,000 is 0.51× the peer median ₹990,000 across 1573 comparable works."
WS/MP18133/2025-2026/253954,ND-WRK-1507,Normal/Others,2025-2026,500000.0,1573,990000.0,500000.0,1000000.0,0.51,0.0,False,"Sanctioned amount ₹500,000 is 0.51× the peer median ₹990,000 across 1573 comparable works."
WS/MP18133/2025-2026/253953,ND-WRK-1506,Normal/Others,2025-2026,300000.0,1573,990000.0,500000.0,1000000.0,0.3,0.0,False,"Sanctioned amount ₹300,000 is 0.30× the peer median ₹990,000 across 1573 comparable works."
WS/MP18133/2025-2026/253853,ND-WRK-1505,Normal/Others,2025-2026,500000.0,1573,990000.0,500000.0,1000000.0,0.51,0.0,False,"Sanctioned amount ₹500,000 is 0.51× the peer median ₹990,000 across 1573 comparable works."
WS/MP18133/2025-2026/253852,ND-WRK-1504,Normal/Others,2025-2026,500000.0,1573,990000.0,500000.0,1000000.0,0.51,0.0,False,"Sanctioned amount ₹500,000 is 0.51× the peer median ₹990,000 across 1573 comparable works."
WS/MP18133/2025-2026/253851,ND-WRK-1503,Normal/Others,2025-2026,300000.0,1573,990000.0,500000.0,1000000.0,0.3,0.0,False,"Sanctioned amount ₹300,000 is 0.30× the peer median ₹990,000 across 1573 comparable works."
WS/MP18133/2025-2026/253850,ND-WRK-1502,Normal/Others,2025-2026,400000.0,1573,990000.0,500000.0,1000000.0,0.4,0.0,False,"Sanctioned amount ₹400,000 is 0.40× the peer median ₹990,000 across 1573 comparable works."
WS/MP18133/2025-2026/253849,ND-WRK-1501,Normal/Others,2025-2026,300000.0,1573,990000.0,500000.0,1000000.0,0.3,0.0,False,"Sanctioned amount ₹300,000 is 0.30× the peer median ₹990,000 across 1573 comparable works."
WS/MP18133/2025-2026/253847,ND-WRK-1500,Normal/Others,2025-2026,400000.0,1573,990000.0,500000.0,1000000.0,0.4,0.0,False,"Sanctioned amount ₹400,000 is 0.40× the peer median ₹990,000 across 1573 comparable works."
WS/MP18133/2025-2026/253846,ND-WRK-1499,Normal/Others,2025-2026,400000.0,1573,990000.0,500000.0,1000000.0,0.4,0.0,False,"Sanctioned amount ₹400,000 is 0.40× the peer median ₹990,000 across 1573 comparable works."
WS/MP18133/2025-2026/253845,ND-WRK-1498,Normal/Others,2025-2026,500000.0,1573,990000.0,500000.0,1000000.0,0.51,0.0,False,"Sanctioned amount ₹500,000 is 0.51× the peer median ₹990,000 across 1573 comparable works."
WS/MP18133/2025-2026/253844,ND-WRK-1497,Normal/Others,2025-2026,500000.0,1573,990000.0,500000.0,1000000.0,0.51,0.0,False,"Sanctioned amount ₹500,000 is 0.51× the peer median ₹990,000 across 1573 comparable works."
WS/MP18133/2025-2026/253843,ND-WRK-1496,Normal/Others,2025-2026,1000000.0,1573,990000.0,500000.0,1000000.0,1.01,0.0,False,"Sanctioned amount ₹1,000,000 is 1.01× the peer median ₹990,000 across 1573 comparable works."
WS/MP18133/2025-2026/253842,ND-WRK-1495,Normal/Others,2025-2026,1000000.0,1573,990000.0,500000.0,1000000.0,1.01,0.0,False,"Sanctioned amount ₹1,000,000 is 1.01× the peer median ₹990,000 across 1573 comparable works."
WS/MP18133/2025-2026/253981,ND-WRK-1526,Normal/Others,2025-2026,300000.0,1573,990000.0,500000.0,1000000.0,0.3,0.0,False,"Sanctioned amount ₹300,000 is 0.30× the peer median ₹990,000 across 1573 comparable works."
WS/MP18133/2025-2026/253974,ND-WRK-1525,Normal/Others,2025-2026,700000.0,1573,990000.0,500000.0,1000000.0,0.71,0.0,False,"Sanctioned amount ₹700,000 is 0.71× the peer median ₹990,000 across 1573 comparable works."
WS/MP18133/2025-2026/253973,ND-WRK-1524,Normal/Others,2025-2026,500000.0,1573,990000.0,500000.0,1000000.0,0.51,0.0,False,"Sanctioned amount ₹500,000 is 0.51× the peer median ₹990,000 across 1573 comparable works."
WS/MP18133/2025-2026/253971,ND-WRK-1523,Normal/Others,2025-2026,1000000.0,1573,990000.0,500000.0,1000000.0,1.01,0.0,False,"Sanctioned amount ₹1,000,000 is 1.01× the peer median ₹990,000 across 1573 comparable works."
WS/MP18133/2025-2026/253970,ND-WRK-1522,Normal/Others,2025-2026,1000000.0,1573,990000.0,500000.0,1000000.0,1.01,0.0,False,"Sanctioned amount ₹1,000,000 is 1.01× the peer median ₹990,000 across 1573 comparable works."
WS/MP18133/2025-2026/253969,ND-WRK-1521,Normal/Others,2025-2026,750000.0,1573,990000.0,500000.0,1000000.0,0.76,0.0,False,"Sanctioned amount ₹750,000 is 0.76× the peer median ₹990,000 across 1573 comparable works."
WS/MP18133/2025-2026/253968,ND-WRK-1520,Normal/Others,2025-2026,750000.0,1573,990000.0,500000.0,1000000.0,0.76,0.0,False,"Sanctioned amount ₹750,000 is 0.76× the peer median ₹990,000 across 1573 comparable works."
WS/MP18133/2025-2026/253967,ND-WRK-1519,Normal/Others,2025-2026,500000.0,1573,990000.0,500000.0,1000000.0,0.51,0.0,False,"Sanctioned amount ₹500,000 is 0.51× the peer median ₹990,000 across 1573 comparable works."
WS/MP18133/2025-2026/253966,ND-WRK-1518,Normal/Others,2025-2026,500000.0,1573,990000.0,500000.0,1000000.0,0.51,0.0,False,"Sanctioned amount ₹500,000 is 0.51× the peer median ₹990,000 across 1573 comparable works."
WS/MP18133/2025-2026/253964,ND-WRK-1517,Normal/Others,2025-2026,300000.0,1573,990000.0,500000.0,1000000.0,0.3,0.0,False,"Sanctioned amount ₹300,000 is 0.30× the peer median ₹990,000 across 1573 comparable works."
WS/MP18133/2025-2026/253963,ND-WRK-1516,Normal/Others,2025-2026,1000000.0,1573,990000.0,500000.0,1000000.0,1.01,0.0,False,"Sanctioned amount ₹1,000,000 is 1.01× the peer median ₹990,000 across 1573 comparable works."
WS/MP18133/2025-2026/253962,ND-WRK-1515,Normal/Others,2025-2026,1000000.0,1573,990000.0,500000.0,1000000.0,1.01,0.0,False,"Sanctioned amount ₹1,000,000 is 1.01× the peer median ₹990,000 across 1573 comparable works."
WS/MP18133/2025-2026/253961,ND-WRK-1514,Normal/Others,2025-2026,500000.0,1573,990000.0,500000.0,1000000.0,0.51,0.0,False,"Sanctioned amount ₹500,000 is 0.51× the peer median ₹990,000 across 1573 comparable works."
WS/MP18133/2025-2026/253960,ND-WRK-1513,Normal/Others,2025-2026,500000.0,1573,990000.0,500000.0,1000000.0,0.51,0.0,False,"Sanctioned amount ₹500,000 is 0.51× the peer median ₹990,000 across 1573 comparable works."
WS/MP18133/2025-2026/253959,ND-WRK-1512,Normal/Others,2025-2026,250000.0,1573,990000.0,500000.0,1000000.0,0.25,0.0,False,"Sanctioned amount ₹250,000 is 0.25× the peer median ₹990,000 across 1573 comparable works."
WS/MP18133/2025-2026/253958,ND-WRK-1511,Normal/Others,2025-2026,250000.0,1573,990000.0,500000.0,1000000.0,0.25,0.0,False,"Sanctioned amount ₹250,000 is 0.25× the peer median ₹990,000 across 1573 comparable works."
WS/MP18133/2026-2027/253631,ND-WRK-1542,Normal/Others,2026-2027,900000.0,683,1000000.0,700000.0,1000000.0,0.9,0.0,False,"Sanctioned amount ₹900,000 is 0.90× the peer median ₹1,000,000 across 683 comparable works."
WS/MP18133/2025-2026/256431,ND-WRK-1541,Normal/Others,2025-2026,700000.0,1573,990000.0,500000.0,1000000.0,0.71,0.0,False,"Sanctioned amount ₹700,000 is 0.71× the peer median ₹990,000 across 1573 comparable works."
WS/MP18133/2025-2026/255506,ND-WRK-1540,Normal/Others,2025-2026,300000.0,1573,990000.0,500000.0,1000000.0,0.3,0.0,False,"Sanctioned amount ₹300,000 is 0.30× the peer median ₹990,000 across 1573 comparable works."
WS/MP18133/2025-2026/255501,ND-WRK-1539,Normal/Others,2025-2026,300000.0,1573,990000.0,500000.0,1000000.0,0.3,0.0,False,"Sanctioned amount ₹300,000 is 0.30× the peer median ₹990,000 across 1573 comparable works."
WS/MP18133/2025-2026/255500,ND-WRK-1538,Normal/Others,2025-2026,1000000.0,1573,990000.0,500000.0,1000000.0,1.01,0.0,False,"Sanctioned amount ₹1,000,000 is 1.01× the peer median ₹990,000 across 1573 comparable works."
WS/MP18133/2025-2026/255499,ND-WRK-1537,Normal/Others,2025-2026,500000.0,1573,990000.0,500000.0,1000000.0,0.51,0.0,False,"Sanctioned amount ₹500,000 is 0.51× the peer median ₹990,000 across 1573 comparable works."
WS/MP18133/2025-2026/255498,ND-WRK-1536,Normal/Others,2025-2026,700000.0,1573,990000.0,500000.0,1000000.0,0.71,0.0,False,"Sanctioned amount ₹700,000 is 0.71× the peer median ₹990,000 across 1573 comparable works."
WS/MP18133/2025-2026/255497,ND-WRK-1535,Normal/Others,2025-2026,400000.0,1573,990000.0,500000.0,1000000.0,0.4,0.0,False,"Sanctioned amount ₹400,000 is 0.40× the peer median ₹990,000 across 1573 comparable works."
WS/MP18133/2025-2026/255496,ND-WRK-1534,Normal/Others,2025-2026,600000.0,1573,990000.0,500000.0,1000000.0,0.61,0.0,False,"Sanctioned amount ₹600,000 is 0.61× the peer median ₹990,000 across 1573 comparable works."
WS/MP18133/2025-2026/255495,ND-WRK-1533,Normal/Others,2025-2026,500000.0,1573,990000.0,500000.0,1000000.0,0.51,0.0,False,"Sanctioned amount ₹500,000 is 0.51× the peer median ₹990,000 across 1573 comparable works."
WS/MP18133/2025-2026/254602,ND-WRK-1532,Normal/Others,2025-2026,500000.0,1573,990000.0,500000.0,1000000.0,0.51,0.0,False,"Sanctioned amount ₹500,000 is 0.51× the peer median ₹990,000 across 1573 comparable works."
WS/MP18133/2025-2026/254601,ND-WRK-1531,Normal/Others,2025-2026,900000.0,1573,990000.0,500000.0,1000000.0,0.91,0.0,False,"Sanctioned amount ₹900,000 is 0.91× the peer median ₹990,000 across 1573 comparable works."
WS/MP18133/2025-2026/254600,ND-WRK-1530,Normal/Others,2025-2026,900000.0,1573,990000.0,500000.0,1000000.0,0.91,0.0,False,"Sanctioned amount ₹900,000 is 0.91× the peer median ₹990,000 across 1573 comparable works."
WS/MP18133/2025-2026/254129,ND-WRK-1529,Normal/Others,2025-2026,1000000.0,1573,990000.0,500000.0,1000000.0,1.01,0.0,False,"Sanctioned amount ₹1,000,000 is 1.01× the peer median ₹990,000 across 1573 comparable works."
WS/MP18133/2025-2026/254128,ND-WRK-1528,Normal/Others,2025-2026,200000.0,1573,990000.0,500000.0,1000000.0,0.2,0.0,False,"Sanctioned amount ₹200,000 is 0.20× the peer median ₹990,000 across 1573 comparable works."
WS/MP18133/2025-2026/253982,ND-WRK-1527,Normal/Others,2025-2026,1000000.0,1573,990000.0,500000.0,1000000.0,1.01,0.0,False,"Sanctioned amount ₹1,000,000 is 1.01× the peer median ₹990,000 across 1573 comparable works."
WS/MP18134/2025-2026/179141,ND-WRK-1558,Normal/Others,2025-2026,700000.0,1573,990000.0,500000.0,1000000.0,0.71,0.0,False,"Sanctioned amount ₹700,000 is 0.71× the peer median ₹990,000 across 1573 comparable works."
WS/MP18134/2025-2026/178855,ND-WRK-1557,Normal/Others,2025-2026,500000.0,1573,990000.0,500000.0,1000000.0,0.51,0.0,False,"Sanctioned amount ₹500,000 is 0.51× the peer median ₹990,000 across 1573 comparable works."
WS/MP18134/2025-2026/178853,ND-WRK-1556,Normal/Others,2025-2026,500000.0,1573,990000.0,500000.0,1000000.0,0.51,0.0,False,"Sanctioned amount ₹500,000 is 0.51× the peer median ₹990,000 across 1573 comparable works."
WS/MP18134/2025-2026/178488,ND-WRK-1555,Normal/Others,2025-2026,993759.0,1573,990000.0,500000.0,1000000.0,1.0,0.0,False,"Sanctioned amount ₹993,759 is 1.00× the peer median ₹990,000 across 1573 comparable works."
WS/MP18134/2025-2026/178485,ND-WRK-1554,Normal/Others,2025-2026,500000.0,1573,990000.0,500000.0,1000000.0,0.51,0.0,False,"Sanctioned amount ₹500,000 is 0.51× the peer median ₹990,000 across 1573 comparable works."
WS/MP18134/2025-2026/178163,ND-WRK-1553,Normal/Others,2025-2026,500000.0,1573,990000.0,500000.0,1000000.0,0.51,0.0,False,"Sanctioned amount ₹500,000 is 0.51× the peer median ₹990,000 across 1573 comparable works."
WS/MP18134/2025-2026/178162,ND-WRK-1552,Normal/Others,2025-2026,500000.0,1573,990000.0,500000.0,1000000.0,0.51,0.0,False,"Sanctioned amount ₹500,000 is 0.51× the peer median ₹990,000 across 1573 comparable works."
WS/MP18134/2025-2026/177379,ND-WRK-1551,Normal/Others,2025-2026,800000.0,1573,990000.0,500000.0,1000000.0,0.81,0.0,False,"Sanctioned amount ₹800,000 is 0.81× the peer median ₹990,000 across 1573 comparable works."
WS/MP18134/2025-2026/177373,ND-WRK-1550,Normal/Others,2025-2026,1500000.0,1573,990000.0,500000.0,1000000.0,1.52,0.0,False,"Sanctioned amount ₹1,500,000 is 1.52× the peer median ₹990,000 across 1573 comparable works."
WS/MP18134/2025-2026/177357,ND-WRK-1549,Normal/Others,2025-2026,500000.0,1573,990000.0,500000.0,1000000.0,0.51,0.0,False,"Sanctioned amount ₹500,000 is 0.51× the peer median ₹990,000 across 1573 comparable works."
WS/MP18134/2025-2026/175361,ND-WRK-1548,Normal/Others,2025-2026,198500.0,1573,990000.0,500000.0,1000000.0,0.2,0.0,False,"Sanctioned amount ₹198,500 is 0.20× the peer median ₹990,000 across 1573 comparable works."
WS/MP18133/2026-2027/257689,ND-WRK-1547,Normal/Others,2026-2027,700000.0,683,1000000.0,700000.0,1000000.0,0.7,0.0,False,"Sanctioned amount ₹700,000 is 0.70× the peer median ₹1,000,000 across 683 comparable works."
WS/MP18133/2026-2027/253976,ND-WRK-1546,Normal/Others,2026-2027,800000.0,683,1000000.0,700000.0,1000000.0,0.8,0.0,False,"Sanctioned amount ₹800,000 is 0.80× the peer median ₹1,000,000 across 683 comparable works."
WS/MP18133/2026-2027/253965,ND-WRK-1545,Normal/Others,2026-2027,500000.0,683,1000000.0,700000.0,1000000.0,0.5,0.0,False,"Sanctioned amount ₹500,000 is 0.50× the peer median ₹1,000,000 across 683 comparable works."
WS/MP18133/2026-2027/253829,ND-WRK-1544,Normal/Others,2026-2027,900000.0,683,1000000.0,700000.0,1000000.0,0.9,0.0,False,"Sanctioned amount ₹900,000 is 0.90× the peer median ₹1,000,000 across 683 comparable works."
WS/MP18133/2026-2027/253826,ND-WRK-1543,Normal/Others,2026-2027,900000.0,683,1000000.0,700000.0,1000000.0,0.9,0.0,False,"Sanctioned amount ₹900,000 is 0.90× the peer median ₹1,000,000 across 683 comparable works."
WS/MP18134/2025-2026/182697,ND-WRK-1574,Normal/Others,2025-2026,700000.0,1573,990000.0,500000.0,1000000.0,0.71,0.0,False,"Sanctioned amount ₹700,000 is 0.71× the peer median ₹990,000 across 1573 comparable works."
WS/MP18134/2025-2026/182260,ND-WRK-1573,Normal/Others,2025-2026,700000.0,1573,990000.0,500000.0,1000000.0,0.71,0.0,False,"Sanctioned amount ₹700,000 is 0.71× the peer median ₹990,000 across 1573 comparable works."
WS/MP18134/2025-2026/182075,ND-WRK-1572,Trust and Society,2025-2026,500000.0,17,1000000.0,1000000.0,2500000.0,0.5,0.0,False,"Sanctioned amount ₹500,000 is 0.50× the peer median ₹1,000,000 across 17 comparable works."
WS/MP18134/2025-2026/182067,ND-WRK-1571,Normal/Others,2025-2026,500000.0,1573,990000.0,500000.0,1000000.0,0.51,0.0,False,"Sanctioned amount ₹500,000 is 0.51× the peer median ₹990,000 across 1573 comparable works."
WS/MP18134/2025-2026/181929,ND-WRK-1570,Normal/Others,2025-2026,500000.0,1573,990000.0,500000.0,1000000.0,0.51,0.0,False,"Sanctioned amount ₹500,000 is 0.51× the peer median ₹990,000 across 1573 comparable works."
WS/MP18134/2025-2026/181928,ND-WRK-1569,Normal/Others,2025-2026,500000.0,1573,990000.0,500000.0,1000000.0,0.51,0.0,False,"Sanctioned amount ₹500,000 is 0.51× the peer median ₹990,000 across 1573 comparable works."
WS/MP18134/2025-2026/181927,ND-WRK-1568,Normal/Others,2025-2026,500000.0,1573,990000.0,500000.0,1000000.0,0.51,0.0,False,"Sanctioned amount ₹500,000 is 0.51× the peer median ₹990,000 across 1573 comparable works."
WS/MP18134/2025-2026/181728,ND-WRK-1567,Normal/Others,2025-2026,500000.0,1573,990000.0,500000.0,1000000.0,0.51,0.0,False,"Sanctioned amount ₹500,000 is 0.51× the peer median ₹990,000 across 1573 comparable works."
WS/MP18134/2025-2026/181150,ND-WRK-1566,Normal/Others,2025-2026,500000.0,1573,990000.0,500000.0,1000000.0,0.51,0.0,False,"Sanctioned amount ₹500,000 is 0.51× the peer median ₹990,000 across 1573 comparable works."
WS/MP18134/2025-2026/180596,ND-WRK-1565,Normal/Others,2025-2026,500000.0,1573,990000.0,500000.0,1000000.0,0.51,0.0,False,"Sanctioned amount ₹500,000 is 0.51× the peer median ₹990,000 across 1573 comparable works."
WS/MP18134/2025-2026/180488,ND-WRK-1564,Normal/Others,2025-2026,500000.0,1573,990000.0,500000.0,1000000.0,0.51,0.0,False,"Sanctioned amount ₹500,000 is 0.51× the peer median ₹990,000 across 1573 comparable works."
WS/MP18134/2025-2026/180477,ND-WRK-1563,Normal/Others,2025-2026,500000.0,1573,990000.0,500000.0,1000000.0,0.51,0.0,False,"Sanctioned amount ₹500,000 is 0.51× the peer median ₹990,000 across 1573 comparable works."
WS/MP18134/2025-2026/180012,ND-WRK-1562,Normal/Others,2025-2026,500000.0,1573,990000.0,500000.0,1000000.0,0.51,0.0,False,"Sanctioned amount ₹500,000 is 0.51× the peer median ₹990,000 across 1573 comparable works."
WS/MP18134/2025-2026/179985,ND-WRK-1561,Normal/Others,2025-2026,500000.0,1573,990000.0,500000.0,1000000.0,0.51,0.0,False,"Sanctioned amount ₹500,000 is 0.51× the peer median ₹990,000 across 1573 comparable works."
WS/MP18134/2025-2026/179913,ND-WRK-1560,Normal/Others,2025-2026,500000.0,1573,990000.0,500000.0,1000000.0,0.51,0.0,False,"Sanctioned amount ₹500,000 is 0.51× the peer median ₹990,000 across 1573 comparable works."
WS/MP18134/2025-2026/179433,ND-WRK-1559,Normal/Others,2025-2026,500000.0,1573,990000.0,500000.0,1000000.0,0.51,0.0,False,"Sanctioned amount ₹500,000 is 0.51× the peer median ₹990,000 across 1573 comparable works."
WS/MP18134/2025-2026/185496,ND-WRK-1590,Normal/Others,2025-2026,700000.0,1573,990000.0,500000.0,1000000.0,0.71,0.0,False,"Sanctioned amount ₹700,000 is 0.71× the peer median ₹990,000 across 1573 comparable works."
WS/MP18134/2025-2026/185488,ND-WRK-1589,Normal/Others,2025-2026,500000.0,1573,990000.0,500000.0,1000000.0,0.51,0.0,False,"Sanctioned amount ₹500,000 is 0.51× the peer median ₹990,000 across 1573 comparable works."
WS/MP18134/2025-2026/185446,ND-WRK-1588,Normal/Others,2025-2026,500000.0,1573,990000.0,500000.0,1000000.0,0.51,0.0,False,"Sanctioned amount ₹500,000 is 0.51× the peer median ₹990,000 across 1573 comparable works."
WS/MP18134/2025-2026/185408,ND-WRK-1587,Normal/Others,2025-2026,500000.0,1573,990000.0,500000.0,1000000.0,0.51,0.0,False,"Sanctioned amount ₹500,000 is 0.51× the peer median ₹990,000 across 1573 comparable works."
WS/MP18134/2025-2026/185102,ND-WRK-1586,Normal/Others,2025-2026,500000.0,1573,990000.0,500000.0,1000000.0,0.51,0.0,False,"Sanctioned amount ₹500,000 is 0.51× the peer median ₹990,000 across 1573 comparable works."
WS/MP18134/2025-2026/185101,ND-WRK-1585,Normal/Others,2025-2026,500000.0,1573,990000.0,500000.0,1000000.0,0.51,0.0,False,"Sanctioned amount ₹500,000 is 0.51× the peer median ₹990,000 across 1573 comparable works."
WS/MP18134/2025-2026/185069,ND-WRK-1584,Trust and Society,2025-2026,500000.0,17,1000000.0,1000000.0,2500000.0,0.5,0.0,False,"Sanctioned amount ₹500,000 is 0.50× the peer median ₹1,000,000 across 17 comparable works."
WS/MP18134/2025-2026/185004,ND-WRK-1583,Normal/Others,2025-2026,500000.0,1573,990000.0,500000.0,1000000.0,0.51,0.0,False,"Sanctioned amount ₹500,000 is 0.51× the peer median ₹990,000 across 1573 comparable works."
WS/MP18134/2025-2026/184304,ND-WRK-1582,Normal/Others,2025-2026,500000.0,1573,990000.0,500000.0,1000000.0,0.51,0.0,False,"Sanctioned amount ₹500,000 is 0.51× the peer median ₹990,000 across 1573 comparable works."
WS/MP18134/2025-2026/184248,ND-WRK-1581,Normal/Others,2025-2026,700000.0,1573,990000.0,500000.0,1000000.0,0.71,0.0,False,"Sanctioned amount ₹700,000 is 0.71× the peer median ₹990,000 across 1573 comparable works."
WS/MP18134/2025-2026/184242,ND-WRK-1580,Normal/Others,2025-2026,500000.0,1573,990000.0,500000.0,1000000.0,0.51,0.0,False,"Sanctioned amount ₹500,000 is 0.51× the peer median ₹990,000 across 1573 comparable works."
WS/MP18134/2025-2026/184183,ND-WRK-1579,Normal/Others,2025-2026,490467.0,1573,990000.0,500000.0,1000000.0,0.5,0.0,False,"Sanctioned amount ₹490,467 is 0.50× the peer median ₹990,000 across 1573 comparable works."
WS/MP18134/2025-2026/183906,ND-WRK-1578,Normal/Others,2025-2026,700000.0,1573,990000.0,500000.0,1000000.0,0.71,0.0,False,"Sanctioned amount ₹700,000 is 0.71× the peer median ₹990,000 across 1573 comparable works."
WS/MP18134/2025-2026/183654,ND-WRK-1577,Normal/Others,2025-2026,700000.0,1573,990000.0,500000.0,1000000.0,0.71,0.0,False,"Sanctioned amount ₹700,000 is 0.71× the peer median ₹990,000 across 1573 comparable works."
WS/MP18134/2025-2026/183099,ND-WRK-1576,Normal/Others,2025-2026,700000.0,1573,990000.0,500000.0,1000000.0,0.71,0.0,False,"Sanctioned amount ₹700,000 is 0.71× the peer median ₹990,000 across 1573 comparable works."
WS/MP18134/2025-2026/182705,ND-WRK-1575,Normal/Others,2025-2026,700000.0,1573,990000.0,500000.0,1000000.0,0.71,0.0,False,"Sanctioned amount ₹700,000 is 0.71× the peer median ₹990,000 across 1573 comparable works."
WS/MP18134/2025-2026/240364,ND-WRK-1606,Normal/Others,2025-2026,1000000.0,1573,990000.0,500000.0,1000000.0,1.01,0.0,False,"Sanctioned amount ₹1,000,000 is 1.01× the peer median ₹990,000 across 1573 comparable works."
WS/MP18134/2025-2026/208996,ND-WRK-1605,Normal/Others,2025-2026,700000.0,1573,990000.0,500000.0,1000000.0,0.71,0.0,False,"Sanctioned amount ₹700,000 is 0.71× the peer median ₹990,000 across 1573 comparable works."
WS/MP18134/2025-2026/208883,ND-WRK-1604,Normal/Others,2025-2026,700000.0,1573,990000.0,500000.0,1000000.0,0.71,0.0,False,"Sanctioned amount ₹700,000 is 0.71× the peer median ₹990,000 across 1573 comparable works."
WS/MP18134/2025-2026/208879,ND-WRK-1603,Normal/Others,2025-2026,700000.0,1573,990000.0,500000.0,1000000.0,0.71,0.0,False,"Sanctioned amount ₹700,000 is 0.71× the peer median ₹990,000 across 1573 comparable works."
WS/MP18134/2025-2026/208876,ND-WRK-1602,Normal/Others,2025-2026,500000.0,1573,990000.0,500000.0,1000000.0,0.51,0.0,False,"Sanctioned amount ₹500,000 is 0.51× the peer median ₹990,000 across 1573 comparable works."
WS/MP18134/2025-2026/208873,ND-WRK-1601,Normal/Others,2025-2026,986613.0,1573,990000.0,500000.0,1000000.0,1.0,0.0,False,"Sanctioned amount ₹986,613 is 1.00× the peer median ₹990,000 across 1573 comparable works."
WS/MP18134/2025-2026/208870,ND-WRK-1600,Normal/Others,2025-2026,1000000.0,1573,990000.0,500000.0,1000000.0,1.01,0.0,False,"Sanctioned amount ₹1,000,000 is 1.01× the peer median ₹990,000 across 1573 comparable works."
WS/MP18134/2025-2026/188614,ND-WRK-1599,Normal/Others,2025-2026,700000.0,1573,990000.0,500000.0,1000000.0,0.71,0.0,False,"Sanctioned amount ₹700,000 is 0.71× the peer median ₹990,000 across 1573 comparable works."
WS/MP18134/2025-2026/188588,ND-WRK-1598,Normal/Others,2025-2026,500000.0,1573,990000.0,500000.0,1000000.0,0.51,0.0,False,"Sanctioned amount ₹500,000 is 0.51× the peer median ₹990,000 across 1573 comparable works."
WS/MP18134/2025-2026/187742,ND-WRK-1597,Normal/Others,2025-2026,500000.0,1573,990000.0,500000.0,1000000.0,0.51,0.0,False,"Sanctioned amount ₹500,000 is 0.51× the peer median ₹990,000 across 1573 comparable works."
WS/MP18134/2025-2026/187740,ND-WRK-1596,Normal/Others,2025-2026,500000.0,1573,990000.0,500000.0,1000000.0,0.51,0.0,False,"Sanctioned amount ₹500,000 is 0.51× the peer median ₹990,000 across 1573 comparable works."
WS/MP18134/2025-2026/187695,ND-WRK-1595,Normal/Others,2025-2026,700000.0,1573,990000.0,500000.0,1000000.0,0.71,0.0,False,"Sanctioned amount ₹700,000 is 0.71× the peer median ₹990,000 across 1573 comparable works."
WS/MP18134/2025-2026/186877,ND-WRK-1594,Normal/Others,2025-2026,500000.0,1573,990000.0,500000.0,1000000.0,0.51,0.0,False,"Sanctioned amount ₹500,000 is 0.51× the peer median ₹990,000 across 1573 comparable works."
WS/MP18134/2025-2026/186640,ND-WRK-1593,Normal/Others,2025-2026,500000.0,1573,990000.0,500000.0,1000000.0,0.51,0.0,False,"Sanctioned amount ₹500,000 is 0.51× the peer median ₹990,000 across 1573 comparable works."
WS/MP18134/2025-2026/186606,ND-WRK-1592,Normal/Others,2025-2026,800000.0,1573,990000.0,500000.0,1000000.0,0.81,0.0,False,"Sanctioned amount ₹800,000 is 0.81× the peer median ₹990,000 across 1573 comparable works."
WS/MP18134/2025-2026/186603,ND-WRK-1591,Normal/Others,2025-2026,500000.0,1573,990000.0,500000.0,1000000.0,0.51,0.0,False,"Sanctioned amount ₹500,000 is 0.51× the peer median ₹990,000 across 1573 comparable works."
WS/MP18134/2025-2026/246099,ND-WRK-1622,Normal/Others,2025-2026,1000000.0,1573,990000.0,500000.0,1000000.0,1.01,0.0,False,"Sanctioned amount ₹1,000,000 is 1.01× the peer median ₹990,000 across 1573 comparable works."
WS/MP18134/2025-2026/246098,ND-WRK-1621,Normal/Others,2025-2026,1000000.0,1573,990000.0,500000.0,1000000.0,1.01,0.0,False,"Sanctioned amount ₹1,000,000 is 1.01× the peer median ₹990,000 across 1573 comparable works."
WS/MP18134/2025-2026/246097,ND-WRK-1620,Normal/Others,2025-2026,1000000.0,1573,990000.0,500000.0,1000000.0,1.01,0.0,False,"Sanctioned amount ₹1,000,000 is 1.01× the peer median ₹990,000 across 1573 comparable works."
WS/MP18134/2025-2026/246095,ND-WRK-1619,Normal/Others,2025-2026,1000000.0,1573,990000.0,500000.0,1000000.0,1.01,0.0,False,"Sanctioned amount ₹1,000,000 is 1.01× the peer median ₹990,000 across 1573 comparable works."
WS/MP18134/2025-2026/246093,ND-WRK-1618,Normal/Others,2025-2026,700000.0,1573,990000.0,500000.0,1000000.0,0.71,0.0,False,"Sanctioned amount ₹700,000 is 0.71× the peer median ₹990,000 across 1573 comparable works."
WS/MP18134/2025-2026/246059,ND-WRK-1617,Normal/Others,2025-2026,700000.0,1573,990000.0,500000.0,1000000.0,0.71,0.0,False,"Sanctioned amount ₹700,000 is 0.71× the peer median ₹990,000 across 1573 comparable works."
WS/MP18134/2025-2026/246039,ND-WRK-1616,Normal/Others,2025-2026,497764.0,1573,990000.0,500000.0,1000000.0,0.5,0.0,False,"Sanctioned amount ₹497,764 is 0.50× the peer median ₹990,000 across 1573 comparable works."
WS/MP18134/2025-2026/246037,ND-WRK-1615,Normal/Others,2025-2026,1000000.0,1573,990000.0,500000.0,1000000.0,1.01,0.0,False,"Sanctioned amount ₹1,000,000 is 1.01× the peer median ₹990,000 across 1573 comparable works."
WS/MP18134/2025-2026/246029,ND-WRK-1614,Normal/Others,2025-2026,1000000.0,1573,990000.0,500000.0,1000000.0,1.01,0.0,False,"Sanctioned amount ₹1,000,000 is 1.01× the peer median ₹990,000 across 1573 comparable works."
WS/MP18134/2025-2026/246023,ND-WRK-1613,Normal/Others,2025-2026,700000.0,1573,990000.0,500000.0,1000000.0,0.71,0.0,False,"Sanctioned amount ₹700,000 is 0.71× the peer median ₹990,000 across 1573 comparable works."
WS/MP18134/2025-2026/245987,ND-WRK-1612,Normal/Others,2025-2026,700000.0,1573,990000.0,500000.0,1000000.0,0.71,0.0,False,"Sanctioned amount ₹700,000 is 0.71× the peer median ₹990,000 across 1573 comparable works."
WS/MP18134/2025-2026/245985,ND-WRK-1611,Normal/Others,2025-2026,700000.0,1573,990000.0,500000.0,1000000.0,0.71,0.0,False,"Sanctioned amount ₹700,000 is 0.71× the peer median ₹990,000 across 1573 comparable works."
WS/MP18134/2025-2026/245972,ND-WRK-1610,Normal/Others,2025-2026,1000000.0,1573,990000.0,500000.0,1000000.0,1.01,0.0,False,"Sanctioned amount ₹1,000,000 is 1.01× the peer median ₹990,000 across 1573 comparable works."
WS/MP18134/2025-2026/245965,ND-WRK-1609,Normal/Others,2025-2026,700000.0,1573,990000.0,500000.0,1000000.0,0.71,0.0,False,"Sanctioned amount ₹700,000 is 0.71× the peer median ₹990,000 across 1573 comparable works."
WS/MP18134/2025-2026/245958,ND-WRK-1608,Normal/Others,2025-2026,1000000.0,1573,990000.0,500000.0,1000000.0,1.01,0.0,False,"Sanctioned amount ₹1,000,000 is 1.01× the peer median ₹990,000 across 1573 comparable works."
WS/MP18134/2025-2026/245261,ND-WRK-1607,Normal/Others,2025-2026,700000.0,1573,990000.0,500000.0,1000000.0,0.71,0.0,False,"Sanctioned amount ₹700,000 is 0.71× the peer median ₹990,000 across 1573 comparable works."
WS/MP18134/2026-2027/246123,ND-WRK-1638,Normal/Others,2026-2027,700000.0,683,1000000.0,700000.0,1000000.0,0.7,0.0,False,"Sanctioned amount ₹700,000 is 0.70× the peer median ₹1,000,000 across 683 comparable works."
WS/MP18134/2026-2027/246070,ND-WRK-1637,Normal/Others,2026-2027,1000000.0,683,1000000.0,700000.0,1000000.0,1.0,0.0,False,"Sanctioned amount ₹1,000,000 is 1.00× the peer median ₹1,000,000 across 683 comparable works."
WS/MP18134/2026-2027/246056,ND-WRK-1636,Normal/Others,2026-2027,700000.0,683,1000000.0,700000.0,1000000.0,0.7,0.0,False,"Sanctioned amount ₹700,000 is 0.70× the peer median ₹1,000,000 across 683 comparable works."
WS/MP18134/2026-2027/246002,ND-WRK-1635,Normal/Others,2026-2027,700000.0,683,1000000.0,700000.0,1000000.0,0.7,0.0,False,"Sanctioned amount ₹700,000 is 0.70× the peer median ₹1,000,000 across 683 comparable works."
WS/MP18134/2026-2027/245975,ND-WRK-1634,Normal/Others,2026-2027,700000.0,683,1000000.0,700000.0,1000000.0,0.7,0.0,False,"Sanctioned amount ₹700,000 is 0.70× the peer median ₹1,000,000 across 683 comparable works."
WS/MP18134/2026-2027/237134,ND-WRK-1633,Normal/Others,2026-2027,500000.0,683,1000000.0,700000.0,1000000.0,0.5,0.0,False,"Sanctioned amount ₹500,000 is 0.50× the peer median ₹1,000,000 across 683 comparable works."
WS/MP18134/2026-2027/209288,ND-WRK-1632,Normal/Others,2026-2027,1000000.0,683,1000000.0,700000.0,1000000.0,1.0,0.0,False,"Sanctioned amount ₹1,000,000 is 1.00× the peer median ₹1,000,000 across 683 comparable works."
WS/MP18134/2026-2027/181726,ND-WRK-1631,Normal/Others,2026-2027,500000.0,683,1000000.0,700000.0,1000000.0,0.5,0.0,False,"Sanctioned amount ₹500,000 is 0.50× the peer median ₹1,000,000 across 683 comparable works."
WS/MP18134/2026-2027/179432,ND-WRK-1630,Normal/Others,2026-2027,1000000.0,683,1000000.0,700000.0,1000000.0,1.0,0.0,False,"Sanctioned amount ₹1,000,000 is 1.00× the peer median ₹1,000,000 across 683 comparable works."
WS/MP18134/2025-2026/251210,ND-WRK-1629,Normal/Others,2025-2026,1000000.0,1573,990000.0,500000.0,1000000.0,1.01,0.0,False,"Sanctioned amount ₹1,000,000 is 1.01× the peer median ₹990,000 across 1573 comparable works."
WS/MP18134/2025-2026/248372,ND-WRK-1628,Normal/Others,2025-2026,500000.0,1573,990000.0,500000.0,1000000.0,0.51,0.0,False,"Sanctioned amount ₹500,000 is 0.51× the peer median ₹990,000 across 1573 comparable works."
WS/MP18134/2025-2026/248348,ND-WRK-1627,Trust and Society,2025-2026,1000000.0,17,1000000.0,1000000.0,2500000.0,1.0,0.0,False,"Sanctioned amount ₹1,000,000 is 1.00× the peer median ₹1,000,000 across 17 comparable works."
WS/MP18134/2025-2026/248252,ND-WRK-1626,Normal/Others,2025-2026,1000000.0,1573,990000.0,500000.0,1000000.0,1.01,0.0,False,"Sanctioned amount ₹1,000,000 is 1.01× the peer median ₹990,000 across 1573 comparable works."
WS/MP18134/2025-2026/247447,ND-WRK-1625,Normal/Others,2025-2026,999560.0,1573,990000.0,500000.0,1000000.0,1.01,0.0,False,"Sanctioned amount ₹999,560 is 1.01× the peer median ₹990,000 across 1573 comparable works."
WS/MP18134/2025-2026/246124,ND-WRK-1624,Normal/Others,2025-2026,1000000.0,1573,990000.0,500000.0,1000000.0,1.01,0.0,False,"Sanctioned amount ₹1,000,000 is 1.01× the peer median ₹990,000 across 1573 comparable works."
WS/MP18134/2025-2026/246122,ND-WRK-1623,Normal/Others,2025-2026,700000.0,1573,990000.0,500000.0,1000000.0,0.71,0.0,False,"Sanctioned amount ₹700,000 is 0.71× the peer median ₹990,000 across 1573 comparable works."
WS/MP18136/2025-2026/165694,ND-WRK-1655,Normal/Others,2025-2026,1200000.0,1573,990000.0,500000.0,1000000.0,1.21,0.0,False,"Sanctioned amount ₹1,200,000 is 1.21× the peer median ₹990,000 across 1573 comparable works."
WS/MP18136/2025-2026/165692,ND-WRK-1654,Normal/Others,2025-2026,950000.0,1573,990000.0,500000.0,1000000.0,0.96,0.0,False,"Sanctioned amount ₹950,000 is 0.96× the peer median ₹990,000 across 1573 comparable works."
WS/MP18136/2025-2026/165244,ND-WRK-1653,Normal/Others,2025-2026,600000.0,1573,990000.0,500000.0,1000000.0,0.61,0.0,False,"Sanctioned amount ₹600,000 is 0.61× the peer median ₹990,000 across 1573 comparable works."
WS/MP18136/2025-2026/165243,ND-WRK-1652,Normal/Others,2025-2026,750000.0,1573,990000.0,500000.0,1000000.0,0.76,0.0,False,"Sanctioned amount ₹750,000 is 0.76× the peer median ₹990,000 across 1573 comparable works."
WS/MP18136/2025-2026/165242,ND-WRK-1651,Normal/Others,2025-2026,250000.0,1573,990000.0,500000.0,1000000.0,0.25,0.0,False,"Sanctioned amount ₹250,000 is 0.25× the peer median ₹990,000 across 1573 comparable works."
WS/MP18136/2025-2026/165241,ND-WRK-1650,Normal/Others,2025-2026,700000.0,1573,990000.0,500000.0,1000000.0,0.71,0.0,False,"Sanctioned amount ₹700,000 is 0.71× the peer median ₹990,000 across 1573 comparable works."
WS/MP18136/2025-2026/165240,ND-WRK-1649,Normal/Others,2025-2026,1000000.0,1573,990000.0,500000.0,1000000.0,1.01,0.0,False,"Sanctioned amount ₹1,000,000 is 1.01× the peer median ₹990,000 across 1573 comparable works."
WS/MP18136/2025-2026/165206,ND-WRK-1647,Normal/Others,2025-2026,696431.0,1573,990000.0,500000.0,1000000.0,0.7,0.0,False,"Sanctioned amount ₹696,431 is 0.70× the peer median ₹990,000 across 1573 comparable works."
WS/MP18136/2025-2026/165205,ND-WRK-1646,Normal/Others,2025-2026,547388.0,1573,990000.0,500000.0,1000000.0,0.55,0.0,False,"Sanctioned amount ₹547,388 is 0.55× the peer median ₹990,000 across 1573 comparable works."
WS/MP18134/2026-2027/267033,ND-WRK-1645,Normal/Others,2026-2027,1000000.0,683,1000000.0,700000.0,1000000.0,1.0,0.0,False,"Sanctioned amount ₹1,000,000 is 1.00× the peer median ₹1,000,000 across 683 comparable works."
WS/MP18134/2026-2027/266317,ND-WRK-1644,Normal/Others,2026-2027,1000000.0,683,1000000.0,700000.0,1000000.0,1.0,0.0,False,"Sanctioned amount ₹1,000,000 is 1.00× the peer median ₹1,000,000 across 683 comparable works."
WS/MP18134/2026-2027/260736,ND-WRK-1643,Normal/Others,2026-2027,1000000.0,683,1000000.0,700000.0,1000000.0,1.0,0.0,False,"Sanctioned amount ₹1,000,000 is 1.00× the peer median ₹1,000,000 across 683 comparable works."
WS/MP18134/2026-2027/258956,ND-WRK-1642,Normal/Others,2026-2027,1000000.0,683,1000000.0,700000.0,1000000.0,1.0,0.0,False,"Sanctioned amount ₹1,000,000 is 1.00× the peer median ₹1,000,000 across 683 comparable works."
WS/MP18134/2026-2027/256425,ND-WRK-1641,Normal/Others,2026-2027,700000.0,683,1000000.0,700000.0,1000000.0,0.7,0.0,False,"Sanctioned amount ₹700,000 is 0.70× the peer median ₹1,000,000 across 683 comparable works."
WS/MP18134/2026-2027/247457,ND-WRK-1640,Trust and Society,2026-2027,1000000.0,4,,,,,0.0,False,Insufficient comparable works: 4 peers.
WS/MP18134/2026-2027/247446,ND-WRK-1639,Normal/Others,2026-2027,1000000.0,683,1000000.0,700000.0,1000000.0,1.0,0.0,False,"Sanctioned amount ₹1,000,000 is 1.00× the peer median ₹1,000,000 across 683 comparable works."
WS/MP18136/2025-2026/185988,ND-WRK-1671,Normal/Others,2025-2026,1000000.0,1573,990000.0,500000.0,1000000.0,1.01,0.0,False,"Sanctioned amount ₹1,000,000 is 1.01× the peer median ₹990,000 across 1573 comparable works."
WS/MP18136/2025-2026/185987,ND-WRK-1670,Normal/Others,2025-2026,991645.0,1573,990000.0,500000.0,1000000.0,1.0,0.0,False,"Sanctioned amount ₹991,645 is 1.00× the peer median ₹990,000 across 1573 comparable works."
WS/MP18136/2025-2026/185986,ND-WRK-1669,Normal/Others,2025-2026,999932.0,1573,990000.0,500000.0,1000000.0,1.01,0.0,False,"Sanctioned amount ₹999,932 is 1.01× the peer median ₹990,000 across 1573 comparable works."
WS/MP18136/2025-2026/185985,ND-WRK-1668,Normal/Others,2025-2026,999971.0,1573,990000.0,500000.0,1000000.0,1.01,0.0,False,"Sanctioned amount ₹999,971 is 1.01× the peer median ₹990,000 across 1573 comparable works."
WS/MP18136/2025-2026/180113,ND-WRK-1667,Normal/Others,2025-2026,150000.0,1573,990000.0,500000.0,1000000.0,0.15,0.0,False,"Sanctioned amount ₹150,000 is 0.15× the peer median ₹990,000 across 1573 comparable works."
WS/MP18136/2025-2026/179863,ND-WRK-1666,Normal/Others,2025-2026,999733.0,1573,990000.0,500000.0,1000000.0,1.01,0.0,False,"Sanctioned amount ₹999,733 is 1.01× the peer median ₹990,000 across 1573 comparable works."
WS/MP18136/2025-2026/179022,ND-WRK-1665,Normal/Others,2025-2026,499120.0,1573,990000.0,500000.0,1000000.0,0.5,0.0,False,"Sanctioned amount ₹499,120 is 0.50× the peer median ₹990,000 across 1573 comparable works."
WS/MP18136/2025-2026/179020,ND-WRK-1664,Normal/Others,2025-2026,300000.0,1573,990000.0,500000.0,1000000.0,0.3,0.0,False,"Sanctioned amount ₹300,000 is 0.30× the peer median ₹990,000 across 1573 comparable works."
WS/MP18136/2025-2026/176829,ND-WRK-1663,Normal/Others,2025-2026,700000.0,1573,990000.0,500000.0,1000000.0,0.71,0.0,False,"Sanctioned amount ₹700,000 is 0.71× the peer median ₹990,000 across 1573 comparable works."
WS/MP18136/2025-2026/175623,ND-WRK-1662,Normal/Others,2025-2026,500000.0,1573,990000.0,500000.0,1000000.0,0.51,0.0,False,"Sanctioned amount ₹500,000 is 0.51× the peer median ₹990,000 across 1573 comparable works."
WS/MP18136/2025-2026/167493,ND-WRK-1661,Normal/Others,2025-2026,1000000.0,1573,990000.0,500000.0,1000000.0,1.01,0.0,False,"Sanctioned amount ₹1,000,000 is 1.01× the peer median ₹990,000 across 1573 comparable works."
WS/MP18136/2025-2026/167492,ND-WRK-1660,Normal/Others,2025-2026,700000.0,1573,990000.0,500000.0,1000000.0,0.71,0.0,False,"Sanctioned amount ₹700,000 is 0.71× the peer median ₹990,000 across 1573 comparable works."
WS/MP18136/2025-2026/167491,ND-WRK-1659,Normal/Others,2025-2026,1000000.0,1573,990000.0,500000.0,1000000.0,1.01,0.0,False,"Sanctioned amount ₹1,000,000 is 1.01× the peer median ₹990,000 across 1573 comparable works."
WS/MP18136/2025-2026/167490,ND-WRK-1658,Normal/Others,2025-2026,1000000.0,1573,990000.0,500000.0,1000000.0,1.01,0.0,False,"Sanctioned amount ₹1,000,000 is 1.01× the peer median ₹990,000 across 1573 comparable works."
WS/MP18136/2025-2026/167489,ND-WRK-1657,Normal/Others,2025-2026,1000000.0,1573,990000.0,500000.0,1000000.0,1.01,0.0,False,"Sanctioned amount ₹1,000,000 is 1.01× the peer median ₹990,000 across 1573 comparable works."
WS/MP18136/2025-2026/167487,ND-WRK-1656,Normal/Others,2025-2026,1000000.0,1573,990000.0,500000.0,1000000.0,1.01,0.0,False,"Sanctioned amount ₹1,000,000 is 1.01× the peer median ₹990,000 across 1573 comparable works."
WS/MP18136/2026-2027/195297,ND-WRK-1688,Normal/Others,2026-2027,500000.0,683,1000000.0,700000.0,1000000.0,0.5,0.0,False,"Sanctioned amount ₹500,000 is 0.50× the peer median ₹1,000,000 across 683 comparable works."
WS/MP18136/2026-2027/195295,ND-WRK-1687,Normal/Others,2026-2027,499100.0,683,1000000.0,700000.0,1000000.0,0.5,0.0,False,"Sanctioned amount ₹499,100 is 0.50× the peer median ₹1,000,000 across 683 comparable works."
WS/MP18136/2026-2027/195294,ND-WRK-1686,Normal/Others,2026-2027,499815.0,683,1000000.0,700000.0,1000000.0,0.5,0.0,False,"Sanctioned amount ₹499,815 is 0.50× the peer median ₹1,000,000 across 683 comparable works."
WS/MP18136/2026-2027/195293,ND-WRK-1685,Normal/Others,2026-2027,400000.0,683,1000000.0,700000.0,1000000.0,0.4,0.0,False,"Sanctioned amount ₹400,000 is 0.40× the peer median ₹1,000,000 across 683 comparable works."
WS/MP18136/2026-2027/195290,ND-WRK-1684,Normal/Others,2026-2027,1000000.0,683,1000000.0,700000.0,1000000.0,1.0,0.0,False,"Sanctioned amount ₹1,000,000 is 1.00× the peer median ₹1,000,000 across 683 comparable works."
WS/MP18136/2026-2027/195289,ND-WRK-1683,Normal/Others,2026-2027,400000.0,683,1000000.0,700000.0,1000000.0,0.4,0.0,False,"Sanctioned amount ₹400,000 is 0.40× the peer median ₹1,000,000 across 683 comparable works."
WS/MP18136/2026-2027/195110,ND-WRK-1682,Normal/Others,2026-2027,1000000.0,683,1000000.0,700000.0,1000000.0,1.0,0.0,False,"Sanctioned amount ₹1,000,000 is 1.00× the peer median ₹1,000,000 across 683 comparable works."
WS/MP18136/2026-2027/195063,ND-WRK-1681,Normal/Others,2026-2027,500000.0,683,1000000.0,700000.0,1000000.0,0.5,0.0,False,"Sanctioned amount ₹500,000 is 0.50× the peer median ₹1,000,000 across 683 comparable works."
WS/MP18136/2025-2026/218115,ND-WRK-1679,Normal/Others,2025-2026,1000000.0,1573,990000.0,500000.0,1000000.0,1.01,0.0,False,"Sanctioned amount ₹1,000,000 is 1.01× the peer median ₹990,000 across 1573 comparable works."
WS/MP18136/2025-2026/216856,ND-WRK-1678,Normal/Others,2025-2026,995210.0,1573,990000.0,500000.0,1000000.0,1.01,0.0,False,"Sanctioned amount ₹995,210 is 1.01× the peer median ₹990,000 across 1573 comparable works."
WS/MP18136/2025-2026/204530,ND-WRK-1677,Normal/Others,2025-2026,1000000.0,1573,990000.0,500000.0,1000000.0,1.01,0.0,False,"Sanctioned amount ₹1,000,000 is 1.01× the peer median ₹990,000 across 1573 comparable works."
WS/MP18136/2025-2026/204528,ND-WRK-1676,Normal/Others,2025-2026,96400.0,1573,990000.0,500000.0,1000000.0,0.1,0.0,False,"Sanctioned amount ₹96,400 is 0.10× the peer median ₹990,000 across 1573 comparable works."
WS/MP18136/2025-2026/204527,ND-WRK-1675,Normal/Others,2025-2026,96400.0,1573,990000.0,500000.0,1000000.0,0.1,0.0,False,"Sanctioned amount ₹96,400 is 0.10× the peer median ₹990,000 across 1573 comparable works."
WS/MP18136/2025-2026/199769,ND-WRK-1674,Normal/Others,2025-2026,999492.0,1573,990000.0,500000.0,1000000.0,1.01,0.0,False,"Sanctioned amount ₹999,492 is 1.01× the peer median ₹990,000 across 1573 comparable works."
WS/MP18136/2025-2026/195313,ND-WRK-1673,Normal/Others,2025-2026,999959.0,1573,990000.0,500000.0,1000000.0,1.01,0.0,False,"Sanctioned amount ₹999,959 is 1.01× the peer median ₹990,000 across 1573 comparable works."
WS/MP18136/2025-2026/186384,ND-WRK-1672,Normal/Others,2025-2026,999974.0,1573,990000.0,500000.0,1000000.0,1.01,0.0,False,"Sanctioned amount ₹999,974 is 1.01× the peer median ₹990,000 across 1573 comparable works."
WS/MP18258/2025-2026/183824,ND-WRK-1705,Normal/Others,2025-2026,1000000.0,1573,990000.0,500000.0,1000000.0,1.01,0.0,False,"Sanctioned amount ₹1,000,000 is 1.01× the peer median ₹990,000 across 1573 comparable works."
WS/MP18258/2025-2026/183816,ND-WRK-1704,Normal/Others,2025-2026,500000.0,1573,990000.0,500000.0,1000000.0,0.51,0.0,False,"Sanctioned amount ₹500,000 is 0.51× the peer median ₹990,000 across 1573 comparable works."
WS/MP18258/2025-2026/183814,ND-WRK-1703,Normal/Others,2025-2026,1000000.0,1573,990000.0,500000.0,1000000.0,1.01,0.0,False,"Sanctioned amount ₹1,000,000 is 1.01× the peer median ₹990,000 across 1573 comparable works."
WS/MP18258/2025-2026/164630,ND-WRK-1702,Normal/Others,2025-2026,500000.0,1573,990000.0,500000.0,1000000.0,0.51,0.0,False,"Sanctioned amount ₹500,000 is 0.51× the peer median ₹990,000 across 1573 comparable works."
WS/MP18110/2025-2026/209777,ND-WRK-0007,Normal/Others,2025-2026,1474746.0,1573,990000.0,500000.0,1000000.0,1.49,0.0,False,"Sanctioned amount ₹1,474,746 is 1.49× the peer median ₹990,000 across 1573 comparable works."
WS/MP18136/2026-2027/277783,ND-WRK-1699,Normal/Others,2026-2027,1000000.0,683,1000000.0,700000.0,1000000.0,1.0,0.0,False,"Sanctioned amount ₹1,000,000 is 1.00× the peer median ₹1,000,000 across 683 comparable works."
WS/MP18136/2026-2027/273905,ND-WRK-1698,Normal/Others,2026-2027,899000.0,683,1000000.0,700000.0,1000000.0,0.9,0.0,False,"Sanctioned amount ₹899,000 is 0.90× the peer median ₹1,000,000 across 683 comparable works."
WS/MP18136/2026-2027/257200,ND-WRK-1697,Normal/Others,2026-2027,999600.0,683,1000000.0,700000.0,1000000.0,1.0,0.0,False,"Sanctioned amount ₹999,600 is 1.00× the peer median ₹1,000,000 across 683 comparable works."
WS/MP18136/2026-2027/231461,ND-WRK-1696,Normal/Others,2026-2027,700000.0,683,1000000.0,700000.0,1000000.0,0.7,0.0,False,"Sanctioned amount ₹700,000 is 0.70× the peer median ₹1,000,000 across 683 comparable works."
WS/MP18136/2026-2027/211192,ND-WRK-1695,Normal/Others,2026-2027,500000.0,683,1000000.0,700000.0,1000000.0,0.5,0.0,False,"Sanctioned amount ₹500,000 is 0.50× the peer median ₹1,000,000 across 683 comparable works."
WS/MP18136/2026-2027/204526,ND-WRK-1694,Normal/Others,2026-2027,1000000.0,683,1000000.0,700000.0,1000000.0,1.0,0.0,False,"Sanctioned amount ₹1,000,000 is 1.00× the peer median ₹1,000,000 across 683 comparable works."
WS/MP18136/2026-2027/199775,ND-WRK-1693,Normal/Others,2026-2027,500000.0,683,1000000.0,700000.0,1000000.0,0.5,0.0,False,"Sanctioned amount ₹500,000 is 0.50× the peer median ₹1,000,000 across 683 comparable works."
WS/MP18136/2026-2027/195303,ND-WRK-1692,Normal/Others,2026-2027,699972.0,683,1000000.0,700000.0,1000000.0,0.7,0.0,False,"Sanctioned amount ₹699,972 is 0.70× the peer median ₹1,000,000 across 683 comparable works."
WS/MP18136/2026-2027/195302,ND-WRK-1691,Normal/Others,2026-2027,400000.0,683,1000000.0,700000.0,1000000.0,0.4,0.0,False,"Sanctioned amount ₹400,000 is 0.40× the peer median ₹1,000,000 across 683 comparable works."
WS/MP18136/2026-2027/195300,ND-WRK-1690,Normal/Others,2026-2027,500000.0,683,1000000.0,700000.0,1000000.0,0.5,0.0,False,"Sanctioned amount ₹500,000 is 0.50× the peer median ₹1,000,000 across 683 comparable works."
WS/MP18136/2026-2027/195298,ND-WRK-1689,Normal/Others,2026-2027,500000.0,683,1000000.0,700000.0,1000000.0,0.5,0.0,False,"Sanctioned amount ₹500,000 is 0.50× the peer median ₹1,000,000 across 683 comparable works."
WS/MP18280/2025-2026/173644,ND-WRK-1722,Normal/Others,2025-2026,1000000.0,1573,990000.0,500000.0,1000000.0,1.01,0.0,False,"Sanctioned amount ₹1,000,000 is 1.01× the peer median ₹990,000 across 1573 comparable works."
WS/MP18280/2025-2026/173643,ND-WRK-1721,Normal/Others,2025-2026,1000000.0,1573,990000.0,500000.0,1000000.0,1.01,0.0,False,"Sanctioned amount ₹1,000,000 is 1.01× the peer median ₹990,000 across 1573 comparable works."
WS/MP18280/2025-2026/173642,ND-WRK-1720,Normal/Others,2025-2026,1000000.0,1573,990000.0,500000.0,1000000.0,1.01,0.0,False,"Sanctioned amount ₹1,000,000 is 1.01× the peer median ₹990,000 across 1573 comparable works."
WS/MP18280/2025-2026/172259,ND-WRK-1719,Normal/Others,2025-2026,1000000.0,1573,990000.0,500000.0,1000000.0,1.01,0.0,False,"Sanctioned amount ₹1,000,000 is 1.01× the peer median ₹990,000 across 1573 comparable works."
WS/MP18280/2025-2026/172258,ND-WRK-1718,Normal/Others,2025-2026,1000000.0,1573,990000.0,500000.0,1000000.0,1.01,0.0,False,"Sanctioned amount ₹1,000,000 is 1.01× the peer median ₹990,000 across 1573 comparable works."
WS/MP18280/2025-2026/162290,ND-WRK-1717,Normal/Others,2025-2026,220000.0,1573,990000.0,500000.0,1000000.0,0.22,0.0,False,"Sanctioned amount ₹220,000 is 0.22× the peer median ₹990,000 across 1573 comparable works."
WS/MP18258/2026-2027/245999,ND-WRK-1716,Normal/Others,2026-2027,1000000.0,683,1000000.0,700000.0,1000000.0,1.0,0.0,False,"Sanctioned amount ₹1,000,000 is 1.00× the peer median ₹1,000,000 across 683 comparable works."
WS/MP18258/2026-2027/183905,ND-WRK-1715,Normal/Others,2026-2027,1000000.0,683,1000000.0,700000.0,1000000.0,1.0,0.0,False,"Sanctioned amount ₹1,000,000 is 1.00× the peer median ₹1,000,000 across 683 comparable works."
WS/MP18110/2025-2026/209778,ND-WRK-0008,Normal/Others,2025-2026,1500000.0,1573,990000.0,500000.0,1000000.0,1.52,0.0,False,"Sanctioned amount ₹1,500,000 is 1.52× the peer median ₹990,000 across 1573 comparable works."
WS/MP18258/2026-2027/183811,ND-WRK-1712,Normal/Others,2026-2027,1000000.0,683,1000000.0,700000.0,1000000.0,1.0,0.0,False,"Sanctioned amount ₹1,000,000 is 1.00× the peer median ₹1,000,000 across 683 comparable works."
WS/MP18110/2026-2027/263941,ND-WRK-0028,Normal/Others,2026-2027,1000000.0,683,1000000.0,700000.0,1000000.0,1.0,0.0,False,"Sanctioned amount ₹1,000,000 is 1.00× the peer median ₹1,000,000 across 683 comparable works."
WS/MP18258/2026-2027/183802,ND-WRK-1710,Normal/Others,2026-2027,1000000.0,683,1000000.0,700000.0,1000000.0,1.0,0.0,False,"Sanctioned amount ₹1,000,000 is 1.00× the peer median ₹1,000,000 across 683 comparable works."
WS/MP692/2026-2027/183473,ND-WRK-2409,Normal/Others,2026-2027,500000.0,683,1000000.0,700000.0,1000000.0,0.5,0.0,False,"Sanctioned amount ₹500,000 is 0.50× the peer median ₹1,000,000 across 683 comparable works."
WS/MP692/2025-2026/183624,ND-WRK-2399,Normal/Others,2025-2026,995586.0,1573,990000.0,500000.0,1000000.0,1.01,0.0,False,"Sanctioned amount ₹995,586 is 1.01× the peer median ₹990,000 across 1573 comparable works."
WS/MP18258/2025-2026/183960,ND-WRK-1707,Normal/Others,2025-2026,1149003.0,1573,990000.0,500000.0,1000000.0,1.16,0.0,False,"Sanctioned amount ₹1,149,003 is 1.16× the peer median ₹990,000 across 1573 comparable works."
WS/MP692/2025-2026/183620,ND-WRK-2398,Normal/Others,2025-2026,500000.0,1573,990000.0,500000.0,1000000.0,0.51,0.0,False,"Sanctioned amount ₹500,000 is 0.51× the peer median ₹990,000 across 1573 comparable works."
WS/MP18280/2025-2026/186717,ND-WRK-1738,Normal/Others,2025-2026,220000.0,1573,990000.0,500000.0,1000000.0,0.22,0.0,False,"Sanctioned amount ₹220,000 is 0.22× the peer median ₹990,000 across 1573 comparable works."
WS/MP18280/2025-2026/186716,ND-WRK-1737,Normal/Others,2025-2026,220000.0,1573,990000.0,500000.0,1000000.0,0.22,0.0,False,"Sanctioned amount ₹220,000 is 0.22× the peer median ₹990,000 across 1573 comparable works."
WS/MP18280/2025-2026/186715,ND-WRK-1736,Normal/Others,2025-2026,220000.0,1573,990000.0,500000.0,1000000.0,0.22,0.0,False,"Sanctioned amount ₹220,000 is 0.22× the peer median ₹990,000 across 1573 comparable works."
WS/MP18280/2025-2026/186714,ND-WRK-1735,Normal/Others,2025-2026,220000.0,1573,990000.0,500000.0,1000000.0,0.22,0.0,False,"Sanctioned amount ₹220,000 is 0.22× the peer median ₹990,000 across 1573 comparable works."
WS/MP18280/2025-2026/186713,ND-WRK-1734,Normal/Others,2025-2026,220000.0,1573,990000.0,500000.0,1000000.0,0.22,0.0,False,"Sanctioned amount ₹220,000 is 0.22× the peer median ₹990,000 across 1573 comparable works."
WS/MP18280/2025-2026/186712,ND-WRK-1733,Normal/Others,2025-2026,220000.0,1573,990000.0,500000.0,1000000.0,0.22,0.0,False,"Sanctioned amount ₹220,000 is 0.22× the peer median ₹990,000 across 1573 comparable works."
WS/MP18280/2025-2026/186639,ND-WRK-1732,Normal/Others,2025-2026,220000.0,1573,990000.0,500000.0,1000000.0,0.22,0.0,False,"Sanctioned amount ₹220,000 is 0.22× the peer median ₹990,000 across 1573 comparable works."
WS/MP18280/2025-2026/186638,ND-WRK-1731,Normal/Others,2025-2026,220000.0,1573,990000.0,500000.0,1000000.0,0.22,0.0,False,"Sanctioned amount ₹220,000 is 0.22× the peer median ₹990,000 across 1573 comparable works."
WS/MP18280/2025-2026/186637,ND-WRK-1730,Normal/Others,2025-2026,220000.0,1573,990000.0,500000.0,1000000.0,0.22,0.0,False,"Sanctioned amount ₹220,000 is 0.22× the peer median ₹990,000 across 1573 comparable works."
WS/MP18280/2025-2026/186636,ND-WRK-1729,Normal/Others,2025-2026,220000.0,1573,990000.0,500000.0,1000000.0,0.22,0.0,False,"Sanctioned amount ₹220,000 is 0.22× the peer median ₹990,000 across 1573 comparable works."
WS/MP18280/2025-2026/185072,ND-WRK-1728,Normal/Others,2025-2026,220000.0,1573,990000.0,500000.0,1000000.0,0.22,0.0,False,"Sanctioned amount ₹220,000 is 0.22× the peer median ₹990,000 across 1573 comparable works."
WS/MP18280/2025-2026/185071,ND-WRK-1727,Normal/Others,2025-2026,220000.0,1573,990000.0,500000.0,1000000.0,0.22,0.0,False,"Sanctioned amount ₹220,000 is 0.22× the peer median ₹990,000 across 1573 comparable works."
WS/MP18280/2025-2026/185070,ND-WRK-1726,Normal/Others,2025-2026,220000.0,1573,990000.0,500000.0,1000000.0,0.22,0.0,False,"Sanctioned amount ₹220,000 is 0.22× the peer median ₹990,000 across 1573 comparable works."
WS/MP18280/2025-2026/173682,ND-WRK-1725,Normal/Others,2025-2026,1000000.0,1573,990000.0,500000.0,1000000.0,1.01,0.0,False,"Sanctioned amount ₹1,000,000 is 1.01× the peer median ₹990,000 across 1573 comparable works."
WS/MP18280/2025-2026/173646,ND-WRK-1724,Normal/Others,2025-2026,1000000.0,1573,990000.0,500000.0,1000000.0,1.01,0.0,False,"Sanctioned amount ₹1,000,000 is 1.01× the peer median ₹990,000 across 1573 comparable works."
WS/MP18280/2025-2026/173645,ND-WRK-1723,Normal/Others,2025-2026,1000000.0,1573,990000.0,500000.0,1000000.0,1.01,0.0,False,"Sanctioned amount ₹1,000,000 is 1.01× the peer median ₹990,000 across 1573 comparable works."
WS/MP18280/2025-2026/186972,ND-WRK-1754,Normal/Others,2025-2026,220000.0,1573,990000.0,500000.0,1000000.0,0.22,0.0,False,"Sanctioned amount ₹220,000 is 0.22× the peer median ₹990,000 across 1573 comparable works."
WS/MP18280/2025-2026/186971,ND-WRK-1753,Normal/Others,2025-2026,220000.0,1573,990000.0,500000.0,1000000.0,0.22,0.0,False,"Sanctioned amount ₹220,000 is 0.22× the peer median ₹990,000 across 1573 comparable works."
WS/MP18280/2025-2026/186969,ND-WRK-1752,Normal/Others,2025-2026,220000.0,1573,990000.0,500000.0,1000000.0,0.22,0.0,False,"Sanctioned amount ₹220,000 is 0.22× the peer median ₹990,000 across 1573 comparable works."
WS/MP18280/2025-2026/186968,ND-WRK-1751,Normal/Others,2025-2026,220000.0,1573,990000.0,500000.0,1000000.0,0.22,0.0,False,"Sanctioned amount ₹220,000 is 0.22× the peer median ₹990,000 across 1573 comparable works."
WS/MP18280/2025-2026/186967,ND-WRK-1750,Normal/Others,2025-2026,220000.0,1573,990000.0,500000.0,1000000.0,0.22,0.0,False,"Sanctioned amount ₹220,000 is 0.22× the peer median ₹990,000 across 1573 comparable works."
WS/MP18280/2025-2026/186966,ND-WRK-1749,Normal/Others,2025-2026,220000.0,1573,990000.0,500000.0,1000000.0,0.22,0.0,False,"Sanctioned amount ₹220,000 is 0.22× the peer median ₹990,000 across 1573 comparable works."
WS/MP18280/2025-2026/186965,ND-WRK-1748,Normal/Others,2025-2026,220000.0,1573,990000.0,500000.0,1000000.0,0.22,0.0,False,"Sanctioned amount ₹220,000 is 0.22× the peer median ₹990,000 across 1573 comparable works."
WS/MP18280/2025-2026/186937,ND-WRK-1747,Normal/Others,2025-2026,220000.0,1573,990000.0,500000.0,1000000.0,0.22,0.0,False,"Sanctioned amount ₹220,000 is 0.22× the peer median ₹990,000 across 1573 comparable works."
WS/MP18280/2025-2026/186936,ND-WRK-1746,Normal/Others,2025-2026,220000.0,1573,990000.0,500000.0,1000000.0,0.22,0.0,False,"Sanctioned amount ₹220,000 is 0.22× the peer median ₹990,000 across 1573 comparable works."
WS/MP18280/2025-2026/186934,ND-WRK-1745,Normal/Others,2025-2026,220000.0,1573,990000.0,500000.0,1000000.0,0.22,0.0,False,"Sanctioned amount ₹220,000 is 0.22× the peer median ₹990,000 across 1573 comparable works."
WS/MP18280/2025-2026/186933,ND-WRK-1744,Normal/Others,2025-2026,220000.0,1573,990000.0,500000.0,1000000.0,0.22,0.0,False,"Sanctioned amount ₹220,000 is 0.22× the peer median ₹990,000 across 1573 comparable works."
WS/MP18280/2025-2026/186932,ND-WRK-1743,Normal/Others,2025-2026,220000.0,1573,990000.0,500000.0,1000000.0,0.22,0.0,False,"Sanctioned amount ₹220,000 is 0.22× the peer median ₹990,000 across 1573 comparable works."
WS/MP18280/2025-2026/186931,ND-WRK-1742,Normal/Others,2025-2026,220000.0,1573,990000.0,500000.0,1000000.0,0.22,0.0,False,"Sanctioned amount ₹220,000 is 0.22× the peer median ₹990,000 across 1573 comparable works."
WS/MP18280/2025-2026/186930,ND-WRK-1741,Normal/Others,2025-2026,220000.0,1573,990000.0,500000.0,1000000.0,0.22,0.0,False,"Sanctioned amount ₹220,000 is 0.22× the peer median ₹990,000 across 1573 comparable works."
WS/MP18280/2025-2026/186929,ND-WRK-1740,Normal/Others,2025-2026,220000.0,1573,990000.0,500000.0,1000000.0,0.22,0.0,False,"Sanctioned amount ₹220,000 is 0.22× the peer median ₹990,000 across 1573 comparable works."
WS/MP18280/2025-2026/186814,ND-WRK-1739,Normal/Others,2025-2026,220000.0,1573,990000.0,500000.0,1000000.0,0.22,0.0,False,"Sanctioned amount ₹220,000 is 0.22× the peer median ₹990,000 across 1573 comparable works."
WS/MP18280/2025-2026/186999,ND-WRK-1770,Normal/Others,2025-2026,220000.0,1573,990000.0,500000.0,1000000.0,0.22,0.0,False,"Sanctioned amount ₹220,000 is 0.22× the peer median ₹990,000 across 1573 comparable works."
WS/MP18280/2025-2026/186998,ND-WRK-1769,Normal/Others,2025-2026,220000.0,1573,990000.0,500000.0,1000000.0,0.22,0.0,False,"Sanctioned amount ₹220,000 is 0.22× the peer median ₹990,000 across 1573 comparable works."
WS/MP18280/2025-2026/186997,ND-WRK-1768,Normal/Others,2025-2026,220000.0,1573,990000.0,500000.0,1000000.0,0.22,0.0,False,"Sanctioned amount ₹220,000 is 0.22× the peer median ₹990,000 across 1573 comparable works."
WS/MP18280/2025-2026/186996,ND-WRK-1767,Normal/Others,2025-2026,220000.0,1573,990000.0,500000.0,1000000.0,0.22,0.0,False,"Sanctioned amount ₹220,000 is 0.22× the peer median ₹990,000 across 1573 comparable works."
WS/MP18280/2025-2026/186995,ND-WRK-1766,Normal/Others,2025-2026,220000.0,1573,990000.0,500000.0,1000000.0,0.22,0.0,False,"Sanctioned amount ₹220,000 is 0.22× the peer median ₹990,000 across 1573 comparable works."
WS/MP18280/2025-2026/186994,ND-WRK-1765,Normal/Others,2025-2026,220000.0,1573,990000.0,500000.0,1000000.0,0.22,0.0,False,"Sanctioned amount ₹220,000 is 0.22× the peer median ₹990,000 across 1573 comparable works."
WS/MP18280/2025-2026/186984,ND-WRK-1764,Normal/Others,2025-2026,220000.0,1573,990000.0,500000.0,1000000.0,0.22,0.0,False,"Sanctioned amount ₹220,000 is 0.22× the peer median ₹990,000 across 1573 comparable works."
WS/MP18280/2025-2026/186983,ND-WRK-1763,Normal/Others,2025-2026,220000.0,1573,990000.0,500000.0,1000000.0,0.22,0.0,False,"Sanctioned amount ₹220,000 is 0.22× the peer median ₹990,000 across 1573 comparable works."
WS/MP18280/2025-2026/186982,ND-WRK-1762,Normal/Others,2025-2026,220000.0,1573,990000.0,500000.0,1000000.0,0.22,0.0,False,"Sanctioned amount ₹220,000 is 0.22× the peer median ₹990,000 across 1573 comparable works."
WS/MP18280/2025-2026/186981,ND-WRK-1761,Normal/Others,2025-2026,220000.0,1573,990000.0,500000.0,1000000.0,0.22,0.0,False,"Sanctioned amount ₹220,000 is 0.22× the peer median ₹990,000 across 1573 comparable works."
WS/MP18280/2025-2026/186979,ND-WRK-1760,Normal/Others,2025-2026,220000.0,1573,990000.0,500000.0,1000000.0,0.22,0.0,False,"Sanctioned amount ₹220,000 is 0.22× the peer median ₹990,000 across 1573 comparable works."
WS/MP18280/2025-2026/186978,ND-WRK-1759,Normal/Others,2025-2026,220000.0,1573,990000.0,500000.0,1000000.0,0.22,0.0,False,"Sanctioned amount ₹220,000 is 0.22× the peer median ₹990,000 across 1573 comparable works."
WS/MP18280/2025-2026/186977,ND-WRK-1758,Normal/Others,2025-2026,220000.0,1573,990000.0,500000.0,1000000.0,0.22,0.0,False,"Sanctioned amount ₹220,000 is 0.22× the peer median ₹990,000 across 1573 comparable works."
WS/MP18280/2025-2026/186976,ND-WRK-1757,Normal/Others,2025-2026,220000.0,1573,990000.0,500000.0,1000000.0,0.22,0.0,False,"Sanctioned amount ₹220,000 is 0.22× the peer median ₹990,000 across 1573 comparable works."
WS/MP18280/2025-2026/186974,ND-WRK-1756,Normal/Others,2025-2026,220000.0,1573,990000.0,500000.0,1000000.0,0.22,0.0,False,"Sanctioned amount ₹220,000 is 0.22× the peer median ₹990,000 across 1573 comparable works."
WS/MP18280/2025-2026/186973,ND-WRK-1755,Normal/Others,2025-2026,220000.0,1573,990000.0,500000.0,1000000.0,0.22,0.0,False,"Sanctioned amount ₹220,000 is 0.22× the peer median ₹990,000 across 1573 comparable works."
WS/MP18112/2024-2025/136967,ND-WRK-0155,Normal/Others,2024-2025,1200000.0,121,999600.0,700000.0,1000000.0,1.2,0.0,False,"Sanctioned amount ₹1,200,000 is 1.20× the peer median ₹999,600 across 121 comparable works."
WS/MP18112/2024-2025/136716,ND-WRK-0154,Normal/Others,2024-2025,1000000.0,121,999600.0,700000.0,1000000.0,1.0,0.0,False,"Sanctioned amount ₹1,000,000 is 1.00× the peer median ₹999,600 across 121 comparable works."
WS/MP18110/2025-2026/209779,ND-WRK-0009,Normal/Others,2025-2026,1500000.0,1573,990000.0,500000.0,1000000.0,1.52,0.0,False,"Sanctioned amount ₹1,500,000 is 1.52× the peer median ₹990,000 across 1573 comparable works."
WS/MP18110/2025-2026/209775,ND-WRK-0005,Normal/Others,2025-2026,700000.0,1573,990000.0,500000.0,1000000.0,0.71,0.0,False,"Sanctioned amount ₹700,000 is 0.71× the peer median ₹990,000 across 1573 comparable works."
WS/MP18111/2026-2027/278371,ND-WRK-0150,Normal/Others,2026-2027,1000000.0,683,1000000.0,700000.0,1000000.0,1.0,0.0,False,"Sanctioned amount ₹1,000,000 is 1.00× the peer median ₹1,000,000 across 683 comparable works."
WS/MP18111/2026-2027/278212,ND-WRK-0149,Normal/Others,2026-2027,1000000.0,683,1000000.0,700000.0,1000000.0,1.0,0.0,False,"Sanctioned amount ₹1,000,000 is 1.00× the peer median ₹1,000,000 across 683 comparable works."
WS/MP18111/2026-2027/276692,ND-WRK-0148,Normal/Others,2026-2027,950000.0,683,1000000.0,700000.0,1000000.0,0.95,0.0,False,"Sanctioned amount ₹950,000 is 0.95× the peer median ₹1,000,000 across 683 comparable works."
WS/MP18111/2026-2027/276691,ND-WRK-0147,Normal/Others,2026-2027,950000.0,683,1000000.0,700000.0,1000000.0,0.95,0.0,False,"Sanctioned amount ₹950,000 is 0.95× the peer median ₹1,000,000 across 683 comparable works."
WS/MP18111/2026-2027/276690,ND-WRK-0146,Normal/Others,2026-2027,1000000.0,683,1000000.0,700000.0,1000000.0,1.0,0.0,False,"Sanctioned amount ₹1,000,000 is 1.00× the peer median ₹1,000,000 across 683 comparable works."
WS/MP18111/2026-2027/276689,ND-WRK-0145,Normal/Others,2026-2027,1000000.0,683,1000000.0,700000.0,1000000.0,1.0,0.0,False,"Sanctioned amount ₹1,000,000 is 1.00× the peer median ₹1,000,000 across 683 comparable works."
WS/MP18280/2025-2026/187606,ND-WRK-1776,Normal/Others,2025-2026,220000.0,1573,990000.0,500000.0,1000000.0,0.22,0.0,False,"Sanctioned amount ₹220,000 is 0.22× the peer median ₹990,000 across 1573 comparable works."
WS/MP18280/2025-2026/187605,ND-WRK-1775,Normal/Others,2025-2026,220000.0,1573,990000.0,500000.0,1000000.0,0.22,0.0,False,"Sanctioned amount ₹220,000 is 0.22× the peer median ₹990,000 across 1573 comparable works."
WS/MP18280/2025-2026/187604,ND-WRK-1774,Normal/Others,2025-2026,220000.0,1573,990000.0,500000.0,1000000.0,0.22,0.0,False,"Sanctioned amount ₹220,000 is 0.22× the peer median ₹990,000 across 1573 comparable works."
WS/MP18280/2025-2026/187603,ND-WRK-1773,Normal/Others,2025-2026,220000.0,1573,990000.0,500000.0,1000000.0,0.22,0.0,False,"Sanctioned amount ₹220,000 is 0.22× the peer median ₹990,000 across 1573 comparable works."
WS/MP18280/2025-2026/187602,ND-WRK-1772,Normal/Others,2025-2026,220000.0,1573,990000.0,500000.0,1000000.0,0.22,0.0,False,"Sanctioned amount ₹220,000 is 0.22× the peer median ₹990,000 across 1573 comparable works."
WS/MP18280/2025-2026/187601,ND-WRK-1771,Normal/Others,2025-2026,220000.0,1573,990000.0,500000.0,1000000.0,0.22,0.0,False,"Sanctioned amount ₹220,000 is 0.22× the peer median ₹990,000 across 1573 comparable works."
WS/MP18307/2025-2026/143612,ND-WRK-1795,Normal/Others,2025-2026,1500000.0,1573,990000.0,500000.0,1000000.0,1.52,0.0,False,"Sanctioned amount ₹1,500,000 is 1.52× the peer median ₹990,000 across 1573 comparable works."
WS/MP18307/2025-2026/143611,ND-WRK-1794,Normal/Others,2025-2026,1500000.0,1573,990000.0,500000.0,1000000.0,1.52,0.0,False,"Sanctioned amount ₹1,500,000 is 1.52× the peer median ₹990,000 across 1573 comparable works."
WS/MP18307/2025-2026/143610,ND-WRK-1793,Normal/Others,2025-2026,1500000.0,1573,990000.0,500000.0,1000000.0,1.52,0.0,False,"Sanctioned amount ₹1,500,000 is 1.52× the peer median ₹990,000 across 1573 comparable works."
WS/MP18307/2025-2026/143600,ND-WRK-1785,Normal/Others,2025-2026,1500000.0,1573,990000.0,500000.0,1000000.0,1.52,0.0,False,"Sanctioned amount ₹1,500,000 is 1.52× the peer median ₹990,000 across 1573 comparable works."
WS/MP18280/2026-2027/292714,ND-WRK-1783,Normal/Others,2026-2027,500000.0,683,1000000.0,700000.0,1000000.0,0.5,0.0,False,"Sanctioned amount ₹500,000 is 0.50× the peer median ₹1,000,000 across 683 comparable works."
WS/MP18280/2026-2027/239361,ND-WRK-1782,Normal/Others,2026-2027,300000.0,683,1000000.0,700000.0,1000000.0,0.3,0.0,False,"Sanctioned amount ₹300,000 is 0.30× the peer median ₹1,000,000 across 683 comparable works."
WS/MP18280/2025-2026/259798,ND-WRK-1781,Normal/Others,2025-2026,300000.0,1573,990000.0,500000.0,1000000.0,0.3,0.0,False,"Sanctioned amount ₹300,000 is 0.30× the peer median ₹990,000 across 1573 comparable works."
WS/MP18280/2025-2026/259797,ND-WRK-1780,Normal/Others,2025-2026,300000.0,1573,990000.0,500000.0,1000000.0,0.3,0.0,False,"Sanctioned amount ₹300,000 is 0.30× the peer median ₹990,000 across 1573 comparable works."
WS/MP18280/2025-2026/259796,ND-WRK-1779,Normal/Others,2025-2026,900000.0,1573,990000.0,500000.0,1000000.0,0.91,0.0,False,"Sanctioned amount ₹900,000 is 0.91× the peer median ₹990,000 across 1573 comparable works."
WS/MP18280/2025-2026/259795,ND-WRK-1778,Normal/Others,2025-2026,500000.0,1573,990000.0,500000.0,1000000.0,0.51,0.0,False,"Sanctioned amount ₹500,000 is 0.51× the peer median ₹990,000 across 1573 comparable works."
WS/MP18280/2025-2026/187607,ND-WRK-1777,Normal/Others,2025-2026,220000.0,1573,990000.0,500000.0,1000000.0,0.22,0.0,False,"Sanctioned amount ₹220,000 is 0.22× the peer median ₹990,000 across 1573 comparable works."
WS/MP18112/2024-2025/136991,ND-WRK-0160,Normal/Others,2024-2025,1200000.0,121,999600.0,700000.0,1000000.0,1.2,0.0,False,"Sanctioned amount ₹1,200,000 is 1.20× the peer median ₹999,600 across 121 comparable works."
WS/MP692/2026-2027/183466,ND-WRK-2408,Normal/Others,2026-2027,500000.0,683,1000000.0,700000.0,1000000.0,0.5,0.0,False,"Sanctioned amount ₹500,000 is 0.50× the peer median ₹1,000,000 across 683 comparable works."
WS/MP18112/2024-2025/136983,ND-WRK-0158,Normal/Others,2024-2025,600000.0,121,999711.0,700000.0,1000000.0,0.6,0.0,False,"Sanctioned amount ₹600,000 is 0.60× the peer median ₹999,711 across 121 comparable works."
WS/MP18112/2024-2025/136982,ND-WRK-0157,Normal/Others,2024-2025,600000.0,121,999711.0,700000.0,1000000.0,0.6,0.0,False,"Sanctioned amount ₹600,000 is 0.60× the peer median ₹999,711 across 121 comparable works."
WS/MP18112/2024-2025/136975,ND-WRK-0156,Normal/Others,2024-2025,600000.0,121,999711.0,700000.0,1000000.0,0.6,0.0,False,"Sanctioned amount ₹600,000 is 0.60× the peer median ₹999,711 across 121 comparable works."
WS/MP18111/2026-2027/269043,ND-WRK-0132,Normal/Others,2026-2027,1000000.0,683,1000000.0,700000.0,1000000.0,1.0,0.0,False,"Sanctioned amount ₹1,000,000 is 1.00× the peer median ₹1,000,000 across 683 comparable works."
WS/MP18111/2026-2027/269040,ND-WRK-0131,Normal/Others,2026-2027,1000000.0,683,1000000.0,700000.0,1000000.0,1.0,0.0,False,"Sanctioned amount ₹1,000,000 is 1.00× the peer median ₹1,000,000 across 683 comparable works."
WS/MP18111/2026-2027/269037,ND-WRK-0130,Normal/Others,2026-2027,1000000.0,683,1000000.0,700000.0,1000000.0,1.0,0.0,False,"Sanctioned amount ₹1,000,000 is 1.00× the peer median ₹1,000,000 across 683 comparable works."
WS/MP18111/2026-2027/269033,ND-WRK-0129,Normal/Others,2026-2027,1000000.0,683,1000000.0,700000.0,1000000.0,1.0,0.0,False,"Sanctioned amount ₹1,000,000 is 1.00× the peer median ₹1,000,000 across 683 comparable works."
WS/MP18307/2025-2026/180167,ND-WRK-1808,Normal/Others,2025-2026,1500000.0,1573,990000.0,500000.0,1000000.0,1.52,0.0,False,"Sanctioned amount ₹1,500,000 is 1.52× the peer median ₹990,000 across 1573 comparable works."
WS/MP18307/2025-2026/180166,ND-WRK-1807,Normal/Others,2025-2026,1000000.0,1573,990000.0,500000.0,1000000.0,1.01,0.0,False,"Sanctioned amount ₹1,000,000 is 1.01× the peer median ₹990,000 across 1573 comparable works."
WS/MP18307/2025-2026/180163,ND-WRK-1806,Normal/Others,2025-2026,1500000.0,1573,990000.0,500000.0,1000000.0,1.52,0.0,False,"Sanctioned amount ₹1,500,000 is 1.52× the peer median ₹990,000 across 1573 comparable works."
WS/MP18307/2025-2026/180161,ND-WRK-1805,Normal/Others,2025-2026,1500000.0,1573,990000.0,500000.0,1000000.0,1.52,0.0,False,"Sanctioned amount ₹1,500,000 is 1.52× the peer median ₹990,000 across 1573 comparable works."
WS/MP692/2026-2027/183452,ND-WRK-2407,Normal/Others,2026-2027,500000.0,683,1000000.0,700000.0,1000000.0,0.5,0.0,False,"Sanctioned amount ₹500,000 is 0.50× the peer median ₹1,000,000 across 683 comparable works."
WS/MP18307/2025-2026/180114,ND-WRK-1803,Repair and Renovation,2025-2026,1800000.0,18,995000.5,500000.0,1375000.0,1.81,0.0,False,"Sanctioned amount ₹1,800,000 is 1.81× the peer median ₹995,000 across 18 comparable works."
WS/MP18307/2025-2026/180089,ND-WRK-1802,Normal/Others,2025-2026,1000000.0,1573,990000.0,500000.0,1000000.0,1.01,0.0,False,"Sanctioned amount ₹1,000,000 is 1.01× the peer median ₹990,000 across 1573 comparable works."
WS/MP18307/2025-2026/180070,ND-WRK-1801,Normal/Others,2025-2026,1000000.0,1573,990000.0,500000.0,1000000.0,1.01,0.0,False,"Sanctioned amount ₹1,000,000 is 1.01× the peer median ₹990,000 across 1573 comparable works."
WS/MP18307/2025-2026/180068,ND-WRK-1800,Repair and Renovation,2025-2026,2500000.0,18,995000.5,500000.0,1375000.0,2.51,0.0,False,"Sanctioned amount ₹2,500,000 is 2.51× the peer median ₹995,000 across 18 comparable works."
WS/MP18307/2025-2026/178219,ND-WRK-1799,Normal/Others,2025-2026,1000000.0,1573,990000.0,500000.0,1000000.0,1.01,0.0,False,"Sanctioned amount ₹1,000,000 is 1.01× the peer median ₹990,000 across 1573 comparable works."
WS/MP18307/2025-2026/178216,ND-WRK-1798,Normal/Others,2025-2026,1500000.0,1573,990000.0,500000.0,1000000.0,1.52,0.0,False,"Sanctioned amount ₹1,500,000 is 1.52× the peer median ₹990,000 across 1573 comparable works."
WS/MP18307/2025-2026/143613,ND-WRK-1796,Normal/Others,2025-2026,1500000.0,1573,990000.0,500000.0,1000000.0,1.52,0.0,False,"Sanctioned amount ₹1,500,000 is 1.52× the peer median ₹990,000 across 1573 comparable works."
WS/MP18307/2025-2026/231051,ND-WRK-1817,Normal/Others,2025-2026,1500000.0,1573,990000.0,500000.0,1000000.0,1.52,0.0,False,"Sanctioned amount ₹1,500,000 is 1.52× the peer median ₹990,000 across 1573 comparable works."
WS/MP18307/2025-2026/230985,ND-WRK-1816,Normal/Others,2025-2026,1500000.0,1573,990000.0,500000.0,1000000.0,1.52,0.0,False,"Sanctioned amount ₹1,500,000 is 1.52× the peer median ₹990,000 across 1573 comparable works."
WS/MP692/2026-2027/183448,ND-WRK-2406,Normal/Others,2026-2027,500000.0,683,1000000.0,700000.0,1000000.0,0.5,0.0,False,"Sanctioned amount ₹500,000 is 0.50× the peer median ₹1,000,000 across 683 comparable works."
WS/MP692/2026-2027/183348,ND-WRK-2405,Normal/Others,2026-2027,500000.0,683,1000000.0,700000.0,1000000.0,0.5,0.0,False,"Sanctioned amount ₹500,000 is 0.50× the peer median ₹1,000,000 across 683 comparable works."
WS/MP18111/2026-2027/273222,ND-WRK-0144,Normal/Others,2026-2027,1000000.0,683,1000000.0,700000.0,1000000.0,1.0,0.0,False,"Sanctioned amount ₹1,000,000 is 1.00× the peer median ₹1,000,000 across 683 comparable works."
WS/MP18111/2026-2027/273202,ND-WRK-0143,Normal/Others,2026-2027,1000000.0,683,1000000.0,700000.0,1000000.0,1.0,0.0,False,"Sanctioned amount ₹1,000,000 is 1.00× the peer median ₹1,000,000 across 683 comparable works."
WS/MP18111/2026-2027/273195,ND-WRK-0142,Normal/Others,2026-2027,998000.0,683,1000000.0,700000.0,1000000.0,1.0,0.0,False,"Sanctioned amount ₹998,000 is 1.00× the peer median ₹1,000,000 across 683 comparable works."
WS/MP18111/2026-2027/273192,ND-WRK-0141,Normal/Others,2026-2027,1000000.0,683,1000000.0,700000.0,1000000.0,1.0,0.0,False,"Sanctioned amount ₹1,000,000 is 1.00× the peer median ₹1,000,000 across 683 comparable works."
WS/MP18111/2026-2027/273191,ND-WRK-0140,Normal/Others,2026-2027,1000000.0,683,1000000.0,700000.0,1000000.0,1.0,0.0,False,"Sanctioned amount ₹1,000,000 is 1.00× the peer median ₹1,000,000 across 683 comparable works."
WS/MP692/2026-2027/183341,ND-WRK-2404,Normal/Others,2026-2027,1000000.0,683,1000000.0,700000.0,1000000.0,1.0,0.0,False,"Sanctioned amount ₹1,000,000 is 1.00× the peer median ₹1,000,000 across 683 comparable works."
WS/MP18111/2026-2027/273186,ND-WRK-0138,Normal/Others,2026-2027,1000000.0,683,1000000.0,700000.0,1000000.0,1.0,0.0,False,"Sanctioned amount ₹1,000,000 is 1.00× the peer median ₹1,000,000 across 683 comparable works."
WS/MP18111/2026-2027/273185,ND-WRK-0137,Normal/Others,2026-2027,1000000.0,683,1000000.0,700000.0,1000000.0,1.0,0.0,False,"Sanctioned amount ₹1,000,000 is 1.00× the peer median ₹1,000,000 across 683 comparable works."
WS/MP692/2025-2026/185134,ND-WRK-2403,Normal/Others,2025-2026,984726.0,1573,990000.0,500000.0,1000000.0,0.99,0.0,False,"Sanctioned amount ₹984,726 is 0.99× the peer median ₹990,000 across 1573 comparable works."
WS/MP692/2025-2026/184032,ND-WRK-2402,Normal/Others,2025-2026,500000.0,1573,990000.0,500000.0,1000000.0,0.51,0.0,False,"Sanctioned amount ₹500,000 is 0.51× the peer median ₹990,000 across 1573 comparable works."
WS/MP18111/2026-2027/269048,ND-WRK-0134,Normal/Others,2026-2027,1000000.0,683,1000000.0,700000.0,1000000.0,1.0,0.0,False,"Sanctioned amount ₹1,000,000 is 1.00× the peer median ₹1,000,000 across 683 comparable works."
WS/MP18111/2026-2027/269045,ND-WRK-0133,Normal/Others,2026-2027,1000000.0,683,1000000.0,700000.0,1000000.0,1.0,0.0,False,"Sanctioned amount ₹1,000,000 is 1.00× the peer median ₹1,000,000 across 683 comparable works."
WS/MP18111/2026-2027/224225,ND-WRK-0119,Normal/Others,2026-2027,550000.0,683,1000000.0,700000.0,1000000.0,0.55,0.0,False,"Sanctioned amount ₹550,000 is 0.55× the peer median ₹1,000,000 across 683 comparable works."
WS/MP18111/2026-2027/194807,ND-WRK-0118,Normal/Others,2026-2027,1000000.0,683,1000000.0,700000.0,1000000.0,1.0,0.0,False,"Sanctioned amount ₹1,000,000 is 1.00× the peer median ₹1,000,000 across 683 comparable works."
WS/MP18111/2026-2027/188397,ND-WRK-0117,Normal/Others,2026-2027,1000000.0,683,1000000.0,700000.0,1000000.0,1.0,0.0,False,"Sanctioned amount ₹1,000,000 is 1.00× the peer median ₹1,000,000 across 683 comparable works."
WS/MP18111/2026-2027/188396,ND-WRK-0116,Normal/Others,2026-2027,1000000.0,683,1000000.0,700000.0,1000000.0,1.0,0.0,False,"Sanctioned amount ₹1,000,000 is 1.00× the peer median ₹1,000,000 across 683 comparable works."
WS/MP18111/2026-2027/188395,ND-WRK-0115,Normal/Others,2026-2027,1000000.0,683,1000000.0,700000.0,1000000.0,1.0,0.0,False,"Sanctioned amount ₹1,000,000 is 1.00× the peer median ₹1,000,000 across 683 comparable works."
WS/MP18111/2026-2027/188383,ND-WRK-0114,Normal/Others,2026-2027,1000000.0,683,1000000.0,700000.0,1000000.0,1.0,0.0,False,"Sanctioned amount ₹1,000,000 is 1.00× the peer median ₹1,000,000 across 683 comparable works."
WS/MP18111/2026-2027/188367,ND-WRK-0113,Normal/Others,2026-2027,1000000.0,683,1000000.0,700000.0,1000000.0,1.0,0.0,False,"Sanctioned amount ₹1,000,000 is 1.00× the peer median ₹1,000,000 across 683 comparable works."
WS/MP18308/2025-2026/145419,ND-WRK-1838,Normal/Others,2025-2026,1500000.0,1573,990000.0,500000.0,1000000.0,1.52,0.0,False,"Sanctioned amount ₹1,500,000 is 1.52× the peer median ₹990,000 across 1573 comparable works."
WS/MP18308/2025-2026/145411,ND-WRK-1835,Repair and Renovation,2025-2026,1500000.0,18,995000.5,500000.0,1375000.0,1.51,0.0,False,"Sanctioned amount ₹1,500,000 is 1.51× the peer median ₹995,000 across 18 comparable works."
WS/MP18308/2025-2026/145410,ND-WRK-1834,Repair and Renovation,2025-2026,2000000.0,18,995000.5,500000.0,1375000.0,2.01,0.0,False,"Sanctioned amount ₹2,000,000 is 2.01× the peer median ₹995,000 across 18 comparable works."
WS/MP18308/2025-2026/145119,ND-WRK-1833,Normal/Others,2025-2026,1500000.0,1573,990000.0,500000.0,1000000.0,1.52,0.0,False,"Sanctioned amount ₹1,500,000 is 1.52× the peer median ₹990,000 across 1573 comparable works."
WS/MP18307/2025-2026/262466,ND-WRK-1832,Normal/Others,2025-2026,1100000.0,1573,990000.0,500000.0,1000000.0,1.11,0.0,False,"Sanctioned amount ₹1,100,000 is 1.11× the peer median ₹990,000 across 1573 comparable works."
WS/MP18307/2025-2026/262464,ND-WRK-1831,Normal/Others,2025-2026,1500000.0,1573,990000.0,500000.0,1000000.0,1.52,0.0,False,"Sanctioned amount ₹1,500,000 is 1.52× the peer median ₹990,000 across 1573 comparable works."
WS/MP692/2025-2026/183629,ND-WRK-2401,Normal/Others,2025-2026,1000000.0,1573,990000.0,500000.0,1000000.0,1.01,0.0,False,"Sanctioned amount ₹1,000,000 is 1.01× the peer median ₹990,000 across 1573 comparable works."
WS/MP18110/2025-2026/209786,ND-WRK-0016,Normal/Others,2025-2026,1000000.0,1573,990000.0,500000.0,1000000.0,1.01,0.0,False,"Sanctioned amount ₹1,000,000 is 1.01× the peer median ₹990,000 across 1573 comparable works."
WS/MP18110/2025-2026/209785,ND-WRK-0015,Normal/Others,2025-2026,999962.0,1573,990000.0,500000.0,1000000.0,1.01,0.0,False,"Sanctioned amount ₹999,962 is 1.01× the peer median ₹990,000 across 1573 comparable works."
WS/MP18308/2025-2026/244706,ND-WRK-1862,Normal/Others,2025-2026,1100000.0,1573,990000.0,500000.0,1000000.0,1.11,0.0,False,"Sanctioned amount ₹1,100,000 is 1.11× the peer median ₹990,000 across 1573 comparable works."
WS/MP18110/2025-2026/209784,ND-WRK-0014,Normal/Others,2025-2026,971493.0,1573,990000.0,500000.0,1000000.0,0.98,0.0,False,"Sanctioned amount ₹971,493 is 0.98× the peer median ₹990,000 across 1573 comparable works."
WS/MP18308/2025-2026/146670,ND-WRK-1849,Normal/Others,2025-2026,100000.0,1573,990000.0,500000.0,1000000.0,0.1,0.0,False,"Sanctioned amount ₹100,000 is 0.10× the peer median ₹990,000 across 1573 comparable works."
WS/MP18308/2025-2026/145433,ND-WRK-1848,Normal/Others,2025-2026,1500000.0,1573,990000.0,500000.0,1000000.0,1.52,0.0,False,"Sanctioned amount ₹1,500,000 is 1.52× the peer median ₹990,000 across 1573 comparable works."
WS/MP18308/2025-2026/145428,ND-WRK-1845,Normal/Others,2025-2026,1500000.0,1573,990000.0,500000.0,1000000.0,1.52,0.0,False,"Sanctioned amount ₹1,500,000 is 1.52× the peer median ₹990,000 across 1573 comparable works."
WS/MP18308/2025-2026/145426,ND-WRK-1843,Normal/Others,2025-2026,1500000.0,1573,990000.0,500000.0,1000000.0,1.52,0.0,False,"Sanctioned amount ₹1,500,000 is 1.52× the peer median ₹990,000 across 1573 comparable works."
WS/MP18110/2025-2026/209783,ND-WRK-0013,Normal/Others,2025-2026,1500000.0,1573,990000.0,500000.0,1000000.0,1.52,0.0,False,"Sanctioned amount ₹1,500,000 is 1.52× the peer median ₹990,000 across 1573 comparable works."
WS/MP18111/2026-2027/269031,ND-WRK-0128,Normal/Others,2026-2027,1000000.0,683,1000000.0,700000.0,1000000.0,1.0,0.0,False,"Sanctioned amount ₹1,000,000 is 1.00× the peer median ₹1,000,000 across 683 comparable works."
WS/MP18111/2026-2027/269023,ND-WRK-0127,Normal/Others,2026-2027,1000000.0,683,1000000.0,700000.0,1000000.0,1.0,0.0,False,"Sanctioned amount ₹1,000,000 is 1.00× the peer median ₹1,000,000 across 683 comparable works."
WS/MP18111/2026-2027/269017,ND-WRK-0126,Normal/Others,2026-2027,1000000.0,683,1000000.0,700000.0,1000000.0,1.0,0.0,False,"Sanctioned amount ₹1,000,000 is 1.00× the peer median ₹1,000,000 across 683 comparable works."
WS/MP18111/2026-2027/269014,ND-WRK-0125,Normal/Others,2026-2027,300000.0,683,1000000.0,700000.0,1000000.0,0.3,0.0,False,"Sanctioned amount ₹300,000 is 0.30× the peer median ₹1,000,000 across 683 comparable works."
WS/MP18111/2026-2027/269012,ND-WRK-0124,Normal/Others,2026-2027,1000000.0,683,1000000.0,700000.0,1000000.0,1.0,0.0,False,"Sanctioned amount ₹1,000,000 is 1.00× the peer median ₹1,000,000 across 683 comparable works."
WS/MP18111/2026-2027/269011,ND-WRK-0123,Normal/Others,2026-2027,1000000.0,683,1000000.0,700000.0,1000000.0,1.0,0.0,False,"Sanctioned amount ₹1,000,000 is 1.00× the peer median ₹1,000,000 across 683 comparable works."
WS/MP18111/2026-2027/269007,ND-WRK-0122,Normal/Others,2026-2027,1000000.0,683,1000000.0,700000.0,1000000.0,1.0,0.0,False,"Sanctioned amount ₹1,000,000 is 1.00× the peer median ₹1,000,000 across 683 comparable works."
WS/MP18111/2026-2027/268995,ND-WRK-0121,Normal/Others,2026-2027,1000000.0,683,1000000.0,700000.0,1000000.0,1.0,0.0,False,"Sanctioned amount ₹1,000,000 is 1.00× the peer median ₹1,000,000 across 683 comparable works."
WS/MP18111/2026-2027/268993,ND-WRK-0120,Normal/Others,2026-2027,1000000.0,683,1000000.0,700000.0,1000000.0,1.0,0.0,False,"Sanctioned amount ₹1,000,000 is 1.00× the peer median ₹1,000,000 across 683 comparable works."
WS/MP18323/2025-2026/146708,ND-WRK-1885,Normal/Others,2025-2026,500000.0,1573,990000.0,500000.0,1000000.0,0.51,0.0,False,"Sanctioned amount ₹500,000 is 0.51× the peer median ₹990,000 across 1573 comparable works."
WS/MP18323/2025-2026/146707,ND-WRK-1884,Normal/Others,2025-2026,593000.0,1573,990000.0,500000.0,1000000.0,0.6,0.0,False,"Sanctioned amount ₹593,000 is 0.60× the peer median ₹990,000 across 1573 comparable works."
WS/MP18323/2025-2026/146706,ND-WRK-1883,Normal/Others,2025-2026,500000.0,1573,990000.0,500000.0,1000000.0,0.51,0.0,False,"Sanctioned amount ₹500,000 is 0.51× the peer median ₹990,000 across 1573 comparable works."
WS/MP18323/2025-2026/144116,ND-WRK-1882,Normal/Others,2025-2026,995696.0,1573,990000.0,500000.0,1000000.0,1.01,0.0,False,"Sanctioned amount ₹995,696 is 1.01× the peer median ₹990,000 across 1573 comparable works."
WS/MP18323/2025-2026/144115,ND-WRK-1881,Normal/Others,2025-2026,995673.0,1573,990000.0,500000.0,1000000.0,1.01,0.0,False,"Sanctioned amount ₹995,673 is 1.01× the peer median ₹990,000 across 1573 comparable works."
WS/MP18323/2025-2026/144107,ND-WRK-1880,Normal/Others,2025-2026,1494640.0,1573,990000.0,500000.0,1000000.0,1.51,0.0,False,"Sanctioned amount ₹1,494,640 is 1.51× the peer median ₹990,000 across 1573 comparable works."
WS/MP18323/2024-2025/167218,ND-WRK-1879,Normal/Others,2024-2025,999189.0,121,999711.0,700000.0,1000000.0,1.0,0.0,False,"Sanctioned amount ₹999,189 is 1.00× the peer median ₹999,711 across 121 comparable works."
WS/MP18308/2025-2026/262902,ND-WRK-1878,Normal/Others,2025-2026,1500000.0,1573,990000.0,500000.0,1000000.0,1.52,0.0,False,"Sanctioned amount ₹1,500,000 is 1.52× the peer median ₹990,000 across 1573 comparable works."
WS/MP18308/2025-2026/262898,ND-WRK-1874,Normal/Others,2025-2026,1000000.0,1573,990000.0,500000.0,1000000.0,1.01,0.0,False,"Sanctioned amount ₹1,000,000 is 1.01× the peer median ₹990,000 across 1573 comparable works."
WS/MP18308/2025-2026/262894,ND-WRK-1873,Normal/Others,2025-2026,1500000.0,1573,990000.0,500000.0,1000000.0,1.52,0.0,False,"Sanctioned amount ₹1,500,000 is 1.52× the peer median ₹990,000 across 1573 comparable works."
WS/MP18308/2025-2026/262893,ND-WRK-1872,Normal/Others,2025-2026,300000.0,1573,990000.0,500000.0,1000000.0,0.3,0.0,False,"Sanctioned amount ₹300,000 is 0.30× the peer median ₹990,000 across 1573 comparable works."
WS/MP18308/2025-2026/262892,ND-WRK-1871,Normal/Others,2025-2026,1500000.0,1573,990000.0,500000.0,1000000.0,1.52,0.0,False,"Sanctioned amount ₹1,500,000 is 1.52× the peer median ₹990,000 across 1573 comparable works."
WS/MP18308/2025-2026/244718,ND-WRK-1870,Normal/Others,2025-2026,1500000.0,1573,990000.0,500000.0,1000000.0,1.52,0.0,False,"Sanctioned amount ₹1,500,000 is 1.52× the peer median ₹990,000 across 1573 comparable works."
WS/MP18308/2025-2026/244717,ND-WRK-1869,Normal/Others,2025-2026,1500000.0,1573,990000.0,500000.0,1000000.0,1.52,0.0,False,"Sanctioned amount ₹1,500,000 is 1.52× the peer median ₹990,000 across 1573 comparable works."
WS/MP18308/2025-2026/244714,ND-WRK-1866,Normal/Others,2025-2026,500000.0,1573,990000.0,500000.0,1000000.0,0.51,0.0,False,"Sanctioned amount ₹500,000 is 0.51× the peer median ₹990,000 across 1573 comparable works."
WS/MP18308/2025-2026/244707,ND-WRK-1863,Normal/Others,2025-2026,1100000.0,1573,990000.0,500000.0,1000000.0,1.11,0.0,False,"Sanctioned amount ₹1,100,000 is 1.11× the peer median ₹990,000 across 1573 comparable works."
WS/MP18323/2025-2026/181789,ND-WRK-1901,Normal/Others,2025-2026,497870.0,1573,990000.0,500000.0,1000000.0,0.5,0.0,False,"Sanctioned amount ₹497,870 is 0.50× the peer median ₹990,000 across 1573 comparable works."
WS/MP18323/2025-2026/181788,ND-WRK-1900,Normal/Others,2025-2026,496350.0,1573,990000.0,500000.0,1000000.0,0.5,0.0,False,"Sanctioned amount ₹496,350 is 0.50× the peer median ₹990,000 across 1573 comparable works."
WS/MP18323/2025-2026/181778,ND-WRK-1899,Normal/Others,2025-2026,995269.0,1573,990000.0,500000.0,1000000.0,1.01,0.0,False,"Sanctioned amount ₹995,269 is 1.01× the peer median ₹990,000 across 1573 comparable works."
WS/MP18323/2025-2026/181753,ND-WRK-1898,Normal/Others,2025-2026,498425.0,1573,990000.0,500000.0,1000000.0,0.5,0.0,False,"Sanctioned amount ₹498,425 is 0.50× the peer median ₹990,000 across 1573 comparable works."
WS/MP18323/2025-2026/181744,ND-WRK-1897,Normal/Others,2025-2026,492464.0,1573,990000.0,500000.0,1000000.0,0.5,0.0,False,"Sanctioned amount ₹492,464 is 0.50× the peer median ₹990,000 across 1573 comparable works."
WS/MP18323/2025-2026/181739,ND-WRK-1896,Normal/Others,2025-2026,497066.0,1573,990000.0,500000.0,1000000.0,0.5,0.0,False,"Sanctioned amount ₹497,066 is 0.50× the peer median ₹990,000 across 1573 comparable works."
WS/MP18323/2025-2026/168809,ND-WRK-1895,Normal/Others,2025-2026,999782.0,1573,990000.0,500000.0,1000000.0,1.01,0.0,False,"Sanctioned amount ₹999,782 is 1.01× the peer median ₹990,000 across 1573 comparable works."
WS/MP18323/2025-2026/168685,ND-WRK-1894,Normal/Others,2025-2026,963776.0,1573,990000.0,500000.0,1000000.0,0.97,0.0,False,"Sanctioned amount ₹963,776 is 0.97× the peer median ₹990,000 across 1573 comparable works."
WS/MP18323/2025-2026/168679,ND-WRK-1893,Normal/Others,2025-2026,677260.0,1573,990000.0,500000.0,1000000.0,0.68,0.0,False,"Sanctioned amount ₹677,260 is 0.68× the peer median ₹990,000 across 1573 comparable works."
WS/MP18323/2025-2026/167436,ND-WRK-1892,Normal/Others,2025-2026,994329.0,1573,990000.0,500000.0,1000000.0,1.0,0.0,False,"Sanctioned amount ₹994,329 is 1.00× the peer median ₹990,000 across 1573 comparable works."
WS/MP18323/2025-2026/167414,ND-WRK-1891,Normal/Others,2025-2026,996732.0,1573,990000.0,500000.0,1000000.0,1.01,0.0,False,"Sanctioned amount ₹996,732 is 1.01× the peer median ₹990,000 across 1573 comparable works."
WS/MP18323/2025-2026/167402,ND-WRK-1890,Normal/Others,2025-2026,696742.0,1573,990000.0,500000.0,1000000.0,0.7,0.0,False,"Sanctioned amount ₹696,742 is 0.70× the peer median ₹990,000 across 1573 comparable works."
WS/MP18323/2025-2026/147142,ND-WRK-1889,Normal/Others,2025-2026,991691.0,1573,990000.0,500000.0,1000000.0,1.0,0.0,False,"Sanctioned amount ₹991,691 is 1.00× the peer median ₹990,000 across 1573 comparable works."
WS/MP18323/2025-2026/146867,ND-WRK-1888,Normal/Others,2025-2026,991000.0,1573,990000.0,500000.0,1000000.0,1.0,0.0,False,"Sanctioned amount ₹991,000 is 1.00× the peer median ₹990,000 across 1573 comparable works."
WS/MP18323/2025-2026/146716,ND-WRK-1887,Normal/Others,2025-2026,797573.0,1573,990000.0,500000.0,1000000.0,0.81,0.0,False,"Sanctioned amount ₹797,573 is 0.81× the peer median ₹990,000 across 1573 comparable works."
WS/MP18323/2025-2026/146710,ND-WRK-1886,Normal/Others,2025-2026,695000.0,1573,990000.0,500000.0,1000000.0,0.7,0.0,False,"Sanctioned amount ₹695,000 is 0.70× the peer median ₹990,000 across 1573 comparable works."
WS/MP18111/2026-2027/187510,ND-WRK-0109,Normal/Others,2026-2027,1200000.0,683,1000000.0,700000.0,1000000.0,1.2,0.0,False,"Sanctioned amount ₹1,200,000 is 1.20× the peer median ₹1,000,000 across 683 comparable works."
WS/MP18111/2026-2027/187121,ND-WRK-0108,Normal/Others,2026-2027,1000000.0,683,1000000.0,700000.0,1000000.0,1.0,0.0,False,"Sanctioned amount ₹1,000,000 is 1.00× the peer median ₹1,000,000 across 683 comparable works."
WS/MP18111/2026-2027/143961,ND-WRK-0107,Normal/Others,2026-2027,1000000.0,683,1000000.0,700000.0,1000000.0,1.0,0.0,False,"Sanctioned amount ₹1,000,000 is 1.00× the peer median ₹1,000,000 across 683 comparable works."
WS/MP18111/2025-2026/269009,ND-WRK-0106,Normal/Others,2025-2026,1000000.0,1573,990000.0,500000.0,1000000.0,1.01,0.0,False,"Sanctioned amount ₹1,000,000 is 1.01× the peer median ₹990,000 across 1573 comparable works."
WS/MP18111/2025-2026/194806,ND-WRK-0105,Normal/Others,2025-2026,1000000.0,1573,990000.0,500000.0,1000000.0,1.01,0.0,False,"Sanctioned amount ₹1,000,000 is 1.01× the peer median ₹990,000 across 1573 comparable works."
WS/MP18111/2025-2026/194805,ND-WRK-0104,Normal/Others,2025-2026,977091.0,1573,990000.0,500000.0,1000000.0,0.99,0.0,False,"Sanctioned amount ₹977,091 is 0.99× the peer median ₹990,000 across 1573 comparable works."
WS/MP18111/2025-2026/194804,ND-WRK-0103,Normal/Others,2025-2026,994261.0,1573,990000.0,500000.0,1000000.0,1.0,0.0,False,"Sanctioned amount ₹994,261 is 1.00× the peer median ₹990,000 across 1573 comparable works."
WS/MP18111/2025-2026/194803,ND-WRK-0102,Normal/Others,2025-2026,992464.0,1573,990000.0,500000.0,1000000.0,1.0,0.0,False,"Sanctioned amount ₹992,464 is 1.00× the peer median ₹990,000 across 1573 comparable works."
WS/MP18111/2025-2026/194802,ND-WRK-0101,Normal/Others,2025-2026,950000.0,1573,990000.0,500000.0,1000000.0,0.96,0.0,False,"Sanctioned amount ₹950,000 is 0.96× the peer median ₹990,000 across 1573 comparable works."
WS/MP18111/2025-2026/194801,ND-WRK-0100,Normal/Others,2025-2026,900000.0,1573,990000.0,500000.0,1000000.0,0.91,0.0,False,"Sanctioned amount ₹900,000 is 0.91× the peer median ₹990,000 across 1573 comparable works."
WS/MP18111/2025-2026/194800,ND-WRK-0099,Normal/Others,2025-2026,873496.0,1573,990000.0,500000.0,1000000.0,0.88,0.0,False,"Sanctioned amount ₹873,496 is 0.88× the peer median ₹990,000 across 1573 comparable works."
WS/MP18111/2025-2026/188364,ND-WRK-0098,Normal/Others,2025-2026,287286.0,1573,990000.0,500000.0,1000000.0,0.29,0.0,False,"Sanctioned amount ₹287,286 is 0.29× the peer median ₹990,000 across 1573 comparable works."
WS/MP18111/2025-2026/187543,ND-WRK-0097,Normal/Others,2025-2026,992728.0,1573,990000.0,500000.0,1000000.0,1.0,0.0,False,"Sanctioned amount ₹992,728 is 1.00× the peer median ₹990,000 across 1573 comparable works."
WS/MP18323/2026-2027/144110,ND-WRK-1904,Normal/Others,2026-2027,967593.0,683,1000000.0,700000.0,1000000.0,0.97,0.0,False,"Sanctioned amount ₹967,593 is 0.97× the peer median ₹1,000,000 across 683 comparable works."
WS/MP18323/2025-2026/181820,ND-WRK-1903,Normal/Others,2025-2026,988936.0,1573,990000.0,500000.0,1000000.0,1.0,0.0,False,"Sanctioned amount ₹988,936 is 1.00× the peer median ₹990,000 across 1573 comparable works."
WS/MP18323/2025-2026/181800,ND-WRK-1902,Normal/Others,2025-2026,999843.0,1573,990000.0,500000.0,1000000.0,1.01,0.0,False,"Sanctioned amount ₹999,843 is 1.01× the peer median ₹990,000 across 1573 comparable works."
WS/MP18327/2026-2027/227932,ND-WRK-1918,Normal/Others,2026-2027,1000000.0,683,1000000.0,700000.0,1000000.0,1.0,0.0,False,"Sanctioned amount ₹1,000,000 is 1.00× the peer median ₹1,000,000 across 683 comparable works."
WS/MP18327/2026-2027/213808,ND-WRK-1917,Normal/Others,2026-2027,1000000.0,683,1000000.0,700000.0,1000000.0,1.0,0.0,False,"Sanctioned amount ₹1,000,000 is 1.00× the peer median ₹1,000,000 across 683 comparable works."
WS/MP18327/2025-2026/235510,ND-WRK-1916,Normal/Others,2025-2026,1000000.0,1573,990000.0,500000.0,1000000.0,1.01,0.0,False,"Sanctioned amount ₹1,000,000 is 1.01× the peer median ₹990,000 across 1573 comparable works."
WS/MP18327/2025-2026/137670,ND-WRK-1915,Normal/Others,2025-2026,499880.0,1573,990000.0,500000.0,1000000.0,0.5,0.0,False,"Sanctioned amount ₹499,880 is 0.50× the peer median ₹990,000 across 1573 comparable works."
WS/MP18323/2026-2027/270930,ND-WRK-1914,Normal/Others,2026-2027,500000.0,683,1000000.0,700000.0,1000000.0,0.5,0.0,False,"Sanctioned amount ₹500,000 is 0.50× the peer median ₹1,000,000 across 683 comparable works."
WS/MP18323/2026-2027/244809,ND-WRK-1913,Normal/Others,2026-2027,999000.0,683,1000000.0,700000.0,1000000.0,1.0,0.0,False,"Sanctioned amount ₹999,000 is 1.00× the peer median ₹1,000,000 across 683 comparable works."
WS/MP18323/2026-2027/181804,ND-WRK-1912,Normal/Others,2026-2027,1000000.0,683,1000000.0,700000.0,1000000.0,1.0,0.0,False,"Sanctioned amount ₹1,000,000 is 1.00× the peer median ₹1,000,000 across 683 comparable works."
WS/MP18323/2026-2027/181798,ND-WRK-1911,Normal/Others,2026-2027,941831.0,683,1000000.0,700000.0,1000000.0,0.94,0.0,False,"Sanctioned amount ₹941,831 is 0.94× the peer median ₹1,000,000 across 683 comparable works."
WS/MP18323/2026-2027/167454,ND-WRK-1910,Normal/Others,2026-2027,1000000.0,683,1000000.0,700000.0,1000000.0,1.0,0.0,False,"Sanctioned amount ₹1,000,000 is 1.00× the peer median ₹1,000,000 across 683 comparable works."
WS/MP18323/2026-2027/146717,ND-WRK-1909,Normal/Others,2026-2027,794104.0,683,1000000.0,700000.0,1000000.0,0.79,0.0,False,"Sanctioned amount ₹794,104 is 0.79× the peer median ₹1,000,000 across 683 comparable works."
WS/MP18323/2026-2027/146709,ND-WRK-1908,Normal/Others,2026-2027,292053.0,683,1000000.0,700000.0,1000000.0,0.29,0.0,False,"Sanctioned amount ₹292,053 is 0.29× the peer median ₹1,000,000 across 683 comparable works."
WS/MP18323/2026-2027/144117,ND-WRK-1906,Normal/Others,2026-2027,1000000.0,683,1000000.0,700000.0,1000000.0,1.0,0.0,False,"Sanctioned amount ₹1,000,000 is 1.00× the peer median ₹1,000,000 across 683 comparable works."
WS/MP18323/2026-2027/144111,ND-WRK-1905,Normal/Others,2026-2027,998705.0,683,1000000.0,700000.0,1000000.0,1.0,0.0,False,"Sanctioned amount ₹998,705 is 1.00× the peer median ₹1,000,000 across 683 comparable works."
WS/MP18110/2025-2026/209782,ND-WRK-0012,Normal/Others,2025-2026,995411.0,1573,990000.0,500000.0,1000000.0,1.01,0.0,False,"Sanctioned amount ₹995,411 is 1.01× the peer median ₹990,000 across 1573 comparable works."
WS/MP18111/2026-2027/187537,ND-WRK-0111,Normal/Others,2026-2027,1000000.0,683,1000000.0,700000.0,1000000.0,1.0,0.0,False,"Sanctioned amount ₹1,000,000 is 1.00× the peer median ₹1,000,000 across 683 comparable works."
WS/MP18111/2026-2027/187511,ND-WRK-0110,Normal/Others,2026-2027,1000000.0,683,1000000.0,700000.0,1000000.0,1.0,0.0,False,"Sanctioned amount ₹1,000,000 is 1.00× the peer median ₹1,000,000 across 683 comparable works."
WS/MP18361/2025-2026/226168,ND-WRK-1941,Normal/Others,2025-2026,500000.0,1573,990000.0,500000.0,1000000.0,0.51,0.0,False,"Sanctioned amount ₹500,000 is 0.51× the peer median ₹990,000 across 1573 comparable works."
WS/MP18361/2025-2026/226167,ND-WRK-1940,Normal/Others,2025-2026,500000.0,1573,990000.0,500000.0,1000000.0,0.51,0.0,False,"Sanctioned amount ₹500,000 is 0.51× the peer median ₹990,000 across 1573 comparable works."
WS/MP18361/2025-2026/219022,ND-WRK-1938,Normal/Others,2025-2026,500000.0,1573,990000.0,500000.0,1000000.0,0.51,0.0,False,"Sanctioned amount ₹500,000 is 0.51× the peer median ₹990,000 across 1573 comparable works."
WS/MP18361/2025-2026/219020,ND-WRK-1936,Normal/Others,2025-2026,700000.0,1573,990000.0,500000.0,1000000.0,0.71,0.0,False,"Sanctioned amount ₹700,000 is 0.71× the peer median ₹990,000 across 1573 comparable works."
WS/MP18361/2025-2026/219019,ND-WRK-1935,Normal/Others,2025-2026,1000000.0,1573,990000.0,500000.0,1000000.0,1.01,0.0,False,"Sanctioned amount ₹1,000,000 is 1.01× the peer median ₹990,000 across 1573 comparable works."
WS/MP18110/2025-2026/209780,ND-WRK-0010,Normal/Others,2025-2026,1500000.0,1573,990000.0,500000.0,1000000.0,1.52,0.0,False,"Sanctioned amount ₹1,500,000 is 1.52× the peer median ₹990,000 across 1573 comparable works."
WS/MP18361/2025-2026/219014,ND-WRK-1930,Normal/Others,2025-2026,500000.0,1573,990000.0,500000.0,1000000.0,0.51,0.0,False,"Sanctioned amount ₹500,000 is 0.51× the peer median ₹990,000 across 1573 comparable works."
WS/MP18361/2025-2026/219013,ND-WRK-1929,Normal/Others,2025-2026,500000.0,1573,990000.0,500000.0,1000000.0,0.51,0.0,False,"Sanctioned amount ₹500,000 is 0.51× the peer median ₹990,000 across 1573 comparable works."
WS/MP18361/2025-2026/219012,ND-WRK-1928,Normal/Others,2025-2026,500000.0,1573,990000.0,500000.0,1000000.0,0.51,0.0,False,"Sanctioned amount ₹500,000 is 0.51× the peer median ₹990,000 across 1573 comparable works."
WS/MP18327/2026-2027/282558,ND-WRK-1925,Normal/Others,2026-2027,999633.0,683,1000000.0,700000.0,1000000.0,1.0,0.0,False,"Sanctioned amount ₹999,633 is 1.00× the peer median ₹1,000,000 across 683 comparable works."
WS/MP18327/2026-2027/246159,ND-WRK-1924,Normal/Others,2026-2027,999845.0,683,1000000.0,700000.0,1000000.0,1.0,0.0,False,"Sanctioned amount ₹999,845 is 1.00× the peer median ₹1,000,000 across 683 comparable works."
WS/MP18327/2026-2027/246153,ND-WRK-1923,Normal/Others,2026-2027,999752.0,683,1000000.0,700000.0,1000000.0,1.0,0.0,False,"Sanctioned amount ₹999,752 is 1.00× the peer median ₹1,000,000 across 683 comparable works."
WS/MP18327/2026-2027/246151,ND-WRK-1922,Normal/Others,2026-2027,999845.0,683,1000000.0,700000.0,1000000.0,1.0,0.0,False,"Sanctioned amount ₹999,845 is 1.00× the peer median ₹1,000,000 across 683 comparable works."
WS/MP18327/2026-2027/246149,ND-WRK-1921,Normal/Others,2026-2027,999804.0,683,1000000.0,700000.0,1000000.0,1.0,0.0,False,"Sanctioned amount ₹999,804 is 1.00× the peer median ₹1,000,000 across 683 comparable works."
WS/MP18327/2026-2027/243964,ND-WRK-1920,Normal/Others,2026-2027,1000000.0,683,1000000.0,700000.0,1000000.0,1.0,0.0,False,"Sanctioned amount ₹1,000,000 is 1.00× the peer median ₹1,000,000 across 683 comparable works."
WS/MP18327/2026-2027/241888,ND-WRK-1919,Normal/Others,2026-2027,1000000.0,683,1000000.0,700000.0,1000000.0,1.0,0.0,False,"Sanctioned amount ₹1,000,000 is 1.00× the peer median ₹1,000,000 across 683 comparable works."
WS/MP18369/2025-2026/177567,ND-WRK-1961,Normal/Others,2025-2026,393593.0,1573,990000.0,500000.0,1000000.0,0.4,0.0,False,"Sanctioned amount ₹393,593 is 0.40× the peer median ₹990,000 across 1573 comparable works."
WS/MP18369/2025-2026/177566,ND-WRK-1960,Normal/Others,2025-2026,393751.0,1573,990000.0,500000.0,1000000.0,0.4,0.0,False,"Sanctioned amount ₹393,751 is 0.40× the peer median ₹990,000 across 1573 comparable works."
WS/MP18369/2025-2026/177565,ND-WRK-1959,Normal/Others,2025-2026,393672.0,1573,990000.0,500000.0,1000000.0,0.4,0.0,False,"Sanctioned amount ₹393,672 is 0.40× the peer median ₹990,000 across 1573 comparable works."
WS/MP18369/2025-2026/177560,ND-WRK-1958,Normal/Others,2025-2026,393711.0,1573,990000.0,500000.0,1000000.0,0.4,0.0,False,"Sanctioned amount ₹393,711 is 0.40× the peer median ₹990,000 across 1573 comparable works."
WS/MP18369/2025-2026/177559,ND-WRK-1957,Normal/Others,2025-2026,393554.0,1573,990000.0,500000.0,1000000.0,0.4,0.0,False,"Sanctioned amount ₹393,554 is 0.40× the peer median ₹990,000 across 1573 comparable works."
WS/MP18369/2025-2026/177558,ND-WRK-1956,Normal/Others,2025-2026,393751.0,1573,990000.0,500000.0,1000000.0,0.4,0.0,False,"Sanctioned amount ₹393,751 is 0.40× the peer median ₹990,000 across 1573 comparable works."
WS/MP18369/2025-2026/177557,ND-WRK-1955,Normal/Others,2025-2026,393430.0,1573,990000.0,500000.0,1000000.0,0.4,0.0,False,"Sanctioned amount ₹393,430 is 0.40× the peer median ₹990,000 across 1573 comparable works."
WS/MP18369/2025-2026/177485,ND-WRK-1954,Normal/Others,2025-2026,492429.0,1573,990000.0,500000.0,1000000.0,0.5,0.0,False,"Sanctioned amount ₹492,429 is 0.50× the peer median ₹990,000 across 1573 comparable works."
WS/MP18369/2025-2026/174551,ND-WRK-1953,Normal/Others,2025-2026,300000.0,1573,990000.0,500000.0,1000000.0,0.3,0.0,False,"Sanctioned amount ₹300,000 is 0.30× the peer median ₹990,000 across 1573 comparable works."
WS/MP18369/2024-2025/175546,ND-WRK-1952,Repair and Renovation,2024-2025,2000000.0,3,,,,,0.0,False,Insufficient comparable works: 3 peers.
WS/MP18369/2024-2025/175545,ND-WRK-1951,Normal/Others,2024-2025,1000000.0,121,999600.0,700000.0,1000000.0,1.0,0.0,False,"Sanctioned amount ₹1,000,000 is 1.00× the peer median ₹999,600 across 121 comparable works."
WS/MP18361/2025-2026/226176,ND-WRK-1949,Normal/Others,2025-2026,1600000.0,1573,990000.0,500000.0,1000000.0,1.62,0.0,False,"Sanctioned amount ₹1,600,000 is 1.62× the peer median ₹990,000 across 1573 comparable works."
WS/MP18361/2025-2026/226175,ND-WRK-1948,Normal/Others,2025-2026,1600000.0,1573,990000.0,500000.0,1000000.0,1.62,0.0,False,"Sanctioned amount ₹1,600,000 is 1.62× the peer median ₹990,000 across 1573 comparable works."
WS/MP18361/2025-2026/226174,ND-WRK-1947,Normal/Others,2025-2026,1500000.0,1573,990000.0,500000.0,1000000.0,1.52,0.0,False,"Sanctioned amount ₹1,500,000 is 1.52× the peer median ₹990,000 across 1573 comparable works."
WS/MP18361/2025-2026/226173,ND-WRK-1946,Normal/Others,2025-2026,1500000.0,1573,990000.0,500000.0,1000000.0,1.52,0.0,False,"Sanctioned amount ₹1,500,000 is 1.52× the peer median ₹990,000 across 1573 comparable works."
WS/MP18361/2025-2026/226170,ND-WRK-1943,Normal/Others,2025-2026,500000.0,1573,990000.0,500000.0,1000000.0,0.51,0.0,False,"Sanctioned amount ₹500,000 is 0.51× the peer median ₹990,000 across 1573 comparable works."
WS/MP18369/2026-2027/177561,ND-WRK-1977,Normal/Others,2026-2027,393629.0,683,1000000.0,700000.0,1000000.0,0.39,0.0,False,"Sanctioned amount ₹393,629 is 0.39× the peer median ₹1,000,000 across 683 comparable works."
WS/MP18369/2026-2027/177484,ND-WRK-1976,Normal/Others,2026-2027,698387.0,683,1000000.0,700000.0,1000000.0,0.7,0.0,False,"Sanctioned amount ₹698,387 is 0.70× the peer median ₹1,000,000 across 683 comparable works."
WS/MP18369/2026-2027/165950,ND-WRK-1975,Normal/Others,2026-2027,198998.0,683,1000000.0,700000.0,1000000.0,0.2,0.0,False,"Sanctioned amount ₹198,998 is 0.20× the peer median ₹1,000,000 across 683 comparable works."
WS/MP18369/2025-2026/240012,ND-WRK-1974,Normal/Others,2025-2026,974910.0,1573,990000.0,500000.0,1000000.0,0.98,0.0,False,"Sanctioned amount ₹974,910 is 0.98× the peer median ₹990,000 across 1573 comparable works."
WS/MP18369/2025-2026/240011,ND-WRK-1973,Normal/Others,2025-2026,976825.0,1573,990000.0,500000.0,1000000.0,0.99,0.0,False,"Sanctioned amount ₹976,825 is 0.99× the peer median ₹990,000 across 1573 comparable works."
WS/MP18369/2025-2026/239887,ND-WRK-1972,Normal/Others,2025-2026,1000000.0,1573,990000.0,500000.0,1000000.0,1.01,0.0,False,"Sanctioned amount ₹1,000,000 is 1.01× the peer median ₹990,000 across 1573 comparable works."
WS/MP18369/2025-2026/204030,ND-WRK-1971,Trust and Society,2025-2026,1000000.0,17,1000000.0,1000000.0,2500000.0,1.0,0.0,False,"Sanctioned amount ₹1,000,000 is 1.00× the peer median ₹1,000,000 across 17 comparable works."
WS/MP18369/2025-2026/187447,ND-WRK-1970,Normal/Others,2025-2026,484924.0,1573,990000.0,500000.0,1000000.0,0.49,0.0,False,"Sanctioned amount ₹484,924 is 0.49× the peer median ₹990,000 across 1573 comparable works."
WS/MP18369/2025-2026/187445,ND-WRK-1969,Normal/Others,2025-2026,694759.0,1573,990000.0,500000.0,1000000.0,0.7,0.0,False,"Sanctioned amount ₹694,759 is 0.70× the peer median ₹990,000 across 1573 comparable works."
WS/MP18369/2025-2026/187442,ND-WRK-1968,Normal/Others,2025-2026,199636.0,1573,990000.0,500000.0,1000000.0,0.2,0.0,False,"Sanctioned amount ₹199,636 is 0.20× the peer median ₹990,000 across 1573 comparable works."
WS/MP18369/2025-2026/177578,ND-WRK-1967,Normal/Others,2025-2026,393554.0,1573,990000.0,500000.0,1000000.0,0.4,0.0,False,"Sanctioned amount ₹393,554 is 0.40× the peer median ₹990,000 across 1573 comparable works."
WS/MP18369/2025-2026/177577,ND-WRK-1966,Normal/Others,2025-2026,990018.0,1573,990000.0,500000.0,1000000.0,1.0,0.0,False,"Sanctioned amount ₹990,018 is 1.00× the peer median ₹990,000 across 1573 comparable works."
WS/MP18369/2025-2026/177576,ND-WRK-1965,Normal/Others,2025-2026,986561.0,1573,990000.0,500000.0,1000000.0,1.0,0.0,False,"Sanctioned amount ₹986,561 is 1.00× the peer median ₹990,000 across 1573 comparable works."
WS/MP18369/2025-2026/177575,ND-WRK-1964,Normal/Others,2025-2026,976951.0,1573,990000.0,500000.0,1000000.0,0.99,0.0,False,"Sanctioned amount ₹976,951 is 0.99× the peer median ₹990,000 across 1573 comparable works."
WS/MP18369/2025-2026/177574,ND-WRK-1963,Normal/Others,2025-2026,393593.0,1573,990000.0,500000.0,1000000.0,0.4,0.0,False,"Sanctioned amount ₹393,593 is 0.40× the peer median ₹990,000 across 1573 comparable works."
WS/MP18369/2025-2026/177568,ND-WRK-1962,Normal/Others,2025-2026,393672.0,1573,990000.0,500000.0,1000000.0,0.4,0.0,False,"Sanctioned amount ₹393,672 is 0.40× the peer median ₹990,000 across 1573 comparable works."
WS/MP18369/2026-2027/237749,ND-WRK-1993,Normal/Others,2026-2027,975045.0,683,1000000.0,700000.0,1000000.0,0.98,0.0,False,"Sanctioned amount ₹975,045 is 0.98× the peer median ₹1,000,000 across 683 comparable works."
WS/MP18369/2026-2027/237126,ND-WRK-1992,Normal/Others,2026-2027,749000.0,683,1000000.0,700000.0,1000000.0,0.75,0.0,False,"Sanctioned amount ₹749,000 is 0.75× the peer median ₹1,000,000 across 683 comparable works."
WS/MP18369/2026-2027/229482,ND-WRK-1991,Normal/Others,2026-2027,980.87,683,1000000.0,700000.0,1000000.0,0.0,0.0,False,"Sanctioned amount ₹981 is 0.00× the peer median ₹1,000,000 across 683 comparable works."
WS/MP18369/2026-2027/226919,ND-WRK-1990,Normal/Others,2026-2027,729332.0,683,1000000.0,700000.0,1000000.0,0.73,0.0,False,"Sanctioned amount ₹729,332 is 0.73× the peer median ₹1,000,000 across 683 comparable works."
WS/MP18369/2026-2027/226226,ND-WRK-1989,Normal/Others,2026-2027,500000.0,683,1000000.0,700000.0,1000000.0,0.5,0.0,False,"Sanctioned amount ₹500,000 is 0.50× the peer median ₹1,000,000 across 683 comparable works."
WS/MP18369/2026-2027/220305,ND-WRK-1988,Normal/Others,2026-2027,700000.0,683,1000000.0,700000.0,1000000.0,0.7,0.0,False,"Sanctioned amount ₹700,000 is 0.70× the peer median ₹1,000,000 across 683 comparable works."
WS/MP18369/2026-2027/187446,ND-WRK-1987,Normal/Others,2026-2027,491821.0,683,1000000.0,700000.0,1000000.0,0.49,0.0,False,"Sanctioned amount ₹491,821 is 0.49× the peer median ₹1,000,000 across 683 comparable works."
WS/MP18369/2026-2027/177579,ND-WRK-1986,Normal/Others,2026-2027,393708.0,683,1000000.0,700000.0,1000000.0,0.39,0.0,False,"Sanctioned amount ₹393,708 is 0.39× the peer median ₹1,000,000 across 683 comparable works."
WS/MP18369/2026-2027/177573,ND-WRK-1985,Normal/Others,2026-2027,393629.0,683,1000000.0,700000.0,1000000.0,0.39,0.0,False,"Sanctioned amount ₹393,629 is 0.39× the peer median ₹1,000,000 across 683 comparable works."
WS/MP18369/2026-2027/177572,ND-WRK-1984,Normal/Others,2026-2027,393590.0,683,1000000.0,700000.0,1000000.0,0.39,0.0,False,"Sanctioned amount ₹393,590 is 0.39× the peer median ₹1,000,000 across 683 comparable works."
WS/MP18369/2026-2027/177571,ND-WRK-1983,Normal/Others,2026-2027,393708.0,683,1000000.0,700000.0,1000000.0,0.39,0.0,False,"Sanctioned amount ₹393,708 is 0.39× the peer median ₹1,000,000 across 683 comparable works."
WS/MP18369/2026-2027/177570,ND-WRK-1982,Normal/Others,2026-2027,393472.0,683,1000000.0,700000.0,1000000.0,0.39,0.0,False,"Sanctioned amount ₹393,472 is 0.39× the peer median ₹1,000,000 across 683 comparable works."
WS/MP18369/2026-2027/177569,ND-WRK-1981,Normal/Others,2026-2027,393669.0,683,1000000.0,700000.0,1000000.0,0.39,0.0,False,"Sanctioned amount ₹393,669 is 0.39× the peer median ₹1,000,000 across 683 comparable works."
WS/MP18369/2026-2027/177564,ND-WRK-1980,Normal/Others,2026-2027,393590.0,683,1000000.0,700000.0,1000000.0,0.39,0.0,False,"Sanctioned amount ₹393,590 is 0.39× the peer median ₹1,000,000 across 683 comparable works."
WS/MP18369/2026-2027/177563,ND-WRK-1979,Normal/Others,2026-2027,393708.0,683,1000000.0,700000.0,1000000.0,0.39,0.0,False,"Sanctioned amount ₹393,708 is 0.39× the peer median ₹1,000,000 across 683 comparable works."
WS/MP18369/2026-2027/177562,ND-WRK-1978,Normal/Others,2026-2027,393551.0,683,1000000.0,700000.0,1000000.0,0.39,0.0,False,"Sanctioned amount ₹393,551 is 0.39× the peer median ₹1,000,000 across 683 comparable works."
WS/MP18111/2025-2026/187508,ND-WRK-0092,Normal/Others,2025-2026,985973.0,1573,990000.0,500000.0,1000000.0,1.0,0.0,False,"Sanctioned amount ₹985,973 is 1.00× the peer median ₹990,000 across 1573 comparable works."
WS/MP18111/2025-2026/187122,ND-WRK-0091,Normal/Others,2025-2026,1000000.0,1573,990000.0,500000.0,1000000.0,1.01,0.0,False,"Sanctioned amount ₹1,000,000 is 1.01× the peer median ₹990,000 across 1573 comparable works."
WS/MP18111/2025-2026/187119,ND-WRK-0090,Normal/Others,2025-2026,981707.0,1573,990000.0,500000.0,1000000.0,0.99,0.0,False,"Sanctioned amount ₹981,707 is 0.99× the peer median ₹990,000 across 1573 comparable works."
WS/MP18111/2025-2026/187118,ND-WRK-0089,Normal/Others,2025-2026,984714.0,1573,990000.0,500000.0,1000000.0,0.99,0.0,False,"Sanctioned amount ₹984,714 is 0.99× the peer median ₹990,000 across 1573 comparable works."
WS/MP18111/2025-2026/187116,ND-WRK-0088,Normal/Others,2025-2026,986782.0,1573,990000.0,500000.0,1000000.0,1.0,0.0,False,"Sanctioned amount ₹986,782 is 1.00× the peer median ₹990,000 across 1573 comparable works."
WS/MP18111/2025-2026/187113,ND-WRK-0087,Normal/Others,2025-2026,986385.0,1573,990000.0,500000.0,1000000.0,1.0,0.0,False,"Sanctioned amount ₹986,385 is 1.00× the peer median ₹990,000 across 1573 comparable works."
WS/MP18111/2025-2026/187111,ND-WRK-0086,Normal/Others,2025-2026,987502.0,1573,990000.0,500000.0,1000000.0,1.0,0.0,False,"Sanctioned amount ₹987,502 is 1.00× the peer median ₹990,000 across 1573 comparable works."
WS/MP18111/2025-2026/187104,ND-WRK-0085,Normal/Others,2025-2026,987554.0,1573,990000.0,500000.0,1000000.0,1.0,0.0,False,"Sanctioned amount ₹987,554 is 1.00× the peer median ₹990,000 across 1573 comparable works."
WS/MP18111/2025-2026/187103,ND-WRK-0084,Normal/Others,2025-2026,984417.0,1573,990000.0,500000.0,1000000.0,0.99,0.0,False,"Sanctioned amount ₹984,417 is 0.99× the peer median ₹990,000 across 1573 comparable works."
WS/MP18111/2025-2026/187101,ND-WRK-0083,Normal/Others,2025-2026,970750.0,1573,990000.0,500000.0,1000000.0,0.98,0.0,False,"Sanctioned amount ₹970,750 is 0.98× the peer median ₹990,000 across 1573 comparable works."
WS/MP18111/2025-2026/187100,ND-WRK-0082,Normal/Others,2025-2026,988046.0,1573,990000.0,500000.0,1000000.0,1.0,0.0,False,"Sanctioned amount ₹988,046 is 1.00× the peer median ₹990,000 across 1573 comparable works."
WS/MP18111/2025-2026/187092,ND-WRK-0081,Normal/Others,2025-2026,1000000.0,1573,990000.0,500000.0,1000000.0,1.01,0.0,False,"Sanctioned amount ₹1,000,000 is 1.01× the peer median ₹990,000 across 1573 comparable works."
WS/MP18369/2026-2027/295300,ND-WRK-1997,Normal/Others,2026-2027,1000000.0,683,1000000.0,700000.0,1000000.0,1.0,0.0,False,"Sanctioned amount ₹1,000,000 is 1.00× the peer median ₹1,000,000 across 683 comparable works."
WS/MP18369/2026-2027/259374,ND-WRK-1996,Normal/Others,2026-2027,743850.0,683,1000000.0,700000.0,1000000.0,0.74,0.0,False,"Sanctioned amount ₹743,850 is 0.74× the peer median ₹1,000,000 across 683 comparable works."
WS/MP18369/2026-2027/257052,ND-WRK-1995,Normal/Others,2026-2027,594833.0,683,1000000.0,700000.0,1000000.0,0.59,0.0,False,"Sanctioned amount ₹594,833 is 0.59× the peer median ₹1,000,000 across 683 comparable works."
WS/MP18369/2026-2027/239318,ND-WRK-1994,Trust and Society,2026-2027,699650.0,4,,,,,0.0,False,Insufficient comparable works: 4 peers.
WS/MP18429/2026-2027/207496,ND-WRK-2029,Normal/Others,2026-2027,499000.0,683,1000000.0,700000.0,1000000.0,0.5,0.0,False,"Sanctioned amount ₹499,000 is 0.50× the peer median ₹1,000,000 across 683 comparable works."
WS/MP18429/2025-2026/243635,ND-WRK-2028,Normal/Others,2025-2026,497601.0,1573,990000.0,500000.0,1000000.0,0.5,0.0,False,"Sanctioned amount ₹497,601 is 0.50× the peer median ₹990,000 across 1573 comparable works."
WS/MP18429/2025-2026/242067,ND-WRK-2027,Normal/Others,2025-2026,495000.0,1573,990000.0,500000.0,1000000.0,0.5,0.0,False,"Sanctioned amount ₹495,000 is 0.50× the peer median ₹990,000 across 1573 comparable works."
WS/MP18429/2025-2026/242066,ND-WRK-2026,Normal/Others,2025-2026,995786.0,1573,990000.0,500000.0,1000000.0,1.01,0.0,False,"Sanctioned amount ₹995,786 is 1.01× the peer median ₹990,000 across 1573 comparable works."
WS/MP18429/2025-2026/227019,ND-WRK-2025,Normal/Others,2025-2026,500000.0,1573,990000.0,500000.0,1000000.0,0.51,0.0,False,"Sanctioned amount ₹500,000 is 0.51× the peer median ₹990,000 across 1573 comparable works."
WS/MP18429/2025-2026/227018,ND-WRK-2024,Normal/Others,2025-2026,996000.0,1573,990000.0,500000.0,1000000.0,1.01,0.0,False,"Sanctioned amount ₹996,000 is 1.01× the peer median ₹990,000 across 1573 comparable works."
WS/MP18429/2025-2026/226340,ND-WRK-2023,Normal/Others,2025-2026,995700.0,1573,990000.0,500000.0,1000000.0,1.01,0.0,False,"Sanctioned amount ₹995,700 is 1.01× the peer median ₹990,000 across 1573 comparable works."
WS/MP18429/2025-2026/223681,ND-WRK-2022,Normal/Others,2025-2026,998000.0,1573,990000.0,500000.0,1000000.0,1.01,0.0,False,"Sanctioned amount ₹998,000 is 1.01× the peer median ₹990,000 across 1573 comparable works."
WS/MP18429/2025-2026/223208,ND-WRK-2021,Normal/Others,2025-2026,496574.0,1573,990000.0,500000.0,1000000.0,0.5,0.0,False,"Sanctioned amount ₹496,574 is 0.50× the peer median ₹990,000 across 1573 comparable works."
WS/MP18429/2025-2026/223141,ND-WRK-2020,Normal/Others,2025-2026,986000.0,1573,990000.0,500000.0,1000000.0,1.0,0.0,False,"Sanctioned amount ₹986,000 is 1.00× the peer median ₹990,000 across 1573 comparable works."
WS/MP18429/2025-2026/223140,ND-WRK-2019,Normal/Others,2025-2026,493000.0,1573,990000.0,500000.0,1000000.0,0.5,0.0,False,"Sanctioned amount ₹493,000 is 0.50× the peer median ₹990,000 across 1573 comparable works."
WS/MP18429/2025-2026/223139,ND-WRK-2018,Normal/Others,2025-2026,493000.0,1573,990000.0,500000.0,1000000.0,0.5,0.0,False,"Sanctioned amount ₹493,000 is 0.50× the peer median ₹990,000 across 1573 comparable works."
WS/MP18111/2025-2026/187541,ND-WRK-0096,Normal/Others,2025-2026,1000000.0,1573,990000.0,500000.0,1000000.0,1.01,0.0,False,"Sanctioned amount ₹1,000,000 is 1.01× the peer median ₹990,000 across 1573 comparable works."
WS/MP18111/2025-2026/187534,ND-WRK-0095,Normal/Others,2025-2026,987005.0,1573,990000.0,500000.0,1000000.0,1.0,0.0,False,"Sanctioned amount ₹987,005 is 1.00× the peer median ₹990,000 across 1573 comparable works."
WS/MP18111/2025-2026/187532,ND-WRK-0094,Normal/Others,2025-2026,970977.0,1573,990000.0,500000.0,1000000.0,0.98,0.0,False,"Sanctioned amount ₹970,977 is 0.98× the peer median ₹990,000 across 1573 comparable works."
WS/MP18111/2025-2026/187509,ND-WRK-0093,Normal/Others,2025-2026,958282.0,1573,990000.0,500000.0,1000000.0,0.97,0.0,False,"Sanctioned amount ₹958,282 is 0.97× the peer median ₹990,000 across 1573 comparable works."
WS/MP18111/2025-2026/187078,ND-WRK-0077,Normal/Others,2025-2026,986977.0,1573,990000.0,500000.0,1000000.0,1.0,0.0,False,"Sanctioned amount ₹986,977 is 1.00× the peer median ₹990,000 across 1573 comparable works."
WS/MP18111/2025-2026/187074,ND-WRK-0076,Normal/Others,2025-2026,990061.0,1573,990000.0,500000.0,1000000.0,1.0,0.0,False,"Sanctioned amount ₹990,061 is 1.00× the peer median ₹990,000 across 1573 comparable works."
WS/MP18111/2025-2026/187068,ND-WRK-0075,Normal/Others,2025-2026,987455.0,1573,990000.0,500000.0,1000000.0,1.0,0.0,False,"Sanctioned amount ₹987,455 is 1.00× the peer median ₹990,000 across 1573 comparable works."
WS/MP18111/2025-2026/187064,ND-WRK-0074,Normal/Others,2025-2026,987534.0,1573,990000.0,500000.0,1000000.0,1.0,0.0,False,"Sanctioned amount ₹987,534 is 1.00× the peer median ₹990,000 across 1573 comparable works."
WS/MP18111/2025-2026/187060,ND-WRK-0073,Normal/Others,2025-2026,972537.0,1573,990000.0,500000.0,1000000.0,0.98,0.0,False,"Sanctioned amount ₹972,537 is 0.98× the peer median ₹990,000 across 1573 comparable works."
WS/MP18111/2025-2026/187053,ND-WRK-0072,Normal/Others,2025-2026,988642.0,1573,990000.0,500000.0,1000000.0,1.0,0.0,False,"Sanctioned amount ₹988,642 is 1.00× the peer median ₹990,000 across 1573 comparable works."
WS/MP18111/2025-2026/187050,ND-WRK-0071,Normal/Others,2025-2026,979216.0,1573,990000.0,500000.0,1000000.0,0.99,0.0,False,"Sanctioned amount ₹979,216 is 0.99× the peer median ₹990,000 across 1573 comparable works."
WS/MP18111/2025-2026/177978,ND-WRK-0070,Normal/Others,2025-2026,971247.0,1573,990000.0,500000.0,1000000.0,0.98,0.0,False,"Sanctioned amount ₹971,247 is 0.98× the peer median ₹990,000 across 1573 comparable works."
WS/MP18111/2025-2026/177808,ND-WRK-0069,Normal/Others,2025-2026,985659.0,1573,990000.0,500000.0,1000000.0,1.0,0.0,False,"Sanctioned amount ₹985,659 is 1.00× the peer median ₹990,000 across 1573 comparable works."
WS/MP18111/2025-2026/177761,ND-WRK-0068,Normal/Others,2025-2026,985293.0,1573,990000.0,500000.0,1000000.0,1.0,0.0,False,"Sanctioned amount ₹985,293 is 1.00× the peer median ₹990,000 across 1573 comparable works."
WS/MP18111/2025-2026/177759,ND-WRK-0067,Normal/Others,2025-2026,968831.0,1573,990000.0,500000.0,1000000.0,0.98,0.0,False,"Sanctioned amount ₹968,831 is 0.98× the peer median ₹990,000 across 1573 comparable works."
WS/MP18111/2025-2026/144099,ND-WRK-0066,Normal/Others,2025-2026,483603.0,1573,990000.0,500000.0,1000000.0,0.49,0.0,False,"Sanctioned amount ₹483,603 is 0.49× the peer median ₹990,000 across 1573 comparable works."
WS/MP18111/2025-2026/144098,ND-WRK-0065,Normal/Others,2025-2026,400000.0,1573,990000.0,500000.0,1000000.0,0.4,0.0,False,"Sanctioned amount ₹400,000 is 0.40× the peer median ₹990,000 across 1573 comparable works."
WS/MP18429/2026-2027/217228,ND-WRK-2032,Normal/Others,2026-2027,1000000.0,683,1000000.0,700000.0,1000000.0,1.0,0.0,False,"Sanctioned amount ₹1,000,000 is 1.00× the peer median ₹1,000,000 across 683 comparable works."
WS/MP18429/2026-2027/212619,ND-WRK-2031,Normal/Others,2026-2027,999659.0,683,1000000.0,700000.0,1000000.0,1.0,0.0,False,"Sanctioned amount ₹999,659 is 1.00× the peer median ₹1,000,000 across 683 comparable works."
WS/MP18429/2026-2027/207498,ND-WRK-2030,Normal/Others,2026-2027,499000.0,683,1000000.0,700000.0,1000000.0,0.5,0.0,False,"Sanctioned amount ₹499,000 is 0.50× the peer median ₹1,000,000 across 683 comparable works."
WS/MP18429/2026-2027/242461,ND-WRK-2046,Normal/Others,2026-2027,494083.0,683,1000000.0,700000.0,1000000.0,0.49,0.0,False,"Sanctioned amount ₹494,083 is 0.49× the peer median ₹1,000,000 across 683 comparable works."
WS/MP18429/2026-2027/242460,ND-WRK-2045,Normal/Others,2026-2027,493870.0,683,1000000.0,700000.0,1000000.0,0.49,0.0,False,"Sanctioned amount ₹493,870 is 0.49× the peer median ₹1,000,000 across 683 comparable works."
WS/MP18429/2026-2027/242399,ND-WRK-2044,Normal/Others,2026-2027,1000000.0,683,1000000.0,700000.0,1000000.0,1.0,0.0,False,"Sanctioned amount ₹1,000,000 is 1.00× the peer median ₹1,000,000 across 683 comparable works."
WS/MP18429/2026-2027/242119,ND-WRK-2043,Normal/Others,2026-2027,499947.0,683,1000000.0,700000.0,1000000.0,0.5,0.0,False,"Sanctioned amount ₹499,947 is 0.50× the peer median ₹1,000,000 across 683 comparable works."
WS/MP18429/2026-2027/242065,ND-WRK-2042,Normal/Others,2026-2027,1000000.0,683,1000000.0,700000.0,1000000.0,1.0,0.0,False,"Sanctioned amount ₹1,000,000 is 1.00× the peer median ₹1,000,000 across 683 comparable works."
WS/MP18110/2024-2025/167291,ND-WRK-0001,Normal/Others,2024-2025,1000000.0,121,999600.0,700000.0,1000000.0,1.0,0.0,False,"Sanctioned amount ₹1,000,000 is 1.00× the peer median ₹999,600 across 121 comparable works."
WS/MP18429/2026-2027/237859,ND-WRK-2039,Normal/Others,2026-2027,495937.0,683,1000000.0,700000.0,1000000.0,0.5,0.0,False,"Sanctioned amount ₹495,937 is 0.50× the peer median ₹1,000,000 across 683 comparable works."
WS/MP18112/2025-2026/217109,ND-WRK-0233,Normal/Others,2025-2026,700000.0,1573,990000.0,500000.0,1000000.0,0.71,0.0,False,"Sanctioned amount ₹700,000 is 0.71× the peer median ₹990,000 across 1573 comparable works."
WS/MP18429/2026-2027/227298,ND-WRK-2037,Normal/Others,2026-2027,999238.0,683,1000000.0,700000.0,1000000.0,1.0,0.0,False,"Sanctioned amount ₹999,238 is 1.00× the peer median ₹1,000,000 across 683 comparable works."
WS/MP18429/2026-2027/226795,ND-WRK-2036,Normal/Others,2026-2027,994928.0,683,1000000.0,700000.0,1000000.0,0.99,0.0,False,"Sanctioned amount ₹994,928 is 0.99× the peer median ₹1,000,000 across 683 comparable works."
WS/MP18429/2026-2027/225932,ND-WRK-2035,Normal/Others,2026-2027,998790.0,683,1000000.0,700000.0,1000000.0,1.0,0.0,False,"Sanctioned amount ₹998,790 is 1.00× the peer median ₹1,000,000 across 683 comparable works."
WS/MP18429/2026-2027/225915,ND-WRK-2034,Normal/Others,2026-2027,499908.0,683,1000000.0,700000.0,1000000.0,0.5,0.0,False,"Sanctioned amount ₹499,908 is 0.50× the peer median ₹1,000,000 across 683 comparable works."
WS/MP18112/2025-2026/213864,ND-WRK-0232,Normal/Others,2025-2026,119000.0,1573,990000.0,500000.0,1000000.0,0.12,0.0,False,"Sanctioned amount ₹119,000 is 0.12× the peer median ₹990,000 across 1573 comparable works."
WS/MP18111/2025-2026/187088,ND-WRK-0080,Normal/Others,2025-2026,986743.0,1573,990000.0,500000.0,1000000.0,1.0,0.0,False,"Sanctioned amount ₹986,743 is 1.00× the peer median ₹990,000 across 1573 comparable works."
WS/MP18111/2025-2026/187087,ND-WRK-0079,Normal/Others,2025-2026,986905.0,1573,990000.0,500000.0,1000000.0,1.0,0.0,False,"Sanctioned amount ₹986,905 is 1.00× the peer median ₹990,000 across 1573 comparable works."
WS/MP18111/2025-2026/187082,ND-WRK-0078,Normal/Others,2025-2026,983626.0,1573,990000.0,500000.0,1000000.0,0.99,0.0,False,"Sanctioned amount ₹983,626 is 0.99× the peer median ₹990,000 across 1573 comparable works."
WS/MP18429/2026-2027/245707,ND-WRK-2062,Normal/Others,2026-2027,1000000.0,683,1000000.0,700000.0,1000000.0,1.0,0.0,False,"Sanctioned amount ₹1,000,000 is 1.00× the peer median ₹1,000,000 across 683 comparable works."
WS/MP18429/2026-2027/245679,ND-WRK-2061,Normal/Others,2026-2027,696912.0,683,1000000.0,700000.0,1000000.0,0.7,0.0,False,"Sanctioned amount ₹696,912 is 0.70× the peer median ₹1,000,000 across 683 comparable works."
WS/MP18429/2026-2027/245668,ND-WRK-2060,Normal/Others,2026-2027,496040.0,683,1000000.0,700000.0,1000000.0,0.5,0.0,False,"Sanctioned amount ₹496,040 is 0.50× the peer median ₹1,000,000 across 683 comparable works."
WS/MP18429/2026-2027/245249,ND-WRK-2059,Normal/Others,2026-2027,996000.0,683,1000000.0,700000.0,1000000.0,1.0,0.0,False,"Sanctioned amount ₹996,000 is 1.00× the peer median ₹1,000,000 across 683 comparable works."
WS/MP18429/2026-2027/245247,ND-WRK-2058,Normal/Others,2026-2027,497978.0,683,1000000.0,700000.0,1000000.0,0.5,0.0,False,"Sanctioned amount ₹497,978 is 0.50× the peer median ₹1,000,000 across 683 comparable works."
WS/MP18429/2026-2027/245246,ND-WRK-2057,Normal/Others,2026-2027,700000.0,683,1000000.0,700000.0,1000000.0,0.7,0.0,False,"Sanctioned amount ₹700,000 is 0.70× the peer median ₹1,000,000 across 683 comparable works."
WS/MP18429/2026-2027/244565,ND-WRK-2056,Trust and Society,2026-2027,1975637.0,4,,,,,0.0,False,Insufficient comparable works: 4 peers.
WS/MP18429/2026-2027/244548,ND-WRK-2055,Normal/Others,2026-2027,699930.0,683,1000000.0,700000.0,1000000.0,0.7,0.0,False,"Sanctioned amount ₹699,930 is 0.70× the peer median ₹1,000,000 across 683 comparable works."
WS/MP18429/2026-2027/244440,ND-WRK-2054,Normal/Others,2026-2027,991949.0,683,1000000.0,700000.0,1000000.0,0.99,0.0,False,"Sanctioned amount ₹991,949 is 0.99× the peer median ₹1,000,000 across 683 comparable works."
WS/MP18429/2026-2027/243637,ND-WRK-2053,Normal/Others,2026-2027,998344.0,683,1000000.0,700000.0,1000000.0,1.0,0.0,False,"Sanctioned amount ₹998,344 is 1.00× the peer median ₹1,000,000 across 683 comparable works."
WS/MP18429/2026-2027/243636,ND-WRK-2052,Normal/Others,2026-2027,990463.0,683,1000000.0,700000.0,1000000.0,0.99,0.0,False,"Sanctioned amount ₹990,463 is 0.99× the peer median ₹1,000,000 across 683 comparable works."
WS/MP18429/2026-2027/243634,ND-WRK-2051,Normal/Others,2026-2027,695903.0,683,1000000.0,700000.0,1000000.0,0.7,0.0,False,"Sanctioned amount ₹695,903 is 0.70× the peer median ₹1,000,000 across 683 comparable works."
WS/MP18429/2026-2027/243633,ND-WRK-2050,Normal/Others,2026-2027,498675.0,683,1000000.0,700000.0,1000000.0,0.5,0.0,False,"Sanctioned amount ₹498,675 is 0.50× the peer median ₹1,000,000 across 683 comparable works."
WS/MP18429/2026-2027/242891,ND-WRK-2049,Normal/Others,2026-2027,696785.0,683,1000000.0,700000.0,1000000.0,0.7,0.0,False,"Sanctioned amount ₹696,785 is 0.70× the peer median ₹1,000,000 across 683 comparable works."
WS/MP18429/2026-2027/242465,ND-WRK-2048,Normal/Others,2026-2027,700000.0,683,1000000.0,700000.0,1000000.0,0.7,0.0,False,"Sanctioned amount ₹700,000 is 0.70× the peer median ₹1,000,000 across 683 comparable works."
WS/MP18429/2026-2027/242464,ND-WRK-2047,Normal/Others,2026-2027,493686.0,683,1000000.0,700000.0,1000000.0,0.49,0.0,False,"Sanctioned amount ₹493,686 is 0.49× the peer median ₹1,000,000 across 683 comparable works."
WS/MP661/2024-2025/137791,ND-WRK-2078,Normal/Others,2024-2025,499493.0,121,999711.0,700000.0,1000000.0,0.5,0.0,False,"Sanctioned amount ₹499,493 is 0.50× the peer median ₹999,711 across 121 comparable works."
WS/MP661/2024-2025/137790,ND-WRK-2077,Normal/Others,2024-2025,399922.0,121,999711.0,700000.0,1000000.0,0.4,0.0,False,"Sanctioned amount ₹399,922 is 0.40× the peer median ₹999,711 across 121 comparable works."
WS/MP18429/2026-2027/250362,ND-WRK-2076,Normal/Others,2026-2027,1000000.0,683,1000000.0,700000.0,1000000.0,1.0,0.0,False,"Sanctioned amount ₹1,000,000 is 1.00× the peer median ₹1,000,000 across 683 comparable works."
WS/MP18429/2026-2027/249420,ND-WRK-2075,Normal/Others,2026-2027,903426.0,683,1000000.0,700000.0,1000000.0,0.9,0.0,False,"Sanctioned amount ₹903,426 is 0.90× the peer median ₹1,000,000 across 683 comparable works."
WS/MP18429/2026-2027/249419,ND-WRK-2074,Normal/Others,2026-2027,925203.0,683,1000000.0,700000.0,1000000.0,0.93,0.0,False,"Sanctioned amount ₹925,203 is 0.93× the peer median ₹1,000,000 across 683 comparable works."
WS/MP18429/2026-2027/249418,ND-WRK-2073,Normal/Others,2026-2027,919617.0,683,1000000.0,700000.0,1000000.0,0.92,0.0,False,"Sanctioned amount ₹919,617 is 0.92× the peer median ₹1,000,000 across 683 comparable works."
WS/MP18429/2026-2027/249341,ND-WRK-2072,Normal/Others,2026-2027,994388.0,683,1000000.0,700000.0,1000000.0,0.99,0.0,False,"Sanctioned amount ₹994,388 is 0.99× the peer median ₹1,000,000 across 683 comparable works."
WS/MP18429/2026-2027/248643,ND-WRK-2071,Normal/Others,2026-2027,992631.0,683,1000000.0,700000.0,1000000.0,0.99,0.0,False,"Sanctioned amount ₹992,631 is 0.99× the peer median ₹1,000,000 across 683 comparable works."
WS/MP18429/2026-2027/248642,ND-WRK-2070,Normal/Others,2026-2027,1000000.0,683,1000000.0,700000.0,1000000.0,1.0,0.0,False,"Sanctioned amount ₹1,000,000 is 1.00× the peer median ₹1,000,000 across 683 comparable works."
WS/MP18429/2026-2027/248639,ND-WRK-2069,Normal/Others,2026-2027,992255.0,683,1000000.0,700000.0,1000000.0,0.99,0.0,False,"Sanctioned amount ₹992,255 is 0.99× the peer median ₹1,000,000 across 683 comparable works."
WS/MP18429/2026-2027/248061,ND-WRK-2068,Normal/Others,2026-2027,985937.0,683,1000000.0,700000.0,1000000.0,0.99,0.0,False,"Sanctioned amount ₹985,937 is 0.99× the peer median ₹1,000,000 across 683 comparable works."
WS/MP18429/2026-2027/248059,ND-WRK-2067,Normal/Others,2026-2027,493811.0,683,1000000.0,700000.0,1000000.0,0.49,0.0,False,"Sanctioned amount ₹493,811 is 0.49× the peer median ₹1,000,000 across 683 comparable works."
WS/MP18429/2026-2027/247336,ND-WRK-2066,Normal/Others,2026-2027,494000.0,683,1000000.0,700000.0,1000000.0,0.49,0.0,False,"Sanctioned amount ₹494,000 is 0.49× the peer median ₹1,000,000 across 683 comparable works."
WS/MP18429/2026-2027/247113,ND-WRK-2065,Normal/Others,2026-2027,499440.0,683,1000000.0,700000.0,1000000.0,0.5,0.0,False,"Sanctioned amount ₹499,440 is 0.50× the peer median ₹1,000,000 across 683 comparable works."
WS/MP18429/2026-2027/247111,ND-WRK-2064,Normal/Others,2026-2027,499122.0,683,1000000.0,700000.0,1000000.0,0.5,0.0,False,"Sanctioned amount ₹499,122 is 0.50× the peer median ₹1,000,000 across 683 comparable works."
WS/MP18429/2026-2027/245752,ND-WRK-2063,Normal/Others,2026-2027,494000.0,683,1000000.0,700000.0,1000000.0,0.49,0.0,False,"Sanctioned amount ₹494,000 is 0.49× the peer median ₹1,000,000 across 683 comparable works."
WS/MP661/2025-2026/180259,ND-WRK-2094,Normal/Others,2025-2026,1000000.0,1573,990000.0,500000.0,1000000.0,1.01,0.0,False,"Sanctioned amount ₹1,000,000 is 1.01× the peer median ₹990,000 across 1573 comparable works."
WS/MP661/2025-2026/180258,ND-WRK-2093,Normal/Others,2025-2026,1000000.0,1573,990000.0,500000.0,1000000.0,1.01,0.0,False,"Sanctioned amount ₹1,000,000 is 1.01× the peer median ₹990,000 across 1573 comparable works."
WS/MP661/2025-2026/147480,ND-WRK-2092,Normal/Others,2025-2026,995639.0,1573,990000.0,500000.0,1000000.0,1.01,0.0,False,"Sanctioned amount ₹995,639 is 1.01× the peer median ₹990,000 across 1573 comparable works."
WS/MP661/2025-2026/147465,ND-WRK-2091,Normal/Others,2025-2026,999694.0,1573,990000.0,500000.0,1000000.0,1.01,0.0,False,"Sanctioned amount ₹999,694 is 1.01× the peer median ₹990,000 across 1573 comparable works."
WS/MP661/2025-2026/147457,ND-WRK-2090,Normal/Others,2025-2026,1000000.0,1573,990000.0,500000.0,1000000.0,1.01,0.0,False,"Sanctioned amount ₹1,000,000 is 1.01× the peer median ₹990,000 across 1573 comparable works."
WS/MP661/2025-2026/147454,ND-WRK-2089,Normal/Others,2025-2026,1000000.0,1573,990000.0,500000.0,1000000.0,1.01,0.0,False,"Sanctioned amount ₹1,000,000 is 1.01× the peer median ₹990,000 across 1573 comparable works."
WS/MP661/2025-2026/147453,ND-WRK-2088,Normal/Others,2025-2026,990415.0,1573,990000.0,500000.0,1000000.0,1.0,0.0,False,"Sanctioned amount ₹990,415 is 1.00× the peer median ₹990,000 across 1573 comparable works."
WS/MP661/2025-2026/146566,ND-WRK-2087,Normal/Others,2025-2026,1000000.0,1573,990000.0,500000.0,1000000.0,1.01,0.0,False,"Sanctioned amount ₹1,000,000 is 1.01× the peer median ₹990,000 across 1573 comparable works."
WS/MP661/2025-2026/146565,ND-WRK-2086,Normal/Others,2025-2026,1000000.0,1573,990000.0,500000.0,1000000.0,1.01,0.0,False,"Sanctioned amount ₹1,000,000 is 1.01× the peer median ₹990,000 across 1573 comparable works."
WS/MP661/2025-2026/146564,ND-WRK-2085,Normal/Others,2025-2026,1000000.0,1573,990000.0,500000.0,1000000.0,1.01,0.0,False,"Sanctioned amount ₹1,000,000 is 1.01× the peer median ₹990,000 across 1573 comparable works."
WS/MP661/2025-2026/146563,ND-WRK-2084,Normal/Others,2025-2026,995405.0,1573,990000.0,500000.0,1000000.0,1.01,0.0,False,"Sanctioned amount ₹995,405 is 1.01× the peer median ₹990,000 across 1573 comparable works."
WS/MP661/2025-2026/146562,ND-WRK-2083,Normal/Others,2025-2026,1000000.0,1573,990000.0,500000.0,1000000.0,1.01,0.0,False,"Sanctioned amount ₹1,000,000 is 1.01× the peer median ₹990,000 across 1573 comparable works."
WS/MP661/2025-2026/146561,ND-WRK-2082,Normal/Others,2025-2026,1000000.0,1573,990000.0,500000.0,1000000.0,1.01,0.0,False,"Sanctioned amount ₹1,000,000 is 1.01× the peer median ₹990,000 across 1573 comparable works."
WS/MP661/2025-2026/146560,ND-WRK-2081,Normal/Others,2025-2026,1000000.0,1573,990000.0,500000.0,1000000.0,1.01,0.0,False,"Sanctioned amount ₹1,000,000 is 1.01× the peer median ₹990,000 across 1573 comparable works."
WS/MP661/2025-2026/146559,ND-WRK-2080,Normal/Others,2025-2026,1000000.0,1573,990000.0,500000.0,1000000.0,1.01,0.0,False,"Sanctioned amount ₹1,000,000 is 1.01× the peer median ₹990,000 across 1573 comparable works."
WS/MP661/2025-2026/146558,ND-WRK-2079,Normal/Others,2025-2026,1000000.0,1573,990000.0,500000.0,1000000.0,1.01,0.0,False,"Sanctioned amount ₹1,000,000 is 1.01× the peer median ₹990,000 across 1573 comparable works."
WS/MP664/2025-2026/146325,ND-WRK-2110,Normal/Others,2025-2026,1193715.0,1573,990000.0,500000.0,1000000.0,1.21,0.0,False,"Sanctioned amount ₹1,193,715 is 1.21× the peer median ₹990,000 across 1573 comparable works."
WS/MP662/2026-2027/278122,ND-WRK-2109,Normal/Others,2026-2027,325000.0,683,1000000.0,700000.0,1000000.0,0.32,0.0,False,"Sanctioned amount ₹325,000 is 0.33× the peer median ₹1,000,000 across 683 comparable works."
WS/MP661/2026-2027/246081,ND-WRK-2108,Normal/Others,2026-2027,1000000.0,683,1000000.0,700000.0,1000000.0,1.0,0.0,False,"Sanctioned amount ₹1,000,000 is 1.00× the peer median ₹1,000,000 across 683 comparable works."
WS/MP661/2026-2027/246048,ND-WRK-2107,Normal/Others,2026-2027,1000000.0,683,1000000.0,700000.0,1000000.0,1.0,0.0,False,"Sanctioned amount ₹1,000,000 is 1.00× the peer median ₹1,000,000 across 683 comparable works."
WS/MP661/2026-2027/222150,ND-WRK-2106,Normal/Others,2026-2027,1000000.0,683,1000000.0,700000.0,1000000.0,1.0,0.0,False,"Sanctioned amount ₹1,000,000 is 1.00× the peer median ₹1,000,000 across 683 comparable works."
WS/MP661/2026-2027/222149,ND-WRK-2105,Normal/Others,2026-2027,1000000.0,683,1000000.0,700000.0,1000000.0,1.0,0.0,False,"Sanctioned amount ₹1,000,000 is 1.00× the peer median ₹1,000,000 across 683 comparable works."
WS/MP661/2026-2027/222148,ND-WRK-2104,Normal/Others,2026-2027,1000000.0,683,1000000.0,700000.0,1000000.0,1.0,0.0,False,"Sanctioned amount ₹1,000,000 is 1.00× the peer median ₹1,000,000 across 683 comparable works."
WS/MP661/2026-2027/188118,ND-WRK-2103,Normal/Others,2026-2027,500000.0,683,1000000.0,700000.0,1000000.0,0.5,0.0,False,"Sanctioned amount ₹500,000 is 0.50× the peer median ₹1,000,000 across 683 comparable works."
WS/MP661/2026-2027/188117,ND-WRK-2102,Normal/Others,2026-2027,500000.0,683,1000000.0,700000.0,1000000.0,0.5,0.0,False,"Sanctioned amount ₹500,000 is 0.50× the peer median ₹1,000,000 across 683 comparable works."
WS/MP661/2026-2027/188111,ND-WRK-2101,Normal/Others,2026-2027,500000.0,683,1000000.0,700000.0,1000000.0,0.5,0.0,False,"Sanctioned amount ₹500,000 is 0.50× the peer median ₹1,000,000 across 683 comparable works."
WS/MP661/2026-2027/188110,ND-WRK-2100,Normal/Others,2026-2027,500000.0,683,1000000.0,700000.0,1000000.0,0.5,0.0,False,"Sanctioned amount ₹500,000 is 0.50× the peer median ₹1,000,000 across 683 comparable works."
WS/MP661/2026-2027/188109,ND-WRK-2099,Normal/Others,2026-2027,500000.0,683,1000000.0,700000.0,1000000.0,0.5,0.0,False,"Sanctioned amount ₹500,000 is 0.50× the peer median ₹1,000,000 across 683 comparable works."
WS/MP661/2026-2027/188108,ND-WRK-2098,Normal/Others,2026-2027,500000.0,683,1000000.0,700000.0,1000000.0,0.5,0.0,False,"Sanctioned amount ₹500,000 is 0.50× the peer median ₹1,000,000 across 683 comparable works."
WS/MP661/2026-2027/188107,ND-WRK-2097,Normal/Others,2026-2027,500000.0,683,1000000.0,700000.0,1000000.0,0.5,0.0,False,"Sanctioned amount ₹500,000 is 0.50× the peer median ₹1,000,000 across 683 comparable works."
WS/MP661/2026-2027/147464,ND-WRK-2096,Normal/Others,2026-2027,1000000.0,683,1000000.0,700000.0,1000000.0,1.0,0.0,False,"Sanctioned amount ₹1,000,000 is 1.00× the peer median ₹1,000,000 across 683 comparable works."
WS/MP661/2025-2026/241892,ND-WRK-2095,Normal/Others,2025-2026,1000000.0,1573,990000.0,500000.0,1000000.0,1.01,0.0,False,"Sanctioned amount ₹1,000,000 is 1.01× the peer median ₹990,000 across 1573 comparable works."
WS/MP672/2024-2025/144103,ND-WRK-2134,Normal/Others,2024-2025,555000.0,121,999711.0,700000.0,1000000.0,0.56,0.0,False,"Sanctioned amount ₹555,000 is 0.56× the peer median ₹999,711 across 121 comparable works."
WS/MP672/2024-2025/144101,ND-WRK-2133,Normal/Others,2024-2025,152300.0,121,999711.0,700000.0,1000000.0,0.15,0.0,False,"Sanctioned amount ₹152,300 is 0.15× the peer median ₹999,711 across 121 comparable works."
WS/MP672/2024-2025/136731,ND-WRK-2132,Normal/Others,2024-2025,999600.0,121,999711.0,700000.0,1000000.0,1.0,0.0,False,"Sanctioned amount ₹999,600 is 1.00× the peer median ₹999,711 across 121 comparable works."
WS/MP667/2025-2026/175160,ND-WRK-2131,Normal/Others,2025-2026,1000000.0,1573,990000.0,500000.0,1000000.0,1.01,0.0,False,"Sanctioned amount ₹1,000,000 is 1.01× the peer median ₹990,000 across 1573 comparable works."
WS/MP667/2025-2026/175141,ND-WRK-2130,Normal/Others,2025-2026,1000000.0,1573,990000.0,500000.0,1000000.0,1.01,0.0,False,"Sanctioned amount ₹1,000,000 is 1.01× the peer median ₹990,000 across 1573 comparable works."
WS/MP18112/2025-2026/213855,ND-WRK-0231,Normal/Others,2025-2026,119000.0,1573,990000.0,500000.0,1000000.0,0.12,0.0,False,"Sanctioned amount ₹119,000 is 0.12× the peer median ₹990,000 across 1573 comparable works."
WS/MP18112/2025-2026/213849,ND-WRK-0230,Normal/Others,2025-2026,799000.0,1573,990000.0,500000.0,1000000.0,0.81,0.0,False,"Sanctioned amount ₹799,000 is 0.81× the peer median ₹990,000 across 1573 comparable works."
WS/MP664/2025-2026/146364,ND-WRK-2119,Normal/Others,2025-2026,994762.0,1573,990000.0,500000.0,1000000.0,1.0,0.0,False,"Sanctioned amount ₹994,762 is 1.00× the peer median ₹990,000 across 1573 comparable works."
WS/MP664/2025-2026/146363,ND-WRK-2118,Normal/Others,2025-2026,1590188.0,1573,990000.0,500000.0,1000000.0,1.61,0.0,False,"Sanctioned amount ₹1,590,188 is 1.61× the peer median ₹990,000 across 1573 comparable works."
WS/MP664/2025-2026/146362,ND-WRK-2117,Normal/Others,2025-2026,1093255.0,1573,990000.0,500000.0,1000000.0,1.1,0.0,False,"Sanctioned amount ₹1,093,255 is 1.10× the peer median ₹990,000 across 1573 comparable works."
WS/MP664/2025-2026/146335,ND-WRK-2116,Normal/Others,2025-2026,1494831.0,1573,990000.0,500000.0,1000000.0,1.51,0.0,False,"Sanctioned amount ₹1,494,831 is 1.51× the peer median ₹990,000 across 1573 comparable works."
WS/MP664/2025-2026/146330,ND-WRK-2115,Normal/Others,2025-2026,1496175.0,1573,990000.0,500000.0,1000000.0,1.51,0.0,False,"Sanctioned amount ₹1,496,175 is 1.51× the peer median ₹990,000 across 1573 comparable works."
WS/MP664/2025-2026/146329,ND-WRK-2114,Normal/Others,2025-2026,1246813.0,1573,990000.0,500000.0,1000000.0,1.26,0.0,False,"Sanctioned amount ₹1,246,813 is 1.26× the peer median ₹990,000 across 1573 comparable works."
WS/MP664/2025-2026/146328,ND-WRK-2113,Normal/Others,2025-2026,1196940.0,1573,990000.0,500000.0,1000000.0,1.21,0.0,False,"Sanctioned amount ₹1,196,940 is 1.21× the peer median ₹990,000 across 1573 comparable works."
WS/MP664/2025-2026/146327,ND-WRK-2112,Normal/Others,2025-2026,1094240.0,1573,990000.0,500000.0,1000000.0,1.11,0.0,False,"Sanctioned amount ₹1,094,240 is 1.11× the peer median ₹990,000 across 1573 comparable works."
WS/MP664/2025-2026/146326,ND-WRK-2111,Normal/Others,2025-2026,994762.0,1573,990000.0,500000.0,1000000.0,1.0,0.0,False,"Sanctioned amount ₹994,762 is 1.00× the peer median ₹990,000 across 1573 comparable works."
WS/MP18110/2026-2027/270616,ND-WRK-0056,Normal/Others,2026-2027,1000000.0,683,1000000.0,700000.0,1000000.0,1.0,0.0,False,"Sanctioned amount ₹1,000,000 is 1.00× the peer median ₹1,000,000 across 683 comparable works."
WS/MP18110/2026-2027/270615,ND-WRK-0055,Normal/Others,2026-2027,1000000.0,683,1000000.0,700000.0,1000000.0,1.0,0.0,False,"Sanctioned amount ₹1,000,000 is 1.00× the peer median ₹1,000,000 across 683 comparable works."
WS/MP18110/2026-2027/270614,ND-WRK-0054,Normal/Others,2026-2027,1000000.0,683,1000000.0,700000.0,1000000.0,1.0,0.0,False,"Sanctioned amount ₹1,000,000 is 1.00× the peer median ₹1,000,000 across 683 comparable works."
WS/MP18110/2026-2027/270613,ND-WRK-0053,Normal/Others,2026-2027,1000000.0,683,1000000.0,700000.0,1000000.0,1.0,0.0,False,"Sanctioned amount ₹1,000,000 is 1.00× the peer median ₹1,000,000 across 683 comparable works."
WS/MP18110/2026-2027/270605,ND-WRK-0052,Normal/Others,2026-2027,700000.0,683,1000000.0,700000.0,1000000.0,0.7,0.0,False,"Sanctioned amount ₹700,000 is 0.70× the peer median ₹1,000,000 across 683 comparable works."
WS/MP18110/2026-2027/270604,ND-WRK-0051,Normal/Others,2026-2027,800000.0,683,1000000.0,700000.0,1000000.0,0.8,0.0,False,"Sanctioned amount ₹800,000 is 0.80× the peer median ₹1,000,000 across 683 comparable works."
WS/MP18110/2026-2027/269939,ND-WRK-0050,Normal/Others,2026-2027,1000000.0,683,1000000.0,700000.0,1000000.0,1.0,0.0,False,"Sanctioned amount ₹1,000,000 is 1.00× the peer median ₹1,000,000 across 683 comparable works."
WS/MP18110/2026-2027/269938,ND-WRK-0049,Normal/Others,2026-2027,1000000.0,683,1000000.0,700000.0,1000000.0,1.0,0.0,False,"Sanctioned amount ₹1,000,000 is 1.00× the peer median ₹1,000,000 across 683 comparable works."
WS/MP672/2025-2026/181697,ND-WRK-2144,Normal/Others,2025-2026,1500000.0,1573,990000.0,500000.0,1000000.0,1.52,0.0,False,"Sanctioned amount ₹1,500,000 is 1.52× the peer median ₹990,000 across 1573 comparable works."
WS/MP672/2024-2025/185160,ND-WRK-2143,Normal/Others,2024-2025,1000000.0,121,999600.0,700000.0,1000000.0,1.0,0.0,False,"Sanctioned amount ₹1,000,000 is 1.00× the peer median ₹999,600 across 121 comparable works."
WS/MP672/2024-2025/185152,ND-WRK-2142,Normal/Others,2024-2025,435000.0,121,999711.0,700000.0,1000000.0,0.44,0.0,False,"Sanctioned amount ₹435,000 is 0.44× the peer median ₹999,711 across 121 comparable works."
WS/MP672/2024-2025/172547,ND-WRK-2139,Normal/Others,2024-2025,1000000.0,121,999600.0,700000.0,1000000.0,1.0,0.0,False,"Sanctioned amount ₹1,000,000 is 1.00× the peer median ₹999,600 across 121 comparable works."
WS/MP672/2024-2025/157636,ND-WRK-2138,Normal/Others,2024-2025,1000000.0,121,999600.0,700000.0,1000000.0,1.0,0.0,False,"Sanctioned amount ₹1,000,000 is 1.00× the peer median ₹999,600 across 121 comparable works."
WS/MP672/2024-2025/157560,ND-WRK-2137,Repair and Renovation,2024-2025,998500.0,3,,,,,0.0,False,Insufficient comparable works: 3 peers.
WS/MP672/2024-2025/144105,ND-WRK-2136,Normal/Others,2024-2025,458593.0,121,999711.0,700000.0,1000000.0,0.46,0.0,False,"Sanctioned amount ₹458,593 is 0.46× the peer median ₹999,711 across 121 comparable works."
WS/MP672/2024-2025/144104,ND-WRK-2135,Normal/Others,2024-2025,670000.0,121,999711.0,700000.0,1000000.0,0.67,0.0,False,"Sanctioned amount ₹670,000 is 0.67× the peer median ₹999,711 across 121 comparable works."
WS/MP672/2026-2027/272114,ND-WRK-2163,Normal/Others,2026-2027,1000000.0,683,1000000.0,700000.0,1000000.0,1.0,0.0,False,"Sanctioned amount ₹1,000,000 is 1.00× the peer median ₹1,000,000 across 683 comparable works."
WS/MP672/2026-2027/272113,ND-WRK-2162,Normal/Others,2026-2027,1000000.0,683,1000000.0,700000.0,1000000.0,1.0,0.0,False,"Sanctioned amount ₹1,000,000 is 1.00× the peer median ₹1,000,000 across 683 comparable works."
WS/MP672/2026-2027/227303,ND-WRK-2159,Normal/Others,2026-2027,1000000.0,683,1000000.0,700000.0,1000000.0,1.0,0.0,False,"Sanctioned amount ₹1,000,000 is 1.00× the peer median ₹1,000,000 across 683 comparable works."
WS/MP672/2026-2027/215164,ND-WRK-2158,Normal/Others,2026-2027,1000000.0,683,1000000.0,700000.0,1000000.0,1.0,0.0,False,"Sanctioned amount ₹1,000,000 is 1.00× the peer median ₹1,000,000 across 683 comparable works."
WS/MP672/2026-2027/215157,ND-WRK-2157,Normal/Others,2026-2027,500000.0,683,1000000.0,700000.0,1000000.0,0.5,0.0,False,"Sanctioned amount ₹500,000 is 0.50× the peer median ₹1,000,000 across 683 comparable works."
WS/MP672/2025-2026/252718,ND-WRK-2149,Normal/Others,2025-2026,150000.0,1573,990000.0,500000.0,1000000.0,0.15,0.0,False,"Sanctioned amount ₹150,000 is 0.15× the peer median ₹990,000 across 1573 comparable works."
WS/MP672/2025-2026/198595,ND-WRK-2147,Normal/Others,2025-2026,500000.0,1573,990000.0,500000.0,1000000.0,0.51,0.0,False,"Sanctioned amount ₹500,000 is 0.51× the peer median ₹990,000 across 1573 comparable works."
WS/MP672/2025-2026/198594,ND-WRK-2146,Normal/Others,2025-2026,1000000.0,1573,990000.0,500000.0,1000000.0,1.01,0.0,False,"Sanctioned amount ₹1,000,000 is 1.01× the peer median ₹990,000 across 1573 comparable works."
WS/MP18110/2026-2027/274583,ND-WRK-0064,Normal/Others,2026-2027,1000000.0,683,1000000.0,700000.0,1000000.0,1.0,0.0,False,"Sanctioned amount ₹1,000,000 is 1.00× the peer median ₹1,000,000 across 683 comparable works."
WS/MP18112/2025-2026/211417,ND-WRK-0229,Normal/Others,2025-2026,1152000.0,1573,990000.0,500000.0,1000000.0,1.16,0.0,False,"Sanctioned amount ₹1,152,000 is 1.16× the peer median ₹990,000 across 1573 comparable works."
WS/MP18112/2025-2026/205148,ND-WRK-0228,Normal/Others,2025-2026,1000000.0,1573,990000.0,500000.0,1000000.0,1.01,0.0,False,"Sanctioned amount ₹1,000,000 is 1.01× the peer median ₹990,000 across 1573 comparable works."
WS/MP18112/2025-2026/203657,ND-WRK-0227,Normal/Others,2025-2026,800000.0,1573,990000.0,500000.0,1000000.0,0.81,0.0,False,"Sanctioned amount ₹800,000 is 0.81× the peer median ₹990,000 across 1573 comparable works."
WS/MP18112/2025-2026/203654,ND-WRK-0226,Normal/Others,2025-2026,124000.0,1573,990000.0,500000.0,1000000.0,0.13,0.0,False,"Sanctioned amount ₹124,000 is 0.13× the peer median ₹990,000 across 1573 comparable works."
WS/MP18112/2025-2026/200936,ND-WRK-0225,Normal/Others,2025-2026,1000000.0,1573,990000.0,500000.0,1000000.0,1.01,0.0,False,"Sanctioned amount ₹1,000,000 is 1.01× the peer median ₹990,000 across 1573 comparable works."
WS/MP692/2026-2027/184035,ND-WRK-2416,Normal/Others,2026-2027,500000.0,683,1000000.0,700000.0,1000000.0,0.5,0.0,False,"Sanctioned amount ₹500,000 is 0.50× the peer median ₹1,000,000 across 683 comparable works."
WS/MP18110/2026-2027/270617,ND-WRK-0057,Normal/Others,2026-2027,1000000.0,683,1000000.0,700000.0,1000000.0,1.0,0.0,False,"Sanctioned amount ₹1,000,000 is 1.00× the peer median ₹1,000,000 across 683 comparable works."
WS/MP673/2025-2026/199029,ND-WRK-2181,Normal/Others,2025-2026,693895.0,1573,990000.0,500000.0,1000000.0,0.7,0.0,False,"Sanctioned amount ₹693,895 is 0.70× the peer median ₹990,000 across 1573 comparable works."
WS/MP673/2025-2026/193049,ND-WRK-2180,Normal/Others,2025-2026,494997.0,1573,990000.0,500000.0,1000000.0,0.5,0.0,False,"Sanctioned amount ₹494,997 is 0.50× the peer median ₹990,000 across 1573 comparable works."
WS/MP673/2025-2026/181028,ND-WRK-2179,Normal/Others,2025-2026,500000.0,1573,990000.0,500000.0,1000000.0,0.51,0.0,False,"Sanctioned amount ₹500,000 is 0.51× the peer median ₹990,000 across 1573 comparable works."
WS/MP673/2025-2026/176955,ND-WRK-2178,Normal/Others,2025-2026,696992.0,1573,990000.0,500000.0,1000000.0,0.7,0.0,False,"Sanctioned amount ₹696,992 is 0.70× the peer median ₹990,000 across 1573 comparable works."
WS/MP673/2025-2026/176951,ND-WRK-2177,Normal/Others,2025-2026,298963.0,1573,990000.0,500000.0,1000000.0,0.3,0.0,False,"Sanctioned amount ₹298,963 is 0.30× the peer median ₹990,000 across 1573 comparable works."
WS/MP673/2025-2026/176580,ND-WRK-2176,Normal/Others,2025-2026,697913.0,1573,990000.0,500000.0,1000000.0,0.7,0.0,False,"Sanctioned amount ₹697,913 is 0.70× the peer median ₹990,000 across 1573 comparable works."
WS/MP673/2025-2026/172566,ND-WRK-2175,Normal/Others,2025-2026,300000.0,1573,990000.0,500000.0,1000000.0,0.3,0.0,False,"Sanctioned amount ₹300,000 is 0.30× the peer median ₹990,000 across 1573 comparable works."
WS/MP673/2025-2026/169929,ND-WRK-2174,Normal/Others,2025-2026,1293928.0,1573,990000.0,500000.0,1000000.0,1.31,0.0,False,"Sanctioned amount ₹1,293,928 is 1.31× the peer median ₹990,000 across 1573 comparable works."
WS/MP673/2025-2026/147093,ND-WRK-2172,Normal/Others,2025-2026,699164.0,1573,990000.0,500000.0,1000000.0,0.71,0.0,False,"Sanctioned amount ₹699,164 is 0.71× the peer median ₹990,000 across 1573 comparable works."
WS/MP673/2025-2026/145399,ND-WRK-2171,Normal/Others,2025-2026,299674.0,1573,990000.0,500000.0,1000000.0,0.3,0.0,False,"Sanctioned amount ₹299,674 is 0.30× the peer median ₹990,000 across 1573 comparable works."
WS/MP673/2025-2026/143160,ND-WRK-2170,Normal/Others,2025-2026,500000.0,1573,990000.0,500000.0,1000000.0,0.51,0.0,False,"Sanctioned amount ₹500,000 is 0.51× the peer median ₹990,000 across 1573 comparable works."
WS/MP673/2024-2025/139059,ND-WRK-2169,Normal/Others,2024-2025,299942.0,121,999711.0,700000.0,1000000.0,0.3,0.0,False,"Sanctioned amount ₹299,942 is 0.30× the peer median ₹999,711 across 121 comparable works."
WS/MP673/2024-2025/139034,ND-WRK-2168,Normal/Others,2024-2025,300000.0,121,999711.0,700000.0,1000000.0,0.3,0.0,False,"Sanctioned amount ₹300,000 is 0.30× the peer median ₹999,711 across 121 comparable works."
WS/MP672/2026-2027/276663,ND-WRK-2166,Normal/Others,2026-2027,836000.0,683,1000000.0,700000.0,1000000.0,0.84,0.0,False,"Sanctioned amount ₹836,000 is 0.84× the peer median ₹1,000,000 across 683 comparable works."
WS/MP672/2026-2027/272117,ND-WRK-2165,Normal/Others,2026-2027,1000000.0,683,1000000.0,700000.0,1000000.0,1.0,0.0,False,"Sanctioned amount ₹1,000,000 is 1.00× the peer median ₹1,000,000 across 683 comparable works."
WS/MP672/2026-2027/272115,ND-WRK-2164,Normal/Others,2026-2027,1000000.0,683,1000000.0,700000.0,1000000.0,1.0,0.0,False,"Sanctioned amount ₹1,000,000 is 1.00× the peer median ₹1,000,000 across 683 comparable works."
WS/MP673/2026-2027/193060,ND-WRK-2197,Normal/Others,2026-2027,500000.0,683,1000000.0,700000.0,1000000.0,0.5,0.0,False,"Sanctioned amount ₹500,000 is 0.50× the peer median ₹1,000,000 across 683 comparable works."
WS/MP673/2026-2027/193055,ND-WRK-2196,Normal/Others,2026-2027,300000.0,683,1000000.0,700000.0,1000000.0,0.3,0.0,False,"Sanctioned amount ₹300,000 is 0.30× the peer median ₹1,000,000 across 683 comparable works."
WS/MP673/2026-2027/182071,ND-WRK-2195,Normal/Others,2026-2027,700000.0,683,1000000.0,700000.0,1000000.0,0.7,0.0,False,"Sanctioned amount ₹700,000 is 0.70× the peer median ₹1,000,000 across 683 comparable works."
WS/MP673/2026-2027/176956,ND-WRK-2194,Normal/Others,2026-2027,694535.0,683,1000000.0,700000.0,1000000.0,0.69,0.0,False,"Sanctioned amount ₹694,535 is 0.69× the peer median ₹1,000,000 across 683 comparable works."
WS/MP673/2026-2027/176952,ND-WRK-2193,Normal/Others,2026-2027,298283.0,683,1000000.0,700000.0,1000000.0,0.3,0.0,False,"Sanctioned amount ₹298,283 is 0.30× the peer median ₹1,000,000 across 683 comparable works."
WS/MP673/2026-2027/172568,ND-WRK-2192,Normal/Others,2026-2027,700000.0,683,1000000.0,700000.0,1000000.0,0.7,0.0,False,"Sanctioned amount ₹700,000 is 0.70× the peer median ₹1,000,000 across 683 comparable works."
WS/MP673/2026-2027/163702,ND-WRK-2191,Normal/Others,2026-2027,666167.0,683,1000000.0,700000.0,1000000.0,0.67,0.0,False,"Sanctioned amount ₹666,167 is 0.67× the peer median ₹1,000,000 across 683 comparable works."
WS/MP673/2026-2027/145737,ND-WRK-2190,Normal/Others,2026-2027,750000.0,683,1000000.0,700000.0,1000000.0,0.75,0.0,False,"Sanctioned amount ₹750,000 is 0.75× the peer median ₹1,000,000 across 683 comparable works."
WS/MP673/2026-2027/145234,ND-WRK-2189,Normal/Others,2026-2027,1000000.0,683,1000000.0,700000.0,1000000.0,1.0,0.0,False,"Sanctioned amount ₹1,000,000 is 1.00× the peer median ₹1,000,000 across 683 comparable works."
WS/MP673/2025-2026/218083,ND-WRK-2188,Normal/Others,2025-2026,500000.0,1573,990000.0,500000.0,1000000.0,0.51,0.0,False,"Sanctioned amount ₹500,000 is 0.51× the peer median ₹990,000 across 1573 comparable works."
WS/MP673/2025-2026/214098,ND-WRK-2187,Normal/Others,2025-2026,497555.0,1573,990000.0,500000.0,1000000.0,0.5,0.0,False,"Sanctioned amount ₹497,555 is 0.50× the peer median ₹990,000 across 1573 comparable works."
WS/MP673/2025-2026/202437,ND-WRK-2186,Normal/Others,2025-2026,498630.0,1573,990000.0,500000.0,1000000.0,0.5,0.0,False,"Sanctioned amount ₹498,630 is 0.50× the peer median ₹990,000 across 1573 comparable works."
WS/MP673/2025-2026/201929,ND-WRK-2185,Normal/Others,2025-2026,696250.0,1573,990000.0,500000.0,1000000.0,0.7,0.0,False,"Sanctioned amount ₹696,250 is 0.70× the peer median ₹990,000 across 1573 comparable works."
WS/MP673/2025-2026/200173,ND-WRK-2184,Normal/Others,2025-2026,673517.0,1573,990000.0,500000.0,1000000.0,0.68,0.0,False,"Sanctioned amount ₹673,517 is 0.68× the peer median ₹990,000 across 1573 comparable works."
WS/MP673/2025-2026/199064,ND-WRK-2183,Normal/Others,2025-2026,696907.0,1573,990000.0,500000.0,1000000.0,0.7,0.0,False,"Sanctioned amount ₹696,907 is 0.70× the peer median ₹990,000 across 1573 comparable works."
WS/MP673/2025-2026/199040,ND-WRK-2182,Normal/Others,2025-2026,696803.0,1573,990000.0,500000.0,1000000.0,0.7,0.0,False,"Sanctioned amount ₹696,803 is 0.70× the peer median ₹990,000 across 1573 comparable works."
WS/MP673/2026-2027/240864,ND-WRK-2213,Normal/Others,2026-2027,699300.0,683,1000000.0,700000.0,1000000.0,0.7,0.0,False,"Sanctioned amount ₹699,300 is 0.70× the peer median ₹1,000,000 across 683 comparable works."
WS/MP673/2026-2027/238949,ND-WRK-2212,Normal/Others,2026-2027,999999.0,683,1000000.0,700000.0,1000000.0,1.0,0.0,False,"Sanctioned amount ₹999,999 is 1.00× the peer median ₹1,000,000 across 683 comparable works."
WS/MP673/2026-2027/227541,ND-WRK-2211,Normal/Others,2026-2027,700000.0,683,1000000.0,700000.0,1000000.0,0.7,0.0,False,"Sanctioned amount ₹700,000 is 0.70× the peer median ₹1,000,000 across 683 comparable works."
WS/MP673/2026-2027/225939,ND-WRK-2210,Normal/Others,2026-2027,1000000.0,683,1000000.0,700000.0,1000000.0,1.0,0.0,False,"Sanctioned amount ₹1,000,000 is 1.00× the peer median ₹1,000,000 across 683 comparable works."
WS/MP673/2026-2027/225719,ND-WRK-2209,Normal/Others,2026-2027,685572.0,683,1000000.0,700000.0,1000000.0,0.69,0.0,False,"Sanctioned amount ₹685,572 is 0.69× the peer median ₹1,000,000 across 683 comparable works."
WS/MP673/2026-2027/218587,ND-WRK-2208,Normal/Others,2026-2027,296176.0,683,1000000.0,700000.0,1000000.0,0.3,0.0,False,"Sanctioned amount ₹296,176 is 0.30× the peer median ₹1,000,000 across 683 comparable works."
WS/MP673/2026-2027/210710,ND-WRK-2207,Normal/Others,2026-2027,700000.0,683,1000000.0,700000.0,1000000.0,0.7,0.0,False,"Sanctioned amount ₹700,000 is 0.70× the peer median ₹1,000,000 across 683 comparable works."
WS/MP673/2026-2027/210708,ND-WRK-2206,Normal/Others,2026-2027,700000.0,683,1000000.0,700000.0,1000000.0,0.7,0.0,False,"Sanctioned amount ₹700,000 is 0.70× the peer median ₹1,000,000 across 683 comparable works."
WS/MP673/2026-2027/207539,ND-WRK-2205,Normal/Others,2026-2027,499900.0,683,1000000.0,700000.0,1000000.0,0.5,0.0,False,"Sanctioned amount ₹499,900 is 0.50× the peer median ₹1,000,000 across 683 comparable works."
WS/MP673/2026-2027/207526,ND-WRK-2204,Normal/Others,2026-2027,995670.0,683,1000000.0,700000.0,1000000.0,1.0,0.0,False,"Sanctioned amount ₹995,670 is 1.00× the peer median ₹1,000,000 across 683 comparable works."
WS/MP673/2026-2027/204854,ND-WRK-2203,Normal/Others,2026-2027,700000.0,683,1000000.0,700000.0,1000000.0,0.7,0.0,False,"Sanctioned amount ₹700,000 is 0.70× the peer median ₹1,000,000 across 683 comparable works."
WS/MP673/2026-2027/203683,ND-WRK-2202,Normal/Others,2026-2027,700000.0,683,1000000.0,700000.0,1000000.0,0.7,0.0,False,"Sanctioned amount ₹700,000 is 0.70× the peer median ₹1,000,000 across 683 comparable works."
WS/MP673/2026-2027/202474,ND-WRK-2201,Normal/Others,2026-2027,499400.0,683,1000000.0,700000.0,1000000.0,0.5,0.0,False,"Sanctioned amount ₹499,400 is 0.50× the peer median ₹1,000,000 across 683 comparable works."
WS/MP673/2026-2027/201963,ND-WRK-2200,Normal/Others,2026-2027,995416.0,683,1000000.0,700000.0,1000000.0,1.0,0.0,False,"Sanctioned amount ₹995,416 is 1.00× the peer median ₹1,000,000 across 683 comparable works."
WS/MP673/2026-2027/197787,ND-WRK-2199,Normal/Others,2026-2027,300000.0,683,1000000.0,700000.0,1000000.0,0.3,0.0,False,"Sanctioned amount ₹300,000 is 0.30× the peer median ₹1,000,000 across 683 comparable works."
WS/MP673/2026-2027/193064,ND-WRK-2198,Normal/Others,2026-2027,995271.0,683,1000000.0,700000.0,1000000.0,1.0,0.0,False,"Sanctioned amount ₹995,271 is 1.00× the peer median ₹1,000,000 across 683 comparable works."
WS/MP681/2024-2025/143649,ND-WRK-2229,Normal/Others,2024-2025,999000.0,121,999711.0,700000.0,1000000.0,1.0,0.0,False,"Sanctioned amount ₹999,000 is 1.00× the peer median ₹999,711 across 121 comparable works."
WS/MP681/2024-2025/143648,ND-WRK-2228,Normal/Others,2024-2025,899000.0,121,999711.0,700000.0,1000000.0,0.9,0.0,False,"Sanctioned amount ₹899,000 is 0.90× the peer median ₹999,711 across 121 comparable works."
WS/MP681/2024-2025/143647,ND-WRK-2227,Normal/Others,2024-2025,799000.0,121,999711.0,700000.0,1000000.0,0.8,0.0,False,"Sanctioned amount ₹799,000 is 0.80× the peer median ₹999,711 across 121 comparable works."
WS/MP681/2024-2025/143646,ND-WRK-2226,Normal/Others,2024-2025,799000.0,121,999711.0,700000.0,1000000.0,0.8,0.0,False,"Sanctioned amount ₹799,000 is 0.80× the peer median ₹999,711 across 121 comparable works."
WS/MP681/2024-2025/134805,ND-WRK-2225,Normal/Others,2024-2025,999711.0,121,999600.0,700000.0,1000000.0,1.0,0.0,False,"Sanctioned amount ₹999,711 is 1.00× the peer median ₹999,600 across 121 comparable works."
WS/MP681/2024-2025/134804,ND-WRK-2224,Normal/Others,2024-2025,999896.0,121,999600.0,700000.0,1000000.0,1.0,0.0,False,"Sanctioned amount ₹999,896 is 1.00× the peer median ₹999,600 across 121 comparable works."
WS/MP681/2024-2025/134803,ND-WRK-2223,Normal/Others,2024-2025,999904.0,121,999600.0,700000.0,1000000.0,1.0,0.0,False,"Sanctioned amount ₹999,904 is 1.00× the peer median ₹999,600 across 121 comparable works."
WS/MP692/2026-2027/183619,ND-WRK-2415,Normal/Others,2026-2027,1000000.0,683,1000000.0,700000.0,1000000.0,1.0,0.0,False,"Sanctioned amount ₹1,000,000 is 1.00× the peer median ₹1,000,000 across 683 comparable works."
WS/MP681/2024-2025/134801,ND-WRK-2221,Normal/Others,2024-2025,999978.0,121,999600.0,700000.0,1000000.0,1.0,0.0,False,"Sanctioned amount ₹999,978 is 1.00× the peer median ₹999,600 across 121 comparable works."
WS/MP681/2024-2025/134800,ND-WRK-2220,Normal/Others,2024-2025,999753.0,121,999600.0,700000.0,1000000.0,1.0,0.0,False,"Sanctioned amount ₹999,753 is 1.00× the peer median ₹999,600 across 121 comparable works."
WS/MP681/2024-2025/134799,ND-WRK-2219,Normal/Others,2024-2025,999356.0,121,999711.0,700000.0,1000000.0,1.0,0.0,False,"Sanctioned amount ₹999,356 is 1.00× the peer median ₹999,711 across 121 comparable works."
WS/MP681/2024-2025/134798,ND-WRK-2218,Normal/Others,2024-2025,998788.0,121,999711.0,700000.0,1000000.0,1.0,0.0,False,"Sanctioned amount ₹998,788 is 1.00× the peer median ₹999,711 across 121 comparable works."
WS/MP681/2024-2025/134797,ND-WRK-2217,Normal/Others,2024-2025,997623.0,121,999711.0,700000.0,1000000.0,1.0,0.0,False,"Sanctioned amount ₹997,623 is 1.00× the peer median ₹999,711 across 121 comparable works."
WS/MP675/2025-2026/257406,ND-WRK-2216,Normal/Others,2025-2026,500000.0,1573,990000.0,500000.0,1000000.0,0.51,0.0,False,"Sanctioned amount ₹500,000 is 0.51× the peer median ₹990,000 across 1573 comparable works."
WS/MP675/2025-2026/257402,ND-WRK-2215,Normal/Others,2025-2026,1000000.0,1573,990000.0,500000.0,1000000.0,1.01,0.0,False,"Sanctioned amount ₹1,000,000 is 1.01× the peer median ₹990,000 across 1573 comparable works."
WS/MP673/2026-2027/259050,ND-WRK-2214,Normal/Others,2026-2027,700000.0,683,1000000.0,700000.0,1000000.0,0.7,0.0,False,"Sanctioned amount ₹700,000 is 0.70× the peer median ₹1,000,000 across 683 comparable works."
WS/MP681/2024-2025/143981,ND-WRK-2245,Normal/Others,2024-2025,694100.0,121,999711.0,700000.0,1000000.0,0.69,0.0,False,"Sanctioned amount ₹694,100 is 0.69× the peer median ₹999,711 across 121 comparable works."
WS/MP681/2024-2025/143980,ND-WRK-2244,Normal/Others,2024-2025,699603.0,121,999711.0,700000.0,1000000.0,0.7,0.0,False,"Sanctioned amount ₹699,603 is 0.70× the peer median ₹999,711 across 121 comparable works."
WS/MP681/2024-2025/143979,ND-WRK-2243,Normal/Others,2024-2025,699426.0,121,999711.0,700000.0,1000000.0,0.7,0.0,False,"Sanctioned amount ₹699,426 is 0.70× the peer median ₹999,711 across 121 comparable works."
WS/MP681/2024-2025/143976,ND-WRK-2242,Normal/Others,2024-2025,699760.0,121,999711.0,700000.0,1000000.0,0.7,0.0,False,"Sanctioned amount ₹699,760 is 0.70× the peer median ₹999,711 across 121 comparable works."
WS/MP681/2024-2025/143975,ND-WRK-2241,Normal/Others,2024-2025,699957.0,121,999711.0,700000.0,1000000.0,0.7,0.0,False,"Sanctioned amount ₹699,957 is 0.70× the peer median ₹999,711 across 121 comparable works."
WS/MP681/2024-2025/143974,ND-WRK-2240,Normal/Others,2024-2025,699926.0,121,999711.0,700000.0,1000000.0,0.7,0.0,False,"Sanctioned amount ₹699,926 is 0.70× the peer median ₹999,711 across 121 comparable works."
WS/MP681/2024-2025/143972,ND-WRK-2239,Normal/Others,2024-2025,999768.0,121,999600.0,700000.0,1000000.0,1.0,0.0,False,"Sanctioned amount ₹999,768 is 1.00× the peer median ₹999,600 across 121 comparable works."
WS/MP681/2024-2025/143971,ND-WRK-2238,Normal/Others,2024-2025,498686.0,121,999711.0,700000.0,1000000.0,0.5,0.0,False,"Sanctioned amount ₹498,686 is 0.50× the peer median ₹999,711 across 121 comparable works."
WS/MP681/2024-2025/143809,ND-WRK-2237,Normal/Others,2024-2025,999464.0,121,999711.0,700000.0,1000000.0,1.0,0.0,False,"Sanctioned amount ₹999,464 is 1.00× the peer median ₹999,711 across 121 comparable works."
WS/MP681/2024-2025/143658,ND-WRK-2236,Normal/Others,2024-2025,1000000.0,121,999600.0,700000.0,1000000.0,1.0,0.0,False,"Sanctioned amount ₹1,000,000 is 1.00× the peer median ₹999,600 across 121 comparable works."
WS/MP681/2024-2025/143657,ND-WRK-2235,Normal/Others,2024-2025,1000000.0,121,999600.0,700000.0,1000000.0,1.0,0.0,False,"Sanctioned amount ₹1,000,000 is 1.00× the peer median ₹999,600 across 121 comparable works."
WS/MP681/2024-2025/143655,ND-WRK-2234,Normal/Others,2024-2025,999000.0,121,999711.0,700000.0,1000000.0,1.0,0.0,False,"Sanctioned amount ₹999,000 is 1.00× the peer median ₹999,711 across 121 comparable works."
WS/MP681/2024-2025/143654,ND-WRK-2233,Normal/Others,2024-2025,999000.0,121,999711.0,700000.0,1000000.0,1.0,0.0,False,"Sanctioned amount ₹999,000 is 1.00× the peer median ₹999,711 across 121 comparable works."
WS/MP681/2024-2025/143652,ND-WRK-2232,Normal/Others,2024-2025,799000.0,121,999711.0,700000.0,1000000.0,0.8,0.0,False,"Sanctioned amount ₹799,000 is 0.80× the peer median ₹999,711 across 121 comparable works."
WS/MP681/2024-2025/143651,ND-WRK-2231,Normal/Others,2024-2025,899000.0,121,999711.0,700000.0,1000000.0,0.9,0.0,False,"Sanctioned amount ₹899,000 is 0.90× the peer median ₹999,711 across 121 comparable works."
WS/MP681/2024-2025/143650,ND-WRK-2230,Normal/Others,2024-2025,799000.0,121,999711.0,700000.0,1000000.0,0.8,0.0,False,"Sanctioned amount ₹799,000 is 0.80× the peer median ₹999,711 across 121 comparable works."
WS/MP681/2025-2026/144039,ND-WRK-2262,Normal/Others,2025-2026,1000000.0,1573,990000.0,500000.0,1000000.0,1.01,0.0,False,"Sanctioned amount ₹1,000,000 is 1.01× the peer median ₹990,000 across 1573 comparable works."
WS/MP681/2025-2026/143978,ND-WRK-2261,Normal/Others,2025-2026,699809.0,1573,990000.0,500000.0,1000000.0,0.71,0.0,False,"Sanctioned amount ₹699,809 is 0.71× the peer median ₹990,000 across 1573 comparable works."
WS/MP681/2024-2025/163049,ND-WRK-2260,Normal/Others,2024-2025,999478.0,121,999711.0,700000.0,1000000.0,1.0,0.0,False,"Sanctioned amount ₹999,478 is 1.00× the peer median ₹999,711 across 121 comparable works."
WS/MP681/2024-2025/163047,ND-WRK-2259,Normal/Others,2024-2025,997697.0,121,999711.0,700000.0,1000000.0,1.0,0.0,False,"Sanctioned amount ₹997,697 is 1.00× the peer median ₹999,711 across 121 comparable works."
WS/MP681/2024-2025/161565,ND-WRK-2257,Normal/Others,2024-2025,599968.0,121,999711.0,700000.0,1000000.0,0.6,0.0,False,"Sanctioned amount ₹599,968 is 0.60× the peer median ₹999,711 across 121 comparable works."
WS/MP681/2024-2025/161563,ND-WRK-2256,Normal/Others,2024-2025,699821.0,121,999711.0,700000.0,1000000.0,0.7,0.0,False,"Sanctioned amount ₹699,821 is 0.70× the peer median ₹999,711 across 121 comparable works."
WS/MP681/2024-2025/161539,ND-WRK-2255,Normal/Others,2024-2025,499500.0,121,999711.0,700000.0,1000000.0,0.5,0.0,False,"Sanctioned amount ₹499,500 is 0.50× the peer median ₹999,711 across 121 comparable works."
WS/MP681/2024-2025/158411,ND-WRK-2254,Normal/Others,2024-2025,999965.0,121,999600.0,700000.0,1000000.0,1.0,0.0,False,"Sanctioned amount ₹999,965 is 1.00× the peer median ₹999,600 across 121 comparable works."
WS/MP681/2024-2025/145255,ND-WRK-2253,Normal/Others,2024-2025,999768.0,121,999600.0,700000.0,1000000.0,1.0,0.0,False,"Sanctioned amount ₹999,768 is 1.00× the peer median ₹999,600 across 121 comparable works."
WS/MP681/2024-2025/145252,ND-WRK-2252,Normal/Others,2024-2025,999154.0,121,999711.0,700000.0,1000000.0,1.0,0.0,False,"Sanctioned amount ₹999,154 is 1.00× the peer median ₹999,711 across 121 comparable works."
WS/MP681/2024-2025/144067,ND-WRK-2251,Normal/Others,2024-2025,500000.0,121,999711.0,700000.0,1000000.0,0.5,0.0,False,"Sanctioned amount ₹500,000 is 0.50× the peer median ₹999,711 across 121 comparable works."
WS/MP681/2024-2025/144041,ND-WRK-2250,Normal/Others,2024-2025,1000000.0,121,999600.0,700000.0,1000000.0,1.0,0.0,False,"Sanctioned amount ₹1,000,000 is 1.00× the peer median ₹999,600 across 121 comparable works."
WS/MP681/2024-2025/144040,ND-WRK-2249,Normal/Others,2024-2025,700000.0,121,999711.0,700000.0,1000000.0,0.7,0.0,False,"Sanctioned amount ₹700,000 is 0.70× the peer median ₹999,711 across 121 comparable works."
WS/MP681/2024-2025/144038,ND-WRK-2248,Normal/Others,2024-2025,1000000.0,121,999600.0,700000.0,1000000.0,1.0,0.0,False,"Sanctioned amount ₹1,000,000 is 1.00× the peer median ₹999,600 across 121 comparable works."
WS/MP681/2024-2025/143983,ND-WRK-2247,Normal/Others,2024-2025,699851.0,121,999711.0,700000.0,1000000.0,0.7,0.0,False,"Sanctioned amount ₹699,851 is 0.70× the peer median ₹999,711 across 121 comparable works."
WS/MP681/2024-2025/143982,ND-WRK-2246,Normal/Others,2024-2025,694100.0,121,999711.0,700000.0,1000000.0,0.69,0.0,False,"Sanctioned amount ₹694,100 is 0.69× the peer median ₹999,711 across 121 comparable works."
WS/MP681/2026-2027/257825,ND-WRK-2280,Normal/Others,2026-2027,300000.0,683,1000000.0,700000.0,1000000.0,0.3,0.0,False,"Sanctioned amount ₹300,000 is 0.30× the peer median ₹1,000,000 across 683 comparable works."
WS/MP681/2026-2027/257816,ND-WRK-2279,Normal/Others,2026-2027,700000.0,683,1000000.0,700000.0,1000000.0,0.7,0.0,False,"Sanctioned amount ₹700,000 is 0.70× the peer median ₹1,000,000 across 683 comparable works."
WS/MP681/2026-2027/251036,ND-WRK-2278,Normal/Others,2026-2027,1000000.0,683,1000000.0,700000.0,1000000.0,1.0,0.0,False,"Sanctioned amount ₹1,000,000 is 1.00× the peer median ₹1,000,000 across 683 comparable works."
WS/MP681/2025-2026/255342,ND-WRK-2277,Normal/Others,2025-2026,1000000.0,1573,990000.0,500000.0,1000000.0,1.01,0.0,False,"Sanctioned amount ₹1,000,000 is 1.01× the peer median ₹990,000 across 1573 comparable works."
WS/MP681/2025-2026/255341,ND-WRK-2276,Normal/Others,2025-2026,600000.0,1573,990000.0,500000.0,1000000.0,0.61,0.0,False,"Sanctioned amount ₹600,000 is 0.61× the peer median ₹990,000 across 1573 comparable works."
WS/MP681/2025-2026/255339,ND-WRK-2275,Normal/Others,2025-2026,700000.0,1573,990000.0,500000.0,1000000.0,0.71,0.0,False,"Sanctioned amount ₹700,000 is 0.71× the peer median ₹990,000 across 1573 comparable works."
WS/MP681/2025-2026/255338,ND-WRK-2274,Normal/Others,2025-2026,700000.0,1573,990000.0,500000.0,1000000.0,0.71,0.0,False,"Sanctioned amount ₹700,000 is 0.71× the peer median ₹990,000 across 1573 comparable works."
WS/MP681/2025-2026/255337,ND-WRK-2273,Normal/Others,2025-2026,700000.0,1573,990000.0,500000.0,1000000.0,0.71,0.0,False,"Sanctioned amount ₹700,000 is 0.71× the peer median ₹990,000 across 1573 comparable works."
WS/MP681/2025-2026/251028,ND-WRK-2271,Normal/Others,2025-2026,499735.0,1573,990000.0,500000.0,1000000.0,0.5,0.0,False,"Sanctioned amount ₹499,735 is 0.50× the peer median ₹990,000 across 1573 comparable works."
WS/MP681/2025-2026/251026,ND-WRK-2270,Normal/Others,2025-2026,495744.0,1573,990000.0,500000.0,1000000.0,0.5,0.0,False,"Sanctioned amount ₹495,744 is 0.50× the peer median ₹990,000 across 1573 comparable works."
WS/MP681/2025-2026/251020,ND-WRK-2269,Normal/Others,2025-2026,500000.0,1573,990000.0,500000.0,1000000.0,0.51,0.0,False,"Sanctioned amount ₹500,000 is 0.51× the peer median ₹990,000 across 1573 comparable works."
WS/MP681/2025-2026/163067,ND-WRK-2267,Normal/Others,2025-2026,999577.0,1573,990000.0,500000.0,1000000.0,1.01,0.0,False,"Sanctioned amount ₹999,577 is 1.01× the peer median ₹990,000 across 1573 comparable works."
WS/MP681/2025-2026/163066,ND-WRK-2266,Normal/Others,2025-2026,899978.0,1573,990000.0,500000.0,1000000.0,0.91,0.0,False,"Sanctioned amount ₹899,978 is 0.91× the peer median ₹990,000 across 1573 comparable works."
WS/MP681/2025-2026/161564,ND-WRK-2265,Normal/Others,2025-2026,700000.0,1573,990000.0,500000.0,1000000.0,0.71,0.0,False,"Sanctioned amount ₹700,000 is 0.71× the peer median ₹990,000 across 1573 comparable works."
WS/MP681/2025-2026/161562,ND-WRK-2264,Normal/Others,2025-2026,699980.0,1573,990000.0,500000.0,1000000.0,0.71,0.0,False,"Sanctioned amount ₹699,980 is 0.71× the peer median ₹990,000 across 1573 comparable works."
WS/MP681/2025-2026/144068,ND-WRK-2263,Normal/Others,2025-2026,700000.0,1573,990000.0,500000.0,1000000.0,0.71,0.0,False,"Sanctioned amount ₹700,000 is 0.71× the peer median ₹990,000 across 1573 comparable works."
WS/MP685/2025-2026/187994,ND-WRK-2296,Normal/Others,2025-2026,1498219.0,1573,990000.0,500000.0,1000000.0,1.51,0.0,False,"Sanctioned amount ₹1,498,219 is 1.51× the peer median ₹990,000 across 1573 comparable works."
WS/MP685/2025-2026/187646,ND-WRK-2295,Normal/Others,2025-2026,1000000.0,1573,990000.0,500000.0,1000000.0,1.01,0.0,False,"Sanctioned amount ₹1,000,000 is 1.01× the peer median ₹990,000 across 1573 comparable works."
WS/MP685/2025-2026/187645,ND-WRK-2294,Normal/Others,2025-2026,1000000.0,1573,990000.0,500000.0,1000000.0,1.01,0.0,False,"Sanctioned amount ₹1,000,000 is 1.01× the peer median ₹990,000 across 1573 comparable works."
WS/MP685/2025-2026/182072,ND-WRK-2293,Normal/Others,2025-2026,697697.0,1573,990000.0,500000.0,1000000.0,0.7,0.0,False,"Sanctioned amount ₹697,697 is 0.70× the peer median ₹990,000 across 1573 comparable works."
WS/MP685/2025-2026/176775,ND-WRK-2292,Normal/Others,2025-2026,1000000.0,1573,990000.0,500000.0,1000000.0,1.01,0.0,False,"Sanctioned amount ₹1,000,000 is 1.01× the peer median ₹990,000 across 1573 comparable works."
WS/MP685/2025-2026/175373,ND-WRK-2291,Normal/Others,2025-2026,994543.0,1573,990000.0,500000.0,1000000.0,1.0,0.0,False,"Sanctioned amount ₹994,543 is 1.00× the peer median ₹990,000 across 1573 comparable works."
WS/MP685/2025-2026/171729,ND-WRK-2290,Normal/Others,2025-2026,499000.0,1573,990000.0,500000.0,1000000.0,0.5,0.0,False,"Sanctioned amount ₹499,000 is 0.50× the peer median ₹990,000 across 1573 comparable works."
WS/MP685/2025-2026/170394,ND-WRK-2289,Normal/Others,2025-2026,500000.0,1573,990000.0,500000.0,1000000.0,0.51,0.0,False,"Sanctioned amount ₹500,000 is 0.51× the peer median ₹990,000 across 1573 comparable works."
WS/MP685/2025-2026/143374,ND-WRK-2288,Normal/Others,2025-2026,996226.0,1573,990000.0,500000.0,1000000.0,1.01,0.0,False,"Sanctioned amount ₹996,226 is 1.01× the peer median ₹990,000 across 1573 comparable works."
WS/MP685/2024-2025/143370,ND-WRK-2287,Normal/Others,2024-2025,996010.0,121,999711.0,700000.0,1000000.0,1.0,0.0,False,"Sanctioned amount ₹996,010 is 1.00× the peer median ₹999,711 across 121 comparable works."
WS/MP685/2024-2025/143369,ND-WRK-2286,Normal/Others,2024-2025,996227.0,121,999711.0,700000.0,1000000.0,1.0,0.0,False,"Sanctioned amount ₹996,227 is 1.00× the peer median ₹999,711 across 121 comparable works."
WS/MP685/2024-2025/143368,ND-WRK-2285,Normal/Others,2024-2025,997319.0,121,999711.0,700000.0,1000000.0,1.0,0.0,False,"Sanctioned amount ₹997,319 is 1.00× the peer median ₹999,711 across 121 comparable works."
WS/MP685/2024-2025/143367,ND-WRK-2284,Normal/Others,2024-2025,996227.0,121,999711.0,700000.0,1000000.0,1.0,0.0,False,"Sanctioned amount ₹996,227 is 1.00× the peer median ₹999,711 across 121 comparable works."
WS/MP685/2024-2025/143366,ND-WRK-2283,Normal/Others,2024-2025,996227.0,121,999711.0,700000.0,1000000.0,1.0,0.0,False,"Sanctioned amount ₹996,227 is 1.00× the peer median ₹999,711 across 121 comparable works."
WS/MP685/2024-2025/143365,ND-WRK-2282,Normal/Others,2024-2025,995777.0,121,999711.0,700000.0,1000000.0,1.0,0.0,False,"Sanctioned amount ₹995,777 is 1.00× the peer median ₹999,711 across 121 comparable works."
WS/MP685/2024-2025/143363,ND-WRK-2281,Normal/Others,2024-2025,998243.0,121,999711.0,700000.0,1000000.0,1.0,0.0,False,"Sanctioned amount ₹998,243 is 1.00× the peer median ₹999,711 across 121 comparable works."
WS/MP685/2025-2026/196313,ND-WRK-2312,Normal/Others,2025-2026,500000.0,1573,990000.0,500000.0,1000000.0,0.51,0.0,False,"Sanctioned amount ₹500,000 is 0.51× the peer median ₹990,000 across 1573 comparable works."
WS/MP685/2025-2026/196312,ND-WRK-2311,Normal/Others,2025-2026,600000.0,1573,990000.0,500000.0,1000000.0,0.61,0.0,False,"Sanctioned amount ₹600,000 is 0.61× the peer median ₹990,000 across 1573 comparable works."
WS/MP685/2025-2026/196310,ND-WRK-2310,Normal/Others,2025-2026,300000.0,1573,990000.0,500000.0,1000000.0,0.3,0.0,False,"Sanctioned amount ₹300,000 is 0.30× the peer median ₹990,000 across 1573 comparable works."
WS/MP685/2025-2026/196308,ND-WRK-2309,Normal/Others,2025-2026,300000.0,1573,990000.0,500000.0,1000000.0,0.3,0.0,False,"Sanctioned amount ₹300,000 is 0.30× the peer median ₹990,000 across 1573 comparable works."
WS/MP685/2025-2026/196307,ND-WRK-2308,Normal/Others,2025-2026,300000.0,1573,990000.0,500000.0,1000000.0,0.3,0.0,False,"Sanctioned amount ₹300,000 is 0.30× the peer median ₹990,000 across 1573 comparable works."
WS/MP685/2025-2026/196305,ND-WRK-2307,Normal/Others,2025-2026,600000.0,1573,990000.0,500000.0,1000000.0,0.61,0.0,False,"Sanctioned amount ₹600,000 is 0.61× the peer median ₹990,000 across 1573 comparable works."
WS/MP685/2025-2026/196303,ND-WRK-2306,Normal/Others,2025-2026,300000.0,1573,990000.0,500000.0,1000000.0,0.3,0.0,False,"Sanctioned amount ₹300,000 is 0.30× the peer median ₹990,000 across 1573 comparable works."
WS/MP685/2025-2026/196302,ND-WRK-2305,Normal/Others,2025-2026,300000.0,1573,990000.0,500000.0,1000000.0,0.3,0.0,False,"Sanctioned amount ₹300,000 is 0.30× the peer median ₹990,000 across 1573 comparable works."
WS/MP685/2025-2026/196301,ND-WRK-2304,Normal/Others,2025-2026,300000.0,1573,990000.0,500000.0,1000000.0,0.3,0.0,False,"Sanctioned amount ₹300,000 is 0.30× the peer median ₹990,000 across 1573 comparable works."
WS/MP685/2025-2026/196299,ND-WRK-2303,Normal/Others,2025-2026,300000.0,1573,990000.0,500000.0,1000000.0,0.3,0.0,False,"Sanctioned amount ₹300,000 is 0.30× the peer median ₹990,000 across 1573 comparable works."
WS/MP685/2025-2026/196297,ND-WRK-2302,Normal/Others,2025-2026,300000.0,1573,990000.0,500000.0,1000000.0,0.3,0.0,False,"Sanctioned amount ₹300,000 is 0.30× the peer median ₹990,000 across 1573 comparable works."
WS/MP685/2025-2026/196296,ND-WRK-2301,Normal/Others,2025-2026,600000.0,1573,990000.0,500000.0,1000000.0,0.61,0.0,False,"Sanctioned amount ₹600,000 is 0.61× the peer median ₹990,000 across 1573 comparable works."
WS/MP685/2025-2026/194555,ND-WRK-2300,Normal/Others,2025-2026,994791.0,1573,990000.0,500000.0,1000000.0,1.0,0.0,False,"Sanctioned amount ₹994,791 is 1.00× the peer median ₹990,000 across 1573 comparable works."
WS/MP685/2025-2026/194549,ND-WRK-2299,Normal/Others,2025-2026,991771.0,1573,990000.0,500000.0,1000000.0,1.0,0.0,False,"Sanctioned amount ₹991,771 is 1.00× the peer median ₹990,000 across 1573 comparable works."
WS/MP685/2025-2026/194548,ND-WRK-2298,Normal/Others,2025-2026,999565.0,1573,990000.0,500000.0,1000000.0,1.01,0.0,False,"Sanctioned amount ₹999,565 is 1.01× the peer median ₹990,000 across 1573 comparable works."
WS/MP685/2025-2026/187995,ND-WRK-2297,Normal/Others,2025-2026,999000.0,1573,990000.0,500000.0,1000000.0,1.01,0.0,False,"Sanctioned amount ₹999,000 is 1.01× the peer median ₹990,000 across 1573 comparable works."
WS/MP685/2026-2027/233088,ND-WRK-2328,Normal/Others,2026-2027,1000000.0,683,1000000.0,700000.0,1000000.0,1.0,0.0,False,"Sanctioned amount ₹1,000,000 is 1.00× the peer median ₹1,000,000 across 683 comparable works."
WS/MP685/2026-2027/194546,ND-WRK-2327,Normal/Others,2026-2027,1000000.0,683,1000000.0,700000.0,1000000.0,1.0,0.0,False,"Sanctioned amount ₹1,000,000 is 1.00× the peer median ₹1,000,000 across 683 comparable works."
WS/MP685/2026-2027/187654,ND-WRK-2326,Normal/Others,2026-2027,500000.0,683,1000000.0,700000.0,1000000.0,0.5,0.0,False,"Sanctioned amount ₹500,000 is 0.50× the peer median ₹1,000,000 across 683 comparable works."
WS/MP685/2026-2027/187648,ND-WRK-2325,Normal/Others,2026-2027,1000000.0,683,1000000.0,700000.0,1000000.0,1.0,0.0,False,"Sanctioned amount ₹1,000,000 is 1.00× the peer median ₹1,000,000 across 683 comparable works."
WS/MP685/2026-2027/187647,ND-WRK-2324,Normal/Others,2026-2027,1000000.0,683,1000000.0,700000.0,1000000.0,1.0,0.0,False,"Sanctioned amount ₹1,000,000 is 1.00× the peer median ₹1,000,000 across 683 comparable works."
WS/MP685/2026-2027/182025,ND-WRK-2323,Normal/Others,2026-2027,700000.0,683,1000000.0,700000.0,1000000.0,0.7,0.0,False,"Sanctioned amount ₹700,000 is 0.70× the peer median ₹1,000,000 across 683 comparable works."
WS/MP685/2026-2027/182019,ND-WRK-2322,Normal/Others,2026-2027,300000.0,683,1000000.0,700000.0,1000000.0,0.3,0.0,False,"Sanctioned amount ₹300,000 is 0.30× the peer median ₹1,000,000 across 683 comparable works."
WS/MP685/2026-2027/182018,ND-WRK-2321,Normal/Others,2026-2027,500000.0,683,1000000.0,700000.0,1000000.0,0.5,0.0,False,"Sanctioned amount ₹500,000 is 0.50× the peer median ₹1,000,000 across 683 comparable works."
WS/MP685/2026-2027/182017,ND-WRK-2320,Normal/Others,2026-2027,700000.0,683,1000000.0,700000.0,1000000.0,0.7,0.0,False,"Sanctioned amount ₹700,000 is 0.70× the peer median ₹1,000,000 across 683 comparable works."
WS/MP685/2026-2027/176774,ND-WRK-2319,Normal/Others,2026-2027,1000000.0,683,1000000.0,700000.0,1000000.0,1.0,0.0,False,"Sanctioned amount ₹1,000,000 is 1.00× the peer median ₹1,000,000 across 683 comparable works."
WS/MP685/2026-2027/174726,ND-WRK-2318,Normal/Others,2026-2027,1000000.0,683,1000000.0,700000.0,1000000.0,1.0,0.0,False,"Sanctioned amount ₹1,000,000 is 1.00× the peer median ₹1,000,000 across 683 comparable works."
WS/MP685/2026-2027/170395,ND-WRK-2317,Normal/Others,2026-2027,1000000.0,683,1000000.0,700000.0,1000000.0,1.0,0.0,False,"Sanctioned amount ₹1,000,000 is 1.00× the peer median ₹1,000,000 across 683 comparable works."
WS/MP692/2026-2027/183613,ND-WRK-2414,Normal/Others,2026-2027,500000.0,683,1000000.0,700000.0,1000000.0,0.5,0.0,False,"Sanctioned amount ₹500,000 is 0.50× the peer median ₹1,000,000 across 683 comparable works."
WS/MP685/2026-2027/159572,ND-WRK-2315,Normal/Others,2026-2027,1000000.0,683,1000000.0,700000.0,1000000.0,1.0,0.0,False,"Sanctioned amount ₹1,000,000 is 1.00× the peer median ₹1,000,000 across 683 comparable works."
WS/MP685/2025-2026/196341,ND-WRK-2314,Normal/Others,2025-2026,600000.0,1573,990000.0,500000.0,1000000.0,0.61,0.0,False,"Sanctioned amount ₹600,000 is 0.61× the peer median ₹990,000 across 1573 comparable works."
WS/MP685/2025-2026/196314,ND-WRK-2313,Normal/Others,2025-2026,600000.0,1573,990000.0,500000.0,1000000.0,0.61,0.0,False,"Sanctioned amount ₹600,000 is 0.61× the peer median ₹990,000 across 1573 comparable works."
WS/MP18110/2026-2027/269582,ND-WRK-0043,Normal/Others,2026-2027,1200000.0,683,1000000.0,700000.0,1000000.0,1.2,0.0,False,"Sanctioned amount ₹1,200,000 is 1.20× the peer median ₹1,000,000 across 683 comparable works."
WS/MP18110/2026-2027/269581,ND-WRK-0042,Normal/Others,2026-2027,1200000.0,683,1000000.0,700000.0,1000000.0,1.2,0.0,False,"Sanctioned amount ₹1,200,000 is 1.20× the peer median ₹1,000,000 across 683 comparable works."
WS/MP18110/2026-2027/269580,ND-WRK-0041,Normal/Others,2026-2027,1200000.0,683,1000000.0,700000.0,1000000.0,1.2,0.0,False,"Sanctioned amount ₹1,200,000 is 1.20× the peer median ₹1,000,000 across 683 comparable works."
WS/MP18110/2026-2027/269579,ND-WRK-0040,Normal/Others,2026-2027,1200000.0,683,1000000.0,700000.0,1000000.0,1.2,0.0,False,"Sanctioned amount ₹1,200,000 is 1.20× the peer median ₹1,000,000 across 683 comparable works."
WS/MP18110/2026-2027/269384,ND-WRK-0039,Normal/Others,2026-2027,1000000.0,683,1000000.0,700000.0,1000000.0,1.0,0.0,False,"Sanctioned amount ₹1,000,000 is 1.00× the peer median ₹1,000,000 across 683 comparable works."
WS/MP18110/2026-2027/269381,ND-WRK-0038,Normal/Others,2026-2027,1000000.0,683,1000000.0,700000.0,1000000.0,1.0,0.0,False,"Sanctioned amount ₹1,000,000 is 1.00× the peer median ₹1,000,000 across 683 comparable works."
WS/MP18110/2026-2027/269380,ND-WRK-0037,Trust and Society,2026-2027,1500000.0,4,,,,,0.0,False,Insufficient comparable works: 4 peers.
WS/MP18110/2026-2027/263949,ND-WRK-0035,Normal/Others,2026-2027,1200000.0,683,1000000.0,700000.0,1000000.0,1.2,0.0,False,"Sanctioned amount ₹1,200,000 is 1.20× the peer median ₹1,000,000 across 683 comparable works."
WS/MP692/2026-2027/183611,ND-WRK-2413,Normal/Others,2026-2027,500000.0,683,1000000.0,700000.0,1000000.0,0.5,0.0,False,"Sanctioned amount ₹500,000 is 0.50× the peer median ₹1,000,000 across 683 comparable works."
WS/MP18110/2026-2027/263947,ND-WRK-0033,Normal/Others,2026-2027,1200000.0,683,1000000.0,700000.0,1000000.0,1.2,0.0,False,"Sanctioned amount ₹1,200,000 is 1.20× the peer median ₹1,000,000 across 683 comparable works."
WS/MP687/2025-2026/182080,ND-WRK-2335,Normal/Others,2025-2026,1497755.0,1573,990000.0,500000.0,1000000.0,1.51,0.0,False,"Sanctioned amount ₹1,497,755 is 1.51× the peer median ₹990,000 across 1573 comparable works."
WS/MP687/2025-2026/182068,ND-WRK-2334,Trust and Society,2025-2026,2500000.0,17,1000000.0,1000000.0,2500000.0,2.5,0.0,False,"Sanctioned amount ₹2,500,000 is 2.50× the peer median ₹1,000,000 across 17 comparable works."
WS/MP685/2026-2027/257924,ND-WRK-2332,Normal/Others,2026-2027,1000000.0,683,1000000.0,700000.0,1000000.0,1.0,0.0,False,"Sanctioned amount ₹1,000,000 is 1.00× the peer median ₹1,000,000 across 683 comparable works."
WS/MP692/2026-2027/183598,ND-WRK-2412,Normal/Others,2026-2027,300000.0,683,1000000.0,700000.0,1000000.0,0.3,0.0,False,"Sanctioned amount ₹300,000 is 0.30× the peer median ₹1,000,000 across 683 comparable works."
WS/MP685/2026-2027/246450,ND-WRK-2330,Normal/Others,2026-2027,1000000.0,683,1000000.0,700000.0,1000000.0,1.0,0.0,False,"Sanctioned amount ₹1,000,000 is 1.00× the peer median ₹1,000,000 across 683 comparable works."
WS/MP685/2026-2027/233089,ND-WRK-2329,Normal/Others,2026-2027,1000000.0,683,1000000.0,700000.0,1000000.0,1.0,0.0,False,"Sanctioned amount ₹1,000,000 is 1.00× the peer median ₹1,000,000 across 683 comparable works."
WS/MP687/2025-2026/182572,ND-WRK-2353,Normal/Others,2025-2026,1000000.0,1573,990000.0,500000.0,1000000.0,1.01,0.0,False,"Sanctioned amount ₹1,000,000 is 1.01× the peer median ₹990,000 across 1573 comparable works."
WS/MP687/2025-2026/182571,ND-WRK-2352,Normal/Others,2025-2026,1000000.0,1573,990000.0,500000.0,1000000.0,1.01,0.0,False,"Sanctioned amount ₹1,000,000 is 1.01× the peer median ₹990,000 across 1573 comparable works."
WS/MP687/2025-2026/182568,ND-WRK-2349,Normal/Others,2025-2026,699000.0,1573,990000.0,500000.0,1000000.0,0.71,0.0,False,"Sanctioned amount ₹699,000 is 0.71× the peer median ₹990,000 across 1573 comparable works."
WS/MP692/2026-2027/183481,ND-WRK-2411,Normal/Others,2026-2027,1000000.0,683,1000000.0,700000.0,1000000.0,1.0,0.0,False,"Sanctioned amount ₹1,000,000 is 1.00× the peer median ₹1,000,000 across 683 comparable works."
WS/MP687/2025-2026/182096,ND-WRK-2345,Normal/Others,2025-2026,699000.0,1573,990000.0,500000.0,1000000.0,0.71,0.0,False,"Sanctioned amount ₹699,000 is 0.71× the peer median ₹990,000 across 1573 comparable works."
WS/MP687/2025-2026/182094,ND-WRK-2344,Normal/Others,2025-2026,1499000.0,1573,990000.0,500000.0,1000000.0,1.51,0.0,False,"Sanctioned amount ₹1,499,000 is 1.51× the peer median ₹990,000 across 1573 comparable works."
WS/MP687/2025-2026/182089,ND-WRK-2342,Normal/Others,2025-2026,999000.0,1573,990000.0,500000.0,1000000.0,1.01,0.0,False,"Sanctioned amount ₹999,000 is 1.01× the peer median ₹990,000 across 1573 comparable works."
WS/MP687/2025-2026/182088,ND-WRK-2341,Normal/Others,2025-2026,1497654.0,1573,990000.0,500000.0,1000000.0,1.51,0.0,False,"Sanctioned amount ₹1,497,654 is 1.51× the peer median ₹990,000 across 1573 comparable works."
WS/MP687/2025-2026/182087,ND-WRK-2340,Normal/Others,2025-2026,749000.0,1573,990000.0,500000.0,1000000.0,0.76,0.0,False,"Sanctioned amount ₹749,000 is 0.76× the peer median ₹990,000 across 1573 comparable works."
WS/MP687/2025-2026/182084,ND-WRK-2338,Normal/Others,2025-2026,1497402.0,1573,990000.0,500000.0,1000000.0,1.51,0.0,False,"Sanctioned amount ₹1,497,402 is 1.51× the peer median ₹990,000 across 1573 comparable works."
WS/MP687/2025-2026/182083,ND-WRK-2337,Normal/Others,2025-2026,700000.0,1573,990000.0,500000.0,1000000.0,0.71,0.0,False,"Sanctioned amount ₹700,000 is 0.71× the peer median ₹990,000 across 1573 comparable works."
WS/MP18110/2026-2027/269937,ND-WRK-0048,Normal/Others,2026-2027,1000000.0,683,1000000.0,700000.0,1000000.0,1.0,0.0,False,"Sanctioned amount ₹1,000,000 is 1.00× the peer median ₹1,000,000 across 683 comparable works."
WS/MP18110/2026-2027/269936,ND-WRK-0047,Normal/Others,2026-2027,1000000.0,683,1000000.0,700000.0,1000000.0,1.0,0.0,False,"Sanctioned amount ₹1,000,000 is 1.00× the peer median ₹1,000,000 across 683 comparable works."
WS/MP18110/2026-2027/269935,ND-WRK-0046,Normal/Others,2026-2027,1000000.0,683,1000000.0,700000.0,1000000.0,1.0,0.0,False,"Sanctioned amount ₹1,000,000 is 1.00× the peer median ₹1,000,000 across 683 comparable works."
WS/MP18110/2026-2027/269584,ND-WRK-0045,Normal/Others,2026-2027,1200000.0,683,1000000.0,700000.0,1000000.0,1.2,0.0,False,"Sanctioned amount ₹1,200,000 is 1.20× the peer median ₹1,000,000 across 683 comparable works."
WS/MP18110/2026-2027/269583,ND-WRK-0044,Normal/Others,2026-2027,1200000.0,683,1000000.0,700000.0,1000000.0,1.2,0.0,False,"Sanctioned amount ₹1,200,000 is 1.20× the peer median ₹1,000,000 across 683 comparable works."
WS/MP692/2026-2027/183477,ND-WRK-2410,Normal/Others,2026-2027,1000000.0,683,1000000.0,700000.0,1000000.0,1.0,0.0,False,"Sanctioned amount ₹1,000,000 is 1.00× the peer median ₹1,000,000 across 683 comparable works."
WS/MP687/2025-2026/268168,ND-WRK-2375,Normal/Others,2025-2026,1500000.0,1573,990000.0,500000.0,1000000.0,1.52,0.0,False,"Sanctioned amount ₹1,500,000 is 1.52× the peer median ₹990,000 across 1573 comparable works."
WS/MP687/2025-2026/243737,ND-WRK-2374,Normal/Others,2025-2026,750000.0,1573,990000.0,500000.0,1000000.0,0.76,0.0,False,"Sanctioned amount ₹750,000 is 0.76× the peer median ₹990,000 across 1573 comparable works."
WS/MP687/2025-2026/243734,ND-WRK-2373,Normal/Others,2025-2026,674000.0,1573,990000.0,500000.0,1000000.0,0.68,0.0,False,"Sanctioned amount ₹674,000 is 0.68× the peer median ₹990,000 across 1573 comparable works."
WS/MP687/2025-2026/243731,ND-WRK-2372,Normal/Others,2025-2026,1498000.0,1573,990000.0,500000.0,1000000.0,1.51,0.0,False,"Sanctioned amount ₹1,498,000 is 1.51× the peer median ₹990,000 across 1573 comparable works."
WS/MP687/2025-2026/243729,ND-WRK-2371,Trust and Society,2025-2026,2500000.0,17,1000000.0,1000000.0,2500000.0,2.5,0.0,False,"Sanctioned amount ₹2,500,000 is 2.50× the peer median ₹1,000,000 across 17 comparable works."
WS/MP687/2025-2026/243704,ND-WRK-2369,Normal/Others,2025-2026,1500000.0,1573,990000.0,500000.0,1000000.0,1.52,0.0,False,"Sanctioned amount ₹1,500,000 is 1.52× the peer median ₹990,000 across 1573 comparable works."
WS/MP687/2025-2026/243675,ND-WRK-2364,Normal/Others,2025-2026,1000000.0,1573,990000.0,500000.0,1000000.0,1.01,0.0,False,"Sanctioned amount ₹1,000,000 is 1.01× the peer median ₹990,000 across 1573 comparable works."
WS/MP687/2025-2026/243673,ND-WRK-2363,Normal/Others,2025-2026,1500000.0,1573,990000.0,500000.0,1000000.0,1.52,0.0,False,"Sanctioned amount ₹1,500,000 is 1.52× the peer median ₹990,000 across 1573 comparable works."
WS/MP687/2025-2026/243670,ND-WRK-2362,Normal/Others,2025-2026,1500000.0,1573,990000.0,500000.0,1000000.0,1.52,0.0,False,"Sanctioned amount ₹1,500,000 is 1.52× the peer median ₹990,000 across 1573 comparable works."
WS/MP687/2025-2026/219010,ND-WRK-2360,Normal/Others,2025-2026,700000.0,1573,990000.0,500000.0,1000000.0,0.71,0.0,False,"Sanctioned amount ₹700,000 is 0.71× the peer median ₹990,000 across 1573 comparable works."
WS/MP687/2025-2026/219009,ND-WRK-2359,Normal/Others,2025-2026,750000.0,1573,990000.0,500000.0,1000000.0,0.76,0.0,False,"Sanctioned amount ₹750,000 is 0.76× the peer median ₹990,000 across 1573 comparable works."
WS/MP687/2025-2026/199496,ND-WRK-2358,Normal/Others,2025-2026,500000.0,1573,990000.0,500000.0,1000000.0,0.51,0.0,False,"Sanctioned amount ₹500,000 is 0.51× the peer median ₹990,000 across 1573 comparable works."
WS/MP687/2025-2026/187643,ND-WRK-2356,Trust and Society,2025-2026,2500000.0,17,1000000.0,1000000.0,2500000.0,2.5,0.0,False,"Sanctioned amount ₹2,500,000 is 2.50× the peer median ₹1,000,000 across 17 comparable works."
WS/MP687/2025-2026/182574,ND-WRK-2355,Normal/Others,2025-2026,1500000.0,1573,990000.0,500000.0,1000000.0,1.52,0.0,False,"Sanctioned amount ₹1,500,000 is 1.52× the peer median ₹990,000 across 1573 comparable works."
WS/MP687/2025-2026/182573,ND-WRK-2354,Normal/Others,2025-2026,750000.0,1573,990000.0,500000.0,1000000.0,0.76,0.0,False,"Sanctioned amount ₹750,000 is 0.76× the peer median ₹990,000 across 1573 comparable works."
WS/MP18110/2026-2027/262181,ND-WRK-0027,Normal/Others,2026-2027,1200000.0,683,1000000.0,700000.0,1000000.0,1.2,0.0,False,"Sanctioned amount ₹1,200,000 is 1.20× the peer median ₹1,000,000 across 683 comparable works."
WS/MP18110/2026-2027/262178,ND-WRK-0026,Normal/Others,2026-2027,1200000.0,683,1000000.0,700000.0,1000000.0,1.2,0.0,False,"Sanctioned amount ₹1,200,000 is 1.20× the peer median ₹1,000,000 across 683 comparable works."
WS/MP18110/2026-2027/262176,ND-WRK-0025,Normal/Others,2026-2027,1000000.0,683,1000000.0,700000.0,1000000.0,1.0,0.0,False,"Sanctioned amount ₹1,000,000 is 1.00× the peer median ₹1,000,000 across 683 comparable works."
WS/MP18110/2026-2027/248579,ND-WRK-0024,Normal/Others,2026-2027,1000000.0,683,1000000.0,700000.0,1000000.0,1.0,0.0,False,"Sanctioned amount ₹1,000,000 is 1.00× the peer median ₹1,000,000 across 683 comparable works."
WS/MP18112/2025-2026/233405,ND-WRK-0249,Normal/Others,2025-2026,1000000.0,1573,990000.0,500000.0,1000000.0,1.01,0.0,False,"Sanctioned amount ₹1,000,000 is 1.01× the peer median ₹990,000 across 1573 comparable works."
WS/MP18110/2025-2026/248580,ND-WRK-0021,Normal/Others,2025-2026,1500000.0,1573,990000.0,500000.0,1000000.0,1.52,0.0,False,"Sanctioned amount ₹1,500,000 is 1.52× the peer median ₹990,000 across 1573 comparable works."
WS/MP18110/2025-2026/248577,ND-WRK-0019,Normal/Others,2025-2026,1500000.0,1573,990000.0,500000.0,1000000.0,1.52,0.0,False,"Sanctioned amount ₹1,500,000 is 1.52× the peer median ₹990,000 across 1573 comparable works."
WS/MP18110/2025-2026/242059,ND-WRK-0018,Normal/Others,2025-2026,1000000.0,1573,990000.0,500000.0,1000000.0,1.01,0.0,False,"Sanctioned amount ₹1,000,000 is 1.01× the peer median ₹990,000 across 1573 comparable works."
WS/MP18110/2025-2026/242056,ND-WRK-0017,Normal/Others,2025-2026,968030.0,1573,990000.0,500000.0,1000000.0,0.98,0.0,False,"Sanctioned amount ₹968,030 is 0.98× the peer median ₹990,000 across 1573 comparable works."
WS/MP687/2026-2027/295799,ND-WRK-2384,Normal/Others,2026-2027,750000.0,683,1000000.0,700000.0,1000000.0,0.75,0.0,False,"Sanctioned amount ₹750,000 is 0.75× the peer median ₹1,000,000 across 683 comparable works."
WS/MP687/2026-2027/295798,ND-WRK-2383,Normal/Others,2026-2027,1000000.0,683,1000000.0,700000.0,1000000.0,1.0,0.0,False,"Sanctioned amount ₹1,000,000 is 1.00× the peer median ₹1,000,000 across 683 comparable works."
WS/MP687/2026-2027/268171,ND-WRK-2382,Normal/Others,2026-2027,600000.0,683,1000000.0,700000.0,1000000.0,0.6,0.0,False,"Sanctioned amount ₹600,000 is 0.60× the peer median ₹1,000,000 across 683 comparable works."
WS/MP18112/2025-2026/233404,ND-WRK-0248,Normal/Others,2025-2026,1500000.0,1573,990000.0,500000.0,1000000.0,1.52,0.0,False,"Sanctioned amount ₹1,500,000 is 1.52× the peer median ₹990,000 across 1573 comparable works."
WS/MP687/2026-2027/268167,ND-WRK-2379,Normal/Others,2026-2027,1000000.0,683,1000000.0,700000.0,1000000.0,1.0,0.0,False,"Sanctioned amount ₹1,000,000 is 1.00× the peer median ₹1,000,000 across 683 comparable works."
WS/MP687/2026-2027/243715,ND-WRK-2378,Normal/Others,2026-2027,1000000.0,683,1000000.0,700000.0,1000000.0,1.0,0.0,False,"Sanctioned amount ₹1,000,000 is 1.00× the peer median ₹1,000,000 across 683 comparable works."
WS/MP18112/2025-2026/233398,ND-WRK-0247,Normal/Others,2025-2026,1200000.0,1573,990000.0,500000.0,1000000.0,1.21,0.0,False,"Sanctioned amount ₹1,200,000 is 1.21× the peer median ₹990,000 across 1573 comparable works."
WS/MP692/2026-2027/290008,ND-WRK-2430,Normal/Others,2026-2027,1000000.0,683,1000000.0,700000.0,1000000.0,1.0,0.0,False,"Sanctioned amount ₹1,000,000 is 1.00× the peer median ₹1,000,000 across 683 comparable works."
WS/MP692/2025-2026/183617,ND-WRK-2397,Normal/Others,2025-2026,1000000.0,1573,990000.0,500000.0,1000000.0,1.01,0.0,False,"Sanctioned amount ₹1,000,000 is 1.01× the peer median ₹990,000 across 1573 comparable works."
WS/MP692/2025-2026/183615,ND-WRK-2396,Normal/Others,2025-2026,981634.0,1573,990000.0,500000.0,1000000.0,0.99,0.0,False,"Sanctioned amount ₹981,634 is 0.99× the peer median ₹990,000 across 1573 comparable works."
WS/MP692/2025-2026/183601,ND-WRK-2395,Normal/Others,2025-2026,300000.0,1573,990000.0,500000.0,1000000.0,0.3,0.0,False,"Sanctioned amount ₹300,000 is 0.30× the peer median ₹990,000 across 1573 comparable works."
WS/MP692/2025-2026/164328,ND-WRK-2394,Repair and Renovation,2025-2026,500000.0,18,1000000.0,500000.0,1500000.0,0.5,0.0,False,"Sanctioned amount ₹500,000 is 0.50× the peer median ₹1,000,000 across 18 comparable works."
WS/MP692/2025-2026/158126,ND-WRK-2393,Normal/Others,2025-2026,500000.0,1573,990000.0,500000.0,1000000.0,0.51,0.0,False,"Sanctioned amount ₹500,000 is 0.51× the peer median ₹990,000 across 1573 comparable works."
WS/MP691/2025-2026/237151,ND-WRK-2390,Normal/Others,2025-2026,1000000.0,1573,990000.0,500000.0,1000000.0,1.01,0.0,False,"Sanctioned amount ₹1,000,000 is 1.01× the peer median ₹990,000 across 1573 comparable works."
WS/MP691/2025-2026/227844,ND-WRK-2389,Normal/Others,2025-2026,130000.0,1573,990000.0,500000.0,1000000.0,0.13,0.0,False,"Sanctioned amount ₹130,000 is 0.13× the peer median ₹990,000 across 1573 comparable works."
WS/MP691/2025-2026/227843,ND-WRK-2388,Trust and Society,2025-2026,2000000.0,17,1000000.0,1000000.0,2500000.0,2.0,0.0,False,"Sanctioned amount ₹2,000,000 is 2.00× the peer median ₹1,000,000 across 17 comparable works."
WS/MP691/2025-2026/175514,ND-WRK-2387,Normal/Others,2025-2026,914736.0,1573,990000.0,500000.0,1000000.0,0.92,0.0,False,"Sanctioned amount ₹914,736 is 0.92× the peer median ₹990,000 across 1573 comparable works."
WS/MP687/2026-2027/295800,ND-WRK-2385,Normal/Others,2026-2027,750000.0,683,1000000.0,700000.0,1000000.0,0.75,0.0,False,"Sanctioned amount ₹750,000 is 0.75× the peer median ₹1,000,000 across 683 comparable works."
WS/MP18110/2026-2027/263946,ND-WRK-0032,Normal/Others,2026-2027,1000000.0,683,1000000.0,700000.0,1000000.0,1.0,0.0,False,"Sanctioned amount ₹1,000,000 is 1.00× the peer median ₹1,000,000 across 683 comparable works."
WS/MP18110/2026-2027/263945,ND-WRK-0031,Normal/Others,2026-2027,1200000.0,683,1000000.0,700000.0,1000000.0,1.2,0.0,False,"Sanctioned amount ₹1,200,000 is 1.20× the peer median ₹1,000,000 across 683 comparable works."
WS/MP18110/2026-2027/263944,ND-WRK-0030,Normal/Others,2026-2027,1200000.0,683,1000000.0,700000.0,1000000.0,1.2,0.0,False,"Sanctioned amount ₹1,200,000 is 1.20× the peer median ₹1,000,000 across 683 comparable works."
WS/MP18112/2025-2026/233391,ND-WRK-0246,Normal/Others,2025-2026,500000.0,1573,990000.0,500000.0,1000000.0,0.51,0.0,False,"Sanctioned amount ₹500,000 is 0.51× the peer median ₹990,000 across 1573 comparable works."
WS/MP18110/2025-2026/209774,ND-WRK-0004,Normal/Others,2025-2026,1000000.0,1573,990000.0,500000.0,1000000.0,1.01,0.0,False,"Sanctioned amount ₹1,000,000 is 1.01× the peer median ₹990,000 across 1573 comparable works."
WS/MP18110/2025-2026/209773,ND-WRK-0003,Normal/Others,2025-2026,1000000.0,1573,990000.0,500000.0,1000000.0,1.01,0.0,False,"Sanctioned amount ₹1,000,000 is 1.01× the peer median ₹990,000 across 1573 comparable works."
WS/MP692/2026-2027/290006,ND-WRK-2429,Normal/Others,2026-2027,1000000.0,683,1000000.0,700000.0,1000000.0,1.0,0.0,False,"Sanctioned amount ₹1,000,000 is 1.00× the peer median ₹1,000,000 across 683 comparable works."
WS/MP692/2026-2027/250950,ND-WRK-2428,Normal/Others,2026-2027,1000000.0,683,1000000.0,700000.0,1000000.0,1.0,0.0,False,"Sanctioned amount ₹1,000,000 is 1.00× the peer median ₹1,000,000 across 683 comparable works."
WS/MP692/2026-2027/250945,ND-WRK-2427,Normal/Others,2026-2027,1000000.0,683,1000000.0,700000.0,1000000.0,1.0,0.0,False,"Sanctioned amount ₹1,000,000 is 1.00× the peer median ₹1,000,000 across 683 comparable works."
WS/MP692/2026-2027/185934,ND-WRK-2426,Normal/Others,2026-2027,1000000.0,683,1000000.0,700000.0,1000000.0,1.0,0.0,False,"Sanctioned amount ₹1,000,000 is 1.00× the peer median ₹1,000,000 across 683 comparable works."
WS/MP692/2026-2027/185183,ND-WRK-2425,Normal/Others,2026-2027,1000000.0,683,1000000.0,700000.0,1000000.0,1.0,0.0,False,"Sanctioned amount ₹1,000,000 is 1.00× the peer median ₹1,000,000 across 683 comparable works."
WS/MP692/2026-2027/185176,ND-WRK-2424,Normal/Others,2026-2027,800000.0,683,1000000.0,700000.0,1000000.0,0.8,0.0,False,"Sanctioned amount ₹800,000 is 0.80× the peer median ₹1,000,000 across 683 comparable works."
WS/MP692/2026-2027/185159,ND-WRK-2423,Normal/Others,2026-2027,1000000.0,683,1000000.0,700000.0,1000000.0,1.0,0.0,False,"Sanctioned amount ₹1,000,000 is 1.00× the peer median ₹1,000,000 across 683 comparable works."
WS/MP692/2026-2027/185156,ND-WRK-2422,Normal/Others,2026-2027,1000000.0,683,1000000.0,700000.0,1000000.0,1.0,0.0,False,"Sanctioned amount ₹1,000,000 is 1.00× the peer median ₹1,000,000 across 683 comparable works."
WS/MP692/2026-2027/185135,ND-WRK-2421,Normal/Others,2026-2027,1000000.0,683,1000000.0,700000.0,1000000.0,1.0,0.0,False,"Sanctioned amount ₹1,000,000 is 1.00× the peer median ₹1,000,000 across 683 comparable works."
WS/MP692/2026-2027/185120,ND-WRK-2420,Normal/Others,2026-2027,1000000.0,683,1000000.0,700000.0,1000000.0,1.0,0.0,False,"Sanctioned amount ₹1,000,000 is 1.00× the peer median ₹1,000,000 across 683 comparable works."
WS/MP692/2026-2027/184071,ND-WRK-2419,Normal/Others,2026-2027,500000.0,683,1000000.0,700000.0,1000000.0,0.5,0.0,False,"Sanctioned amount ₹500,000 is 0.50× the peer median ₹1,000,000 across 683 comparable works."
WS/MP692/2026-2027/184040,ND-WRK-2418,Normal/Others,2026-2027,500000.0,683,1000000.0,700000.0,1000000.0,0.5,0.0,False,"Sanctioned amount ₹500,000 is 0.50× the peer median ₹1,000,000 across 683 comparable works."
WS/MP692/2026-2027/184037,ND-WRK-2417,Normal/Others,2026-2027,500000.0,683,1000000.0,700000.0,1000000.0,0.5,0.0,False,"Sanctioned amount ₹500,000 is 0.50× the peer median ₹1,000,000 across 683 comparable works."
WS/MP692/2025-2026/183628,ND-WRK-2400,Normal/Others,2025-2026,993957.0,1573,990000.0,500000.0,1000000.0,1.0,0.0,False,"Sanctioned amount ₹993,957 is 1.00× the peer median ₹990,000 across 1573 comparable works."
WS/MP18110/2025-2026/209776,ND-WRK-0006,Normal/Others,2025-2026,1493825.0,1573,990000.0,500000.0,1000000.0,1.51,0.0,False,"Sanctioned amount ₹1,493,825 is 1.51× the peer median ₹990,000 across 1573 comparable works."
