work_id,demo_anonymous_id,work_status,sanctioned_amount_inr,total_paid_inr,payment_count,payment_to_sanction_ratio,project_age_days,days_since_last_payment,payment_progress_score,payment_progress_flag,payment_progress_explanation
WS/MP681/2024-2025/143648,ND-WRK-2228,Vendor Identification,899000.0,893869.0,1,0.994,759.0,551.0,75,True,At least 50% of the sanctioned amount is recorded as paid while the workflow status remains 'Vendor Identification'. No recorded payment for 551 days while status is 'Vendor Identification'.
WS/MP18308/2025-2026/145428,ND-WRK-1845,Vendor Identification,1500000.0,1498861.0,1,0.999,609.0,609.0,75,True,At least 50% of the sanctioned amount is recorded as paid while the workflow status remains 'Vendor Identification'. No recorded payment for 609 days while status is 'Vendor Identification'.
WS/MP18308/2025-2026/145419,ND-WRK-1838,Vendor Identification,1500000.0,1498862.0,1,0.999,,608.0,75,True,At least 50% of the sanctioned amount is recorded as paid while the workflow status remains 'Vendor Identification'. No recorded payment for 608 days while status is 'Vendor Identification'.
WS/MP18308/2025-2026/145418,ND-WRK-1837,Vendor Identification,2000000.0,1998481.0,1,0.999,609.0,578.0,75,True,At least 50% of the sanctioned amount is recorded as paid while the workflow status remains 'Vendor Identification'. No recorded payment for 578 days while status is 'Vendor Identification'.
WS/MP18114/2025-2026/166009,ND-WRK-0354,Vendor Identification,1000000.0,990214.0,1,0.99,,514.0,75,True,At least 50% of the sanctioned amount is recorded as paid while the workflow status remains 'Vendor Identification'. No recorded payment for 514 days while status is 'Vendor Identification'.
WS/MP18307/2025-2026/180126,ND-WRK-1804,Vendor Identification,1800000.0,1798633.0,1,0.999,,454.0,75,True,At least 50% of the sanctioned amount is recorded as paid while the workflow status remains 'Vendor Identification'. No recorded payment for 454 days while status is 'Vendor Identification'.
WS/MP18112/2025-2026/188955,ND-WRK-0203,Vendor Identification,500000.0,494649.0,1,0.989,,576.0,75,True,At least 50% of the sanctioned amount is recorded as paid while the workflow status remains 'Vendor Identification'. No recorded payment for 576 days while status is 'Vendor Identification'.
WS/MP681/2024-2025/143649,ND-WRK-2229,Vendor Identification,999000.0,991855.0,1,0.993,759.0,551.0,75,True,At least 50% of the sanctioned amount is recorded as paid while the workflow status remains 'Vendor Identification'. No recorded payment for 551 days while status is 'Vendor Identification'.
WS/MP681/2024-2025/134805,ND-WRK-2225,Vendor Identification,999711.0,999711.0,1,1.0,728.0,433.0,75,True,At least 50% of the sanctioned amount is recorded as paid while the workflow status remains 'Vendor Identification'. No recorded payment for 433 days while status is 'Vendor Identification'.
WS/MP18118/2025-2026/160495,ND-WRK-0572,Vendor Identification,1000000.0,1000000.0,1,1.0,548.0,548.0,75,True,At least 50% of the sanctioned amount is recorded as paid while the workflow status remains 'Vendor Identification'. No recorded payment for 548 days while status is 'Vendor Identification'.
WS/MP681/2024-2025/143652,ND-WRK-2232,Vendor Identification,799000.0,793754.0,1,0.993,759.0,520.0,75,True,At least 50% of the sanctioned amount is recorded as paid while the workflow status remains 'Vendor Identification'. No recorded payment for 520 days while status is 'Vendor Identification'.
WS/MP681/2024-2025/143651,ND-WRK-2231,Vendor Identification,899000.0,880849.0,1,0.98,759.0,462.0,75,True,At least 50% of the sanctioned amount is recorded as paid while the workflow status remains 'Vendor Identification'. No recorded payment for 462 days while status is 'Vendor Identification'.
WS/MP18124/2025-2026/162339,ND-WRK-0869,Vendor Identification,1500000.0,1498861.0,1,0.999,604.0,453.0,75,True,At least 50% of the sanctioned amount is recorded as paid while the workflow status remains 'Vendor Identification'. No recorded payment for 453 days while status is 'Vendor Identification'.
WS/MP18122/2024-2025/168730,ND-WRK-0785,Vendor Identification,1000000.0,997186.0,1,0.997,,574.0,75,True,At least 50% of the sanctioned amount is recorded as paid while the workflow status remains 'Vendor Identification'. No recorded payment for 574 days while status is 'Vendor Identification'.
WS/MP18122/2024-2025/181792,ND-WRK-0794,Vendor Identification,1000000.0,997136.0,1,0.997,,514.0,75,True,At least 50% of the sanctioned amount is recorded as paid while the workflow status remains 'Vendor Identification'. No recorded payment for 514 days while status is 'Vendor Identification'.
WS/MP681/2024-2025/144067,ND-WRK-2251,Vendor Identification,500000.0,494879.0,1,0.99,434.0,301.0,60,True,At least 50% of the sanctioned amount is recorded as paid while the workflow status remains 'Vendor Identification'. No recorded payment for 301 days.
WS/MP18124/2025-2026/165781,ND-WRK-0888,Vendor Identification,1000000.0,999240.0,1,0.999,609.0,336.0,60,True,At least 50% of the sanctioned amount is recorded as paid while the workflow status remains 'Vendor Identification'. No recorded payment for 336 days.
WS/MP18124/2025-2026/165786,ND-WRK-0890,Vendor Identification,1000000.0,999241.0,1,0.999,604.0,300.0,60,True,At least 50% of the sanctioned amount is recorded as paid while the workflow status remains 'Vendor Identification'. No recorded payment for 300 days.
WS/MP18116/2026-2027/220975,ND-WRK-0508,Vendor Identification,1000000.0,997448.0,1,0.997,66.0,213.0,60,True,At least 50% of the sanctioned amount is recorded as paid while the workflow status remains 'Vendor Identification'. No recorded payment for 213 days.
WS/MP681/2025-2026/144068,ND-WRK-2263,Vendor Identification,700000.0,696704.0,1,0.995,,301.0,60,True,At least 50% of the sanctioned amount is recorded as paid while the workflow status remains 'Vendor Identification'. No recorded payment for 301 days.
WS/MP681/2024-2025/144041,ND-WRK-2250,Vendor Identification,1000000.0,990568.0,1,0.991,556.0,217.0,60,True,At least 50% of the sanctioned amount is recorded as paid while the workflow status remains 'Vendor Identification'. No recorded payment for 217 days.
WS/MP681/2024-2025/144040,ND-WRK-2249,Vendor Identification,700000.0,696205.0,1,0.995,434.0,218.0,60,True,At least 50% of the sanctioned amount is recorded as paid while the workflow status remains 'Vendor Identification'. No recorded payment for 218 days.
WS/MP18112/2025-2026/177326,ND-WRK-0179,Vendor Identification,1000000.0,999338.0,1,0.999,457.0,185.0,60,True,At least 50% of the sanctioned amount is recorded as paid while the workflow status remains 'Vendor Identification'. No recorded payment for 185 days.
WS/MP18124/2025-2026/165779,ND-WRK-0887,Vendor Identification,1000000.0,999240.0,1,0.999,609.0,336.0,60,True,At least 50% of the sanctioned amount is recorded as paid while the workflow status remains 'Vendor Identification'. No recorded payment for 336 days.
WS/MP18124/2025-2026/162417,ND-WRK-0882,Vendor Identification,1000000.0,998245.0,1,0.998,,270.0,60,True,At least 50% of the sanctioned amount is recorded as paid while the workflow status remains 'Vendor Identification'. No recorded payment for 270 days.
WS/MP18124/2025-2026/161241,ND-WRK-0864,Vendor Identification,2500000.0,2497109.0,1,0.999,609.0,336.0,60,True,At least 50% of the sanctioned amount is recorded as paid while the workflow status remains 'Vendor Identification'. No recorded payment for 336 days.
WS/MP18124/2025-2026/162319,ND-WRK-0866,Vendor Identification,2000000.0,1997685.0,1,0.999,609.0,336.0,60,True,At least 50% of the sanctioned amount is recorded as paid while the workflow status remains 'Vendor Identification'. No recorded payment for 336 days.
WS/MP18124/2025-2026/162373,ND-WRK-0876,Vendor Identification,2500000.0,2498101.0,1,0.999,609.0,305.0,60,True,At least 50% of the sanctioned amount is recorded as paid while the workflow status remains 'Vendor Identification'. No recorded payment for 305 days.
WS/MP18112/2025-2026/233410,ND-WRK-0252,Vendor Identification,1000000.0,990844.0,1,0.991,98.0,185.0,60,True,At least 50% of the sanctioned amount is recorded as paid while the workflow status remains 'Vendor Identification'. No recorded payment for 185 days.
WS/MP18112/2025-2026/233414,ND-WRK-0255,Vendor Identification,1000000.0,966044.0,1,0.966,,184.0,60,True,At least 50% of the sanctioned amount is recorded as paid while the workflow status remains 'Vendor Identification'. No recorded payment for 184 days.
WS/MP18124/2025-2026/162349,ND-WRK-0871,Vendor Identification,2500000.0,2497109.0,1,0.999,609.0,336.0,60,True,At least 50% of the sanctioned amount is recorded as paid while the workflow status remains 'Vendor Identification'. No recorded payment for 336 days.
WS/MP18122/2025-2026/181765,ND-WRK-0814,Vendor Identification,1000000.0,991254.0,1,0.991,,301.0,60,True,At least 50% of the sanctioned amount is recorded as paid while the workflow status remains 'Vendor Identification'. No recorded payment for 301 days.
WS/MP18122/2024-2025/186311,ND-WRK-0797,Vendor Identification,1500000.0,1487715.0,1,0.992,,213.0,60,True,At least 50% of the sanctioned amount is recorded as paid while the workflow status remains 'Vendor Identification'. No recorded payment for 213 days.
WS/MP18122/2025-2026/168731,ND-WRK-0800,Vendor Identification,1000000.0,988035.0,1,0.988,332.0,332.0,60,True,At least 50% of the sanctioned amount is recorded as paid while the workflow status remains 'Vendor Identification'. No recorded payment for 332 days.
WS/MP18124/2025-2026/162323,ND-WRK-0867,Vendor Identification,2000000.0,1998083.0,1,0.999,609.0,336.0,60,True,At least 50% of the sanctioned amount is recorded as paid while the workflow status remains 'Vendor Identification'. No recorded payment for 336 days.
WS/MP18122/2026-2027/246015,ND-WRK-0824,Vendor Identification,700000.0,692232.0,1,0.989,185.0,185.0,60,True,At least 50% of the sanctioned amount is recorded as paid while the workflow status remains 'Vendor Identification'. No recorded payment for 185 days.
WS/MP18128/2026-2027/211848,ND-WRK-1237,Vendor Identification,999000.0,928874.0,1,0.93,216.0,213.0,60,True,At least 50% of the sanctioned amount is recorded as paid while the workflow status remains 'Vendor Identification'. No recorded payment for 213 days.
WS/MP18112/2026-2027/252259,ND-WRK-0287,Vendor Identification,600000.0,595584.0,1,0.993,,211.0,60,True,At least 50% of the sanctioned amount is recorded as paid while the workflow status remains 'Vendor Identification'. No recorded payment for 211 days.
WS/MP681/2024-2025/143647,ND-WRK-2227,Vendor Identification,799000.0,791961.0,1,0.991,759.0,276.0,60,True,At least 50% of the sanctioned amount is recorded as paid while the workflow status remains 'Vendor Identification'. No recorded payment for 276 days.
WS/MP18118/2025-2026/160490,ND-WRK-0571,Vendor Identification,1000000.0,1000000.0,2,1.0,,271.0,60,True,At least 50% of the sanctioned amount is recorded as paid while the workflow status remains 'Vendor Identification'. No recorded payment for 271 days.
WS/MP687/2025-2026/182068,ND-WRK-2334,Vendor Identification,2500000.0,1200000.0,1,0.48,,430.0,55,True,At least 25% of the sanctioned amount is recorded as paid while the workflow status remains 'Vendor Identification'. No recorded payment for 430 days while status is 'Vendor Identification'.
WS/MP18118/2025-2026/159252,ND-WRK-0570,Vendor Identification,1000000.0,614451.0,1,0.614,,,45,False,At least 50% of the sanctioned amount is recorded as paid while the workflow status remains 'Vendor Identification'.
WS/MP18116/2025-2026/221636,ND-WRK-0458,Vendor Identification,1498635.0,1474069.0,1,0.984,218.0,96.0,45,False,At least 50% of the sanctioned amount is recorded as paid while the workflow status remains 'Vendor Identification'.
WS/MP18116/2025-2026/235830,ND-WRK-0483,Vendor Identification,500000.0,483483.0,1,0.967,,,45,False,At least 50% of the sanctioned amount is recorded as paid while the workflow status remains 'Vendor Identification'.
WS/MP18128/2026-2027/231485,ND-WRK-1247,Vendor Identification,500000.0,483185.0,1,0.966,66.0,,45,False,At least 50% of the sanctioned amount is recorded as paid while the workflow status remains 'Vendor Identification'.
WS/MP18118/2025-2026/188302,ND-WRK-0588,Vendor Identification,998000.0,998000.0,1,1.0,,,45,False,At least 50% of the sanctioned amount is recorded as paid while the workflow status remains 'Vendor Identification'.
WS/MP18124/2025-2026/162328,ND-WRK-0868,Vendor Identification,2500000.0,2496860.0,1,0.999,,,45,False,At least 50% of the sanctioned amount is recorded as paid while the workflow status remains 'Vendor Identification'.
WS/MP18128/2026-2027/231489,ND-WRK-1249,Vendor Identification,500000.0,494553.0,1,0.989,66.0,,45,False,At least 50% of the sanctioned amount is recorded as paid while the workflow status remains 'Vendor Identification'.
WS/MP18128/2026-2027/235609,ND-WRK-1250,Vendor Identification,1000000.0,993381.0,1,0.993,216.0,,45,False,At least 50% of the sanctioned amount is recorded as paid while the workflow status remains 'Vendor Identification'.
WS/MP18128/2026-2027/238452,ND-WRK-1251,Vendor Identification,750000.0,631070.0,1,0.841,96.0,,45,False,At least 50% of the sanctioned amount is recorded as paid while the workflow status remains 'Vendor Identification'.
WS/MP18128/2026-2027/238454,ND-WRK-1252,Vendor Identification,500000.0,427061.0,1,0.854,96.0,,45,False,At least 50% of the sanctioned amount is recorded as paid while the workflow status remains 'Vendor Identification'.
WS/MP18124/2025-2026/226197,ND-WRK-0918,Vendor Identification,800000.0,799392.0,1,0.999,,,45,False,At least 50% of the sanctioned amount is recorded as paid while the workflow status remains 'Vendor Identification'.
WS/MP18116/2026-2027/230996,ND-WRK-0511,Vendor Identification,1500000.0,1481986.0,1,0.988,4.0,4.0,45,False,At least 50% of the sanctioned amount is recorded as paid while the workflow status remains 'Vendor Identification'.
WS/MP18127/2025-2026/253711,ND-WRK-1194,Vendor Identification,980000.0,978000.0,1,0.998,-55.0,,45,False,At least 50% of the sanctioned amount is recorded as paid while the workflow status remains 'Vendor Identification'.
WS/MP18127/2025-2026/188394,ND-WRK-1179,Vendor Identification,986000.0,986000.0,1,1.0,,,45,False,At least 50% of the sanctioned amount is recorded as paid while the workflow status remains 'Vendor Identification'.
WS/MP18127/2025-2026/253702,ND-WRK-1188,Vendor Identification,999000.0,997000.0,1,0.998,-55.0,-29.0,45,False,At least 50% of the sanctioned amount is recorded as paid while the workflow status remains 'Vendor Identification'.
WS/MP18112/2026-2027/259061,ND-WRK-0288,Vendor Identification,1000000.0,975465.0,1,0.975,,,45,False,At least 50% of the sanctioned amount is recorded as paid while the workflow status remains 'Vendor Identification'.
WS/MP18128/2026-2027/220027,ND-WRK-1246,Vendor Identification,1000000.0,987716.0,1,0.988,,,45,False,At least 50% of the sanctioned amount is recorded as paid while the workflow status remains 'Vendor Identification'.
WS/MP681/2024-2025/143658,ND-WRK-2236,Vendor Identification,1000000.0,991116.0,1,0.991,759.0,,45,False,At least 50% of the sanctioned amount is recorded as paid while the workflow status remains 'Vendor Identification'.
WS/MP681/2024-2025/143655,ND-WRK-2234,Vendor Identification,999000.0,985348.0,1,0.986,759.0,,45,False,At least 50% of the sanctioned amount is recorded as paid while the workflow status remains 'Vendor Identification'.
WS/MP18118/2025-2026/160504,ND-WRK-0573,Vendor Identification,1000000.0,556000.0,1,0.556,,96.0,45,False,At least 50% of the sanctioned amount is recorded as paid while the workflow status remains 'Vendor Identification'.
WS/MP681/2024-2025/143646,ND-WRK-2226,Vendor Identification,799000.0,797176.0,1,0.998,759.0,,45,False,At least 50% of the sanctioned amount is recorded as paid while the workflow status remains 'Vendor Identification'.
WS/MP18122/2025-2026/186337,ND-WRK-0816,Vendor Identification,1000000.0,939770.0,1,0.94,219.0,,45,False,At least 50% of the sanctioned amount is recorded as paid while the workflow status remains 'Vendor Identification'.
WS/MP18122/2026-2027/168812,ND-WRK-0822,Vendor Identification,1000000.0,973654.0,1,0.974,,,45,False,At least 50% of the sanctioned amount is recorded as paid while the workflow status remains 'Vendor Identification'.
WS/MP18122/2024-2025/186322,ND-WRK-0798,Vendor Identification,500000.0,497013.0,1,0.994,,-30.0,45,False,At least 50% of the sanctioned amount is recorded as paid while the workflow status remains 'Vendor Identification'.
WS/MP18122/2024-2025/168729,ND-WRK-0784,Vendor Identification,1000000.0,996088.0,1,0.996,,,45,False,At least 50% of the sanctioned amount is recorded as paid while the workflow status remains 'Vendor Identification'.
WS/MP18122/2024-2025/168753,ND-WRK-0786,Vendor Identification,1000000.0,984633.0,1,0.985,,66.0,45,False,At least 50% of the sanctioned amount is recorded as paid while the workflow status remains 'Vendor Identification'.
WS/MP18122/2024-2025/168762,ND-WRK-0787,Vendor Identification,1000000.0,996860.0,1,0.997,,,45,False,At least 50% of the sanctioned amount is recorded as paid while the workflow status remains 'Vendor Identification'.
WS/MP18122/2024-2025/181771,ND-WRK-0788,Vendor Identification,1000000.0,992989.0,1,0.993,,,45,False,At least 50% of the sanctioned amount is recorded as paid while the workflow status remains 'Vendor Identification'.
WS/MP18122/2024-2025/181774,ND-WRK-0789,Vendor Identification,1000000.0,995101.0,1,0.995,,,45,False,At least 50% of the sanctioned amount is recorded as paid while the workflow status remains 'Vendor Identification'.
WS/MP18122/2026-2027/246058,ND-WRK-0825,Vendor Identification,500000.0,495234.0,1,0.99,,,45,False,At least 50% of the sanctioned amount is recorded as paid while the workflow status remains 'Vendor Identification'.
WS/MP18122/2024-2025/181777,ND-WRK-0790,Vendor Identification,1000000.0,995883.0,1,0.996,,,45,False,At least 50% of the sanctioned amount is recorded as paid while the workflow status remains 'Vendor Identification'.
WS/MP18376/2026-2027/197902,ND-WRK-2012,Vendor Identification,2500000.0,2498104.0,1,0.999,,30.0,45,False,At least 50% of the sanctioned amount is recorded as paid while the workflow status remains 'Vendor Identification'.
WS/MP18376/2026-2027/197901,ND-WRK-2011,Vendor Identification,4000000.0,3993959.0,1,0.998,,30.0,45,False,At least 50% of the sanctioned amount is recorded as paid while the workflow status remains 'Vendor Identification'.
WS/MP18376/2026-2027/197886,ND-WRK-2010,Vendor Identification,3000000.0,2982884.0,1,0.994,,30.0,45,False,At least 50% of the sanctioned amount is recorded as paid while the workflow status remains 'Vendor Identification'.
WS/MP18122/2024-2025/181790,ND-WRK-0793,Vendor Identification,1000000.0,991657.0,1,0.992,,,45,False,At least 50% of the sanctioned amount is recorded as paid while the workflow status remains 'Vendor Identification'.
WS/MP18122/2024-2025/181787,ND-WRK-0792,Vendor Identification,1000000.0,995470.0,1,0.995,,,45,False,At least 50% of the sanctioned amount is recorded as paid while the workflow status remains 'Vendor Identification'.
WS/MP18128/2026-2027/231487,ND-WRK-1248,Vendor Identification,500000.0,496216.0,1,0.992,,,45,False,At least 50% of the sanctioned amount is recorded as paid while the workflow status remains 'Vendor Identification'.
WS/MP18114/2025-2026/157545,ND-WRK-0345,Vendor Identification,1000000.0,999600.0,1,1.0,,,45,False,At least 50% of the sanctioned amount is recorded as paid while the workflow status remains 'Vendor Identification'.
WS/MP18114/2025-2026/157606,ND-WRK-0346,Vendor Identification,1000000.0,993784.0,1,0.994,6.0,,45,False,At least 50% of the sanctioned amount is recorded as paid while the workflow status remains 'Vendor Identification'.
WS/MP18124/2025-2026/162371,ND-WRK-0875,Vendor Identification,2500000.0,2497854.0,1,0.999,,,45,False,At least 50% of the sanctioned amount is recorded as paid while the workflow status remains 'Vendor Identification'.
WS/MP18124/2025-2026/162376,ND-WRK-0877,Vendor Identification,1000000.0,999240.0,1,0.999,,,45,False,At least 50% of the sanctioned amount is recorded as paid while the workflow status remains 'Vendor Identification'.
WS/MP18124/2025-2026/162401,ND-WRK-0878,Vendor Identification,1000000.0,999240.0,1,0.999,274.0,,45,False,At least 50% of the sanctioned amount is recorded as paid while the workflow status remains 'Vendor Identification'.
WS/MP18376/2026-2027/197866,ND-WRK-2005,Vendor Identification,2500000.0,2498104.0,1,0.999,,30.0,45,False,At least 50% of the sanctioned amount is recorded as paid while the workflow status remains 'Vendor Identification'.
WS/MP18124/2025-2026/162402,ND-WRK-0879,Vendor Identification,1000000.0,999240.0,1,0.999,274.0,,45,False,At least 50% of the sanctioned amount is recorded as paid while the workflow status remains 'Vendor Identification'.
WS/MP18124/2025-2026/162403,ND-WRK-0880,Vendor Identification,1000000.0,999240.0,1,0.999,274.0,,45,False,At least 50% of the sanctioned amount is recorded as paid while the workflow status remains 'Vendor Identification'.
WS/MP18124/2025-2026/162416,ND-WRK-0881,Vendor Identification,1000000.0,998245.0,1,0.998,,,45,False,At least 50% of the sanctioned amount is recorded as paid while the workflow status remains 'Vendor Identification'.
WS/MP18118/2025-2026/252915,ND-WRK-0634,Vendor Identification,1000000.0,998000.0,1,0.998,-55.0,,45,False,At least 50% of the sanctioned amount is recorded as paid while the workflow status remains 'Vendor Identification'.
WS/MP18118/2025-2026/252894,ND-WRK-0624,Vendor Identification,700000.0,698000.0,1,0.997,-85.0,,45,False,At least 50% of the sanctioned amount is recorded as paid while the workflow status remains 'Vendor Identification'.
WS/MP18122/2024-2025/184151,ND-WRK-0796,Vendor Identification,1000000.0,979149.0,1,0.979,,,45,False,At least 50% of the sanctioned amount is recorded as paid while the workflow status remains 'Vendor Identification'.
WS/MP18122/2024-2025/181794,ND-WRK-0795,Vendor Identification,1000000.0,989553.0,1,0.99,,,45,False,At least 50% of the sanctioned amount is recorded as paid while the workflow status remains 'Vendor Identification'.
WS/MP18116/2025-2026/186710,ND-WRK-0421,Vendor Identification,1000000.0,987471.0,1,0.987,,,45,False,At least 50% of the sanctioned amount is recorded as paid while the workflow status remains 'Vendor Identification'.
WS/MP681/2024-2025/143654,ND-WRK-2233,Vendor Identification,999000.0,991457.0,1,0.992,759.0,,45,False,At least 50% of the sanctioned amount is recorded as paid while the workflow status remains 'Vendor Identification'.
WS/MP18118/2025-2026/188316,ND-WRK-0599,Vendor Identification,998000.0,998000.0,1,1.0,,,45,False,At least 50% of the sanctioned amount is recorded as paid while the workflow status remains 'Vendor Identification'.
WS/MP664/2026-2027/146585,ND-WRK-2126,Vendor Identification,1500000.0,1497667.0,1,0.998,,,45,False,At least 50% of the sanctioned amount is recorded as paid while the workflow status remains 'Vendor Identification'.
WS/MP18124/2025-2026/165749,ND-WRK-0883,Vendor Identification,1000000.0,998245.0,1,0.998,,,45,False,At least 50% of the sanctioned amount is recorded as paid while the workflow status remains 'Vendor Identification'.
WS/MP18124/2025-2026/165767,ND-WRK-0884,Vendor Identification,1000000.0,999240.0,1,0.999,274.0,,45,False,At least 50% of the sanctioned amount is recorded as paid while the workflow status remains 'Vendor Identification'.
WS/MP18124/2025-2026/165771,ND-WRK-0885,Vendor Identification,1000000.0,999240.0,1,0.999,274.0,,45,False,At least 50% of the sanctioned amount is recorded as paid while the workflow status remains 'Vendor Identification'.
WS/MP18114/2026-2027/157612,ND-WRK-0358,Vendor Identification,700000.0,699600.0,1,0.999,,,45,False,At least 50% of the sanctioned amount is recorded as paid while the workflow status remains 'Vendor Identification'.
WS/MP664/2026-2027/146582,ND-WRK-2123,Vendor Identification,2000000.0,1996493.0,1,0.998,,,45,False,At least 50% of the sanctioned amount is recorded as paid while the workflow status remains 'Vendor Identification'.
WS/MP664/2026-2027/146583,ND-WRK-2124,Vendor Identification,2500000.0,2495616.0,1,0.998,,,45,False,At least 50% of the sanctioned amount is recorded as paid while the workflow status remains 'Vendor Identification'.
WS/MP664/2026-2027/146584,ND-WRK-2125,Vendor Identification,2000000.0,1996890.0,1,0.998,,,45,False,At least 50% of the sanctioned amount is recorded as paid while the workflow status remains 'Vendor Identification'.
WS/MP18124/2025-2026/161223,ND-WRK-0863,Vendor Identification,2500000.0,2498104.0,1,0.999,,,45,False,At least 50% of the sanctioned amount is recorded as paid while the workflow status remains 'Vendor Identification'.
WS/MP18114/2026-2027/157625,ND-WRK-0359,Vendor Identification,1000000.0,998215.0,1,0.998,,,45,False,At least 50% of the sanctioned amount is recorded as paid while the workflow status remains 'Vendor Identification'.
WS/MP18124/2025-2026/162301,ND-WRK-0865,Vendor Identification,1500000.0,1498862.0,1,0.999,,,45,False,At least 50% of the sanctioned amount is recorded as paid while the workflow status remains 'Vendor Identification'.
WS/MP18376/2026-2027/197865,ND-WRK-2004,Vendor Identification,2000000.0,1998482.0,1,0.999,,30.0,45,False,At least 50% of the sanctioned amount is recorded as paid while the workflow status remains 'Vendor Identification'.
WS/MP18376/2026-2027/197862,ND-WRK-2003,Vendor Identification,2500000.0,2498104.0,1,0.999,,30.0,45,False,At least 50% of the sanctioned amount is recorded as paid while the workflow status remains 'Vendor Identification'.
WS/MP18376/2026-2027/197861,ND-WRK-2002,Vendor Identification,2000000.0,1998482.0,1,0.999,,30.0,45,False,At least 50% of the sanctioned amount is recorded as paid while the workflow status remains 'Vendor Identification'.
WS/MP18376/2026-2027/197851,ND-WRK-2000,Vendor Identification,4000000.0,3993959.0,1,0.998,,30.0,45,False,At least 50% of the sanctioned amount is recorded as paid while the workflow status remains 'Vendor Identification'.
WS/MP18376/2026-2027/197848,ND-WRK-1999,Vendor Identification,2500000.0,2498104.0,1,0.999,,30.0,45,False,At least 50% of the sanctioned amount is recorded as paid while the workflow status remains 'Vendor Identification'.
WS/MP18308/2025-2026/145433,ND-WRK-1848,Vendor Identification,1500000.0,1498862.0,1,0.999,457.0,,45,False,At least 50% of the sanctioned amount is recorded as paid while the workflow status remains 'Vendor Identification'.
WS/MP18308/2025-2026/244680,ND-WRK-1853,Vendor Identification,5000000.0,4971782.0,1,0.994,,66.0,45,False,At least 50% of the sanctioned amount is recorded as paid while the workflow status remains 'Vendor Identification'.
WS/MP18376/2026-2027/197903,ND-WRK-2013,Vendor Identification,3000000.0,2995469.0,1,0.998,,30.0,45,False,At least 50% of the sanctioned amount is recorded as paid while the workflow status remains 'Vendor Identification'.
WS/MP18376/2026-2027/226526,ND-WRK-2015,Vendor Identification,1600000.0,1598785.0,1,0.999,,,45,False,At least 50% of the sanctioned amount is recorded as paid while the workflow status remains 'Vendor Identification'.
WS/MP18376/2026-2027/226529,ND-WRK-2016,Vendor Identification,1800000.0,1798634.0,1,0.999,,,45,False,At least 50% of the sanctioned amount is recorded as paid while the workflow status remains 'Vendor Identification'.
WS/MP18327/2026-2027/282558,ND-WRK-1925,Vendor Identification,999633.0,999633.0,1,1.0,,,45,False,At least 50% of the sanctioned amount is recorded as paid while the workflow status remains 'Vendor Identification'.
WS/MP18361/2025-2026/226175,ND-WRK-1948,Vendor Identification,1600000.0,1559790.0,1,0.975,,4.0,45,False,At least 50% of the sanctioned amount is recorded as paid while the workflow status remains 'Vendor Identification'.
WS/MP18327/2026-2027/246151,ND-WRK-1922,Vendor Identification,999845.0,997159.0,1,0.997,,,45,False,At least 50% of the sanctioned amount is recorded as paid while the workflow status remains 'Vendor Identification'.
WS/MP18327/2026-2027/246159,ND-WRK-1924,Vendor Identification,999845.0,996817.0,1,0.997,,,45,False,At least 50% of the sanctioned amount is recorded as paid while the workflow status remains 'Vendor Identification'.
WS/MP18111/2026-2027/269014,ND-WRK-0125,Vendor Identification,300000.0,294791.0,2,0.983,,,45,False,At least 50% of the sanctioned amount is recorded as paid while the workflow status remains 'Vendor Identification'.
WS/MP18111/2026-2027/269017,ND-WRK-0126,Vendor Identification,1000000.0,987461.0,2,0.987,,,45,False,At least 50% of the sanctioned amount is recorded as paid while the workflow status remains 'Vendor Identification'.
WS/MP18111/2026-2027/269023,ND-WRK-0127,Vendor Identification,1000000.0,987685.0,2,0.988,,,45,False,At least 50% of the sanctioned amount is recorded as paid while the workflow status remains 'Vendor Identification'.
WS/MP18376/2026-2027/197880,ND-WRK-2006,Vendor Identification,2500000.0,2498104.0,1,0.999,,30.0,45,False,At least 50% of the sanctioned amount is recorded as paid while the workflow status remains 'Vendor Identification'.
WS/MP18376/2026-2027/197881,ND-WRK-2007,Vendor Identification,2000000.0,1998482.0,1,0.999,,30.0,45,False,At least 50% of the sanctioned amount is recorded as paid while the workflow status remains 'Vendor Identification'.
WS/MP18376/2026-2027/197882,ND-WRK-2008,Vendor Identification,4000000.0,3993959.0,1,0.998,,30.0,45,False,At least 50% of the sanctioned amount is recorded as paid while the workflow status remains 'Vendor Identification'.
WS/MP18376/2026-2027/197883,ND-WRK-2009,Vendor Identification,2500000.0,2498103.0,1,0.999,,30.0,45,False,At least 50% of the sanctioned amount is recorded as paid while the workflow status remains 'Vendor Identification'.
WS/MP18111/2026-2027/276689,ND-WRK-0145,Vendor Identification,1000000.0,972751.0,1,0.973,,-30.0,45,False,At least 50% of the sanctioned amount is recorded as paid while the workflow status remains 'Vendor Identification'.
WS/MP18376/2026-2027/226530,ND-WRK-2017,Vendor Identification,1900000.0,1897047.0,1,0.998,,,45,False,At least 50% of the sanctioned amount is recorded as paid while the workflow status remains 'Vendor Identification'.
WS/MP18308/2025-2026/145420,ND-WRK-1839,Vendor Identification,2000000.0,1998481.0,1,0.999,457.0,,45,False,At least 50% of the sanctioned amount is recorded as paid while the workflow status remains 'Vendor Identification'.
WS/MP18308/2025-2026/145431,ND-WRK-1847,Vendor Identification,4000000.0,3993959.0,1,0.998,,,45,False,At least 50% of the sanctioned amount is recorded as paid while the workflow status remains 'Vendor Identification'.
WS/MP18308/2025-2026/244717,ND-WRK-1869,Vendor Identification,1500000.0,1498335.0,1,0.999,,,45,False,At least 50% of the sanctioned amount is recorded as paid while the workflow status remains 'Vendor Identification'.
WS/MP18114/2026-2027/247816,ND-WRK-0371,Vendor Identification,1000000.0,995413.0,1,0.995,244.0,,45,False,At least 50% of the sanctioned amount is recorded as paid while the workflow status remains 'Vendor Identification'.
WS/MP18114/2026-2027/247799,ND-WRK-0368,Vendor Identification,1000000.0,993302.0,1,0.993,,,45,False,At least 50% of the sanctioned amount is recorded as paid while the workflow status remains 'Vendor Identification'.
WS/MP18114/2026-2027/247796,ND-WRK-0367,Vendor Identification,1000000.0,992383.0,1,0.992,,,45,False,At least 50% of the sanctioned amount is recorded as paid while the workflow status remains 'Vendor Identification'.
WS/MP18308/2025-2026/145427,ND-WRK-1844,Vendor Identification,3000000.0,2995469.0,1,0.998,,,45,False,At least 50% of the sanctioned amount is recorded as paid while the workflow status remains 'Vendor Identification'.
WS/MP18114/2026-2027/227497,ND-WRK-0365,Vendor Identification,1000000.0,997184.0,1,0.997,,,45,False,At least 50% of the sanctioned amount is recorded as paid while the workflow status remains 'Vendor Identification'.
WS/MP18114/2025-2026/166011,ND-WRK-0355,Vendor Identification,1000000.0,993522.0,1,0.994,6.0,,45,False,At least 50% of the sanctioned amount is recorded as paid while the workflow status remains 'Vendor Identification'.
WS/MP18114/2025-2026/166003,ND-WRK-0353,Vendor Identification,1000000.0,992963.0,1,0.993,,,45,False,At least 50% of the sanctioned amount is recorded as paid while the workflow status remains 'Vendor Identification'.
WS/MP18308/2025-2026/145424,ND-WRK-1841,Vendor Identification,1800000.0,1798634.0,1,0.999,,,45,False,At least 50% of the sanctioned amount is recorded as paid while the workflow status remains 'Vendor Identification'.
WS/MP18308/2025-2026/145426,ND-WRK-1843,Vendor Identification,1500000.0,1498862.0,1,0.999,,,45,False,At least 50% of the sanctioned amount is recorded as paid while the workflow status remains 'Vendor Identification'.
WS/MP18308/2025-2026/145422,ND-WRK-1840,Vendor Identification,2500000.0,2498103.0,1,0.999,,,45,False,At least 50% of the sanctioned amount is recorded as paid while the workflow status remains 'Vendor Identification'.
WS/MP18122/2024-2025/181785,ND-WRK-0791,Vendor Identification,1000000.0,996665.0,1,0.997,,,45,False,At least 50% of the sanctioned amount is recorded as paid while the workflow status remains 'Vendor Identification'.
WS/MP18116/2026-2027/220968,ND-WRK-0507,Vendor Identification,1000000.0,995979.0,1,0.996,66.0,,45,False,At least 50% of the sanctioned amount is recorded as paid while the workflow status remains 'Vendor Identification'.
WS/MP18116/2025-2026/251303,ND-WRK-0495,Vendor Identification,400000.0,391730.0,1,0.979,218.0,-88.0,45,False,At least 50% of the sanctioned amount is recorded as paid while the workflow status remains 'Vendor Identification'.
WS/MP681/2024-2025/143650,ND-WRK-2230,Vendor Identification,799000.0,798769.0,1,1.0,759.0,,45,False,At least 50% of the sanctioned amount is recorded as paid while the workflow status remains 'Vendor Identification'.
WS/MP18116/2026-2027/220965,ND-WRK-0506,Vendor Identification,1000000.0,997326.0,1,0.997,66.0,,45,False,At least 50% of the sanctioned amount is recorded as paid while the workflow status remains 'Vendor Identification'.
WS/MP681/2025-2026/144039,ND-WRK-2262,Vendor Identification,1000000.0,995260.0,1,0.995,,,45,False,At least 50% of the sanctioned amount is recorded as paid while the workflow status remains 'Vendor Identification'.
WS/MP681/2024-2025/144038,ND-WRK-2248,Vendor Identification,1000000.0,957000.0,1,0.957,556.0,,45,False,At least 50% of the sanctioned amount is recorded as paid while the workflow status remains 'Vendor Identification'.
WS/MP18112/2025-2026/233407,ND-WRK-0251,Vendor Identification,1200000.0,1199810.0,1,1.0,98.0,,45,False,At least 50% of the sanctioned amount is recorded as paid while the workflow status remains 'Vendor Identification'.
WS/MP18120/2026-2027/192088,ND-WRK-0764,Vendor Identification,999380.0,998741.0,1,0.999,,,45,False,At least 50% of the sanctioned amount is recorded as paid while the workflow status remains 'Vendor Identification'.
WS/MP18124/2025-2026/165789,ND-WRK-0891,Vendor Identification,1000000.0,999140.0,1,0.999,609.0,,45,False,At least 50% of the sanctioned amount is recorded as paid while the workflow status remains 'Vendor Identification'.
WS/MP18124/2025-2026/165785,ND-WRK-0889,Vendor Identification,1000000.0,999240.0,1,0.999,274.0,,45,False,At least 50% of the sanctioned amount is recorded as paid while the workflow status remains 'Vendor Identification'.
WS/MP18124/2025-2026/226195,ND-WRK-0917,Vendor Identification,1500000.0,1498115.0,1,0.999,,,45,False,At least 50% of the sanctioned amount is recorded as paid while the workflow status remains 'Vendor Identification'.
WS/MP18112/2025-2026/188584,ND-WRK-0188,Vendor Identification,1000000.0,999878.0,1,1.0,457.0,,45,False,At least 50% of the sanctioned amount is recorded as paid while the workflow status remains 'Vendor Identification'.
WS/MP18112/2025-2026/188586,ND-WRK-0190,Vendor Identification,960000.0,576472.0,1,0.6,457.0,123.0,45,False,At least 50% of the sanctioned amount is recorded as paid while the workflow status remains 'Vendor Identification'.
WS/MP18112/2025-2026/188617,ND-WRK-0197,Vendor Identification,400000.0,397004.0,1,0.993,457.0,,45,False,At least 50% of the sanctioned amount is recorded as paid while the workflow status remains 'Vendor Identification'.
WS/MP18112/2024-2025/164632,ND-WRK-0167,Vendor Identification,3000000.0,2836162.0,1,0.945,,,45,False,At least 50% of the sanctioned amount is recorded as paid while the workflow status remains 'Vendor Identification'.
WS/MP18114/2026-2027/227498,ND-WRK-0366,Vendor Identification,1000000.0,999630.0,1,1.0,,,45,False,At least 50% of the sanctioned amount is recorded as paid while the workflow status remains 'Vendor Identification'.
WS/MP18307/2025-2026/180169,ND-WRK-1809,Vendor Identification,1900000.0,1898558.0,1,0.999,,,45,False,At least 50% of the sanctioned amount is recorded as paid while the workflow status remains 'Vendor Identification'.
WS/MP18307/2025-2026/180170,ND-WRK-1810,Vendor Identification,2500000.0,2498103.0,1,0.999,,,45,False,At least 50% of the sanctioned amount is recorded as paid while the workflow status remains 'Vendor Identification'.
WS/MP18308/2025-2026/244683,ND-WRK-1854,Vendor Identification,3000000.0,2983069.0,1,0.994,,66.0,45,False,At least 50% of the sanctioned amount is recorded as paid while the workflow status remains 'Vendor Identification'.
WS/MP18308/2025-2026/244692,ND-WRK-1857,Vendor Identification,3000000.0,2983069.0,1,0.994,,,45,False,At least 50% of the sanctioned amount is recorded as paid while the workflow status remains 'Vendor Identification'.
WS/MP18112/2025-2026/144100,ND-WRK-0173,Vendor Identification,700000.0,694428.0,1,0.992,,,45,False,At least 50% of the sanctioned amount is recorded as paid while the workflow status remains 'Vendor Identification'.
WS/MP18308/2025-2026/145410,ND-WRK-1834,Vendor Identification,2000000.0,1998481.0,1,0.999,,,45,False,At least 50% of the sanctioned amount is recorded as paid while the workflow status remains 'Vendor Identification'.
WS/MP18308/2025-2026/145411,ND-WRK-1835,Vendor Identification,1500000.0,1498862.0,1,0.999,274.0,,45,False,At least 50% of the sanctioned amount is recorded as paid while the workflow status remains 'Vendor Identification'.
WS/MP18308/2025-2026/145414,ND-WRK-1836,Vendor Identification,2000000.0,1998482.0,1,0.999,,66.0,45,False,At least 50% of the sanctioned amount is recorded as paid while the workflow status remains 'Vendor Identification'.
WS/MP18124/2025-2026/226093,ND-WRK-0896,Vendor Identification,2500000.0,2497854.0,1,0.999,,,45,False,At least 50% of the sanctioned amount is recorded as paid while the workflow status remains 'Vendor Identification'.
WS/MP18124/2025-2026/165816,ND-WRK-0892,Vendor Identification,1000000.0,999140.0,1,0.999,609.0,,45,False,At least 50% of the sanctioned amount is recorded as paid while the workflow status remains 'Vendor Identification'.
WS/MP18124/2025-2026/165820,ND-WRK-0893,Vendor Identification,2000000.0,1998282.0,1,0.999,609.0,,45,False,At least 50% of the sanctioned amount is recorded as paid while the workflow status remains 'Vendor Identification'.
WS/MP18124/2025-2026/226092,ND-WRK-0895,Vendor Identification,2000000.0,1998282.0,1,0.999,,,45,False,At least 50% of the sanctioned amount is recorded as paid while the workflow status remains 'Vendor Identification'.
WS/MP18124/2025-2026/226117,ND-WRK-0900,Vendor Identification,1850000.0,1848228.0,1,0.999,,,45,False,At least 50% of the sanctioned amount is recorded as paid while the workflow status remains 'Vendor Identification'.
WS/MP18124/2025-2026/226110,ND-WRK-0898,Vendor Identification,1850000.0,1848596.0,1,0.999,,,45,False,At least 50% of the sanctioned amount is recorded as paid while the workflow status remains 'Vendor Identification'.
WS/MP18124/2025-2026/226118,ND-WRK-0901,Vendor Identification,2000000.0,1998480.0,1,0.999,,,45,False,At least 50% of the sanctioned amount is recorded as paid while the workflow status remains 'Vendor Identification'.
WS/MP18112/2024-2025/175355,ND-WRK-0169,Vendor Identification,500000.0,499940.0,1,1.0,,,45,False,At least 50% of the sanctioned amount is recorded as paid while the workflow status remains 'Vendor Identification'.
WS/MP18112/2025-2026/189000,ND-WRK-0207,Vendor Identification,1000000.0,970479.0,1,0.97,457.0,,45,False,At least 50% of the sanctioned amount is recorded as paid while the workflow status remains 'Vendor Identification'.
WS/MP18124/2025-2026/162358,ND-WRK-0872,Vendor Identification,2000000.0,1998183.0,1,0.999,,,45,False,At least 50% of the sanctioned amount is recorded as paid while the workflow status remains 'Vendor Identification'.
WS/MP18124/2025-2026/162363,ND-WRK-0873,Vendor Identification,2500000.0,2497854.0,1,0.999,,,45,False,At least 50% of the sanctioned amount is recorded as paid while the workflow status remains 'Vendor Identification'.
WS/MP18124/2025-2026/162368,ND-WRK-0874,Vendor Identification,1500000.0,1498861.0,1,0.999,274.0,,45,False,At least 50% of the sanctioned amount is recorded as paid while the workflow status remains 'Vendor Identification'.
WS/MP18114/2025-2026/157610,ND-WRK-0347,Vendor Identification,1000000.0,999800.0,1,1.0,,,45,False,At least 50% of the sanctioned amount is recorded as paid while the workflow status remains 'Vendor Identification'.
WS/MP18307/2025-2026/178216,ND-WRK-1798,Vendor Identification,1500000.0,1498862.0,1,0.999,,,45,False,At least 50% of the sanctioned amount is recorded as paid while the workflow status remains 'Vendor Identification'.
WS/MP18307/2025-2026/178219,ND-WRK-1799,Vendor Identification,1000000.0,999241.0,1,0.999,,,45,False,At least 50% of the sanctioned amount is recorded as paid while the workflow status remains 'Vendor Identification'.
WS/MP18112/2025-2026/177511,ND-WRK-0185,Vendor Identification,1000000.0,894209.0,1,0.894,,123.0,45,False,At least 50% of the sanctioned amount is recorded as paid while the workflow status remains 'Vendor Identification'.
WS/MP18136/2026-2027/195294,ND-WRK-1686,Vendor Identification,499815.0,485866.0,1,0.972,1.0,,45,False,At least 50% of the sanctioned amount is recorded as paid while the workflow status remains 'Vendor Identification'.
WS/MP18116/2025-2026/209814,ND-WRK-0441,Vendor Identification,300000.0,296167.0,1,0.987,,,45,False,At least 50% of the sanctioned amount is recorded as paid while the workflow status remains 'Vendor Identification'.
WS/MP18124/2025-2026/226179,ND-WRK-0911,Vendor Identification,2300000.0,2298024.0,1,0.999,,,45,False,At least 50% of the sanctioned amount is recorded as paid while the workflow status remains 'Vendor Identification'.
WS/MP18124/2025-2026/226181,ND-WRK-0912,Vendor Identification,2450000.0,2447164.0,1,0.999,,,45,False,At least 50% of the sanctioned amount is recorded as paid while the workflow status remains 'Vendor Identification'.
WS/MP18124/2025-2026/226150,ND-WRK-0905,Vendor Identification,1500000.0,1498862.0,1,0.999,,,45,False,At least 50% of the sanctioned amount is recorded as paid while the workflow status remains 'Vendor Identification'.
WS/MP18124/2025-2026/226149,ND-WRK-0904,Vendor Identification,1800000.0,1798633.0,1,0.999,,,45,False,At least 50% of the sanctioned amount is recorded as paid while the workflow status remains 'Vendor Identification'.
WS/MP18124/2025-2026/226120,ND-WRK-0903,Vendor Identification,2500000.0,2498102.0,1,0.999,,4.0,45,False,At least 50% of the sanctioned amount is recorded as paid while the workflow status remains 'Vendor Identification'.
WS/MP18124/2025-2026/226119,ND-WRK-0902,Vendor Identification,2000000.0,1998480.0,1,0.999,,,45,False,At least 50% of the sanctioned amount is recorded as paid while the workflow status remains 'Vendor Identification'.
WS/MP18112/2025-2026/233413,ND-WRK-0254,Vendor Identification,1000000.0,998775.0,1,0.999,,,45,False,At least 50% of the sanctioned amount is recorded as paid while the workflow status remains 'Vendor Identification'.
WS/MP18112/2025-2026/233021,ND-WRK-0242,Vendor Identification,1000000.0,999340.0,1,0.999,98.0,,45,False,At least 50% of the sanctioned amount is recorded as paid while the workflow status remains 'Vendor Identification'.
WS/MP18124/2025-2026/226178,ND-WRK-0910,Vendor Identification,2150000.0,2147297.0,1,0.999,,,45,False,At least 50% of the sanctioned amount is recorded as paid while the workflow status remains 'Vendor Identification'.
WS/MP18112/2025-2026/233406,ND-WRK-0250,Vendor Identification,1200000.0,1199662.0,1,1.0,98.0,,45,False,At least 50% of the sanctioned amount is recorded as paid while the workflow status remains 'Vendor Identification'.
WS/MP18124/2025-2026/226193,ND-WRK-0916,Vendor Identification,2000000.0,1998481.0,1,0.999,,,45,False,At least 50% of the sanctioned amount is recorded as paid while the workflow status remains 'Vendor Identification'.
WS/MP18124/2025-2026/226184,ND-WRK-0913,Vendor Identification,2900000.0,2897509.0,1,0.999,,,45,False,At least 50% of the sanctioned amount is recorded as paid while the workflow status remains 'Vendor Identification'.
WS/MP18112/2025-2026/233585,ND-WRK-0256,Vendor Identification,1000000.0,855259.0,1,0.855,98.0,123.0,45,False,At least 50% of the sanctioned amount is recorded as paid while the workflow status remains 'Vendor Identification'.
WS/MP18112/2025-2026/233018,ND-WRK-0239,Vendor Identification,1000000.0,979662.0,1,0.98,-86.0,30.0,45,False,At least 50% of the sanctioned amount is recorded as paid while the workflow status remains 'Vendor Identification'.
WS/MP18112/2025-2026/188954,ND-WRK-0202,Vendor Identification,800000.0,793137.0,1,0.991,,,45,False,At least 50% of the sanctioned amount is recorded as paid while the workflow status remains 'Vendor Identification'.
WS/MP18112/2025-2026/233412,ND-WRK-0253,Vendor Identification,1000000.0,999670.0,2,1.0,,-30.0,45,False,At least 50% of the sanctioned amount is recorded as paid while the workflow status remains 'Vendor Identification'.
WS/MP18136/2025-2026/165206,ND-WRK-1647,Vendor Identification,696431.0,687849.0,1,0.988,369.0,,45,False,At least 50% of the sanctioned amount is recorded as paid while the workflow status remains 'Vendor Identification'.
WS/MP18136/2026-2027/190037,ND-WRK-1680,Vendor Identification,2500000.0,1799000.0,1,0.72,,156.0,45,False,At least 50% of the sanctioned amount is recorded as paid while the workflow status remains 'Vendor Identification'.
WS/MP18112/2025-2026/188618,ND-WRK-0198,Vendor Identification,1500000.0,1497356.0,1,0.998,457.0,-25.0,45,False,At least 50% of the sanctioned amount is recorded as paid while the workflow status remains 'Vendor Identification'.
WS/MP18112/2025-2026/188633,ND-WRK-0200,Vendor Identification,1200000.0,1199641.0,1,1.0,,,45,False,At least 50% of the sanctioned amount is recorded as paid while the workflow status remains 'Vendor Identification'.
WS/MP18112/2025-2026/211417,ND-WRK-0229,Vendor Identification,1152000.0,842346.0,1,0.731,457.0,153.0,45,False,At least 50% of the sanctioned amount is recorded as paid while the workflow status remains 'Vendor Identification'.
WS/MP18124/2025-2026/162344,ND-WRK-0870,Vendor Identification,2000000.0,1996492.0,1,0.998,,,45,False,At least 50% of the sanctioned amount is recorded as paid while the workflow status remains 'Vendor Identification'.
WS/MP18112/2025-2026/233391,ND-WRK-0246,Vendor Identification,500000.0,498615.0,1,0.997,98.0,,45,False,At least 50% of the sanctioned amount is recorded as paid while the workflow status remains 'Vendor Identification'.
WS/MP18116/2025-2026/186719,ND-WRK-0422,Vendor Identification,1000000.0,997000.0,1,0.997,218.0,,45,False,At least 50% of the sanctioned amount is recorded as paid while the workflow status remains 'Vendor Identification'.
WS/MP18116/2025-2026/210953,ND-WRK-0444,Vendor Identification,800000.0,792080.0,1,0.99,,,45,False,At least 50% of the sanctioned amount is recorded as paid while the workflow status remains 'Vendor Identification'.
WS/MP18112/2025-2026/233404,ND-WRK-0248,Vendor Identification,1500000.0,1499496.0,1,1.0,98.0,,45,False,At least 50% of the sanctioned amount is recorded as paid while the workflow status remains 'Vendor Identification'.
WS/MP673/2026-2027/193055,ND-WRK-2196,Vendor Identification,300000.0,299448.0,1,0.998,244.0,,45,False,At least 50% of the sanctioned amount is recorded as paid while the workflow status remains 'Vendor Identification'.
WS/MP18112/2025-2026/258223,ND-WRK-0274,Vendor Identification,1000000.0,970281.0,1,0.97,98.0,,45,False,At least 50% of the sanctioned amount is recorded as paid while the workflow status remains 'Vendor Identification'.
WS/MP18124/2025-2026/226155,ND-WRK-0906,Vendor Identification,1800000.0,1798633.0,1,0.999,,,45,False,At least 50% of the sanctioned amount is recorded as paid while the workflow status remains 'Vendor Identification'.
WS/MP18112/2025-2026/233019,ND-WRK-0240,Vendor Identification,1000000.0,614325.0,1,0.614,98.0,62.0,45,False,At least 50% of the sanctioned amount is recorded as paid while the workflow status remains 'Vendor Identification'.
WS/MP18124/2025-2026/226161,ND-WRK-0908,Vendor Identification,1750000.0,1748671.0,1,0.999,,,45,False,At least 50% of the sanctioned amount is recorded as paid while the workflow status remains 'Vendor Identification'.
WS/MP18124/2025-2026/165777,ND-WRK-0886,Vendor Identification,1000000.0,999240.0,1,0.999,274.0,,45,False,At least 50% of the sanctioned amount is recorded as paid while the workflow status remains 'Vendor Identification'.
WS/MP18118/2025-2026/188293,ND-WRK-0582,Sanction,399000.0,0.0,0,0.0,519.0,,40,False,The work is 519 days past sanction with no recorded payment in the cleaned expenditure data.
WS/MP18127/2025-2026/188374,ND-WRK-1163,Sanction,989000.0,0.0,0,0.0,519.0,,40,False,The work is 519 days past sanction with no recorded payment in the cleaned expenditure data.
WS/MP681/2024-2025/143657,ND-WRK-2235,Sanction,1000000.0,0.0,0,0.0,759.0,,40,False,The work is 759 days past sanction with no recorded payment in the cleaned expenditure data.
WS/MP661/2025-2026/147457,ND-WRK-2090,Sanction,1000000.0,0.0,0,0.0,368.0,,40,False,The work is 368 days past sanction with no recorded payment in the cleaned expenditure data.
WS/MP661/2024-2025/137791,ND-WRK-2078,Physical Inspection,499493.0,0.0,0,0.0,638.0,,40,False,The work is 638 days past sanction with no recorded payment in the cleaned expenditure data.
WS/MP661/2024-2025/137790,ND-WRK-2077,Physical Inspection,399922.0,0.0,0,0.0,638.0,,40,False,The work is 638 days past sanction with no recorded payment in the cleaned expenditure data.
WS/MP18119/2025-2026/163404,ND-WRK-0666,Sanction,1500000.0,0.0,0,0.0,517.0,,40,False,The work is 517 days past sanction with no recorded payment in the cleaned expenditure data.
WS/MP18119/2025-2026/163397,ND-WRK-0659,Sanction,1000000.0,0.0,0,0.0,517.0,,40,False,The work is 517 days past sanction with no recorded payment in the cleaned expenditure data.
WS/MP18119/2025-2026/163410,ND-WRK-0670,Sanction,1000000.0,0.0,0,0.0,517.0,,40,False,The work is 517 days past sanction with no recorded payment in the cleaned expenditure data.
WS/MP18118/2025-2026/188315,ND-WRK-0598,Sanction,1000000.0,0.0,0,0.0,519.0,,40,False,The work is 519 days past sanction with no recorded payment in the cleaned expenditure data.
WS/MP18119/2025-2026/163411,ND-WRK-0671,Sanction,1000000.0,0.0,0,0.0,517.0,,40,False,The work is 517 days past sanction with no recorded payment in the cleaned expenditure data.
WS/MP18112/2025-2026/188582,ND-WRK-0187,Sanction,960000.0,0.0,0,0.0,457.0,,40,False,The work is 457 days past sanction with no recorded payment in the cleaned expenditure data.
WS/MP18280/2025-2026/186981,ND-WRK-1761,Sanction,220000.0,0.0,0,0.0,396.0,,40,False,The work is 396 days past sanction with no recorded payment in the cleaned expenditure data.
WS/MP18133/2025-2026/164656,ND-WRK-1474,Sanction,500000.0,0.0,0,0.0,522.0,,40,False,The work is 522 days past sanction with no recorded payment in the cleaned expenditure data.
WS/MP18133/2025-2026/164658,ND-WRK-1475,Sanction,1000000.0,0.0,0,0.0,522.0,,40,False,The work is 522 days past sanction with no recorded payment in the cleaned expenditure data.
WS/MP18280/2025-2026/186984,ND-WRK-1764,Sanction,220000.0,0.0,0,0.0,396.0,,40,False,The work is 396 days past sanction with no recorded payment in the cleaned expenditure data.
WS/MP18280/2025-2026/186982,ND-WRK-1762,Sanction,220000.0,0.0,0,0.0,396.0,,40,False,The work is 396 days past sanction with no recorded payment in the cleaned expenditure data.
WS/MP18280/2025-2026/186983,ND-WRK-1763,Sanction,220000.0,0.0,0,0.0,396.0,,40,False,The work is 396 days past sanction with no recorded payment in the cleaned expenditure data.
WS/MP18280/2025-2026/186931,ND-WRK-1742,Sanction,220000.0,0.0,0,0.0,396.0,,40,False,The work is 396 days past sanction with no recorded payment in the cleaned expenditure data.
WS/MP18280/2025-2026/186932,ND-WRK-1743,Sanction,220000.0,0.0,0,0.0,396.0,,40,False,The work is 396 days past sanction with no recorded payment in the cleaned expenditure data.
WS/MP18280/2025-2026/186930,ND-WRK-1741,Sanction,220000.0,0.0,0,0.0,396.0,,40,False,The work is 396 days past sanction with no recorded payment in the cleaned expenditure data.
WS/MP18280/2025-2026/186929,ND-WRK-1740,Sanction,220000.0,0.0,0,0.0,396.0,,40,False,The work is 396 days past sanction with no recorded payment in the cleaned expenditure data.
WS/MP18132/2025-2026/179007,ND-WRK-1369,Sanction,1250000.0,0.0,0,0.0,428.0,,40,False,The work is 428 days past sanction with no recorded payment in the cleaned expenditure data.
WS/MP18132/2025-2026/179006,ND-WRK-1368,Sanction,1250000.0,0.0,0,0.0,428.0,,40,False,The work is 428 days past sanction with no recorded payment in the cleaned expenditure data.
WS/MP18132/2025-2026/179005,ND-WRK-1367,Sanction,1250000.0,0.0,0,0.0,428.0,,40,False,The work is 428 days past sanction with no recorded payment in the cleaned expenditure data.
WS/MP18132/2025-2026/226542,ND-WRK-1393,Sanction,1000000.0,0.0,0,0.0,425.0,,40,False,The work is 425 days past sanction with no recorded payment in the cleaned expenditure data.
WS/MP18132/2025-2026/226564,ND-WRK-1413,Sanction,999545.0,0.0,0,0.0,425.0,,40,False,The work is 425 days past sanction with no recorded payment in the cleaned expenditure data.
WS/MP18132/2025-2026/226535,ND-WRK-1387,Sanction,1000000.0,0.0,0,0.0,455.0,,40,False,The work is 455 days past sanction with no recorded payment in the cleaned expenditure data.
WS/MP18132/2025-2026/226562,ND-WRK-1411,Sanction,1500000.0,0.0,0,0.0,425.0,,40,False,The work is 425 days past sanction with no recorded payment in the cleaned expenditure data.
WS/MP18132/2025-2026/226558,ND-WRK-1407,Sanction,1250000.0,0.0,0,0.0,425.0,,40,False,The work is 425 days past sanction with no recorded payment in the cleaned expenditure data.
WS/MP18280/2025-2026/186933,ND-WRK-1744,Sanction,220000.0,0.0,0,0.0,396.0,,40,False,The work is 396 days past sanction with no recorded payment in the cleaned expenditure data.
WS/MP18280/2025-2026/186937,ND-WRK-1747,Sanction,220000.0,0.0,0,0.0,396.0,,40,False,The work is 396 days past sanction with no recorded payment in the cleaned expenditure data.
WS/MP18280/2025-2026/186936,ND-WRK-1746,Sanction,220000.0,0.0,0,0.0,396.0,,40,False,The work is 396 days past sanction with no recorded payment in the cleaned expenditure data.
WS/MP18280/2025-2026/186934,ND-WRK-1745,Sanction,220000.0,0.0,0,0.0,396.0,,40,False,The work is 396 days past sanction with no recorded payment in the cleaned expenditure data.
WS/MP18136/2025-2026/175623,ND-WRK-1662,Sanction,500000.0,0.0,0,0.0,430.0,,40,False,The work is 430 days past sanction with no recorded payment in the cleaned expenditure data.
WS/MP18132/2025-2026/189851,ND-WRK-1377,Sanction,1000000.0,0.0,0,0.0,428.0,,40,False,The work is 428 days past sanction with no recorded payment in the cleaned expenditure data.
WS/MP18131/2025-2026/191837,ND-WRK-1289,Sanction,500000.0,0.0,0,0.0,430.0,,40,False,The work is 430 days past sanction with no recorded payment in the cleaned expenditure data.
WS/MP18131/2025-2026/191838,ND-WRK-1290,Sanction,1000000.0,0.0,0,0.0,430.0,,40,False,The work is 430 days past sanction with no recorded payment in the cleaned expenditure data.
WS/MP18132/2025-2026/226567,ND-WRK-1416,Sanction,1000000.0,0.0,0,0.0,425.0,,40,False,The work is 425 days past sanction with no recorded payment in the cleaned expenditure data.
WS/MP18132/2025-2026/226565,ND-WRK-1414,Sanction,999928.0,0.0,0,0.0,425.0,,40,False,The work is 425 days past sanction with no recorded payment in the cleaned expenditure data.
WS/MP18132/2025-2026/226547,ND-WRK-1398,Sanction,1200000.0,0.0,0,0.0,425.0,,40,False,The work is 425 days past sanction with no recorded payment in the cleaned expenditure data.
WS/MP18131/2025-2026/193710,ND-WRK-1291,Sanction,3500000.0,0.0,0,0.0,430.0,,40,False,The work is 430 days past sanction with no recorded payment in the cleaned expenditure data.
WS/MP18132/2025-2026/179002,ND-WRK-1364,Sanction,1000000.0,0.0,0,0.0,428.0,,40,False,The work is 428 days past sanction with no recorded payment in the cleaned expenditure data.
WS/MP18131/2025-2026/191835,ND-WRK-1288,Sanction,1000000.0,0.0,0,0.0,430.0,,40,False,The work is 430 days past sanction with no recorded payment in the cleaned expenditure data.
WS/MP18132/2025-2026/179008,ND-WRK-1370,Sanction,1250000.0,0.0,0,0.0,488.0,,40,False,The work is 488 days past sanction with no recorded payment in the cleaned expenditure data.
WS/MP18119/2025-2026/163400,ND-WRK-0662,Sanction,1000000.0,0.0,0,0.0,517.0,,40,False,The work is 517 days past sanction with no recorded payment in the cleaned expenditure data.
,ND-WRK-4803,Sanction,1500000.0,0.0,0,0.0,519.0,,40,False,The work is 519 days past sanction with no recorded payment in the cleaned expenditure data.
WS/MP18118/2025-2026/188289,ND-WRK-0578,Sanction,996000.0,0.0,0,0.0,519.0,,40,False,The work is 519 days past sanction with no recorded payment in the cleaned expenditure data.
WS/MP681/2025-2026/161564,ND-WRK-2265,Sanction,700000.0,0.0,0,0.0,488.0,,40,False,The work is 488 days past sanction with no recorded payment in the cleaned expenditure data.
WS/MP681/2025-2026/163067,ND-WRK-2267,Sanction,999577.0,0.0,0,0.0,368.0,,40,False,The work is 368 days past sanction with no recorded payment in the cleaned expenditure data.
WS/MP18118/2025-2026/188290,ND-WRK-0579,Sanction,996000.0,0.0,0,0.0,519.0,,40,False,The work is 519 days past sanction with no recorded payment in the cleaned expenditure data.
,ND-WRK-4805,Work Completed,3968967.0,0.0,0,0.0,460.0,,40,False,The work is 460 days past sanction with no recorded payment in the cleaned expenditure data.
,ND-WRK-4802,Physical Inspection,1432750.0,0.0,0,0.0,460.0,,40,False,The work is 460 days past sanction with no recorded payment in the cleaned expenditure data.
WS/MP681/2024-2025/163044,ND-WRK-2258,Sanction,2499712.0,0.0,0,0.0,463.0,,40,False,The work is 463 days past sanction with no recorded payment in the cleaned expenditure data.
WS/MP692/2025-2026/183624,ND-WRK-2399,Physical Inspection,995586.0,995586.0,1,1.0,,573.0,30,False,No recorded payment for 573 days while status is 'Physical Inspection'.
WS/MP687/2025-2026/182090,ND-WRK-2343,Work partially Completed,2500000.0,1200000.0,1,0.48,,609.0,30,False,No recorded payment for 609 days while status is 'Work partially Completed'.
WS/MP691/2024-2025/140096,ND-WRK-2386,Physical Inspection,2999928.0,2974718.0,1,0.992,729.0,790.0,30,False,No recorded payment for 790 days while status is 'Physical Inspection'.
WS/MP687/2025-2026/182086,ND-WRK-2339,Physical Inspection,2496670.0,2496670.0,2,1.0,,392.0,30,False,No recorded payment for 392 days while status is 'Physical Inspection'.
WS/MP687/2024-2025/181205,ND-WRK-2333,Work partially Completed,2500000.0,1091222.0,1,0.436,,581.0,30,False,No recorded payment for 581 days while status is 'Work partially Completed'.
WS/MP18129/2025-2026/186060,ND-WRK-1256,Physical Inspection,999812.0,999812.0,1,1.0,,608.0,30,False,No recorded payment for 608 days while status is 'Physical Inspection'.
WS/MP18129/2025-2026/186064,ND-WRK-1259,Physical Inspection,999203.0,999203.0,1,1.0,,392.0,30,False,No recorded payment for 392 days while status is 'Physical Inspection'.
WS/MP18129/2025-2026/186530,ND-WRK-1261,Physical Inspection,999995.0,999995.0,1,1.0,,608.0,30,False,No recorded payment for 608 days while status is 'Physical Inspection'.
WS/MP18114/2025-2026/157440,ND-WRK-0333,Physical Inspection,999084.0,999084.0,1,1.0,394.0,394.0,30,False,No recorded payment for 394 days while status is 'Physical Inspection'.
WS/MP18129/2025-2026/186532,ND-WRK-1263,Physical Inspection,999999.0,999999.0,1,1.0,,608.0,30,False,No recorded payment for 608 days while status is 'Physical Inspection'.
WS/MP18129/2025-2026/186531,ND-WRK-1262,Physical Inspection,999985.0,999985.0,1,1.0,,608.0,30,False,No recorded payment for 608 days while status is 'Physical Inspection'.
WS/MP18114/2025-2026/157479,ND-WRK-0341,Physical Inspection,699468.0,699468.0,1,1.0,,399.0,30,False,No recorded payment for 399 days while status is 'Physical Inspection'.
WS/MP18113/2025-2026/162522,ND-WRK-0292,Physical Inspection,2499612.0,2499612.0,1,1.0,488.0,488.0,30,False,No recorded payment for 488 days while status is 'Physical Inspection'.
WS/MP18113/2025-2026/180320,ND-WRK-0296,Physical Inspection,974667.0,974667.0,1,1.0,484.0,392.0,30,False,No recorded payment for 392 days while status is 'Physical Inspection'.
WS/MP18129/2025-2026/186051,ND-WRK-1253,Physical Inspection,999962.0,999962.0,1,1.0,,608.0,30,False,No recorded payment for 608 days while status is 'Physical Inspection'.
WS/MP18113/2025-2026/202118,ND-WRK-0309,Physical Inspection,1499882.0,1499882.0,1,1.0,515.0,454.0,30,False,No recorded payment for 454 days while status is 'Physical Inspection'.
WS/MP18127/2025-2026/188389,ND-WRK-1176,Physical Inspection,989000.0,989000.0,1,1.0,519.0,515.0,30,False,No recorded payment for 515 days while status is 'Physical Inspection'.
WS/MP18127/2025-2026/188390,ND-WRK-1177,Physical Inspection,989000.0,989000.0,1,1.0,519.0,515.0,30,False,No recorded payment for 515 days while status is 'Physical Inspection'.
WS/MP18113/2025-2026/192641,ND-WRK-0302,Physical Inspection,994542.0,994542.0,1,1.0,,547.0,30,False,No recorded payment for 547 days while status is 'Physical Inspection'.
WS/MP18132/2025-2026/174578,ND-WRK-1358,Physical Inspection,987448.0,987448.0,1,1.0,548.0,548.0,30,False,No recorded payment for 548 days while status is 'Physical Inspection'.
WS/MP18258/2025-2026/183834,ND-WRK-1706,Physical Inspection,1966157.0,1966157.0,1,1.0,,548.0,30,False,No recorded payment for 548 days while status is 'Physical Inspection'.
WS/MP18129/2025-2026/186058,ND-WRK-1255,Physical Inspection,999337.0,999337.0,1,1.0,,608.0,30,False,No recorded payment for 608 days while status is 'Physical Inspection'.
WS/MP18129/2025-2026/186052,ND-WRK-1254,Physical Inspection,999965.0,999965.0,1,1.0,,608.0,30,False,No recorded payment for 608 days while status is 'Physical Inspection'.
WS/MP18116/2025-2026/192300,ND-WRK-0433,Physical Inspection,999000.0,999000.0,1,1.0,515.0,454.0,30,False,No recorded payment for 454 days while status is 'Physical Inspection'.
WS/MP18116/2025-2026/192299,ND-WRK-0432,Physical Inspection,999000.0,999000.0,1,1.0,515.0,454.0,30,False,No recorded payment for 454 days while status is 'Physical Inspection'.
WS/MP18116/2025-2026/192298,ND-WRK-0431,Physical Inspection,999000.0,999000.0,1,1.0,515.0,454.0,30,False,No recorded payment for 454 days while status is 'Physical Inspection'.
WS/MP18116/2025-2026/192284,ND-WRK-0430,Physical Inspection,1500000.0,1463606.0,1,0.976,604.0,573.0,30,False,No recorded payment for 573 days while status is 'Physical Inspection'.
WS/MP18111/2025-2026/187101,ND-WRK-0083,Physical Inspection,970750.0,970750.0,1,1.0,,455.0,30,False,No recorded payment for 455 days while status is 'Physical Inspection'.
WS/MP18116/2025-2026/186747,ND-WRK-0426,Work partially Completed,300000.0,296098.0,1,0.987,519.0,489.0,30,False,No recorded payment for 489 days while status is 'Work partially Completed'.
WS/MP673/2025-2026/147093,ND-WRK-2172,Physical Inspection,699164.0,699164.0,1,1.0,,576.0,30,False,No recorded payment for 576 days while status is 'Physical Inspection'.
WS/MP18111/2025-2026/187074,ND-WRK-0076,Physical Inspection,990061.0,990061.0,1,1.0,604.0,392.0,30,False,No recorded payment for 392 days while status is 'Physical Inspection'.
WS/MP672/2024-2025/157636,ND-WRK-2138,Physical Inspection,1000000.0,956902.0,1,0.957,310.0,518.0,30,False,No recorded payment for 518 days while status is 'Physical Inspection'.
WS/MP672/2024-2025/144105,ND-WRK-2136,Physical Inspection,458593.0,458593.0,1,1.0,,881.0,30,False,No recorded payment for 881 days while status is 'Physical Inspection'.
WS/MP18111/2025-2026/187543,ND-WRK-0097,Physical Inspection,992728.0,992728.0,1,1.0,514.0,484.0,30,False,No recorded payment for 484 days while status is 'Physical Inspection'.
WS/MP18116/2025-2026/185875,ND-WRK-0419,Physical Inspection,2100000.0,2100000.0,1,1.0,606.0,425.0,30,False,No recorded payment for 425 days while status is 'Physical Inspection'.
WS/MP681/2024-2025/143974,ND-WRK-2240,Physical Inspection,699926.0,699926.0,1,1.0,667.0,428.0,30,False,No recorded payment for 428 days while status is 'Physical Inspection'.
WS/MP681/2024-2025/143975,ND-WRK-2241,Physical Inspection,699957.0,699957.0,1,1.0,,430.0,30,False,No recorded payment for 430 days while status is 'Physical Inspection'.
WS/MP681/2024-2025/143979,ND-WRK-2243,Physical Inspection,699426.0,699426.0,1,1.0,728.0,395.0,30,False,No recorded payment for 395 days while status is 'Physical Inspection'.
WS/MP681/2024-2025/143980,ND-WRK-2244,Physical Inspection,699603.0,699603.0,1,1.0,728.0,395.0,30,False,No recorded payment for 395 days while status is 'Physical Inspection'.
WS/MP681/2024-2025/143981,ND-WRK-2245,Physical Inspection,694100.0,694100.0,1,1.0,667.0,521.0,30,False,No recorded payment for 521 days while status is 'Physical Inspection'.
WS/MP681/2024-2025/134803,ND-WRK-2223,Physical Inspection,999904.0,999904.0,1,1.0,,521.0,30,False,No recorded payment for 521 days while status is 'Physical Inspection'.
WS/MP18118/2025-2026/166392,ND-WRK-0574,Work partially Completed,1000000.0,938055.0,1,0.938,,605.0,30,False,No recorded payment for 605 days while status is 'Work partially Completed'.
WS/MP681/2024-2025/143983,ND-WRK-2247,Physical Inspection,699851.0,699851.0,1,1.0,,521.0,30,False,No recorded payment for 521 days while status is 'Physical Inspection'.
WS/MP672/2024-2025/144104,ND-WRK-2135,Physical Inspection,670000.0,670000.0,1,1.0,,972.0,30,False,No recorded payment for 972 days while status is 'Physical Inspection'.
WS/MP672/2024-2025/144103,ND-WRK-2134,Physical Inspection,555000.0,555000.0,1,1.0,,972.0,30,False,No recorded payment for 972 days while status is 'Physical Inspection'.
WS/MP18111/2025-2026/144098,ND-WRK-0065,Physical Inspection,400000.0,396568.0,1,0.991,553.0,553.0,30,False,No recorded payment for 553 days while status is 'Physical Inspection'.
WS/MP18111/2025-2026/177759,ND-WRK-0067,Physical Inspection,968831.0,968831.0,2,1.0,,515.0,30,False,No recorded payment for 515 days while status is 'Physical Inspection'.
WS/MP18116/2025-2026/186744,ND-WRK-0425,Work partially Completed,300000.0,296098.0,1,0.987,519.0,489.0,30,False,No recorded payment for 489 days while status is 'Work partially Completed'.
WS/MP18116/2025-2026/186741,ND-WRK-0424,Work partially Completed,300000.0,295624.0,1,0.985,519.0,489.0,30,False,No recorded payment for 489 days while status is 'Work partially Completed'.
WS/MP673/2025-2026/193049,ND-WRK-2180,Physical Inspection,494997.0,494997.0,1,1.0,,576.0,30,False,No recorded payment for 576 days while status is 'Physical Inspection'.
WS/MP673/2025-2026/176580,ND-WRK-2176,Physical Inspection,697913.0,697913.0,1,1.0,,514.0,30,False,No recorded payment for 514 days while status is 'Physical Inspection'.
WS/MP18111/2025-2026/194800,ND-WRK-0099,Physical Inspection,873496.0,873496.0,1,1.0,604.0,484.0,30,False,No recorded payment for 484 days while status is 'Physical Inspection'.
WS/MP18111/2025-2026/194801,ND-WRK-0100,Physical Inspection,900000.0,900000.0,1,1.0,604.0,392.0,30,False,No recorded payment for 392 days while status is 'Physical Inspection'.
WS/MP18111/2025-2026/194802,ND-WRK-0101,Physical Inspection,950000.0,950000.0,1,1.0,604.0,392.0,30,False,No recorded payment for 392 days while status is 'Physical Inspection'.
WS/MP18121/2024-2025/146671,ND-WRK-0777,Physical Inspection,2945320.0,2945320.0,1,1.0,,372.0,30,False,No recorded payment for 372 days while status is 'Physical Inspection'.
WS/MP18111/2025-2026/187113,ND-WRK-0087,Physical Inspection,986385.0,986385.0,1,1.0,,455.0,30,False,No recorded payment for 455 days while status is 'Physical Inspection'.
WS/MP661/2025-2026/146562,ND-WRK-2083,Physical Inspection,1000000.0,1000000.0,1,1.0,400.0,397.0,30,False,No recorded payment for 397 days while status is 'Physical Inspection'.
WS/MP18111/2025-2026/194805,ND-WRK-0104,Physical Inspection,977091.0,977091.0,1,1.0,514.0,514.0,30,False,No recorded payment for 514 days while status is 'Physical Inspection'.
WS/MP18123/2025-2026/169714,ND-WRK-0826,Physical Inspection,500000.0,500000.0,1,1.0,457.0,396.0,30,False,No recorded payment for 396 days while status is 'Physical Inspection'.
WS/MP18323/2025-2026/168809,ND-WRK-1895,Physical Inspection,999782.0,999782.0,1,1.0,396.0,396.0,30,False,No recorded payment for 396 days while status is 'Physical Inspection'.
WS/MP18112/2024-2025/136992,ND-WRK-0161,Physical Inspection,2000000.0,1999127.0,1,1.0,,367.0,30,False,No recorded payment for 367 days while status is 'Physical Inspection'.
WS/MP18323/2025-2026/181820,ND-WRK-1903,Physical Inspection,988936.0,988936.0,1,1.0,515.0,484.0,30,False,No recorded payment for 484 days while status is 'Physical Inspection'.
WS/MP18323/2024-2025/167218,ND-WRK-1879,Physical Inspection,999189.0,999189.0,1,1.0,,612.0,30,False,No recorded payment for 612 days while status is 'Physical Inspection'.
WS/MP18323/2025-2026/146707,ND-WRK-1884,Physical Inspection,593000.0,589894.0,1,0.995,,519.0,30,False,No recorded payment for 519 days while status is 'Physical Inspection'.
WS/MP18323/2025-2026/167414,ND-WRK-1891,Physical Inspection,996732.0,996732.0,1,1.0,425.0,425.0,30,False,No recorded payment for 425 days while status is 'Physical Inspection'.
WS/MP18323/2025-2026/167436,ND-WRK-1892,Physical Inspection,994329.0,994329.0,1,1.0,425.0,425.0,30,False,No recorded payment for 425 days while status is 'Physical Inspection'.
WS/MP18307/2025-2026/180114,ND-WRK-1803,Physical Inspection,1800000.0,1798633.0,1,0.999,394.0,454.0,30,False,No recorded payment for 454 days while status is 'Physical Inspection'.
WS/MP18123/2025-2026/169715,ND-WRK-0827,Physical Inspection,1000000.0,942064.0,2,0.942,,573.0,30,False,No recorded payment for 573 days while status is 'Physical Inspection'.
WS/MP18123/2025-2026/190896,ND-WRK-0834,Physical Inspection,1500000.0,1500000.0,1,1.0,606.0,425.0,30,False,No recorded payment for 425 days while status is 'Physical Inspection'.
WS/MP18123/2025-2026/200542,ND-WRK-0835,Physical Inspection,1000000.0,1000000.0,1,1.0,515.0,454.0,30,False,No recorded payment for 454 days while status is 'Physical Inspection'.
WS/MP18122/2025-2026/175370,ND-WRK-0811,Physical Inspection,1000000.0,1000000.0,1,1.0,,609.0,30,False,No recorded payment for 609 days while status is 'Physical Inspection'.
WS/MP18116/2026-2027/211813,ND-WRK-0503,Work partially Completed,500000.0,498686.0,1,0.997,,213.0,15,False,No recorded payment for 213 days.
WS/MP18116/2026-2027/211811,ND-WRK-0502,Work partially Completed,500000.0,498686.0,1,0.997,,213.0,15,False,No recorded payment for 213 days.
WS/MP18116/2026-2027/209824,ND-WRK-0501,Work partially Completed,500000.0,498686.0,1,0.997,,213.0,15,False,No recorded payment for 213 days.
WS/MP18116/2026-2027/209822,ND-WRK-0500,Physical Inspection,500000.0,498686.0,1,0.997,,213.0,15,False,No recorded payment for 213 days.
WS/MP687/2025-2026/182099,ND-WRK-2346,Physical Inspection,2499000.0,2499000.0,2,1.0,-55.0,216.0,15,False,No recorded payment for 216 days.
WS/MP691/2025-2026/175514,ND-WRK-2387,Physical Inspection,914736.0,914736.0,1,1.0,551.0,331.0,15,False,No recorded payment for 331 days.
WS/MP687/2025-2026/182572,ND-WRK-2353,Physical Inspection,1000000.0,999000.0,2,0.999,,213.0,15,False,No recorded payment for 213 days.
WS/MP687/2025-2026/182566,ND-WRK-2347,Physical Inspection,2499000.0,2499000.0,2,1.0,276.0,301.0,15,False,No recorded payment for 301 days.
WS/MP687/2026-2027/268171,ND-WRK-2382,Work partially Completed,600000.0,300000.0,1,0.5,,184.0,15,False,No recorded payment for 184 days.
WS/MP687/2026-2027/295798,ND-WRK-2383,Work partially Completed,1000000.0,500000.0,1,0.5,,184.0,15,False,No recorded payment for 184 days.
WS/MP685/2026-2027/233089,ND-WRK-2329,Physical Inspection,1000000.0,994234.0,1,0.994,244.0,244.0,15,False,No recorded payment for 244 days.
WS/MP685/2026-2027/246450,ND-WRK-2330,Work partially Completed,1000000.0,500000.0,1,0.5,,242.0,15,False,No recorded payment for 242 days.
WS/MP18114/2025-2026/157656,ND-WRK-0351,Physical Inspection,896192.0,896192.0,1,1.0,,336.0,15,False,No recorded payment for 336 days.
WS/MP18124/2025-2026/226116,ND-WRK-0899,Work partially Completed,1900000.0,1898368.0,1,0.999,,184.0,15,False,No recorded payment for 184 days.
WS/MP18124/2025-2026/225837,ND-WRK-0894,Work partially Completed,1500000.0,1498862.0,1,0.999,,184.0,15,False,No recorded payment for 184 days.
WS/MP18258/2026-2027/183826,ND-WRK-1714,Physical Inspection,2000000.0,1977971.0,1,0.989,211.0,211.0,15,False,No recorded payment for 211 days.
WS/MP18133/2025-2026/253828,ND-WRK-1488,Physical Inspection,500000.0,497769.0,1,0.996,130.0,183.0,15,False,No recorded payment for 183 days.
WS/MP18134/2025-2026/182075,ND-WRK-1572,Physical Inspection,500000.0,494236.0,1,0.988,,183.0,15,False,No recorded payment for 183 days.
WS/MP18134/2025-2026/182697,ND-WRK-1574,Work partially Completed,700000.0,593193.0,1,0.847,,184.0,15,False,No recorded payment for 184 days.
WS/MP18136/2026-2027/231461,ND-WRK-1696,Work partially Completed,700000.0,267697.0,1,0.382,,244.0,15,False,No recorded payment for 244 days.
WS/MP18112/2025-2026/217119,ND-WRK-0235,Physical Inspection,700000.0,682107.0,2,0.974,,184.0,15,False,No recorded payment for 184 days.
WS/MP18136/2026-2027/211192,ND-WRK-1695,Work partially Completed,500000.0,207630.0,1,0.415,,244.0,15,False,No recorded payment for 244 days.
WS/MP18258/2026-2027/183905,ND-WRK-1715,Physical Inspection,1000000.0,995892.0,1,0.996,242.0,211.0,15,False,No recorded payment for 211 days.
WS/MP18132/2025-2026/179004,ND-WRK-1366,Work partially Completed,1000000.0,795187.0,1,0.795,,211.0,15,False,No recorded payment for 211 days.
WS/MP18131/2025-2026/206359,ND-WRK-1303,Physical Inspection,1000000.0,500000.0,1,0.5,,213.0,15,False,No recorded payment for 213 days.
WS/MP18131/2025-2026/206363,ND-WRK-1306,Physical Inspection,1000000.0,500000.0,1,0.5,,213.0,15,False,No recorded payment for 213 days.
WS/MP18132/2025-2026/177745,ND-WRK-1363,Work partially Completed,999500.0,999000.0,1,0.999,,242.0,15,False,No recorded payment for 242 days.
WS/MP18114/2025-2026/157447,ND-WRK-0335,Physical Inspection,995218.0,995218.0,1,1.0,300.0,300.0,15,False,No recorded payment for 300 days.
WS/MP18129/2025-2026/186062,ND-WRK-1258,Physical Inspection,999860.0,999860.0,1,1.0,,363.0,15,False,No recorded payment for 363 days.
WS/MP18114/2025-2026/157456,ND-WRK-0339,Physical Inspection,995370.0,995370.0,1,1.0,300.0,300.0,15,False,No recorded payment for 300 days.
WS/MP18128/2026-2027/217811,ND-WRK-1242,Physical Inspection,1000000.0,992591.0,1,0.993,,242.0,15,False,No recorded payment for 242 days.
WS/MP18129/2025-2026/186068,ND-WRK-1260,Physical Inspection,999992.0,999992.0,1,1.0,,363.0,15,False,No recorded payment for 363 days.
WS/MP18129/2025-2026/186061,ND-WRK-1257,Physical Inspection,999199.0,999199.0,1,1.0,,363.0,15,False,No recorded payment for 363 days.
WS/MP18128/2026-2027/217864,ND-WRK-1245,Physical Inspection,1000000.0,981824.0,1,0.982,,242.0,15,False,No recorded payment for 242 days.
WS/MP18127/2026-2027/274233,ND-WRK-1228,Work partially Completed,950000.0,941382.0,1,0.991,,213.0,15,False,No recorded payment for 213 days.
WS/MP18113/2025-2026/162518,ND-WRK-0291,Physical Inspection,1500000.0,1491921.0,1,0.995,490.0,276.0,15,False,No recorded payment for 276 days.
WS/MP18127/2025-2026/188380,ND-WRK-1169,Physical Inspection,995092.0,995092.0,1,1.0,363.0,333.0,15,False,No recorded payment for 333 days.
WS/MP18113/2026-2027/193159,ND-WRK-0318,Physical Inspection,1500000.0,1499000.0,1,0.999,242.0,242.0,15,False,No recorded payment for 242 days.
WS/MP18113/2026-2027/201976,ND-WRK-0321,Physical Inspection,1500000.0,1497230.0,1,0.998,,213.0,15,False,No recorded payment for 213 days.
WS/MP18113/2025-2026/176732,ND-WRK-0294,Physical Inspection,1991442.0,1991442.0,1,1.0,428.0,336.0,15,False,No recorded payment for 336 days.
WS/MP18113/2025-2026/185622,ND-WRK-0298,Physical Inspection,1500000.0,1500000.0,1,1.0,,217.0,15,False,No recorded payment for 217 days.
WS/MP18126/2025-2026/256630,ND-WRK-1073,Physical Inspection,170000.0,169529.0,1,0.997,-56.0,184.0,15,False,No recorded payment for 184 days.
WS/MP18124/2025-2026/226159,ND-WRK-0907,Work partially Completed,1850000.0,1848595.0,1,0.999,,244.0,15,False,No recorded payment for 244 days.
WS/MP18124/2025-2026/226166,ND-WRK-0909,Work partially Completed,1950000.0,1947550.0,1,0.999,,244.0,15,False,No recorded payment for 244 days.
WS/MP692/2026-2027/185159,ND-WRK-2423,Physical Inspection,1000000.0,936871.0,1,0.937,,185.0,15,False,No recorded payment for 185 days.
WS/MP692/2026-2027/183598,ND-WRK-2412,Physical Inspection,300000.0,297993.0,1,0.993,,185.0,15,False,No recorded payment for 185 days.
WS/MP18116/2025-2026/240280,ND-WRK-0487,Physical Inspection,1000000.0,1000000.0,1,1.0,-24.0,213.0,15,False,No recorded payment for 213 days.
WS/MP18127/2025-2026/253704,ND-WRK-1190,Work partially Completed,990000.0,986737.0,1,0.997,-55.0,183.0,15,False,No recorded payment for 183 days.
WS/MP18127/2026-2027/253706,ND-WRK-1214,Work partially Completed,990000.0,989000.0,1,0.999,,242.0,15,False,No recorded payment for 242 days.
WS/MP692/2026-2027/250950,ND-WRK-2428,Physical Inspection,1000000.0,1000000.0,1,1.0,242.0,183.0,15,False,No recorded payment for 183 days.
WS/MP18127/2026-2027/274234,ND-WRK-1229,Work partially Completed,950000.0,949700.0,1,1.0,,213.0,15,False,No recorded payment for 213 days.
WS/MP18113/2025-2026/193132,ND-WRK-0304,Physical Inspection,992820.0,992820.0,1,1.0,303.0,273.0,15,False,No recorded payment for 273 days.
WS/MP18110/2025-2026/209772,ND-WRK-0002,Physical Inspection,4776925.0,4776925.0,1,1.0,,250.0,15,False,No recorded payment for 250 days.
WS/MP18127/2025-2026/253703,ND-WRK-1189,Work partially Completed,990000.0,987268.0,1,0.997,-55.0,183.0,15,False,No recorded payment for 183 days.
WS/MP18127/2025-2026/188375,ND-WRK-1164,Physical Inspection,999500.0,999500.0,1,1.0,519.0,332.0,15,False,No recorded payment for 332 days.
WS/MP18128/2026-2027/217863,ND-WRK-1244,Physical Inspection,1000000.0,892176.0,1,0.892,,242.0,15,False,No recorded payment for 242 days.
WS/MP18128/2026-2027/217820,ND-WRK-1243,Physical Inspection,1000000.0,992657.0,1,0.993,,242.0,15,False,No recorded payment for 242 days.
WS/MP18127/2025-2026/188376,ND-WRK-1165,Work partially Completed,1499500.0,1499500.0,1,1.0,519.0,213.0,15,False,No recorded payment for 213 days.
WS/MP18116/2025-2026/232160,ND-WRK-0470,Work partially Completed,500000.0,494588.0,1,0.989,190.0,190.0,15,False,No recorded payment for 190 days.
WS/MP18116/2026-2027/229732,ND-WRK-0510,Work partially Completed,1000000.0,996904.0,1,0.997,,185.0,15,False,No recorded payment for 185 days.
WS/MP18123/2026-2027/220023,ND-WRK-0845,Physical Inspection,1200000.0,1200000.0,1,1.0,,185.0,15,False,No recorded payment for 185 days.
WS/MP18115/2026-2027/186643,ND-WRK-0403,Physical Inspection,700000.0,696799.0,1,0.995,188.0,183.0,15,False,No recorded payment for 183 days.
WS/MP18115/2026-2027/186454,ND-WRK-0397,Physical Inspection,700000.0,699547.0,1,0.999,,213.0,15,False,No recorded payment for 213 days.
WS/MP18115/2026-2027/186439,ND-WRK-0395,Physical Inspection,700000.0,700000.0,1,1.0,213.0,213.0,15,False,No recorded payment for 213 days.
WS/MP18111/2026-2027/276690,ND-WRK-0146,Work partially Completed,1000000.0,976283.0,1,0.976,183.0,183.0,15,False,No recorded payment for 183 days.
WS/MP18429/2026-2027/243636,ND-WRK-2052,Work partially Completed,990463.0,990463.0,1,1.0,,244.0,15,False,No recorded payment for 244 days.
WS/MP18369/2026-2027/237126,ND-WRK-1992,Physical Inspection,749000.0,745795.0,1,0.996,,185.0,15,False,No recorded payment for 185 days.
WS/MP18323/2025-2026/168679,ND-WRK-1893,Physical Inspection,677260.0,677260.0,1,1.0,304.0,304.0,15,False,No recorded payment for 304 days.
WS/MP18323/2025-2026/146708,ND-WRK-1885,Physical Inspection,500000.0,494297.0,1,0.989,,333.0,15,False,No recorded payment for 333 days.
WS/MP18307/2025-2026/143600,ND-WRK-1785,Work partially Completed,1500000.0,1498862.0,1,0.999,,244.0,15,False,No recorded payment for 244 days.
WS/MP18323/2025-2026/168685,ND-WRK-1894,Physical Inspection,963776.0,963776.0,1,1.0,304.0,304.0,15,False,No recorded payment for 304 days.
WS/MP18113/2026-2027/247450,ND-WRK-0329,Physical Inspection,1000000.0,987912.0,1,0.988,,213.0,15,False,No recorded payment for 213 days.
WS/MP18307/2025-2026/143612,ND-WRK-1795,Work partially Completed,1500000.0,1485428.0,1,0.99,,244.0,15,False,No recorded payment for 244 days.
WS/MP18307/2025-2026/143607,ND-WRK-1790,Work partially Completed,2000000.0,1998481.0,1,0.999,,185.0,15,False,No recorded payment for 185 days.
WS/MP18113/2026-2027/247243,ND-WRK-0328,Physical Inspection,1000000.0,987912.0,1,0.988,,213.0,15,False,No recorded payment for 213 days.
WS/MP18307/2025-2026/231062,ND-WRK-1820,Work partially Completed,2400000.0,2397497.0,1,0.999,,244.0,15,False,No recorded payment for 244 days.
WS/MP18111/2025-2026/187534,ND-WRK-0095,Physical Inspection,987005.0,987005.0,1,1.0,,361.0,15,False,No recorded payment for 361 days.
WS/MP18111/2025-2026/187532,ND-WRK-0094,Physical Inspection,970977.0,970977.0,1,1.0,,272.0,15,False,No recorded payment for 272 days.
WS/MP18111/2025-2026/187509,ND-WRK-0093,Physical Inspection,958282.0,958282.0,2,1.0,427.0,363.0,15,False,No recorded payment for 363 days.
WS/MP18115/2026-2027/186434,ND-WRK-0393,Physical Inspection,700000.0,700000.0,1,1.0,,213.0,15,False,No recorded payment for 213 days.
WS/MP18115/2026-2027/186437,ND-WRK-0394,Physical Inspection,700000.0,700000.0,1,1.0,,213.0,15,False,No recorded payment for 213 days.
WS/MP18122/2025-2026/222582,ND-WRK-0818,Physical Inspection,492469.0,492469.0,1,1.0,392.0,270.0,15,False,No recorded payment for 270 days.
WS/MP18122/2025-2026/225427,ND-WRK-0821,Physical Inspection,492485.0,492485.0,1,1.0,392.0,270.0,15,False,No recorded payment for 270 days.
WS/MP18115/2026-2027/186433,ND-WRK-0392,Physical Inspection,700000.0,699522.0,1,0.999,,213.0,15,False,No recorded payment for 213 days.
WS/MP18429/2026-2027/242461,ND-WRK-2046,Physical Inspection,494083.0,494083.0,1,1.0,,185.0,15,False,No recorded payment for 185 days.
WS/MP18429/2026-2027/243633,ND-WRK-2050,Physical Inspection,498675.0,498675.0,1,1.0,,244.0,15,False,No recorded payment for 244 days.
WS/MP18429/2026-2027/237859,ND-WRK-2039,Physical Inspection,495937.0,495937.0,1,1.0,,184.0,15,False,No recorded payment for 184 days.
WS/MP18122/2025-2026/222581,ND-WRK-0817,Physical Inspection,993760.0,993760.0,1,1.0,392.0,270.0,15,False,No recorded payment for 270 days.
WS/MP661/2025-2026/146561,ND-WRK-2082,Physical Inspection,1000000.0,1000000.0,1,1.0,400.0,337.0,15,False,No recorded payment for 337 days.
WS/MP18429/2026-2027/244548,ND-WRK-2055,Physical Inspection,699930.0,699930.0,1,1.0,,211.0,15,False,No recorded payment for 211 days.
WS/MP18429/2026-2027/245247,ND-WRK-2058,Physical Inspection,497978.0,497978.0,1,1.0,,244.0,15,False,No recorded payment for 244 days.
WS/MP18429/2026-2027/245679,ND-WRK-2061,Physical Inspection,696912.0,696912.0,1,1.0,,213.0,15,False,No recorded payment for 213 days.
WS/MP18123/2025-2026/220022,ND-WRK-0836,Physical Inspection,1500000.0,1500000.0,1,1.0,,218.0,15,False,No recorded payment for 218 days.
WS/MP18122/2025-2026/176399,ND-WRK-0812,Physical Inspection,1000000.0,950247.0,1,0.95,,334.0,15,False,No recorded payment for 334 days.
WS/MP661/2025-2026/241892,ND-WRK-2095,Physical Inspection,1000000.0,1000000.0,1,1.0,,301.0,15,False,No recorded payment for 301 days.
WS/MP661/2026-2027/246048,ND-WRK-2107,Work partially Completed,1000000.0,995843.0,1,0.996,,211.0,15,False,No recorded payment for 211 days.
WS/MP18429/2026-2027/248643,ND-WRK-2071,Physical Inspection,992631.0,992631.0,1,1.0,242.0,211.0,15,False,No recorded payment for 211 days.
WS/MP18429/2026-2027/249341,ND-WRK-2072,Physical Inspection,994388.0,994388.0,1,1.0,,211.0,15,False,No recorded payment for 211 days.
WS/MP18429/2025-2026/227018,ND-WRK-2024,Physical Inspection,996000.0,995712.0,1,1.0,,216.0,15,False,No recorded payment for 216 days.
WS/MP18308/2025-2026/244678,ND-WRK-1851,Work partially Completed,2500000.0,2498103.0,1,0.999,,184.0,15,False,No recorded payment for 184 days.
WS/MP18111/2026-2027/269033,ND-WRK-0129,Work partially Completed,1000000.0,983250.0,1,0.983,,183.0,15,False,No recorded payment for 183 days.
WS/MP18111/2025-2026/269009,ND-WRK-0106,Work partially Completed,1000000.0,500000.0,1,0.5,,188.0,15,False,No recorded payment for 188 days.
WS/MP18123/2026-2027/232859,ND-WRK-0854,Work partially Completed,1000000.0,997486.0,1,0.997,,213.0,15,False,No recorded payment for 213 days.
WS/MP18429/2025-2026/243635,ND-WRK-2028,Physical Inspection,497601.0,497601.0,1,1.0,,217.0,15,False,No recorded payment for 217 days.
WS/MP18120/2026-2027/169217,ND-WRK-0758,Work partially Completed,699588.0,699588.0,1,1.0,,184.0,15,False,No recorded payment for 184 days.
WS/MP18116/2025-2026/202771,ND-WRK-0437,Physical Inspection,499237.0,499237.0,1,1.0,218.0,218.0,15,False,No recorded payment for 218 days.
WS/MP18122/2025-2026/173944,ND-WRK-0804,Physical Inspection,1492450.0,1492450.0,1,1.0,334.0,334.0,15,False,No recorded payment for 334 days.
WS/MP667/2025-2026/175141,ND-WRK-2130,Physical Inspection,1000000.0,1000000.0,1,1.0,361.0,331.0,15,False,No recorded payment for 331 days.
WS/MP673/2024-2025/139034,ND-WRK-2168,Physical Inspection,300000.0,300000.0,1,1.0,554.0,309.0,15,False,No recorded payment for 309 days.
WS/MP673/2026-2027/163702,ND-WRK-2191,Physical Inspection,666167.0,666167.0,1,1.0,211.0,211.0,15,False,No recorded payment for 211 days.
WS/MP673/2025-2026/214098,ND-WRK-2187,Physical Inspection,497555.0,497555.0,1,1.0,218.0,218.0,15,False,No recorded payment for 218 days.
WS/MP18120/2025-2026/189535,ND-WRK-0728,Physical Inspection,998507.0,998507.0,1,1.0,218.0,217.0,15,False,No recorded payment for 217 days.
WS/MP18120/2025-2026/169206,ND-WRK-0718,Physical Inspection,4994258.0,4994258.0,1,1.0,333.0,333.0,15,False,No recorded payment for 333 days.
WS/MP18120/2026-2027/192783,ND-WRK-0766,Work partially Completed,699707.0,699707.0,1,1.0,,184.0,15,False,No recorded payment for 184 days.
WS/MP18120/2026-2027/214157,ND-WRK-0768,Physical Inspection,995277.0,995277.0,1,1.0,185.0,185.0,15,False,No recorded payment for 185 days.
WS/MP18120/2026-2027/214158,ND-WRK-0769,Physical Inspection,995277.0,995277.0,1,1.0,185.0,185.0,15,False,No recorded payment for 185 days.
WS/MP18116/2025-2026/213831,ND-WRK-0450,Work partially Completed,1500000.0,1494508.0,1,0.996,190.0,211.0,15,False,No recorded payment for 211 days.
WS/MP18120/2026-2027/192782,ND-WRK-0765,Work partially Completed,300000.0,299757.0,1,0.999,,184.0,15,False,No recorded payment for 184 days.
WS/MP18111/2025-2026/177978,ND-WRK-0070,Physical Inspection,971247.0,971247.0,1,1.0,,272.0,15,False,No recorded payment for 272 days.
WS/MP18111/2025-2026/188364,ND-WRK-0098,Physical Inspection,287286.0,287286.0,2,1.0,427.0,363.0,15,False,No recorded payment for 363 days.
WS/MP18121/2024-2025/146766,ND-WRK-0778,Physical Inspection,1998833.0,1998833.0,1,1.0,279.0,279.0,15,False,No recorded payment for 279 days.
WS/MP18116/2025-2026/202759,ND-WRK-0436,Physical Inspection,500000.0,498270.0,1,0.997,218.0,218.0,15,False,No recorded payment for 218 days.
WS/MP673/2025-2026/176951,ND-WRK-2177,Physical Inspection,298963.0,298963.0,1,1.0,219.0,219.0,15,False,No recorded payment for 219 days.
WS/MP673/2025-2026/172566,ND-WRK-2175,Physical Inspection,300000.0,291682.0,1,0.972,,218.0,15,False,No recorded payment for 218 days.
WS/MP18118/2025-2026/252854,ND-WRK-0606,Work partially Completed,1000000.0,998878.0,1,0.999,217.0,244.0,15,False,No recorded payment for 244 days.
WS/MP18118/2025-2026/252861,ND-WRK-0612,Work partially Completed,1000000.0,1000000.0,1,1.0,217.0,244.0,15,False,No recorded payment for 244 days.
WS/MP18119/2025-2026/163482,ND-WRK-0687,Physical Inspection,700000.0,698488.0,1,0.998,304.0,244.0,15,False,No recorded payment for 244 days.
WS/MP18118/2025-2026/188318,ND-WRK-0601,Physical Inspection,499000.0,499000.0,1,1.0,,190.0,15,False,No recorded payment for 190 days.
WS/MP18116/2025-2026/232158,ND-WRK-0469,Work partially Completed,800000.0,759683.0,1,0.95,190.0,190.0,15,False,No recorded payment for 190 days.
WS/MP18120/2025-2026/174627,ND-WRK-0723,Physical Inspection,1498207.0,1498207.0,1,1.0,333.0,333.0,15,False,No recorded payment for 333 days.
WS/MP672/2026-2027/215131,ND-WRK-2154,Physical Inspection,2500000.0,1374996.0,1,0.55,,185.0,15,False,No recorded payment for 185 days.
WS/MP673/2025-2026/199029,ND-WRK-2181,Physical Inspection,693895.0,693895.0,1,1.0,219.0,191.0,15,False,No recorded payment for 191 days.
WS/MP681/2025-2026/163066,ND-WRK-2266,Work partially Completed,899978.0,888729.0,1,0.988,,213.0,15,False,No recorded payment for 213 days.
WS/MP18110/2026-2027/242058,ND-WRK-0023,Physical Inspection,2500000.0,2500000.0,1,1.0,244.0,185.0,15,False,No recorded payment for 185 days.
WS/MP681/2024-2025/163049,ND-WRK-2260,Physical Inspection,999478.0,999478.0,1,1.0,,305.0,15,False,No recorded payment for 305 days.
WS/MP18118/2025-2026/188310,ND-WRK-0593,Physical Inspection,800000.0,800000.0,1,1.0,218.0,218.0,15,False,No recorded payment for 218 days.
WS/MP18117/2025-2026/170729,ND-WRK-0544,Work partially Completed,1000000.0,1000000.0,1,1.0,-85.0,242.0,15,False,No recorded payment for 242 days.
WS/MP18117/2025-2026/170768,ND-WRK-0547,Work partially Completed,1000000.0,996000.0,1,0.996,-85.0,242.0,15,False,No recorded payment for 242 days.
WS/MP18117/2025-2026/164364,ND-WRK-0523,Physical Inspection,987710.0,987710.0,1,1.0,159.0,244.0,15,False,No recorded payment for 244 days.
WS/MP18117/2025-2026/164385,ND-WRK-0528,Physical Inspection,1000000.0,992586.0,1,0.993,129.0,183.0,15,False,No recorded payment for 183 days.
WS/MP18110/2025-2026/209776,ND-WRK-0006,Physical Inspection,1493825.0,1493825.0,1,1.0,,,0,False,No payment-progress review signal triggered by the current rules.
WS/MP18110/2024-2025/167291,ND-WRK-0001,Work Completed,1000000.0,974340.0,1,0.974,341.0,337.0,0,False,No payment-progress review signal triggered by the current rules.
WS/MP18110/2025-2026/209773,ND-WRK-0003,Physical Inspection,1000000.0,1000000.0,1,1.0,,,0,False,No payment-progress review signal triggered by the current rules.
WS/MP18110/2025-2026/209774,ND-WRK-0004,Physical Inspection,1000000.0,1000000.0,1,1.0,,7.0,0,False,No payment-progress review signal triggered by the current rules.
WS/MP692/2025-2026/158126,ND-WRK-2393,Sanction,500000.0,0.0,0,0.0,,,0,False,No payment-progress review signal triggered by the current rules.
WS/MP692/2025-2026/164328,ND-WRK-2394,Work Completed,500000.0,498057.0,1,0.996,368.0,366.0,0,False,No payment-progress review signal triggered by the current rules.
WS/MP18110/2026-2027/262181,ND-WRK-0027,Sanction,1200000.0,0.0,0,0.0,,,0,False,No payment-progress review signal triggered by the current rules.
WS/MP18110/2026-2027/263941,ND-WRK-0028,Sanction,1000000.0,0.0,0,0.0,,,0,False,No payment-progress review signal triggered by the current rules.
WS/MP18110/2026-2027/263943,ND-WRK-0029,Sanction,1500000.0,0.0,0,0.0,,,0,False,No payment-progress review signal triggered by the current rules.
WS/MP18110/2026-2027/263944,ND-WRK-0030,Sanction,1200000.0,0.0,0,0.0,,,0,False,No payment-progress review signal triggered by the current rules.
WS/MP18110/2026-2027/263945,ND-WRK-0031,Sanction,1200000.0,0.0,0,0.0,,,0,False,No payment-progress review signal triggered by the current rules.
WS/MP18110/2026-2027/263946,ND-WRK-0032,Sanction,1000000.0,0.0,0,0.0,,,0,False,No payment-progress review signal triggered by the current rules.
WS/MP18110/2026-2027/263947,ND-WRK-0033,Sanction,1200000.0,0.0,0,0.0,,,0,False,No payment-progress review signal triggered by the current rules.
WS/MP18110/2026-2027/263948,ND-WRK-0034,Sanction,1500000.0,0.0,0,0.0,,,0,False,No payment-progress review signal triggered by the current rules.
WS/MP18110/2026-2027/263949,ND-WRK-0035,Sanction,1200000.0,0.0,0,0.0,,,0,False,No payment-progress review signal triggered by the current rules.
WS/MP18110/2026-2027/269378,ND-WRK-0036,Sanction,2000000.0,0.0,0,0.0,,,0,False,No payment-progress review signal triggered by the current rules.
WS/MP18110/2026-2027/269380,ND-WRK-0037,Sanction,1500000.0,0.0,0,0.0,,,0,False,No payment-progress review signal triggered by the current rules.
WS/MP692/2026-2027/183448,ND-WRK-2406,Physical Inspection,500000.0,500000.0,1,1.0,63.0,32.0,0,False,No payment-progress review signal triggered by the current rules.
WS/MP692/2026-2027/183452,ND-WRK-2407,Physical Inspection,500000.0,499596.0,1,0.999,,,0,False,No payment-progress review signal triggered by the current rules.
WS/MP692/2026-2027/183466,ND-WRK-2408,Physical Inspection,500000.0,494585.0,1,0.989,,,0,False,No payment-progress review signal triggered by the current rules.
WS/MP18116/2026-2027/232199,ND-WRK-0514,Work partially Completed,1500000.0,1463967.0,1,0.976,4.0,4.0,0,False,No payment-progress review signal triggered by the current rules.
WS/MP18116/2026-2027/248969,ND-WRK-0515,Work partially Completed,1000000.0,977041.0,1,0.977,,,0,False,No payment-progress review signal triggered by the current rules.
WS/MP18117/2024-2025/142021,ND-WRK-0516,Physical Inspection,1000000.0,1000000.0,1,1.0,939.0,,0,False,No payment-progress review signal triggered by the current rules.
WS/MP18117/2024-2025/142022,ND-WRK-0517,Physical Inspection,1000000.0,1000000.0,1,1.0,939.0,,0,False,No payment-progress review signal triggered by the current rules.
WS/MP18116/2025-2026/236540,ND-WRK-0486,Work partially Completed,500000.0,499976.0,1,1.0,218.0,62.0,0,False,No payment-progress review signal triggered by the current rules.
WS/MP18116/2025-2026/240779,ND-WRK-0488,Work partially Completed,400000.0,396643.0,1,0.992,,-24.0,0,False,No payment-progress review signal triggered by the current rules.
WS/MP18116/2025-2026/240788,ND-WRK-0489,Work partially Completed,500000.0,491992.0,1,0.984,190.0,,0,False,No payment-progress review signal triggered by the current rules.
WS/MP18116/2025-2026/240789,ND-WRK-0490,Work partially Completed,500000.0,474594.0,1,0.949,190.0,,0,False,No payment-progress review signal triggered by the current rules.
WS/MP18110/2025-2026/209781,ND-WRK-0011,Sanction,2000000.0,0.0,0,0.0,,,0,False,No payment-progress review signal triggered by the current rules.
WS/MP18110/2025-2026/209782,ND-WRK-0012,Physical Inspection,995411.0,995411.0,1,1.0,,,0,False,No payment-progress review signal triggered by the current rules.
WS/MP18110/2025-2026/209783,ND-WRK-0013,Sanction,1500000.0,0.0,0,0.0,,,0,False,No payment-progress review signal triggered by the current rules.
WS/MP18110/2025-2026/209784,ND-WRK-0014,Physical Inspection,971493.0,971493.0,1,1.0,,,0,False,No payment-progress review signal triggered by the current rules.
WS/MP18110/2025-2026/209785,ND-WRK-0015,Physical Inspection,999962.0,999962.0,1,1.0,,4.0,0,False,No payment-progress review signal triggered by the current rules.
WS/MP18110/2025-2026/209786,ND-WRK-0016,Physical Inspection,1000000.0,990652.0,1,0.991,,-29.0,0,False,No payment-progress review signal triggered by the current rules.
WS/MP18110/2025-2026/242056,ND-WRK-0017,Physical Inspection,968030.0,968030.0,1,1.0,,32.0,0,False,No payment-progress review signal triggered by the current rules.
WS/MP18110/2025-2026/242059,ND-WRK-0018,Physical Inspection,1000000.0,1000000.0,1,1.0,,,0,False,No payment-progress review signal triggered by the current rules.
WS/MP18116/2026-2027/213894,ND-WRK-0505,Sanction,300000.0,0.0,0,0.0,4.0,,0,False,No payment-progress review signal triggered by the current rules.
WS/MP18116/2025-2026/240791,ND-WRK-0491,Work partially Completed,500000.0,488072.0,1,0.976,190.0,126.0,0,False,No payment-progress review signal triggered by the current rules.
WS/MP18116/2025-2026/240795,ND-WRK-0492,Work partially Completed,500000.0,488072.0,1,0.976,190.0,126.0,0,False,No payment-progress review signal triggered by the current rules.
WS/MP18116/2025-2026/241509,ND-WRK-0493,Work partially Completed,1000000.0,984512.0,1,0.985,190.0,,0,False,No payment-progress review signal triggered by the current rules.
WS/MP18116/2025-2026/248386,ND-WRK-0494,Work partially Completed,1500000.0,1484041.0,1,0.989,,,0,False,No payment-progress review signal triggered by the current rules.
WS/MP18116/2025-2026/251624,ND-WRK-0496,Work partially Completed,1500000.0,0.0,0,0.0,218.0,,0,False,No payment-progress review signal triggered by the current rules.
WS/MP18116/2025-2026/252830,ND-WRK-0497,Sanction,1500000.0,0.0,0,0.0,218.0,,0,False,No payment-progress review signal triggered by the current rules.
WS/MP18116/2026-2027/186732,ND-WRK-0498,Work partially Completed,500000.0,492538.0,1,0.985,4.0,4.0,0,False,No payment-progress review signal triggered by the current rules.
WS/MP18116/2026-2027/186750,ND-WRK-0499,Work partially Completed,500000.0,492538.0,1,0.985,4.0,4.0,0,False,No payment-progress review signal triggered by the current rules.
WS/MP18116/2025-2026/235496,ND-WRK-0471,Work partially Completed,500000.0,492714.0,1,0.985,-24.0,,0,False,No payment-progress review signal triggered by the current rules.
WS/MP18116/2025-2026/235500,ND-WRK-0472,Work partially Completed,500000.0,471677.0,1,0.943,190.0,4.0,0,False,No payment-progress review signal triggered by the current rules.
WS/MP18116/2025-2026/235747,ND-WRK-0473,Work partially Completed,500000.0,492000.0,1,0.984,218.0,63.0,0,False,No payment-progress review signal triggered by the current rules.
WS/MP18116/2025-2026/235750,ND-WRK-0474,Work partially Completed,1000000.0,992529.0,1,0.993,218.0,63.0,0,False,No payment-progress review signal triggered by the current rules.
WS/MP18116/2026-2027/224084,ND-WRK-0509,Sanction,1600000.0,0.0,0,0.0,4.0,,0,False,No payment-progress review signal triggered by the current rules.
WS/MP18116/2026-2027/230997,ND-WRK-0512,Work partially Completed,1500000.0,1481828.0,1,0.988,4.0,4.0,0,False,No payment-progress review signal triggered by the current rules.
WS/MP18116/2026-2027/232150,ND-WRK-0513,Physical Inspection,2500000.0,2447691.0,1,0.979,62.0,,0,False,No payment-progress review signal triggered by the current rules.
WS/MP18117/2025-2026/185253,ND-WRK-0549,Sanction,1500000.0,0.0,0,0.0,190.0,,0,False,No payment-progress review signal triggered by the current rules.
WS/MP18117/2024-2025/170214,ND-WRK-0518,Physical Inspection,1000000.0,1000000.0,1,1.0,,,0,False,No payment-progress review signal triggered by the current rules.
WS/MP18117/2025-2026/164345,ND-WRK-0519,Time Estimation,1000000.0,0.0,0,0.0,-85.0,,0,False,No payment-progress review signal triggered by the current rules.
WS/MP18117/2025-2026/164347,ND-WRK-0520,Sanction,1000000.0,0.0,0,0.0,-85.0,,0,False,No payment-progress review signal triggered by the current rules.
WS/MP18117/2025-2026/164349,ND-WRK-0521,Time Estimation,1000000.0,0.0,0,0.0,-85.0,,0,False,No payment-progress review signal triggered by the current rules.
WS/MP18117/2025-2026/164358,ND-WRK-0522,Sanction,1000000.0,0.0,0,0.0,-85.0,,0,False,No payment-progress review signal triggered by the current rules.
WS/MP18117/2025-2026/164365,ND-WRK-0524,Sanction,1000000.0,0.0,0,0.0,159.0,,0,False,No payment-progress review signal triggered by the current rules.
WS/MP18117/2025-2026/164367,ND-WRK-0525,Sanction,1000000.0,0.0,0,0.0,159.0,,0,False,No payment-progress review signal triggered by the current rules.
WS/MP18117/2025-2026/164375,ND-WRK-0526,Sanction,500000.0,0.0,0,0.0,159.0,,0,False,No payment-progress review signal triggered by the current rules.
WS/MP18117/2025-2026/164378,ND-WRK-0527,Sanction,500000.0,0.0,0,0.0,159.0,,0,False,No payment-progress review signal triggered by the current rules.
WS/MP18117/2025-2026/164391,ND-WRK-0529,Sanction,1500000.0,0.0,0,0.0,,,0,False,No payment-progress review signal triggered by the current rules.
WS/MP18117/2025-2026/164393,ND-WRK-0530,Physical Inspection,1000000.0,987617.0,1,0.988,129.0,61.0,0,False,No payment-progress review signal triggered by the current rules.
WS/MP18117/2025-2026/164395,ND-WRK-0531,Sanction,1500000.0,0.0,0,0.0,,,0,False,No payment-progress review signal triggered by the current rules.
WS/MP18117/2025-2026/164398,ND-WRK-0532,Sanction,500000.0,0.0,0,0.0,129.0,,0,False,No payment-progress review signal triggered by the current rules.
WS/MP18117/2025-2026/164494,ND-WRK-0533,Sanction,1000000.0,0.0,0,0.0,,,0,False,No payment-progress review signal triggered by the current rules.
WS/MP18116/2026-2027/213892,ND-WRK-0504,Sanction,300000.0,0.0,0,0.0,4.0,,0,False,No payment-progress review signal triggered by the current rules.
WS/MP18117/2026-2027/164505,ND-WRK-0563,Sanction,1000000.0,0.0,0,0.0,,,0,False,No payment-progress review signal triggered by the current rules.
WS/MP18117/2026-2027/263173,ND-WRK-0564,Sanction,1500000.0,0.0,0,0.0,,,0,False,No payment-progress review signal triggered by the current rules.
WS/MP18117/2026-2027/275544,ND-WRK-0565,Sanction,1000000.0,0.0,0,0.0,,,0,False,No payment-progress review signal triggered by the current rules.
WS/MP18117/2025-2026/164499,ND-WRK-0534,Sanction,1000000.0,0.0,0,0.0,,,0,False,No payment-progress review signal triggered by the current rules.
WS/MP18117/2025-2026/164510,ND-WRK-0535,Sanction,1000000.0,0.0,0,0.0,-86.0,,0,False,No payment-progress review signal triggered by the current rules.
WS/MP18117/2025-2026/164512,ND-WRK-0536,Physical Inspection,989166.0,989166.0,1,1.0,159.0,32.0,0,False,No payment-progress review signal triggered by the current rules.
WS/MP18117/2025-2026/164520,ND-WRK-0537,Physical Inspection,899164.0,899164.0,1,1.0,159.0,1.0,0,False,No payment-progress review signal triggered by the current rules.
WS/MP18117/2025-2026/166250,ND-WRK-0538,Physical Inspection,878646.0,878646.0,1,1.0,,,0,False,No payment-progress review signal triggered by the current rules.
WS/MP18117/2025-2026/166251,ND-WRK-0539,Physical Inspection,985048.0,985048.0,1,1.0,573.0,97.0,0,False,No payment-progress review signal triggered by the current rules.
WS/MP18117/2025-2026/166253,ND-WRK-0540,Physical Inspection,493028.0,493028.0,1,1.0,573.0,97.0,0,False,No payment-progress review signal triggered by the current rules.
WS/MP18117/2025-2026/168713,ND-WRK-0541,Work Completed,1000000.0,1000000.0,1,1.0,,,0,False,No payment-progress review signal triggered by the current rules.
WS/MP18117/2025-2026/168715,ND-WRK-0542,Work Completed,1000000.0,1000000.0,1,1.0,,,0,False,No payment-progress review signal triggered by the current rules.
WS/MP18117/2025-2026/170204,ND-WRK-0543,Work partially Completed,1000000.0,923569.0,1,0.924,219.0,,0,False,No payment-progress review signal triggered by the current rules.
WS/MP18117/2025-2026/170733,ND-WRK-0545,Sanction,1000000.0,0.0,0,0.0,217.0,,0,False,No payment-progress review signal triggered by the current rules.
WS/MP18117/2025-2026/170764,ND-WRK-0546,Time Estimation,1000000.0,0.0,0,0.0,-85.0,,0,False,No payment-progress review signal triggered by the current rules.
WS/MP18117/2025-2026/181452,ND-WRK-0548,Time Estimation,1000000.0,0.0,0,0.0,-85.0,,0,False,No payment-progress review signal triggered by the current rules.
WS/MP18118/2025-2026/188286,ND-WRK-0577,Physical Inspection,699000.0,699000.0,1,1.0,219.0,,0,False,No payment-progress review signal triggered by the current rules.
WS/MP18118/2025-2026/188291,ND-WRK-0580,Sanction,699000.0,0.0,0,0.0,,,0,False,No payment-progress review signal triggered by the current rules.
WS/MP18118/2025-2026/188292,ND-WRK-0581,Work Completed,998000.0,998000.0,1,1.0,,,0,False,No payment-progress review signal triggered by the current rules.
WS/MP18117/2025-2026/234887,ND-WRK-0550,Sanction,3000000.0,0.0,0,0.0,,,0,False,No payment-progress review signal triggered by the current rules.
WS/MP18117/2025-2026/248295,ND-WRK-0551,Sanction,1000000.0,0.0,0,0.0,,,0,False,No payment-progress review signal triggered by the current rules.
WS/MP18117/2025-2026/248758,ND-WRK-0552,Sanction,2000000.0,0.0,0,0.0,97.0,,0,False,No payment-progress review signal triggered by the current rules.
WS/MP18117/2025-2026/249897,ND-WRK-0553,Sanction,1000000.0,0.0,0,0.0,,,0,False,No payment-progress review signal triggered by the current rules.
WS/MP18117/2025-2026/251909,ND-WRK-0554,Sanction,1000000.0,0.0,0,0.0,,,0,False,No payment-progress review signal triggered by the current rules.
WS/MP18117/2025-2026/253027,ND-WRK-0555,Sanction,1000000.0,0.0,0,0.0,,,0,False,No payment-progress review signal triggered by the current rules.
WS/MP18117/2025-2026/253081,ND-WRK-0556,Sanction,1000000.0,0.0,0,0.0,,,0,False,No payment-progress review signal triggered by the current rules.
WS/MP18117/2025-2026/256866,ND-WRK-0557,Sanction,1000000.0,0.0,0,0.0,,,0,False,No payment-progress review signal triggered by the current rules.
WS/MP18117/2026-2027/164338,ND-WRK-0558,Physical Inspection,1000000.0,989456.0,1,0.989,62.0,62.0,0,False,No payment-progress review signal triggered by the current rules.
WS/MP18117/2026-2027/164340,ND-WRK-0559,Physical Inspection,1000000.0,989456.0,1,0.989,,62.0,0,False,No payment-progress review signal triggered by the current rules.
WS/MP18117/2026-2027/164374,ND-WRK-0560,Sanction,1499422.0,0.0,0,0.0,,,0,False,No payment-progress review signal triggered by the current rules.
WS/MP18117/2026-2027/164381,ND-WRK-0561,Sanction,1000000.0,0.0,0,0.0,,,0,False,No payment-progress review signal triggered by the current rules.
WS/MP18117/2026-2027/164397,ND-WRK-0562,Sanction,1498610.0,0.0,0,0.0,,,0,False,No payment-progress review signal triggered by the current rules.
WS/MP18116/2025-2026/221635,ND-WRK-0457,Work partially Completed,1499634.0,1487406.0,1,0.992,,,0,False,No payment-progress review signal triggered by the current rules.
WS/MP18118/2025-2026/188301,ND-WRK-0587,Sanction,699000.0,0.0,0,0.0,,,0,False,No payment-progress review signal triggered by the current rules.
WS/MP18118/2025-2026/188303,ND-WRK-0589,Sanction,1000000.0,0.0,0,0.0,217.0,,0,False,No payment-progress review signal triggered by the current rules.
WS/MP18118/2025-2026/188304,ND-WRK-0590,Sanction,997000.0,0.0,0,0.0,217.0,,0,False,No payment-progress review signal triggered by the current rules.
WS/MP18118/2025-2026/188305,ND-WRK-0591,Work partially Completed,996000.0,992018.0,1,0.996,217.0,,0,False,No payment-progress review signal triggered by the current rules.
WS/MP18118/2025-2026/188306,ND-WRK-0592,Work Completed,800000.0,800000.0,1,1.0,519.0,,0,False,No payment-progress review signal triggered by the current rules.
WS/MP18118/2025-2026/188311,ND-WRK-0594,Sanction,800000.0,0.0,0,0.0,217.0,,0,False,No payment-progress review signal triggered by the current rules.
WS/MP18118/2025-2026/188312,ND-WRK-0595,Work Completed,798000.0,0.0,0,0.0,,,0,False,No payment-progress review signal triggered by the current rules.
WS/MP18118/2025-2026/188313,ND-WRK-0596,Sanction,699000.0,0.0,0,0.0,,,0,False,No payment-progress review signal triggered by the current rules.
WS/MP18118/2025-2026/188314,ND-WRK-0597,Work Completed,699000.0,699000.0,1,1.0,,,0,False,No payment-progress review signal triggered by the current rules.
WS/MP18117/2026-2027/275545,ND-WRK-0566,Sanction,1000000.0,0.0,0,0.0,,,0,False,No payment-progress review signal triggered by the current rules.
WS/MP18117/2026-2027/290936,ND-WRK-0567,Sanction,700000.0,0.0,0,0.0,62.0,,0,False,No payment-progress review signal triggered by the current rules.
WS/MP18117/2026-2027/290945,ND-WRK-0568,Sanction,700000.0,0.0,0,0.0,62.0,,0,False,No payment-progress review signal triggered by the current rules.
WS/MP18117/2026-2027/290949,ND-WRK-0569,Sanction,700000.0,0.0,0,0.0,62.0,,0,False,No payment-progress review signal triggered by the current rules.
WS/MP18118/2025-2026/188284,ND-WRK-0575,Physical Inspection,698000.0,698000.0,1,1.0,219.0,,0,False,No payment-progress review signal triggered by the current rules.
WS/MP18118/2025-2026/188285,ND-WRK-0576,Sanction,698000.0,0.0,0,0.0,-85.0,,0,False,No payment-progress review signal triggered by the current rules.
WS/MP18118/2025-2026/188298,ND-WRK-0584,Time Estimation,749900.0,0.0,0,0.0,,,0,False,No payment-progress review signal triggered by the current rules.
WS/MP18118/2025-2026/188299,ND-WRK-0585,Work Completed,998000.0,998000.0,1,1.0,,,0,False,No payment-progress review signal triggered by the current rules.
WS/MP18118/2025-2026/188300,ND-WRK-0586,Physical Inspection,990001.0,990001.0,1,1.0,519.0,,0,False,No payment-progress review signal triggered by the current rules.
WS/MP18116/2025-2026/235751,ND-WRK-0475,Sanction,2500000.0,0.0,0,0.0,,,0,False,No payment-progress review signal triggered by the current rules.
WS/MP18116/2025-2026/235800,ND-WRK-0476,Work partially Completed,500000.0,483483.0,1,0.967,,,0,False,No payment-progress review signal triggered by the current rules.
WS/MP18116/2025-2026/235813,ND-WRK-0477,Sanction,1000000.0,0.0,0,0.0,218.0,,0,False,No payment-progress review signal triggered by the current rules.
WS/MP18116/2025-2026/235814,ND-WRK-0478,Work partially Completed,1000000.0,985926.0,1,0.986,,,0,False,No payment-progress review signal triggered by the current rules.
WS/MP18116/2025-2026/235815,ND-WRK-0479,Work partially Completed,300000.0,296645.0,1,0.989,218.0,,0,False,No payment-progress review signal triggered by the current rules.
WS/MP18116/2025-2026/235817,ND-WRK-0480,Sanction,1000000.0,0.0,0,0.0,218.0,,0,False,No payment-progress review signal triggered by the current rules.
WS/MP18116/2025-2026/235820,ND-WRK-0481,Work partially Completed,1000000.0,972190.0,1,0.972,,,0,False,No payment-progress review signal triggered by the current rules.
WS/MP18116/2025-2026/235824,ND-WRK-0482,Work partially Completed,1000000.0,988136.0,1,0.988,,,0,False,No payment-progress review signal triggered by the current rules.
WS/MP18116/2025-2026/235835,ND-WRK-0484,Sanction,1000000.0,0.0,0,0.0,218.0,,0,False,No payment-progress review signal triggered by the current rules.
WS/MP18116/2025-2026/236537,ND-WRK-0485,Work partially Completed,500000.0,499752.0,1,1.0,218.0,66.0,0,False,No payment-progress review signal triggered by the current rules.
WS/MP18116/2025-2026/220951,ND-WRK-0454,Work partially Completed,500000.0,492695.0,1,0.985,190.0,,0,False,No payment-progress review signal triggered by the current rules.
WS/MP18116/2025-2026/220954,ND-WRK-0455,Work partially Completed,500000.0,492080.0,1,0.984,190.0,92.0,0,False,No payment-progress review signal triggered by the current rules.
WS/MP18116/2025-2026/220956,ND-WRK-0456,Work partially Completed,500000.0,487287.0,1,0.975,218.0,,0,False,No payment-progress review signal triggered by the current rules.
WS/MP18118/2025-2026/252896,ND-WRK-0626,Sanction,600000.0,0.0,0,0.0,217.0,,0,False,No payment-progress review signal triggered by the current rules.
WS/MP18118/2025-2026/252897,ND-WRK-0627,Sanction,700000.0,0.0,0,0.0,217.0,,0,False,No payment-progress review signal triggered by the current rules.
WS/MP18118/2025-2026/252898,ND-WRK-0628,Sanction,750000.0,0.0,0,0.0,-85.0,,0,False,No payment-progress review signal triggered by the current rules.
WS/MP18118/2025-2026/252899,ND-WRK-0629,Sanction,750000.0,0.0,0,0.0,-55.0,,0,False,No payment-progress review signal triggered by the current rules.
WS/MP18118/2025-2026/188317,ND-WRK-0600,Work partially Completed,998000.0,992892.0,1,0.995,-85.0,92.0,0,False,No payment-progress review signal triggered by the current rules.
WS/MP18118/2025-2026/188319,ND-WRK-0602,Vendor Identification,996000.0,0.0,0,0.0,,,0,False,No payment-progress review signal triggered by the current rules.
WS/MP18118/2025-2026/188426,ND-WRK-0603,Sanction,986000.0,0.0,0,0.0,-85.0,,0,False,No payment-progress review signal triggered by the current rules.
WS/MP18118/2025-2026/188427,ND-WRK-0604,Time Estimation,999000.0,0.0,0,0.0,,,0,False,No payment-progress review signal triggered by the current rules.
WS/MP18118/2025-2026/188445,ND-WRK-0605,Physical Inspection,999000.0,999000.0,1,1.0,,38.0,0,False,No payment-progress review signal triggered by the current rules.
WS/MP18118/2025-2026/252855,ND-WRK-0607,Work Completed,1000000.0,995872.0,1,0.996,,,0,False,No payment-progress review signal triggered by the current rules.
WS/MP18118/2025-2026/252856,ND-WRK-0608,Sanction,1000000.0,0.0,0,0.0,217.0,,0,False,No payment-progress review signal triggered by the current rules.
WS/MP18118/2025-2026/252857,ND-WRK-0609,Work Completed,1000000.0,993579.0,1,0.994,,158.0,0,False,No payment-progress review signal triggered by the current rules.
WS/MP18118/2025-2026/252858,ND-WRK-0610,Sanction,1000000.0,0.0,0,0.0,217.0,,0,False,No payment-progress review signal triggered by the current rules.
WS/MP18118/2025-2026/252859,ND-WRK-0611,Sanction,1000000.0,0.0,0,0.0,217.0,,0,False,No payment-progress review signal triggered by the current rules.
WS/MP18118/2025-2026/252862,ND-WRK-0613,Work Completed,1000000.0,996836.0,1,0.997,-85.0,,0,False,No payment-progress review signal triggered by the current rules.
WS/MP18118/2025-2026/188297,ND-WRK-0583,Time Estimation,749900.0,0.0,0,0.0,,,0,False,No payment-progress review signal triggered by the current rules.
WS/MP18118/2026-2027/271607,ND-WRK-0641,Work partially Completed,500000.0,499500.0,1,0.999,,,0,False,No payment-progress review signal triggered by the current rules.
WS/MP18118/2026-2027/271608,ND-WRK-0642,Sanction,1000000.0,0.0,0,0.0,-26.0,,0,False,No payment-progress review signal triggered by the current rules.
WS/MP18118/2026-2027/271609,ND-WRK-0643,Sanction,1000000.0,0.0,0,0.0,,,0,False,No payment-progress review signal triggered by the current rules.
WS/MP18118/2026-2027/271610,ND-WRK-0644,Sanction,1000000.0,0.0,0,0.0,,,0,False,No payment-progress review signal triggered by the current rules.
WS/MP18118/2026-2027/271611,ND-WRK-0645,Sanction,1000000.0,0.0,0,0.0,,,0,False,No payment-progress review signal triggered by the current rules.
WS/MP18118/2025-2026/252877,ND-WRK-0614,Sanction,1000000.0,0.0,0,0.0,217.0,,0,False,No payment-progress review signal triggered by the current rules.
WS/MP18118/2025-2026/252878,ND-WRK-0615,Sanction,1000000.0,0.0,0,0.0,217.0,,0,False,No payment-progress review signal triggered by the current rules.
WS/MP18118/2025-2026/252879,ND-WRK-0616,Physical Inspection,3000000.0,3000000.0,1,1.0,,,0,False,No payment-progress review signal triggered by the current rules.
WS/MP18118/2025-2026/252880,ND-WRK-0617,Physical Inspection,991372.0,991372.0,1,1.0,6.0,6.0,0,False,No payment-progress review signal triggered by the current rules.
WS/MP18118/2025-2026/252881,ND-WRK-0618,Work Completed,1000000.0,1000000.0,1,1.0,,,0,False,No payment-progress review signal triggered by the current rules.
WS/MP18118/2025-2026/252882,ND-WRK-0619,Work Completed,1000000.0,999197.0,1,0.999,,158.0,0,False,No payment-progress review signal triggered by the current rules.
WS/MP18118/2025-2026/252883,ND-WRK-0620,Physical Inspection,1000000.0,963785.0,1,0.964,,,0,False,No payment-progress review signal triggered by the current rules.
WS/MP18118/2025-2026/252884,ND-WRK-0621,Physical Inspection,1000000.0,936103.0,1,0.936,,,0,False,No payment-progress review signal triggered by the current rules.
WS/MP18118/2025-2026/252885,ND-WRK-0622,Time Estimation,1000000.0,0.0,0,0.0,-85.0,,0,False,No payment-progress review signal triggered by the current rules.
WS/MP18118/2025-2026/252886,ND-WRK-0623,Sanction,1000000.0,0.0,0,0.0,-85.0,,0,False,No payment-progress review signal triggered by the current rules.
WS/MP18118/2025-2026/252895,ND-WRK-0625,Sanction,1000000.0,0.0,0,0.0,-85.0,,0,False,No payment-progress review signal triggered by the current rules.
WS/MP18118/2026-2027/277098,ND-WRK-0655,Sanction,700000.0,0.0,0,0.0,,,0,False,No payment-progress review signal triggered by the current rules.
WS/MP18119/2025-2026/163394,ND-WRK-0656,Sanction,500000.0,0.0,0,0.0,303.0,,0,False,No payment-progress review signal triggered by the current rules.
WS/MP18119/2025-2026/163395,ND-WRK-0657,Work Completed,1000000.0,995416.0,1,0.995,303.0,,0,False,No payment-progress review signal triggered by the current rules.
WS/MP18119/2025-2026/163396,ND-WRK-0658,Sanction,500000.0,0.0,0,0.0,303.0,,0,False,No payment-progress review signal triggered by the current rules.
WS/MP18119/2025-2026/163398,ND-WRK-0660,Physical Inspection,700000.0,692973.0,1,0.99,,,0,False,No payment-progress review signal triggered by the current rules.
WS/MP18119/2025-2026/163399,ND-WRK-0661,Physical Inspection,1000000.0,980238.0,1,0.98,517.0,,0,False,No payment-progress review signal triggered by the current rules.
WS/MP18118/2025-2026/252900,ND-WRK-0630,Time Estimation,750000.0,0.0,0,0.0,-85.0,,0,False,No payment-progress review signal triggered by the current rules.
WS/MP18118/2025-2026/252901,ND-WRK-0631,Time Estimation,750000.0,0.0,0,0.0,-55.0,,0,False,No payment-progress review signal triggered by the current rules.
WS/MP18118/2025-2026/252902,ND-WRK-0632,Time Estimation,750000.0,0.0,0,0.0,-55.0,,0,False,No payment-progress review signal triggered by the current rules.
WS/MP18118/2025-2026/252903,ND-WRK-0633,Sanction,1000000.0,0.0,0,0.0,-55.0,,0,False,No payment-progress review signal triggered by the current rules.
WS/MP18118/2026-2027/188287,ND-WRK-0635,Sanction,750000.0,0.0,0,0.0,,,0,False,No payment-progress review signal triggered by the current rules.
WS/MP18118/2026-2027/188288,ND-WRK-0636,Work partially Completed,748000.0,748000.0,1,1.0,,-29.0,0,False,No payment-progress review signal triggered by the current rules.
WS/MP18118/2026-2027/252848,ND-WRK-0637,Sanction,1000000.0,0.0,0,0.0,,,0,False,No payment-progress review signal triggered by the current rules.
WS/MP18118/2026-2027/252853,ND-WRK-0638,Work partially Completed,500000.0,499415.0,1,0.999,,,0,False,No payment-progress review signal triggered by the current rules.
WS/MP18118/2026-2027/252860,ND-WRK-0639,Work partially Completed,1500000.0,1493673.0,1,0.996,,63.0,0,False,No payment-progress review signal triggered by the current rules.
WS/MP18118/2026-2027/271606,ND-WRK-0640,Sanction,1000000.0,0.0,0,0.0,,,0,False,No payment-progress review signal triggered by the current rules.
WS/MP18119/2025-2026/163408,ND-WRK-0669,Physical Inspection,1500000.0,1488757.0,1,0.993,517.0,,0,False,No payment-progress review signal triggered by the current rules.
WS/MP18119/2025-2026/163413,ND-WRK-0672,Sanction,1000000.0,0.0,0,0.0,,,0,False,No payment-progress review signal triggered by the current rules.
WS/MP18119/2025-2026/163414,ND-WRK-0673,Physical Inspection,1000000.0,926097.0,1,0.926,,123.0,0,False,No payment-progress review signal triggered by the current rules.
WS/MP18119/2025-2026/163417,ND-WRK-0674,Sanction,2000000.0,0.0,0,0.0,,,0,False,No payment-progress review signal triggered by the current rules.
WS/MP18119/2025-2026/163436,ND-WRK-0675,Work Completed,1500000.0,1404544.0,1,0.936,,,0,False,No payment-progress review signal triggered by the current rules.
WS/MP18119/2025-2026/163439,ND-WRK-0676,Work Completed,1500000.0,1394658.0,1,0.93,-56.0,-56.0,0,False,No payment-progress review signal triggered by the current rules.
WS/MP18119/2025-2026/163469,ND-WRK-0677,Physical Inspection,599950.0,599950.0,1,1.0,,5.0,0,False,No payment-progress review signal triggered by the current rules.
WS/MP18118/2026-2027/271657,ND-WRK-0646,Sanction,1000000.0,0.0,0,0.0,,,0,False,No payment-progress review signal triggered by the current rules.
WS/MP18118/2026-2027/271659,ND-WRK-0647,Sanction,500000.0,0.0,0,0.0,,,0,False,No payment-progress review signal triggered by the current rules.
WS/MP18118/2026-2027/271660,ND-WRK-0648,Sanction,500000.0,0.0,0,0.0,,,0,False,No payment-progress review signal triggered by the current rules.
WS/MP18118/2026-2027/271661,ND-WRK-0649,Sanction,500000.0,0.0,0,0.0,,,0,False,No payment-progress review signal triggered by the current rules.
WS/MP18118/2026-2027/271662,ND-WRK-0650,Sanction,1000000.0,0.0,0,0.0,,,0,False,No payment-progress review signal triggered by the current rules.
WS/MP18118/2026-2027/271663,ND-WRK-0651,Sanction,1000000.0,0.0,0,0.0,,,0,False,No payment-progress review signal triggered by the current rules.
WS/MP18118/2026-2027/271664,ND-WRK-0652,Sanction,700000.0,0.0,0,0.0,,,0,False,No payment-progress review signal triggered by the current rules.
WS/MP18118/2026-2027/271665,ND-WRK-0653,Sanction,1000000.0,0.0,0,0.0,,,0,False,No payment-progress review signal triggered by the current rules.
WS/MP18118/2026-2027/271666,ND-WRK-0654,Sanction,500000.0,0.0,0,0.0,,,0,False,No payment-progress review signal triggered by the current rules.
WS/MP18119/2025-2026/163476,ND-WRK-0682,Sanction,300000.0,0.0,0,0.0,,,0,False,No payment-progress review signal triggered by the current rules.
WS/MP18119/2025-2026/163477,ND-WRK-0683,Sanction,700000.0,0.0,0,0.0,304.0,,0,False,No payment-progress review signal triggered by the current rules.
WS/MP18119/2025-2026/163478,ND-WRK-0684,Physical Inspection,697850.0,697850.0,1,1.0,304.0,,0,False,No payment-progress review signal triggered by the current rules.
WS/MP18119/2025-2026/163479,ND-WRK-0685,Physical Inspection,500000.0,499970.0,1,1.0,,,0,False,No payment-progress review signal triggered by the current rules.
WS/MP18119/2025-2026/163480,ND-WRK-0686,Sanction,500000.0,0.0,0,0.0,304.0,,0,False,No payment-progress review signal triggered by the current rules.
WS/MP18119/2025-2026/163574,ND-WRK-0688,Physical Inspection,1000000.0,992595.0,1,0.993,,,0,False,No payment-progress review signal triggered by the current rules.
WS/MP18119/2025-2026/163575,ND-WRK-0689,Physical Inspection,1000000.0,992900.0,1,0.993,,,0,False,No payment-progress review signal triggered by the current rules.
WS/MP18119/2025-2026/163577,ND-WRK-0690,Physical Inspection,299369.0,299369.0,1,1.0,,,0,False,No payment-progress review signal triggered by the current rules.
WS/MP18119/2025-2026/232206,ND-WRK-0691,Sanction,1000000.0,0.0,0,0.0,,,0,False,No payment-progress review signal triggered by the current rules.
WS/MP18119/2025-2026/233666,ND-WRK-0692,Sanction,1000000.0,0.0,0,0.0,,,0,False,No payment-progress review signal triggered by the current rules.
WS/MP18119/2026-2027/163437,ND-WRK-0693,Physical Inspection,1500000.0,1457701.0,1,0.972,,,0,False,No payment-progress review signal triggered by the current rules.
WS/MP18119/2025-2026/163401,ND-WRK-0663,Physical Inspection,1200000.0,1176184.0,1,0.98,303.0,,0,False,No payment-progress review signal triggered by the current rules.
WS/MP18119/2025-2026/163402,ND-WRK-0664,Physical Inspection,1000000.0,978950.0,1,0.979,303.0,,0,False,No payment-progress review signal triggered by the current rules.
WS/MP18119/2025-2026/163403,ND-WRK-0665,Sanction,1000000.0,0.0,0,0.0,303.0,,0,False,No payment-progress review signal triggered by the current rules.
WS/MP18119/2025-2026/163406,ND-WRK-0667,Physical Inspection,500000.0,495958.0,1,0.992,517.0,-85.0,0,False,No payment-progress review signal triggered by the current rules.
WS/MP18119/2025-2026/163407,ND-WRK-0668,Physical Inspection,1000000.0,991750.0,1,0.992,517.0,65.0,0,False,No payment-progress review signal triggered by the current rules.
WS/MP18116/2025-2026/210170,ND-WRK-0442,Work partially Completed,1000000.0,973886.0,1,0.974,-24.0,-85.0,0,False,No payment-progress review signal triggered by the current rules.
WS/MP18119/2026-2027/233662,ND-WRK-0699,Sanction,1000000.0,0.0,0,0.0,154.0,,0,False,No payment-progress review signal triggered by the current rules.
WS/MP18119/2026-2027/256532,ND-WRK-0700,Physical Inspection,400000.0,398445.0,1,0.996,188.0,,0,False,No payment-progress review signal triggered by the current rules.
WS/MP18119/2026-2027/256533,ND-WRK-0701,Physical Inspection,350000.0,347698.0,1,0.993,188.0,,0,False,No payment-progress review signal triggered by the current rules.
WS/MP18119/2026-2027/256534,ND-WRK-0702,Sanction,300000.0,0.0,0,0.0,188.0,,0,False,No payment-progress review signal triggered by the current rules.
WS/MP18119/2026-2027/256535,ND-WRK-0703,Sanction,800000.0,0.0,0,0.0,188.0,,0,False,No payment-progress review signal triggered by the current rules.
WS/MP18119/2026-2027/256537,ND-WRK-0704,Sanction,400000.0,0.0,0,0.0,188.0,,0,False,No payment-progress review signal triggered by the current rules.
WS/MP18119/2026-2027/256538,ND-WRK-0705,Sanction,400000.0,0.0,0,0.0,188.0,,0,False,No payment-progress review signal triggered by the current rules.
WS/MP18119/2026-2027/256539,ND-WRK-0706,Sanction,300000.0,0.0,0,0.0,188.0,,0,False,No payment-progress review signal triggered by the current rules.
WS/MP18119/2026-2027/256540,ND-WRK-0707,Sanction,700000.0,0.0,0,0.0,188.0,,0,False,No payment-progress review signal triggered by the current rules.
WS/MP18119/2026-2027/256541,ND-WRK-0708,Sanction,600000.0,0.0,0,0.0,188.0,,0,False,No payment-progress review signal triggered by the current rules.
WS/MP18119/2026-2027/256544,ND-WRK-0709,Sanction,400000.0,0.0,0,0.0,188.0,,0,False,No payment-progress review signal triggered by the current rules.
WS/MP18119/2025-2026/163470,ND-WRK-0678,Physical Inspection,795506.0,795506.0,1,1.0,,-84.0,0,False,No payment-progress review signal triggered by the current rules.
WS/MP18119/2025-2026/163471,ND-WRK-0679,Physical Inspection,800000.0,799992.0,1,1.0,304.0,,0,False,No payment-progress review signal triggered by the current rules.
WS/MP18119/2025-2026/163473,ND-WRK-0680,Physical Inspection,298168.0,298168.0,1,1.0,,-84.0,0,False,No payment-progress review signal triggered by the current rules.
WS/MP18119/2025-2026/163475,ND-WRK-0681,Physical Inspection,796440.0,796440.0,1,1.0,304.0,126.0,0,False,No payment-progress review signal triggered by the current rules.
WS/MP18119/2026-2027/163481,ND-WRK-0696,Sanction,700000.0,0.0,0,0.0,188.0,,0,False,No payment-progress review signal triggered by the current rules.
WS/MP18119/2026-2027/233653,ND-WRK-0697,Physical Inspection,1000000.0,993369.0,1,0.993,30.0,30.0,0,False,No payment-progress review signal triggered by the current rules.
WS/MP18119/2026-2027/233660,ND-WRK-0698,Sanction,1000000.0,0.0,0,0.0,154.0,,0,False,No payment-progress review signal triggered by the current rules.
WS/MP18116/2025-2026/223128,ND-WRK-0459,Sanction,1000000.0,0.0,0,0.0,,,0,False,No payment-progress review signal triggered by the current rules.
WS/MP18116/2025-2026/223137,ND-WRK-0460,Sanction,1000000.0,0.0,0,0.0,,,0,False,No payment-progress review signal triggered by the current rules.
WS/MP18116/2025-2026/224073,ND-WRK-0461,Work partially Completed,1500000.0,1435102.0,1,0.957,218.0,-26.0,0,False,No payment-progress review signal triggered by the current rules.
WS/MP18116/2025-2026/224075,ND-WRK-0462,Sanction,500000.0,0.0,0,0.0,190.0,,0,False,No payment-progress review signal triggered by the current rules.
WS/MP18116/2025-2026/224081,ND-WRK-0463,Work partially Completed,1000000.0,989838.0,1,0.99,190.0,126.0,0,False,No payment-progress review signal triggered by the current rules.
WS/MP18116/2025-2026/227495,ND-WRK-0464,Physical Inspection,1000000.0,999300.0,1,0.999,,-29.0,0,False,No payment-progress review signal triggered by the current rules.
WS/MP18116/2025-2026/228144,ND-WRK-0465,Physical Inspection,500000.0,499939.0,1,1.0,-24.0,,0,False,No payment-progress review signal triggered by the current rules.
WS/MP18116/2025-2026/228146,ND-WRK-0466,Physical Inspection,500000.0,499545.0,1,0.999,-24.0,,0,False,No payment-progress review signal triggered by the current rules.
WS/MP18116/2025-2026/229118,ND-WRK-0467,Work partially Completed,1000000.0,973636.0,1,0.974,190.0,,0,False,No payment-progress review signal triggered by the current rules.
WS/MP18116/2025-2026/232156,ND-WRK-0468,Work partially Completed,700000.0,692379.0,1,0.989,190.0,,0,False,No payment-progress review signal triggered by the current rules.
WS/MP18116/2025-2026/202973,ND-WRK-0438,Time Estimation,1000000.0,0.0,0,0.0,,,0,False,No payment-progress review signal triggered by the current rules.
WS/MP18116/2025-2026/208376,ND-WRK-0439,Work partially Completed,500000.0,483899.0,1,0.968,218.0,6.0,0,False,No payment-progress review signal triggered by the current rules.
WS/MP18116/2025-2026/208377,ND-WRK-0440,Work partially Completed,500000.0,483571.0,1,0.967,218.0,6.0,0,False,No payment-progress review signal triggered by the current rules.
WS/MP18119/2026-2027/256546,ND-WRK-0710,Sanction,300000.0,0.0,0,0.0,188.0,,0,False,No payment-progress review signal triggered by the current rules.
WS/MP18119/2026-2027/256548,ND-WRK-0711,Sanction,200000.0,0.0,0,0.0,188.0,,0,False,No payment-progress review signal triggered by the current rules.
WS/MP18119/2026-2027/256553,ND-WRK-0712,Sanction,500000.0,0.0,0,0.0,188.0,,0,False,No payment-progress review signal triggered by the current rules.
WS/MP18119/2026-2027/256555,ND-WRK-0713,Sanction,300000.0,0.0,0,0.0,188.0,,0,False,No payment-progress review signal triggered by the current rules.
WS/MP18119/2026-2027/256557,ND-WRK-0714,Sanction,500000.0,0.0,0,0.0,,,0,False,No payment-progress review signal triggered by the current rules.
WS/MP18119/2026-2027/256558,ND-WRK-0715,Sanction,400000.0,0.0,0,0.0,188.0,,0,False,No payment-progress review signal triggered by the current rules.
WS/MP18119/2026-2027/259515,ND-WRK-0716,Sanction,300000.0,0.0,0,0.0,188.0,,0,False,No payment-progress review signal triggered by the current rules.
WS/MP18119/2026-2027/274729,ND-WRK-0717,Sanction,600000.0,0.0,0,0.0,,,0,False,No payment-progress review signal triggered by the current rules.
WS/MP18120/2025-2026/169208,ND-WRK-0719,Physical Inspection,4978547.0,4978547.0,1,1.0,,,0,False,No payment-progress review signal triggered by the current rules.
WS/MP18120/2025-2026/169210,ND-WRK-0720,Physical Inspection,4974167.0,4974167.0,1,1.0,,,0,False,No payment-progress review signal triggered by the current rules.
WS/MP18120/2025-2026/169263,ND-WRK-0721,Physical Inspection,999444.0,999444.0,1,1.0,364.0,,0,False,No payment-progress review signal triggered by the current rules.
WS/MP18120/2025-2026/174626,ND-WRK-0722,Physical Inspection,1485959.0,1485959.0,1,1.0,,5.0,0,False,No payment-progress review signal triggered by the current rules.
WS/MP18120/2025-2026/174629,ND-WRK-0724,Physical Inspection,1492857.0,1492857.0,1,1.0,,,0,False,No payment-progress review signal triggered by the current rules.
WS/MP18120/2025-2026/174636,ND-WRK-0725,Physical Inspection,7938332.0,7938332.0,1,1.0,98.0,-24.0,0,False,No payment-progress review signal triggered by the current rules.
WS/MP18119/2026-2027/163438,ND-WRK-0694,Physical Inspection,1500000.0,1398856.0,1,0.933,,,0,False,No payment-progress review signal triggered by the current rules.
WS/MP18119/2026-2027/163474,ND-WRK-0695,Sanction,800000.0,0.0,0,0.0,188.0,,0,False,No payment-progress review signal triggered by the current rules.
WS/MP18120/2025-2026/241630,ND-WRK-0757,Sanction,900000.0,0.0,0,0.0,,,0,False,No payment-progress review signal triggered by the current rules.
WS/MP18120/2025-2026/174642,ND-WRK-0726,Physical Inspection,996314.0,996314.0,1,1.0,,,0,False,No payment-progress review signal triggered by the current rules.
WS/MP18120/2025-2026/180360,ND-WRK-0727,Physical Inspection,1498945.0,1498945.0,1,1.0,,,0,False,No payment-progress review signal triggered by the current rules.
WS/MP18120/2025-2026/189536,ND-WRK-0729,Physical Inspection,991576.0,991576.0,1,1.0,,,0,False,No payment-progress review signal triggered by the current rules.
WS/MP18120/2025-2026/190401,ND-WRK-0730,Physical Inspection,2798862.0,2798862.0,1,1.0,,,0,False,No payment-progress review signal triggered by the current rules.
WS/MP18120/2025-2026/190402,ND-WRK-0731,Physical Inspection,2999200.0,2834541.0,2,0.945,,,0,False,No payment-progress review signal triggered by the current rules.
WS/MP18120/2025-2026/190403,ND-WRK-0732,Physical Inspection,993000.0,992440.0,1,0.999,,,0,False,No payment-progress review signal triggered by the current rules.
WS/MP18120/2025-2026/192247,ND-WRK-0733,Physical Inspection,994395.0,994395.0,1,1.0,546.0,,0,False,No payment-progress review signal triggered by the current rules.
WS/MP18120/2025-2026/193720,ND-WRK-0734,Work Completed,496000.0,495040.0,1,0.998,,,0,False,No payment-progress review signal triggered by the current rules.
WS/MP18120/2025-2026/193721,ND-WRK-0735,Physical Inspection,496000.0,495123.0,1,0.998,,,0,False,No payment-progress review signal triggered by the current rules.
WS/MP18120/2025-2026/194147,ND-WRK-0736,Physical Inspection,661857.0,661857.0,2,1.0,,,0,False,No payment-progress review signal triggered by the current rules.
WS/MP18120/2025-2026/198957,ND-WRK-0737,Physical Inspection,496000.0,495904.0,1,1.0,-84.0,,0,False,No payment-progress review signal triggered by the current rules.
WS/MP18120/2025-2026/198958,ND-WRK-0738,Physical Inspection,496000.0,495277.0,1,0.999,-84.0,,0,False,No payment-progress review signal triggered by the current rules.
WS/MP18120/2025-2026/198963,ND-WRK-0739,Physical Inspection,496000.0,495556.0,1,0.999,-84.0,,0,False,No payment-progress review signal triggered by the current rules.
WS/MP18120/2025-2026/213055,ND-WRK-0740,Physical Inspection,986725.0,986725.0,1,1.0,-86.0,,0,False,No payment-progress review signal triggered by the current rules.
WS/MP18120/2025-2026/213059,ND-WRK-0741,Physical Inspection,994661.0,994661.0,1,1.0,,,0,False,No payment-progress review signal triggered by the current rules.
WS/MP18120/2026-2027/245367,ND-WRK-0773,Physical Inspection,997000.0,969475.0,1,0.972,,,0,False,No payment-progress review signal triggered by the current rules.
WS/MP18120/2025-2026/218863,ND-WRK-0742,Sanction,500000.0,0.0,0,0.0,,,0,False,No payment-progress review signal triggered by the current rules.
WS/MP18120/2025-2026/225800,ND-WRK-0743,Physical Inspection,240611.0,240611.0,2,1.0,332.0,129.0,0,False,No payment-progress review signal triggered by the current rules.
WS/MP18120/2025-2026/225801,ND-WRK-0744,Physical Inspection,240611.0,240611.0,2,1.0,332.0,129.0,0,False,No payment-progress review signal triggered by the current rules.
WS/MP18120/2025-2026/225802,ND-WRK-0745,Physical Inspection,240611.0,240611.0,2,1.0,332.0,129.0,0,False,No payment-progress review signal triggered by the current rules.
WS/MP18120/2025-2026/225803,ND-WRK-0746,Physical Inspection,240611.0,240611.0,2,1.0,332.0,129.0,0,False,No payment-progress review signal triggered by the current rules.
WS/MP18120/2025-2026/225804,ND-WRK-0747,Physical Inspection,240611.0,240611.0,2,1.0,332.0,129.0,0,False,No payment-progress review signal triggered by the current rules.
WS/MP18120/2025-2026/225805,ND-WRK-0748,Physical Inspection,240611.0,240611.0,2,1.0,332.0,129.0,0,False,No payment-progress review signal triggered by the current rules.
WS/MP18120/2025-2026/225806,ND-WRK-0749,Physical Inspection,240611.0,240611.0,2,1.0,332.0,129.0,0,False,No payment-progress review signal triggered by the current rules.
WS/MP18120/2025-2026/225807,ND-WRK-0750,Physical Inspection,240611.0,240611.0,2,1.0,332.0,129.0,0,False,No payment-progress review signal triggered by the current rules.
WS/MP18120/2025-2026/225808,ND-WRK-0751,Physical Inspection,240611.0,240611.0,2,1.0,332.0,129.0,0,False,No payment-progress review signal triggered by the current rules.
WS/MP18120/2025-2026/225809,ND-WRK-0752,Physical Inspection,240611.0,240611.0,2,1.0,332.0,129.0,0,False,No payment-progress review signal triggered by the current rules.
WS/MP18120/2025-2026/225810,ND-WRK-0753,Physical Inspection,240611.0,240611.0,2,1.0,332.0,129.0,0,False,No payment-progress review signal triggered by the current rules.
WS/MP18120/2025-2026/225811,ND-WRK-0754,Physical Inspection,240611.0,240611.0,2,1.0,332.0,129.0,0,False,No payment-progress review signal triggered by the current rules.
WS/MP18120/2025-2026/225812,ND-WRK-0755,Physical Inspection,240611.0,240611.0,2,1.0,332.0,129.0,0,False,No payment-progress review signal triggered by the current rules.
WS/MP18120/2025-2026/241629,ND-WRK-0756,Sanction,900000.0,0.0,0,0.0,,,0,False,No payment-progress review signal triggered by the current rules.
WS/MP18120/2026-2027/174640,ND-WRK-0762,Physical Inspection,495989.0,495989.0,1,1.0,,,0,False,No payment-progress review signal triggered by the current rules.
WS/MP18116/2025-2026/210941,ND-WRK-0443,Sanction,1000000.0,0.0,0,0.0,-24.0,,0,False,No payment-progress review signal triggered by the current rules.
WS/MP18116/2025-2026/212995,ND-WRK-0445,Sanction,500000.0,0.0,0,0.0,,,0,False,No payment-progress review signal triggered by the current rules.
WS/MP18116/2025-2026/212997,ND-WRK-0446,Sanction,500000.0,0.0,0,0.0,,,0,False,No payment-progress review signal triggered by the current rules.
WS/MP18116/2025-2026/213032,ND-WRK-0447,Work partially Completed,1000000.0,989052.0,1,0.989,190.0,,0,False,No payment-progress review signal triggered by the current rules.
WS/MP18116/2025-2026/213256,ND-WRK-0448,Sanction,1500000.0,0.0,0,0.0,190.0,,0,False,No payment-progress review signal triggered by the current rules.
WS/MP18116/2025-2026/213608,ND-WRK-0449,Sanction,1000000.0,0.0,0,0.0,190.0,,0,False,No payment-progress review signal triggered by the current rules.
WS/MP18116/2025-2026/220948,ND-WRK-0451,Work partially Completed,500000.0,488225.0,1,0.976,190.0,,0,False,No payment-progress review signal triggered by the current rules.
WS/MP18116/2025-2026/220949,ND-WRK-0452,Work partially Completed,500000.0,488004.0,1,0.976,190.0,,0,False,No payment-progress review signal triggered by the current rules.
WS/MP18116/2025-2026/220950,ND-WRK-0453,Work partially Completed,500000.0,492617.0,1,0.985,190.0,,0,False,No payment-progress review signal triggered by the current rules.
WS/MP18116/2025-2026/186722,ND-WRK-0423,Work partially Completed,1000000.0,979651.0,1,0.98,,,0,False,No payment-progress review signal triggered by the current rules.
WS/MP18120/2026-2027/190399,ND-WRK-0763,Physical Inspection,1487075.0,1487075.0,1,1.0,,,0,False,No payment-progress review signal triggered by the current rules.
WS/MP18120/2026-2027/194822,ND-WRK-0767,Physical Inspection,1000000.0,986317.0,1,0.986,-30.0,-30.0,0,False,No payment-progress review signal triggered by the current rules.
WS/MP18120/2026-2027/218858,ND-WRK-0770,Physical Inspection,2993160.0,2965232.0,1,0.991,1.0,62.0,0,False,No payment-progress review signal triggered by the current rules.
WS/MP18120/2026-2027/218864,ND-WRK-0771,Physical Inspection,1493124.0,1493124.0,1,1.0,,,0,False,No payment-progress review signal triggered by the current rules.
WS/MP18120/2026-2027/245366,ND-WRK-0772,Physical Inspection,997000.0,968574.0,1,0.971,,,0,False,No payment-progress review signal triggered by the current rules.
WS/MP18116/2025-2026/191820,ND-WRK-0429,Sanction,500000.0,0.0,0,0.0,,,0,False,No payment-progress review signal triggered by the current rules.
WS/MP18116/2025-2026/202182,ND-WRK-0434,Sanction,500000.0,0.0,0,0.0,,,0,False,No payment-progress review signal triggered by the current rules.
WS/MP18116/2025-2026/202343,ND-WRK-0435,Physical Inspection,1500000.0,1498932.0,1,0.999,,,0,False,No payment-progress review signal triggered by the current rules.
WS/MP18115/2026-2027/186691,ND-WRK-0406,Sanction,1000000.0,0.0,0,0.0,188.0,,0,False,No payment-progress review signal triggered by the current rules.
WS/MP18115/2026-2027/186720,ND-WRK-0407,Sanction,700000.0,0.0,0,0.0,188.0,,0,False,No payment-progress review signal triggered by the current rules.
WS/MP18115/2026-2027/186723,ND-WRK-0408,Physical Inspection,1000000.0,999743.0,1,1.0,188.0,,0,False,No payment-progress review signal triggered by the current rules.
WS/MP18115/2026-2027/186725,ND-WRK-0409,Sanction,1000000.0,0.0,0,0.0,188.0,,0,False,No payment-progress review signal triggered by the current rules.
WS/MP18115/2026-2027/268142,ND-WRK-0410,Sanction,1000000.0,0.0,0,0.0,216.0,,0,False,No payment-progress review signal triggered by the current rules.
WS/MP18121/2024-2025/146767,ND-WRK-0779,Physical Inspection,1999472.0,1999472.0,1,1.0,,,0,False,No payment-progress review signal triggered by the current rules.
WS/MP18121/2024-2025/146782,ND-WRK-0780,Physical Inspection,998933.0,998933.0,1,1.0,,,0,False,No payment-progress review signal triggered by the current rules.
WS/MP18121/2024-2025/163148,ND-WRK-0781,Work Completed,1500000.0,1499900.0,1,1.0,,-25.0,0,False,No payment-progress review signal triggered by the current rules.
WS/MP18121/2024-2025/163230,ND-WRK-0782,Physical Inspection,2490157.0,2490157.0,1,1.0,,,0,False,No payment-progress review signal triggered by the current rules.
WS/MP18121/2025-2026/146783,ND-WRK-0783,Sanction,2000000.0,0.0,0,0.0,,,0,False,No payment-progress review signal triggered by the current rules.
WS/MP18120/2026-2027/169218,ND-WRK-0759,Work partially Completed,999656.0,999656.0,1,1.0,,,0,False,No payment-progress review signal triggered by the current rules.
WS/MP18120/2026-2027/169230,ND-WRK-0760,Physical Inspection,1981405.0,1981405.0,1,1.0,,,0,False,No payment-progress review signal triggered by the current rules.
WS/MP18120/2026-2027/169231,ND-WRK-0761,Work partially Completed,1771411.0,1771411.0,1,1.0,,,0,False,No payment-progress review signal triggered by the current rules.
WS/MP18115/2026-2027/278513,ND-WRK-0416,Sanction,700000.0,0.0,0,0.0,,,0,False,No payment-progress review signal triggered by the current rules.
WS/MP18115/2026-2027/278533,ND-WRK-0417,Sanction,700000.0,0.0,0,0.0,,,0,False,No payment-progress review signal triggered by the current rules.
WS/MP18115/2026-2027/278534,ND-WRK-0418,Sanction,1000000.0,0.0,0,0.0,,,0,False,No payment-progress review signal triggered by the current rules.
WS/MP18116/2025-2026/186699,ND-WRK-0420,Physical Inspection,1000000.0,996428.0,1,0.996,,35.0,0,False,No payment-progress review signal triggered by the current rules.
WS/MP18115/2026-2027/186422,ND-WRK-0390,Physical Inspection,700000.0,695359.0,1,0.993,242.0,61.0,0,False,No payment-progress review signal triggered by the current rules.
WS/MP18115/2026-2027/186428,ND-WRK-0391,Physical Inspection,700000.0,700000.0,1,1.0,,,0,False,No payment-progress review signal triggered by the current rules.
WS/MP18122/2024-2025/186323,ND-WRK-0799,Vendor Identification,500000.0,0.0,0,0.0,,,0,False,No payment-progress review signal triggered by the current rules.
WS/MP18122/2025-2026/173902,ND-WRK-0801,Physical Inspection,1000000.0,989809.0,1,0.99,,,0,False,No payment-progress review signal triggered by the current rules.
WS/MP18122/2025-2026/173903,ND-WRK-0802,Physical Inspection,994942.0,994942.0,1,1.0,,,0,False,No payment-progress review signal triggered by the current rules.
WS/MP18122/2025-2026/173942,ND-WRK-0803,Physical Inspection,1000000.0,999205.0,1,0.999,,,0,False,No payment-progress review signal triggered by the current rules.
WS/MP18122/2025-2026/173945,ND-WRK-0805,Physical Inspection,1000000.0,999563.0,1,1.0,,,0,False,No payment-progress review signal triggered by the current rules.
WS/MP18121/2024-2025/146636,ND-WRK-0774,Work Completed,700000.0,699511.0,1,0.999,,514.0,0,False,No payment-progress review signal triggered by the current rules.
WS/MP18121/2024-2025/146649,ND-WRK-0775,Physical Inspection,699000.0,699000.0,1,1.0,,,0,False,No payment-progress review signal triggered by the current rules.
WS/MP18121/2024-2025/146654,ND-WRK-0776,Physical Inspection,699551.0,699551.0,1,1.0,,,0,False,No payment-progress review signal triggered by the current rules.
WS/MP18116/2025-2026/191816,ND-WRK-0427,Sanction,500000.0,0.0,0,0.0,,,0,False,No payment-progress review signal triggered by the current rules.
WS/MP18116/2025-2026/191818,ND-WRK-0428,Sanction,500000.0,0.0,0,0.0,,,0,False,No payment-progress review signal triggered by the current rules.
WS/MP18123/2025-2026/186346,ND-WRK-0833,Physical Inspection,597025.0,597025.0,1,1.0,-56.0,,0,False,No payment-progress review signal triggered by the current rules.
WS/MP18123/2025-2026/224468,ND-WRK-0837,Physical Inspection,999000.0,999000.0,1,1.0,,,0,False,No payment-progress review signal triggered by the current rules.
WS/MP18122/2025-2026/173947,ND-WRK-0806,Physical Inspection,1000000.0,1000000.0,1,1.0,7.0,,0,False,No payment-progress review signal triggered by the current rules.
WS/MP18122/2025-2026/175363,ND-WRK-0807,Physical Inspection,1492500.0,1492500.0,1,1.0,,,0,False,No payment-progress review signal triggered by the current rules.
WS/MP18122/2025-2026/175364,ND-WRK-0808,Physical Inspection,500000.0,500000.0,1,1.0,,,0,False,No payment-progress review signal triggered by the current rules.
WS/MP18122/2025-2026/175365,ND-WRK-0809,Physical Inspection,1000000.0,1000000.0,1,1.0,,,0,False,No payment-progress review signal triggered by the current rules.
WS/MP18122/2025-2026/175369,ND-WRK-0810,Physical Inspection,1000000.0,1000000.0,1,1.0,573.0,,0,False,No payment-progress review signal triggered by the current rules.
WS/MP18122/2025-2026/176795,ND-WRK-0813,Physical Inspection,992819.0,992819.0,1,1.0,545.0,,0,False,No payment-progress review signal triggered by the current rules.
WS/MP18122/2025-2026/184089,ND-WRK-0815,Physical Inspection,1000000.0,970505.0,1,0.971,,,0,False,No payment-progress review signal triggered by the current rules.
WS/MP18122/2025-2026/225414,ND-WRK-0819,Physical Inspection,1000000.0,999000.0,1,0.999,,160.0,0,False,No payment-progress review signal triggered by the current rules.
WS/MP18122/2025-2026/225415,ND-WRK-0820,Physical Inspection,1000000.0,999000.0,1,0.999,,160.0,0,False,No payment-progress review signal triggered by the current rules.
WS/MP18115/2026-2027/268145,ND-WRK-0411,Sanction,1000000.0,0.0,0,0.0,,,0,False,No payment-progress review signal triggered by the current rules.
WS/MP18115/2026-2027/278489,ND-WRK-0412,Sanction,1000000.0,0.0,0,0.0,,,0,False,No payment-progress review signal triggered by the current rules.
WS/MP18115/2026-2027/278498,ND-WRK-0413,Sanction,1000000.0,0.0,0,0.0,,,0,False,No payment-progress review signal triggered by the current rules.
WS/MP18115/2026-2027/278506,ND-WRK-0414,Sanction,1000000.0,0.0,0,0.0,-29.0,,0,False,No payment-progress review signal triggered by the current rules.
WS/MP18115/2026-2027/278508,ND-WRK-0415,Sanction,700000.0,0.0,0,0.0,,,0,False,No payment-progress review signal triggered by the current rules.
WS/MP18123/2026-2027/186339,ND-WRK-0843,Physical Inspection,999824.0,999824.0,1,1.0,-26.0,,0,False,No payment-progress review signal triggered by the current rules.
WS/MP18123/2026-2027/207781,ND-WRK-0844,Physical Inspection,1500000.0,1476022.0,1,0.984,-29.0,123.0,0,False,No payment-progress review signal triggered by the current rules.
WS/MP18123/2026-2027/224466,ND-WRK-0846,Physical Inspection,1000000.0,1000000.0,1,1.0,,,0,False,No payment-progress review signal triggered by the current rules.
WS/MP18123/2026-2027/224469,ND-WRK-0847,Physical Inspection,1000000.0,999000.0,1,0.999,92.0,-61.0,0,False,No payment-progress review signal triggered by the current rules.
WS/MP18123/2026-2027/224470,ND-WRK-0848,Physical Inspection,1000000.0,1000000.0,1,1.0,,,0,False,No payment-progress review signal triggered by the current rules.
WS/MP18123/2026-2027/224476,ND-WRK-0849,Physical Inspection,1000000.0,998137.0,1,0.998,211.0,61.0,0,False,No payment-progress review signal triggered by the current rules.
WS/MP18123/2026-2027/226874,ND-WRK-0850,Physical Inspection,1000000.0,1000000.0,1,1.0,,,0,False,No payment-progress review signal triggered by the current rules.
WS/MP18123/2026-2027/226878,ND-WRK-0851,Physical Inspection,1000000.0,981834.0,1,0.982,-29.0,-29.0,0,False,No payment-progress review signal triggered by the current rules.
WS/MP18123/2026-2027/228593,ND-WRK-0852,Physical Inspection,1000000.0,1000000.0,1,1.0,,,0,False,No payment-progress review signal triggered by the current rules.
WS/MP18123/2026-2027/228594,ND-WRK-0853,Physical Inspection,1000000.0,1000000.0,1,1.0,-26.0,,0,False,No payment-progress review signal triggered by the current rules.
WS/MP18122/2026-2027/225832,ND-WRK-0823,Physical Inspection,1000000.0,922260.0,1,0.922,213.0,63.0,0,False,No payment-progress review signal triggered by the current rules.
WS/MP18123/2025-2026/169723,ND-WRK-0828,Physical Inspection,500000.0,500000.0,1,1.0,,,0,False,No payment-progress review signal triggered by the current rules.
WS/MP18123/2025-2026/169737,ND-WRK-0829,Physical Inspection,1000000.0,1000000.0,1,1.0,,,0,False,No payment-progress review signal triggered by the current rules.
WS/MP18123/2025-2026/186340,ND-WRK-0830,Physical Inspection,999000.0,999000.0,1,1.0,-56.0,,0,False,No payment-progress review signal triggered by the current rules.
WS/MP18123/2025-2026/186341,ND-WRK-0831,Physical Inspection,749000.0,749000.0,1,1.0,98.0,6.0,0,False,No payment-progress review signal triggered by the current rules.
WS/MP18123/2025-2026/186342,ND-WRK-0832,Physical Inspection,995437.0,995437.0,1,1.0,98.0,6.0,0,False,No payment-progress review signal triggered by the current rules.
WS/MP18123/2025-2026/238167,ND-WRK-0840,Physical Inspection,800000.0,800000.0,1,1.0,-56.0,-56.0,0,False,No payment-progress review signal triggered by the current rules.
WS/MP18123/2025-2026/241950,ND-WRK-0841,Physical Inspection,1497956.0,1497956.0,1,1.0,,,0,False,No payment-progress review signal triggered by the current rules.
WS/MP18123/2025-2026/255167,ND-WRK-0842,Physical Inspection,999298.0,999298.0,1,1.0,,158.0,0,False,No payment-progress review signal triggered by the current rules.
WS/MP18115/2026-2027/186442,ND-WRK-0396,Physical Inspection,700000.0,700000.0,1,1.0,,,0,False,No payment-progress review signal triggered by the current rules.
WS/MP18115/2026-2027/186459,ND-WRK-0398,Time Estimation,1000000.0,0.0,0,0.0,242.0,,0,False,No payment-progress review signal triggered by the current rules.
WS/MP18115/2026-2027/186475,ND-WRK-0399,Physical Inspection,700000.0,699113.0,1,0.999,,93.0,0,False,No payment-progress review signal triggered by the current rules.
WS/MP18115/2026-2027/186492,ND-WRK-0400,Physical Inspection,700000.0,697459.0,1,0.996,,,0,False,No payment-progress review signal triggered by the current rules.
WS/MP18115/2026-2027/186493,ND-WRK-0401,Physical Inspection,299649.0,299649.0,1,1.0,4.0,-57.0,0,False,No payment-progress review signal triggered by the current rules.
WS/MP18115/2026-2027/186641,ND-WRK-0402,Sanction,1000000.0,0.0,0,0.0,188.0,,0,False,No payment-progress review signal triggered by the current rules.
WS/MP18115/2026-2027/186671,ND-WRK-0404,Sanction,700000.0,0.0,0,0.0,216.0,,0,False,No payment-progress review signal triggered by the current rules.
WS/MP18115/2026-2027/186677,ND-WRK-0405,Physical Inspection,700000.0,699241.0,1,0.999,188.0,,0,False,No payment-progress review signal triggered by the current rules.
WS/MP18115/2025-2026/186476,ND-WRK-0374,Physical Inspection,697396.0,697396.0,1,1.0,,,0,False,No payment-progress review signal triggered by the current rules.
WS/MP18115/2025-2026/186488,ND-WRK-0375,Physical Inspection,687408.0,687408.0,1,1.0,,,0,False,No payment-progress review signal triggered by the current rules.
WS/MP18115/2025-2026/186494,ND-WRK-0376,Physical Inspection,497428.0,497428.0,1,1.0,,,0,False,No payment-progress review signal triggered by the current rules.
WS/MP18115/2025-2026/186646,ND-WRK-0377,Physical Inspection,700000.0,699871.0,1,1.0,,,0,False,No payment-progress review signal triggered by the current rules.
WS/MP18115/2025-2026/186718,ND-WRK-0378,Sanction,1000000.0,0.0,0,0.0,,,0,False,No payment-progress review signal triggered by the current rules.
WS/MP18115/2025-2026/188849,ND-WRK-0383,Physical Inspection,1000000.0,1000000.0,1,1.0,,,0,False,No payment-progress review signal triggered by the current rules.
WS/MP18115/2025-2026/189409,ND-WRK-0384,Sanction,700000.0,0.0,0,0.0,,,0,False,No payment-progress review signal triggered by the current rules.
WS/MP18115/2025-2026/189432,ND-WRK-0385,Sanction,700000.0,0.0,0,0.0,,,0,False,No payment-progress review signal triggered by the current rules.
WS/MP18115/2025-2026/228263,ND-WRK-0386,Sanction,700000.0,0.0,0,0.0,,,0,False,No payment-progress review signal triggered by the current rules.
WS/MP18115/2025-2026/228264,ND-WRK-0387,Sanction,700000.0,0.0,0,0.0,,,0,False,No payment-progress review signal triggered by the current rules.
WS/MP18115/2025-2026/228265,ND-WRK-0388,Sanction,500000.0,0.0,0,0.0,,,0,False,No payment-progress review signal triggered by the current rules.
WS/MP18115/2026-2027/186414,ND-WRK-0389,Physical Inspection,694967.0,694967.0,1,1.0,4.0,-57.0,0,False,No payment-progress review signal triggered by the current rules.
WS/MP18114/2026-2027/157647,ND-WRK-0360,Physical Inspection,1000000.0,998710.0,1,0.999,,,0,False,No payment-progress review signal triggered by the current rules.
WS/MP18114/2026-2027/157648,ND-WRK-0361,Physical Inspection,1000000.0,998740.0,1,0.999,,,0,False,No payment-progress review signal triggered by the current rules.
WS/MP18114/2026-2027/157654,ND-WRK-0362,Physical Inspection,1000000.0,998564.0,1,0.999,,,0,False,No payment-progress review signal triggered by the current rules.
WS/MP18123/2026-2027/242704,ND-WRK-0859,Sanction,500000.0,0.0,0,0.0,211.0,,0,False,No payment-progress review signal triggered by the current rules.
WS/MP18123/2026-2027/242705,ND-WRK-0860,Physical Inspection,1499618.0,1499618.0,1,1.0,-26.0,,0,False,No payment-progress review signal triggered by the current rules.
WS/MP18123/2026-2027/248078,ND-WRK-0861,Sanction,1000000.0,0.0,0,0.0,211.0,,0,False,No payment-progress review signal triggered by the current rules.
WS/MP18123/2026-2027/253333,ND-WRK-0862,Physical Inspection,1500000.0,1500000.0,1,1.0,,,0,False,No payment-progress review signal triggered by the current rules.
WS/MP18123/2025-2026/226864,ND-WRK-0838,Physical Inspection,1488133.0,1488133.0,1,1.0,,,0,False,No payment-progress review signal triggered by the current rules.
WS/MP18123/2025-2026/226877,ND-WRK-0839,Physical Inspection,1000000.0,1000000.0,1,1.0,98.0,6.0,0,False,No payment-progress review signal triggered by the current rules.
WS/MP18114/2026-2027/227487,ND-WRK-0364,Physical Inspection,1000000.0,996401.0,1,0.996,,,0,False,No payment-progress review signal triggered by the current rules.
WS/MP18114/2026-2027/247802,ND-WRK-0369,Sanction,1000000.0,0.0,0,0.0,61.0,,0,False,No payment-progress review signal triggered by the current rules.
WS/MP18114/2026-2027/247814,ND-WRK-0370,Sanction,1000000.0,0.0,0,0.0,242.0,,0,False,No payment-progress review signal triggered by the current rules.
WS/MP18115/2025-2026/186458,ND-WRK-0372,Physical Inspection,697398.0,697398.0,1,1.0,,,0,False,No payment-progress review signal triggered by the current rules.
WS/MP18115/2025-2026/186471,ND-WRK-0373,Physical Inspection,697787.0,697787.0,1,1.0,,,0,False,No payment-progress review signal triggered by the current rules.
WS/MP18114/2025-2026/157481,ND-WRK-0342,Work Completed,1000000.0,995204.0,1,0.995,,,0,False,No payment-progress review signal triggered by the current rules.
WS/MP18114/2025-2026/157492,ND-WRK-0343,Work Completed,1000000.0,995447.0,1,0.995,,157.0,0,False,No payment-progress review signal triggered by the current rules.
WS/MP18114/2025-2026/157541,ND-WRK-0344,Work Completed,1000000.0,998898.0,1,0.999,,218.0,0,False,No payment-progress review signal triggered by the current rules.
WS/MP18123/2026-2027/232860,ND-WRK-0855,Sanction,1000000.0,0.0,0,0.0,211.0,,0,False,No payment-progress review signal triggered by the current rules.
WS/MP18123/2026-2027/238128,ND-WRK-0856,Physical Inspection,500000.0,476199.0,1,0.952,96.0,35.0,0,False,No payment-progress review signal triggered by the current rules.
WS/MP18123/2026-2027/238129,ND-WRK-0857,Physical Inspection,500000.0,500000.0,1,1.0,96.0,66.0,0,False,No payment-progress review signal triggered by the current rules.
WS/MP18123/2026-2027/238158,ND-WRK-0858,Physical Inspection,1000000.0,999696.0,1,1.0,,,0,False,No payment-progress review signal triggered by the current rules.
WS/MP18115/2025-2026/186727,ND-WRK-0379,Sanction,700000.0,0.0,0,0.0,,,0,False,No payment-progress review signal triggered by the current rules.
WS/MP18115/2025-2026/186731,ND-WRK-0380,Work partially Completed,700000.0,697088.0,1,0.996,,93.0,0,False,No payment-progress review signal triggered by the current rules.
WS/MP18115/2025-2026/186735,ND-WRK-0381,Sanction,700000.0,0.0,0,0.0,,,0,False,No payment-progress review signal triggered by the current rules.
WS/MP18115/2025-2026/186739,ND-WRK-0382,Physical Inspection,1000000.0,997334.0,1,0.997,,,0,False,No payment-progress review signal triggered by the current rules.
WS/MP18113/2025-2026/202192,ND-WRK-0310,Physical Inspection,1000000.0,1000000.0,1,1.0,,,0,False,No payment-progress review signal triggered by the current rules.
WS/MP18113/2025-2026/219628,ND-WRK-0311,Physical Inspection,989730.0,989730.0,1,1.0,,,0,False,No payment-progress review signal triggered by the current rules.
WS/MP18113/2025-2026/219638,ND-WRK-0312,Physical Inspection,1500000.0,1498823.0,1,0.999,-84.0,-84.0,0,False,No payment-progress review signal triggered by the current rules.
WS/MP18113/2025-2026/219666,ND-WRK-0313,Physical Inspection,993175.0,993175.0,1,1.0,,,0,False,No payment-progress review signal triggered by the current rules.
WS/MP18113/2025-2026/219691,ND-WRK-0314,Physical Inspection,1000000.0,999000.0,1,0.999,,,0,False,No payment-progress review signal triggered by the current rules.
WS/MP18124/2025-2026/226103,ND-WRK-0897,Work partially Completed,1800000.0,1798633.0,1,0.999,,92.0,0,False,No payment-progress review signal triggered by the current rules.
WS/MP18114/2025-2026/157616,ND-WRK-0348,Work Completed,1000000.0,996888.0,1,0.997,,,0,False,No payment-progress review signal triggered by the current rules.
WS/MP18114/2025-2026/157622,ND-WRK-0349,Physical Inspection,994717.0,994717.0,1,1.0,,,0,False,No payment-progress review signal triggered by the current rules.
WS/MP18114/2025-2026/157634,ND-WRK-0350,Physical Inspection,1000000.0,996465.0,1,0.996,,,0,False,No payment-progress review signal triggered by the current rules.
WS/MP18114/2025-2026/157658,ND-WRK-0352,Physical Inspection,898526.0,898526.0,1,1.0,6.0,,0,False,No payment-progress review signal triggered by the current rules.
WS/MP18114/2026-2027/157453,ND-WRK-0356,Physical Inspection,997213.0,997213.0,1,1.0,,,0,False,No payment-progress review signal triggered by the current rules.
WS/MP18114/2026-2027/157491,ND-WRK-0357,Physical Inspection,1000000.0,998674.0,1,0.999,61.0,30.0,0,False,No payment-progress review signal triggered by the current rules.
WS/MP18113/2026-2027/226267,ND-WRK-0326,Physical Inspection,1000000.0,981269.0,1,0.981,,,0,False,No payment-progress review signal triggered by the current rules.
WS/MP18113/2026-2027/244708,ND-WRK-0327,Physical Inspection,2000000.0,1999000.0,1,1.0,,-30.0,0,False,No payment-progress review signal triggered by the current rules.
WS/MP18114/2025-2026/157436,ND-WRK-0330,Work Completed,900000.0,898906.0,1,0.999,,250.0,0,False,No payment-progress review signal triggered by the current rules.
WS/MP18114/2026-2027/227486,ND-WRK-0363,Physical Inspection,1000000.0,999466.0,1,0.999,,,0,False,No payment-progress review signal triggered by the current rules.
WS/MP18126/2025-2026/236145,ND-WRK-0927,Physical Inspection,170000.0,169529.0,1,0.997,-25.0,,0,False,No payment-progress review signal triggered by the current rules.
WS/MP18126/2025-2026/236146,ND-WRK-0928,Physical Inspection,170000.0,169529.0,1,0.997,-56.0,,0,False,No payment-progress review signal triggered by the current rules.
WS/MP18126/2025-2026/236148,ND-WRK-0929,Physical Inspection,170000.0,169529.0,1,0.997,-56.0,,0,False,No payment-progress review signal triggered by the current rules.
WS/MP18126/2025-2026/236149,ND-WRK-0930,Physical Inspection,170000.0,169529.0,1,0.997,-56.0,,0,False,No payment-progress review signal triggered by the current rules.
WS/MP18126/2025-2026/236150,ND-WRK-0931,Physical Inspection,170000.0,169529.0,1,0.997,-56.0,,0,False,No payment-progress review signal triggered by the current rules.
WS/MP18126/2025-2026/236151,ND-WRK-0932,Physical Inspection,170000.0,169529.0,1,0.997,-56.0,,0,False,No payment-progress review signal triggered by the current rules.
WS/MP18126/2025-2026/236155,ND-WRK-0933,Physical Inspection,170000.0,169529.0,1,0.997,-56.0,,0,False,No payment-progress review signal triggered by the current rules.
WS/MP18124/2025-2026/226188,ND-WRK-0914,Sanction,2150000.0,0.0,0,0.0,,,0,False,No payment-progress review signal triggered by the current rules.
WS/MP18124/2025-2026/226190,ND-WRK-0915,Sanction,2200000.0,0.0,0,0.0,,,0,False,No payment-progress review signal triggered by the current rules.
WS/MP18114/2025-2026/157437,ND-WRK-0331,Physical Inspection,1000000.0,999366.0,1,0.999,,,0,False,No payment-progress review signal triggered by the current rules.
WS/MP18114/2025-2026/157438,ND-WRK-0332,Work Completed,1000000.0,999556.0,1,1.0,,,0,False,No payment-progress review signal triggered by the current rules.
WS/MP18114/2025-2026/157446,ND-WRK-0334,Physical Inspection,994001.0,994001.0,1,1.0,,,0,False,No payment-progress review signal triggered by the current rules.
WS/MP18114/2025-2026/157450,ND-WRK-0336,Physical Inspection,995532.0,995532.0,1,1.0,274.0,,0,False,No payment-progress review signal triggered by the current rules.
WS/MP18114/2025-2026/157452,ND-WRK-0337,Physical Inspection,997293.0,997293.0,1,1.0,,,0,False,No payment-progress review signal triggered by the current rules.
WS/MP18114/2025-2026/157454,ND-WRK-0338,Physical Inspection,1000000.0,997785.0,1,0.998,,,0,False,No payment-progress review signal triggered by the current rules.
WS/MP18114/2025-2026/157475,ND-WRK-0340,Physical Inspection,998532.0,998532.0,1,1.0,,,0,False,No payment-progress review signal triggered by the current rules.
WS/MP18126/2025-2026/236164,ND-WRK-0942,Physical Inspection,170000.0,169529.0,1,0.997,-56.0,,0,False,No payment-progress review signal triggered by the current rules.
WS/MP18126/2025-2026/236165,ND-WRK-0943,Physical Inspection,170000.0,169529.0,1,0.997,-56.0,,0,False,No payment-progress review signal triggered by the current rules.
WS/MP18126/2025-2026/236166,ND-WRK-0944,Physical Inspection,170000.0,169529.0,1,0.997,-56.0,,0,False,No payment-progress review signal triggered by the current rules.
WS/MP18126/2025-2026/236167,ND-WRK-0945,Physical Inspection,170000.0,169529.0,1,0.997,-56.0,,0,False,No payment-progress review signal triggered by the current rules.
WS/MP18126/2025-2026/236168,ND-WRK-0946,Physical Inspection,170000.0,169529.0,1,0.997,-56.0,,0,False,No payment-progress review signal triggered by the current rules.
WS/MP18126/2025-2026/236169,ND-WRK-0947,Physical Inspection,170000.0,169529.0,1,0.997,-56.0,,0,False,No payment-progress review signal triggered by the current rules.
WS/MP18126/2025-2026/236170,ND-WRK-0948,Physical Inspection,170000.0,169529.0,1,0.997,-56.0,,0,False,No payment-progress review signal triggered by the current rules.
WS/MP18126/2025-2026/236171,ND-WRK-0949,Physical Inspection,170000.0,169529.0,1,0.997,-56.0,,0,False,No payment-progress review signal triggered by the current rules.
WS/MP18124/2025-2026/273224,ND-WRK-0919,Work partially Completed,1000000.0,0.0,0,0.0,,,0,False,No payment-progress review signal triggered by the current rules.
WS/MP18126/2025-2026/136436,ND-WRK-0920,Sanction,1199000.0,0.0,0,0.0,,,0,False,No payment-progress review signal triggered by the current rules.
WS/MP18126/2025-2026/177130,ND-WRK-0921,Sanction,1000000.0,0.0,0,0.0,99.0,,0,False,No payment-progress review signal triggered by the current rules.
WS/MP18126/2025-2026/177131,ND-WRK-0922,Sanction,998000.0,0.0,0,0.0,,,0,False,No payment-progress review signal triggered by the current rules.
WS/MP18126/2025-2026/230206,ND-WRK-0923,Sanction,500000.0,0.0,0,0.0,-55.0,,0,False,No payment-progress review signal triggered by the current rules.
WS/MP18126/2025-2026/236142,ND-WRK-0924,Physical Inspection,170000.0,169529.0,1,0.997,-56.0,,0,False,No payment-progress review signal triggered by the current rules.
WS/MP18126/2025-2026/236143,ND-WRK-0925,Physical Inspection,170000.0,169529.0,1,0.997,-56.0,,0,False,No payment-progress review signal triggered by the current rules.
WS/MP18126/2025-2026/236144,ND-WRK-0926,Physical Inspection,170000.0,169529.0,1,0.997,-56.0,,0,False,No payment-progress review signal triggered by the current rules.
WS/MP18126/2025-2026/236189,ND-WRK-0958,Physical Inspection,170000.0,169529.0,1,0.997,-56.0,,0,False,No payment-progress review signal triggered by the current rules.
WS/MP18126/2025-2026/236190,ND-WRK-0959,Physical Inspection,170000.0,169529.0,1,0.997,-56.0,,0,False,No payment-progress review signal triggered by the current rules.
WS/MP18126/2025-2026/236191,ND-WRK-0960,Physical Inspection,170000.0,169529.0,1,0.997,-56.0,,0,False,No payment-progress review signal triggered by the current rules.
WS/MP18126/2025-2026/236192,ND-WRK-0961,Physical Inspection,170000.0,169529.0,1,0.997,-56.0,,0,False,No payment-progress review signal triggered by the current rules.
WS/MP18126/2025-2026/236193,ND-WRK-0962,Physical Inspection,170000.0,169529.0,1,0.997,-56.0,,0,False,No payment-progress review signal triggered by the current rules.
WS/MP18126/2025-2026/236194,ND-WRK-0963,Physical Inspection,170000.0,169529.0,1,0.997,-56.0,,0,False,No payment-progress review signal triggered by the current rules.
WS/MP18126/2025-2026/236195,ND-WRK-0964,Physical Inspection,170000.0,169529.0,1,0.997,-56.0,,0,False,No payment-progress review signal triggered by the current rules.
WS/MP18126/2025-2026/236196,ND-WRK-0965,Physical Inspection,170000.0,169529.0,1,0.997,-56.0,,0,False,No payment-progress review signal triggered by the current rules.
WS/MP18126/2025-2026/236156,ND-WRK-0934,Physical Inspection,170000.0,169529.0,1,0.997,-56.0,,0,False,No payment-progress review signal triggered by the current rules.
WS/MP18126/2025-2026/236157,ND-WRK-0935,Physical Inspection,170000.0,169529.0,1,0.997,-56.0,,0,False,No payment-progress review signal triggered by the current rules.
WS/MP18126/2025-2026/236158,ND-WRK-0936,Physical Inspection,170000.0,169529.0,1,0.997,-56.0,,0,False,No payment-progress review signal triggered by the current rules.
WS/MP18126/2025-2026/236159,ND-WRK-0937,Physical Inspection,170000.0,169529.0,1,0.997,-56.0,,0,False,No payment-progress review signal triggered by the current rules.
WS/MP18126/2025-2026/236160,ND-WRK-0938,Physical Inspection,170000.0,169529.0,1,0.997,-56.0,,0,False,No payment-progress review signal triggered by the current rules.
WS/MP18126/2025-2026/236161,ND-WRK-0939,Physical Inspection,170000.0,169529.0,1,0.997,-56.0,,0,False,No payment-progress review signal triggered by the current rules.
WS/MP18126/2025-2026/236162,ND-WRK-0940,Physical Inspection,170000.0,169529.0,1,0.997,-56.0,,0,False,No payment-progress review signal triggered by the current rules.
WS/MP18126/2025-2026/236163,ND-WRK-0941,Physical Inspection,170000.0,169529.0,1,0.997,-56.0,,0,False,No payment-progress review signal triggered by the current rules.
WS/MP18126/2025-2026/236205,ND-WRK-0974,Physical Inspection,170000.0,169529.0,1,0.997,-56.0,,0,False,No payment-progress review signal triggered by the current rules.
WS/MP18126/2025-2026/236206,ND-WRK-0975,Physical Inspection,170000.0,169529.0,1,0.997,-56.0,,0,False,No payment-progress review signal triggered by the current rules.
WS/MP18126/2025-2026/236207,ND-WRK-0976,Physical Inspection,170000.0,169529.0,1,0.997,-56.0,,0,False,No payment-progress review signal triggered by the current rules.
WS/MP18126/2025-2026/236208,ND-WRK-0977,Physical Inspection,170000.0,169529.0,1,0.997,-56.0,,0,False,No payment-progress review signal triggered by the current rules.
WS/MP18126/2025-2026/236209,ND-WRK-0978,Physical Inspection,170000.0,169529.0,1,0.997,-56.0,,0,False,No payment-progress review signal triggered by the current rules.
WS/MP18126/2025-2026/236210,ND-WRK-0979,Physical Inspection,170000.0,169529.0,1,0.997,-56.0,,0,False,No payment-progress review signal triggered by the current rules.
WS/MP18126/2025-2026/236211,ND-WRK-0980,Physical Inspection,170000.0,169529.0,1,0.997,-56.0,,0,False,No payment-progress review signal triggered by the current rules.
WS/MP18126/2025-2026/236212,ND-WRK-0981,Physical Inspection,170000.0,169529.0,1,0.997,-56.0,,0,False,No payment-progress review signal triggered by the current rules.
WS/MP18126/2025-2026/236172,ND-WRK-0950,Physical Inspection,170000.0,169529.0,1,0.997,-56.0,,0,False,No payment-progress review signal triggered by the current rules.
WS/MP18126/2025-2026/236173,ND-WRK-0951,Physical Inspection,170000.0,169529.0,1,0.997,-56.0,,0,False,No payment-progress review signal triggered by the current rules.
WS/MP18126/2025-2026/236174,ND-WRK-0952,Physical Inspection,170000.0,169529.0,1,0.997,-56.0,,0,False,No payment-progress review signal triggered by the current rules.
WS/MP18126/2025-2026/236184,ND-WRK-0953,Physical Inspection,170000.0,169529.0,1,0.997,-56.0,,0,False,No payment-progress review signal triggered by the current rules.
WS/MP18126/2025-2026/236185,ND-WRK-0954,Physical Inspection,170000.0,169529.0,1,0.997,-56.0,,0,False,No payment-progress review signal triggered by the current rules.
WS/MP18126/2025-2026/236186,ND-WRK-0955,Physical Inspection,170000.0,169529.0,1,0.997,-56.0,,0,False,No payment-progress review signal triggered by the current rules.
WS/MP18126/2025-2026/236187,ND-WRK-0956,Physical Inspection,170000.0,169529.0,1,0.997,-56.0,,0,False,No payment-progress review signal triggered by the current rules.
WS/MP18126/2025-2026/236188,ND-WRK-0957,Physical Inspection,170000.0,169529.0,1,0.997,-56.0,,0,False,No payment-progress review signal triggered by the current rules.
WS/MP18126/2025-2026/236243,ND-WRK-0990,Physical Inspection,170000.0,169530.0,1,0.997,,,0,False,No payment-progress review signal triggered by the current rules.
WS/MP18126/2025-2026/236244,ND-WRK-0991,Physical Inspection,170000.0,169530.0,1,0.997,,,0,False,No payment-progress review signal triggered by the current rules.
WS/MP18126/2025-2026/236245,ND-WRK-0992,Physical Inspection,170000.0,169530.0,1,0.997,,153.0,0,False,No payment-progress review signal triggered by the current rules.
WS/MP18126/2025-2026/236246,ND-WRK-0993,Physical Inspection,170000.0,169530.0,1,0.997,,,0,False,No payment-progress review signal triggered by the current rules.
WS/MP18126/2025-2026/236247,ND-WRK-0994,Physical Inspection,170000.0,169530.0,1,0.997,,,0,False,No payment-progress review signal triggered by the current rules.
WS/MP18126/2025-2026/236248,ND-WRK-0995,Physical Inspection,170000.0,169530.0,1,0.997,,,0,False,No payment-progress review signal triggered by the current rules.
WS/MP18126/2025-2026/236249,ND-WRK-0996,Physical Inspection,170000.0,169530.0,1,0.997,,,0,False,No payment-progress review signal triggered by the current rules.
WS/MP18126/2025-2026/236250,ND-WRK-0997,Physical Inspection,170000.0,169530.0,1,0.997,,,0,False,No payment-progress review signal triggered by the current rules.
WS/MP18126/2025-2026/236197,ND-WRK-0966,Physical Inspection,170000.0,169529.0,1,0.997,-56.0,,0,False,No payment-progress review signal triggered by the current rules.
WS/MP18126/2025-2026/236198,ND-WRK-0967,Physical Inspection,170000.0,169529.0,1,0.997,-56.0,,0,False,No payment-progress review signal triggered by the current rules.
WS/MP18126/2025-2026/236199,ND-WRK-0968,Physical Inspection,170000.0,169529.0,1,0.997,-56.0,,0,False,No payment-progress review signal triggered by the current rules.
WS/MP18126/2025-2026/236200,ND-WRK-0969,Physical Inspection,170000.0,169529.0,1,0.997,-56.0,,0,False,No payment-progress review signal triggered by the current rules.
WS/MP18126/2025-2026/236201,ND-WRK-0970,Physical Inspection,170000.0,169529.0,1,0.997,-56.0,,0,False,No payment-progress review signal triggered by the current rules.
WS/MP18126/2025-2026/236202,ND-WRK-0971,Physical Inspection,170000.0,169529.0,1,0.997,-56.0,,0,False,No payment-progress review signal triggered by the current rules.
WS/MP18126/2025-2026/236203,ND-WRK-0972,Physical Inspection,170000.0,169529.0,1,0.997,-56.0,,0,False,No payment-progress review signal triggered by the current rules.
WS/MP18126/2025-2026/236204,ND-WRK-0973,Physical Inspection,170000.0,169529.0,1,0.997,-56.0,,0,False,No payment-progress review signal triggered by the current rules.
WS/MP18126/2025-2026/236259,ND-WRK-1006,Physical Inspection,170000.0,169530.0,1,0.997,,,0,False,No payment-progress review signal triggered by the current rules.
WS/MP18126/2025-2026/236260,ND-WRK-1007,Physical Inspection,170000.0,169530.0,1,0.997,,,0,False,No payment-progress review signal triggered by the current rules.
WS/MP18126/2025-2026/236261,ND-WRK-1008,Physical Inspection,170000.0,169530.0,1,0.997,,,0,False,No payment-progress review signal triggered by the current rules.
WS/MP18126/2025-2026/236262,ND-WRK-1009,Physical Inspection,170000.0,169530.0,1,0.997,,,0,False,No payment-progress review signal triggered by the current rules.
WS/MP18126/2025-2026/236263,ND-WRK-1010,Physical Inspection,170000.0,169530.0,1,0.997,,,0,False,No payment-progress review signal triggered by the current rules.
WS/MP18126/2025-2026/236264,ND-WRK-1011,Physical Inspection,170000.0,169530.0,1,0.997,,,0,False,No payment-progress review signal triggered by the current rules.
WS/MP18126/2025-2026/236265,ND-WRK-1012,Physical Inspection,170000.0,169530.0,1,0.997,,,0,False,No payment-progress review signal triggered by the current rules.
WS/MP18126/2025-2026/236266,ND-WRK-1013,Physical Inspection,170000.0,169530.0,1,0.997,,,0,False,No payment-progress review signal triggered by the current rules.
WS/MP18126/2025-2026/236213,ND-WRK-0982,Physical Inspection,170000.0,169529.0,1,0.997,-56.0,,0,False,No payment-progress review signal triggered by the current rules.
WS/MP18126/2025-2026/236214,ND-WRK-0983,Physical Inspection,170000.0,169529.0,1,0.997,-56.0,,0,False,No payment-progress review signal triggered by the current rules.
WS/MP18126/2025-2026/236215,ND-WRK-0984,Physical Inspection,170000.0,169529.0,1,0.997,-56.0,,0,False,No payment-progress review signal triggered by the current rules.
WS/MP18126/2025-2026/236216,ND-WRK-0985,Physical Inspection,170000.0,169529.0,1,0.997,-56.0,,0,False,No payment-progress review signal triggered by the current rules.
WS/MP18126/2025-2026/236217,ND-WRK-0986,Physical Inspection,170000.0,169529.0,1,0.997,-56.0,,0,False,No payment-progress review signal triggered by the current rules.
WS/MP18126/2025-2026/236218,ND-WRK-0987,Physical Inspection,170000.0,169529.0,1,0.997,-56.0,,0,False,No payment-progress review signal triggered by the current rules.
WS/MP18126/2025-2026/236219,ND-WRK-0988,Physical Inspection,170000.0,169529.0,1,0.997,-56.0,,0,False,No payment-progress review signal triggered by the current rules.
WS/MP18126/2025-2026/236220,ND-WRK-0989,Physical Inspection,170000.0,169529.0,1,0.997,-56.0,,0,False,No payment-progress review signal triggered by the current rules.
WS/MP18126/2025-2026/236275,ND-WRK-1022,Physical Inspection,170000.0,169530.0,1,0.997,,,0,False,No payment-progress review signal triggered by the current rules.
WS/MP18126/2025-2026/236276,ND-WRK-1023,Physical Inspection,170000.0,169530.0,1,0.997,,,0,False,No payment-progress review signal triggered by the current rules.
WS/MP18126/2025-2026/236277,ND-WRK-1024,Physical Inspection,170000.0,169530.0,1,0.997,,153.0,0,False,No payment-progress review signal triggered by the current rules.
WS/MP18126/2025-2026/236278,ND-WRK-1025,Physical Inspection,170000.0,169530.0,1,0.997,,,0,False,No payment-progress review signal triggered by the current rules.
WS/MP18126/2025-2026/236279,ND-WRK-1026,Physical Inspection,170000.0,169530.0,1,0.997,,,0,False,No payment-progress review signal triggered by the current rules.
WS/MP18126/2025-2026/236280,ND-WRK-1027,Physical Inspection,170000.0,169530.0,1,0.997,,,0,False,No payment-progress review signal triggered by the current rules.
WS/MP18126/2025-2026/236281,ND-WRK-1028,Physical Inspection,170000.0,169530.0,1,0.997,,,0,False,No payment-progress review signal triggered by the current rules.
WS/MP18126/2025-2026/236282,ND-WRK-1029,Physical Inspection,170000.0,169530.0,1,0.997,,,0,False,No payment-progress review signal triggered by the current rules.
WS/MP18126/2025-2026/236251,ND-WRK-0998,Physical Inspection,170000.0,169530.0,1,0.997,,,0,False,No payment-progress review signal triggered by the current rules.
WS/MP18126/2025-2026/236252,ND-WRK-0999,Physical Inspection,170000.0,169530.0,1,0.997,,,0,False,No payment-progress review signal triggered by the current rules.
WS/MP18126/2025-2026/236253,ND-WRK-1000,Physical Inspection,170000.0,169530.0,1,0.997,,,0,False,No payment-progress review signal triggered by the current rules.
WS/MP18126/2025-2026/236254,ND-WRK-1001,Physical Inspection,170000.0,169530.0,1,0.997,,,0,False,No payment-progress review signal triggered by the current rules.
WS/MP18126/2025-2026/236255,ND-WRK-1002,Physical Inspection,170000.0,169530.0,1,0.997,,,0,False,No payment-progress review signal triggered by the current rules.
WS/MP18126/2025-2026/236256,ND-WRK-1003,Physical Inspection,170000.0,169530.0,1,0.997,,,0,False,No payment-progress review signal triggered by the current rules.
WS/MP18126/2025-2026/236257,ND-WRK-1004,Physical Inspection,170000.0,169530.0,1,0.997,,,0,False,No payment-progress review signal triggered by the current rules.
WS/MP18126/2025-2026/236258,ND-WRK-1005,Physical Inspection,170000.0,169530.0,1,0.997,,,0,False,No payment-progress review signal triggered by the current rules.
WS/MP18126/2025-2026/236296,ND-WRK-1038,Physical Inspection,170000.0,169530.0,1,0.997,,,0,False,No payment-progress review signal triggered by the current rules.
WS/MP18126/2025-2026/236297,ND-WRK-1039,Physical Inspection,170000.0,169530.0,1,0.997,,,0,False,No payment-progress review signal triggered by the current rules.
WS/MP18126/2025-2026/236298,ND-WRK-1040,Physical Inspection,170000.0,169530.0,1,0.997,,,0,False,No payment-progress review signal triggered by the current rules.
WS/MP18126/2025-2026/236299,ND-WRK-1041,Physical Inspection,170000.0,169530.0,1,0.997,,,0,False,No payment-progress review signal triggered by the current rules.
WS/MP18126/2025-2026/236300,ND-WRK-1042,Physical Inspection,170000.0,169530.0,1,0.997,,,0,False,No payment-progress review signal triggered by the current rules.
WS/MP18126/2025-2026/236301,ND-WRK-1043,Physical Inspection,170000.0,169530.0,1,0.997,,,0,False,No payment-progress review signal triggered by the current rules.
WS/MP18126/2025-2026/236302,ND-WRK-1044,Physical Inspection,170000.0,169530.0,1,0.997,,,0,False,No payment-progress review signal triggered by the current rules.
WS/MP18126/2025-2026/236303,ND-WRK-1045,Physical Inspection,170000.0,169530.0,1,0.997,,,0,False,No payment-progress review signal triggered by the current rules.
WS/MP18126/2025-2026/236267,ND-WRK-1014,Physical Inspection,170000.0,169530.0,1,0.997,,,0,False,No payment-progress review signal triggered by the current rules.
WS/MP18126/2025-2026/236268,ND-WRK-1015,Physical Inspection,170000.0,169530.0,1,0.997,,,0,False,No payment-progress review signal triggered by the current rules.
WS/MP18126/2025-2026/236269,ND-WRK-1016,Physical Inspection,170000.0,169530.0,1,0.997,,,0,False,No payment-progress review signal triggered by the current rules.
WS/MP18126/2025-2026/236270,ND-WRK-1017,Physical Inspection,170000.0,169530.0,1,0.997,,,0,False,No payment-progress review signal triggered by the current rules.
WS/MP18126/2025-2026/236271,ND-WRK-1018,Physical Inspection,170000.0,169530.0,1,0.997,,153.0,0,False,No payment-progress review signal triggered by the current rules.
WS/MP18126/2025-2026/236272,ND-WRK-1019,Physical Inspection,170000.0,169530.0,1,0.997,,,0,False,No payment-progress review signal triggered by the current rules.
WS/MP18126/2025-2026/236273,ND-WRK-1020,Physical Inspection,170000.0,169530.0,1,0.997,,,0,False,No payment-progress review signal triggered by the current rules.
WS/MP18126/2025-2026/236274,ND-WRK-1021,Physical Inspection,170000.0,169530.0,1,0.997,,,0,False,No payment-progress review signal triggered by the current rules.
WS/MP18126/2025-2026/236312,ND-WRK-1054,Physical Inspection,170000.0,169530.0,1,0.997,,,0,False,No payment-progress review signal triggered by the current rules.
WS/MP18126/2025-2026/236313,ND-WRK-1055,Physical Inspection,170000.0,169530.0,1,0.997,,,0,False,No payment-progress review signal triggered by the current rules.
WS/MP18126/2025-2026/236314,ND-WRK-1056,Physical Inspection,170000.0,169530.0,1,0.997,,,0,False,No payment-progress review signal triggered by the current rules.
WS/MP18126/2025-2026/236315,ND-WRK-1057,Physical Inspection,170000.0,169530.0,1,0.997,,,0,False,No payment-progress review signal triggered by the current rules.
WS/MP18126/2025-2026/236316,ND-WRK-1058,Physical Inspection,170000.0,169530.0,1,0.997,,,0,False,No payment-progress review signal triggered by the current rules.
WS/MP18126/2025-2026/236317,ND-WRK-1059,Physical Inspection,170000.0,169530.0,1,0.997,,,0,False,No payment-progress review signal triggered by the current rules.
WS/MP18126/2025-2026/236318,ND-WRK-1060,Physical Inspection,170000.0,169530.0,1,0.997,,,0,False,No payment-progress review signal triggered by the current rules.
WS/MP18126/2025-2026/236319,ND-WRK-1061,Physical Inspection,170000.0,169530.0,1,0.997,,,0,False,No payment-progress review signal triggered by the current rules.
WS/MP18126/2025-2026/236283,ND-WRK-1030,Physical Inspection,170000.0,169530.0,1,0.997,,,0,False,No payment-progress review signal triggered by the current rules.
WS/MP18126/2025-2026/236284,ND-WRK-1031,Physical Inspection,170000.0,169530.0,1,0.997,,,0,False,No payment-progress review signal triggered by the current rules.
WS/MP18126/2025-2026/236285,ND-WRK-1032,Physical Inspection,170000.0,169530.0,1,0.997,,153.0,0,False,No payment-progress review signal triggered by the current rules.
WS/MP18126/2025-2026/236286,ND-WRK-1033,Physical Inspection,170000.0,169530.0,1,0.997,,123.0,0,False,No payment-progress review signal triggered by the current rules.
WS/MP18126/2025-2026/236292,ND-WRK-1034,Physical Inspection,170000.0,169530.0,1,0.997,,,0,False,No payment-progress review signal triggered by the current rules.
WS/MP18126/2025-2026/236293,ND-WRK-1035,Physical Inspection,170000.0,169530.0,1,0.997,,,0,False,No payment-progress review signal triggered by the current rules.
WS/MP18126/2025-2026/236294,ND-WRK-1036,Physical Inspection,170000.0,169530.0,1,0.997,,,0,False,No payment-progress review signal triggered by the current rules.
WS/MP18126/2025-2026/236295,ND-WRK-1037,Physical Inspection,170000.0,169530.0,1,0.997,,,0,False,No payment-progress review signal triggered by the current rules.
WS/MP18126/2025-2026/236330,ND-WRK-1069,Physical Inspection,170000.0,169529.0,1,0.997,-56.0,,0,False,No payment-progress review signal triggered by the current rules.
WS/MP18126/2025-2026/236331,ND-WRK-1070,Physical Inspection,170000.0,169529.0,1,0.997,-56.0,,0,False,No payment-progress review signal triggered by the current rules.
WS/MP18126/2025-2026/236332,ND-WRK-1071,Physical Inspection,170000.0,169529.0,1,0.997,-56.0,,0,False,No payment-progress review signal triggered by the current rules.
WS/MP18126/2025-2026/256590,ND-WRK-1072,Physical Inspection,170000.0,169529.0,1,0.997,-56.0,,0,False,No payment-progress review signal triggered by the current rules.
WS/MP18126/2025-2026/256631,ND-WRK-1074,Physical Inspection,170000.0,169529.0,1,0.997,-56.0,,0,False,No payment-progress review signal triggered by the current rules.
WS/MP18126/2025-2026/256632,ND-WRK-1075,Physical Inspection,170000.0,169529.0,1,0.997,-56.0,,0,False,No payment-progress review signal triggered by the current rules.
WS/MP18126/2025-2026/256633,ND-WRK-1076,Physical Inspection,170000.0,169529.0,1,0.997,-56.0,,0,False,No payment-progress review signal triggered by the current rules.
WS/MP18126/2025-2026/256634,ND-WRK-1077,Physical Inspection,170000.0,169529.0,1,0.997,-56.0,,0,False,No payment-progress review signal triggered by the current rules.
WS/MP18126/2025-2026/236304,ND-WRK-1046,Physical Inspection,170000.0,169530.0,1,0.997,,,0,False,No payment-progress review signal triggered by the current rules.
WS/MP18126/2025-2026/236305,ND-WRK-1047,Physical Inspection,170000.0,169530.0,1,0.997,,,0,False,No payment-progress review signal triggered by the current rules.
WS/MP18126/2025-2026/236306,ND-WRK-1048,Physical Inspection,170000.0,169530.0,1,0.997,,123.0,0,False,No payment-progress review signal triggered by the current rules.
WS/MP18126/2025-2026/236307,ND-WRK-1049,Physical Inspection,170000.0,169530.0,1,0.997,,,0,False,No payment-progress review signal triggered by the current rules.
WS/MP18126/2025-2026/236308,ND-WRK-1050,Physical Inspection,170000.0,169530.0,1,0.997,,,0,False,No payment-progress review signal triggered by the current rules.
WS/MP18126/2025-2026/236309,ND-WRK-1051,Physical Inspection,170000.0,169530.0,1,0.997,,,0,False,No payment-progress review signal triggered by the current rules.
WS/MP18126/2025-2026/236310,ND-WRK-1052,Physical Inspection,170000.0,169530.0,1,0.997,,,0,False,No payment-progress review signal triggered by the current rules.
WS/MP18126/2025-2026/236311,ND-WRK-1053,Physical Inspection,170000.0,169530.0,1,0.997,,,0,False,No payment-progress review signal triggered by the current rules.
WS/MP18126/2025-2026/256642,ND-WRK-1085,Physical Inspection,170000.0,169529.0,1,0.997,-56.0,,0,False,No payment-progress review signal triggered by the current rules.
WS/MP18126/2025-2026/256643,ND-WRK-1086,Physical Inspection,170000.0,169529.0,1,0.997,-56.0,,0,False,No payment-progress review signal triggered by the current rules.
WS/MP18126/2025-2026/256644,ND-WRK-1087,Physical Inspection,170000.0,169529.0,1,0.997,-56.0,,0,False,No payment-progress review signal triggered by the current rules.
WS/MP18126/2025-2026/256645,ND-WRK-1088,Physical Inspection,170000.0,169529.0,1,0.997,-56.0,,0,False,No payment-progress review signal triggered by the current rules.
WS/MP18126/2025-2026/256646,ND-WRK-1089,Physical Inspection,170000.0,169529.0,1,0.997,-56.0,,0,False,No payment-progress review signal triggered by the current rules.
WS/MP18126/2025-2026/256647,ND-WRK-1090,Physical Inspection,170000.0,169529.0,1,0.997,-56.0,,0,False,No payment-progress review signal triggered by the current rules.
WS/MP18126/2025-2026/256648,ND-WRK-1091,Physical Inspection,170000.0,169529.0,1,0.997,-56.0,,0,False,No payment-progress review signal triggered by the current rules.
WS/MP18126/2025-2026/256649,ND-WRK-1092,Physical Inspection,170000.0,169529.0,1,0.997,-56.0,,0,False,No payment-progress review signal triggered by the current rules.
WS/MP18126/2025-2026/256650,ND-WRK-1093,Physical Inspection,170000.0,169529.0,1,0.997,-56.0,,0,False,No payment-progress review signal triggered by the current rules.
WS/MP18126/2025-2026/236320,ND-WRK-1062,Physical Inspection,170000.0,169530.0,1,0.997,,,0,False,No payment-progress review signal triggered by the current rules.
WS/MP18126/2025-2026/236321,ND-WRK-1063,Physical Inspection,170000.0,169530.0,1,0.997,,,0,False,No payment-progress review signal triggered by the current rules.
WS/MP18126/2025-2026/236325,ND-WRK-1064,Physical Inspection,170000.0,169530.0,1,0.997,,,0,False,No payment-progress review signal triggered by the current rules.
WS/MP18126/2025-2026/236326,ND-WRK-1065,Physical Inspection,170000.0,169529.0,1,0.997,-56.0,,0,False,No payment-progress review signal triggered by the current rules.
WS/MP18126/2025-2026/236327,ND-WRK-1066,Physical Inspection,170000.0,169529.0,1,0.997,-56.0,,0,False,No payment-progress review signal triggered by the current rules.
WS/MP18126/2025-2026/236328,ND-WRK-1067,Physical Inspection,170000.0,169529.0,1,0.997,-56.0,,0,False,No payment-progress review signal triggered by the current rules.
WS/MP18126/2025-2026/236329,ND-WRK-1068,Physical Inspection,170000.0,169529.0,1,0.997,-56.0,,0,False,No payment-progress review signal triggered by the current rules.
WS/MP18126/2025-2026/266930,ND-WRK-1101,Physical Inspection,170000.0,169530.0,1,0.997,,,0,False,No payment-progress review signal triggered by the current rules.
WS/MP18126/2025-2026/266931,ND-WRK-1102,Physical Inspection,170000.0,169530.0,1,0.997,,,0,False,No payment-progress review signal triggered by the current rules.
WS/MP18126/2025-2026/266932,ND-WRK-1103,Physical Inspection,170000.0,169530.0,1,0.997,,,0,False,No payment-progress review signal triggered by the current rules.
WS/MP18126/2025-2026/266933,ND-WRK-1104,Physical Inspection,170000.0,169530.0,1,0.997,,,0,False,No payment-progress review signal triggered by the current rules.
WS/MP18126/2025-2026/266934,ND-WRK-1105,Physical Inspection,170000.0,169530.0,1,0.997,,,0,False,No payment-progress review signal triggered by the current rules.
WS/MP18126/2025-2026/266935,ND-WRK-1106,Physical Inspection,169530.0,169530.0,1,1.0,,,0,False,No payment-progress review signal triggered by the current rules.
WS/MP18126/2025-2026/266936,ND-WRK-1107,Physical Inspection,170000.0,169530.0,1,0.997,,,0,False,No payment-progress review signal triggered by the current rules.
WS/MP18126/2025-2026/266937,ND-WRK-1108,Physical Inspection,170000.0,169530.0,1,0.997,,,0,False,No payment-progress review signal triggered by the current rules.
WS/MP18126/2025-2026/266938,ND-WRK-1109,Physical Inspection,170000.0,169530.0,1,0.997,,,0,False,No payment-progress review signal triggered by the current rules.
WS/MP18126/2025-2026/256635,ND-WRK-1078,Physical Inspection,170000.0,169529.0,1,0.997,-56.0,,0,False,No payment-progress review signal triggered by the current rules.
WS/MP18126/2025-2026/256636,ND-WRK-1079,Physical Inspection,170000.0,169529.0,1,0.997,-56.0,,0,False,No payment-progress review signal triggered by the current rules.
WS/MP18126/2025-2026/256637,ND-WRK-1080,Physical Inspection,170000.0,169529.0,1,0.997,-56.0,,0,False,No payment-progress review signal triggered by the current rules.
WS/MP18126/2025-2026/256638,ND-WRK-1081,Physical Inspection,170000.0,169529.0,1,0.997,-56.0,,0,False,No payment-progress review signal triggered by the current rules.
WS/MP18126/2025-2026/256639,ND-WRK-1082,Physical Inspection,170000.0,169529.0,1,0.997,-56.0,,0,False,No payment-progress review signal triggered by the current rules.
WS/MP18126/2025-2026/256640,ND-WRK-1083,Physical Inspection,170000.0,169529.0,1,0.997,-56.0,,0,False,No payment-progress review signal triggered by the current rules.
WS/MP18126/2025-2026/256641,ND-WRK-1084,Physical Inspection,170000.0,169529.0,1,0.997,-56.0,,0,False,No payment-progress review signal triggered by the current rules.
WS/MP18126/2026-2027/256589,ND-WRK-1117,Physical Inspection,170000.0,169529.0,1,0.997,,,0,False,No payment-progress review signal triggered by the current rules.
WS/MP18126/2026-2027/256591,ND-WRK-1118,Physical Inspection,170000.0,169529.0,1,0.997,,,0,False,No payment-progress review signal triggered by the current rules.
WS/MP18126/2026-2027/266900,ND-WRK-1119,Sanction,750000.0,0.0,0,0.0,185.0,,0,False,No payment-progress review signal triggered by the current rules.
WS/MP18126/2026-2027/266901,ND-WRK-1120,Sanction,750000.0,0.0,0,0.0,,,0,False,No payment-progress review signal triggered by the current rules.
WS/MP18126/2026-2027/266902,ND-WRK-1121,Sanction,750000.0,0.0,0,0.0,,,0,False,No payment-progress review signal triggered by the current rules.
WS/MP18126/2026-2027/266903,ND-WRK-1122,Sanction,750000.0,0.0,0,0.0,,,0,False,No payment-progress review signal triggered by the current rules.
WS/MP18126/2026-2027/266904,ND-WRK-1123,Sanction,750000.0,0.0,0,0.0,,,0,False,No payment-progress review signal triggered by the current rules.
WS/MP18126/2026-2027/266905,ND-WRK-1124,Sanction,750000.0,0.0,0,0.0,,,0,False,No payment-progress review signal triggered by the current rules.
WS/MP18126/2026-2027/266906,ND-WRK-1125,Sanction,750000.0,0.0,0,0.0,185.0,,0,False,No payment-progress review signal triggered by the current rules.
WS/MP18126/2025-2026/256651,ND-WRK-1094,Physical Inspection,170000.0,169529.0,1,0.997,-56.0,,0,False,No payment-progress review signal triggered by the current rules.
WS/MP18126/2025-2026/256652,ND-WRK-1095,Physical Inspection,170000.0,169529.0,1,0.997,-56.0,,0,False,No payment-progress review signal triggered by the current rules.
WS/MP18126/2025-2026/256653,ND-WRK-1096,Physical Inspection,170000.0,169529.0,1,0.997,-25.0,,0,False,No payment-progress review signal triggered by the current rules.
WS/MP18126/2025-2026/256654,ND-WRK-1097,Physical Inspection,170000.0,169529.0,1,0.997,-56.0,,0,False,No payment-progress review signal triggered by the current rules.
WS/MP18126/2025-2026/256655,ND-WRK-1098,Physical Inspection,170000.0,169529.0,1,0.997,-56.0,,0,False,No payment-progress review signal triggered by the current rules.
WS/MP18126/2025-2026/256656,ND-WRK-1099,Physical Inspection,170000.0,169529.0,1,0.997,-56.0,,0,False,No payment-progress review signal triggered by the current rules.
WS/MP18126/2025-2026/266929,ND-WRK-1100,Physical Inspection,170000.0,169530.0,1,0.997,,,0,False,No payment-progress review signal triggered by the current rules.
WS/MP18126/2026-2027/266914,ND-WRK-1133,Sanction,750000.0,0.0,0,0.0,,,0,False,No payment-progress review signal triggered by the current rules.
WS/MP18126/2026-2027/266926,ND-WRK-1134,Sanction,750000.0,0.0,0,0.0,185.0,,0,False,No payment-progress review signal triggered by the current rules.
WS/MP18126/2026-2027/266927,ND-WRK-1135,Sanction,750000.0,0.0,0,0.0,185.0,,0,False,No payment-progress review signal triggered by the current rules.
WS/MP18126/2026-2027/267180,ND-WRK-1136,Sanction,750000.0,0.0,0,0.0,,,0,False,No payment-progress review signal triggered by the current rules.
WS/MP18126/2026-2027/267181,ND-WRK-1137,Sanction,750000.0,0.0,0,0.0,,,0,False,No payment-progress review signal triggered by the current rules.
WS/MP18126/2026-2027/267182,ND-WRK-1138,Sanction,750000.0,0.0,0,0.0,,,0,False,No payment-progress review signal triggered by the current rules.
WS/MP18126/2026-2027/267183,ND-WRK-1139,Sanction,750000.0,0.0,0,0.0,,,0,False,No payment-progress review signal triggered by the current rules.
WS/MP18126/2026-2027/267184,ND-WRK-1140,Sanction,750000.0,0.0,0,0.0,,,0,False,No payment-progress review signal triggered by the current rules.
WS/MP18126/2026-2027/267185,ND-WRK-1141,Sanction,750000.0,0.0,0,0.0,,,0,False,No payment-progress review signal triggered by the current rules.
WS/MP18126/2025-2026/270175,ND-WRK-1110,Sanction,1000000.0,0.0,0,0.0,,,0,False,No payment-progress review signal triggered by the current rules.
WS/MP18126/2026-2027/233122,ND-WRK-1111,Sanction,1000000.0,0.0,0,0.0,185.0,,0,False,No payment-progress review signal triggered by the current rules.
WS/MP18126/2026-2027/236090,ND-WRK-1112,Sanction,500000.0,0.0,0,0.0,185.0,,0,False,No payment-progress review signal triggered by the current rules.
WS/MP18126/2026-2027/236147,ND-WRK-1113,Physical Inspection,170000.0,169529.0,1,0.997,,,0,False,No payment-progress review signal triggered by the current rules.
WS/MP18126/2026-2027/239354,ND-WRK-1114,Sanction,200000.0,0.0,0,0.0,4.0,,0,False,No payment-progress review signal triggered by the current rules.
WS/MP18126/2026-2027/239355,ND-WRK-1115,Vendor Identification,200000.0,0.0,0,0.0,4.0,,0,False,No payment-progress review signal triggered by the current rules.
WS/MP18126/2026-2027/256579,ND-WRK-1116,Sanction,1499000.0,0.0,0,0.0,185.0,,0,False,No payment-progress review signal triggered by the current rules.
WS/MP18126/2026-2027/267193,ND-WRK-1149,Sanction,750000.0,0.0,0,0.0,,,0,False,No payment-progress review signal triggered by the current rules.
WS/MP18126/2026-2027/267194,ND-WRK-1150,Sanction,750000.0,0.0,0,0.0,,,0,False,No payment-progress review signal triggered by the current rules.
WS/MP18126/2026-2027/267195,ND-WRK-1151,Sanction,750000.0,0.0,0,0.0,,,0,False,No payment-progress review signal triggered by the current rules.
WS/MP18126/2026-2027/267196,ND-WRK-1152,Sanction,750000.0,0.0,0,0.0,,,0,False,No payment-progress review signal triggered by the current rules.
WS/MP18126/2026-2027/267197,ND-WRK-1153,Sanction,750000.0,0.0,0,0.0,,,0,False,No payment-progress review signal triggered by the current rules.
WS/MP18126/2026-2027/267198,ND-WRK-1154,Sanction,750000.0,0.0,0,0.0,,,0,False,No payment-progress review signal triggered by the current rules.
WS/MP18126/2026-2027/267199,ND-WRK-1155,Sanction,750000.0,0.0,0,0.0,,,0,False,No payment-progress review signal triggered by the current rules.
WS/MP18126/2026-2027/270174,ND-WRK-1156,Sanction,750000.0,0.0,0,0.0,,,0,False,No payment-progress review signal triggered by the current rules.
WS/MP18127/2025-2026/188368,ND-WRK-1157,Sanction,999000.0,0.0,0,0.0,219.0,,0,False,No payment-progress review signal triggered by the current rules.
WS/MP18126/2026-2027/266907,ND-WRK-1126,Sanction,750000.0,0.0,0,0.0,,,0,False,No payment-progress review signal triggered by the current rules.
WS/MP18126/2026-2027/266908,ND-WRK-1127,Sanction,750000.0,0.0,0,0.0,,,0,False,No payment-progress review signal triggered by the current rules.
WS/MP18126/2026-2027/266909,ND-WRK-1128,Sanction,750000.0,0.0,0,0.0,,,0,False,No payment-progress review signal triggered by the current rules.
WS/MP18126/2026-2027/266910,ND-WRK-1129,Sanction,750000.0,0.0,0,0.0,185.0,,0,False,No payment-progress review signal triggered by the current rules.
WS/MP18126/2026-2027/266911,ND-WRK-1130,Sanction,750000.0,0.0,0,0.0,,,0,False,No payment-progress review signal triggered by the current rules.
WS/MP18126/2026-2027/266912,ND-WRK-1131,Sanction,750000.0,0.0,0,0.0,,,0,False,No payment-progress review signal triggered by the current rules.
WS/MP18126/2026-2027/266913,ND-WRK-1132,Sanction,750000.0,0.0,0,0.0,,,0,False,No payment-progress review signal triggered by the current rules.
WS/MP18126/2026-2027/267188,ND-WRK-1144,Sanction,750000.0,0.0,0,0.0,,,0,False,No payment-progress review signal triggered by the current rules.
WS/MP18126/2026-2027/267189,ND-WRK-1145,Sanction,750000.0,0.0,0,0.0,,,0,False,No payment-progress review signal triggered by the current rules.
WS/MP18126/2026-2027/267190,ND-WRK-1146,Sanction,750000.0,0.0,0,0.0,,,0,False,No payment-progress review signal triggered by the current rules.
WS/MP18113/2025-2026/226247,ND-WRK-0315,Physical Inspection,1500000.0,1486882.0,1,0.991,,96.0,0,False,No payment-progress review signal triggered by the current rules.
WS/MP18113/2025-2026/226274,ND-WRK-0316,Physical Inspection,1000000.0,999000.0,1,0.999,,,0,False,No payment-progress review signal triggered by the current rules.
WS/MP18113/2025-2026/226276,ND-WRK-0317,Physical Inspection,993562.0,993562.0,1,1.0,,,0,False,No payment-progress review signal triggered by the current rules.
WS/MP18113/2026-2027/193160,ND-WRK-0319,Physical Inspection,1000000.0,993937.0,1,0.994,122.0,61.0,0,False,No payment-progress review signal triggered by the current rules.
WS/MP18113/2026-2027/193162,ND-WRK-0320,Physical Inspection,1000000.0,986643.0,1,0.987,,,0,False,No payment-progress review signal triggered by the current rules.
WS/MP18113/2026-2027/202128,ND-WRK-0322,Physical Inspection,1000000.0,924462.0,1,0.924,,,0,False,No payment-progress review signal triggered by the current rules.
WS/MP18113/2026-2027/202193,ND-WRK-0323,Physical Inspection,1000000.0,964272.0,1,0.964,,,0,False,No payment-progress review signal triggered by the current rules.
WS/MP18113/2026-2027/226249,ND-WRK-0324,Physical Inspection,1000000.0,983943.0,1,0.984,122.0,61.0,0,False,No payment-progress review signal triggered by the current rules.
WS/MP18113/2026-2027/226266,ND-WRK-0325,Physical Inspection,1000000.0,987871.0,1,0.988,,,0,False,No payment-progress review signal triggered by the current rules.
WS/MP18113/2025-2026/176734,ND-WRK-0295,Physical Inspection,1999000.0,1999000.0,1,1.0,,,0,False,No payment-progress review signal triggered by the current rules.
WS/MP18113/2025-2026/185620,ND-WRK-0297,Physical Inspection,1472317.0,1472317.0,1,1.0,,128.0,0,False,No payment-progress review signal triggered by the current rules.
WS/MP18126/2026-2027/267191,ND-WRK-1147,Sanction,750000.0,0.0,0,0.0,185.0,,0,False,No payment-progress review signal triggered by the current rules.
WS/MP18126/2026-2027/267192,ND-WRK-1148,Sanction,750000.0,0.0,0,0.0,,,0,False,No payment-progress review signal triggered by the current rules.
WS/MP18127/2025-2026/188407,ND-WRK-1186,Physical Inspection,500000.0,500000.0,1,1.0,,,0,False,No payment-progress review signal triggered by the current rules.
WS/MP18127/2025-2026/253701,ND-WRK-1187,Sanction,990000.0,0.0,0,0.0,-55.0,,0,False,No payment-progress review signal triggered by the current rules.
WS/MP18127/2025-2026/188369,ND-WRK-1158,Work Completed,989500.0,989500.0,1,1.0,519.0,484.0,0,False,No payment-progress review signal triggered by the current rules.
WS/MP18127/2025-2026/188370,ND-WRK-1159,Sanction,990000.0,0.0,0,0.0,219.0,,0,False,No payment-progress review signal triggered by the current rules.
WS/MP18127/2025-2026/188371,ND-WRK-1160,Work partially Completed,989000.0,989000.0,1,1.0,519.0,,0,False,No payment-progress review signal triggered by the current rules.
WS/MP18127/2025-2026/188372,ND-WRK-1161,Work Completed,745000.0,745000.0,1,1.0,,67.0,0,False,No payment-progress review signal triggered by the current rules.
WS/MP18127/2025-2026/188373,ND-WRK-1162,Work Completed,988000.0,988000.0,1,1.0,,,0,False,No payment-progress review signal triggered by the current rules.
WS/MP18127/2025-2026/188377,ND-WRK-1166,Work Completed,990000.0,990000.0,1,1.0,573.0,514.0,0,False,No payment-progress review signal triggered by the current rules.
WS/MP18127/2025-2026/188378,ND-WRK-1167,Physical Inspection,692500.0,692500.0,1,1.0,,,0,False,No payment-progress review signal triggered by the current rules.
WS/MP18127/2025-2026/188379,ND-WRK-1168,Sanction,499000.0,0.0,0,0.0,,,0,False,No payment-progress review signal triggered by the current rules.
WS/MP18127/2025-2026/188381,ND-WRK-1170,Sanction,1497000.0,0.0,0,0.0,,,0,False,No payment-progress review signal triggered by the current rules.
WS/MP18127/2025-2026/188382,ND-WRK-1171,Physical Inspection,799000.0,799000.0,1,1.0,519.0,,0,False,No payment-progress review signal triggered by the current rules.
WS/MP18127/2025-2026/188385,ND-WRK-1172,Physical Inspection,988000.0,988000.0,1,1.0,,,0,False,No payment-progress review signal triggered by the current rules.
WS/MP18127/2025-2026/188386,ND-WRK-1173,Sanction,499000.0,0.0,0,0.0,,,0,False,No payment-progress review signal triggered by the current rules.
WS/MP18126/2026-2027/267186,ND-WRK-1142,Sanction,750000.0,0.0,0,0.0,,,0,False,No payment-progress review signal triggered by the current rules.
WS/MP18126/2026-2027/267187,ND-WRK-1143,Sanction,750000.0,0.0,0,0.0,,,0,False,No payment-progress review signal triggered by the current rules.
WS/MP18127/2026-2027/188391,ND-WRK-1199,Work Completed,1443000.0,1426075.0,1,0.988,,,0,False,No payment-progress review signal triggered by the current rules.
WS/MP18127/2026-2027/188392,ND-WRK-1200,Work Completed,2800000.0,2788673.0,1,0.996,,-58.0,0,False,No payment-progress review signal triggered by the current rules.
WS/MP18127/2026-2027/188406,ND-WRK-1201,Work partially Completed,999000.0,995650.0,1,0.997,,93.0,0,False,No payment-progress review signal triggered by the current rules.
WS/MP18127/2026-2027/253683,ND-WRK-1202,Sanction,990000.0,0.0,0,0.0,,,0,False,No payment-progress review signal triggered by the current rules.
WS/MP18127/2026-2027/253684,ND-WRK-1203,Sanction,800000.0,0.0,0,0.0,,,0,False,No payment-progress review signal triggered by the current rules.
WS/MP18127/2026-2027/253685,ND-WRK-1204,Work partially Completed,500000.0,499900.0,1,1.0,,63.0,0,False,No payment-progress review signal triggered by the current rules.
WS/MP18127/2026-2027/253686,ND-WRK-1205,Work partially Completed,500000.0,499900.0,1,1.0,,63.0,0,False,No payment-progress review signal triggered by the current rules.
WS/MP18127/2025-2026/188387,ND-WRK-1174,Sanction,988000.0,0.0,0,0.0,,,0,False,No payment-progress review signal triggered by the current rules.
WS/MP18127/2025-2026/188388,ND-WRK-1175,Work partially Completed,988000.0,988000.0,1,1.0,,,0,False,No payment-progress review signal triggered by the current rules.
WS/MP18127/2025-2026/188393,ND-WRK-1178,Physical Inspection,991830.0,991830.0,1,1.0,,,0,False,No payment-progress review signal triggered by the current rules.
WS/MP18127/2025-2026/188398,ND-WRK-1180,Work Completed,988000.0,986993.0,1,0.999,,,0,False,No payment-progress review signal triggered by the current rules.
WS/MP18127/2025-2026/188399,ND-WRK-1181,Work Completed,979000.0,979000.0,1,1.0,519.0,-57.0,0,False,No payment-progress review signal triggered by the current rules.
WS/MP18127/2025-2026/188400,ND-WRK-1182,Physical Inspection,751178.0,751178.0,1,1.0,219.0,,0,False,No payment-progress review signal triggered by the current rules.
WS/MP18127/2025-2026/188401,ND-WRK-1183,Physical Inspection,748000.0,748000.0,1,1.0,,,0,False,No payment-progress review signal triggered by the current rules.
WS/MP18127/2025-2026/188404,ND-WRK-1184,Sanction,990000.0,0.0,0,0.0,219.0,,0,False,No payment-progress review signal triggered by the current rules.
WS/MP18127/2025-2026/188405,ND-WRK-1185,Physical Inspection,985764.0,985764.0,1,1.0,519.0,,0,False,No payment-progress review signal triggered by the current rules.
WS/MP18127/2026-2027/253698,ND-WRK-1212,Work Completed,990000.0,989500.0,1,0.999,35.0,4.0,0,False,No payment-progress review signal triggered by the current rules.
WS/MP18127/2026-2027/253700,ND-WRK-1213,Work partially Completed,1490000.0,1489900.0,1,1.0,,,0,False,No payment-progress review signal triggered by the current rules.
WS/MP18127/2026-2027/253708,ND-WRK-1215,Work partially Completed,990000.0,989000.0,1,0.999,,92.0,0,False,No payment-progress review signal triggered by the current rules.
WS/MP18127/2026-2027/274220,ND-WRK-1216,Sanction,1500000.0,0.0,0,0.0,,,0,False,No payment-progress review signal triggered by the current rules.
WS/MP18127/2026-2027/274221,ND-WRK-1217,Sanction,700000.0,0.0,0,0.0,,,0,False,No payment-progress review signal triggered by the current rules.
WS/MP18127/2026-2027/274222,ND-WRK-1218,Sanction,700000.0,0.0,0,0.0,,,0,False,No payment-progress review signal triggered by the current rules.
WS/MP18127/2026-2027/274223,ND-WRK-1219,Sanction,700000.0,0.0,0,0.0,,,0,False,No payment-progress review signal triggered by the current rules.
WS/MP18127/2026-2027/274224,ND-WRK-1220,Sanction,700000.0,0.0,0,0.0,,,0,False,No payment-progress review signal triggered by the current rules.
WS/MP18127/2026-2027/274225,ND-WRK-1221,Work partially Completed,990000.0,989844.0,1,1.0,,154.0,0,False,No payment-progress review signal triggered by the current rules.
WS/MP18127/2025-2026/253707,ND-WRK-1191,Work partially Completed,950000.0,948000.0,1,0.998,-55.0,,0,False,No payment-progress review signal triggered by the current rules.
WS/MP18127/2025-2026/253709,ND-WRK-1192,Work partially Completed,990000.0,987742.0,1,0.998,-55.0,,0,False,No payment-progress review signal triggered by the current rules.
WS/MP18127/2025-2026/253710,ND-WRK-1193,Work partially Completed,990000.0,988000.0,1,0.998,-55.0,,0,False,No payment-progress review signal triggered by the current rules.
WS/MP18127/2025-2026/253712,ND-WRK-1195,Work partially Completed,900000.0,898000.0,1,0.998,6.0,93.0,0,False,No payment-progress review signal triggered by the current rules.
WS/MP18127/2025-2026/253713,ND-WRK-1196,Sanction,800000.0,0.0,0,0.0,6.0,,0,False,No payment-progress review signal triggered by the current rules.
WS/MP18127/2025-2026/253714,ND-WRK-1197,Sanction,990000.0,0.0,0,0.0,6.0,,0,False,No payment-progress review signal triggered by the current rules.
WS/MP18127/2025-2026/253715,ND-WRK-1198,Sanction,950000.0,0.0,0,0.0,-55.0,,0,False,No payment-progress review signal triggered by the current rules.
WS/MP18127/2026-2027/253690,ND-WRK-1209,Work partially Completed,500000.0,499900.0,1,1.0,,63.0,0,False,No payment-progress review signal triggered by the current rules.
WS/MP18127/2026-2027/253691,ND-WRK-1210,Work partially Completed,500000.0,499900.0,1,1.0,,63.0,0,False,No payment-progress review signal triggered by the current rules.
WS/MP18113/2025-2026/185623,ND-WRK-0299,Physical Inspection,1500000.0,1500000.0,1,1.0,,,0,False,No payment-progress review signal triggered by the current rules.
WS/MP18113/2025-2026/192629,ND-WRK-0300,Physical Inspection,2000000.0,1972562.0,1,0.986,,,0,False,No payment-progress review signal triggered by the current rules.
WS/MP18113/2025-2026/192630,ND-WRK-0301,Work Completed,2000000.0,1968229.0,1,0.984,,,0,False,No payment-progress review signal triggered by the current rules.
WS/MP18113/2025-2026/193125,ND-WRK-0303,Physical Inspection,1000000.0,994421.0,1,0.994,190.0,,0,False,No payment-progress review signal triggered by the current rules.
WS/MP18113/2025-2026/193577,ND-WRK-0305,Physical Inspection,2000000.0,2000000.0,1,1.0,,,0,False,No payment-progress review signal triggered by the current rules.
WS/MP18113/2025-2026/193579,ND-WRK-0306,Physical Inspection,1997882.0,1997882.0,2,1.0,,,0,False,No payment-progress review signal triggered by the current rules.
WS/MP18113/2025-2026/194151,ND-WRK-0307,Physical Inspection,2000000.0,1989626.0,1,0.995,190.0,,0,False,No payment-progress review signal triggered by the current rules.
WS/MP18113/2025-2026/197037,ND-WRK-0308,Physical Inspection,998112.0,998112.0,1,1.0,,,0,False,No payment-progress review signal triggered by the current rules.
WS/MP18112/2025-2026/259060,ND-WRK-0278,Work partially Completed,499000.0,498287.0,1,0.999,98.0,,0,False,No payment-progress review signal triggered by the current rules.
WS/MP18112/2025-2026/263214,ND-WRK-0279,Sanction,500000.0,0.0,0,0.0,-86.0,,0,False,No payment-progress review signal triggered by the current rules.
WS/MP18112/2026-2027/164647,ND-WRK-0280,Sanction,500000.0,0.0,0,0.0,32.0,,0,False,No payment-progress review signal triggered by the current rules.
WS/MP18112/2026-2027/164649,ND-WRK-0281,Work partially Completed,500000.0,497585.0,1,0.995,32.0,,0,False,No payment-progress review signal triggered by the current rules.
WS/MP18112/2026-2027/164651,ND-WRK-0282,Work partially Completed,500000.0,499999.0,1,1.0,32.0,,0,False,No payment-progress review signal triggered by the current rules.
WS/MP18127/2026-2027/253692,ND-WRK-1211,Sanction,3000000.0,0.0,0,0.0,61.0,,0,False,No payment-progress review signal triggered by the current rules.
WS/MP18127/2026-2027/274226,ND-WRK-1222,Work partially Completed,990000.0,986000.0,1,0.996,,,0,False,No payment-progress review signal triggered by the current rules.
WS/MP18127/2026-2027/274227,ND-WRK-1223,Sanction,900000.0,0.0,0,0.0,,,0,False,No payment-progress review signal triggered by the current rules.
WS/MP18127/2026-2027/274228,ND-WRK-1224,Work partially Completed,999000.0,999000.0,1,1.0,,,0,False,No payment-progress review signal triggered by the current rules.
WS/MP18127/2026-2027/274229,ND-WRK-1225,Work partially Completed,700000.0,699852.0,1,1.0,,,0,False,No payment-progress review signal triggered by the current rules.
WS/MP18127/2026-2027/274231,ND-WRK-1226,Work partially Completed,950000.0,949600.0,1,1.0,,,0,False,No payment-progress review signal triggered by the current rules.
WS/MP18127/2026-2027/274232,ND-WRK-1227,Physical Inspection,950000.0,949900.0,1,1.0,,,0,False,No payment-progress review signal triggered by the current rules.
WS/MP18127/2026-2027/274235,ND-WRK-1230,Vendor Identification,799000.0,0.0,0,0.0,,,0,False,No payment-progress review signal triggered by the current rules.
WS/MP18127/2026-2027/274236,ND-WRK-1231,Vendor Identification,500000.0,0.0,0,0.0,,,0,False,No payment-progress review signal triggered by the current rules.
WS/MP18127/2026-2027/274237,ND-WRK-1232,Vendor Identification,990000.0,0.0,0,0.0,,,0,False,No payment-progress review signal triggered by the current rules.
WS/MP18127/2026-2027/274239,ND-WRK-1233,Sanction,990000.0,0.0,0,0.0,,,0,False,No payment-progress review signal triggered by the current rules.
WS/MP18127/2026-2027/274240,ND-WRK-1234,Sanction,990000.0,0.0,0,0.0,,,0,False,No payment-progress review signal triggered by the current rules.
WS/MP18127/2026-2027/277131,ND-WRK-1235,Vendor Identification,700000.0,0.0,0,0.0,183.0,,0,False,No payment-progress review signal triggered by the current rules.
WS/MP18127/2026-2027/277138,ND-WRK-1236,Sanction,990000.0,0.0,0,0.0,,,0,False,No payment-progress review signal triggered by the current rules.
WS/MP18127/2026-2027/253687,ND-WRK-1206,Work partially Completed,500000.0,499650.0,1,0.999,,63.0,0,False,No payment-progress review signal triggered by the current rules.
WS/MP18127/2026-2027/253688,ND-WRK-1207,Work partially Completed,990000.0,988889.0,1,0.999,,63.0,0,False,No payment-progress review signal triggered by the current rules.
WS/MP18127/2026-2027/253689,ND-WRK-1208,Work partially Completed,500000.0,499900.0,1,1.0,,63.0,0,False,No payment-progress review signal triggered by the current rules.
WS/MP18128/2026-2027/214175,ND-WRK-1238,Physical Inspection,1000000.0,988204.0,1,0.988,92.0,,0,False,No payment-progress review signal triggered by the current rules.
WS/MP18128/2026-2027/217789,ND-WRK-1239,Physical Inspection,1000000.0,994243.0,1,0.994,,,0,False,No payment-progress review signal triggered by the current rules.
WS/MP18128/2026-2027/217790,ND-WRK-1240,Physical Inspection,1000000.0,992376.0,1,0.992,61.0,61.0,0,False,No payment-progress review signal triggered by the current rules.
WS/MP18128/2026-2027/217799,ND-WRK-1241,Work Completed,1000000.0,991449.0,1,0.991,216.0,4.0,0,False,No payment-progress review signal triggered by the current rules.
WS/MP18112/2026-2027/233579,ND-WRK-0283,Sanction,998000.0,0.0,0,0.0,,,0,False,No payment-progress review signal triggered by the current rules.
WS/MP18112/2026-2027/233582,ND-WRK-0284,Sanction,799000.0,0.0,0,0.0,,,0,False,No payment-progress review signal triggered by the current rules.
WS/MP18112/2026-2027/243762,ND-WRK-0285,Sanction,1000000.0,0.0,0,0.0,30.0,,0,False,No payment-progress review signal triggered by the current rules.
WS/MP18112/2026-2027/250002,ND-WRK-0286,Sanction,1000000.0,0.0,0,0.0,30.0,,0,False,No payment-progress review signal triggered by the current rules.
WS/MP18112/2026-2027/260381,ND-WRK-0289,Sanction,1000000.0,0.0,0,0.0,,,0,False,No payment-progress review signal triggered by the current rules.
WS/MP18112/2026-2027/276364,ND-WRK-0290,Sanction,1000000.0,0.0,0,0.0,,,0,False,No payment-progress review signal triggered by the current rules.
WS/MP18113/2025-2026/166722,ND-WRK-0293,Physical Inspection,2482574.0,2482574.0,1,1.0,99.0,69.0,0,False,No payment-progress review signal triggered by the current rules.
WS/MP18112/2025-2026/236488,ND-WRK-0262,Work Completed,331000.0,330990.0,1,1.0,98.0,67.0,0,False,No payment-progress review signal triggered by the current rules.
WS/MP18112/2025-2026/236489,ND-WRK-0263,Work Completed,331000.0,330990.0,1,1.0,98.0,67.0,0,False,No payment-progress review signal triggered by the current rules.
WS/MP18112/2025-2026/243544,ND-WRK-0264,Work Completed,1000000.0,998755.0,2,0.999,,,0,False,No payment-progress review signal triggered by the current rules.
WS/MP18112/2025-2026/243759,ND-WRK-0265,Sanction,1000000.0,0.0,0,0.0,98.0,,0,False,No payment-progress review signal triggered by the current rules.
WS/MP18112/2025-2026/243760,ND-WRK-0266,Work partially Completed,1000000.0,992500.0,1,0.993,98.0,-61.0,0,False,No payment-progress review signal triggered by the current rules.
WS/MP18130/2026-2027/247469,ND-WRK-1276,Physical Inspection,1200000.0,1188142.0,1,0.99,185.0,32.0,0,False,No payment-progress review signal triggered by the current rules.
WS/MP18130/2026-2027/280871,ND-WRK-1277,Physical Inspection,500000.0,496717.0,1,0.993,,,0,False,No payment-progress review signal triggered by the current rules.
WS/MP18131/2025-2026/186418,ND-WRK-1278,Physical Inspection,990030.0,990030.0,2,1.0,336.0,,0,False,No payment-progress review signal triggered by the current rules.
WS/MP18131/2025-2026/188623,ND-WRK-1279,Physical Inspection,999000.0,999000.0,1,1.0,,,0,False,No payment-progress review signal triggered by the current rules.
WS/MP18131/2025-2026/188624,ND-WRK-1280,Physical Inspection,600000.0,600000.0,1,1.0,,,0,False,No payment-progress review signal triggered by the current rules.
WS/MP18131/2025-2026/188625,ND-WRK-1281,Physical Inspection,766000.0,766000.0,1,1.0,69.0,,0,False,No payment-progress review signal triggered by the current rules.
WS/MP18131/2025-2026/188626,ND-WRK-1282,Physical Inspection,692000.0,692000.0,1,1.0,,,0,False,No payment-progress review signal triggered by the current rules.
WS/MP18131/2025-2026/188628,ND-WRK-1283,Work Completed,1000000.0,999798.0,1,1.0,128.0,4.0,0,False,No payment-progress review signal triggered by the current rules.
WS/MP18131/2025-2026/188629,ND-WRK-1284,Physical Inspection,474974.0,474974.0,1,1.0,128.0,,0,False,No payment-progress review signal triggered by the current rules.
WS/MP18131/2025-2026/188630,ND-WRK-1285,Physical Inspection,496905.0,496905.0,1,1.0,128.0,,0,False,No payment-progress review signal triggered by the current rules.
WS/MP18129/2025-2026/186533,ND-WRK-1264,Physical Inspection,999348.0,999348.0,1,1.0,,,0,False,No payment-progress review signal triggered by the current rules.
WS/MP18129/2026-2027/185933,ND-WRK-1265,Physical Inspection,1000000.0,999886.0,1,1.0,,,0,False,No payment-progress review signal triggered by the current rules.
WS/MP18129/2026-2027/186077,ND-WRK-1266,Physical Inspection,1000000.0,971492.0,1,0.971,,,0,False,No payment-progress review signal triggered by the current rules.
WS/MP18129/2026-2027/186078,ND-WRK-1267,Physical Inspection,1000000.0,990015.0,1,0.99,,,0,False,No payment-progress review signal triggered by the current rules.
WS/MP18129/2026-2027/186079,ND-WRK-1268,Physical Inspection,1000000.0,997276.0,1,0.997,,,0,False,No payment-progress review signal triggered by the current rules.
WS/MP18129/2026-2027/186080,ND-WRK-1269,Physical Inspection,1000000.0,996555.0,1,0.997,,,0,False,No payment-progress review signal triggered by the current rules.
WS/MP18131/2025-2026/193711,ND-WRK-1292,Physical Inspection,499868.0,499868.0,2,1.0,430.0,35.0,0,False,No payment-progress review signal triggered by the current rules.
WS/MP18131/2025-2026/200889,ND-WRK-1293,Physical Inspection,999000.0,999000.0,1,1.0,,,0,False,No payment-progress review signal triggered by the current rules.
WS/MP18131/2025-2026/200890,ND-WRK-1294,Physical Inspection,999000.0,999000.0,1,1.0,128.0,,0,False,No payment-progress review signal triggered by the current rules.
WS/MP18131/2025-2026/200905,ND-WRK-1295,Physical Inspection,1500000.0,1494025.0,2,0.996,,,0,False,No payment-progress review signal triggered by the current rules.
WS/MP18131/2025-2026/200907,ND-WRK-1296,Physical Inspection,500000.0,250000.0,1,0.5,,92.0,0,False,No payment-progress review signal triggered by the current rules.
WS/MP18131/2025-2026/206353,ND-WRK-1297,Physical Inspection,1000000.0,500000.0,1,0.5,,,0,False,No payment-progress review signal triggered by the current rules.
WS/MP18131/2025-2026/206354,ND-WRK-1298,Physical Inspection,1500000.0,750000.0,1,0.5,,,0,False,No payment-progress review signal triggered by the current rules.
WS/MP18131/2025-2026/206355,ND-WRK-1299,Physical Inspection,1000000.0,500000.0,1,0.5,,92.0,0,False,No payment-progress review signal triggered by the current rules.
WS/MP18131/2025-2026/206356,ND-WRK-1300,Physical Inspection,150000.0,75000.0,1,0.5,,,0,False,No payment-progress review signal triggered by the current rules.
WS/MP18131/2025-2026/206357,ND-WRK-1301,Physical Inspection,1000000.0,500000.0,1,0.5,,,0,False,No payment-progress review signal triggered by the current rules.
WS/MP18129/2026-2027/186082,ND-WRK-1270,Physical Inspection,1000000.0,998925.0,1,0.999,,,0,False,No payment-progress review signal triggered by the current rules.
WS/MP18129/2026-2027/186084,ND-WRK-1271,Physical Inspection,1000000.0,994675.0,1,0.995,,,0,False,No payment-progress review signal triggered by the current rules.
WS/MP18130/2025-2026/253453,ND-WRK-1272,Physical Inspection,1000000.0,981253.0,1,0.981,,,0,False,No payment-progress review signal triggered by the current rules.
WS/MP18130/2026-2027/216598,ND-WRK-1273,Physical Inspection,1000000.0,993385.0,1,0.993,93.0,32.0,0,False,No payment-progress review signal triggered by the current rules.
WS/MP18130/2026-2027/231014,ND-WRK-1274,Physical Inspection,500000.0,494872.0,1,0.99,,,0,False,No payment-progress review signal triggered by the current rules.
WS/MP18130/2026-2027/247462,ND-WRK-1275,Physical Inspection,1000000.0,986717.0,1,0.987,93.0,32.0,0,False,No payment-progress review signal triggered by the current rules.
WS/MP18131/2025-2026/251144,ND-WRK-1316,Sanction,1500000.0,0.0,0,0.0,,,0,False,No payment-progress review signal triggered by the current rules.
WS/MP18131/2025-2026/251145,ND-WRK-1317,Sanction,1000000.0,0.0,0,0.0,,,0,False,No payment-progress review signal triggered by the current rules.
WS/MP18131/2025-2026/188631,ND-WRK-1286,Physical Inspection,1000000.0,999563.0,2,1.0,128.0,,0,False,No payment-progress review signal triggered by the current rules.
WS/MP18131/2025-2026/191833,ND-WRK-1287,Physical Inspection,999686.0,999686.0,1,1.0,430.0,-30.0,0,False,No payment-progress review signal triggered by the current rules.
WS/MP18112/2025-2026/243768,ND-WRK-0267,Sanction,1000000.0,0.0,0,0.0,98.0,,0,False,No payment-progress review signal triggered by the current rules.
WS/MP18112/2025-2026/249985,ND-WRK-0268,Work Completed,1000000.0,996015.0,1,0.996,130.0,69.0,0,False,No payment-progress review signal triggered by the current rules.
WS/MP18112/2025-2026/249987,ND-WRK-0269,Work Completed,1000000.0,986321.0,1,0.986,130.0,69.0,0,False,No payment-progress review signal triggered by the current rules.
WS/MP18112/2025-2026/249991,ND-WRK-0270,Sanction,1000000.0,0.0,0,0.0,98.0,,0,False,No payment-progress review signal triggered by the current rules.
WS/MP18112/2025-2026/252258,ND-WRK-0271,Sanction,300000.0,0.0,0,0.0,-86.0,,0,False,No payment-progress review signal triggered by the current rules.
WS/MP18112/2025-2026/254670,ND-WRK-0272,Sanction,700000.0,0.0,0,0.0,98.0,,0,False,No payment-progress review signal triggered by the current rules.
WS/MP18112/2025-2026/254671,ND-WRK-0273,Sanction,800000.0,0.0,0,0.0,98.0,,0,False,No payment-progress review signal triggered by the current rules.
WS/MP18112/2025-2026/258916,ND-WRK-0275,Work partially Completed,1000000.0,951150.0,1,0.951,,,0,False,No payment-progress review signal triggered by the current rules.
WS/MP18112/2025-2026/259047,ND-WRK-0276,Work Completed,331000.0,330990.0,1,1.0,98.0,67.0,0,False,No payment-progress review signal triggered by the current rules.
WS/MP18112/2025-2026/259059,ND-WRK-0277,Work partially Completed,479000.0,479000.0,1,1.0,98.0,,0,False,No payment-progress review signal triggered by the current rules.
WS/MP18112/2025-2026/233398,ND-WRK-0247,Work partially Completed,1200000.0,853761.0,1,0.711,98.0,-28.0,0,False,No payment-progress review signal triggered by the current rules.
WS/MP18112/2025-2026/233405,ND-WRK-0249,Work partially Completed,1000000.0,566690.0,1,0.567,98.0,,0,False,No payment-progress review signal triggered by the current rules.
WS/MP18131/2026-2027/255334,ND-WRK-1330,Sanction,1000000.0,0.0,0,0.0,-30.0,,0,False,No payment-progress review signal triggered by the current rules.
WS/MP18131/2026-2027/255345,ND-WRK-1331,Physical Inspection,499000.0,499000.0,1,1.0,216.0,35.0,0,False,No payment-progress review signal triggered by the current rules.
WS/MP18131/2026-2027/273604,ND-WRK-1332,Physical Inspection,799728.0,799728.0,1,1.0,,,0,False,No payment-progress review signal triggered by the current rules.
WS/MP18131/2026-2027/273606,ND-WRK-1333,Sanction,1000000.0,0.0,0,0.0,,,0,False,No payment-progress review signal triggered by the current rules.
WS/MP18131/2025-2026/206358,ND-WRK-1302,Physical Inspection,2000000.0,1000000.0,1,0.5,,,0,False,No payment-progress review signal triggered by the current rules.
WS/MP18131/2025-2026/206360,ND-WRK-1304,Physical Inspection,1000000.0,500000.0,1,0.5,,,0,False,No payment-progress review signal triggered by the current rules.
WS/MP18131/2025-2026/206361,ND-WRK-1305,Physical Inspection,1000000.0,500000.0,1,0.5,,156.0,0,False,No payment-progress review signal triggered by the current rules.
WS/MP18131/2025-2026/206367,ND-WRK-1307,Physical Inspection,300000.0,150000.0,1,0.5,,156.0,0,False,No payment-progress review signal triggered by the current rules.
WS/MP18131/2025-2026/234161,ND-WRK-1308,Sanction,600000.0,0.0,0,0.0,128.0,,0,False,No payment-progress review signal triggered by the current rules.
WS/MP18131/2025-2026/234166,ND-WRK-1309,Sanction,500000.0,0.0,0,0.0,128.0,,0,False,No payment-progress review signal triggered by the current rules.
WS/MP18131/2025-2026/245062,ND-WRK-1310,Sanction,1500000.0,0.0,0,0.0,,,0,False,No payment-progress review signal triggered by the current rules.
WS/MP18131/2025-2026/245063,ND-WRK-1311,Physical Inspection,999000.0,999000.0,1,1.0,,,0,False,No payment-progress review signal triggered by the current rules.
WS/MP18131/2025-2026/248882,ND-WRK-1312,Sanction,600000.0,0.0,0,0.0,,,0,False,No payment-progress review signal triggered by the current rules.
WS/MP18131/2025-2026/248884,ND-WRK-1313,Sanction,700000.0,0.0,0,0.0,,,0,False,No payment-progress review signal triggered by the current rules.
WS/MP18131/2025-2026/248885,ND-WRK-1314,Sanction,800000.0,0.0,0,0.0,,,0,False,No payment-progress review signal triggered by the current rules.
WS/MP18131/2025-2026/248909,ND-WRK-1315,Work partially Completed,1000000.0,500000.0,1,0.5,,,0,False,No payment-progress review signal triggered by the current rules.
WS/MP18132/2025-2026/174562,ND-WRK-1346,Work partially Completed,1000000.0,1000000.0,1,1.0,337.0,,0,False,No payment-progress review signal triggered by the current rules.
WS/MP18132/2025-2026/174563,ND-WRK-1347,Sanction,1000000.0,0.0,0,0.0,,,0,False,No payment-progress review signal triggered by the current rules.
WS/MP18132/2025-2026/174564,ND-WRK-1348,Work partially Completed,1000000.0,988619.0,1,0.989,,,0,False,No payment-progress review signal triggered by the current rules.
WS/MP18132/2025-2026/174565,ND-WRK-1349,Work Completed,1000000.0,1000000.0,1,1.0,,,0,False,No payment-progress review signal triggered by the current rules.
WS/MP18131/2025-2026/253007,ND-WRK-1318,Sanction,1000000.0,0.0,0,0.0,,,0,False,No payment-progress review signal triggered by the current rules.
WS/MP18131/2025-2026/253008,ND-WRK-1319,Physical Inspection,500000.0,488647.0,2,0.977,,,0,False,No payment-progress review signal triggered by the current rules.
WS/MP18131/2025-2026/253009,ND-WRK-1320,Sanction,1000000.0,0.0,0,0.0,,,0,False,No payment-progress review signal triggered by the current rules.
WS/MP18131/2025-2026/255336,ND-WRK-1321,Sanction,1000000.0,0.0,0,0.0,128.0,,0,False,No payment-progress review signal triggered by the current rules.
WS/MP18131/2025-2026/255343,ND-WRK-1322,Physical Inspection,499000.0,499000.0,1,1.0,128.0,35.0,0,False,No payment-progress review signal triggered by the current rules.
WS/MP18131/2025-2026/273605,ND-WRK-1323,Sanction,1000000.0,0.0,0,0.0,,,0,False,No payment-progress review signal triggered by the current rules.
WS/MP18131/2026-2027/188627,ND-WRK-1324,Physical Inspection,500000.0,496905.0,1,0.994,216.0,152.0,0,False,No payment-progress review signal triggered by the current rules.
WS/MP18131/2026-2027/188632,ND-WRK-1325,Physical Inspection,1000000.0,973750.0,1,0.974,,,0,False,No payment-progress review signal triggered by the current rules.
WS/MP18131/2026-2027/200892,ND-WRK-1326,Sanction,1000000.0,0.0,0,0.0,-30.0,,0,False,No payment-progress review signal triggered by the current rules.
WS/MP18131/2026-2027/200893,ND-WRK-1327,Sanction,800000.0,0.0,0,0.0,,,0,False,No payment-progress review signal triggered by the current rules.
WS/MP18131/2026-2027/200906,ND-WRK-1328,Physical Inspection,1000000.0,500000.0,1,0.5,,,0,False,No payment-progress review signal triggered by the current rules.
WS/MP18131/2026-2027/228312,ND-WRK-1329,Sanction,2000000.0,0.0,0,0.0,-30.0,,0,False,No payment-progress review signal triggered by the current rules.
WS/MP18132/2025-2026/174581,ND-WRK-1360,Physical Inspection,997373.0,997373.0,1,1.0,,130.0,0,False,No payment-progress review signal triggered by the current rules.
WS/MP18132/2025-2026/174583,ND-WRK-1361,Sanction,1250000.0,0.0,0,0.0,,,0,False,No payment-progress review signal triggered by the current rules.
WS/MP18132/2025-2026/174584,ND-WRK-1362,Sanction,1250000.0,0.0,0,0.0,,,0,False,No payment-progress review signal triggered by the current rules.
WS/MP18132/2025-2026/179003,ND-WRK-1365,Sanction,1000000.0,0.0,0,0.0,,,0,False,No payment-progress review signal triggered by the current rules.
WS/MP18131/2026-2027/273607,ND-WRK-1334,Sanction,1000000.0,0.0,0,0.0,,,0,False,No payment-progress review signal triggered by the current rules.
WS/MP18131/2026-2027/273608,ND-WRK-1335,Sanction,1000000.0,0.0,0,0.0,,,0,False,No payment-progress review signal triggered by the current rules.
WS/MP18131/2026-2027/273609,ND-WRK-1336,Sanction,1000000.0,0.0,0,0.0,,,0,False,No payment-progress review signal triggered by the current rules.
WS/MP18131/2026-2027/273621,ND-WRK-1337,Sanction,1000000.0,0.0,0,0.0,,,0,False,No payment-progress review signal triggered by the current rules.
WS/MP18131/2026-2027/276000,ND-WRK-1338,Work partially Completed,1000000.0,500000.0,1,0.5,,61.0,0,False,No payment-progress review signal triggered by the current rules.
WS/MP18131/2026-2027/276001,ND-WRK-1339,Vendor Identification,1000000.0,0.0,0,0.0,,,0,False,No payment-progress review signal triggered by the current rules.
WS/MP18131/2026-2027/276309,ND-WRK-1340,Sanction,1000000.0,0.0,0,0.0,-59.0,,0,False,No payment-progress review signal triggered by the current rules.
WS/MP18131/2026-2027/276310,ND-WRK-1341,Sanction,1100000.0,0.0,0,0.0,,,0,False,No payment-progress review signal triggered by the current rules.
WS/MP18131/2026-2027/276434,ND-WRK-1342,Sanction,2500000.0,0.0,0,0.0,,,0,False,No payment-progress review signal triggered by the current rules.
WS/MP18131/2026-2027/277019,ND-WRK-1343,Sanction,1000000.0,0.0,0,0.0,,,0,False,No payment-progress review signal triggered by the current rules.
WS/MP18132/2025-2026/174560,ND-WRK-1344,Sanction,1000000.0,0.0,0,0.0,,,0,False,No payment-progress review signal triggered by the current rules.
WS/MP18132/2025-2026/174561,ND-WRK-1345,Work partially Completed,1000000.0,992771.0,1,0.993,,,0,False,No payment-progress review signal triggered by the current rules.
WS/MP18132/2025-2026/179017,ND-WRK-1374,Sanction,1000000.0,0.0,0,0.0,,,0,False,No payment-progress review signal triggered by the current rules.
WS/MP18132/2025-2026/179018,ND-WRK-1375,Work Completed,999900.0,993126.0,1,0.993,,,0,False,No payment-progress review signal triggered by the current rules.
WS/MP18132/2025-2026/179019,ND-WRK-1376,Sanction,999900.0,0.0,0,0.0,,,0,False,No payment-progress review signal triggered by the current rules.
WS/MP18132/2025-2026/189852,ND-WRK-1378,Sanction,1000000.0,0.0,0,0.0,337.0,,0,False,No payment-progress review signal triggered by the current rules.
WS/MP18132/2025-2026/189854,ND-WRK-1379,Sanction,1000000.0,0.0,0,0.0,337.0,,0,False,No payment-progress review signal triggered by the current rules.
WS/MP18132/2025-2026/189855,ND-WRK-1380,Physical Inspection,991237.0,991237.0,1,1.0,428.0,38.0,0,False,No payment-progress review signal triggered by the current rules.
WS/MP18132/2025-2026/189856,ND-WRK-1381,Physical Inspection,1000000.0,1000000.0,1,1.0,488.0,66.0,0,False,No payment-progress review signal triggered by the current rules.
WS/MP18132/2025-2026/174566,ND-WRK-1350,Work partially Completed,1000000.0,873909.0,1,0.874,428.0,-30.0,0,False,No payment-progress review signal triggered by the current rules.
WS/MP18132/2025-2026/174567,ND-WRK-1351,Work Completed,1000000.0,995413.0,1,0.995,,,0,False,No payment-progress review signal triggered by the current rules.
WS/MP18132/2025-2026/174568,ND-WRK-1352,Work Completed,1000000.0,1000000.0,1,1.0,,,0,False,No payment-progress review signal triggered by the current rules.
WS/MP18132/2025-2026/174569,ND-WRK-1353,Work Completed,1000000.0,1000000.0,1,1.0,,,0,False,No payment-progress review signal triggered by the current rules.
WS/MP18132/2025-2026/174574,ND-WRK-1354,Sanction,1000000.0,0.0,0,0.0,,,0,False,No payment-progress review signal triggered by the current rules.
WS/MP18132/2025-2026/174575,ND-WRK-1355,Physical Inspection,1000000.0,1000000.0,1,1.0,,,0,False,No payment-progress review signal triggered by the current rules.
WS/MP18132/2025-2026/174576,ND-WRK-1356,Sanction,1000000.0,0.0,0,0.0,,,0,False,No payment-progress review signal triggered by the current rules.
WS/MP18132/2025-2026/174577,ND-WRK-1357,Sanction,1000000.0,0.0,0,0.0,337.0,,0,False,No payment-progress review signal triggered by the current rules.
WS/MP18132/2025-2026/174580,ND-WRK-1359,Work partially Completed,1000000.0,1000000.0,1,1.0,,,0,False,No payment-progress review signal triggered by the current rules.
WS/MP18132/2025-2026/226544,ND-WRK-1395,Sanction,1000000.0,0.0,0,0.0,,,0,False,No payment-progress review signal triggered by the current rules.
WS/MP18132/2025-2026/226545,ND-WRK-1396,Sanction,1000000.0,0.0,0,0.0,,,0,False,No payment-progress review signal triggered by the current rules.
WS/MP18132/2025-2026/226546,ND-WRK-1397,Sanction,1000000.0,0.0,0,0.0,,,0,False,No payment-progress review signal triggered by the current rules.
WS/MP18112/2025-2026/233588,ND-WRK-0257,Work Completed,331000.0,330990.0,1,1.0,98.0,67.0,0,False,No payment-progress review signal triggered by the current rules.
WS/MP18112/2025-2026/233589,ND-WRK-0258,Work Completed,331000.0,330990.0,1,1.0,98.0,67.0,0,False,No payment-progress review signal triggered by the current rules.
WS/MP18112/2025-2026/233595,ND-WRK-0259,Work Completed,331000.0,330990.0,1,1.0,98.0,67.0,0,False,No payment-progress review signal triggered by the current rules.
WS/MP18112/2025-2026/233599,ND-WRK-0260,Work Completed,331000.0,330990.0,1,1.0,98.0,67.0,0,False,No payment-progress review signal triggered by the current rules.
WS/MP18112/2025-2026/233600,ND-WRK-0261,Work Completed,331000.0,330990.0,1,1.0,98.0,67.0,0,False,No payment-progress review signal triggered by the current rules.
WS/MP18112/2025-2026/213849,ND-WRK-0230,Physical Inspection,799000.0,784170.0,1,0.981,,,0,False,No payment-progress review signal triggered by the current rules.
WS/MP18112/2025-2026/213855,ND-WRK-0231,Sanction,119000.0,0.0,0,0.0,363.0,,0,False,No payment-progress review signal triggered by the current rules.
WS/MP18112/2025-2026/213864,ND-WRK-0232,Sanction,119000.0,0.0,0,0.0,363.0,,0,False,No payment-progress review signal triggered by the current rules.
WS/MP18112/2025-2026/217109,ND-WRK-0233,Work Completed,700000.0,693022.0,1,0.99,,,0,False,No payment-progress review signal triggered by the current rules.
WS/MP18112/2025-2026/217118,ND-WRK-0234,Work partially Completed,700000.0,640526.0,1,0.915,,,0,False,No payment-progress review signal triggered by the current rules.
WS/MP18132/2025-2026/179009,ND-WRK-1371,Sanction,1000000.0,0.0,0,0.0,,,0,False,No payment-progress review signal triggered by the current rules.
WS/MP18132/2025-2026/179010,ND-WRK-1372,Sanction,999500.0,0.0,0,0.0,,,0,False,No payment-progress review signal triggered by the current rules.
WS/MP18132/2025-2026/179015,ND-WRK-1373,Work Completed,1000000.0,1000000.0,1,1.0,337.0,,0,False,No payment-progress review signal triggered by the current rules.
WS/MP18132/2025-2026/226555,ND-WRK-1406,Sanction,1000000.0,0.0,0,0.0,,,0,False,No payment-progress review signal triggered by the current rules.
WS/MP18132/2025-2026/226559,ND-WRK-1408,Sanction,1250000.0,0.0,0,0.0,,,0,False,No payment-progress review signal triggered by the current rules.
WS/MP18132/2025-2026/226560,ND-WRK-1409,Sanction,1250000.0,0.0,0,0.0,,,0,False,No payment-progress review signal triggered by the current rules.
WS/MP18132/2025-2026/226561,ND-WRK-1410,Sanction,1250000.0,0.0,0,0.0,,,0,False,No payment-progress review signal triggered by the current rules.
WS/MP18132/2025-2026/226563,ND-WRK-1412,Sanction,999851.0,0.0,0,0.0,,,0,False,No payment-progress review signal triggered by the current rules.
WS/MP18132/2025-2026/189857,ND-WRK-1382,Sanction,999000.0,0.0,0,0.0,,,0,False,No payment-progress review signal triggered by the current rules.
WS/MP18132/2025-2026/205459,ND-WRK-1383,Work partially Completed,999994.0,999994.0,1,1.0,455.0,92.0,0,False,No payment-progress review signal triggered by the current rules.
WS/MP18132/2025-2026/216729,ND-WRK-1384,Sanction,1244300.0,0.0,0,0.0,,,0,False,No payment-progress review signal triggered by the current rules.
WS/MP18132/2025-2026/219485,ND-WRK-1385,Sanction,999045.0,0.0,0,0.0,,,0,False,No payment-progress review signal triggered by the current rules.
WS/MP18132/2025-2026/226534,ND-WRK-1386,Sanction,1000000.0,0.0,0,0.0,,,0,False,No payment-progress review signal triggered by the current rules.
WS/MP18132/2025-2026/226536,ND-WRK-1388,Sanction,1000000.0,0.0,0,0.0,,,0,False,No payment-progress review signal triggered by the current rules.
WS/MP18132/2025-2026/226537,ND-WRK-1389,Sanction,1000000.0,0.0,0,0.0,,,0,False,No payment-progress review signal triggered by the current rules.
WS/MP18132/2025-2026/226538,ND-WRK-1390,Sanction,1000000.0,0.0,0,0.0,130.0,,0,False,No payment-progress review signal triggered by the current rules.
WS/MP18132/2025-2026/226539,ND-WRK-1391,Sanction,1000000.0,0.0,0,0.0,,,0,False,No payment-progress review signal triggered by the current rules.
WS/MP18132/2025-2026/226540,ND-WRK-1392,Sanction,1000000.0,0.0,0,0.0,,,0,False,No payment-progress review signal triggered by the current rules.
WS/MP18132/2025-2026/226543,ND-WRK-1394,Work partially Completed,1000000.0,1000000.0,1,1.0,,,0,False,No payment-progress review signal triggered by the current rules.
WS/MP18132/2026-2027/277259,ND-WRK-1421,Sanction,2499000.0,0.0,0,0.0,62.0,,0,False,No payment-progress review signal triggered by the current rules.
WS/MP18132/2026-2027/277261,ND-WRK-1422,Sanction,1240700.0,0.0,0,0.0,62.0,,0,False,No payment-progress review signal triggered by the current rules.
WS/MP18133/2024-2025/148464,ND-WRK-1423,Physical Inspection,1000000.0,1000000.0,1,1.0,,,0,False,No payment-progress review signal triggered by the current rules.
WS/MP18133/2024-2025/148465,ND-WRK-1424,Sanction,1000000.0,0.0,0,0.0,,,0,False,No payment-progress review signal triggered by the current rules.
WS/MP18133/2024-2025/148466,ND-WRK-1425,Sanction,1000000.0,0.0,0,0.0,,,0,False,No payment-progress review signal triggered by the current rules.
WS/MP18133/2025-2026/148450,ND-WRK-1426,Sanction,1000000.0,0.0,0,0.0,,,0,False,No payment-progress review signal triggered by the current rules.
WS/MP18133/2025-2026/148451,ND-WRK-1427,Sanction,1000000.0,0.0,0,0.0,,,0,False,No payment-progress review signal triggered by the current rules.
WS/MP18133/2025-2026/148452,ND-WRK-1428,Sanction,1000000.0,0.0,0,0.0,,,0,False,No payment-progress review signal triggered by the current rules.
WS/MP18133/2025-2026/148453,ND-WRK-1429,Physical Inspection,1000000.0,1000000.0,1,1.0,,,0,False,No payment-progress review signal triggered by the current rules.
WS/MP18132/2025-2026/226548,ND-WRK-1399,Sanction,1000000.0,0.0,0,0.0,,,0,False,No payment-progress review signal triggered by the current rules.
WS/MP18132/2025-2026/226549,ND-WRK-1400,Sanction,1000000.0,0.0,0,0.0,,,0,False,No payment-progress review signal triggered by the current rules.
WS/MP18132/2025-2026/226550,ND-WRK-1401,Sanction,1000000.0,0.0,0,0.0,,,0,False,No payment-progress review signal triggered by the current rules.
WS/MP18132/2025-2026/226551,ND-WRK-1402,Sanction,1000000.0,0.0,0,0.0,,,0,False,No payment-progress review signal triggered by the current rules.
WS/MP18132/2025-2026/226552,ND-WRK-1403,Sanction,999376.0,0.0,0,0.0,,,0,False,No payment-progress review signal triggered by the current rules.
WS/MP18132/2025-2026/226553,ND-WRK-1404,Work partially Completed,1000000.0,1000000.0,1,1.0,,,0,False,No payment-progress review signal triggered by the current rules.
WS/MP18132/2025-2026/226554,ND-WRK-1405,Sanction,1000000.0,0.0,0,0.0,,,0,False,No payment-progress review signal triggered by the current rules.
WS/MP18133/2025-2026/148475,ND-WRK-1435,Work partially Completed,1000000.0,750000.0,1,0.75,,,0,False,No payment-progress review signal triggered by the current rules.
WS/MP18133/2025-2026/148476,ND-WRK-1436,Sanction,1000000.0,0.0,0,0.0,,,0,False,No payment-progress review signal triggered by the current rules.
WS/MP18133/2025-2026/148477,ND-WRK-1437,Physical Inspection,700000.0,693280.0,1,0.99,,,0,False,No payment-progress review signal triggered by the current rules.
WS/MP18133/2025-2026/148479,ND-WRK-1438,Sanction,1000000.0,0.0,0,0.0,274.0,,0,False,No payment-progress review signal triggered by the current rules.
WS/MP18133/2025-2026/148480,ND-WRK-1439,Physical Inspection,700000.0,694830.0,1,0.993,,-61.0,0,False,No payment-progress review signal triggered by the current rules.
WS/MP18133/2025-2026/148481,ND-WRK-1440,Sanction,700000.0,0.0,0,0.0,,,0,False,No payment-progress review signal triggered by the current rules.
WS/MP18133/2025-2026/148482,ND-WRK-1441,Sanction,600000.0,0.0,0,0.0,,,0,False,No payment-progress review signal triggered by the current rules.
WS/MP18133/2025-2026/148483,ND-WRK-1442,Sanction,500000.0,0.0,0,0.0,274.0,,0,False,No payment-progress review signal triggered by the current rules.
WS/MP18133/2025-2026/148485,ND-WRK-1443,Sanction,1000000.0,0.0,0,0.0,274.0,,0,False,No payment-progress review signal triggered by the current rules.
WS/MP18133/2025-2026/148486,ND-WRK-1444,Sanction,1000000.0,0.0,0,0.0,274.0,,0,False,No payment-progress review signal triggered by the current rules.
WS/MP18133/2025-2026/148507,ND-WRK-1445,Physical Inspection,1500000.0,1489610.0,1,0.993,,,0,False,No payment-progress review signal triggered by the current rules.
WS/MP18132/2025-2026/226566,ND-WRK-1415,Work partially Completed,1000000.0,1000000.0,1,1.0,,,0,False,No payment-progress review signal triggered by the current rules.
WS/MP18132/2025-2026/226568,ND-WRK-1417,Sanction,1000000.0,0.0,0,0.0,,,0,False,No payment-progress review signal triggered by the current rules.
WS/MP18132/2025-2026/226569,ND-WRK-1418,Sanction,499775.0,0.0,0,0.0,,,0,False,No payment-progress review signal triggered by the current rules.
WS/MP18132/2025-2026/232990,ND-WRK-1419,Sanction,999960.0,0.0,0,0.0,,,0,False,No payment-progress review signal triggered by the current rules.
WS/MP18132/2026-2027/252801,ND-WRK-1420,Sanction,1000000.0,0.0,0,0.0,,,0,False,No payment-progress review signal triggered by the current rules.
WS/MP18133/2025-2026/148513,ND-WRK-1451,Sanction,1000000.0,0.0,0,0.0,,,0,False,No payment-progress review signal triggered by the current rules.
WS/MP18133/2025-2026/148514,ND-WRK-1452,Time Estimation,500000.0,0.0,0,0.0,,,0,False,No payment-progress review signal triggered by the current rules.
WS/MP18133/2025-2026/148515,ND-WRK-1453,Physical Inspection,500000.0,498180.0,1,0.996,,,0,False,No payment-progress review signal triggered by the current rules.
WS/MP18133/2025-2026/148516,ND-WRK-1454,Physical Inspection,500000.0,497580.0,1,0.995,,97.0,0,False,No payment-progress review signal triggered by the current rules.
WS/MP18133/2025-2026/148557,ND-WRK-1455,Sanction,1000000.0,0.0,0,0.0,,,0,False,No payment-progress review signal triggered by the current rules.
WS/MP18133/2025-2026/148558,ND-WRK-1456,Sanction,1000000.0,0.0,0,0.0,,,0,False,No payment-progress review signal triggered by the current rules.
WS/MP18133/2025-2026/148559,ND-WRK-1457,Physical Inspection,700000.0,664282.0,1,0.949,,,0,False,No payment-progress review signal triggered by the current rules.
WS/MP18133/2025-2026/148560,ND-WRK-1458,Physical Inspection,999677.0,999677.0,1,1.0,,,0,False,No payment-progress review signal triggered by the current rules.
WS/MP18133/2025-2026/148561,ND-WRK-1459,Sanction,1000000.0,0.0,0,0.0,274.0,,0,False,No payment-progress review signal triggered by the current rules.
WS/MP18133/2025-2026/148562,ND-WRK-1460,Physical Inspection,999000.0,999000.0,1,1.0,,,0,False,No payment-progress review signal triggered by the current rules.
WS/MP18133/2025-2026/148563,ND-WRK-1461,Sanction,500000.0,0.0,0,0.0,,,0,False,No payment-progress review signal triggered by the current rules.
WS/MP18133/2025-2026/148454,ND-WRK-1430,Sanction,1000000.0,0.0,0,0.0,,,0,False,No payment-progress review signal triggered by the current rules.
WS/MP18133/2025-2026/148457,ND-WRK-1431,Physical Inspection,1000000.0,1000000.0,1,1.0,,-61.0,0,False,No payment-progress review signal triggered by the current rules.
WS/MP18133/2025-2026/148459,ND-WRK-1432,Sanction,1000000.0,0.0,0,0.0,,,0,False,No payment-progress review signal triggered by the current rules.
WS/MP18133/2025-2026/148462,ND-WRK-1433,Sanction,1000000.0,0.0,0,0.0,,,0,False,No payment-progress review signal triggered by the current rules.
WS/MP18133/2025-2026/148463,ND-WRK-1434,Sanction,1000000.0,0.0,0,0.0,274.0,,0,False,No payment-progress review signal triggered by the current rules.
WS/MP18133/2025-2026/148509,ND-WRK-1447,Sanction,1000000.0,0.0,0,0.0,,,0,False,No payment-progress review signal triggered by the current rules.
WS/MP18133/2025-2026/148510,ND-WRK-1448,Sanction,1000000.0,0.0,0,0.0,,,0,False,No payment-progress review signal triggered by the current rules.
WS/MP18133/2025-2026/148511,ND-WRK-1449,Sanction,1000000.0,0.0,0,0.0,,,0,False,No payment-progress review signal triggered by the current rules.
WS/MP18133/2025-2026/148512,ND-WRK-1450,Physical Inspection,1000000.0,995310.0,1,0.995,,,0,False,No payment-progress review signal triggered by the current rules.
WS/MP18112/2025-2026/217148,ND-WRK-0236,Physical Inspection,700000.0,692605.0,1,0.989,457.0,,0,False,No payment-progress review signal triggered by the current rules.
WS/MP18112/2025-2026/232683,ND-WRK-0237,Sanction,700000.0,0.0,0,0.0,98.0,,0,False,No payment-progress review signal triggered by the current rules.
WS/MP18112/2025-2026/232957,ND-WRK-0238,Sanction,1000000.0,0.0,0,0.0,98.0,,0,False,No payment-progress review signal triggered by the current rules.
WS/MP18112/2025-2026/233020,ND-WRK-0241,Sanction,1000000.0,0.0,0,0.0,98.0,,0,False,No payment-progress review signal triggered by the current rules.
WS/MP18112/2025-2026/233382,ND-WRK-0243,Sanction,1200000.0,0.0,0,0.0,98.0,,0,False,No payment-progress review signal triggered by the current rules.
WS/MP18112/2025-2026/233385,ND-WRK-0244,Work partially Completed,1200000.0,1198341.0,2,0.999,98.0,,0,False,No payment-progress review signal triggered by the current rules.
WS/MP18112/2025-2026/233388,ND-WRK-0245,Sanction,1200000.0,0.0,0,0.0,98.0,,0,False,No payment-progress review signal triggered by the current rules.
WS/MP18112/2025-2026/199855,ND-WRK-0214,Work partially Completed,1000000.0,998197.0,2,0.998,457.0,,0,False,No payment-progress review signal triggered by the current rules.
WS/MP18112/2025-2026/199856,ND-WRK-0215,Work Completed,800000.0,787875.0,1,0.985,,69.0,0,False,No payment-progress review signal triggered by the current rules.
WS/MP18112/2025-2026/200103,ND-WRK-0216,Sanction,1500000.0,0.0,0,0.0,,,0,False,No payment-progress review signal triggered by the current rules.
WS/MP18112/2025-2026/200105,ND-WRK-0217,Work partially Completed,500000.0,446796.0,1,0.894,,,0,False,No payment-progress review signal triggered by the current rules.
WS/MP18112/2025-2026/200107,ND-WRK-0218,Work Completed,300000.0,299962.0,1,1.0,,,0,False,No payment-progress review signal triggered by the current rules.
WS/MP18133/2025-2026/253839,ND-WRK-1493,Sanction,1000000.0,0.0,0,0.0,130.0,,0,False,No payment-progress review signal triggered by the current rules.
WS/MP18133/2025-2026/148564,ND-WRK-1462,Work Completed,500000.0,500000.0,1,1.0,,97.0,0,False,No payment-progress review signal triggered by the current rules.
WS/MP18133/2025-2026/148565,ND-WRK-1463,Sanction,1000000.0,0.0,0,0.0,,,0,False,No payment-progress review signal triggered by the current rules.
WS/MP18133/2025-2026/148566,ND-WRK-1464,Physical Inspection,1000000.0,1000000.0,1,1.0,,,0,False,No payment-progress review signal triggered by the current rules.
WS/MP18133/2025-2026/148567,ND-WRK-1465,Physical Inspection,1000000.0,948550.0,1,0.949,,,0,False,No payment-progress review signal triggered by the current rules.
WS/MP18133/2025-2026/148569,ND-WRK-1466,Sanction,500000.0,0.0,0,0.0,,,0,False,No payment-progress review signal triggered by the current rules.
WS/MP18133/2025-2026/148571,ND-WRK-1467,Physical Inspection,500000.0,500000.0,1,1.0,,-86.0,0,False,No payment-progress review signal triggered by the current rules.
WS/MP18133/2025-2026/148572,ND-WRK-1468,Physical Inspection,500000.0,493290.0,1,0.987,,,0,False,No payment-progress review signal triggered by the current rules.
WS/MP18133/2025-2026/148598,ND-WRK-1469,Sanction,1000000.0,0.0,0,0.0,274.0,,0,False,No payment-progress review signal triggered by the current rules.
WS/MP18133/2025-2026/148915,ND-WRK-1470,Physical Inspection,500000.0,498370.0,1,0.997,,95.0,0,False,No payment-progress review signal triggered by the current rules.
WS/MP18133/2025-2026/148916,ND-WRK-1471,Sanction,800000.0,0.0,0,0.0,,,0,False,No payment-progress review signal triggered by the current rules.
WS/MP18133/2025-2026/148917,ND-WRK-1472,Sanction,500000.0,0.0,0,0.0,274.0,,0,False,No payment-progress review signal triggered by the current rules.
WS/MP18133/2025-2026/164655,ND-WRK-1473,Work partially Completed,1000000.0,413190.0,1,0.413,,,0,False,No payment-progress review signal triggered by the current rules.
WS/MP18133/2025-2026/253624,ND-WRK-1476,Sanction,1000000.0,0.0,0,0.0,,,0,False,No payment-progress review signal triggered by the current rules.
WS/MP18133/2025-2026/253626,ND-WRK-1477,Sanction,1000000.0,0.0,0,0.0,,,0,False,No payment-progress review signal triggered by the current rules.
WS/MP18133/2025-2026/148508,ND-WRK-1446,Sanction,1000000.0,0.0,0,0.0,,,0,False,No payment-progress review signal triggered by the current rules.
WS/MP18133/2025-2026/253955,ND-WRK-1508,Sanction,500000.0,0.0,0,0.0,130.0,,0,False,No payment-progress review signal triggered by the current rules.
WS/MP18133/2025-2026/253956,ND-WRK-1509,Sanction,250000.0,0.0,0,0.0,,,0,False,No payment-progress review signal triggered by the current rules.
WS/MP18133/2025-2026/253627,ND-WRK-1478,Sanction,1000000.0,0.0,0,0.0,,,0,False,No payment-progress review signal triggered by the current rules.
WS/MP18133/2025-2026/253629,ND-WRK-1479,Sanction,500000.0,0.0,0,0.0,,,0,False,No payment-progress review signal triggered by the current rules.
WS/MP18133/2025-2026/253632,ND-WRK-1480,Sanction,700000.0,0.0,0,0.0,,,0,False,No payment-progress review signal triggered by the current rules.
WS/MP18133/2025-2026/253633,ND-WRK-1481,Sanction,500000.0,0.0,0,0.0,,,0,False,No payment-progress review signal triggered by the current rules.
WS/MP18133/2025-2026/253634,ND-WRK-1482,Sanction,700000.0,0.0,0,0.0,,,0,False,No payment-progress review signal triggered by the current rules.
WS/MP18133/2025-2026/253820,ND-WRK-1483,Sanction,500000.0,0.0,0,0.0,,,0,False,No payment-progress review signal triggered by the current rules.
WS/MP18133/2025-2026/253821,ND-WRK-1484,Sanction,700000.0,0.0,0,0.0,,,0,False,No payment-progress review signal triggered by the current rules.
WS/MP18133/2025-2026/253823,ND-WRK-1485,Physical Inspection,500000.0,499480.0,1,0.999,,152.0,0,False,No payment-progress review signal triggered by the current rules.
WS/MP18133/2025-2026/253824,ND-WRK-1486,Sanction,500000.0,0.0,0,0.0,,,0,False,No payment-progress review signal triggered by the current rules.
WS/MP18133/2025-2026/253825,ND-WRK-1487,Sanction,900000.0,0.0,0,0.0,,,0,False,No payment-progress review signal triggered by the current rules.
WS/MP18133/2025-2026/253831,ND-WRK-1489,Sanction,700000.0,0.0,0,0.0,,,0,False,No payment-progress review signal triggered by the current rules.
WS/MP18133/2025-2026/253832,ND-WRK-1490,Sanction,700000.0,0.0,0,0.0,130.0,,0,False,No payment-progress review signal triggered by the current rules.
WS/MP18133/2025-2026/253836,ND-WRK-1491,Sanction,700000.0,0.0,0,0.0,,,0,False,No payment-progress review signal triggered by the current rules.
WS/MP18133/2025-2026/253837,ND-WRK-1492,Sanction,700000.0,0.0,0,0.0,,,0,False,No payment-progress review signal triggered by the current rules.
WS/MP18133/2025-2026/253973,ND-WRK-1524,Sanction,500000.0,0.0,0,0.0,,,0,False,No payment-progress review signal triggered by the current rules.
WS/MP18133/2025-2026/253974,ND-WRK-1525,Sanction,700000.0,0.0,0,0.0,,,0,False,No payment-progress review signal triggered by the current rules.
WS/MP18133/2025-2026/253841,ND-WRK-1494,Sanction,800000.0,0.0,0,0.0,130.0,,0,False,No payment-progress review signal triggered by the current rules.
WS/MP18133/2025-2026/253842,ND-WRK-1495,Sanction,1000000.0,0.0,0,0.0,130.0,,0,False,No payment-progress review signal triggered by the current rules.
WS/MP18133/2025-2026/253843,ND-WRK-1496,Sanction,1000000.0,0.0,0,0.0,130.0,,0,False,No payment-progress review signal triggered by the current rules.
WS/MP18133/2025-2026/253844,ND-WRK-1497,Sanction,500000.0,0.0,0,0.0,130.0,,0,False,No payment-progress review signal triggered by the current rules.
WS/MP18133/2025-2026/253845,ND-WRK-1498,Sanction,500000.0,0.0,0,0.0,130.0,,0,False,No payment-progress review signal triggered by the current rules.
WS/MP18133/2025-2026/253846,ND-WRK-1499,Sanction,400000.0,0.0,0,0.0,130.0,,0,False,No payment-progress review signal triggered by the current rules.
WS/MP18133/2025-2026/253847,ND-WRK-1500,Sanction,400000.0,0.0,0,0.0,130.0,,0,False,No payment-progress review signal triggered by the current rules.
WS/MP18133/2025-2026/253849,ND-WRK-1501,Sanction,300000.0,0.0,0,0.0,130.0,,0,False,No payment-progress review signal triggered by the current rules.
WS/MP18133/2025-2026/253850,ND-WRK-1502,Sanction,400000.0,0.0,0,0.0,130.0,,0,False,No payment-progress review signal triggered by the current rules.
WS/MP18133/2025-2026/253851,ND-WRK-1503,Sanction,300000.0,0.0,0,0.0,130.0,,0,False,No payment-progress review signal triggered by the current rules.
WS/MP18133/2025-2026/253852,ND-WRK-1504,Sanction,500000.0,0.0,0,0.0,130.0,,0,False,No payment-progress review signal triggered by the current rules.
WS/MP18133/2025-2026/253853,ND-WRK-1505,Sanction,500000.0,0.0,0,0.0,,,0,False,No payment-progress review signal triggered by the current rules.
WS/MP18133/2025-2026/253953,ND-WRK-1506,Sanction,300000.0,0.0,0,0.0,130.0,,0,False,No payment-progress review signal triggered by the current rules.
WS/MP18133/2025-2026/253954,ND-WRK-1507,Sanction,500000.0,0.0,0,0.0,130.0,,0,False,No payment-progress review signal triggered by the current rules.
WS/MP18133/2025-2026/255506,ND-WRK-1540,Sanction,300000.0,0.0,0,0.0,,,0,False,No payment-progress review signal triggered by the current rules.
WS/MP18133/2025-2026/256431,ND-WRK-1541,Sanction,700000.0,0.0,0,0.0,,,0,False,No payment-progress review signal triggered by the current rules.
WS/MP18133/2025-2026/253957,ND-WRK-1510,Sanction,250000.0,0.0,0,0.0,,,0,False,No payment-progress review signal triggered by the current rules.
WS/MP18133/2025-2026/253958,ND-WRK-1511,Sanction,250000.0,0.0,0,0.0,,,0,False,No payment-progress review signal triggered by the current rules.
WS/MP18133/2025-2026/253959,ND-WRK-1512,Sanction,250000.0,0.0,0,0.0,,,0,False,No payment-progress review signal triggered by the current rules.
WS/MP18133/2025-2026/253960,ND-WRK-1513,Sanction,500000.0,0.0,0,0.0,,,0,False,No payment-progress review signal triggered by the current rules.
WS/MP18133/2025-2026/253961,ND-WRK-1514,Sanction,500000.0,0.0,0,0.0,130.0,,0,False,No payment-progress review signal triggered by the current rules.
WS/MP18133/2025-2026/253962,ND-WRK-1515,Sanction,1000000.0,0.0,0,0.0,,,0,False,No payment-progress review signal triggered by the current rules.
WS/MP18133/2025-2026/253963,ND-WRK-1516,Sanction,1000000.0,0.0,0,0.0,,,0,False,No payment-progress review signal triggered by the current rules.
WS/MP18133/2025-2026/253964,ND-WRK-1517,Sanction,300000.0,0.0,0,0.0,130.0,,0,False,No payment-progress review signal triggered by the current rules.
WS/MP18133/2025-2026/253966,ND-WRK-1518,Sanction,500000.0,0.0,0,0.0,130.0,,0,False,No payment-progress review signal triggered by the current rules.
WS/MP18133/2025-2026/253967,ND-WRK-1519,Sanction,500000.0,0.0,0,0.0,,,0,False,No payment-progress review signal triggered by the current rules.
WS/MP18133/2025-2026/253968,ND-WRK-1520,Sanction,750000.0,0.0,0,0.0,,,0,False,No payment-progress review signal triggered by the current rules.
WS/MP18133/2025-2026/253969,ND-WRK-1521,Sanction,750000.0,0.0,0,0.0,130.0,,0,False,No payment-progress review signal triggered by the current rules.
WS/MP18133/2025-2026/253970,ND-WRK-1522,Sanction,1000000.0,0.0,0,0.0,130.0,,0,False,No payment-progress review signal triggered by the current rules.
WS/MP18133/2025-2026/253971,ND-WRK-1523,Sanction,1000000.0,0.0,0,0.0,,,0,False,No payment-progress review signal triggered by the current rules.
WS/MP18134/2025-2026/178853,ND-WRK-1556,Physical Inspection,500000.0,489626.0,1,0.979,,,0,False,No payment-progress review signal triggered by the current rules.
WS/MP18134/2025-2026/178855,ND-WRK-1557,Physical Inspection,500000.0,494686.0,1,0.989,,,0,False,No payment-progress review signal triggered by the current rules.
WS/MP18133/2025-2026/253981,ND-WRK-1526,Sanction,300000.0,0.0,0,0.0,,,0,False,No payment-progress review signal triggered by the current rules.
WS/MP18133/2025-2026/253982,ND-WRK-1527,Sanction,1000000.0,0.0,0,0.0,130.0,,0,False,No payment-progress review signal triggered by the current rules.
WS/MP18133/2025-2026/254128,ND-WRK-1528,Sanction,200000.0,0.0,0,0.0,130.0,,0,False,No payment-progress review signal triggered by the current rules.
WS/MP18133/2025-2026/254129,ND-WRK-1529,Sanction,1000000.0,0.0,0,0.0,,,0,False,No payment-progress review signal triggered by the current rules.
WS/MP18133/2025-2026/254600,ND-WRK-1530,Sanction,900000.0,0.0,0,0.0,,,0,False,No payment-progress review signal triggered by the current rules.
WS/MP18133/2025-2026/254601,ND-WRK-1531,Sanction,900000.0,0.0,0,0.0,,,0,False,No payment-progress review signal triggered by the current rules.
WS/MP18133/2025-2026/254602,ND-WRK-1532,Physical Inspection,500000.0,500000.0,1,1.0,130.0,92.0,0,False,No payment-progress review signal triggered by the current rules.
WS/MP18133/2025-2026/255495,ND-WRK-1533,Sanction,500000.0,0.0,0,0.0,,,0,False,No payment-progress review signal triggered by the current rules.
WS/MP18133/2025-2026/255496,ND-WRK-1534,Sanction,600000.0,0.0,0,0.0,,,0,False,No payment-progress review signal triggered by the current rules.
WS/MP18133/2025-2026/255497,ND-WRK-1535,Sanction,400000.0,0.0,0,0.0,,,0,False,No payment-progress review signal triggered by the current rules.
WS/MP18133/2025-2026/255498,ND-WRK-1536,Sanction,700000.0,0.0,0,0.0,,,0,False,No payment-progress review signal triggered by the current rules.
WS/MP18133/2025-2026/255499,ND-WRK-1537,Sanction,500000.0,0.0,0,0.0,,,0,False,No payment-progress review signal triggered by the current rules.
WS/MP18133/2025-2026/255500,ND-WRK-1538,Sanction,1000000.0,0.0,0,0.0,,,0,False,No payment-progress review signal triggered by the current rules.
WS/MP18133/2025-2026/255501,ND-WRK-1539,Sanction,300000.0,0.0,0,0.0,,,0,False,No payment-progress review signal triggered by the current rules.
WS/MP18134/2025-2026/182067,ND-WRK-1571,Sanction,500000.0,0.0,0,0.0,,,0,False,No payment-progress review signal triggered by the current rules.
WS/MP18134/2025-2026/182260,ND-WRK-1573,Sanction,700000.0,0.0,0,0.0,,,0,False,No payment-progress review signal triggered by the current rules.
WS/MP18133/2026-2027/253631,ND-WRK-1542,Sanction,900000.0,0.0,0,0.0,62.0,,0,False,No payment-progress review signal triggered by the current rules.
WS/MP18133/2026-2027/253826,ND-WRK-1543,Sanction,900000.0,0.0,0,0.0,62.0,,0,False,No payment-progress review signal triggered by the current rules.
WS/MP18133/2026-2027/253829,ND-WRK-1544,Sanction,900000.0,0.0,0,0.0,213.0,,0,False,No payment-progress review signal triggered by the current rules.
WS/MP18133/2026-2027/253965,ND-WRK-1545,Sanction,500000.0,0.0,0,0.0,62.0,,0,False,No payment-progress review signal triggered by the current rules.
WS/MP18133/2026-2027/253976,ND-WRK-1546,Sanction,800000.0,0.0,0,0.0,,,0,False,No payment-progress review signal triggered by the current rules.
WS/MP18133/2026-2027/257689,ND-WRK-1547,Sanction,700000.0,0.0,0,0.0,62.0,,0,False,No payment-progress review signal triggered by the current rules.
WS/MP18134/2025-2026/175361,ND-WRK-1548,Physical Inspection,198500.0,198500.0,1,1.0,,,0,False,No payment-progress review signal triggered by the current rules.
WS/MP18134/2025-2026/177357,ND-WRK-1549,Sanction,500000.0,0.0,0,0.0,,,0,False,No payment-progress review signal triggered by the current rules.
WS/MP18134/2025-2026/177373,ND-WRK-1550,Work Completed,1500000.0,1499440.0,1,1.0,,,0,False,No payment-progress review signal triggered by the current rules.
WS/MP18134/2025-2026/177379,ND-WRK-1551,Work Completed,800000.0,793850.0,1,0.992,,-25.0,0,False,No payment-progress review signal triggered by the current rules.
WS/MP18134/2025-2026/178162,ND-WRK-1552,Sanction,500000.0,0.0,0,0.0,,,0,False,No payment-progress review signal triggered by the current rules.
WS/MP18134/2025-2026/178163,ND-WRK-1553,Sanction,500000.0,0.0,0,0.0,,,0,False,No payment-progress review signal triggered by the current rules.
WS/MP18134/2025-2026/178485,ND-WRK-1554,Sanction,500000.0,0.0,0,0.0,,,0,False,No payment-progress review signal triggered by the current rules.
WS/MP18134/2025-2026/178488,ND-WRK-1555,Physical Inspection,993759.0,993759.0,1,1.0,,,0,False,No payment-progress review signal triggered by the current rules.
WS/MP18134/2025-2026/185408,ND-WRK-1587,Sanction,500000.0,0.0,0,0.0,,,0,False,No payment-progress review signal triggered by the current rules.
WS/MP18134/2025-2026/185446,ND-WRK-1588,Physical Inspection,500000.0,493593.0,1,0.987,,,0,False,No payment-progress review signal triggered by the current rules.
WS/MP18134/2025-2026/185488,ND-WRK-1589,Physical Inspection,500000.0,492457.0,1,0.985,,,0,False,No payment-progress review signal triggered by the current rules.
WS/MP18134/2025-2026/179141,ND-WRK-1558,Physical Inspection,700000.0,695177.0,1,0.993,,,0,False,No payment-progress review signal triggered by the current rules.
WS/MP18134/2025-2026/179433,ND-WRK-1559,Physical Inspection,500000.0,496027.0,1,0.992,,,0,False,No payment-progress review signal triggered by the current rules.
WS/MP18134/2025-2026/179913,ND-WRK-1560,Sanction,500000.0,0.0,0,0.0,,,0,False,No payment-progress review signal triggered by the current rules.
WS/MP18134/2025-2026/179985,ND-WRK-1561,Sanction,500000.0,0.0,0,0.0,,,0,False,No payment-progress review signal triggered by the current rules.
WS/MP18134/2025-2026/180012,ND-WRK-1562,Sanction,500000.0,0.0,0,0.0,,,0,False,No payment-progress review signal triggered by the current rules.
WS/MP18134/2025-2026/180477,ND-WRK-1563,Sanction,500000.0,0.0,0,0.0,,,0,False,No payment-progress review signal triggered by the current rules.
WS/MP18134/2025-2026/180488,ND-WRK-1564,Sanction,500000.0,0.0,0,0.0,,,0,False,No payment-progress review signal triggered by the current rules.
WS/MP18134/2025-2026/180596,ND-WRK-1565,Physical Inspection,500000.0,488636.0,1,0.977,,,0,False,No payment-progress review signal triggered by the current rules.
WS/MP18134/2025-2026/181150,ND-WRK-1566,Sanction,500000.0,0.0,0,0.0,,,0,False,No payment-progress review signal triggered by the current rules.
WS/MP18134/2025-2026/181728,ND-WRK-1567,Sanction,500000.0,0.0,0,0.0,,,0,False,No payment-progress review signal triggered by the current rules.
WS/MP18134/2025-2026/181927,ND-WRK-1568,Work partially Completed,500000.0,423406.0,1,0.847,,,0,False,No payment-progress review signal triggered by the current rules.
WS/MP18134/2025-2026/181928,ND-WRK-1569,Sanction,500000.0,0.0,0,0.0,,,0,False,No payment-progress review signal triggered by the current rules.
WS/MP18134/2025-2026/181929,ND-WRK-1570,Work partially Completed,500000.0,413099.0,1,0.826,,153.0,0,False,No payment-progress review signal triggered by the current rules.
WS/MP18134/2025-2026/208876,ND-WRK-1602,Sanction,500000.0,0.0,0,0.0,,,0,False,No payment-progress review signal triggered by the current rules.
WS/MP18134/2025-2026/208879,ND-WRK-1603,Sanction,700000.0,0.0,0,0.0,,,0,False,No payment-progress review signal triggered by the current rules.
WS/MP18134/2025-2026/208883,ND-WRK-1604,Sanction,700000.0,0.0,0,0.0,,,0,False,No payment-progress review signal triggered by the current rules.
WS/MP18134/2025-2026/208996,ND-WRK-1605,Sanction,700000.0,0.0,0,0.0,,,0,False,No payment-progress review signal triggered by the current rules.
WS/MP18134/2025-2026/182705,ND-WRK-1575,Sanction,700000.0,0.0,0,0.0,,,0,False,No payment-progress review signal triggered by the current rules.
WS/MP18134/2025-2026/183099,ND-WRK-1576,Physical Inspection,700000.0,696134.0,1,0.994,,,0,False,No payment-progress review signal triggered by the current rules.
WS/MP18134/2025-2026/183654,ND-WRK-1577,Work Completed,700000.0,686339.0,1,0.98,,,0,False,No payment-progress review signal triggered by the current rules.
WS/MP18134/2025-2026/183906,ND-WRK-1578,Sanction,700000.0,0.0,0,0.0,189.0,,0,False,No payment-progress review signal triggered by the current rules.
WS/MP18134/2025-2026/184183,ND-WRK-1579,Physical Inspection,490467.0,490467.0,1,1.0,,158.0,0,False,No payment-progress review signal triggered by the current rules.
WS/MP18134/2025-2026/184242,ND-WRK-1580,Physical Inspection,500000.0,492854.0,1,0.986,,,0,False,No payment-progress review signal triggered by the current rules.
WS/MP18134/2025-2026/184248,ND-WRK-1581,Physical Inspection,700000.0,693684.0,1,0.991,,,0,False,No payment-progress review signal triggered by the current rules.
WS/MP18134/2025-2026/184304,ND-WRK-1582,Work Completed,500000.0,495321.0,1,0.991,,-58.0,0,False,No payment-progress review signal triggered by the current rules.
WS/MP18134/2025-2026/185004,ND-WRK-1583,Physical Inspection,500000.0,493994.0,1,0.988,,,0,False,No payment-progress review signal triggered by the current rules.
WS/MP18134/2025-2026/185069,ND-WRK-1584,Physical Inspection,500000.0,499060.0,1,0.998,,,0,False,No payment-progress review signal triggered by the current rules.
WS/MP18134/2025-2026/185101,ND-WRK-1585,Work Completed,500000.0,488701.0,1,0.977,,-58.0,0,False,No payment-progress review signal triggered by the current rules.
WS/MP18134/2025-2026/185102,ND-WRK-1586,Sanction,500000.0,0.0,0,0.0,,,0,False,No payment-progress review signal triggered by the current rules.
WS/MP18134/2025-2026/246093,ND-WRK-1618,Sanction,700000.0,0.0,0,0.0,,,0,False,No payment-progress review signal triggered by the current rules.
WS/MP18134/2025-2026/246095,ND-WRK-1619,Sanction,1000000.0,0.0,0,0.0,,,0,False,No payment-progress review signal triggered by the current rules.
WS/MP18134/2025-2026/246097,ND-WRK-1620,Sanction,1000000.0,0.0,0,0.0,189.0,,0,False,No payment-progress review signal triggered by the current rules.
WS/MP18134/2025-2026/246098,ND-WRK-1621,Sanction,1000000.0,0.0,0,0.0,,,0,False,No payment-progress review signal triggered by the current rules.
WS/MP18134/2025-2026/185496,ND-WRK-1590,Sanction,700000.0,0.0,0,0.0,,,0,False,No payment-progress review signal triggered by the current rules.
WS/MP18134/2025-2026/186603,ND-WRK-1591,Sanction,500000.0,0.0,0,0.0,,,0,False,No payment-progress review signal triggered by the current rules.
WS/MP18134/2025-2026/186606,ND-WRK-1592,Physical Inspection,800000.0,673946.0,1,0.842,,,0,False,No payment-progress review signal triggered by the current rules.
WS/MP18134/2025-2026/186640,ND-WRK-1593,Sanction,500000.0,0.0,0,0.0,189.0,,0,False,No payment-progress review signal triggered by the current rules.
WS/MP18134/2025-2026/186877,ND-WRK-1594,Sanction,500000.0,0.0,0,0.0,189.0,,0,False,No payment-progress review signal triggered by the current rules.
WS/MP18134/2025-2026/187695,ND-WRK-1595,Sanction,700000.0,0.0,0,0.0,,,0,False,No payment-progress review signal triggered by the current rules.
WS/MP18134/2025-2026/187740,ND-WRK-1596,Sanction,500000.0,0.0,0,0.0,,,0,False,No payment-progress review signal triggered by the current rules.
WS/MP18134/2025-2026/187742,ND-WRK-1597,Physical Inspection,500000.0,499215.0,1,0.998,,,0,False,No payment-progress review signal triggered by the current rules.
WS/MP18134/2025-2026/188588,ND-WRK-1598,Physical Inspection,500000.0,471833.0,1,0.944,,,0,False,No payment-progress review signal triggered by the current rules.
WS/MP18134/2025-2026/188614,ND-WRK-1599,Sanction,700000.0,0.0,0,0.0,,,0,False,No payment-progress review signal triggered by the current rules.
WS/MP18134/2025-2026/208870,ND-WRK-1600,Sanction,1000000.0,0.0,0,0.0,,,0,False,No payment-progress review signal triggered by the current rules.
WS/MP18134/2025-2026/208873,ND-WRK-1601,Physical Inspection,986613.0,986613.0,1,1.0,,,0,False,No payment-progress review signal triggered by the current rules.
WS/MP18134/2026-2027/245975,ND-WRK-1634,Sanction,700000.0,0.0,0,0.0,,,0,False,No payment-progress review signal triggered by the current rules.
WS/MP18134/2026-2027/246002,ND-WRK-1635,Sanction,700000.0,0.0,0,0.0,,,0,False,No payment-progress review signal triggered by the current rules.
WS/MP18134/2026-2027/246056,ND-WRK-1636,Sanction,700000.0,0.0,0,0.0,,,0,False,No payment-progress review signal triggered by the current rules.
WS/MP18134/2026-2027/246070,ND-WRK-1637,Sanction,1000000.0,0.0,0,0.0,,,0,False,No payment-progress review signal triggered by the current rules.
WS/MP18134/2025-2026/240364,ND-WRK-1606,Sanction,1000000.0,0.0,0,0.0,189.0,,0,False,No payment-progress review signal triggered by the current rules.
WS/MP18134/2025-2026/245261,ND-WRK-1607,Physical Inspection,700000.0,693321.0,1,0.99,,,0,False,No payment-progress review signal triggered by the current rules.
WS/MP18134/2025-2026/245958,ND-WRK-1608,Sanction,1000000.0,0.0,0,0.0,,,0,False,No payment-progress review signal triggered by the current rules.
WS/MP18134/2025-2026/245965,ND-WRK-1609,Sanction,700000.0,0.0,0,0.0,,,0,False,No payment-progress review signal triggered by the current rules.
WS/MP18134/2025-2026/245972,ND-WRK-1610,Sanction,1000000.0,0.0,0,0.0,189.0,,0,False,No payment-progress review signal triggered by the current rules.
WS/MP18134/2025-2026/245985,ND-WRK-1611,Sanction,700000.0,0.0,0,0.0,189.0,,0,False,No payment-progress review signal triggered by the current rules.
WS/MP18134/2025-2026/245987,ND-WRK-1612,Sanction,700000.0,0.0,0,0.0,,,0,False,No payment-progress review signal triggered by the current rules.
WS/MP18134/2025-2026/246023,ND-WRK-1613,Sanction,700000.0,0.0,0,0.0,189.0,,0,False,No payment-progress review signal triggered by the current rules.
WS/MP18134/2025-2026/246029,ND-WRK-1614,Sanction,1000000.0,0.0,0,0.0,189.0,,0,False,No payment-progress review signal triggered by the current rules.
WS/MP18134/2025-2026/246037,ND-WRK-1615,Sanction,1000000.0,0.0,0,0.0,189.0,,0,False,No payment-progress review signal triggered by the current rules.
WS/MP18134/2025-2026/246039,ND-WRK-1616,Physical Inspection,497764.0,497764.0,1,1.0,,,0,False,No payment-progress review signal triggered by the current rules.
WS/MP18134/2025-2026/246059,ND-WRK-1617,Sanction,700000.0,0.0,0,0.0,,,0,False,No payment-progress review signal triggered by the current rules.
WS/MP18136/2025-2026/165241,ND-WRK-1650,Work Completed,700000.0,697946.0,1,0.997,369.0,,0,False,No payment-progress review signal triggered by the current rules.
WS/MP18136/2025-2026/165242,ND-WRK-1651,Work Completed,250000.0,250000.0,1,1.0,369.0,,0,False,No payment-progress review signal triggered by the current rules.
WS/MP18136/2025-2026/165243,ND-WRK-1652,Work Completed,750000.0,745384.0,1,0.994,369.0,,0,False,No payment-progress review signal triggered by the current rules.
WS/MP18136/2025-2026/165244,ND-WRK-1653,Work Completed,600000.0,598131.0,1,0.997,369.0,,0,False,No payment-progress review signal triggered by the current rules.
WS/MP18134/2025-2026/246099,ND-WRK-1622,Sanction,1000000.0,0.0,0,0.0,,,0,False,No payment-progress review signal triggered by the current rules.
WS/MP18134/2025-2026/246122,ND-WRK-1623,Sanction,700000.0,0.0,0,0.0,,,0,False,No payment-progress review signal triggered by the current rules.
WS/MP18134/2025-2026/246124,ND-WRK-1624,Sanction,1000000.0,0.0,0,0.0,189.0,,0,False,No payment-progress review signal triggered by the current rules.
WS/MP18134/2025-2026/247447,ND-WRK-1625,Physical Inspection,999560.0,999560.0,1,1.0,,-89.0,0,False,No payment-progress review signal triggered by the current rules.
WS/MP18134/2025-2026/248252,ND-WRK-1626,Sanction,1000000.0,0.0,0,0.0,,,0,False,No payment-progress review signal triggered by the current rules.
WS/MP18134/2025-2026/248348,ND-WRK-1627,Sanction,1000000.0,0.0,0,0.0,189.0,,0,False,No payment-progress review signal triggered by the current rules.
WS/MP18134/2025-2026/248372,ND-WRK-1628,Sanction,500000.0,0.0,0,0.0,,,0,False,No payment-progress review signal triggered by the current rules.
WS/MP18134/2025-2026/251210,ND-WRK-1629,Sanction,1000000.0,0.0,0,0.0,189.0,,0,False,No payment-progress review signal triggered by the current rules.
WS/MP18134/2026-2027/179432,ND-WRK-1630,Sanction,1000000.0,0.0,0,0.0,,,0,False,No payment-progress review signal triggered by the current rules.
WS/MP18134/2026-2027/181726,ND-WRK-1631,Physical Inspection,500000.0,496201.0,1,0.992,,,0,False,No payment-progress review signal triggered by the current rules.
WS/MP18134/2026-2027/209288,ND-WRK-1632,Sanction,1000000.0,0.0,0,0.0,,,0,False,No payment-progress review signal triggered by the current rules.
WS/MP18134/2026-2027/237134,ND-WRK-1633,Physical Inspection,500000.0,499992.0,1,1.0,,,0,False,No payment-progress review signal triggered by the current rules.
WS/MP18136/2025-2026/179022,ND-WRK-1665,Sanction,499120.0,0.0,0,0.0,,,0,False,No payment-progress review signal triggered by the current rules.
WS/MP18136/2025-2026/179863,ND-WRK-1666,Work Completed,999733.0,997211.0,1,0.997,430.0,-24.0,0,False,No payment-progress review signal triggered by the current rules.
WS/MP18136/2025-2026/180113,ND-WRK-1667,Work Completed,150000.0,148628.0,1,0.991,430.0,,0,False,No payment-progress review signal triggered by the current rules.
WS/MP18136/2025-2026/185985,ND-WRK-1668,Physical Inspection,999971.0,992449.0,1,0.992,,1.0,0,False,No payment-progress review signal triggered by the current rules.
WS/MP18136/2025-2026/185986,ND-WRK-1669,Physical Inspection,999932.0,991420.0,1,0.991,,,0,False,No payment-progress review signal triggered by the current rules.
WS/MP18134/2026-2027/246123,ND-WRK-1638,Sanction,700000.0,0.0,0,0.0,,,0,False,No payment-progress review signal triggered by the current rules.
WS/MP18134/2026-2027/247446,ND-WRK-1639,Sanction,1000000.0,0.0,0,0.0,,,0,False,No payment-progress review signal triggered by the current rules.
WS/MP18134/2026-2027/247457,ND-WRK-1640,Sanction,1000000.0,0.0,0,0.0,,,0,False,No payment-progress review signal triggered by the current rules.
WS/MP18134/2026-2027/256425,ND-WRK-1641,Sanction,700000.0,0.0,0,0.0,,,0,False,No payment-progress review signal triggered by the current rules.
WS/MP18134/2026-2027/258956,ND-WRK-1642,Sanction,1000000.0,0.0,0,0.0,,,0,False,No payment-progress review signal triggered by the current rules.
WS/MP18134/2026-2027/260736,ND-WRK-1643,Sanction,1000000.0,0.0,0,0.0,244.0,,0,False,No payment-progress review signal triggered by the current rules.
WS/MP18134/2026-2027/266317,ND-WRK-1644,Sanction,1000000.0,0.0,0,0.0,244.0,,0,False,No payment-progress review signal triggered by the current rules.
WS/MP18134/2026-2027/267033,ND-WRK-1645,Sanction,1000000.0,0.0,0,0.0,244.0,,0,False,No payment-progress review signal triggered by the current rules.
WS/MP18136/2025-2026/165205,ND-WRK-1646,Physical Inspection,547388.0,530688.0,1,0.969,369.0,,0,False,No payment-progress review signal triggered by the current rules.
WS/MP18136/2025-2026/165207,ND-WRK-1648,Work Completed,2000000.0,1869606.0,1,0.935,369.0,65.0,0,False,No payment-progress review signal triggered by the current rules.
WS/MP18136/2025-2026/165240,ND-WRK-1649,Work Completed,1000000.0,994179.0,1,0.994,369.0,,0,False,No payment-progress review signal triggered by the current rules.
WS/MP18136/2025-2026/218115,ND-WRK-1679,Physical Inspection,1000000.0,984594.0,1,0.985,,99.0,0,False,No payment-progress review signal triggered by the current rules.
WS/MP18136/2026-2027/195063,ND-WRK-1681,Vendor Identification,500000.0,0.0,0,0.0,1.0,,0,False,No payment-progress review signal triggered by the current rules.
WS/MP18136/2026-2027/195110,ND-WRK-1682,Sanction,1000000.0,0.0,0,0.0,1.0,,0,False,No payment-progress review signal triggered by the current rules.
WS/MP18136/2026-2027/195289,ND-WRK-1683,Sanction,400000.0,0.0,0,0.0,1.0,,0,False,No payment-progress review signal triggered by the current rules.
WS/MP18136/2026-2027/195290,ND-WRK-1684,Work partially Completed,1000000.0,1000000.0,1,1.0,1.0,152.0,0,False,No payment-progress review signal triggered by the current rules.
WS/MP18136/2026-2027/195293,ND-WRK-1685,Physical Inspection,400000.0,398363.0,1,0.996,1.0,,0,False,No payment-progress review signal triggered by the current rules.
WS/MP18136/2025-2026/165692,ND-WRK-1654,Work Completed,950000.0,946131.0,1,0.996,369.0,394.0,0,False,No payment-progress review signal triggered by the current rules.
WS/MP18136/2025-2026/165694,ND-WRK-1655,Work Completed,1200000.0,1195809.0,1,0.997,369.0,,0,False,No payment-progress review signal triggered by the current rules.
WS/MP18136/2025-2026/167487,ND-WRK-1656,Work Completed,1000000.0,1000000.0,1,1.0,369.0,,0,False,No payment-progress review signal triggered by the current rules.
WS/MP18136/2025-2026/167489,ND-WRK-1657,Work Completed,1000000.0,1000000.0,1,1.0,369.0,,0,False,No payment-progress review signal triggered by the current rules.
WS/MP18136/2025-2026/167490,ND-WRK-1658,Work Completed,1000000.0,998218.0,1,0.998,369.0,,0,False,No payment-progress review signal triggered by the current rules.
WS/MP18136/2025-2026/167491,ND-WRK-1659,Work Completed,1000000.0,964353.0,1,0.964,369.0,,0,False,No payment-progress review signal triggered by the current rules.
WS/MP18136/2025-2026/167492,ND-WRK-1660,Work Completed,700000.0,700000.0,1,1.0,369.0,,0,False,No payment-progress review signal triggered by the current rules.
WS/MP18136/2025-2026/167493,ND-WRK-1661,Work Completed,1000000.0,998950.0,1,0.999,369.0,,0,False,No payment-progress review signal triggered by the current rules.
WS/MP18136/2025-2026/176829,ND-WRK-1663,Work Completed,700000.0,695805.0,1,0.994,430.0,,0,False,No payment-progress review signal triggered by the current rules.
WS/MP18136/2025-2026/179020,ND-WRK-1664,Work Completed,300000.0,297851.0,1,0.993,430.0,-24.0,0,False,No payment-progress review signal triggered by the current rules.
WS/MP18136/2026-2027/199775,ND-WRK-1693,Work Completed,500000.0,498230.0,1,0.996,,126.0,0,False,No payment-progress review signal triggered by the current rules.
WS/MP18136/2026-2027/204526,ND-WRK-1694,Sanction,1000000.0,0.0,0,0.0,1.0,,0,False,No payment-progress review signal triggered by the current rules.
WS/MP18136/2026-2027/257200,ND-WRK-1697,Physical Inspection,999600.0,995588.0,1,0.996,1.0,1.0,0,False,No payment-progress review signal triggered by the current rules.
WS/MP18136/2026-2027/273905,ND-WRK-1698,Physical Inspection,899000.0,884556.0,1,0.984,211.0,61.0,0,False,No payment-progress review signal triggered by the current rules.
WS/MP18136/2026-2027/277783,ND-WRK-1699,Sanction,1000000.0,0.0,0,0.0,,,0,False,No payment-progress review signal triggered by the current rules.
WS/MP18136/2026-2027/278484,ND-WRK-1700,Work partially Completed,1500000.0,1027623.0,1,0.685,,61.0,0,False,No payment-progress review signal triggered by the current rules.
WS/MP18258/2025-2026/159947,ND-WRK-1701,Work Completed,2500000.0,1806232.0,1,0.722,,,0,False,No payment-progress review signal triggered by the current rules.
WS/MP18136/2025-2026/185987,ND-WRK-1670,Work Completed,991645.0,982179.0,1,0.99,,,0,False,No payment-progress review signal triggered by the current rules.
WS/MP18136/2025-2026/185988,ND-WRK-1671,Work Completed,1000000.0,991408.0,1,0.991,,,0,False,No payment-progress review signal triggered by the current rules.
WS/MP18136/2025-2026/186384,ND-WRK-1672,Work Completed,999974.0,988064.0,1,0.988,,,0,False,No payment-progress review signal triggered by the current rules.
WS/MP18136/2025-2026/195313,ND-WRK-1673,Work Completed,999959.0,990689.0,1,0.991,6.0,,0,False,No payment-progress review signal triggered by the current rules.
WS/MP18136/2025-2026/199769,ND-WRK-1674,Work Completed,999492.0,997936.0,1,0.998,,,0,False,No payment-progress review signal triggered by the current rules.
WS/MP18136/2025-2026/204527,ND-WRK-1675,Sanction,96400.0,0.0,0,0.0,,,0,False,No payment-progress review signal triggered by the current rules.
WS/MP18136/2025-2026/204528,ND-WRK-1676,Sanction,96400.0,0.0,0,0.0,,,0,False,No payment-progress review signal triggered by the current rules.
WS/MP18136/2025-2026/204530,ND-WRK-1677,Work Completed,1000000.0,991944.0,1,0.992,,190.0,0,False,No payment-progress review signal triggered by the current rules.
WS/MP18136/2025-2026/216856,ND-WRK-1678,Work Completed,995210.0,995210.0,1,1.0,,,0,False,No payment-progress review signal triggered by the current rules.
WS/MP18136/2026-2027/195298,ND-WRK-1689,Sanction,500000.0,0.0,0,0.0,1.0,,0,False,No payment-progress review signal triggered by the current rules.
WS/MP18136/2026-2027/195300,ND-WRK-1690,Work Completed,500000.0,491863.0,1,0.984,-26.0,,0,False,No payment-progress review signal triggered by the current rules.
WS/MP18112/2025-2026/200109,ND-WRK-0219,Work Completed,300000.0,299962.0,1,1.0,,,0,False,No payment-progress review signal triggered by the current rules.
WS/MP18112/2025-2026/200111,ND-WRK-0220,Sanction,99000.0,0.0,0,0.0,363.0,,0,False,No payment-progress review signal triggered by the current rules.
WS/MP18112/2025-2026/200112,ND-WRK-0221,Sanction,99000.0,0.0,0,0.0,363.0,,0,False,No payment-progress review signal triggered by the current rules.
WS/MP18112/2025-2026/200113,ND-WRK-0222,Sanction,99000.0,0.0,0,0.0,363.0,,0,False,No payment-progress review signal triggered by the current rules.
WS/MP18112/2025-2026/200115,ND-WRK-0223,Work Completed,500000.0,499860.0,1,1.0,,606.0,0,False,No payment-progress review signal triggered by the current rules.
WS/MP18112/2025-2026/200117,ND-WRK-0224,Sanction,99000.0,0.0,0,0.0,363.0,,0,False,No payment-progress review signal triggered by the current rules.
WS/MP18112/2025-2026/200936,ND-WRK-0225,Work Completed,1000000.0,985762.0,1,0.986,,67.0,0,False,No payment-progress review signal triggered by the current rules.
WS/MP18112/2025-2026/203654,ND-WRK-0226,Sanction,124000.0,0.0,0,0.0,363.0,,0,False,No payment-progress review signal triggered by the current rules.
WS/MP18112/2025-2026/203657,ND-WRK-0227,Work Completed,800000.0,775116.0,1,0.969,,69.0,0,False,No payment-progress review signal triggered by the current rules.
WS/MP18112/2025-2026/205148,ND-WRK-0228,Work partially Completed,1000000.0,986906.0,1,0.987,98.0,,0,False,No payment-progress review signal triggered by the current rules.
WS/MP18112/2025-2026/188619,ND-WRK-0199,Work partially Completed,1500000.0,1499170.0,2,0.999,98.0,,0,False,No payment-progress review signal triggered by the current rules.
WS/MP18112/2025-2026/188842,ND-WRK-0201,Work partially Completed,1500000.0,1499601.0,1,1.0,,,0,False,No payment-progress review signal triggered by the current rules.
WS/MP18136/2026-2027/195302,ND-WRK-1691,Time Estimation,400000.0,0.0,0,0.0,1.0,,0,False,No payment-progress review signal triggered by the current rules.
WS/MP18136/2026-2027/195303,ND-WRK-1692,Sanction,699972.0,0.0,0,0.0,1.0,,0,False,No payment-progress review signal triggered by the current rules.
WS/MP18280/2025-2026/186712,ND-WRK-1733,Physical Inspection,220000.0,215332.0,1,0.979,,158.0,0,False,No payment-progress review signal triggered by the current rules.
WS/MP18258/2025-2026/164630,ND-WRK-1702,Work Completed,500000.0,449205.0,2,0.898,490.0,,0,False,No payment-progress review signal triggered by the current rules.
WS/MP18258/2025-2026/183814,ND-WRK-1703,Work Completed,1000000.0,999828.0,1,1.0,5.0,-25.0,0,False,No payment-progress review signal triggered by the current rules.
WS/MP18258/2025-2026/183816,ND-WRK-1704,Work Completed,500000.0,476962.0,1,0.954,5.0,-25.0,0,False,No payment-progress review signal triggered by the current rules.
WS/MP18258/2025-2026/183824,ND-WRK-1705,Work Completed,1000000.0,984502.0,1,0.985,-56.0,,0,False,No payment-progress review signal triggered by the current rules.
WS/MP18258/2025-2026/183960,ND-WRK-1707,Physical Inspection,1149003.0,1149003.0,1,1.0,,159.0,0,False,No payment-progress review signal triggered by the current rules.
WS/MP18258/2026-2027/183793,ND-WRK-1708,Physical Inspection,1500000.0,1181239.0,1,0.787,,,0,False,No payment-progress review signal triggered by the current rules.
WS/MP18258/2026-2027/183797,ND-WRK-1709,Physical Inspection,1500000.0,1466928.0,1,0.978,184.0,62.0,0,False,No payment-progress review signal triggered by the current rules.
WS/MP18258/2026-2027/183802,ND-WRK-1710,Physical Inspection,1000000.0,995057.0,1,0.995,,,0,False,No payment-progress review signal triggered by the current rules.
WS/MP18258/2026-2027/183805,ND-WRK-1711,Physical Inspection,1500000.0,1113514.0,1,0.742,,,0,False,No payment-progress review signal triggered by the current rules.
WS/MP18258/2026-2027/183811,ND-WRK-1712,Physical Inspection,1000000.0,985923.0,1,0.986,,,0,False,No payment-progress review signal triggered by the current rules.
WS/MP18258/2026-2027/183812,ND-WRK-1713,Physical Inspection,1500000.0,1416321.0,1,0.944,,,0,False,No payment-progress review signal triggered by the current rules.
WS/MP18258/2026-2027/245999,ND-WRK-1716,Physical Inspection,1000000.0,977605.0,1,0.978,211.0,152.0,0,False,No payment-progress review signal triggered by the current rules.
WS/MP18280/2025-2026/162290,ND-WRK-1717,Physical Inspection,220000.0,215332.0,1,0.979,,-56.0,0,False,No payment-progress review signal triggered by the current rules.
WS/MP18136/2026-2027/195295,ND-WRK-1687,Sanction,499100.0,0.0,0,0.0,1.0,,0,False,No payment-progress review signal triggered by the current rules.
WS/MP18136/2026-2027/195297,ND-WRK-1688,Work Completed,500000.0,489099.0,1,0.978,-26.0,,0,False,No payment-progress review signal triggered by the current rules.
WS/MP18280/2025-2026/186966,ND-WRK-1749,Physical Inspection,220000.0,215332.0,1,0.979,,158.0,0,False,No payment-progress review signal triggered by the current rules.
WS/MP18280/2025-2026/172258,ND-WRK-1718,Sanction,1000000.0,0.0,0,0.0,,,0,False,No payment-progress review signal triggered by the current rules.
WS/MP18280/2025-2026/172259,ND-WRK-1719,Sanction,1000000.0,0.0,0,0.0,,,0,False,No payment-progress review signal triggered by the current rules.
WS/MP18280/2025-2026/173642,ND-WRK-1720,Sanction,1000000.0,0.0,0,0.0,,,0,False,No payment-progress review signal triggered by the current rules.
WS/MP18280/2025-2026/173643,ND-WRK-1721,Sanction,1000000.0,0.0,0,0.0,,,0,False,No payment-progress review signal triggered by the current rules.
WS/MP18280/2025-2026/173644,ND-WRK-1722,Sanction,1000000.0,0.0,0,0.0,,,0,False,No payment-progress review signal triggered by the current rules.
WS/MP18280/2025-2026/173645,ND-WRK-1723,Sanction,1000000.0,0.0,0,0.0,,,0,False,No payment-progress review signal triggered by the current rules.
WS/MP18280/2025-2026/173646,ND-WRK-1724,Sanction,1000000.0,0.0,0,0.0,,,0,False,No payment-progress review signal triggered by the current rules.
WS/MP18280/2025-2026/173682,ND-WRK-1725,Sanction,1000000.0,0.0,0,0.0,,,0,False,No payment-progress review signal triggered by the current rules.
WS/MP18280/2025-2026/185070,ND-WRK-1726,Physical Inspection,220000.0,215332.0,1,0.979,,,0,False,No payment-progress review signal triggered by the current rules.
WS/MP18280/2025-2026/185071,ND-WRK-1727,Physical Inspection,220000.0,215332.0,1,0.979,,,0,False,No payment-progress review signal triggered by the current rules.
WS/MP18280/2025-2026/185072,ND-WRK-1728,Physical Inspection,220000.0,215332.0,1,0.979,,158.0,0,False,No payment-progress review signal triggered by the current rules.
WS/MP18280/2025-2026/186636,ND-WRK-1729,Physical Inspection,220000.0,215332.0,1,0.979,,-56.0,0,False,No payment-progress review signal triggered by the current rules.
WS/MP18280/2025-2026/186637,ND-WRK-1730,Physical Inspection,220000.0,215332.0,1,0.979,,158.0,0,False,No payment-progress review signal triggered by the current rules.
WS/MP18280/2025-2026/186638,ND-WRK-1731,Physical Inspection,220000.0,215332.0,1,0.979,,158.0,0,False,No payment-progress review signal triggered by the current rules.
WS/MP18280/2025-2026/186639,ND-WRK-1732,Physical Inspection,220000.0,215332.0,1,0.979,,158.0,0,False,No payment-progress review signal triggered by the current rules.
WS/MP18280/2025-2026/186717,ND-WRK-1738,Physical Inspection,220000.0,215332.0,1,0.979,,,0,False,No payment-progress review signal triggered by the current rules.
WS/MP18112/2025-2026/188956,ND-WRK-0204,Work Completed,700000.0,687463.0,1,0.982,,,0,False,No payment-progress review signal triggered by the current rules.
WS/MP18112/2025-2026/188982,ND-WRK-0205,Work Completed,1500000.0,1492290.0,1,0.995,,,0,False,No payment-progress review signal triggered by the current rules.
WS/MP18112/2025-2026/188983,ND-WRK-0206,Work Completed,1000000.0,973361.0,1,0.973,,,0,False,No payment-progress review signal triggered by the current rules.
WS/MP18112/2025-2026/189002,ND-WRK-0208,Sanction,1000000.0,0.0,0,0.0,,,0,False,No payment-progress review signal triggered by the current rules.
WS/MP18112/2025-2026/189005,ND-WRK-0209,Work partially Completed,1000000.0,891074.0,1,0.891,,,0,False,No payment-progress review signal triggered by the current rules.
WS/MP18112/2025-2026/189777,ND-WRK-0210,Work Completed,800000.0,781671.0,1,0.977,,,0,False,No payment-progress review signal triggered by the current rules.
WS/MP18112/2025-2026/193779,ND-WRK-0211,Sanction,2500000.0,0.0,0,0.0,,,0,False,No payment-progress review signal triggered by the current rules.
WS/MP18112/2025-2026/194085,ND-WRK-0212,Work Completed,1000000.0,1000000.0,1,1.0,-86.0,,0,False,No payment-progress review signal triggered by the current rules.
WS/MP18112/2025-2026/199853,ND-WRK-0213,Work Completed,960000.0,952000.0,1,0.992,457.0,-26.0,0,False,No payment-progress review signal triggered by the current rules.
WS/MP18112/2025-2026/177508,ND-WRK-0182,Work partially Completed,1000000.0,951952.0,1,0.952,,,0,False,No payment-progress review signal triggered by the current rules.
WS/MP18112/2025-2026/177509,ND-WRK-0183,Sanction,1000000.0,0.0,0,0.0,,,0,False,No payment-progress review signal triggered by the current rules.
WS/MP18112/2025-2026/177510,ND-WRK-0184,Work Completed,2000000.0,1996461.0,1,0.998,,-88.0,0,False,No payment-progress review signal triggered by the current rules.
WS/MP18112/2025-2026/178905,ND-WRK-0186,Work Completed,1000000.0,996941.0,1,0.997,-86.0,,0,False,No payment-progress review signal triggered by the current rules.
WS/MP18280/2025-2026/186814,ND-WRK-1739,Physical Inspection,220000.0,215332.0,1,0.979,,158.0,0,False,No payment-progress review signal triggered by the current rules.
WS/MP18280/2025-2026/186965,ND-WRK-1748,Physical Inspection,220000.0,215332.0,1,0.979,,,0,False,No payment-progress review signal triggered by the current rules.
WS/MP18280/2025-2026/186967,ND-WRK-1750,Physical Inspection,220000.0,215332.0,1,0.979,,158.0,0,False,No payment-progress review signal triggered by the current rules.
WS/MP18280/2025-2026/186968,ND-WRK-1751,Physical Inspection,220000.0,215332.0,1,0.979,,,0,False,No payment-progress review signal triggered by the current rules.
WS/MP18280/2025-2026/186969,ND-WRK-1752,Physical Inspection,220000.0,215332.0,1,0.979,,-56.0,0,False,No payment-progress review signal triggered by the current rules.
WS/MP18280/2025-2026/186971,ND-WRK-1753,Physical Inspection,220000.0,215332.0,1,0.979,,,0,False,No payment-progress review signal triggered by the current rules.
WS/MP18280/2025-2026/186972,ND-WRK-1754,Physical Inspection,220000.0,215332.0,1,0.979,,158.0,0,False,No payment-progress review signal triggered by the current rules.
WS/MP18280/2025-2026/186973,ND-WRK-1755,Physical Inspection,220000.0,215332.0,1,0.979,,,0,False,No payment-progress review signal triggered by the current rules.
WS/MP18280/2025-2026/186974,ND-WRK-1756,Physical Inspection,220000.0,215332.0,1,0.979,,158.0,0,False,No payment-progress review signal triggered by the current rules.
WS/MP18280/2025-2026/186976,ND-WRK-1757,Physical Inspection,220000.0,215332.0,1,0.979,,158.0,0,False,No payment-progress review signal triggered by the current rules.
WS/MP18280/2025-2026/186977,ND-WRK-1758,Physical Inspection,220000.0,215332.0,1,0.979,,,0,False,No payment-progress review signal triggered by the current rules.
WS/MP18280/2025-2026/186978,ND-WRK-1759,Physical Inspection,220000.0,215332.0,1,0.979,,,0,False,No payment-progress review signal triggered by the current rules.
WS/MP18280/2025-2026/186979,ND-WRK-1760,Physical Inspection,220000.0,215332.0,1,0.979,,158.0,0,False,No payment-progress review signal triggered by the current rules.
WS/MP18280/2025-2026/186994,ND-WRK-1765,Physical Inspection,220000.0,215332.0,1,0.979,,,0,False,No payment-progress review signal triggered by the current rules.
WS/MP18280/2025-2026/186713,ND-WRK-1734,Physical Inspection,220000.0,215332.0,1,0.979,,158.0,0,False,No payment-progress review signal triggered by the current rules.
WS/MP18280/2025-2026/186714,ND-WRK-1735,Physical Inspection,220000.0,215332.0,1,0.979,,158.0,0,False,No payment-progress review signal triggered by the current rules.
WS/MP18280/2025-2026/186715,ND-WRK-1736,Physical Inspection,220000.0,215332.0,1,0.979,,,0,False,No payment-progress review signal triggered by the current rules.
WS/MP18280/2025-2026/186716,ND-WRK-1737,Physical Inspection,220000.0,215332.0,1,0.979,,,0,False,No payment-progress review signal triggered by the current rules.
WS/MP18280/2025-2026/186995,ND-WRK-1766,Physical Inspection,220000.0,215332.0,1,0.979,,,0,False,No payment-progress review signal triggered by the current rules.
WS/MP18280/2025-2026/186996,ND-WRK-1767,Physical Inspection,220000.0,215332.0,1,0.979,,,0,False,No payment-progress review signal triggered by the current rules.
WS/MP18280/2025-2026/186997,ND-WRK-1768,Physical Inspection,220000.0,215332.0,1,0.979,,,0,False,No payment-progress review signal triggered by the current rules.
WS/MP18280/2025-2026/186998,ND-WRK-1769,Physical Inspection,220000.0,215332.0,1,0.979,,,0,False,No payment-progress review signal triggered by the current rules.
WS/MP18280/2025-2026/186999,ND-WRK-1770,Physical Inspection,220000.0,215332.0,1,0.979,,158.0,0,False,No payment-progress review signal triggered by the current rules.
WS/MP18280/2025-2026/187601,ND-WRK-1771,Physical Inspection,220000.0,215332.0,1,0.979,,158.0,0,False,No payment-progress review signal triggered by the current rules.
WS/MP18280/2025-2026/187602,ND-WRK-1772,Physical Inspection,220000.0,215332.0,1,0.979,,158.0,0,False,No payment-progress review signal triggered by the current rules.
WS/MP18280/2025-2026/187603,ND-WRK-1773,Physical Inspection,220000.0,215332.0,1,0.979,,,0,False,No payment-progress review signal triggered by the current rules.
WS/MP18280/2025-2026/187604,ND-WRK-1774,Physical Inspection,220000.0,215332.0,1,0.979,,158.0,0,False,No payment-progress review signal triggered by the current rules.
WS/MP18280/2025-2026/187605,ND-WRK-1775,Physical Inspection,220000.0,215332.0,1,0.979,,158.0,0,False,No payment-progress review signal triggered by the current rules.
WS/MP18280/2025-2026/187606,ND-WRK-1776,Physical Inspection,220000.0,215332.0,1,0.979,,,0,False,No payment-progress review signal triggered by the current rules.
WS/MP18280/2025-2026/187607,ND-WRK-1777,Physical Inspection,220000.0,215332.0,1,0.979,,,0,False,No payment-progress review signal triggered by the current rules.
WS/MP18280/2025-2026/259795,ND-WRK-1778,Sanction,500000.0,0.0,0,0.0,,,0,False,No payment-progress review signal triggered by the current rules.
WS/MP18280/2025-2026/259796,ND-WRK-1779,Sanction,900000.0,0.0,0,0.0,,,0,False,No payment-progress review signal triggered by the current rules.
WS/MP18280/2025-2026/259797,ND-WRK-1780,Sanction,300000.0,0.0,0,0.0,,,0,False,No payment-progress review signal triggered by the current rules.
WS/MP18280/2025-2026/259798,ND-WRK-1781,Sanction,300000.0,0.0,0,0.0,,,0,False,No payment-progress review signal triggered by the current rules.
WS/MP18307/2025-2026/230960,ND-WRK-1811,Sanction,2500000.0,0.0,0,0.0,,,0,False,No payment-progress review signal triggered by the current rules.
WS/MP18307/2025-2026/230963,ND-WRK-1812,Sanction,2000000.0,0.0,0,0.0,,,0,False,No payment-progress review signal triggered by the current rules.
WS/MP18307/2025-2026/230965,ND-WRK-1813,Sanction,2500000.0,0.0,0,0.0,,,0,False,No payment-progress review signal triggered by the current rules.
WS/MP18280/2026-2027/239361,ND-WRK-1782,Sanction,300000.0,0.0,0,0.0,,,0,False,No payment-progress review signal triggered by the current rules.
WS/MP18280/2026-2027/292714,ND-WRK-1783,Sanction,500000.0,0.0,0,0.0,,,0,False,No payment-progress review signal triggered by the current rules.
WS/MP18307/2025-2026/143526,ND-WRK-1784,Sanction,4500000.0,0.0,0,0.0,,,0,False,No payment-progress review signal triggered by the current rules.
WS/MP18307/2025-2026/143601,ND-WRK-1786,Sanction,2000000.0,0.0,0,0.0,,,0,False,No payment-progress review signal triggered by the current rules.
WS/MP18307/2025-2026/143602,ND-WRK-1787,Sanction,2000000.0,0.0,0,0.0,,,0,False,No payment-progress review signal triggered by the current rules.
WS/MP18307/2025-2026/143603,ND-WRK-1788,Work partially Completed,2500000.0,2498104.0,1,0.999,,,0,False,No payment-progress review signal triggered by the current rules.
WS/MP18307/2025-2026/143606,ND-WRK-1789,Work partially Completed,2000000.0,1998482.0,1,0.999,,153.0,0,False,No payment-progress review signal triggered by the current rules.
WS/MP18307/2025-2026/143608,ND-WRK-1791,Work partially Completed,2000000.0,1998482.0,1,0.999,,,0,False,No payment-progress review signal triggered by the current rules.
WS/MP18307/2025-2026/143609,ND-WRK-1792,Sanction,2000000.0,0.0,0,0.0,,,0,False,No payment-progress review signal triggered by the current rules.
WS/MP18307/2025-2026/143610,ND-WRK-1793,Work partially Completed,1500000.0,1498861.0,1,0.999,,,0,False,No payment-progress review signal triggered by the current rules.
WS/MP18307/2025-2026/143611,ND-WRK-1794,Work partially Completed,1500000.0,1485428.0,1,0.99,,,0,False,No payment-progress review signal triggered by the current rules.
WS/MP18307/2025-2026/143613,ND-WRK-1796,Physical Inspection,1500000.0,1498861.0,1,0.999,,153.0,0,False,No payment-progress review signal triggered by the current rules.
WS/MP18307/2025-2026/146575,ND-WRK-1797,Work partially Completed,2000000.0,1998482.0,1,0.999,,,0,False,No payment-progress review signal triggered by the current rules.
WS/MP18307/2025-2026/180070,ND-WRK-1801,Sanction,1000000.0,0.0,0,0.0,,,0,False,No payment-progress review signal triggered by the current rules.
WS/MP18307/2025-2026/180089,ND-WRK-1802,Sanction,1000000.0,0.0,0,0.0,,,0,False,No payment-progress review signal triggered by the current rules.
WS/MP18112/2025-2026/188585,ND-WRK-0189,Work Completed,1000000.0,992544.0,1,0.993,457.0,,0,False,No payment-progress review signal triggered by the current rules.
WS/MP18112/2025-2026/188589,ND-WRK-0191,Work Completed,961000.0,961000.0,1,1.0,457.0,,0,False,No payment-progress review signal triggered by the current rules.
WS/MP18112/2025-2026/188591,ND-WRK-0192,Work Completed,960000.0,960000.0,1,1.0,457.0,,0,False,No payment-progress review signal triggered by the current rules.
WS/MP18112/2025-2026/188592,ND-WRK-0193,Work Completed,2881000.0,2872795.0,1,0.997,457.0,-87.0,0,False,No payment-progress review signal triggered by the current rules.
WS/MP18112/2025-2026/188607,ND-WRK-0194,Work Completed,700000.0,694648.0,1,0.992,457.0,,0,False,No payment-progress review signal triggered by the current rules.
WS/MP18112/2025-2026/188608,ND-WRK-0195,Work partially Completed,1500000.0,1496344.0,1,0.998,457.0,,0,False,No payment-progress review signal triggered by the current rules.
WS/MP18112/2025-2026/188616,ND-WRK-0196,Work Completed,1200000.0,1192287.0,1,0.994,,-25.0,0,False,No payment-progress review signal triggered by the current rules.
WS/MP18112/2024-2025/145333,ND-WRK-0166,Sanction,1500000.0,0.0,0,0.0,,,0,False,No payment-progress review signal triggered by the current rules.
WS/MP18112/2024-2025/164640,ND-WRK-0168,Work Completed,1000000.0,999205.0,1,0.999,,,0,False,No payment-progress review signal triggered by the current rules.
WS/MP18112/2024-2025/178885,ND-WRK-0170,Physical Inspection,1000000.0,998844.0,2,0.999,,,0,False,No payment-progress review signal triggered by the current rules.
WS/MP18307/2025-2026/180161,ND-WRK-1805,Sanction,1500000.0,0.0,0,0.0,,,0,False,No payment-progress review signal triggered by the current rules.
WS/MP18307/2025-2026/180163,ND-WRK-1806,Sanction,1500000.0,0.0,0,0.0,,,0,False,No payment-progress review signal triggered by the current rules.
WS/MP18307/2025-2026/180166,ND-WRK-1807,Sanction,1000000.0,0.0,0,0.0,,,0,False,No payment-progress review signal triggered by the current rules.
WS/MP18307/2025-2026/180167,ND-WRK-1808,Sanction,1500000.0,0.0,0,0.0,,,0,False,No payment-progress review signal triggered by the current rules.
WS/MP18307/2025-2026/230980,ND-WRK-1814,Sanction,1900000.0,0.0,0,0.0,,,0,False,No payment-progress review signal triggered by the current rules.
WS/MP18307/2025-2026/230981,ND-WRK-1815,Sanction,3200000.0,0.0,0,0.0,,,0,False,No payment-progress review signal triggered by the current rules.
WS/MP18307/2025-2026/230985,ND-WRK-1816,Sanction,1500000.0,0.0,0,0.0,,,0,False,No payment-progress review signal triggered by the current rules.
WS/MP18307/2025-2026/231051,ND-WRK-1817,Sanction,1500000.0,0.0,0,0.0,,,0,False,No payment-progress review signal triggered by the current rules.
WS/MP18307/2025-2026/231054,ND-WRK-1818,Sanction,1900000.0,0.0,0,0.0,,,0,False,No payment-progress review signal triggered by the current rules.
WS/MP18307/2025-2026/231060,ND-WRK-1819,Sanction,2200000.0,0.0,0,0.0,,,0,False,No payment-progress review signal triggered by the current rules.
WS/MP18307/2025-2026/231063,ND-WRK-1821,Sanction,2000000.0,0.0,0,0.0,,,0,False,No payment-progress review signal triggered by the current rules.
WS/MP18307/2025-2026/231066,ND-WRK-1822,Sanction,3000000.0,0.0,0,0.0,,,0,False,No payment-progress review signal triggered by the current rules.
WS/MP18307/2025-2026/231067,ND-WRK-1823,Sanction,2000000.0,0.0,0,0.0,,,0,False,No payment-progress review signal triggered by the current rules.
WS/MP18307/2025-2026/231068,ND-WRK-1824,Sanction,4000000.0,0.0,0,0.0,,,0,False,No payment-progress review signal triggered by the current rules.
WS/MP18307/2025-2026/231069,ND-WRK-1825,Sanction,2400000.0,0.0,0,0.0,,,0,False,No payment-progress review signal triggered by the current rules.
WS/MP18307/2025-2026/262445,ND-WRK-1826,Sanction,1900000.0,0.0,0,0.0,,,0,False,No payment-progress review signal triggered by the current rules.
WS/MP18307/2025-2026/262448,ND-WRK-1827,Sanction,2300000.0,0.0,0,0.0,,,0,False,No payment-progress review signal triggered by the current rules.
WS/MP18307/2025-2026/262453,ND-WRK-1828,Sanction,3000000.0,0.0,0,0.0,,,0,False,No payment-progress review signal triggered by the current rules.
WS/MP18307/2025-2026/262454,ND-WRK-1829,Sanction,1900000.0,0.0,0,0.0,,,0,False,No payment-progress review signal triggered by the current rules.
WS/MP18307/2025-2026/180068,ND-WRK-1800,Sanction,2500000.0,0.0,0,0.0,,,0,False,No payment-progress review signal triggered by the current rules.
WS/MP18308/2025-2026/145119,ND-WRK-1833,Sanction,1500000.0,0.0,0,0.0,,,0,False,No payment-progress review signal triggered by the current rules.
WS/MP18112/2024-2025/180043,ND-WRK-0171,Sanction,1000000.0,0.0,0,0.0,,,0,False,No payment-progress review signal triggered by the current rules.
WS/MP18112/2024-2025/180045,ND-WRK-0172,Physical Inspection,800000.0,800000.0,2,1.0,,,0,False,No payment-progress review signal triggered by the current rules.
WS/MP18112/2025-2026/164644,ND-WRK-0174,Work partially Completed,1300000.0,1102688.0,1,0.848,,,0,False,No payment-progress review signal triggered by the current rules.
WS/MP18112/2025-2026/166836,ND-WRK-0175,Work Completed,300000.0,299956.0,1,1.0,,366.0,0,False,No payment-progress review signal triggered by the current rules.
WS/MP18112/2025-2026/166838,ND-WRK-0176,Work Completed,300000.0,299956.0,1,1.0,,366.0,0,False,No payment-progress review signal triggered by the current rules.
WS/MP18112/2025-2026/166839,ND-WRK-0177,Work Completed,300000.0,299956.0,1,1.0,,366.0,0,False,No payment-progress review signal triggered by the current rules.
WS/MP18112/2025-2026/166840,ND-WRK-0178,Work Completed,300000.0,299956.0,1,1.0,,366.0,0,False,No payment-progress review signal triggered by the current rules.
WS/MP18112/2025-2026/177328,ND-WRK-0180,Work partially Completed,1000000.0,996059.0,1,0.996,457.0,,0,False,No payment-progress review signal triggered by the current rules.
WS/MP18112/2025-2026/177331,ND-WRK-0181,Work partially Completed,800000.0,787513.0,1,0.984,,,0,False,No payment-progress review signal triggered by the current rules.
WS/MP18111/2026-2027/278371,ND-WRK-0150,Sanction,1000000.0,0.0,0,0.0,,,0,False,No payment-progress review signal triggered by the current rules.
WS/MP18112/2024-2025/136520,ND-WRK-0151,Work Completed,2000000.0,1998642.0,2,0.999,,576.0,0,False,No payment-progress review signal triggered by the current rules.
WS/MP18112/2024-2025/136522,ND-WRK-0152,Physical Inspection,1500000.0,1497556.0,3,0.998,,,0,False,No payment-progress review signal triggered by the current rules.
WS/MP18112/2024-2025/136532,ND-WRK-0153,Work Completed,1500000.0,1499996.0,2,1.0,,,0,False,No payment-progress review signal triggered by the current rules.
WS/MP18112/2024-2025/136716,ND-WRK-0154,Work Completed,1000000.0,994082.0,1,0.994,,302.0,0,False,No payment-progress review signal triggered by the current rules.
WS/MP18308/2025-2026/145425,ND-WRK-1842,Work partially Completed,2100000.0,2098407.0,1,0.999,,123.0,0,False,No payment-progress review signal triggered by the current rules.
WS/MP18308/2025-2026/262899,ND-WRK-1875,Sanction,4700000.0,0.0,0,0.0,-86.0,,0,False,No payment-progress review signal triggered by the current rules.
WS/MP18308/2025-2026/262900,ND-WRK-1876,Sanction,2500000.0,0.0,0,0.0,,,0,False,No payment-progress review signal triggered by the current rules.
WS/MP18308/2025-2026/262901,ND-WRK-1877,Sanction,3500000.0,0.0,0,0.0,,,0,False,No payment-progress review signal triggered by the current rules.
WS/MP18308/2025-2026/145430,ND-WRK-1846,Work partially Completed,2000000.0,1998481.0,1,0.999,,153.0,0,False,No payment-progress review signal triggered by the current rules.
WS/MP18308/2025-2026/146670,ND-WRK-1849,Sanction,100000.0,0.0,0,0.0,,,0,False,No payment-progress review signal triggered by the current rules.
WS/MP18308/2025-2026/244673,ND-WRK-1850,Sanction,1800000.0,0.0,0,0.0,,,0,False,No payment-progress review signal triggered by the current rules.
WS/MP18308/2025-2026/244679,ND-WRK-1852,Time Estimation,2500000.0,0.0,0,0.0,,,0,False,No payment-progress review signal triggered by the current rules.
WS/MP18308/2025-2026/244685,ND-WRK-1855,Sanction,2500000.0,0.0,0,0.0,,,0,False,No payment-progress review signal triggered by the current rules.
WS/MP18308/2025-2026/244688,ND-WRK-1856,Sanction,2500000.0,0.0,0,0.0,,,0,False,No payment-progress review signal triggered by the current rules.
WS/MP18308/2025-2026/244696,ND-WRK-1858,Sanction,3000000.0,0.0,0,0.0,,,0,False,No payment-progress review signal triggered by the current rules.
WS/MP18308/2025-2026/244697,ND-WRK-1859,Work partially Completed,2500000.0,2497221.0,1,0.999,,92.0,0,False,No payment-progress review signal triggered by the current rules.
WS/MP18308/2025-2026/244704,ND-WRK-1860,Work partially Completed,2000000.0,1997775.0,1,0.999,,92.0,0,False,No payment-progress review signal triggered by the current rules.
WS/MP18308/2025-2026/244705,ND-WRK-1861,Work partially Completed,2000000.0,1998481.0,1,0.999,,92.0,0,False,No payment-progress review signal triggered by the current rules.
WS/MP18307/2025-2026/262458,ND-WRK-1830,Sanction,2300000.0,0.0,0,0.0,,,0,False,No payment-progress review signal triggered by the current rules.
WS/MP18307/2025-2026/262464,ND-WRK-1831,Sanction,1500000.0,0.0,0,0.0,,,0,False,No payment-progress review signal triggered by the current rules.
WS/MP18307/2025-2026/262466,ND-WRK-1832,Sanction,1100000.0,0.0,0,0.0,,,0,False,No payment-progress review signal triggered by the current rules.
WS/MP18323/2025-2026/146716,ND-WRK-1887,Work Completed,797573.0,797573.0,1,1.0,,,0,False,No payment-progress review signal triggered by the current rules.
WS/MP18323/2025-2026/146867,ND-WRK-1888,Physical Inspection,991000.0,990848.0,1,1.0,,,0,False,No payment-progress review signal triggered by the current rules.
WS/MP18323/2025-2026/147142,ND-WRK-1889,Physical Inspection,991691.0,991691.0,1,1.0,,,0,False,No payment-progress review signal triggered by the current rules.
WS/MP18323/2025-2026/167402,ND-WRK-1890,Physical Inspection,696742.0,696742.0,1,1.0,,,0,False,No payment-progress review signal triggered by the current rules.
WS/MP18308/2025-2026/244706,ND-WRK-1862,Sanction,1100000.0,0.0,0,0.0,,,0,False,No payment-progress review signal triggered by the current rules.
WS/MP18308/2025-2026/244707,ND-WRK-1863,Sanction,1100000.0,0.0,0,0.0,,,0,False,No payment-progress review signal triggered by the current rules.
WS/MP18308/2025-2026/244712,ND-WRK-1864,Sanction,2500000.0,0.0,0,0.0,,,0,False,No payment-progress review signal triggered by the current rules.
WS/MP18308/2025-2026/244713,ND-WRK-1865,Sanction,2500000.0,0.0,0,0.0,,,0,False,No payment-progress review signal triggered by the current rules.
WS/MP18308/2025-2026/244714,ND-WRK-1866,Sanction,500000.0,0.0,0,0.0,,,0,False,No payment-progress review signal triggered by the current rules.
WS/MP18308/2025-2026/244715,ND-WRK-1867,Sanction,3000000.0,0.0,0,0.0,,,0,False,No payment-progress review signal triggered by the current rules.
WS/MP18308/2025-2026/244716,ND-WRK-1868,Sanction,3000000.0,0.0,0,0.0,,,0,False,No payment-progress review signal triggered by the current rules.
WS/MP18308/2025-2026/244718,ND-WRK-1870,Sanction,1500000.0,0.0,0,0.0,,,0,False,No payment-progress review signal triggered by the current rules.
WS/MP18308/2025-2026/262892,ND-WRK-1871,Work partially Completed,1500000.0,1500000.0,1,1.0,,153.0,0,False,No payment-progress review signal triggered by the current rules.
WS/MP18308/2025-2026/262893,ND-WRK-1872,Sanction,300000.0,0.0,0,0.0,,,0,False,No payment-progress review signal triggered by the current rules.
WS/MP18308/2025-2026/262894,ND-WRK-1873,Sanction,1500000.0,0.0,0,0.0,,,0,False,No payment-progress review signal triggered by the current rules.
WS/MP18308/2025-2026/262898,ND-WRK-1874,Sanction,1000000.0,0.0,0,0.0,,,0,False,No payment-progress review signal triggered by the current rules.
WS/MP18323/2025-2026/181778,ND-WRK-1899,Physical Inspection,995269.0,995269.0,1,1.0,,,0,False,No payment-progress review signal triggered by the current rules.
WS/MP18323/2025-2026/181788,ND-WRK-1900,Physical Inspection,496350.0,496350.0,1,1.0,,,0,False,No payment-progress review signal triggered by the current rules.
WS/MP18323/2025-2026/181789,ND-WRK-1901,Physical Inspection,497870.0,497870.0,1,1.0,,,0,False,No payment-progress review signal triggered by the current rules.
WS/MP18323/2025-2026/181800,ND-WRK-1902,Work Completed,999843.0,999843.0,1,1.0,,,0,False,No payment-progress review signal triggered by the current rules.
WS/MP18323/2026-2027/144110,ND-WRK-1904,Time Estimation,967593.0,0.0,0,0.0,,,0,False,No payment-progress review signal triggered by the current rules.
WS/MP18323/2026-2027/144111,ND-WRK-1905,Physical Inspection,998705.0,998705.0,1,1.0,,,0,False,No payment-progress review signal triggered by the current rules.
WS/MP18323/2026-2027/144117,ND-WRK-1906,Physical Inspection,1000000.0,1000000.0,1,1.0,62.0,62.0,0,False,No payment-progress review signal triggered by the current rules.
WS/MP18323/2026-2027/144120,ND-WRK-1907,Physical Inspection,1991059.0,1991059.0,1,1.0,,,0,False,No payment-progress review signal triggered by the current rules.
WS/MP18323/2026-2027/146709,ND-WRK-1908,Physical Inspection,292053.0,292053.0,1,1.0,,,0,False,No payment-progress review signal triggered by the current rules.
WS/MP18323/2026-2027/146717,ND-WRK-1909,Physical Inspection,794104.0,794104.0,1,1.0,,,0,False,No payment-progress review signal triggered by the current rules.
WS/MP18308/2025-2026/262902,ND-WRK-1878,Sanction,1500000.0,0.0,0,0.0,,,0,False,No payment-progress review signal triggered by the current rules.
WS/MP18323/2025-2026/144107,ND-WRK-1880,Physical Inspection,1494640.0,1494640.0,1,1.0,190.0,98.0,0,False,No payment-progress review signal triggered by the current rules.
WS/MP18323/2025-2026/144115,ND-WRK-1881,Physical Inspection,995673.0,995673.0,1,1.0,515.0,,0,False,No payment-progress review signal triggered by the current rules.
WS/MP18323/2025-2026/144116,ND-WRK-1882,Physical Inspection,995696.0,995696.0,1,1.0,190.0,159.0,0,False,No payment-progress review signal triggered by the current rules.
WS/MP18323/2025-2026/146706,ND-WRK-1883,Physical Inspection,500000.0,494000.0,1,0.988,491.0,,0,False,No payment-progress review signal triggered by the current rules.
WS/MP18323/2025-2026/146710,ND-WRK-1886,Physical Inspection,695000.0,691689.0,1,0.995,,,0,False,No payment-progress review signal triggered by the current rules.
WS/MP18323/2025-2026/181753,ND-WRK-1898,Physical Inspection,498425.0,498425.0,1,1.0,,,0,False,No payment-progress review signal triggered by the current rules.
WS/MP18112/2024-2025/136967,ND-WRK-0155,Sanction,1200000.0,0.0,0,0.0,,,0,False,No payment-progress review signal triggered by the current rules.
WS/MP18112/2024-2025/136975,ND-WRK-0156,Work Completed,600000.0,598750.0,2,0.998,,-56.0,0,False,No payment-progress review signal triggered by the current rules.
WS/MP18112/2024-2025/136982,ND-WRK-0157,Sanction,600000.0,0.0,0,0.0,,,0,False,No payment-progress review signal triggered by the current rules.
WS/MP18112/2024-2025/136983,ND-WRK-0158,Work partially Completed,600000.0,600000.0,1,1.0,,,0,False,No payment-progress review signal triggered by the current rules.
WS/MP18112/2024-2025/136984,ND-WRK-0159,Work Completed,1500000.0,1496534.0,2,0.998,,-90.0,0,False,No payment-progress review signal triggered by the current rules.
WS/MP18112/2024-2025/136991,ND-WRK-0160,Work partially Completed,1200000.0,1198987.0,2,0.999,309.0,,0,False,No payment-progress review signal triggered by the current rules.
WS/MP18112/2024-2025/136993,ND-WRK-0162,Physical Inspection,1000000.0,999362.0,1,0.999,,,0,False,No payment-progress review signal triggered by the current rules.
WS/MP18112/2024-2025/136994,ND-WRK-0163,Physical Inspection,800000.0,794715.0,2,0.993,,,0,False,No payment-progress review signal triggered by the current rules.
WS/MP18112/2024-2025/143947,ND-WRK-0164,Work Completed,1441000.0,1441000.0,1,1.0,,,0,False,No payment-progress review signal triggered by the current rules.
WS/MP18112/2024-2025/145331,ND-WRK-0165,Physical Inspection,700000.0,694357.0,2,0.992,,,0,False,No payment-progress review signal triggered by the current rules.
WS/MP18111/2026-2027/269048,ND-WRK-0134,Sanction,1000000.0,0.0,0,0.0,,,0,False,No payment-progress review signal triggered by the current rules.
WS/MP18111/2026-2027/269049,ND-WRK-0135,Sanction,1500000.0,0.0,0,0.0,,,0,False,No payment-progress review signal triggered by the current rules.
WS/MP18111/2026-2027/269051,ND-WRK-0136,Sanction,1500000.0,0.0,0,0.0,,,0,False,No payment-progress review signal triggered by the current rules.
WS/MP18111/2026-2027/273185,ND-WRK-0137,Sanction,1000000.0,0.0,0,0.0,,,0,False,No payment-progress review signal triggered by the current rules.
WS/MP18111/2026-2027/273186,ND-WRK-0138,Sanction,1000000.0,0.0,0,0.0,,,0,False,No payment-progress review signal triggered by the current rules.
WS/MP18361/2025-2026/226168,ND-WRK-1941,Sanction,500000.0,0.0,0,0.0,,,0,False,No payment-progress review signal triggered by the current rules.
WS/MP18323/2026-2027/167454,ND-WRK-1910,Physical Inspection,1000000.0,999897.0,1,1.0,,,0,False,No payment-progress review signal triggered by the current rules.
WS/MP18323/2026-2027/181798,ND-WRK-1911,Work Completed,941831.0,941831.0,1,1.0,,,0,False,No payment-progress review signal triggered by the current rules.
WS/MP18323/2026-2027/181804,ND-WRK-1912,Time Estimation,1000000.0,0.0,0,0.0,63.0,,0,False,No payment-progress review signal triggered by the current rules.
WS/MP18323/2026-2027/244809,ND-WRK-1913,Physical Inspection,999000.0,999000.0,1,1.0,,,0,False,No payment-progress review signal triggered by the current rules.
WS/MP18323/2026-2027/270930,ND-WRK-1914,Physical Inspection,500000.0,499737.0,1,0.999,,,0,False,No payment-progress review signal triggered by the current rules.
WS/MP18327/2025-2026/137670,ND-WRK-1915,Physical Inspection,499880.0,498751.0,1,0.998,5.0,-86.0,0,False,No payment-progress review signal triggered by the current rules.
WS/MP18327/2025-2026/235510,ND-WRK-1916,Physical Inspection,1000000.0,1000000.0,1,1.0,158.0,66.0,0,False,No payment-progress review signal triggered by the current rules.
WS/MP18327/2026-2027/213808,ND-WRK-1917,Physical Inspection,1000000.0,965905.0,1,0.966,,,0,False,No payment-progress review signal triggered by the current rules.
WS/MP18327/2026-2027/227932,ND-WRK-1918,Sanction,1000000.0,0.0,0,0.0,183.0,,0,False,No payment-progress review signal triggered by the current rules.
WS/MP18327/2026-2027/241888,ND-WRK-1919,Physical Inspection,1000000.0,994800.0,1,0.995,,,0,False,No payment-progress review signal triggered by the current rules.
WS/MP18327/2026-2027/243964,ND-WRK-1920,Physical Inspection,1000000.0,987578.0,1,0.988,,-29.0,0,False,No payment-progress review signal triggered by the current rules.
WS/MP18327/2026-2027/246149,ND-WRK-1921,Sanction,999804.0,0.0,0,0.0,183.0,,0,False,No payment-progress review signal triggered by the current rules.
WS/MP18327/2026-2027/246153,ND-WRK-1923,Work partially Completed,999752.0,999752.0,1,1.0,,,0,False,No payment-progress review signal triggered by the current rules.
WS/MP18323/2025-2026/181739,ND-WRK-1896,Physical Inspection,497066.0,497066.0,1,1.0,,-25.0,0,False,No payment-progress review signal triggered by the current rules.
WS/MP18323/2025-2026/181744,ND-WRK-1897,Physical Inspection,492464.0,492464.0,1,1.0,,,0,False,No payment-progress review signal triggered by the current rules.
WS/MP18369/2025-2026/177559,ND-WRK-1957,Physical Inspection,393554.0,393554.0,1,1.0,,,0,False,No payment-progress review signal triggered by the current rules.
WS/MP18361/2025-2026/217226,ND-WRK-1926,Sanction,3000000.0,0.0,0,0.0,,,0,False,No payment-progress review signal triggered by the current rules.
WS/MP18361/2025-2026/218988,ND-WRK-1927,Sanction,5000000.0,0.0,0,0.0,,,0,False,No payment-progress review signal triggered by the current rules.
WS/MP18361/2025-2026/219012,ND-WRK-1928,Sanction,500000.0,0.0,0,0.0,,,0,False,No payment-progress review signal triggered by the current rules.
WS/MP18361/2025-2026/219013,ND-WRK-1929,Sanction,500000.0,0.0,0,0.0,,,0,False,No payment-progress review signal triggered by the current rules.
WS/MP18361/2025-2026/219014,ND-WRK-1930,Sanction,500000.0,0.0,0,0.0,,,0,False,No payment-progress review signal triggered by the current rules.
WS/MP18361/2025-2026/219015,ND-WRK-1931,Work partially Completed,1800000.0,1798634.0,1,0.999,,62.0,0,False,No payment-progress review signal triggered by the current rules.
WS/MP18361/2025-2026/219016,ND-WRK-1932,Sanction,2800000.0,0.0,0,0.0,,,0,False,No payment-progress review signal triggered by the current rules.
WS/MP18361/2025-2026/219017,ND-WRK-1933,Sanction,4000000.0,0.0,0,0.0,,,0,False,No payment-progress review signal triggered by the current rules.
WS/MP18361/2025-2026/219018,ND-WRK-1934,Sanction,3000000.0,0.0,0,0.0,,,0,False,No payment-progress review signal triggered by the current rules.
WS/MP18361/2025-2026/219019,ND-WRK-1935,Sanction,1000000.0,0.0,0,0.0,,,0,False,No payment-progress review signal triggered by the current rules.
WS/MP18361/2025-2026/219020,ND-WRK-1936,Sanction,700000.0,0.0,0,0.0,,,0,False,No payment-progress review signal triggered by the current rules.
WS/MP18361/2025-2026/219021,ND-WRK-1937,Sanction,3000000.0,0.0,0,0.0,,,0,False,No payment-progress review signal triggered by the current rules.
WS/MP18361/2025-2026/219022,ND-WRK-1938,Sanction,500000.0,0.0,0,0.0,,,0,False,No payment-progress review signal triggered by the current rules.
WS/MP18361/2025-2026/219023,ND-WRK-1939,Work partially Completed,2600000.0,2597093.0,1,0.999,,62.0,0,False,No payment-progress review signal triggered by the current rules.
WS/MP18361/2025-2026/226167,ND-WRK-1940,Sanction,500000.0,0.0,0,0.0,,,0,False,No payment-progress review signal triggered by the current rules.
WS/MP18369/2025-2026/239887,ND-WRK-1972,Work Completed,1000000.0,999400.0,1,0.999,,,0,False,No payment-progress review signal triggered by the current rules.
WS/MP18369/2025-2026/240011,ND-WRK-1973,Physical Inspection,976825.0,976825.0,1,1.0,,98.0,0,False,No payment-progress review signal triggered by the current rules.
WS/MP18361/2025-2026/226169,ND-WRK-1942,Sanction,2000000.0,0.0,0,0.0,,,0,False,No payment-progress review signal triggered by the current rules.
WS/MP18361/2025-2026/226170,ND-WRK-1943,Sanction,500000.0,0.0,0,0.0,,,0,False,No payment-progress review signal triggered by the current rules.
WS/MP18361/2025-2026/226171,ND-WRK-1944,Sanction,3000000.0,0.0,0,0.0,,,0,False,No payment-progress review signal triggered by the current rules.
WS/MP18361/2025-2026/226172,ND-WRK-1945,Sanction,3500000.0,0.0,0,0.0,,,0,False,No payment-progress review signal triggered by the current rules.
WS/MP18361/2025-2026/226173,ND-WRK-1946,Sanction,1500000.0,0.0,0,0.0,,,0,False,No payment-progress review signal triggered by the current rules.
WS/MP18361/2025-2026/226174,ND-WRK-1947,Sanction,1500000.0,0.0,0,0.0,,,0,False,No payment-progress review signal triggered by the current rules.
WS/MP18361/2025-2026/226176,ND-WRK-1949,Sanction,1600000.0,0.0,0,0.0,,,0,False,No payment-progress review signal triggered by the current rules.
WS/MP18361/2025-2026/226177,ND-WRK-1950,Sanction,3500000.0,0.0,0,0.0,,,0,False,No payment-progress review signal triggered by the current rules.
WS/MP18369/2024-2025/175545,ND-WRK-1951,Sanction,1000000.0,0.0,0,0.0,,,0,False,No payment-progress review signal triggered by the current rules.
WS/MP18369/2024-2025/175546,ND-WRK-1952,Work Completed,2000000.0,1986447.0,1,0.993,,,0,False,No payment-progress review signal triggered by the current rules.
WS/MP18369/2025-2026/174551,ND-WRK-1953,Physical Inspection,300000.0,287925.0,1,0.96,,,0,False,No payment-progress review signal triggered by the current rules.
WS/MP18369/2025-2026/177485,ND-WRK-1954,Physical Inspection,492429.0,492429.0,1,1.0,,129.0,0,False,No payment-progress review signal triggered by the current rules.
WS/MP18369/2025-2026/177557,ND-WRK-1955,Physical Inspection,393430.0,393430.0,1,1.0,,,0,False,No payment-progress review signal triggered by the current rules.
WS/MP18369/2025-2026/177558,ND-WRK-1956,Physical Inspection,393751.0,393751.0,1,1.0,,,0,False,No payment-progress review signal triggered by the current rules.
WS/MP18369/2026-2027/220305,ND-WRK-1988,Sanction,700000.0,0.0,0,0.0,211.0,,0,False,No payment-progress review signal triggered by the current rules.
WS/MP18369/2026-2027/226226,ND-WRK-1989,Physical Inspection,500000.0,487119.0,1,0.974,153.0,,0,False,No payment-progress review signal triggered by the current rules.
WS/MP18369/2025-2026/177560,ND-WRK-1958,Physical Inspection,393711.0,393711.0,1,1.0,,,0,False,No payment-progress review signal triggered by the current rules.
WS/MP18369/2025-2026/177565,ND-WRK-1959,Physical Inspection,393672.0,393672.0,1,1.0,,,0,False,No payment-progress review signal triggered by the current rules.
WS/MP18369/2025-2026/177566,ND-WRK-1960,Physical Inspection,393751.0,393751.0,1,1.0,,,0,False,No payment-progress review signal triggered by the current rules.
WS/MP18369/2025-2026/177567,ND-WRK-1961,Physical Inspection,393593.0,393593.0,1,1.0,,,0,False,No payment-progress review signal triggered by the current rules.
WS/MP18369/2025-2026/177568,ND-WRK-1962,Physical Inspection,393672.0,393672.0,1,1.0,,,0,False,No payment-progress review signal triggered by the current rules.
WS/MP18369/2025-2026/177574,ND-WRK-1963,Physical Inspection,393593.0,393593.0,1,1.0,,,0,False,No payment-progress review signal triggered by the current rules.
WS/MP18369/2025-2026/177575,ND-WRK-1964,Physical Inspection,976951.0,976951.0,1,1.0,,35.0,0,False,No payment-progress review signal triggered by the current rules.
WS/MP18369/2025-2026/177576,ND-WRK-1965,Physical Inspection,986561.0,986561.0,1,1.0,,,0,False,No payment-progress review signal triggered by the current rules.
WS/MP18369/2025-2026/177577,ND-WRK-1966,Physical Inspection,990018.0,990018.0,1,1.0,,,0,False,No payment-progress review signal triggered by the current rules.
WS/MP18369/2025-2026/177578,ND-WRK-1967,Physical Inspection,393554.0,393551.0,1,1.0,,,0,False,No payment-progress review signal triggered by the current rules.
WS/MP18369/2025-2026/187442,ND-WRK-1968,Physical Inspection,199636.0,199636.0,1,1.0,,,0,False,No payment-progress review signal triggered by the current rules.
WS/MP18369/2025-2026/187445,ND-WRK-1969,Physical Inspection,694759.0,694759.0,1,1.0,546.0,,0,False,No payment-progress review signal triggered by the current rules.
WS/MP18369/2025-2026/187447,ND-WRK-1970,Physical Inspection,484924.0,484924.0,1,1.0,,,0,False,No payment-progress review signal triggered by the current rules.
WS/MP18369/2025-2026/204030,ND-WRK-1971,Physical Inspection,1000000.0,0.0,0,0.0,-86.0,,0,False,No payment-progress review signal triggered by the current rules.
WS/MP18376/2026-2027/197847,ND-WRK-1998,Work partially Completed,2500000.0,2498104.0,1,0.999,,30.0,0,False,No payment-progress review signal triggered by the current rules.
WS/MP18376/2026-2027/197860,ND-WRK-2001,Physical Inspection,2000000.0,1998482.0,1,0.999,,30.0,0,False,No payment-progress review signal triggered by the current rules.
WS/MP18369/2025-2026/240012,ND-WRK-1974,Physical Inspection,974910.0,974910.0,1,1.0,,,0,False,No payment-progress review signal triggered by the current rules.
WS/MP18369/2026-2027/165950,ND-WRK-1975,Physical Inspection,198998.0,198998.0,1,1.0,,,0,False,No payment-progress review signal triggered by the current rules.
WS/MP18369/2026-2027/177484,ND-WRK-1976,Physical Inspection,698387.0,691383.0,1,0.99,,,0,False,No payment-progress review signal triggered by the current rules.
WS/MP18369/2026-2027/177561,ND-WRK-1977,Physical Inspection,393629.0,393629.0,1,1.0,,,0,False,No payment-progress review signal triggered by the current rules.
WS/MP18369/2026-2027/177562,ND-WRK-1978,Physical Inspection,393551.0,393551.0,1,1.0,,,0,False,No payment-progress review signal triggered by the current rules.
WS/MP18369/2026-2027/177563,ND-WRK-1979,Physical Inspection,393708.0,393708.0,1,1.0,,,0,False,No payment-progress review signal triggered by the current rules.
WS/MP18369/2026-2027/177564,ND-WRK-1980,Physical Inspection,393590.0,393590.0,1,1.0,,,0,False,No payment-progress review signal triggered by the current rules.
WS/MP18369/2026-2027/177569,ND-WRK-1981,Physical Inspection,393669.0,393669.0,1,1.0,,,0,False,No payment-progress review signal triggered by the current rules.
WS/MP18369/2026-2027/177570,ND-WRK-1982,Physical Inspection,393472.0,393472.0,1,1.0,,,0,False,No payment-progress review signal triggered by the current rules.
WS/MP18369/2026-2027/177571,ND-WRK-1983,Physical Inspection,393708.0,393708.0,1,1.0,,,0,False,No payment-progress review signal triggered by the current rules.
WS/MP18369/2026-2027/177572,ND-WRK-1984,Physical Inspection,393590.0,393590.0,1,1.0,,,0,False,No payment-progress review signal triggered by the current rules.
WS/MP18369/2026-2027/177573,ND-WRK-1985,Physical Inspection,393629.0,393629.0,1,1.0,,,0,False,No payment-progress review signal triggered by the current rules.
WS/MP18369/2026-2027/177579,ND-WRK-1986,Physical Inspection,393708.0,393708.0,1,1.0,,,0,False,No payment-progress review signal triggered by the current rules.
WS/MP18369/2026-2027/187446,ND-WRK-1987,Physical Inspection,491821.0,491821.0,1,1.0,,65.0,0,False,No payment-progress review signal triggered by the current rules.
WS/MP18111/2026-2027/273191,ND-WRK-0140,Sanction,1000000.0,0.0,0,0.0,,,0,False,No payment-progress review signal triggered by the current rules.
WS/MP18111/2026-2027/273192,ND-WRK-0141,Sanction,1000000.0,0.0,0,0.0,,,0,False,No payment-progress review signal triggered by the current rules.
WS/MP18111/2026-2027/273195,ND-WRK-0142,Sanction,998000.0,0.0,0,0.0,,,0,False,No payment-progress review signal triggered by the current rules.
WS/MP18111/2026-2027/273202,ND-WRK-0143,Work partially Completed,1000000.0,972077.0,1,0.972,,,0,False,No payment-progress review signal triggered by the current rules.
WS/MP18111/2026-2027/273222,ND-WRK-0144,Work partially Completed,1000000.0,986945.0,1,0.987,,,0,False,No payment-progress review signal triggered by the current rules.
WS/MP18111/2026-2027/276691,ND-WRK-0147,Sanction,950000.0,0.0,0,0.0,,,0,False,No payment-progress review signal triggered by the current rules.
WS/MP18111/2026-2027/276692,ND-WRK-0148,Sanction,950000.0,0.0,0,0.0,,,0,False,No payment-progress review signal triggered by the current rules.
WS/MP18111/2026-2027/278212,ND-WRK-0149,Sanction,1000000.0,0.0,0,0.0,,,0,False,No payment-progress review signal triggered by the current rules.
WS/MP18111/2026-2027/194807,ND-WRK-0118,Physical Inspection,1000000.0,990124.0,1,0.99,-89.0,,0,False,No payment-progress review signal triggered by the current rules.
WS/MP18111/2026-2027/224225,ND-WRK-0119,Physical Inspection,550000.0,520557.0,1,0.946,,,0,False,No payment-progress review signal triggered by the current rules.
WS/MP18111/2026-2027/268993,ND-WRK-0120,Work partially Completed,1000000.0,982424.0,1,0.982,,,0,False,No payment-progress review signal triggered by the current rules.
WS/MP18111/2026-2027/268995,ND-WRK-0121,Sanction,1000000.0,0.0,0,0.0,,,0,False,No payment-progress review signal triggered by the current rules.
WS/MP18111/2026-2027/269007,ND-WRK-0122,Sanction,1000000.0,0.0,0,0.0,,,0,False,No payment-progress review signal triggered by the current rules.
WS/MP18369/2026-2027/257052,ND-WRK-1995,Physical Inspection,594833.0,594833.0,1,1.0,,,0,False,No payment-progress review signal triggered by the current rules.
WS/MP18369/2026-2027/259374,ND-WRK-1996,Sanction,743850.0,0.0,0,0.0,,,0,False,No payment-progress review signal triggered by the current rules.
WS/MP18369/2026-2027/295300,ND-WRK-1997,Physical Inspection,1000000.0,980871.0,1,0.981,,,0,False,No payment-progress review signal triggered by the current rules.
WS/MP18429/2026-2027/217228,ND-WRK-2032,Physical Inspection,1000000.0,999696.0,1,1.0,93.0,1.0,0,False,No payment-progress review signal triggered by the current rules.
WS/MP18429/2026-2027/223209,ND-WRK-2033,Sanction,1500000.0,0.0,0,0.0,30.0,,0,False,No payment-progress review signal triggered by the current rules.
WS/MP18429/2026-2027/225915,ND-WRK-2034,Physical Inspection,499908.0,499908.0,1,1.0,,,0,False,No payment-progress review signal triggered by the current rules.
WS/MP18429/2026-2027/225932,ND-WRK-2035,Physical Inspection,998790.0,998790.0,1,1.0,96.0,-26.0,0,False,No payment-progress review signal triggered by the current rules.
WS/MP18429/2026-2027/226795,ND-WRK-2036,Physical Inspection,994928.0,994928.0,1,1.0,,,0,False,No payment-progress review signal triggered by the current rules.
WS/MP18429/2026-2027/227298,ND-WRK-2037,Physical Inspection,999238.0,999238.0,1,1.0,96.0,-26.0,0,False,No payment-progress review signal triggered by the current rules.
WS/MP18376/2026-2027/226525,ND-WRK-2014,Work partially Completed,2500000.0,2498104.0,1,0.999,,,0,False,No payment-progress review signal triggered by the current rules.
WS/MP18429/2025-2026/223139,ND-WRK-2018,Work Completed,493000.0,492780.0,1,1.0,6.0,,0,False,No payment-progress review signal triggered by the current rules.
WS/MP18429/2025-2026/223140,ND-WRK-2019,Physical Inspection,493000.0,492775.0,1,1.0,6.0,,0,False,No payment-progress review signal triggered by the current rules.
WS/MP18429/2025-2026/223141,ND-WRK-2020,Physical Inspection,986000.0,985780.0,1,1.0,6.0,,0,False,No payment-progress review signal triggered by the current rules.
WS/MP18429/2025-2026/223208,ND-WRK-2021,Physical Inspection,496574.0,496574.0,1,1.0,,,0,False,No payment-progress review signal triggered by the current rules.
WS/MP18369/2026-2027/226919,ND-WRK-1990,Physical Inspection,729332.0,729332.0,1,1.0,,,0,False,No payment-progress review signal triggered by the current rules.
WS/MP18369/2026-2027/229482,ND-WRK-1991,Physical Inspection,980.87,0.0,0,0.0,,,0,False,No payment-progress review signal triggered by the current rules.
WS/MP18369/2026-2027/237749,ND-WRK-1993,Physical Inspection,975045.0,974999.0,1,1.0,,,0,False,No payment-progress review signal triggered by the current rules.
WS/MP18369/2026-2027/239318,ND-WRK-1994,Physical Inspection,699650.0,699650.0,1,1.0,,32.0,0,False,No payment-progress review signal triggered by the current rules.
WS/MP18111/2026-2027/273187,ND-WRK-0139,Sanction,1500000.0,0.0,0,0.0,,,0,False,No payment-progress review signal triggered by the current rules.
WS/MP18429/2025-2026/227019,ND-WRK-2025,Physical Inspection,500000.0,497913.0,1,0.996,158.0,-25.0,0,False,No payment-progress review signal triggered by the current rules.
WS/MP18429/2025-2026/242066,ND-WRK-2026,Physical Inspection,995786.0,995786.0,1,1.0,190.0,98.0,0,False,No payment-progress review signal triggered by the current rules.
WS/MP18111/2026-2027/269011,ND-WRK-0123,Sanction,1000000.0,0.0,0,0.0,,,0,False,No payment-progress review signal triggered by the current rules.
WS/MP18111/2026-2027/269012,ND-WRK-0124,Work partially Completed,1000000.0,970928.0,1,0.971,,61.0,0,False,No payment-progress review signal triggered by the current rules.
WS/MP18111/2026-2027/269031,ND-WRK-0128,Sanction,1000000.0,0.0,0,0.0,,,0,False,No payment-progress review signal triggered by the current rules.
WS/MP18111/2026-2027/269037,ND-WRK-0130,Physical Inspection,1000000.0,984839.0,1,0.985,,,0,False,No payment-progress review signal triggered by the current rules.
WS/MP18111/2026-2027/269040,ND-WRK-0131,Sanction,1000000.0,0.0,0,0.0,,,0,False,No payment-progress review signal triggered by the current rules.
WS/MP18111/2026-2027/269043,ND-WRK-0132,Sanction,1000000.0,0.0,0,0.0,,,0,False,No payment-progress review signal triggered by the current rules.
WS/MP18111/2026-2027/269045,ND-WRK-0133,Sanction,1000000.0,0.0,0,0.0,,,0,False,No payment-progress review signal triggered by the current rules.
WS/MP18111/2025-2026/194803,ND-WRK-0102,Physical Inspection,992464.0,992464.0,1,1.0,514.0,,0,False,No payment-progress review signal triggered by the current rules.
WS/MP18111/2025-2026/194804,ND-WRK-0103,Physical Inspection,994261.0,994261.0,1,1.0,,,0,False,No payment-progress review signal triggered by the current rules.
WS/MP18111/2025-2026/194806,ND-WRK-0105,Work Completed,1000000.0,972138.0,1,0.972,514.0,,0,False,No payment-progress review signal triggered by the current rules.
WS/MP18429/2025-2026/242067,ND-WRK-2027,Physical Inspection,495000.0,495000.0,1,1.0,,66.0,0,False,No payment-progress review signal triggered by the current rules.
WS/MP18429/2026-2027/207496,ND-WRK-2029,Physical Inspection,499000.0,499000.0,1,1.0,,,0,False,No payment-progress review signal triggered by the current rules.
WS/MP18429/2026-2027/207498,ND-WRK-2030,Physical Inspection,499000.0,499000.0,1,1.0,,,0,False,No payment-progress review signal triggered by the current rules.
WS/MP18429/2026-2027/212619,ND-WRK-2031,Physical Inspection,999659.0,999659.0,1,1.0,,,0,False,No payment-progress review signal triggered by the current rules.
WS/MP18429/2026-2027/248061,ND-WRK-2068,Physical Inspection,985937.0,985937.0,1,1.0,96.0,-88.0,0,False,No payment-progress review signal triggered by the current rules.
WS/MP18429/2026-2027/248639,ND-WRK-2069,Physical Inspection,992255.0,992255.0,1,1.0,,,0,False,No payment-progress review signal triggered by the current rules.
WS/MP18429/2026-2027/227299,ND-WRK-2038,Physical Inspection,1493374.0,1493374.0,1,1.0,93.0,32.0,0,False,No payment-progress review signal triggered by the current rules.
WS/MP18429/2026-2027/239006,ND-WRK-2040,Physical Inspection,1487600.0,1479521.0,1,0.995,,,0,False,No payment-progress review signal triggered by the current rules.
WS/MP18429/2026-2027/240743,ND-WRK-2041,Physical Inspection,1983400.0,1982148.0,1,0.999,,,0,False,No payment-progress review signal triggered by the current rules.
WS/MP18429/2026-2027/242065,ND-WRK-2042,Physical Inspection,1000000.0,995385.0,1,0.995,,,0,False,No payment-progress review signal triggered by the current rules.
WS/MP18429/2026-2027/242119,ND-WRK-2043,Physical Inspection,499947.0,499947.0,1,1.0,-30.0,-30.0,0,False,No payment-progress review signal triggered by the current rules.
WS/MP18429/2026-2027/242399,ND-WRK-2044,Physical Inspection,1000000.0,991949.0,1,0.992,93.0,1.0,0,False,No payment-progress review signal triggered by the current rules.
WS/MP18429/2026-2027/242460,ND-WRK-2045,Physical Inspection,493870.0,493870.0,1,1.0,213.0,63.0,0,False,No payment-progress review signal triggered by the current rules.
WS/MP18429/2026-2027/242464,ND-WRK-2047,Physical Inspection,493686.0,493686.0,1,1.0,213.0,63.0,0,False,No payment-progress review signal triggered by the current rules.
WS/MP18429/2026-2027/242465,ND-WRK-2048,Physical Inspection,700000.0,699923.0,1,1.0,30.0,30.0,0,False,No payment-progress review signal triggered by the current rules.
WS/MP18429/2026-2027/242891,ND-WRK-2049,Physical Inspection,696785.0,696785.0,1,1.0,,,0,False,No payment-progress review signal triggered by the current rules.
WS/MP18429/2026-2027/243634,ND-WRK-2051,Physical Inspection,695903.0,695903.0,1,1.0,153.0,123.0,0,False,No payment-progress review signal triggered by the current rules.
WS/MP18429/2026-2027/243637,ND-WRK-2053,Physical Inspection,998344.0,998344.0,1,1.0,,62.0,0,False,No payment-progress review signal triggered by the current rules.
WS/MP18429/2025-2026/223681,ND-WRK-2022,Physical Inspection,998000.0,998000.0,1,1.0,5.0,-56.0,0,False,No payment-progress review signal triggered by the current rules.
WS/MP18429/2025-2026/226340,ND-WRK-2023,Physical Inspection,995700.0,995623.0,1,1.0,,,0,False,No payment-progress review signal triggered by the current rules.
WS/MP661/2025-2026/146558,ND-WRK-2079,Physical Inspection,1000000.0,1000000.0,1,1.0,,,0,False,No payment-progress review signal triggered by the current rules.
WS/MP661/2025-2026/146559,ND-WRK-2080,Physical Inspection,1000000.0,1000000.0,1,1.0,,,0,False,No payment-progress review signal triggered by the current rules.
WS/MP661/2025-2026/146560,ND-WRK-2081,Work Completed,1000000.0,1000000.0,1,1.0,400.0,337.0,0,False,No payment-progress review signal triggered by the current rules.
WS/MP661/2025-2026/146563,ND-WRK-2084,Physical Inspection,995405.0,995405.0,1,1.0,,,0,False,No payment-progress review signal triggered by the current rules.
WS/MP661/2025-2026/146564,ND-WRK-2085,Physical Inspection,1000000.0,1000000.0,1,1.0,,,0,False,No payment-progress review signal triggered by the current rules.
WS/MP18429/2026-2027/244440,ND-WRK-2054,Physical Inspection,991949.0,991949.0,1,1.0,,,0,False,No payment-progress review signal triggered by the current rules.
WS/MP18429/2026-2027/244565,ND-WRK-2056,Physical Inspection,1975637.0,1975637.0,1,1.0,213.0,63.0,0,False,No payment-progress review signal triggered by the current rules.
WS/MP18429/2026-2027/245246,ND-WRK-2057,Sanction,700000.0,0.0,0,0.0,30.0,,0,False,No payment-progress review signal triggered by the current rules.
WS/MP18429/2026-2027/245249,ND-WRK-2059,Physical Inspection,996000.0,996000.0,1,1.0,,,0,False,No payment-progress review signal triggered by the current rules.
WS/MP18429/2026-2027/245668,ND-WRK-2060,Physical Inspection,496040.0,496040.0,1,1.0,247.0,96.0,0,False,No payment-progress review signal triggered by the current rules.
WS/MP18429/2026-2027/245707,ND-WRK-2062,Physical Inspection,1000000.0,973968.0,1,0.974,61.0,30.0,0,False,No payment-progress review signal triggered by the current rules.
WS/MP18429/2026-2027/245752,ND-WRK-2063,Physical Inspection,494000.0,494000.0,1,1.0,,,0,False,No payment-progress review signal triggered by the current rules.
WS/MP18429/2026-2027/247111,ND-WRK-2064,Physical Inspection,499122.0,499122.0,1,1.0,,,0,False,No payment-progress review signal triggered by the current rules.
WS/MP18429/2026-2027/247113,ND-WRK-2065,Physical Inspection,499440.0,499440.0,1,1.0,,32.0,0,False,No payment-progress review signal triggered by the current rules.
WS/MP18429/2026-2027/247336,ND-WRK-2066,Physical Inspection,494000.0,494000.0,1,1.0,,,0,False,No payment-progress review signal triggered by the current rules.
WS/MP18429/2026-2027/248059,ND-WRK-2067,Physical Inspection,493811.0,493811.0,1,1.0,213.0,63.0,0,False,No payment-progress review signal triggered by the current rules.
WS/MP661/2025-2026/147454,ND-WRK-2089,Physical Inspection,1000000.0,919303.0,1,0.919,,,0,False,No payment-progress review signal triggered by the current rules.
WS/MP661/2025-2026/147465,ND-WRK-2091,Physical Inspection,999694.0,999694.0,1,1.0,,,0,False,No payment-progress review signal triggered by the current rules.
WS/MP661/2025-2026/147480,ND-WRK-2092,Physical Inspection,995639.0,995639.0,1,1.0,,,0,False,No payment-progress review signal triggered by the current rules.
WS/MP661/2025-2026/180258,ND-WRK-2093,Physical Inspection,1000000.0,1000000.0,1,1.0,,,0,False,No payment-progress review signal triggered by the current rules.
WS/MP661/2025-2026/180259,ND-WRK-2094,Physical Inspection,1000000.0,1000000.0,1,1.0,,,0,False,No payment-progress review signal triggered by the current rules.
WS/MP661/2026-2027/147464,ND-WRK-2096,Physical Inspection,1000000.0,482614.0,1,0.483,,,0,False,No payment-progress review signal triggered by the current rules.
WS/MP661/2026-2027/188107,ND-WRK-2097,Physical Inspection,500000.0,457374.0,1,0.915,,,0,False,No payment-progress review signal triggered by the current rules.
WS/MP661/2026-2027/188108,ND-WRK-2098,Physical Inspection,500000.0,438594.0,1,0.877,,,0,False,No payment-progress review signal triggered by the current rules.
WS/MP661/2026-2027/188109,ND-WRK-2099,Physical Inspection,500000.0,462962.0,1,0.926,,,0,False,No payment-progress review signal triggered by the current rules.
WS/MP661/2026-2027/188110,ND-WRK-2100,Physical Inspection,500000.0,470341.0,1,0.941,,,0,False,No payment-progress review signal triggered by the current rules.
WS/MP661/2026-2027/188111,ND-WRK-2101,Physical Inspection,500000.0,450472.0,1,0.901,,,0,False,No payment-progress review signal triggered by the current rules.
WS/MP18429/2026-2027/248642,ND-WRK-2070,Physical Inspection,1000000.0,992531.0,1,0.993,-30.0,,0,False,No payment-progress review signal triggered by the current rules.
WS/MP18429/2026-2027/249418,ND-WRK-2073,Physical Inspection,919617.0,0.0,0,0.0,,,0,False,No payment-progress review signal triggered by the current rules.
WS/MP18429/2026-2027/249419,ND-WRK-2074,Physical Inspection,925203.0,0.0,0,0.0,,,0,False,No payment-progress review signal triggered by the current rules.
WS/MP18429/2026-2027/249420,ND-WRK-2075,Physical Inspection,903426.0,0.0,0,0.0,,,0,False,No payment-progress review signal triggered by the current rules.
WS/MP18429/2026-2027/250362,ND-WRK-2076,Physical Inspection,1000000.0,998848.0,1,0.999,-91.0,,0,False,No payment-progress review signal triggered by the current rules.
WS/MP18111/2025-2026/187116,ND-WRK-0088,Physical Inspection,986782.0,986782.0,1,1.0,,,0,False,No payment-progress review signal triggered by the current rules.
WS/MP18111/2025-2026/187118,ND-WRK-0089,Physical Inspection,984714.0,984714.0,1,1.0,,129.0,0,False,No payment-progress review signal triggered by the current rules.
WS/MP18111/2025-2026/187119,ND-WRK-0090,Physical Inspection,981707.0,981707.0,1,1.0,,,0,False,No payment-progress review signal triggered by the current rules.
WS/MP661/2026-2027/246081,ND-WRK-2108,Physical Inspection,1000000.0,993920.0,1,0.994,,,0,False,No payment-progress review signal triggered by the current rules.
WS/MP662/2026-2027/278122,ND-WRK-2109,Work partially Completed,325000.0,325000.0,1,1.0,,,0,False,No payment-progress review signal triggered by the current rules.
WS/MP664/2025-2026/146325,ND-WRK-2110,Physical Inspection,1193715.0,1193715.0,1,1.0,,,0,False,No payment-progress review signal triggered by the current rules.
WS/MP664/2025-2026/146326,ND-WRK-2111,Physical Inspection,994762.0,994762.0,1,1.0,,,0,False,No payment-progress review signal triggered by the current rules.
WS/MP664/2025-2026/146327,ND-WRK-2112,Physical Inspection,1094240.0,1094240.0,1,1.0,,,0,False,No payment-progress review signal triggered by the current rules.
WS/MP664/2025-2026/146328,ND-WRK-2113,Physical Inspection,1196940.0,1196940.0,1,1.0,,,0,False,No payment-progress review signal triggered by the current rules.
WS/MP664/2025-2026/146329,ND-WRK-2114,Physical Inspection,1246813.0,1246813.0,1,1.0,,,0,False,No payment-progress review signal triggered by the current rules.
WS/MP664/2025-2026/146330,ND-WRK-2115,Physical Inspection,1496175.0,1496175.0,1,1.0,,,0,False,No payment-progress review signal triggered by the current rules.
WS/MP664/2025-2026/146335,ND-WRK-2116,Physical Inspection,1494831.0,1494831.0,1,1.0,,,0,False,No payment-progress review signal triggered by the current rules.
WS/MP664/2025-2026/146362,ND-WRK-2117,Physical Inspection,1093255.0,1093255.0,1,1.0,,,0,False,No payment-progress review signal triggered by the current rules.
WS/MP661/2025-2026/146565,ND-WRK-2086,Physical Inspection,1000000.0,1000000.0,1,1.0,,,0,False,No payment-progress review signal triggered by the current rules.
WS/MP661/2025-2026/146566,ND-WRK-2087,Physical Inspection,1000000.0,1000000.0,1,1.0,,,0,False,No payment-progress review signal triggered by the current rules.
WS/MP661/2025-2026/147453,ND-WRK-2088,Physical Inspection,990415.0,990415.0,1,1.0,,,0,False,No payment-progress review signal triggered by the current rules.
WS/MP661/2026-2027/188118,ND-WRK-2103,Physical Inspection,500000.0,450747.0,1,0.901,,,0,False,No payment-progress review signal triggered by the current rules.
WS/MP661/2026-2027/222148,ND-WRK-2104,Sanction,1000000.0,0.0,0,0.0,211.0,,0,False,No payment-progress review signal triggered by the current rules.
WS/MP661/2026-2027/222149,ND-WRK-2105,Sanction,1000000.0,0.0,0,0.0,211.0,,0,False,No payment-progress review signal triggered by the current rules.
WS/MP661/2026-2027/222150,ND-WRK-2106,Sanction,1000000.0,0.0,0,0.0,211.0,,0,False,No payment-progress review signal triggered by the current rules.
WS/MP18111/2026-2027/143961,ND-WRK-0107,Sanction,1000000.0,0.0,0,0.0,,,0,False,No payment-progress review signal triggered by the current rules.
WS/MP18111/2026-2027/187121,ND-WRK-0108,Physical Inspection,1000000.0,1000000.0,1,1.0,,,0,False,No payment-progress review signal triggered by the current rules.
WS/MP18111/2026-2027/187510,ND-WRK-0109,Sanction,1200000.0,0.0,0,0.0,,,0,False,No payment-progress review signal triggered by the current rules.
WS/MP18111/2026-2027/187511,ND-WRK-0110,Work Completed,1000000.0,990840.0,1,0.991,,,0,False,No payment-progress review signal triggered by the current rules.
WS/MP18111/2026-2027/187537,ND-WRK-0111,Sanction,1000000.0,0.0,0,0.0,,,0,False,No payment-progress review signal triggered by the current rules.
WS/MP18111/2026-2027/188362,ND-WRK-0112,Work partially Completed,1500000.0,586926.0,1,0.391,188.0,66.0,0,False,No payment-progress review signal triggered by the current rules.
WS/MP18111/2026-2027/188367,ND-WRK-0113,Physical Inspection,1000000.0,1000000.0,1,1.0,,,0,False,No payment-progress review signal triggered by the current rules.
WS/MP18111/2026-2027/188383,ND-WRK-0114,Sanction,1000000.0,0.0,0,0.0,,,0,False,No payment-progress review signal triggered by the current rules.
WS/MP18111/2026-2027/188395,ND-WRK-0115,Sanction,1000000.0,0.0,0,0.0,,,0,False,No payment-progress review signal triggered by the current rules.
WS/MP18111/2026-2027/188396,ND-WRK-0116,Sanction,1000000.0,0.0,0,0.0,,,0,False,No payment-progress review signal triggered by the current rules.
WS/MP18111/2026-2027/188397,ND-WRK-0117,Sanction,1000000.0,0.0,0,0.0,,,0,False,No payment-progress review signal triggered by the current rules.
WS/MP18111/2025-2026/187111,ND-WRK-0086,Physical Inspection,987502.0,987502.0,2,1.0,,,0,False,No payment-progress review signal triggered by the current rules.
WS/MP672/2025-2026/198594,ND-WRK-2146,Work Completed,1000000.0,943737.0,1,0.944,,,0,False,No payment-progress review signal triggered by the current rules.
WS/MP672/2025-2026/198595,ND-WRK-2147,Work partially Completed,500000.0,449900.0,1,0.9,6.0,,0,False,No payment-progress review signal triggered by the current rules.
WS/MP672/2025-2026/226219,ND-WRK-2148,Physical Inspection,9998850.0,9998850.0,1,1.0,,96.0,0,False,No payment-progress review signal triggered by the current rules.
WS/MP672/2025-2026/252718,ND-WRK-2149,Work partially Completed,150000.0,150000.0,1,1.0,,,0,False,No payment-progress review signal triggered by the current rules.
WS/MP664/2025-2026/146363,ND-WRK-2118,Physical Inspection,1590188.0,1590188.0,1,1.0,,,0,False,No payment-progress review signal triggered by the current rules.
WS/MP664/2025-2026/146364,ND-WRK-2119,Physical Inspection,994762.0,994762.0,1,1.0,,,0,False,No payment-progress review signal triggered by the current rules.
WS/MP664/2025-2026/146365,ND-WRK-2120,Physical Inspection,2089002.0,2089002.0,1,1.0,,,0,False,No payment-progress review signal triggered by the current rules.
WS/MP664/2025-2026/146367,ND-WRK-2121,Physical Inspection,2094646.0,2094646.0,1,1.0,,,0,False,No payment-progress review signal triggered by the current rules.
WS/MP664/2025-2026/146368,ND-WRK-2122,Physical Inspection,1795410.0,1795410.0,1,1.0,,,0,False,No payment-progress review signal triggered by the current rules.
WS/MP664/2026-2027/221410,ND-WRK-2127,Work Completed,2500000.0,2498104.0,1,0.999,96.0,96.0,0,False,No payment-progress review signal triggered by the current rules.
WS/MP664/2026-2027/291153,ND-WRK-2128,Sanction,2500000.0,0.0,0,0.0,122.0,,0,False,No payment-progress review signal triggered by the current rules.
WS/MP664/2026-2027/291154,ND-WRK-2129,Sanction,1800000.0,0.0,0,0.0,122.0,,0,False,No payment-progress review signal triggered by the current rules.
WS/MP667/2025-2026/175160,ND-WRK-2131,Physical Inspection,1000000.0,1000000.0,1,1.0,,,0,False,No payment-progress review signal triggered by the current rules.
WS/MP672/2024-2025/136731,ND-WRK-2132,Work Completed,999600.0,963514.0,1,0.964,,,0,False,No payment-progress review signal triggered by the current rules.
WS/MP672/2024-2025/144101,ND-WRK-2133,Work Completed,152300.0,152300.0,1,1.0,,881.0,0,False,No payment-progress review signal triggered by the current rules.
WS/MP661/2026-2027/188117,ND-WRK-2102,Physical Inspection,500000.0,454290.0,1,0.909,,,0,False,No payment-progress review signal triggered by the current rules.
WS/MP672/2026-2027/272117,ND-WRK-2165,Physical Inspection,1000000.0,944440.0,1,0.944,,,0,False,No payment-progress review signal triggered by the current rules.
WS/MP672/2024-2025/157560,ND-WRK-2137,Physical Inspection,998500.0,959212.0,1,0.961,310.0,,0,False,No payment-progress review signal triggered by the current rules.
WS/MP18111/2025-2026/187122,ND-WRK-0091,Physical Inspection,1000000.0,976441.0,2,0.976,,,0,False,No payment-progress review signal triggered by the current rules.
WS/MP18111/2025-2026/187508,ND-WRK-0092,Physical Inspection,985973.0,985973.0,1,1.0,,,0,False,No payment-progress review signal triggered by the current rules.
WS/MP18111/2025-2026/187541,ND-WRK-0096,Work Completed,1000000.0,992607.0,1,0.993,514.0,514.0,0,False,No payment-progress review signal triggered by the current rules.
WS/MP18111/2025-2026/187050,ND-WRK-0071,Physical Inspection,979216.0,979216.0,2,1.0,,,0,False,No payment-progress review signal triggered by the current rules.
WS/MP18111/2025-2026/187053,ND-WRK-0072,Physical Inspection,988642.0,988642.0,1,1.0,,,0,False,No payment-progress review signal triggered by the current rules.
WS/MP18111/2025-2026/187060,ND-WRK-0073,Physical Inspection,972537.0,972537.0,1,1.0,,,0,False,No payment-progress review signal triggered by the current rules.
WS/MP18111/2025-2026/187064,ND-WRK-0074,Physical Inspection,987534.0,987534.0,1,1.0,,-25.0,0,False,No payment-progress review signal triggered by the current rules.
WS/MP672/2024-2025/172547,ND-WRK-2139,Physical Inspection,1000000.0,955761.0,1,0.956,433.0,,0,False,No payment-progress review signal triggered by the current rules.
WS/MP672/2024-2025/181677,ND-WRK-2140,Work Completed,1950000.0,1949760.0,1,1.0,,399.0,0,False,No payment-progress review signal triggered by the current rules.
WS/MP672/2024-2025/181699,ND-WRK-2141,Sanction,4996000.0,0.0,0,0.0,,,0,False,No payment-progress review signal triggered by the current rules.
WS/MP672/2024-2025/185152,ND-WRK-2142,Work Completed,435000.0,435000.0,1,1.0,,,0,False,No payment-progress review signal triggered by the current rules.
WS/MP672/2024-2025/185160,ND-WRK-2143,Physical Inspection,1000000.0,992000.0,1,0.992,,,0,False,No payment-progress review signal triggered by the current rules.
WS/MP672/2025-2026/181697,ND-WRK-2144,Physical Inspection,1500000.0,966539.0,1,0.644,,,0,False,No payment-progress review signal triggered by the current rules.
WS/MP672/2025-2026/181702,ND-WRK-2145,Physical Inspection,3000000.0,2232096.0,1,0.744,,,0,False,No payment-progress review signal triggered by the current rules.
WS/MP673/2025-2026/176955,ND-WRK-2178,Physical Inspection,696992.0,696992.0,1,1.0,,,0,False,No payment-progress review signal triggered by the current rules.
WS/MP673/2025-2026/181028,ND-WRK-2179,Physical Inspection,500000.0,500000.0,1,1.0,,,0,False,No payment-progress review signal triggered by the current rules.
WS/MP672/2025-2026/256783,ND-WRK-2150,Work partially Completed,5000000.0,2347190.0,1,0.469,190.0,98.0,0,False,No payment-progress review signal triggered by the current rules.
WS/MP672/2025-2026/276662,ND-WRK-2151,Physical Inspection,2500000.0,1583723.0,1,0.633,,,0,False,No payment-progress review signal triggered by the current rules.
WS/MP672/2026-2027/215081,ND-WRK-2152,Physical Inspection,2000000.0,1203802.0,1,0.602,,,0,False,No payment-progress review signal triggered by the current rules.
WS/MP672/2026-2027/215119,ND-WRK-2153,Sanction,2000000.0,0.0,0,0.0,,,0,False,No payment-progress review signal triggered by the current rules.
WS/MP672/2026-2027/215132,ND-WRK-2155,Physical Inspection,2500000.0,1374299.0,1,0.55,,,0,False,No payment-progress review signal triggered by the current rules.
WS/MP672/2026-2027/215133,ND-WRK-2156,Physical Inspection,2500000.0,1368261.0,1,0.547,,,0,False,No payment-progress review signal triggered by the current rules.
WS/MP672/2026-2027/215157,ND-WRK-2157,Physical Inspection,500000.0,393118.0,1,0.786,,,0,False,No payment-progress review signal triggered by the current rules.
WS/MP672/2026-2027/215164,ND-WRK-2158,Physical Inspection,1000000.0,775097.0,1,0.775,,,0,False,No payment-progress review signal triggered by the current rules.
WS/MP672/2026-2027/227303,ND-WRK-2159,Physical Inspection,1000000.0,784511.0,1,0.785,,,0,False,No payment-progress review signal triggered by the current rules.
WS/MP672/2026-2027/227307,ND-WRK-2160,Physical Inspection,3000000.0,1888785.0,1,0.63,,,0,False,No payment-progress review signal triggered by the current rules.
WS/MP672/2026-2027/247099,ND-WRK-2161,Work Completed,2500000.0,1965693.0,1,0.786,,,0,False,No payment-progress review signal triggered by the current rules.
WS/MP672/2026-2027/272113,ND-WRK-2162,Physical Inspection,1000000.0,943153.0,1,0.943,,,0,False,No payment-progress review signal triggered by the current rules.
WS/MP672/2026-2027/272114,ND-WRK-2163,Physical Inspection,1000000.0,947858.0,1,0.948,,,0,False,No payment-progress review signal triggered by the current rules.
WS/MP672/2026-2027/272115,ND-WRK-2164,Physical Inspection,1000000.0,943418.0,1,0.943,,,0,False,No payment-progress review signal triggered by the current rules.
WS/MP673/2025-2026/202437,ND-WRK-2186,Physical Inspection,498630.0,498630.0,1,1.0,,,0,False,No payment-progress review signal triggered by the current rules.
WS/MP673/2025-2026/218083,ND-WRK-2188,Work Completed,500000.0,500000.0,1,1.0,97.0,67.0,0,False,No payment-progress review signal triggered by the current rules.
WS/MP673/2026-2027/145234,ND-WRK-2189,Sanction,1000000.0,0.0,0,0.0,184.0,,0,False,No payment-progress review signal triggered by the current rules.
WS/MP673/2026-2027/145737,ND-WRK-2190,Sanction,750000.0,0.0,0,0.0,184.0,,0,False,No payment-progress review signal triggered by the current rules.
WS/MP673/2026-2027/172568,ND-WRK-2192,Work partially Completed,700000.0,287196.0,1,0.41,,,0,False,No payment-progress review signal triggered by the current rules.
WS/MP673/2026-2027/176952,ND-WRK-2193,Physical Inspection,298283.0,298283.0,1,1.0,,,0,False,No payment-progress review signal triggered by the current rules.
WS/MP673/2026-2027/176956,ND-WRK-2194,Physical Inspection,694535.0,694535.0,1,1.0,,,0,False,No payment-progress review signal triggered by the current rules.
WS/MP673/2026-2027/182071,ND-WRK-2195,Work Completed,700000.0,695930.0,1,0.994,-26.0,152.0,0,False,No payment-progress review signal triggered by the current rules.
WS/MP673/2026-2027/193060,ND-WRK-2197,Physical Inspection,500000.0,498172.0,1,0.996,,,0,False,No payment-progress review signal triggered by the current rules.
WS/MP672/2026-2027/276663,ND-WRK-2166,Work Completed,836000.0,729476.0,2,0.873,247.0,95.0,0,False,No payment-progress review signal triggered by the current rules.
WS/MP672/2026-2027/291742,ND-WRK-2167,Physical Inspection,5000000.0,3201581.0,1,0.64,63.0,63.0,0,False,No payment-progress review signal triggered by the current rules.
WS/MP673/2024-2025/139059,ND-WRK-2169,Physical Inspection,299942.0,299942.0,1,1.0,,,0,False,No payment-progress review signal triggered by the current rules.
WS/MP673/2025-2026/143160,ND-WRK-2170,Physical Inspection,500000.0,500000.0,1,1.0,,,0,False,No payment-progress review signal triggered by the current rules.
WS/MP673/2025-2026/145399,ND-WRK-2171,Physical Inspection,299674.0,299674.0,1,1.0,455.0,,0,False,No payment-progress review signal triggered by the current rules.
WS/MP673/2025-2026/167817,ND-WRK-2173,Work Completed,2499999.0,2499999.0,2,1.0,,158.0,0,False,No payment-progress review signal triggered by the current rules.
WS/MP673/2025-2026/169929,ND-WRK-2174,Physical Inspection,1293928.0,1293928.0,1,1.0,97.0,-25.0,0,False,No payment-progress review signal triggered by the current rules.
WS/MP18110/2026-2027/274342,ND-WRK-0058,Sanction,1500000.0,0.0,0,0.0,,,0,False,No payment-progress review signal triggered by the current rules.
WS/MP673/2026-2027/204854,ND-WRK-2203,Physical Inspection,700000.0,696991.0,1,0.996,,63.0,0,False,No payment-progress review signal triggered by the current rules.
WS/MP673/2026-2027/207526,ND-WRK-2204,Physical Inspection,995670.0,995670.0,1,1.0,96.0,156.0,0,False,No payment-progress review signal triggered by the current rules.
WS/MP673/2026-2027/207539,ND-WRK-2205,Physical Inspection,499900.0,497715.0,1,0.996,,,0,False,No payment-progress review signal triggered by the current rules.
WS/MP673/2026-2027/210708,ND-WRK-2206,Work partially Completed,700000.0,686896.0,1,0.981,,,0,False,No payment-progress review signal triggered by the current rules.
WS/MP673/2026-2027/210710,ND-WRK-2207,Physical Inspection,700000.0,697773.0,1,0.997,,,0,False,No payment-progress review signal triggered by the current rules.
WS/MP673/2026-2027/218587,ND-WRK-2208,Physical Inspection,296176.0,296176.0,1,1.0,4.0,4.0,0,False,No payment-progress review signal triggered by the current rules.
WS/MP673/2026-2027/225719,ND-WRK-2209,Physical Inspection,685572.0,685572.0,1,1.0,35.0,,0,False,No payment-progress review signal triggered by the current rules.
WS/MP673/2026-2027/225939,ND-WRK-2210,Work partially Completed,1000000.0,993405.0,1,0.993,,,0,False,No payment-progress review signal triggered by the current rules.
WS/MP673/2026-2027/227541,ND-WRK-2211,Work partially Completed,700000.0,310438.0,1,0.443,96.0,4.0,0,False,No payment-progress review signal triggered by the current rules.
WS/MP673/2026-2027/238949,ND-WRK-2212,Work partially Completed,999999.0,999999.0,1,1.0,,,0,False,No payment-progress review signal triggered by the current rules.
WS/MP673/2026-2027/240864,ND-WRK-2213,Physical Inspection,699300.0,696292.0,1,0.996,184.0,,0,False,No payment-progress review signal triggered by the current rules.
WS/MP673/2025-2026/199040,ND-WRK-2182,Physical Inspection,696803.0,696803.0,1,1.0,97.0,5.0,0,False,No payment-progress review signal triggered by the current rules.
WS/MP673/2025-2026/199064,ND-WRK-2183,Physical Inspection,696907.0,696907.0,1,1.0,333.0,,0,False,No payment-progress review signal triggered by the current rules.
WS/MP673/2025-2026/200173,ND-WRK-2184,Physical Inspection,673517.0,673517.0,1,1.0,97.0,5.0,0,False,No payment-progress review signal triggered by the current rules.
WS/MP673/2025-2026/201929,ND-WRK-2185,Physical Inspection,696250.0,696250.0,1,1.0,,,0,False,No payment-progress review signal triggered by the current rules.
WS/MP673/2026-2027/201963,ND-WRK-2200,Physical Inspection,995416.0,995416.0,1,1.0,-26.0,,0,False,No payment-progress review signal triggered by the current rules.
WS/MP673/2026-2027/202474,ND-WRK-2201,Physical Inspection,499400.0,497237.0,1,0.996,184.0,31.0,0,False,No payment-progress review signal triggered by the current rules.
WS/MP673/2026-2027/203683,ND-WRK-2202,Physical Inspection,700000.0,695987.0,1,0.994,,,0,False,No payment-progress review signal triggered by the current rules.
WS/MP18111/2025-2026/187068,ND-WRK-0075,Physical Inspection,987455.0,987455.0,1,1.0,,129.0,0,False,No payment-progress review signal triggered by the current rules.
WS/MP18111/2025-2026/187078,ND-WRK-0077,Physical Inspection,986977.0,986977.0,1,1.0,,,0,False,No payment-progress review signal triggered by the current rules.
WS/MP18111/2025-2026/187082,ND-WRK-0078,Physical Inspection,983626.0,983626.0,1,1.0,,,0,False,No payment-progress review signal triggered by the current rules.
WS/MP18111/2025-2026/187087,ND-WRK-0079,Physical Inspection,986905.0,986905.0,1,1.0,,,0,False,No payment-progress review signal triggered by the current rules.
WS/MP18111/2025-2026/187088,ND-WRK-0080,Physical Inspection,986743.0,986743.0,1,1.0,,,0,False,No payment-progress review signal triggered by the current rules.
WS/MP18111/2025-2026/187092,ND-WRK-0081,Work partially Completed,1000000.0,978744.0,2,0.979,,,0,False,No payment-progress review signal triggered by the current rules.
WS/MP18111/2025-2026/187100,ND-WRK-0082,Physical Inspection,988046.0,988046.0,2,1.0,333.0,,0,False,No payment-progress review signal triggered by the current rules.
WS/MP18111/2025-2026/187103,ND-WRK-0084,Physical Inspection,984417.0,984417.0,1,1.0,-84.0,-84.0,0,False,No payment-progress review signal triggered by the current rules.
WS/MP18111/2025-2026/187104,ND-WRK-0085,Physical Inspection,987554.0,987554.0,2,1.0,,,0,False,No payment-progress review signal triggered by the current rules.
WS/MP18110/2026-2027/270614,ND-WRK-0054,Sanction,1000000.0,0.0,0,0.0,,,0,False,No payment-progress review signal triggered by the current rules.
WS/MP18110/2026-2027/270615,ND-WRK-0055,Sanction,1000000.0,0.0,0,0.0,,,0,False,No payment-progress review signal triggered by the current rules.
WS/MP18110/2026-2027/270616,ND-WRK-0056,Sanction,1000000.0,0.0,0,0.0,,,0,False,No payment-progress review signal triggered by the current rules.
WS/MP18110/2026-2027/270617,ND-WRK-0057,Sanction,1000000.0,0.0,0,0.0,,,0,False,No payment-progress review signal triggered by the current rules.
WS/MP681/2024-2025/143809,ND-WRK-2237,Physical Inspection,999464.0,999464.0,1,1.0,667.0,,0,False,No payment-progress review signal triggered by the current rules.
WS/MP681/2024-2025/143971,ND-WRK-2238,Physical Inspection,498686.0,498686.0,1,1.0,728.0,,0,False,No payment-progress review signal triggered by the current rules.
WS/MP681/2024-2025/143972,ND-WRK-2239,Sanction,999768.0,0.0,0,0.0,,,0,False,No payment-progress review signal triggered by the current rules.
WS/MP681/2024-2025/143976,ND-WRK-2242,Physical Inspection,699760.0,699760.0,1,1.0,667.0,,0,False,No payment-progress review signal triggered by the current rules.
WS/MP673/2026-2027/259050,ND-WRK-2214,Physical Inspection,700000.0,696980.0,1,0.996,,,0,False,No payment-progress review signal triggered by the current rules.
WS/MP675/2025-2026/257402,ND-WRK-2215,Work partially Completed,1000000.0,747028.0,1,0.747,217.0,158.0,0,False,No payment-progress review signal triggered by the current rules.
WS/MP675/2025-2026/257406,ND-WRK-2216,Work partially Completed,500000.0,461000.0,1,0.922,217.0,97.0,0,False,No payment-progress review signal triggered by the current rules.
WS/MP681/2024-2025/134797,ND-WRK-2217,Physical Inspection,997623.0,997623.0,1,1.0,729.0,,0,False,No payment-progress review signal triggered by the current rules.
WS/MP681/2024-2025/134798,ND-WRK-2218,Physical Inspection,998788.0,998788.0,1,1.0,912.0,,0,False,No payment-progress review signal triggered by the current rules.
WS/MP681/2024-2025/134799,ND-WRK-2219,Work Completed,999356.0,999356.0,1,1.0,,,0,False,No payment-progress review signal triggered by the current rules.
WS/MP681/2024-2025/134800,ND-WRK-2220,Physical Inspection,999753.0,999753.0,1,1.0,,,0,False,No payment-progress review signal triggered by the current rules.
WS/MP681/2024-2025/134801,ND-WRK-2221,Physical Inspection,999978.0,999978.0,1,1.0,667.0,,0,False,No payment-progress review signal triggered by the current rules.
WS/MP681/2024-2025/134802,ND-WRK-2222,Physical Inspection,1493920.0,1493920.0,1,1.0,,,0,False,No payment-progress review signal triggered by the current rules.
WS/MP681/2024-2025/134804,ND-WRK-2224,Physical Inspection,999896.0,999896.0,1,1.0,912.0,,0,False,No payment-progress review signal triggered by the current rules.
WS/MP673/2026-2027/193064,ND-WRK-2198,Physical Inspection,995271.0,995271.0,1,1.0,-26.0,,0,False,No payment-progress review signal triggered by the current rules.
WS/MP673/2026-2027/197787,ND-WRK-2199,Time Estimation,300000.0,0.0,0,0.0,244.0,,0,False,No payment-progress review signal triggered by the current rules.
WS/MP681/2024-2025/163047,ND-WRK-2259,Physical Inspection,997697.0,997697.0,1,1.0,,,0,False,No payment-progress review signal triggered by the current rules.
WS/MP681/2025-2026/143978,ND-WRK-2261,Physical Inspection,699809.0,699809.0,1,1.0,273.0,130.0,0,False,No payment-progress review signal triggered by the current rules.
WS/MP18110/2026-2027/274343,ND-WRK-0059,Sanction,1500000.0,0.0,0,0.0,,,0,False,No payment-progress review signal triggered by the current rules.
WS/MP18110/2026-2027/274344,ND-WRK-0060,Sanction,1500000.0,0.0,0,0.0,,,0,False,No payment-progress review signal triggered by the current rules.
WS/MP18110/2026-2027/274345,ND-WRK-0061,Sanction,1500000.0,0.0,0,0.0,,,0,False,No payment-progress review signal triggered by the current rules.
WS/MP18110/2026-2027/274346,ND-WRK-0062,Sanction,1500000.0,0.0,0,0.0,,,0,False,No payment-progress review signal triggered by the current rules.
WS/MP18110/2026-2027/274347,ND-WRK-0063,Sanction,1500000.0,0.0,0,0.0,,,0,False,No payment-progress review signal triggered by the current rules.
WS/MP18110/2026-2027/274583,ND-WRK-0064,Sanction,1000000.0,0.0,0,0.0,,,0,False,No payment-progress review signal triggered by the current rules.
WS/MP18111/2025-2026/144099,ND-WRK-0066,Physical Inspection,483603.0,483603.0,1,1.0,,,0,False,No payment-progress review signal triggered by the current rules.
WS/MP18111/2025-2026/177761,ND-WRK-0068,Physical Inspection,985293.0,985293.0,1,1.0,6.0,-24.0,0,False,No payment-progress review signal triggered by the current rules.
WS/MP18111/2025-2026/177808,ND-WRK-0069,Physical Inspection,985659.0,985659.0,2,1.0,606.0,,0,False,No payment-progress review signal triggered by the current rules.
WS/MP18110/2026-2027/269381,ND-WRK-0038,Sanction,1000000.0,0.0,0,0.0,,,0,False,No payment-progress review signal triggered by the current rules.
WS/MP18110/2026-2027/269384,ND-WRK-0039,Sanction,1000000.0,0.0,0,0.0,,,0,False,No payment-progress review signal triggered by the current rules.
WS/MP18110/2026-2027/269579,ND-WRK-0040,Sanction,1200000.0,0.0,0,0.0,,,0,False,No payment-progress review signal triggered by the current rules.
WS/MP18110/2026-2027/269580,ND-WRK-0041,Sanction,1200000.0,0.0,0,0.0,,,0,False,No payment-progress review signal triggered by the current rules.
WS/MP18110/2026-2027/269581,ND-WRK-0042,Sanction,1200000.0,0.0,0,0.0,,,0,False,No payment-progress review signal triggered by the current rules.
WS/MP681/2025-2026/251020,ND-WRK-2269,Sanction,500000.0,0.0,0,0.0,,,0,False,No payment-progress review signal triggered by the current rules.
WS/MP681/2025-2026/251026,ND-WRK-2270,Physical Inspection,495744.0,495744.0,1,1.0,,156.0,0,False,No payment-progress review signal triggered by the current rules.
WS/MP681/2025-2026/251028,ND-WRK-2271,Physical Inspection,499735.0,499735.0,1,1.0,,156.0,0,False,No payment-progress review signal triggered by the current rules.
WS/MP681/2025-2026/251044,ND-WRK-2272,Sanction,2500000.0,0.0,0,0.0,,,0,False,No payment-progress review signal triggered by the current rules.
WS/MP681/2025-2026/255337,ND-WRK-2273,Sanction,700000.0,0.0,0,0.0,,,0,False,No payment-progress review signal triggered by the current rules.
WS/MP681/2025-2026/255338,ND-WRK-2274,Sanction,700000.0,0.0,0,0.0,,,0,False,No payment-progress review signal triggered by the current rules.
WS/MP681/2025-2026/255339,ND-WRK-2275,Sanction,700000.0,0.0,0,0.0,,,0,False,No payment-progress review signal triggered by the current rules.
WS/MP681/2025-2026/255341,ND-WRK-2276,Work partially Completed,600000.0,599674.0,1,0.999,,,0,False,No payment-progress review signal triggered by the current rules.
WS/MP681/2025-2026/255342,ND-WRK-2277,Work partially Completed,1000000.0,999462.0,1,0.999,,,0,False,No payment-progress review signal triggered by the current rules.
WS/MP681/2024-2025/143982,ND-WRK-2246,Physical Inspection,694100.0,694100.0,1,1.0,,,0,False,No payment-progress review signal triggered by the current rules.
WS/MP681/2024-2025/145252,ND-WRK-2252,Sanction,999154.0,0.0,0,0.0,,,0,False,No payment-progress review signal triggered by the current rules.
WS/MP681/2024-2025/145255,ND-WRK-2253,Physical Inspection,999768.0,999768.0,1,1.0,,,0,False,No payment-progress review signal triggered by the current rules.
WS/MP681/2024-2025/158411,ND-WRK-2254,Work Completed,999965.0,999965.0,1,1.0,463.0,,0,False,No payment-progress review signal triggered by the current rules.
WS/MP681/2024-2025/161539,ND-WRK-2255,Physical Inspection,499500.0,499500.0,1,1.0,615.0,,0,False,No payment-progress review signal triggered by the current rules.
WS/MP681/2024-2025/161563,ND-WRK-2256,Physical Inspection,699821.0,699821.0,1,1.0,,,0,False,No payment-progress review signal triggered by the current rules.
WS/MP681/2024-2025/161565,ND-WRK-2257,Work Completed,599968.0,599968.0,1,1.0,,159.0,0,False,No payment-progress review signal triggered by the current rules.
WS/MP681/2026-2027/257825,ND-WRK-2280,Sanction,300000.0,0.0,0,0.0,153.0,,0,False,No payment-progress review signal triggered by the current rules.
WS/MP685/2024-2025/143363,ND-WRK-2281,Physical Inspection,998243.0,998243.0,1,1.0,,,0,False,No payment-progress review signal triggered by the current rules.
WS/MP685/2024-2025/143365,ND-WRK-2282,Physical Inspection,995777.0,995777.0,1,1.0,,,0,False,No payment-progress review signal triggered by the current rules.
WS/MP685/2024-2025/143366,ND-WRK-2283,Physical Inspection,996227.0,996227.0,1,1.0,,,0,False,No payment-progress review signal triggered by the current rules.
WS/MP685/2024-2025/143367,ND-WRK-2284,Physical Inspection,996227.0,996227.0,1,1.0,,,0,False,No payment-progress review signal triggered by the current rules.
WS/MP685/2024-2025/143368,ND-WRK-2285,Physical Inspection,997319.0,997319.0,1,1.0,,,0,False,No payment-progress review signal triggered by the current rules.
WS/MP685/2024-2025/143369,ND-WRK-2286,Physical Inspection,996227.0,996227.0,1,1.0,,,0,False,No payment-progress review signal triggered by the current rules.
WS/MP685/2024-2025/143370,ND-WRK-2287,Physical Inspection,996010.0,996010.0,1,1.0,,,0,False,No payment-progress review signal triggered by the current rules.
WS/MP685/2025-2026/143374,ND-WRK-2288,Physical Inspection,996226.0,996226.0,1,1.0,431.0,,0,False,No payment-progress review signal triggered by the current rules.
WS/MP685/2025-2026/170394,ND-WRK-2289,Work partially Completed,500000.0,250000.0,1,0.5,,,0,False,No payment-progress review signal triggered by the current rules.
WS/MP685/2025-2026/171729,ND-WRK-2290,Physical Inspection,499000.0,499000.0,2,1.0,,,0,False,No payment-progress review signal triggered by the current rules.
WS/MP685/2025-2026/175373,ND-WRK-2291,Physical Inspection,994543.0,994543.0,1,1.0,368.0,-55.0,0,False,No payment-progress review signal triggered by the current rules.
WS/MP685/2025-2026/176775,ND-WRK-2292,Work partially Completed,1000000.0,500000.0,1,0.5,,,0,False,No payment-progress review signal triggered by the current rules.
WS/MP685/2025-2026/182072,ND-WRK-2293,Physical Inspection,697697.0,697697.0,1,1.0,,,0,False,No payment-progress review signal triggered by the current rules.
WS/MP681/2025-2026/161562,ND-WRK-2264,Sanction,699980.0,0.0,0,0.0,,,0,False,No payment-progress review signal triggered by the current rules.
WS/MP681/2025-2026/216393,ND-WRK-2268,Sanction,2000000.0,0.0,0,0.0,361.0,,0,False,No payment-progress review signal triggered by the current rules.
WS/MP685/2025-2026/187994,ND-WRK-2296,Physical Inspection,1498219.0,1498219.0,2,1.0,,,0,False,No payment-progress review signal triggered by the current rules.
WS/MP685/2025-2026/187995,ND-WRK-2297,Physical Inspection,999000.0,999000.0,2,1.0,,4.0,0,False,No payment-progress review signal triggered by the current rules.
WS/MP685/2025-2026/194548,ND-WRK-2298,Physical Inspection,999565.0,999565.0,1,1.0,6.0,-55.0,0,False,No payment-progress review signal triggered by the current rules.
WS/MP685/2025-2026/194549,ND-WRK-2299,Physical Inspection,991771.0,991771.0,1,1.0,6.0,-55.0,0,False,No payment-progress review signal triggered by the current rules.
WS/MP685/2025-2026/194555,ND-WRK-2300,Physical Inspection,994791.0,994791.0,1,1.0,6.0,-55.0,0,False,No payment-progress review signal triggered by the current rules.
WS/MP685/2025-2026/196296,ND-WRK-2301,Physical Inspection,600000.0,600000.0,1,1.0,333.0,,0,False,No payment-progress review signal triggered by the current rules.
WS/MP685/2025-2026/196297,ND-WRK-2302,Physical Inspection,300000.0,300000.0,1,1.0,333.0,,0,False,No payment-progress review signal triggered by the current rules.
WS/MP685/2025-2026/196299,ND-WRK-2303,Physical Inspection,300000.0,300000.0,1,1.0,333.0,,0,False,No payment-progress review signal triggered by the current rules.
WS/MP685/2025-2026/196301,ND-WRK-2304,Physical Inspection,300000.0,300000.0,1,1.0,333.0,,0,False,No payment-progress review signal triggered by the current rules.
WS/MP685/2025-2026/196302,ND-WRK-2305,Physical Inspection,300000.0,300000.0,1,1.0,333.0,,0,False,No payment-progress review signal triggered by the current rules.
WS/MP685/2025-2026/196303,ND-WRK-2306,Physical Inspection,300000.0,300000.0,1,1.0,333.0,,0,False,No payment-progress review signal triggered by the current rules.
WS/MP685/2025-2026/196305,ND-WRK-2307,Physical Inspection,600000.0,600000.0,1,1.0,333.0,,0,False,No payment-progress review signal triggered by the current rules.
WS/MP685/2025-2026/196307,ND-WRK-2308,Physical Inspection,300000.0,299994.0,1,1.0,333.0,,0,False,No payment-progress review signal triggered by the current rules.
WS/MP685/2025-2026/196308,ND-WRK-2309,Physical Inspection,300000.0,300000.0,1,1.0,333.0,,0,False,No payment-progress review signal triggered by the current rules.
WS/MP681/2026-2027/251036,ND-WRK-2278,Sanction,1000000.0,0.0,0,0.0,153.0,,0,False,No payment-progress review signal triggered by the current rules.
WS/MP681/2026-2027/257816,ND-WRK-2279,Work partially Completed,700000.0,699900.0,1,1.0,153.0,-61.0,0,False,No payment-progress review signal triggered by the current rules.
WS/MP18110/2026-2027/248579,ND-WRK-0024,Physical Inspection,1000000.0,993116.0,1,0.993,,,0,False,No payment-progress review signal triggered by the current rules.
WS/MP18110/2026-2027/262176,ND-WRK-0025,Sanction,1000000.0,0.0,0,0.0,,,0,False,No payment-progress review signal triggered by the current rules.
WS/MP18110/2026-2027/262178,ND-WRK-0026,Sanction,1200000.0,0.0,0,0.0,,,0,False,No payment-progress review signal triggered by the current rules.
WS/MP685/2026-2027/159572,ND-WRK-2315,Work partially Completed,1000000.0,500000.0,1,0.5,183.0,61.0,0,False,No payment-progress review signal triggered by the current rules.
WS/MP685/2026-2027/170392,ND-WRK-2316,Work partially Completed,1500000.0,750000.0,1,0.5,244.0,62.0,0,False,No payment-progress review signal triggered by the current rules.
WS/MP685/2026-2027/170395,ND-WRK-2317,Work partially Completed,1000000.0,500000.0,1,0.5,4.0,-26.0,0,False,No payment-progress review signal triggered by the current rules.
WS/MP685/2026-2027/174726,ND-WRK-2318,Work partially Completed,1000000.0,500000.0,1,0.5,,,0,False,No payment-progress review signal triggered by the current rules.
WS/MP685/2026-2027/176774,ND-WRK-2319,Physical Inspection,1000000.0,991160.0,1,0.991,,,0,False,No payment-progress review signal triggered by the current rules.
WS/MP685/2026-2027/182017,ND-WRK-2320,Physical Inspection,700000.0,696248.0,1,0.995,,,0,False,No payment-progress review signal triggered by the current rules.
WS/MP685/2026-2027/182018,ND-WRK-2321,Physical Inspection,500000.0,496562.0,1,0.993,,,0,False,No payment-progress review signal triggered by the current rules.
WS/MP685/2026-2027/182019,ND-WRK-2322,Physical Inspection,300000.0,298756.0,1,0.996,,,0,False,No payment-progress review signal triggered by the current rules.
WS/MP685/2026-2027/182025,ND-WRK-2323,Physical Inspection,700000.0,698025.0,1,0.997,,,0,False,No payment-progress review signal triggered by the current rules.
WS/MP685/2026-2027/187647,ND-WRK-2324,Physical Inspection,1000000.0,999992.0,1,1.0,,,0,False,No payment-progress review signal triggered by the current rules.
WS/MP685/2026-2027/187648,ND-WRK-2325,Work partially Completed,1000000.0,999992.0,1,1.0,,,0,False,No payment-progress review signal triggered by the current rules.
WS/MP685/2025-2026/187645,ND-WRK-2294,Physical Inspection,1000000.0,1000000.0,1,1.0,,97.0,0,False,No payment-progress review signal triggered by the current rules.
WS/MP685/2025-2026/187646,ND-WRK-2295,Physical Inspection,1000000.0,1000000.0,1,1.0,,-25.0,0,False,No payment-progress review signal triggered by the current rules.
WS/MP685/2025-2026/196312,ND-WRK-2311,Physical Inspection,600000.0,600000.0,1,1.0,333.0,,0,False,No payment-progress review signal triggered by the current rules.
WS/MP685/2025-2026/196313,ND-WRK-2312,Physical Inspection,500000.0,499990.0,1,1.0,333.0,,0,False,No payment-progress review signal triggered by the current rules.
WS/MP685/2025-2026/196314,ND-WRK-2313,Physical Inspection,600000.0,600000.0,1,1.0,333.0,,0,False,No payment-progress review signal triggered by the current rules.
WS/MP685/2025-2026/196341,ND-WRK-2314,Physical Inspection,600000.0,599988.0,1,1.0,333.0,,0,False,No payment-progress review signal triggered by the current rules.
WS/MP18110/2026-2027/269582,ND-WRK-0043,Sanction,1200000.0,0.0,0,0.0,,,0,False,No payment-progress review signal triggered by the current rules.
WS/MP18110/2026-2027/269583,ND-WRK-0044,Sanction,1200000.0,0.0,0,0.0,,,0,False,No payment-progress review signal triggered by the current rules.
WS/MP18110/2026-2027/269584,ND-WRK-0045,Sanction,1200000.0,0.0,0,0.0,,,0,False,No payment-progress review signal triggered by the current rules.
WS/MP18110/2026-2027/269935,ND-WRK-0046,Sanction,1000000.0,0.0,0,0.0,,,0,False,No payment-progress review signal triggered by the current rules.
WS/MP18110/2026-2027/269936,ND-WRK-0047,Sanction,1000000.0,0.0,0,0.0,,,0,False,No payment-progress review signal triggered by the current rules.
WS/MP18110/2026-2027/269937,ND-WRK-0048,Sanction,1000000.0,0.0,0,0.0,,,0,False,No payment-progress review signal triggered by the current rules.
WS/MP18110/2026-2027/269938,ND-WRK-0049,Sanction,1000000.0,0.0,0,0.0,,,0,False,No payment-progress review signal triggered by the current rules.
WS/MP18110/2026-2027/269939,ND-WRK-0050,Sanction,1000000.0,0.0,0,0.0,,,0,False,No payment-progress review signal triggered by the current rules.
WS/MP18110/2026-2027/270604,ND-WRK-0051,Sanction,800000.0,0.0,0,0.0,,,0,False,No payment-progress review signal triggered by the current rules.
WS/MP18110/2026-2027/270605,ND-WRK-0052,Sanction,700000.0,0.0,0,0.0,,,0,False,No payment-progress review signal triggered by the current rules.
WS/MP18110/2026-2027/270613,ND-WRK-0053,Sanction,1000000.0,0.0,0,0.0,,,0,False,No payment-progress review signal triggered by the current rules.
WS/MP18110/2026-2027/242057,ND-WRK-0022,Physical Inspection,1500000.0,1486985.0,1,0.991,,,0,False,No payment-progress review signal triggered by the current rules.
WS/MP687/2025-2026/182573,ND-WRK-2354,Physical Inspection,750000.0,750000.0,2,1.0,579.0,,0,False,No payment-progress review signal triggered by the current rules.
WS/MP687/2025-2026/182574,ND-WRK-2355,Work partially Completed,1500000.0,750000.0,1,0.5,,,0,False,No payment-progress review signal triggered by the current rules.
WS/MP687/2025-2026/187643,ND-WRK-2356,Work partially Completed,2500000.0,1250000.0,1,0.5,,,0,False,No payment-progress review signal triggered by the current rules.
WS/MP687/2025-2026/199486,ND-WRK-2357,Work partially Completed,3000000.0,1500000.0,1,0.5,-56.0,-86.0,0,False,No payment-progress review signal triggered by the current rules.
WS/MP685/2026-2027/187654,ND-WRK-2326,Work partially Completed,500000.0,250000.0,1,0.5,244.0,,0,False,No payment-progress review signal triggered by the current rules.
WS/MP685/2026-2027/194546,ND-WRK-2327,Physical Inspection,1000000.0,999946.0,1,1.0,,,0,False,No payment-progress review signal triggered by the current rules.
WS/MP685/2026-2027/233088,ND-WRK-2328,Physical Inspection,1000000.0,999182.0,1,0.999,,,0,False,No payment-progress review signal triggered by the current rules.
WS/MP685/2026-2027/254563,ND-WRK-2331,Work partially Completed,1500000.0,750000.0,1,0.5,4.0,,0,False,No payment-progress review signal triggered by the current rules.
WS/MP685/2026-2027/257924,ND-WRK-2332,Work partially Completed,1000000.0,500000.0,1,0.5,32.0,,0,False,No payment-progress review signal triggered by the current rules.
WS/MP687/2025-2026/182080,ND-WRK-2335,Physical Inspection,1497755.0,1497755.0,2,1.0,,,0,False,No payment-progress review signal triggered by the current rules.
WS/MP687/2025-2026/182081,ND-WRK-2336,Work partially Completed,2500000.0,1247446.0,1,0.499,,,0,False,No payment-progress review signal triggered by the current rules.
WS/MP687/2025-2026/182083,ND-WRK-2337,Work partially Completed,700000.0,350000.0,1,0.5,,,0,False,No payment-progress review signal triggered by the current rules.
WS/MP687/2025-2026/182084,ND-WRK-2338,Physical Inspection,1497402.0,1497402.0,2,1.0,337.0,,0,False,No payment-progress review signal triggered by the current rules.
WS/MP687/2025-2026/182087,ND-WRK-2340,Physical Inspection,749000.0,749000.0,2,1.0,337.0,,0,False,No payment-progress review signal triggered by the current rules.
WS/MP687/2025-2026/182088,ND-WRK-2341,Physical Inspection,1497654.0,1497654.0,2,1.0,,35.0,0,False,No payment-progress review signal triggered by the current rules.
WS/MP685/2025-2026/196310,ND-WRK-2310,Physical Inspection,300000.0,300000.0,1,1.0,333.0,,0,False,No payment-progress review signal triggered by the current rules.
WS/MP687/2025-2026/243692,ND-WRK-2366,Work partially Completed,3000000.0,1500000.0,1,0.5,38.0,38.0,0,False,No payment-progress review signal triggered by the current rules.
WS/MP687/2025-2026/243695,ND-WRK-2367,Physical Inspection,2500000.0,2454195.0,2,0.982,130.0,,0,False,No payment-progress review signal triggered by the current rules.
WS/MP687/2025-2026/243701,ND-WRK-2368,Work partially Completed,2000000.0,1000000.0,1,0.5,,,0,False,No payment-progress review signal triggered by the current rules.
WS/MP687/2025-2026/243704,ND-WRK-2369,Work partially Completed,1500000.0,750000.0,1,0.5,,,0,False,No payment-progress review signal triggered by the current rules.
WS/MP687/2025-2026/243712,ND-WRK-2370,Physical Inspection,2500000.0,2499000.0,2,1.0,,,0,False,No payment-progress review signal triggered by the current rules.
WS/MP687/2025-2026/243729,ND-WRK-2371,Work partially Completed,2500000.0,1250000.0,1,0.5,-56.0,-86.0,0,False,No payment-progress review signal triggered by the current rules.
WS/MP687/2025-2026/243731,ND-WRK-2372,Physical Inspection,1498000.0,1498000.0,2,1.0,,5.0,0,False,No payment-progress review signal triggered by the current rules.
WS/MP687/2025-2026/243734,ND-WRK-2373,Physical Inspection,674000.0,674000.0,2,1.0,331.0,38.0,0,False,No payment-progress review signal triggered by the current rules.
WS/MP687/2025-2026/182089,ND-WRK-2342,Physical Inspection,999000.0,999000.0,2,1.0,337.0,,0,False,No payment-progress review signal triggered by the current rules.
WS/MP687/2025-2026/182094,ND-WRK-2344,Physical Inspection,1499000.0,1499000.0,2,1.0,274.0,,0,False,No payment-progress review signal triggered by the current rules.
WS/MP687/2025-2026/182096,ND-WRK-2345,Physical Inspection,699000.0,699000.0,2,1.0,,-84.0,0,False,No payment-progress review signal triggered by the current rules.
WS/MP687/2025-2026/182567,ND-WRK-2348,Physical Inspection,1993457.0,1993457.0,2,1.0,,,0,False,No payment-progress review signal triggered by the current rules.
WS/MP687/2025-2026/182568,ND-WRK-2349,Physical Inspection,699000.0,699000.0,2,1.0,,,0,False,No payment-progress review signal triggered by the current rules.
WS/MP687/2025-2026/182569,ND-WRK-2350,Physical Inspection,2493418.0,2493418.0,2,1.0,548.0,,0,False,No payment-progress review signal triggered by the current rules.
WS/MP687/2025-2026/182570,ND-WRK-2351,Physical Inspection,2000000.0,1973574.0,2,0.987,306.0,,0,False,No payment-progress review signal triggered by the current rules.
WS/MP687/2025-2026/182571,ND-WRK-2352,Physical Inspection,1000000.0,1000000.0,2,1.0,,,0,False,No payment-progress review signal triggered by the current rules.
WS/MP687/2026-2027/243715,ND-WRK-2378,Work partially Completed,1000000.0,500000.0,1,0.5,,,0,False,No payment-progress review signal triggered by the current rules.
WS/MP687/2026-2027/268167,ND-WRK-2379,Work partially Completed,1000000.0,500000.0,1,0.5,,,0,False,No payment-progress review signal triggered by the current rules.
WS/MP687/2026-2027/268169,ND-WRK-2380,Work partially Completed,2500000.0,1250000.0,1,0.5,,,0,False,No payment-progress review signal triggered by the current rules.
WS/MP687/2026-2027/268170,ND-WRK-2381,Work partially Completed,1500000.0,750000.0,1,0.5,,,0,False,No payment-progress review signal triggered by the current rules.
WS/MP687/2026-2027/295799,ND-WRK-2384,Sanction,750000.0,0.0,0,0.0,30.0,,0,False,No payment-progress review signal triggered by the current rules.
WS/MP687/2026-2027/295800,ND-WRK-2385,Sanction,750000.0,0.0,0,0.0,30.0,,0,False,No payment-progress review signal triggered by the current rules.
WS/MP691/2025-2026/227843,ND-WRK-2388,Sanction,2000000.0,0.0,0,0.0,,,0,False,No payment-progress review signal triggered by the current rules.
WS/MP691/2025-2026/227844,ND-WRK-2389,Sanction,130000.0,0.0,0,0.0,-25.0,,0,False,No payment-progress review signal triggered by the current rules.
WS/MP687/2025-2026/199496,ND-WRK-2358,Sanction,500000.0,0.0,0,0.0,,,0,False,No payment-progress review signal triggered by the current rules.
WS/MP687/2025-2026/219009,ND-WRK-2359,Physical Inspection,750000.0,750000.0,2,1.0,,,0,False,No payment-progress review signal triggered by the current rules.
WS/MP687/2025-2026/219010,ND-WRK-2360,Sanction,700000.0,0.0,0,0.0,,,0,False,No payment-progress review signal triggered by the current rules.
WS/MP687/2025-2026/243666,ND-WRK-2361,Work partially Completed,2000000.0,1000000.0,1,0.5,,,0,False,No payment-progress review signal triggered by the current rules.
WS/MP687/2025-2026/243670,ND-WRK-2362,Physical Inspection,1500000.0,1492850.0,2,0.995,546.0,,0,False,No payment-progress review signal triggered by the current rules.
WS/MP687/2025-2026/243673,ND-WRK-2363,Work partially Completed,1500000.0,750000.0,1,0.5,,,0,False,No payment-progress review signal triggered by the current rules.
WS/MP687/2025-2026/243675,ND-WRK-2364,Physical Inspection,1000000.0,998000.0,2,0.998,,153.0,0,False,No payment-progress review signal triggered by the current rules.
WS/MP687/2025-2026/243678,ND-WRK-2365,Work partially Completed,2500000.0,1213485.0,1,0.485,,96.0,0,False,No payment-progress review signal triggered by the current rules.
WS/MP692/2026-2027/183473,ND-WRK-2409,Physical Inspection,500000.0,499596.0,1,0.999,,,0,False,No payment-progress review signal triggered by the current rules.
WS/MP692/2026-2027/183477,ND-WRK-2410,Physical Inspection,1000000.0,981670.0,1,0.982,,,0,False,No payment-progress review signal triggered by the current rules.
WS/MP692/2025-2026/183601,ND-WRK-2395,Physical Inspection,300000.0,300000.0,1,1.0,159.0,-24.0,0,False,No payment-progress review signal triggered by the current rules.
WS/MP692/2025-2026/183615,ND-WRK-2396,Physical Inspection,981634.0,981634.0,1,1.0,,,0,False,No payment-progress review signal triggered by the current rules.
WS/MP692/2025-2026/183617,ND-WRK-2397,Work Completed,1000000.0,994056.0,1,0.994,,,0,False,No payment-progress review signal triggered by the current rules.
WS/MP692/2025-2026/183620,ND-WRK-2398,Work Completed,500000.0,499986.0,1,1.0,,573.0,0,False,No payment-progress review signal triggered by the current rules.
WS/MP692/2025-2026/183628,ND-WRK-2400,Physical Inspection,993957.0,993957.0,1,1.0,,,0,False,No payment-progress review signal triggered by the current rules.
WS/MP692/2025-2026/183629,ND-WRK-2401,Physical Inspection,1000000.0,990000.0,1,0.99,,,0,False,No payment-progress review signal triggered by the current rules.
WS/MP692/2025-2026/184032,ND-WRK-2402,Physical Inspection,500000.0,500000.0,1,1.0,130.0,130.0,0,False,No payment-progress review signal triggered by the current rules.
WS/MP692/2025-2026/185134,ND-WRK-2403,Physical Inspection,984726.0,984726.0,1,1.0,,,0,False,No payment-progress review signal triggered by the current rules.
WS/MP692/2026-2027/183341,ND-WRK-2404,Physical Inspection,1000000.0,998723.0,1,0.999,,,0,False,No payment-progress review signal triggered by the current rules.
WS/MP692/2026-2027/183348,ND-WRK-2405,Physical Inspection,500000.0,500000.0,1,1.0,,,0,False,No payment-progress review signal triggered by the current rules.
WS/MP687/2025-2026/243737,ND-WRK-2374,Work partially Completed,750000.0,350000.0,1,0.467,130.0,130.0,0,False,No payment-progress review signal triggered by the current rules.
WS/MP687/2025-2026/268168,ND-WRK-2375,Work partially Completed,1500000.0,750000.0,1,0.5,,,0,False,No payment-progress review signal triggered by the current rules.
WS/MP687/2026-2027/243661,ND-WRK-2376,Work partially Completed,1500000.0,750000.0,1,0.5,,,0,False,No payment-progress review signal triggered by the current rules.
WS/MP687/2026-2027/243689,ND-WRK-2377,Physical Inspection,1500000.0,750000.0,1,0.5,,,0,False,No payment-progress review signal triggered by the current rules.
WS/MP692/2026-2027/185135,ND-WRK-2421,Sanction,1000000.0,0.0,0,0.0,211.0,,0,False,No payment-progress review signal triggered by the current rules.
WS/MP18110/2025-2026/209777,ND-WRK-0007,Physical Inspection,1474746.0,1474746.0,1,1.0,,66.0,0,False,No payment-progress review signal triggered by the current rules.
WS/MP18110/2025-2026/209778,ND-WRK-0008,Sanction,1500000.0,0.0,0,0.0,,,0,False,No payment-progress review signal triggered by the current rules.
WS/MP18110/2025-2026/209779,ND-WRK-0009,Sanction,1500000.0,0.0,0,0.0,,,0,False,No payment-progress review signal triggered by the current rules.
WS/MP18110/2025-2026/209780,ND-WRK-0010,Physical Inspection,1500000.0,1483976.0,1,0.989,,,0,False,No payment-progress review signal triggered by the current rules.
WS/MP692/2026-2027/250945,ND-WRK-2427,Physical Inspection,1000000.0,999255.0,1,0.999,93.0,93.0,0,False,No payment-progress review signal triggered by the current rules.
WS/MP692/2026-2027/290006,ND-WRK-2429,Physical Inspection,1000000.0,996501.0,1,0.997,,,0,False,No payment-progress review signal triggered by the current rules.
WS/MP692/2026-2027/290008,ND-WRK-2430,Physical Inspection,1000000.0,985879.0,1,0.986,,,0,False,No payment-progress review signal triggered by the current rules.
,ND-WRK-4799,Sanction,1000000.0,0.0,0,0.0,,,0,False,No payment-progress review signal triggered by the current rules.
,ND-WRK-4800,Physical Inspection,1000000.0,0.0,0,0.0,,,0,False,No payment-progress review signal triggered by the current rules.
,ND-WRK-4801,Sanction,1000000.0,0.0,0,0.0,69.0,,0,False,No payment-progress review signal triggered by the current rules.
,ND-WRK-4804,Sanction,1000000.0,0.0,0,0.0,,,0,False,No payment-progress review signal triggered by the current rules.
WS/MP18110/2025-2026/209775,ND-WRK-0005,Physical Inspection,700000.0,700000.0,1,1.0,,,0,False,No payment-progress review signal triggered by the current rules.
WS/MP691/2025-2026/237151,ND-WRK-2390,Sanction,1000000.0,0.0,0,0.0,128.0,,0,False,No payment-progress review signal triggered by the current rules.
WS/MP691/2025-2026/237152,ND-WRK-2391,Work Completed,2000000.0,1982519.0,1,0.991,250.0,69.0,0,False,No payment-progress review signal triggered by the current rules.
WS/MP691/2025-2026/237153,ND-WRK-2392,Sanction,3000000.0,0.0,0,0.0,128.0,,0,False,No payment-progress review signal triggered by the current rules.
WS/MP18110/2025-2026/248577,ND-WRK-0019,Sanction,1500000.0,0.0,0,0.0,,,0,False,No payment-progress review signal triggered by the current rules.
WS/MP18110/2025-2026/248578,ND-WRK-0020,Sanction,2000000.0,0.0,0,0.0,,,0,False,No payment-progress review signal triggered by the current rules.
WS/MP18110/2025-2026/248580,ND-WRK-0021,Sanction,1500000.0,0.0,0,0.0,,,0,False,No payment-progress review signal triggered by the current rules.
WS/MP692/2026-2027/185156,ND-WRK-2422,Sanction,1000000.0,0.0,0,0.0,211.0,,0,False,No payment-progress review signal triggered by the current rules.
WS/MP692/2026-2027/185176,ND-WRK-2424,Physical Inspection,800000.0,798957.0,1,0.999,,,0,False,No payment-progress review signal triggered by the current rules.
WS/MP692/2026-2027/185183,ND-WRK-2425,Physical Inspection,1000000.0,995482.0,1,0.995,,,0,False,No payment-progress review signal triggered by the current rules.
WS/MP692/2026-2027/185934,ND-WRK-2426,Physical Inspection,1000000.0,994940.0,1,0.995,,,0,False,No payment-progress review signal triggered by the current rules.
WS/MP692/2026-2027/183481,ND-WRK-2411,Physical Inspection,1000000.0,993417.0,1,0.993,,,0,False,No payment-progress review signal triggered by the current rules.
WS/MP692/2026-2027/183611,ND-WRK-2413,Physical Inspection,500000.0,497140.0,1,0.994,,,0,False,No payment-progress review signal triggered by the current rules.
WS/MP692/2026-2027/183613,ND-WRK-2414,Physical Inspection,500000.0,497364.0,1,0.995,,,0,False,No payment-progress review signal triggered by the current rules.
WS/MP692/2026-2027/183619,ND-WRK-2415,Physical Inspection,1000000.0,979222.0,1,0.979,,,0,False,No payment-progress review signal triggered by the current rules.
WS/MP692/2026-2027/184035,ND-WRK-2416,Physical Inspection,500000.0,496034.0,1,0.992,,,0,False,No payment-progress review signal triggered by the current rules.
WS/MP692/2026-2027/184037,ND-WRK-2417,Physical Inspection,500000.0,494481.0,1,0.989,,,0,False,No payment-progress review signal triggered by the current rules.
WS/MP692/2026-2027/184040,ND-WRK-2418,Physical Inspection,500000.0,497855.0,1,0.996,,,0,False,No payment-progress review signal triggered by the current rules.
WS/MP692/2026-2027/184071,ND-WRK-2419,Physical Inspection,500000.0,498330.0,1,0.997,-89.0,,0,False,No payment-progress review signal triggered by the current rules.
WS/MP692/2026-2027/185120,ND-WRK-2420,Physical Inspection,1000000.0,869664.0,1,0.87,,,0,False,No payment-progress review signal triggered by the current rules.
