"Sr. No.","State","Work","Work ID","IDA","Hon'ble Members of Parliament","Constituency","Expenditure Date","Vendor Name","Payment Status","Fund Disbursed Amount ( ₹ )"
"1","Maharashtra","Construction of community centers and community halls","WS/MP673/2026-2027/163702","LATUR(DISTRICT COLLECTOR LATUR_IDA)","Omprakash Bhupalsinh Alias Pawan Rajenimbalkar","OSMANABAD","02-Sep-2026","Rajiv Majur Sah So Ltd","Payment In-Progress","666167"
"2","Maharashtra","Construction of community centers and community halls","WS/MP673/2026-2027/182071","Dharashiv(DISTRICT COLLECTOR OSMANABAD_IDA)","Omprakash Bhupalsinh Alias Pawan Rajenimbalkar","OSMANABAD","04-Sep-2026","Rohini Majur Saha Sanstha Limited Khuntewadi","Payment In-Progress","695930"
"3","Maharashtra","Crematoriums/energy efficient crematoriums or structures on burial/cremation ground","WS/MP18323/2026-2027/146717","LATUR(DISTRICT COLLECTOR LATUR_IDA)","DR KALGE SHIVAJI BANDAPPA","LATUR(SC)","24-Aug-2026","Bhimashankar Majur Sahkari Sanstha Maryadit","Payment In-Progress","794104"
"4","Maharashtra","Construction of roads, link roads, pathways or any other road with or without drainage system","WS/MP18136/2026-2027/273905","WARDHA(DISTRICT COLLECTOR WARDHA_IDA)","AMAR SHARADRAO KALE","WARDHA","07-Sep-2026","KASIF KHAN PATHAN","Payment In-Progress","884556"
"5","Maharashtra","Construction of roads, link roads, pathways or any other road with or without drainage system","WS/MP18136/2026-2027/195290","WARDHA(DISTRICT COLLECTOR WARDHA_IDA)","AMAR SHARADRAO KALE","WARDHA","04-Sep-2026","President pulgaon MKSSS Ltd Pulgaon","Payment In-Progress","1000000"
"6","Maharashtra","Construction of roads, link roads, pathways or any other road with or without drainage system","WS/MP685/2026-2027/159572","RAIGAD(DISTRICT COLLECTOR RAIGAD_IDA)","Shrirang Appa Barne","MAVAL","07-Sep-2026","Vinayak Vilas sawant","Payment In-Progress","500000"
"7","Maharashtra","Construction of common work sheds/ common covered sitting area","WS/MP692/2026-2027/290006","PUNE(DISTRICT COLLECTOR PUNE_IDA)","Smt Supriya Sadanand Sule","BARAMATI","28-Aug-2026","SAMARTHA ENTERPRISES","Payment In-Progress","996501"
"8","Maharashtra","Construction of roads, link roads, pathways or any other road with or without drainage system","WS/MP685/2026-2027/246450","RAIGAD(DISTRICT COLLECTOR RAIGAD_IDA)","Shrirang Appa Barne","MAVAL","01-Sep-2026","Runali Rajendra Birje","Payment In-Progress","500000"
"9","Maharashtra","Construction of roads, link roads, pathways or any other road with or without drainage system","WS/MP692/2026-2027/183341","PUNE(DISTRICT COLLECTOR PUNE_IDA)","Smt Supriya Sadanand Sule","BARAMATI","28-Aug-2026","SAMARTHA ENTERPRISES","Payment In-Progress","998723"
"10","Maharashtra","Construction of boundary walls of existing public and community buildings","WS/MP18112/2025-2026/233018","AMRAVATI(DISTRICT COLLECTOR AMRAVATI_IDA)","BALWANT BASWANT WANKHADE","AMRAVATI(SC)","08-Sep-2026","RAKESH KUNJILAL ZADKHANDE","Payment In-Progress","979662"
"11","Maharashtra","Construction of roads, link roads, pathways or any other road with or without drainage system","WS/MP18429/2026-2027/247336","NANDED(DISTRICT COLLECTOR NANDED_IDA)","Ravindra Vasantrao Chavan","NANDED","27-Aug-2026","GRAM PANCHAYAT KARYALAYA JAKAPUR TQ KANDHAR","Payment In-Progress","494000"
"12","Maharashtra","Construction of roads, link roads, pathways or any other road with or without drainage system","WS/MP18429/2026-2027/249341","NANDED(DISTRICT COLLECTOR NANDED_IDA)","Ravindra Vasantrao Chavan","NANDED","02-Sep-2026","GRAM PANCHAYAT KARYALAYA WADI BK NANDED","Payment In-Progress","994388"
"13","Maharashtra","Construction of community centers and community halls","WS/MP673/2026-2027/210710","LATUR(DISTRICT COLLECTOR LATUR_IDA)","Omprakash Bhupalsinh Alias Pawan Rajenimbalkar","OSMANABAD","25-Aug-2026","Rajiv Majur Sah So Ltd","Payment In-Progress","697773"
"14","Maharashtra","Construction of roads, link roads, pathways or any other road with or without drainage system","WS/MP692/2026-2027/250950","PUNE(DISTRICT COLLECTOR PUNE_IDA)","Smt Supriya Sadanand Sule","BARAMATI","03-Sep-2026","MAYUR GANPAT UBHE","Payment In-Progress","1000000"
"15","Maharashtra","Construction of roads, link roads, pathways or any other road with or without drainage system","WS/MP18111/2026-2027/269012","AKOLA(DISTRICT COLLECTOR AKOLA_IDA)","ANUP SANJAY DHOTRE","AKOLA","07-Sep-2026","GRAMPANCHAYAT LAMKANI","Payment In-Progress","970928"
"16","Maharashtra","Construction of roads, link roads, pathways or any other road with or without drainage system","WS/MP18112/2026-2027/252259","AMRAVATI(DISTRICT COLLECTOR AMRAVATI_IDA)","BALWANT BASWANT WANKHADE","AMRAVATI(SC)","02-Sep-2026","ALOK SHRIPATRAO PARDE","Payment In-Progress","595584"
"17","Maharashtra","Construction of community centers and community halls","WS/MP18112/2025-2026/258223","AMRAVATI(DISTRICT COLLECTOR AMRAVATI_IDA)","BALWANT BASWANT WANKHADE","AMRAVATI(SC)","24-Aug-2026","JWALAMUKHI  JAGDAMBA MAJUR KAMGAR SAHAKARI SANSTHA","Payment In-Progress","970281"
"18","Maharashtra","Construction of buildings for community cultural activities","WS/MP18123/2026-2027/224476","KOLHAPUR(DISTRICT COLLECTOR KOLHAPUR_IDA)","CHHATRAPATI SHAHU SHAHAJI","KOLHAPUR","07-Sep-2026","Dayanand Suresh Savardekar","Payment In-Progress","998137"
"19","Maharashtra","Construction of roads, link roads, pathways or any other road with or without drainage system","WS/MP18117/2025-2026/170729","NASHIK(DISTRICT COLLECTOR NASHIK_IDA)","BACHHAV SHOBHA DINESH","DHULE","01-Sep-2026","HARISH ARUN KALE","Payment In-Progress","1000000"
"20","Maharashtra","Construction of roads, link roads, pathways or any other road with or without drainage system","WS/MP18117/2025-2026/170768","NASHIK(DISTRICT COLLECTOR NASHIK_IDA)","BACHHAV SHOBHA DINESH","DHULE","01-Sep-2026","ADITYA PRAKASH PATIL","Payment In-Progress","996000"
"21","Maharashtra","Construction of community centers and community halls","WS/MP18127/2025-2026/253703","NASHIK(DISTRICT COLLECTOR NASHIK_IDA)","RAJABHAU","NASHIK","03-Sep-2026","NILESH KISAN AVHAD","Payment In-Progress","987268"
"22","Maharashtra","Crematoriums/energy efficient crematoriums or structures on burial/cremation ground","WS/MP18127/2025-2026/253704","NASHIK(DISTRICT COLLECTOR NASHIK_IDA)","RAJABHAU","NASHIK","03-Sep-2026","NILESH KISAN AVHAD","Payment In-Progress","986737"
"23","Maharashtra","Construction of community centers and community halls","WS/MP18127/2026-2027/253706","NASHIK(DISTRICT COLLECTOR NASHIK_IDA)","RAJABHAU","NASHIK","01-Sep-2026","TRAMBAKRAJ KRUPA MAJUR BANDHAKAM SAH SANSTHA MARYA PIMPALAJ","Payment In-Progress","989000"
"24","Maharashtra","Construction of community centers and community halls","WS/MP18116/2025-2026/213032","THANE(DISTRICT COLLECTOR THANE_IDA)","BALYA MAMA SURESH GOPINATH MHATRE","BHIWANDI","26-Aug-2026","yashraj kashinath pashte","Payment In-Progress","989052"
"25","Maharashtra","Construction of roads, link roads, pathways or any other road with or without drainage system","WS/MP18111/2026-2027/276690","AKOLA(DISTRICT COLLECTOR AKOLA_IDA)","ANUP SANJAY DHOTRE","AKOLA","03-Sep-2026","GRAM PANCHAYAT KANZARA 14TH  FINANCE COMMISSION","Payment In-Progress","976283"
"26","Maharashtra","Construction of community centers and community halls","WS/MP18136/2026-2027/278484","AMRAVATI(DISTRICT COLLECTOR AMRAVATI_IDA)","AMAR SHARADRAO KALE","WARDHA","07-Sep-2026","MS GRAM NIDHI GP NANDGAON","Payment In-Progress","1027623"
"27","Maharashtra","Construction of roads, link roads, pathways or any other road with or without drainage system","WS/MP18111/2026-2027/269033","AKOLA(DISTRICT COLLECTOR AKOLA_IDA)","ANUP SANJAY DHOTRE","AKOLA","03-Sep-2026","Gram panchayat parabhavai","Payment In-Progress","983250"
"28","Maharashtra","Construction of bus-sheds or bus-stops","WS/MP18116/2025-2026/235824","THANE(DISTRICT COLLECTOR THANE_IDA)","BALYA MAMA SURESH GOPINATH MHATRE","BHIWANDI","25-Aug-2026","Bubere and Associates","Payment In-Progress","988136"
"29","Maharashtra","Construction of roads, link roads, pathways or any other road with or without drainage system","WS/MP18116/2025-2026/248386","THANE(DISTRICT COLLECTOR THANE_IDA)","BALYA MAMA SURESH GOPINATH MHATRE","BHIWANDI","25-Aug-2026","Hindustan Enterprises","Payment In-Progress","1484041"
"30","Maharashtra","Construction of buildings for multi-gym","WS/MP18116/2026-2027/232150","THANE(DISTRICT COLLECTOR THANE_IDA)","BALYA MAMA SURESH GOPINATH MHATRE","BHIWANDI","13-Aug-2026","DHANSHREE GANGARAM PATIL","Payment In-Progress","2447691"
"31","Maharashtra","Construction of roads, link roads, pathways or any other road with or without drainage system","WS/MP18131/2026-2027/188627","SINDHUDURG(DISTRICT COLLECTOR SINDHUDURG_IDA)","NARAYAN TATU RANE","RATNAGIRI-SINDHUDURG","04-Sep-2026","Manoj Madhukar Waingankar","Payment In-Progress","496905"
"32","Maharashtra","Construction of public toilets and bathrooms","WS/MP18307/2025-2026/143608","MUMBAI SUBURBAN(DISTRICT COLLECTOR MUMBAI SUBURBAN_IDA)","Piyush Vedprakash Goyal","MUMBAI NORTH","19-Aug-2026","Jai Hanuman Co Op Lcs Ltd","Payment In-Progress","1998482"
"33","Maharashtra","Construction of roads, link roads, pathways or any other road with or without drainage system","WS/MP18307/2025-2026/143610","MUMBAI SUBURBAN(DISTRICT COLLECTOR MUMBAI SUBURBAN_IDA)","Piyush Vedprakash Goyal","MUMBAI NORTH","19-Aug-2026","Shivneri Coop Labour Society ltd","Payment In-Progress","1498861"
"34","Maharashtra","Construction of public toilets and bathrooms","WS/MP18116/2025-2026/213831","THANE(DISTRICT COLLECTOR THANE_IDA)","BALYA MAMA SURESH GOPINATH MHATRE","BHIWANDI","02-Sep-2026","Hindustan Enterprises","Payment In-Progress","1494508"
"35","Maharashtra","Construction of roads, link roads, pathways or any other road with or without drainage system","WS/MP18307/2025-2026/146575","MUMBAI SUBURBAN(DISTRICT COLLECTOR MUMBAI SUBURBAN_IDA)","Piyush Vedprakash Goyal","MUMBAI NORTH","19-Aug-2026","RENUKA CO OP LABOUR SOCIETY LIMITED","Payment In-Progress","1998482"
"36","Maharashtra","Construction of roads, link roads, pathways or any other road with or without drainage system","WS/MP18124/2025-2026/226103","MUMBAI SUBURBAN(DISTRICT COLLECTOR MUMBAI SUBURBAN_IDA)","GAIKWAD VARSHA EKNATH","MUMBAI NORTH-CENTRAL","06-Aug-2026","Utkasharsha Majoor Sahakaari Sanstha Maryadit","Payment In-Progress","1798633"
"37","Maharashtra","Construction of roads, link roads, pathways or any other road with or without drainage system","WS/MP18117/2025-2026/164385","DHULE(DISTRICT COLLECTOR DHULE_IDA)","BACHHAV SHOBHA DINESH","DHULE","03-Sep-2026","tushar satish rawale","Payment In-Progress","992586"
"38","Maharashtra","Construction of community centers and community halls","WS/MP18117/2025-2026/164393","DHULE(DISTRICT COLLECTOR DHULE_IDA)","BACHHAV SHOBHA DINESH","DHULE","07-Sep-2026","tushar satish rawale","Payment In-Progress","987617"
"39","Maharashtra","Construction of water tanks","WS/MP18134/2025-2026/182075","Ahilyanagar(DISTRICT COLLECTOR AHMEDNAGAR_IDA)","BHAUSAHEB RAJARAM WAKCHAURE","SHIRDI(SC)","03-Sep-2026","MALUNJA BDK WADR MAJUR SAH SANSTHA MAR YADIT","Payment In-Progress","494236"
"40","Maharashtra","Construction of community centers and community halls","WS/MP18128/2026-2027/217790","PALGHAR(DISTRICT COLLECTOR PALGHAR_IDA)","DR. HEMANT VISHNU SAVARA","PALGHAR(ST)","07-Sep-2026","JAY SHREE KRUSHNA MAJUR KAMGAR SANSTHA","Payment In-Progress","992376"
"41","Maharashtra","Construction of community centers and community halls","WS/MP18115/2026-2027/186643","GONDIA(DISTRICT COLLECTOR GONDIA_IDA)","DR. PRASHANT YADAORAO PADOLE","BHANDARA-GONDIYA","03-Sep-2026","GRAM PANCHAYAT GONDMOHADI","Payment In-Progress","696799"
"42","Maharashtra","Construction of community centers and community halls","WS/MP18308/2025-2026/145430","MUMBAI SUBURBAN(DISTRICT COLLECTOR MUMBAI SUBURBAN_IDA)","RAVINDRA DATTARAM WAIKAR","MUMBAI NORTH WEST","04-Aug-2026","Mahendra Jagannath Lokhande","Payment In-Progress","1998481"
"43","Maharashtra","Construction of roads, link roads, pathways or any other road with or without drainage system","WS/MP18307/2025-2026/143603","MUMBAI SUBURBAN(DISTRICT COLLECTOR MUMBAI SUBURBAN_IDA)","Piyush Vedprakash Goyal","MUMBAI NORTH","19-Aug-2026","Jaya Lcs Ltd","Payment In-Progress","2498104"
"44","Maharashtra","Construction of community centers and community halls","WS/MP18124/2025-2026/225837","MUMBAI SUBURBAN(DISTRICT COLLECTOR MUMBAI SUBURBAN_IDA)","GAIKWAD VARSHA EKNATH","MUMBAI NORTH-CENTRAL","03-Aug-2026","kalpesh vasant vichare","Payment In-Progress","1498862"
"45","Maharashtra","Construction of public toilets and bathrooms","WS/MP18361/2025-2026/219023","MUMBAI SUBURBAN(DISTRICT COLLECTOR MUMBAI SUBURBAN_IDA)","SANJAY DINA PATIL","MUMBAI NORTH EAST","07-Aug-2026","anurag urban tecinfra pvt ltd","Payment In-Progress","2597093"
"46","Maharashtra","Providing drains and gutters for public drainage","WS/MP18308/2025-2026/262892","MUMBAI SUBURBAN(DISTRICT COLLECTOR MUMBAI SUBURBAN_IDA)","RAVINDRA DATTARAM WAIKAR","MUMBAI NORTH WEST","04-Aug-2026","RAJ DINESH PANDIRKAR","Payment In-Progress","1500000"
"47","Maharashtra","Crematoriums/energy efficient crematoriums or structures on burial/cremation ground","WS/MP18308/2025-2026/244678","MUMBAI SUBURBAN(DISTRICT COLLECTOR MUMBAI SUBURBAN_IDA)","RAVINDRA DATTARAM WAIKAR","MUMBAI NORTH WEST","03-Aug-2026","Padmawati Mssm","Payment In-Progress","2498103"
"48","Maharashtra","Construction of buildings for community cultural activities","WS/MP18132/2025-2026/177745","SANGLI(DISTRICT COLLECTOR SANGLI_IDA)","VISHAL","SANGLI","01-Sep-2026","OMKAR MAHESH KULKARNI","Payment In-Progress","999000"
"49","Maharashtra","Street lights","WS/MP18429/2026-2027/242465","NANDED(DISTRICT COLLECTOR NANDED_IDA)","Ravindra Vasantrao Chavan","NANDED","08-Sep-2026","DWIJESH ELECTRICALS NANDED","Payment In-Progress","699923"
"50","Maharashtra","Construction of roads, link roads, pathways or any other road with or without drainage system","WS/MP673/2026-2027/225939","SOLAPUR(DISTRICT COLLECTOR SOLAPUR_IDA)","Omprakash Bhupalsinh Alias Pawan Rajenimbalkar","OSMANABAD","14-Aug-2026","CHAIRMAN MAHALAXMI MAJUR SAHKARI SANSTHA LTD WANEWADI TAL BARSHI","Payment In-Progress","993405"
"51","Maharashtra","Construction of roads, link roads, pathways or any other road with or without drainage system","WS/MP18131/2026-2027/276000","SINDHUDURG(DISTRICT COLLECTOR SINDHUDURG_IDA)","NARAYAN TATU RANE","RATNAGIRI-SINDHUDURG","07-Sep-2026","Abhishek Gopal Dicholkar","Payment In-Progress","500000"
"52","Maharashtra","Construction of buildings for community cultural activities","WS/MP18132/2025-2026/179004","SANGLI(DISTRICT COLLECTOR SANGLI_IDA)","VISHAL","SANGLI","02-Sep-2026","SIDHNATH MAJUR SAHA SANSTHA S","Payment In-Progress","795187"
"53","Maharashtra","Construction of roads, link roads, pathways or any other road with or without drainage system","WS/MP18429/2026-2027/244548","NANDED(DISTRICT COLLECTOR NANDED_IDA)","Ravindra Vasantrao Chavan","NANDED","02-Sep-2026","Shri Madhav Khanduji Deoke","Payment In-Progress","699930"
"54","Maharashtra","Construction of roads, link roads, pathways or any other road with or without drainage system","WS/MP18115/2026-2027/186422","BHANDARA(DISTRICT COLLECTOR BHANDARA_IDA)","DR. PRASHANT YADAORAO PADOLE","BHANDARA-GONDIYA","07-Sep-2026","GRAM PANCHAYAT KHAIRI BE","Payment In-Progress","695359"
"55","Maharashtra","Construction of roads, link roads, pathways or any other road with or without drainage system","WS/MP18376/2026-2027/197847","MUMBAI(DISTRICT COLLECTOR MUMBAI CITY_IDA)","ANIL YESHWANT DESAI","MUMBAI SOUTH CENTRAL","08-Sep-2026","Kamal Enterprises","Payment In-Progress","2498104"
"56","Maharashtra","Construction of roads, link roads, pathways or any other road with or without drainage system","WS/MP18376/2026-2027/197848","MUMBAI(DISTRICT COLLECTOR MUMBAI CITY_IDA)","ANIL YESHWANT DESAI","MUMBAI SOUTH CENTRAL","08-Sep-2026","Sanjivani Construction Co","Payment In-Progress","2498104"
"57","Maharashtra","Construction of footpaths and pedestrian ways","WS/MP18376/2026-2027/197851","MUMBAI(DISTRICT COLLECTOR MUMBAI CITY_IDA)","ANIL YESHWANT DESAI","MUMBAI SOUTH CENTRAL","08-Sep-2026","Kamal Enterprises","Payment In-Progress","3993959"
"58","Maharashtra","Construction of footpaths and pedestrian ways","WS/MP18376/2026-2027/197860","MUMBAI(DISTRICT COLLECTOR MUMBAI CITY_IDA)","ANIL YESHWANT DESAI","MUMBAI SOUTH CENTRAL","08-Sep-2026","V N Infra","Payment In-Progress","1998482"
"59","Maharashtra","Construction of footpaths and pedestrian ways","WS/MP18376/2026-2027/197861","MUMBAI(DISTRICT COLLECTOR MUMBAI CITY_IDA)","ANIL YESHWANT DESAI","MUMBAI SOUTH CENTRAL","08-Sep-2026","V N Infra","Payment In-Progress","1998482"
"60","Maharashtra","Construction of footpaths and pedestrian ways","WS/MP18376/2026-2027/197862","MUMBAI(DISTRICT COLLECTOR MUMBAI CITY_IDA)","ANIL YESHWANT DESAI","MUMBAI SOUTH CENTRAL","08-Sep-2026","Shekhar Constructions","Payment In-Progress","2498104"
"61","Maharashtra","Construction of footpaths and pedestrian ways","WS/MP18376/2026-2027/197865","MUMBAI(DISTRICT COLLECTOR MUMBAI CITY_IDA)","ANIL YESHWANT DESAI","MUMBAI SOUTH CENTRAL","08-Sep-2026","Sanjivani Construction Co","Payment In-Progress","1998482"
"62","Maharashtra","Construction of footpaths and pedestrian ways","WS/MP18376/2026-2027/197866","MUMBAI(DISTRICT COLLECTOR MUMBAI CITY_IDA)","ANIL YESHWANT DESAI","MUMBAI SOUTH CENTRAL","08-Sep-2026","V N Infra","Payment In-Progress","2498104"
"63","Maharashtra","Construction of footpaths and pedestrian ways","WS/MP18376/2026-2027/197880","MUMBAI(DISTRICT COLLECTOR MUMBAI CITY_IDA)","ANIL YESHWANT DESAI","MUMBAI SOUTH CENTRAL","08-Sep-2026","Sanjivani Construction Co","Payment In-Progress","2498104"
"64","Maharashtra","Construction of footpaths and pedestrian ways","WS/MP18376/2026-2027/197881","MUMBAI(DISTRICT COLLECTOR MUMBAI CITY_IDA)","ANIL YESHWANT DESAI","MUMBAI SOUTH CENTRAL","08-Sep-2026","V N Infra","Payment In-Progress","1998482"
"65","Maharashtra","Construction of footpaths and pedestrian ways","WS/MP18376/2026-2027/197882","MUMBAI(DISTRICT COLLECTOR MUMBAI CITY_IDA)","ANIL YESHWANT DESAI","MUMBAI SOUTH CENTRAL","08-Sep-2026","Shekhar Constructions","Payment In-Progress","3993959"
"66","Maharashtra","Construction of footpaths and pedestrian ways","WS/MP18376/2026-2027/197883","MUMBAI(DISTRICT COLLECTOR MUMBAI CITY_IDA)","ANIL YESHWANT DESAI","MUMBAI SOUTH CENTRAL","08-Sep-2026","Kamal Enterprises","Payment In-Progress","2498103"
"67","Maharashtra","Construction of footpaths and pedestrian ways","WS/MP18376/2026-2027/197886","MUMBAI(DISTRICT COLLECTOR MUMBAI CITY_IDA)","ANIL YESHWANT DESAI","MUMBAI SOUTH CENTRAL","08-Sep-2026","Shekhar Constructions","Payment In-Progress","2982884"
"68","Maharashtra","Construction of footpaths and pedestrian ways","WS/MP18376/2026-2027/197901","MUMBAI(DISTRICT COLLECTOR MUMBAI CITY_IDA)","ANIL YESHWANT DESAI","MUMBAI SOUTH CENTRAL","08-Sep-2026","Kamal Enterprises","Payment In-Progress","3993959"
"69","Maharashtra","Construction of footpaths and pedestrian ways","WS/MP18376/2026-2027/197902","MUMBAI(DISTRICT COLLECTOR MUMBAI CITY_IDA)","ANIL YESHWANT DESAI","MUMBAI SOUTH CENTRAL","08-Sep-2026","Sanjivani Construction Co","Payment In-Progress","2498104"
"70","Maharashtra","Construction of footpaths and pedestrian ways","WS/MP18376/2026-2027/197903","MUMBAI(DISTRICT COLLECTOR MUMBAI CITY_IDA)","ANIL YESHWANT DESAI","MUMBAI SOUTH CENTRAL","08-Sep-2026","Sanjivani Construction Co","Payment In-Progress","2995469"
"71","Maharashtra","Providing drains and gutters for public drainage","WS/MP672/2026-2027/272113","NAGPUR(DISTRICT COLLECTOR NAGPUR_IDA)","Nitin Jairam Gadkari","NAGPUR","24-Aug-2026","Vstone Infrastructure","Payment In-Progress","943153"
"72","Maharashtra","Construction of roads, link roads, pathways or any other road with or without drainage system","WS/MP672/2026-2027/272114","NAGPUR(DISTRICT COLLECTOR NAGPUR_IDA)","Nitin Jairam Gadkari","NAGPUR","21-Aug-2026","Shubham Bhure","Payment In-Progress","947858"
"73","Maharashtra","Providing drains and gutters for public drainage","WS/MP672/2026-2027/272115","NAGPUR(DISTRICT COLLECTOR NAGPUR_IDA)","Nitin Jairam Gadkari","NAGPUR","24-Aug-2026","Vstone Infrastructure","Payment In-Progress","943418"
"74","Maharashtra","Construction of footpaths and pedestrian ways","WS/MP672/2026-2027/272117","NAGPUR(DISTRICT COLLECTOR NAGPUR_IDA)","Nitin Jairam Gadkari","NAGPUR","24-Aug-2026","Shubham Bhure","Payment In-Progress","944440"
"75","Maharashtra","Construction of roads, link roads, pathways or any other road with or without drainage system","WS/MP18130/2026-2027/231014","NAGPUR(DISTRICT COLLECTOR NAGPUR_IDA)","Shyamkumar","RAMTEK(SC)","17-Jul-2026","grampanchayat  indora","Payment In-Progress","494872"
"76","Maharashtra","Construction of roads, link roads, pathways or any other road with or without drainage system","WS/MP18429/2026-2027/248643","NANDED(DISTRICT COLLECTOR NANDED_IDA)","Ravindra Vasantrao Chavan","NANDED","02-Sep-2026","Vikas Shankarao Gore","Payment In-Progress","992631"
"77","Maharashtra","Purchase of smart boards, visual display units and projectors","WS/MP672/2025-2026/198595","NAGPUR(DISTRICT COLLECTOR NAGPUR_IDA)","Nitin Jairam Gadkari","NAGPUR","31-Jul-2026","Highstone Technologies Private Limited","Payment In-Progress","449900"
"78","Maharashtra","Construction of community centers and community halls","WS/MP18114/2026-2027/157491","BEED(DISTRICT COLLECTOR BEED_IDA)","BAJRANG MANOHAR SONWANE","BEED","08-Sep-2026","AJINKYA YODDHA MAJOOR SAHAKARI SANSTHA M KAIJ","Payment In-Progress","998674"
"79","Maharashtra","Purchase of IT systems, including hardware and software for educational purposes","WS/MP672/2025-2026/252718","NAGPUR(DISTRICT COLLECTOR NAGPUR_IDA)","Nitin Jairam Gadkari","NAGPUR","31-Jul-2026","Spectrum Services","Payment In-Progress","150000"
"80","Maharashtra","Construction of roads, link roads, pathways or any other road with or without drainage system","WS/MP18258/2026-2027/245999","YAVATMAL(DISTRICT COLLECTOR YAVATMAL_IDA)","DHANORKAR PRATIBHA SURESH ALIAS BALUBHAU","CHANDRAPUR","04-Sep-2026","DATTA MAJUR KAMGAR SAHKARI SANSTHA LINGI","Payment In-Progress","977605"
"81","Maharashtra","Construction of roads, link roads, pathways or any other road with or without drainage system","WS/MP18133/2025-2026/253823","SATARA(DISTRICT COLLECTOR SATARA_IDA)","SHRIMANT CHH UDAYANRAJE PRATAPSINHAMAHARAJ BHONSLE","SATARA","04-Sep-2026","MANDAR RAJENDRA KHALADKAR","Payment In-Progress","499480"
"82","Maharashtra","Construction of roads, link roads, pathways or any other road with or without drainage system","WS/MP18133/2025-2026/253828","SATARA(DISTRICT COLLECTOR SATARA_IDA)","SHRIMANT CHH UDAYANRAJE PRATAPSINHAMAHARAJ BHONSLE","SATARA","03-Sep-2026","UDAY MADHUKAR SHIND","Payment In-Progress","497769"
"83","Maharashtra","Construction of community centers and community halls","WS/MP18113/2026-2027/193159","Chhatrapati Sambhajinagar(DISTRICT COLLECTOR AURANGABAD_IDA)","BHUMARE SANDIPANRAO ASARAM","AURANGABAD_MH","01-Sep-2026","digambar vitthal koradkar","Payment In-Progress","1499000"
"84","Maharashtra","Construction of boundary walls of existing public and community buildings","WS/MP18113/2026-2027/193160","Chhatrapati Sambhajinagar(DISTRICT COLLECTOR AURANGABAD_IDA)","BHUMARE SANDIPANRAO ASARAM","AURANGABAD_MH","07-Sep-2026","digambar vitthal koradkar","Payment In-Progress","993937"
"85","Maharashtra","Construction of public libraries and reading rooms","WS/MP18119/2026-2027/233653","GADCHIROLI(DISTRICT COLLECTOR GADCHIROLI_IDA)","DR. KIRSAN NAMDEO","GADCHIROLI-CHIMUR(ST)","08-Sep-2026","SHUBHAM SUSHIL SHAHA","Payment In-Progress","993369"
"86","Maharashtra","Construction of roads, link roads, pathways or any other road with or without drainage system","WS/MP18113/2026-2027/244708","Chhatrapati Sambhajinagar(DISTRICT COLLECTOR AURANGABAD_IDA)","BHUMARE SANDIPANRAO ASARAM","AURANGABAD_MH","10-Aug-2026","SIR VISHVESHWARAYYA SUSHIKSHIT BEROJGARABHIYANTA SEVA","Payment In-Progress","1999000"
"87","Maharashtra","Construction of community centers and community halls","WS/MP18113/2026-2027/226249","Chhatrapati Sambhajinagar(DISTRICT COLLECTOR AURANGABAD_IDA)","BHUMARE SANDIPANRAO ASARAM","AURANGABAD_MH","07-Sep-2026","balajie infrastructurre","Payment In-Progress","983943"
"88","Maharashtra","Purchase of furniture and fixtures for educational purposes","WS/MP18112/2026-2027/164649","AMRAVATI(DISTRICT COLLECTOR AMRAVATI_IDA)","BALWANT BASWANT WANKHADE","AMRAVATI(SC)","24-Jul-2026","ALOK SHRIPATRAO PARDE","Payment In-Progress","497585"
"89","Maharashtra","Construction of boundary walls of existing public and community buildings","WS/MP18112/2026-2027/164651","AMRAVATI(DISTRICT COLLECTOR AMRAVATI_IDA)","BALWANT BASWANT WANKHADE","AMRAVATI(SC)","24-Jul-2026","ALOK SHRIPATRAO PARDE","Payment In-Progress","499999"
"90","Maharashtra","Installation of fixed garden gym equipment","WS/MP18117/2026-2027/164338","NASHIK(DISTRICT COLLECTOR NASHIK_IDA)","BACHHAV SHOBHA DINESH","DHULE","07-Aug-2026","PUTALAI MAJOR SAHAKARI SANSTHA MARYAD NAVISHEMALI","Payment In-Progress","989456"
"91","Maharashtra","Construction of roads, link roads, pathways or any other road with or without drainage system","WS/MP18429/2026-2027/245707","NANDED(DISTRICT COLLECTOR NANDED_IDA)","Ravindra Vasantrao Chavan","NANDED","08-Sep-2026","GRAM PANCHAYAT SHELGAON CHATRI TQ NAIGAON","Payment In-Progress","973968"
"92","Maharashtra","Lighting of public spaces","WS/MP18429/2026-2027/250362","NANDED(DISTRICT COLLECTOR NANDED_IDA)","Ravindra Vasantrao Chavan","NANDED","18-Aug-2026","City Light Electrical And Multi Services","Payment Success","998848"
"93","Maharashtra","Construction of roads, link roads, pathways or any other road with or without drainage system","WS/MP18429/2026-2027/248639","NANDED(DISTRICT COLLECTOR NANDED_IDA)","Ravindra Vasantrao Chavan","NANDED","20-Jul-2026","SARPANCH GRAM PANCHAYAT ADAMPUR TQ BILOLI","Payment Success","992255"
"94","Maharashtra","Installation of fixed garden gym equipment","WS/MP18117/2026-2027/164340","NASHIK(DISTRICT COLLECTOR NASHIK_IDA)","BACHHAV SHOBHA DINESH","DHULE","07-Aug-2026","PUTALAI MAJOR SAHAKARI SANSTHA MARYAD NAVISHEMALI","Payment Success","989456"
"95","Maharashtra","Construction of flood control embankments/ protection walls along riverbanks, hilltops, roadsides","WS/MP18128/2026-2027/214175","PALGHAR(DISTRICT COLLECTOR PALGHAR_IDA)","DR. HEMANT VISHNU SAVARA","PALGHAR(ST)","13-Aug-2026","CHETAN RAJENDRA DHANMEHER","Payment Success","988204"
"96","Maharashtra","Construction of community centers and community halls","WS/MP18113/2026-2027/226266","Chhatrapati Sambhajinagar(DISTRICT COLLECTOR AURANGABAD_IDA)","BHUMARE SANDIPANRAO ASARAM","AURANGABAD_MH","30-Jul-2026","SUYASH VISHNU MITKAR","Payment Success","987871"
"97","Maharashtra","Construction of boundary walls of existing public and community buildings","WS/MP18113/2026-2027/247243","Chhatrapati Sambhajinagar(DISTRICT COLLECTOR AURANGABAD_IDA)","BHUMARE SANDIPANRAO ASARAM","AURANGABAD_MH","02-Jul-2026","vishal ramdas nikam","Payment Success","987912"
"98","Maharashtra","Construction of boundary walls of existing public and community buildings","WS/MP18113/2026-2027/247450","Chhatrapati Sambhajinagar(DISTRICT COLLECTOR AURANGABAD_IDA)","BHUMARE SANDIPANRAO ASARAM","AURANGABAD_MH","02-Jul-2026","vishal ramdas nikam","Payment Success","987912"
"99","Maharashtra","Development of public parks","WS/MP18122/2026-2027/225832","Chhatrapati Sambhajinagar(DISTRICT COLLECTOR AURANGABAD_IDA)","KALYAN VAIJINATHRAO KALE","JALNA","07-Jul-2026","RAHUL VISHWANATH AAGE","Payment Success","922260"
"100","Maharashtra","Construction of roads, link roads, pathways or any other road with or without drainage system","WS/MP18113/2025-2026/226274","Chhatrapati Sambhajinagar(DISTRICT COLLECTOR AURANGABAD_IDA)","BHUMARE SANDIPANRAO ASARAM","AURANGABAD_MH","19-Mar-2026","PARAG SUNIL GAUD","Payment Success","999000"
"101","Maharashtra","Construction of community centers and community halls","WS/MP18113/2025-2026/219638","Chhatrapati Sambhajinagar(DISTRICT COLLECTOR AURANGABAD_IDA)","BHUMARE SANDIPANRAO ASARAM","AURANGABAD_MH","12-Jan-2026","SUYASH VISHNU MITKAR","Payment Success","1498823"
"102","Maharashtra","Construction of roads, link roads, pathways or any other road with or without drainage system","WS/MP18113/2025-2026/226276","Chhatrapati Sambhajinagar(DISTRICT COLLECTOR AURANGABAD_IDA)","BHUMARE SANDIPANRAO ASARAM","AURANGABAD_MH","23-Dec-2025","CH KESARIYAJI MSS LTD VAIJAPUR","Payment Success","993562"
"103","Maharashtra","Purchase of IT systems, including hardware and software for educational purposes","WS/MP18110/2024-2025/167291","Ahilyanagar(DISTRICT COLLECTOR AHMEDNAGAR_IDA)","NILESH DNYANDEV LANKE","AHMEDNAGAR","10-Jun-2025","Om Enterprises","Payment Success","974340"
"104","Maharashtra","Purchase of IT systems, including hardware and software for educational purposes","WS/MP18134/2025-2026/177373","Ahilyanagar(DISTRICT COLLECTOR AHMEDNAGAR_IDA)","BHAUSAHEB RAJARAM WAKCHAURE","SHIRDI(SC)","30-Sep-2025","S V Tech Corporation","Payment Success","1499440"
"105","Maharashtra","Construction of rooms and halls in school and colleges","WS/MP18118/2025-2026/166392","AZAMGARH(DISTRICT MAGISTRATE AZAMGARH_IDA)","BHASKAR MURLIDHAR BHAGARE","DINDORI(ST)","01-Nov-2025","ATHARVA NURSING AND PARAMEDICAL COLLEGE","Payment Success","938055"
"106","Maharashtra","Providing supply pipelines for drinking water","WS/MP18123/2026-2027/238128","KOLHAPUR(DISTRICT COLLECTOR KOLHAPUR_IDA)","CHHATRAPATI SHAHU SHAHAJI","KOLHAPUR","08-Apr-2026","Swaroop Bhauso More","Payment Success","476199"
"107","Maharashtra","Construction of roads, link roads, pathways or any other road with or without drainage system","WS/MP18369/2025-2026/239887","WASHIM(DISTRICT COLLECTOR WASHIM_IDA)","Sanjay Uttamrao Deshmukh","YAVATMAL-WASHIM","28-Apr-2026","secretary grampanchyat karkheda","Payment Success","999400"
"108","Maharashtra","Construction of community centers and community halls","WS/MP18369/2025-2026/174551","WASHIM(DISTRICT COLLECTOR WASHIM_IDA)","Sanjay Uttamrao Deshmukh","YAVATMAL-WASHIM","30-Jun-2026","ASHISH RAJENDRA DAHAKE","Payment Success","287925"
"109","Maharashtra","Construction of roads, link roads, pathways or any other road with or without drainage system","WS/MP18369/2024-2025/175546","WASHIM(DISTRICT COLLECTOR WASHIM_IDA)","Sanjay Uttamrao Deshmukh","YAVATMAL-WASHIM","16-Jul-2025","Vaibhav Pradip Jadhav","Payment Success","1986447"
"110","Maharashtra","Construction of roads, link roads, pathways or any other road with or without drainage system","WS/MP18323/2025-2026/168679","LATUR(DISTRICT COLLECTOR LATUR_IDA)","DR KALGE SHIVAJI BANDAPPA","LATUR(SC)","11-Aug-2025","PRATIK AJIT REDDY","Payment Success","677260"
"111","Maharashtra","Construction of roads, link roads, pathways or any other road with or without drainage system","WS/MP18323/2025-2026/168685","LATUR(DISTRICT COLLECTOR LATUR_IDA)","DR KALGE SHIVAJI BANDAPPA","LATUR(SC)","11-Aug-2025","PRATIK AJIT REDDY","Payment Success","963776"
"112","Maharashtra","Purchase of prosthetics, wheel chairs, tricycles (manual or motorized), elect scooties, hearing aids","WS/MP662/2026-2027/278122","THANE(DISTRICT COLLECTOR THANE_IDA)","Shrikant Eknath Shinde","KALYAN","30-Jun-2026","Pro Ortho Perfect India Pvt Ltd","Payment Success","325000"
"113","Maharashtra","Construction of community centers and community halls","WS/MP18113/2025-2026/192629","Chhatrapati Sambhajinagar(DISTRICT COLLECTOR AURANGABAD_IDA)","BHUMARE SANDIPANRAO ASARAM","AURANGABAD_MH","16-Mar-2026","shri jagdamba construction","Payment Success","1972562"
"114","Maharashtra","Construction of community centers and community halls","WS/MP18113/2025-2026/192630","Chhatrapati Sambhajinagar(DISTRICT COLLECTOR AURANGABAD_IDA)","BHUMARE SANDIPANRAO ASARAM","AURANGABAD_MH","16-Mar-2026","shri jagdamba construction","Payment Success","1968229"
"115","Maharashtra","Construction of roads, link roads, pathways or any other road with or without drainage system","WS/MP18323/2026-2027/181798","LATUR(DISTRICT COLLECTOR LATUR_IDA)","DR KALGE SHIVAJI BANDAPPA","LATUR(SC)","17-Apr-2026","SANDIP SAMPATRAO SHINGADE","Payment Success","941831"
"116","Maharashtra","Construction of roads, link roads, pathways or any other road with or without drainage system","WS/MP18120/2025-2026/169263","HINGOLI(DISTRICT COLLECTOR HINGOLI_IDA)","AASHTIKAR PATIL NAGESH BAPURAO","HINGOLI","15-Oct-2025","GARIB NAWAJ SUSHIKSHIT BEROJGAR SEVA SAH","Payment Success","999444"
"117","Maharashtra","Construction of roads, link roads, pathways or any other road with or without drainage system","WS/MP18120/2026-2027/192088","HINGOLI(DISTRICT COLLECTOR HINGOLI_IDA)","AASHTIKAR PATIL NAGESH BAPURAO","HINGOLI","17-Apr-2026","R N CONSTRUCTION","Payment Success","998741"
"118","Maharashtra","Construction of rooms and halls in school and colleges","WS/MP18118/2025-2026/159252","AZAMGARH(DISTRICT MAGISTRATE AZAMGARH_IDA)","BHASKAR MURLIDHAR BHAGARE","DINDORI(ST)","30-Sep-2025","ANUPMA RAI MEMORIAL COLLEGE OF EDUCATION","Payment Success","614451"
"119","Maharashtra","Construction of rooms and halls in school and colleges","WS/MP18118/2025-2026/160504","AZAMGARH(DISTRICT MAGISTRATE AZAMGARH_IDA)","BHASKAR MURLIDHAR BHAGARE","DINDORI(ST)","06-Apr-2026","GRAMIN MAHILA MAHAVIDDYALAYA RANIPUR RAZMO","Payment Success","556000"
"120","Maharashtra","Construction of roads, link roads, pathways or any other road with or without drainage system","WS/MP18323/2025-2026/181788","LATUR(DISTRICT COLLECTOR LATUR_IDA)","DR KALGE SHIVAJI BANDAPPA","LATUR(SC)","30-Jan-2026","RUBI M S S LTD","Payment Success","496350"
"121","Maharashtra","Construction of roads, link roads, pathways or any other road with or without drainage system","WS/MP18323/2025-2026/181789","LATUR(DISTRICT COLLECTOR LATUR_IDA)","DR KALGE SHIVAJI BANDAPPA","LATUR(SC)","30-Jan-2026","RUBI M S S LTD","Payment Success","497870"
"122","Maharashtra","Construction of community centers and community halls","WS/MP18118/2025-2026/252883","NASHIK(DISTRICT COLLECTOR NASHIK_IDA)","BHASKAR MURLIDHAR BHAGARE","DINDORI(ST)","23-Apr-2026","Dattatray Damodar Niphade","Payment Success","963785"
"123","Maharashtra","Development of public parks","WS/MP18118/2025-2026/252884","NASHIK(DISTRICT COLLECTOR NASHIK_IDA)","BHASKAR MURLIDHAR BHAGARE","DINDORI(ST)","24-Mar-2026","Dattatray Damodar Niphade","Payment Success","936103"
"124","Maharashtra","Construction of boundary walls of existing public and community buildings","WS/MP18127/2026-2027/188391","NASHIK(DISTRICT COLLECTOR NASHIK_IDA)","RAJABHAU","NASHIK","14-May-2026","AMIT ANIL MUDBAKHE","Payment Success","1426075"
"125","Maharashtra","Construction of community centers and community halls","WS/MP18127/2026-2027/188392","NASHIK(DISTRICT COLLECTOR NASHIK_IDA)","RAJABHAU","NASHIK","11-May-2026","SHRIKANT DATTATRAY GOLESAR","Payment Success","2788673"
"126","Maharashtra","Development of playfields and sports grounds","WS/MP687/2025-2026/243666","RAIGAD(DISTRICT COLLECTOR RAIGAD_IDA)","Sunil Dattatray Tatkare","RAIGAD","23-Jun-2026","Vivek Vinod Pakhad","Payment Success","1000000"
"127","Maharashtra","Construction of boundary walls of existing public and community buildings","WS/MP18113/2026-2027/193162","Chhatrapati Sambhajinagar(DISTRICT COLLECTOR AURANGABAD_IDA)","BHUMARE SANDIPANRAO ASARAM","AURANGABAD_MH","22-May-2026","digambar vitthal koradkar","Payment Success","986643"
"128","Maharashtra","Construction of community centers and community halls","WS/MP18113/2025-2026/193577","Chhatrapati Sambhajinagar(DISTRICT COLLECTOR AURANGABAD_IDA)","BHUMARE SANDIPANRAO ASARAM","AURANGABAD_MH","17-Oct-2025","SUYASH VISHNU MITKAR","Payment Success","2000000"
"129","Maharashtra","Construction of community centers and community halls","WS/MP18113/2025-2026/193579","Chhatrapati Sambhajinagar(DISTRICT COLLECTOR AURANGABAD_IDA)","BHUMARE SANDIPANRAO ASARAM","AURANGABAD_MH","17-Oct-2025","SUYASH VISHNU MITKAR","Payment Success","1000000"
"130","Maharashtra","Construction of community centers and community halls","WS/MP18113/2025-2026/193579","Chhatrapati Sambhajinagar(DISTRICT COLLECTOR AURANGABAD_IDA)","BHUMARE SANDIPANRAO ASARAM","AURANGABAD_MH","17-Oct-2025","SUYASH VISHNU MITKAR","Payment Success","997882"
"131","Maharashtra","Construction of community centers and community halls","WS/MP18113/2026-2027/201976","Chhatrapati Sambhajinagar(DISTRICT COLLECTOR AURANGABAD_IDA)","BHUMARE SANDIPANRAO ASARAM","AURANGABAD_MH","02-Jul-2026","satyam balasaheb udage","Payment Success","1497230"
"132","Maharashtra","Construction of roads, link roads, pathways or any other road with or without drainage system","WS/MP18113/2025-2026/202118","Chhatrapati Sambhajinagar(DISTRICT COLLECTOR AURANGABAD_IDA)","BHUMARE SANDIPANRAO ASARAM","AURANGABAD_MH","06-Nov-2025","k b construction","Payment Success","1499882"
"133","Maharashtra","Construction of community centers and community halls","WS/MP18113/2025-2026/162522","Chhatrapati Sambhajinagar(DISTRICT COLLECTOR AURANGABAD_IDA)","BHUMARE SANDIPANRAO ASARAM","AURANGABAD_MH","05-Aug-2025","S P CONSTRUCTION","Payment Success","2499612"
"134","Maharashtra","Construction of community centers and community halls","WS/MP18113/2025-2026/166722","Chhatrapati Sambhajinagar(DISTRICT COLLECTOR AURANGABAD_IDA)","BHUMARE SANDIPANRAO ASARAM","AURANGABAD_MH","07-Jan-2026","k b construction","Payment Success","2482574"
"135","Maharashtra","Construction of community centers and community halls","WS/MP18113/2025-2026/202192","Chhatrapati Sambhajinagar(DISTRICT COLLECTOR AURANGABAD_IDA)","BHUMARE SANDIPANRAO ASARAM","AURANGABAD_MH","16-Mar-2026","ch gayatri mss ltd at bhildari tq kannad","Payment Success","1000000"
"136","Maharashtra","Construction of community centers and community halls","WS/MP18113/2026-2027/202193","Chhatrapati Sambhajinagar(DISTRICT COLLECTOR AURANGABAD_IDA)","BHUMARE SANDIPANRAO ASARAM","AURANGABAD_MH","18-May-2026","WALMIK VISHWANATH PAWAR","Payment Success","964272"
"137","Maharashtra","Construction of community centers and community halls","WS/MP18113/2025-2026/197037","Chhatrapati Sambhajinagar(DISTRICT COLLECTOR AURANGABAD_IDA)","BHUMARE SANDIPANRAO ASARAM","AURANGABAD_MH","21-Mar-2026","digambar vitthal koradkar","Payment Success","998112"
"138","Maharashtra","Construction of roads, link roads, pathways or any other road with or without drainage system","WS/MP18113/2025-2026/176732","Chhatrapati Sambhajinagar(DISTRICT COLLECTOR AURANGABAD_IDA)","BHUMARE SANDIPANRAO ASARAM","AURANGABAD_MH","10-Jul-2025","k b construction","Payment Success","1991442"
"139","Maharashtra","Construction of roads, link roads, pathways or any other road with or without drainage system","WS/MP18113/2025-2026/176734","Chhatrapati Sambhajinagar(DISTRICT COLLECTOR AURANGABAD_IDA)","BHUMARE SANDIPANRAO ASARAM","AURANGABAD_MH","26-Aug-2025","k b construction","Payment Success","1999000"
"140","Maharashtra","Construction of community centers and community halls","WS/MP18113/2025-2026/180320","Chhatrapati Sambhajinagar(DISTRICT COLLECTOR AURANGABAD_IDA)","BHUMARE SANDIPANRAO ASARAM","AURANGABAD_MH","08-Dec-2025","walunje shubham dhondiram","Payment Success","974667"
"141","Maharashtra","Construction of roads, link roads, pathways or any other road with or without drainage system","WS/MP18113/2025-2026/185620","Chhatrapati Sambhajinagar(DISTRICT COLLECTOR AURANGABAD_IDA)","BHUMARE SANDIPANRAO ASARAM","AURANGABAD_MH","05-Mar-2026","shri jagdamba construction","Payment Success","1472317"
"142","Maharashtra","Construction of roads, link roads, pathways or any other road with or without drainage system","WS/MP18113/2025-2026/185622","Chhatrapati Sambhajinagar(DISTRICT COLLECTOR AURANGABAD_IDA)","BHUMARE SANDIPANRAO ASARAM","AURANGABAD_MH","02-Mar-2026","shri jagdamba construction","Payment Success","1500000"
"143","Maharashtra","Construction of roads, link roads, pathways or any other road with or without drainage system","WS/MP18113/2025-2026/185623","Chhatrapati Sambhajinagar(DISTRICT COLLECTOR AURANGABAD_IDA)","BHUMARE SANDIPANRAO ASARAM","AURANGABAD_MH","24-Feb-2026","shri jagdamba construction","Payment Success","1500000"
"144","Maharashtra","Construction of roads, link roads, pathways or any other road with or without drainage system","WS/MP18122/2025-2026/176795","Chhatrapati Sambhajinagar(DISTRICT COLLECTOR AURANGABAD_IDA)","KALYAN VAIJINATHRAO KALE","JALNA","29-Dec-2025","Grampanchayat Karyalay Mangrul Tq Chh Sambhajinagar","Payment Success","992819"
"145","Maharashtra","Construction of roads, link roads, pathways or any other road with or without drainage system","WS/MP18122/2025-2026/173944","Chhatrapati Sambhajinagar(DISTRICT COLLECTOR AURANGABAD_IDA)","KALYAN VAIJINATHRAO KALE","JALNA","10-Sep-2025","GRAMPANCHAYAT VIRAMGAON TQ PHULAMBRI","Payment Success","1492450"
"146","Maharashtra","Construction of roads, link roads, pathways or any other road with or without drainage system","WS/MP18122/2025-2026/173903","Chhatrapati Sambhajinagar(DISTRICT COLLECTOR AURANGABAD_IDA)","KALYAN VAIJINATHRAO KALE","JALNA","19-Jun-2025","GRAMPANCHAYAT GADHE JALGAON TQ AURANGABAD","Payment Success","994942"
"147","Maharashtra","Construction of community centers and community halls","WS/MP18113/2025-2026/194151","Chhatrapati Sambhajinagar(DISTRICT COLLECTOR AURANGABAD_IDA)","BHUMARE SANDIPANRAO ASARAM","AURANGABAD_MH","23-Mar-2026","RUKHMAI CONSTRUCTION PROP BAPU D SONAVANE","Payment Success","1989626"
"148","Maharashtra","Construction of roads, link roads, pathways or any other road with or without drainage system","WS/MP18122/2025-2026/175363","Chhatrapati Sambhajinagar(DISTRICT COLLECTOR AURANGABAD_IDA)","KALYAN VAIJINATHRAO KALE","JALNA","16-Jun-2025","GRAMPANCHAYAT PIMALGAON GANGDEO TQ PHULAMBRI","Payment Success","1492500"
"149","Maharashtra","Construction of roads, link roads, pathways or any other road with or without drainage system","WS/MP18122/2025-2026/222581","Chhatrapati Sambhajinagar(DISTRICT COLLECTOR AURANGABAD_IDA)","KALYAN VAIJINATHRAO KALE","JALNA","12-Dec-2025","SARPANCH  GRAMSEVAK GRAMPANCHAYAT HIRADPURI TQ PAITHAN","Payment Success","993760"
"150","Maharashtra","Construction of roads, link roads, pathways or any other road with or without drainage system","WS/MP18122/2025-2026/222582","Chhatrapati Sambhajinagar(DISTRICT COLLECTOR AURANGABAD_IDA)","KALYAN VAIJINATHRAO KALE","JALNA","12-Dec-2025","SARPANCH  GRAMSEVAK GRAMPANCHAYAT HIRADPURI TQ PAITHAN","Payment Success","492469"
"151","Maharashtra","Construction of community centers and community halls","WS/MP18113/2025-2026/192641","Chhatrapati Sambhajinagar(DISTRICT COLLECTOR AURANGABAD_IDA)","BHUMARE SANDIPANRAO ASARAM","AURANGABAD_MH","03-Oct-2025","SARPANCH GRAM SEVAK GRAMPANCHAYAT SHIRASGAON TQ KANNAD","Payment Success","994542"
"152","Maharashtra","Construction of community centers and community halls","WS/MP18113/2025-2026/193125","Chhatrapati Sambhajinagar(DISTRICT COLLECTOR AURANGABAD_IDA)","BHUMARE SANDIPANRAO ASARAM","AURANGABAD_MH","13-Feb-2026","GRAMPANCHAYAT JALGAON GHAT TQ KANNAD","Payment Success","994421"
"153","Maharashtra","Construction of roads, link roads, pathways or any other road with or without drainage system","WS/MP18113/2025-2026/193132","Chhatrapati Sambhajinagar(DISTRICT COLLECTOR AURANGABAD_IDA)","BHUMARE SANDIPANRAO ASARAM","AURANGABAD_MH","12-Sep-2025","GRAMPANCHAYAT JALGAON GHAT TQ KANNAD","Payment Success","992820"
"154","Maharashtra","Construction of roads, link roads, pathways or any other road with or without drainage system","WS/MP18122/2025-2026/225427","Chhatrapati Sambhajinagar(DISTRICT COLLECTOR AURANGABAD_IDA)","KALYAN VAIJINATHRAO KALE","JALNA","12-Dec-2025","SARPANCH  GRAMSEVAK GRAMPANCHAYAT HIRADPURI TQ PAITHAN","Payment Success","492485"
"155","Maharashtra","Construction of roads, link roads, pathways or any other road with or without drainage system","WS/MP18113/2026-2027/226267","Chhatrapati Sambhajinagar(DISTRICT COLLECTOR AURANGABAD_IDA)","BHUMARE SANDIPANRAO ASARAM","AURANGABAD_MH","20-May-2026","SARPANCH GRAMSEVAK GRAMPANCHAYAT REL TQ KANNAD","Payment Success","981269"
"156","Maharashtra","Construction of community centers and community halls","WS/MP18113/2025-2026/226247","Chhatrapati Sambhajinagar(DISTRICT COLLECTOR AURANGABAD_IDA)","BHUMARE SANDIPANRAO ASARAM","AURANGABAD_MH","06-Apr-2026","SARPANCH GRAMSEVAK GRAMPANCHAYAT WAKAD TQ KANAND","Payment Success","1486882"
"157","Maharashtra","Construction of roads, link roads, pathways or any other road with or without drainage system","WS/MP18113/2025-2026/219628","Chhatrapati Sambhajinagar(DISTRICT COLLECTOR AURANGABAD_IDA)","BHUMARE SANDIPANRAO ASARAM","AURANGABAD_MH","17-Oct-2025","GRAMPANCHAYAT JALGAON GHAT TQ KANNAD","Payment Success","989730"
"158","Maharashtra","Construction of community centers and community halls","WS/MP18113/2025-2026/219666","Chhatrapati Sambhajinagar(DISTRICT COLLECTOR AURANGABAD_IDA)","BHUMARE SANDIPANRAO ASARAM","AURANGABAD_MH","17-Oct-2025","SARPANCH GRAM SEVAK GRAMPANCHAYAT SHIRASGAON TQ KANNAD","Payment Success","993175"
"159","Maharashtra","Construction of roads, link roads, pathways or any other road with or without drainage system","WS/MP18133/2025-2026/148457","SATARA(DISTRICT COLLECTOR SATARA_IDA)","SHRIMANT CHH UDAYANRAJE PRATAPSINHAMAHARAJ BHONSLE","SATARA","11-Aug-2026","NEERAJ DATTATRAY RANDIVE","Payment Success","1000000"
"160","Maharashtra","Construction of roads, link roads, pathways or any other road with or without drainage system","WS/MP18133/2024-2025/148464","SATARA(DISTRICT COLLECTOR SATARA_IDA)","SHRIMANT CHH UDAYANRAJE PRATAPSINHAMAHARAJ BHONSLE","SATARA","22-Jul-2025","JOTIRLING MAJUR SAHA SANSTHA LTD SATARA","Payment Success","1000000"
"161","Maharashtra","Construction of roads, link roads, pathways or any other road with or without drainage system","WS/MP18133/2025-2026/254602","SATARA(DISTRICT COLLECTOR SATARA_IDA)","SHRIMANT CHH UDAYANRAJE PRATAPSINHAMAHARAJ BHONSLE","SATARA","06-Aug-2026","SHELAR MAKRAND SUNIL","Payment Success","500000"
"162","Maharashtra","Construction of roads, link roads, pathways or any other road with or without drainage system","WS/MP18133/2025-2026/148560","SATARA(DISTRICT COLLECTOR SATARA_IDA)","SHRIMANT CHH UDAYANRAJE PRATAPSINHAMAHARAJ BHONSLE","SATARA","16-Dec-2025","OM MAJUR SAHAKARI SANSTHA MARYADIT KARADWADI","Payment Success","999677"
"163","Maharashtra","Construction of roads, link roads, pathways or any other road with or without drainage system","WS/MP18133/2025-2026/148562","SATARA(DISTRICT COLLECTOR SATARA_IDA)","SHRIMANT CHH UDAYANRAJE PRATAPSINHAMAHARAJ BHONSLE","SATARA","15-Jan-2026","ANAND MAJUR SAHKARI SANSTHA LTD BHIMNAGAR KOREGAON","Payment Success","999000"
"164","Maharashtra","Construction of roads, link roads, pathways or any other road with or without drainage system","WS/MP18133/2025-2026/148564","SATARA(DISTRICT COLLECTOR SATARA_IDA)","SHRIMANT CHH UDAYANRAJE PRATAPSINHAMAHARAJ BHONSLE","SATARA","06-Mar-2026","SOURABH SANJAY RAJESHIRKE","Payment Success","500000"
"165","Maharashtra","Construction of roads, link roads, pathways or any other road with or without drainage system","WS/MP18133/2025-2026/148566","SATARA(DISTRICT COLLECTOR SATARA_IDA)","SHRIMANT CHH UDAYANRAJE PRATAPSINHAMAHARAJ BHONSLE","SATARA","29-Jun-2026","Anand Suhas Pawar","Payment Success","1000000"
"166","Maharashtra","Construction of boundary walls of existing public and community buildings","WS/MP18133/2025-2026/148567","SATARA(DISTRICT COLLECTOR SATARA_IDA)","SHRIMANT CHH UDAYANRAJE PRATAPSINHAMAHARAJ BHONSLE","SATARA","18-Mar-2026","Mayur Ankush Ghorpade","Payment Success","948550"
"167","Maharashtra","Construction of roads, link roads, pathways or any other road with or without drainage system","WS/MP18133/2025-2026/148571","SATARA(DISTRICT COLLECTOR SATARA_IDA)","SHRIMANT CHH UDAYANRAJE PRATAPSINHAMAHARAJ BHONSLE","SATARA","12-Mar-2026","Indrajit Vasantrao Salunkhe","Payment Success","500000"
"168","Maharashtra","Providing drains and gutters for public drainage","WS/MP18133/2025-2026/148572","SATARA(DISTRICT COLLECTOR SATARA_IDA)","SHRIMANT CHH UDAYANRAJE PRATAPSINHAMAHARAJ BHONSLE","SATARA","13-Aug-2026","Sushant Sandip Deshmane","Payment Success","493290"
"169","Maharashtra","Construction of boundary walls of existing public and community buildings","WS/MP18133/2025-2026/148915","SATARA(DISTRICT COLLECTOR SATARA_IDA)","SHRIMANT CHH UDAYANRAJE PRATAPSINHAMAHARAJ BHONSLE","SATARA","06-May-2026","Shubham Dhanaji Thorat","Payment Success","498370"
"170","Maharashtra","Construction of public toilets and bathrooms","WS/MP18133/2025-2026/164655","SATARA(DISTRICT COLLECTOR SATARA_IDA)","SHRIMANT CHH UDAYANRAJE PRATAPSINHAMAHARAJ BHONSLE","SATARA","25-Aug-2026","Namdev Avinash Nazare","Payment Success","413190"
"171","Maharashtra","Construction of roads, link roads, pathways or any other road with or without drainage system","WS/MP18133/2025-2026/148453","SATARA(DISTRICT COLLECTOR SATARA_IDA)","SHRIMANT CHH UDAYANRAJE PRATAPSINHAMAHARAJ BHONSLE","SATARA","30-Jul-2026","Indrajit Amrutrao Shinde","Payment Success","1000000"
"172","Maharashtra","Construction of community centers and community halls","WS/MP18133/2025-2026/148475","SATARA(DISTRICT COLLECTOR SATARA_IDA)","SHRIMANT CHH UDAYANRAJE PRATAPSINHAMAHARAJ BHONSLE","SATARA","22-Mar-2026","Vikram Vishwas Patil","Payment Success","750000"
"173","Maharashtra","Construction of roads, link roads, pathways or any other road with or without drainage system","WS/MP18133/2025-2026/148477","SATARA(DISTRICT COLLECTOR SATARA_IDA)","SHRIMANT CHH UDAYANRAJE PRATAPSINHAMAHARAJ BHONSLE","SATARA","16-Aug-2026","Swapnil Santosh Jadhav","Payment Success","693280"
"174","Maharashtra","Providing drains and gutters for public drainage","WS/MP18133/2025-2026/148480","SATARA(DISTRICT COLLECTOR SATARA_IDA)","SHRIMANT CHH UDAYANRAJE PRATAPSINHAMAHARAJ BHONSLE","SATARA","11-Aug-2026","Sagar Mansing Salunkhe","Payment Success","694830"
"175","Maharashtra","Construction of community centers and community halls","WS/MP18133/2025-2026/148507","SATARA(DISTRICT COLLECTOR SATARA_IDA)","SHRIMANT CHH UDAYANRAJE PRATAPSINHAMAHARAJ BHONSLE","SATARA","16-Mar-2026","Swapnil Raghunath Thorat","Payment Success","1489610"
"176","Maharashtra","Crematoriums/energy efficient crematoriums or structures on burial/cremation ground","WS/MP18133/2025-2026/148512","SATARA(DISTRICT COLLECTOR SATARA_IDA)","SHRIMANT CHH UDAYANRAJE PRATAPSINHAMAHARAJ BHONSLE","SATARA","29-Jun-2026","Digvijay Uttamrao Mohite","Payment Success","995310"
"177","Maharashtra","Construction of roads, link roads, pathways or any other road with or without drainage system","WS/MP18133/2025-2026/148515","SATARA(DISTRICT COLLECTOR SATARA_IDA)","SHRIMANT CHH UDAYANRAJE PRATAPSINHAMAHARAJ BHONSLE","SATARA","27-Apr-2026","Akshay Sunil Gaikwad","Payment Success","498180"
"178","Maharashtra","Construction of roads, link roads, pathways or any other road with or without drainage system","WS/MP18133/2025-2026/148516","SATARA(DISTRICT COLLECTOR SATARA_IDA)","SHRIMANT CHH UDAYANRAJE PRATAPSINHAMAHARAJ BHONSLE","SATARA","06-Mar-2026","Shubham Dadaso Pawar","Payment Success","497580"
"179","Maharashtra","Construction of roads, link roads, pathways or any other road with or without drainage system","WS/MP18133/2025-2026/148559","SATARA(DISTRICT COLLECTOR SATARA_IDA)","SHRIMANT CHH UDAYANRAJE PRATAPSINHAMAHARAJ BHONSLE","SATARA","16-Feb-2026","Rohit Dipak Chavan","Payment Success","664282"
"180","Maharashtra","Lighting of public spaces","WS/MP18369/2025-2026/177557","YAVATMAL(DISTRICT COLLECTOR YAVATMAL_IDA)","Sanjay Uttamrao Deshmukh","YAVATMAL-WASHIM","25-Mar-2026","MS Ashutosh Electricals Yavatmal","Payment Success","393430"
"181","Maharashtra","Lighting of public spaces","WS/MP18369/2025-2026/177558","YAVATMAL(DISTRICT COLLECTOR YAVATMAL_IDA)","Sanjay Uttamrao Deshmukh","YAVATMAL-WASHIM","22-Mar-2026","Shriyog Electricals","Payment Success","393751"
"182","Maharashtra","Lighting of public spaces","WS/MP18369/2025-2026/177559","YAVATMAL(DISTRICT COLLECTOR YAVATMAL_IDA)","Sanjay Uttamrao Deshmukh","YAVATMAL-WASHIM","25-Mar-2026","MS Ashutosh Electricals Yavatmal","Payment Success","393554"
"183","Maharashtra","Lighting of public spaces","WS/MP18369/2025-2026/177560","YAVATMAL(DISTRICT COLLECTOR YAVATMAL_IDA)","Sanjay Uttamrao Deshmukh","YAVATMAL-WASHIM","25-Mar-2026","MS Ashutosh Electricals Yavatmal","Payment Success","393711"
"184","Maharashtra","Lighting of public spaces","WS/MP18369/2026-2027/177561","YAVATMAL(DISTRICT COLLECTOR YAVATMAL_IDA)","Sanjay Uttamrao Deshmukh","YAVATMAL-WASHIM","27-Jun-2026","MS KUNAL ELECTRICALS CONTRACTOR YAVATMAL","Payment Success","393629"
"185","Maharashtra","Lighting of public spaces","WS/MP18369/2026-2027/177562","YAVATMAL(DISTRICT COLLECTOR YAVATMAL_IDA)","Sanjay Uttamrao Deshmukh","YAVATMAL-WASHIM","27-Jun-2026","Shriyog Electricals","Payment Success","393551"
"186","Maharashtra","Lighting of public spaces","WS/MP18369/2026-2027/177563","YAVATMAL(DISTRICT COLLECTOR YAVATMAL_IDA)","Sanjay Uttamrao Deshmukh","YAVATMAL-WASHIM","27-Jun-2026","MS KUNAL ELECTRICALS CONTRACTOR YAVATMAL","Payment Success","393708"
"187","Maharashtra","Lighting of public spaces","WS/MP18369/2026-2027/177564","YAVATMAL(DISTRICT COLLECTOR YAVATMAL_IDA)","Sanjay Uttamrao Deshmukh","YAVATMAL-WASHIM","27-Jun-2026","Shriyog Electricals","Payment Success","393590"
"188","Maharashtra","Lighting of public spaces","WS/MP18369/2025-2026/177565","YAVATMAL(DISTRICT COLLECTOR YAVATMAL_IDA)","Sanjay Uttamrao Deshmukh","YAVATMAL-WASHIM","23-Mar-2026","Shriyog Electricals","Payment Success","393672"
"189","Maharashtra","Lighting of public spaces","WS/MP18369/2025-2026/177566","YAVATMAL(DISTRICT COLLECTOR YAVATMAL_IDA)","Sanjay Uttamrao Deshmukh","YAVATMAL-WASHIM","23-Mar-2026","Shriyog Electricals","Payment Success","393751"
"190","Maharashtra","Lighting of public spaces","WS/MP18369/2025-2026/177567","YAVATMAL(DISTRICT COLLECTOR YAVATMAL_IDA)","Sanjay Uttamrao Deshmukh","YAVATMAL-WASHIM","25-Mar-2026","Shriyog Electricals","Payment Success","393593"
"191","Maharashtra","Lighting of public spaces","WS/MP18369/2025-2026/177568","YAVATMAL(DISTRICT COLLECTOR YAVATMAL_IDA)","Sanjay Uttamrao Deshmukh","YAVATMAL-WASHIM","23-Mar-2026","MS KUNAL ELECTRICALS CONTRACTOR YAVATMAL","Payment Success","393672"
"192","Maharashtra","Lighting of public spaces","WS/MP18369/2026-2027/177569","YAVATMAL(DISTRICT COLLECTOR YAVATMAL_IDA)","Sanjay Uttamrao Deshmukh","YAVATMAL-WASHIM","26-Jun-2026","Shriyog Electricals","Payment Success","393669"
"193","Maharashtra","Lighting of public spaces","WS/MP18369/2026-2027/177570","YAVATMAL(DISTRICT COLLECTOR YAVATMAL_IDA)","Sanjay Uttamrao Deshmukh","YAVATMAL-WASHIM","26-Jun-2026","Shriyog Electricals","Payment Success","393472"
"194","Maharashtra","Lighting of public spaces","WS/MP18369/2026-2027/177571","YAVATMAL(DISTRICT COLLECTOR YAVATMAL_IDA)","Sanjay Uttamrao Deshmukh","YAVATMAL-WASHIM","26-Jun-2026","MS KUNAL ELECTRICALS CONTRACTOR YAVATMAL","Payment Success","393708"
"195","Maharashtra","Lighting of public spaces","WS/MP18369/2026-2027/177572","YAVATMAL(DISTRICT COLLECTOR YAVATMAL_IDA)","Sanjay Uttamrao Deshmukh","YAVATMAL-WASHIM","25-Jun-2026","MS KUNAL ELECTRICALS CONTRACTOR YAVATMAL","Payment Success","393590"
"196","Maharashtra","Lighting of public spaces","WS/MP18369/2026-2027/177573","YAVATMAL(DISTRICT COLLECTOR YAVATMAL_IDA)","Sanjay Uttamrao Deshmukh","YAVATMAL-WASHIM","25-Jun-2026","Shriyog Electricals","Payment Success","393629"
"197","Maharashtra","Lighting of public spaces","WS/MP18369/2025-2026/177574","YAVATMAL(DISTRICT COLLECTOR YAVATMAL_IDA)","Sanjay Uttamrao Deshmukh","YAVATMAL-WASHIM","25-Mar-2026","MS Ashutosh Electricals Yavatmal","Payment Success","393593"
"198","Maharashtra","Construction of community centers and community halls","WS/MP18369/2025-2026/177576","YAVATMAL(DISTRICT COLLECTOR YAVATMAL_IDA)","Sanjay Uttamrao Deshmukh","YAVATMAL-WASHIM","16-Dec-2025","GP KOPRA JA","Payment Success","986561"
"199","Maharashtra","Crematoriums/energy efficient crematoriums or structures on burial/cremation ground","WS/MP18369/2025-2026/177577","YAVATMAL(DISTRICT COLLECTOR YAVATMAL_IDA)","Sanjay Uttamrao Deshmukh","YAVATMAL-WASHIM","17-Dec-2025","GRAM NIDHI GRAMPANCHAYAT MUBARAKPUR","Payment Success","990018"
"200","Maharashtra","Lighting of public spaces","WS/MP18369/2025-2026/177578","YAVATMAL(DISTRICT COLLECTOR YAVATMAL_IDA)","Sanjay Uttamrao Deshmukh","YAVATMAL-WASHIM","25-Mar-2026","MS Ashutosh Electricals Yavatmal","Payment Success","393551"
"201","Maharashtra","Lighting of public spaces","WS/MP18369/2026-2027/177579","YAVATMAL(DISTRICT COLLECTOR YAVATMAL_IDA)","Sanjay Uttamrao Deshmukh","YAVATMAL-WASHIM","27-Jun-2026","Shriyog Electricals","Payment Success","393708"
"202","Maharashtra","Construction of common work sheds/ common covered sitting area","WS/MP18369/2026-2027/165950","YAVATMAL(DISTRICT COLLECTOR YAVATMAL_IDA)","Sanjay Uttamrao Deshmukh","YAVATMAL-WASHIM","17-Aug-2026","AAVESH RAUF SHEIKH","Payment Success","198998"
"203","Maharashtra","Security gates in streets/public place for safety purpose","WS/MP18369/2026-2027/187446","YAVATMAL(DISTRICT COLLECTOR YAVATMAL_IDA)","Sanjay Uttamrao Deshmukh","YAVATMAL-WASHIM","07-May-2026","FOR SHRI MALKUJI MAHARAJ MAJUR KAMGAR SAHAKARI SANSTHA M  BHAMB RAJA","Payment Success","491821"
"204","Maharashtra","Construction of roads, link roads, pathways or any other road with or without drainage system","WS/MP18258/2025-2026/183960","YAVATMAL(DISTRICT COLLECTOR YAVATMAL_IDA)","DHANORKAR PRATIBHA SURESH ALIAS BALUBHAU","CHANDRAPUR","04-Feb-2026","Yogesh Ashok Burdkar","Payment Success","1149003"
"205","Maharashtra","Construction of roads, link roads, pathways or any other road with or without drainage system","WS/MP18369/2026-2027/257052","YAVATMAL(DISTRICT COLLECTOR YAVATMAL_IDA)","Sanjay Uttamrao Deshmukh","YAVATMAL-WASHIM","29-Jun-2026","Gajanan Maharaj Majur Kamgar Sahakari Sanstha Maryadit Pandharkawadea","Payment Success","594833"
"206","Maharashtra","Construction of roads, link roads, pathways or any other road with or without drainage system","WS/MP18258/2025-2026/183834","YAVATMAL(DISTRICT COLLECTOR YAVATMAL_IDA)","DHANORKAR PRATIBHA SURESH ALIAS BALUBHAU","CHANDRAPUR","03-Sep-2025","Kaleshwar Majur Kamgar Sahkari Sanstha Kaleshwar","Payment Success","1966157"
"207","Maharashtra","Setting up of laboratories","WS/MP18369/2026-2027/239318","YAVATMAL(DISTRICT COLLECTOR YAVATMAL_IDA)","Sanjay Uttamrao Deshmukh","YAVATMAL-WASHIM","08-Jul-2026","DIGITAL AUDIO VIDEO SOLUTIONS","Payment Success","699650"
"208","Maharashtra","Construction of roads, link roads, pathways or any other road with or without drainage system","WS/MP18258/2026-2027/183793","CHANDRAPUR(DISTRICT COLLECTOR CHANDRAPUR_IDA)","DHANORKAR PRATIBHA SURESH ALIAS BALUBHAU","CHANDRAPUR","19-Jun-2026","SHRI SANT GAJANAN MAHARAJ MAJUR SAHAKARI SANSTHA MARYA PACHGAON","Payment Success","1181239"
"209","Maharashtra","Providing drains and gutters for public drainage","WS/MP18258/2026-2027/183802","CHANDRAPUR(DISTRICT COLLECTOR CHANDRAPUR_IDA)","DHANORKAR PRATIBHA SURESH ALIAS BALUBHAU","CHANDRAPUR","19-Jun-2026","Bhushan Gautam Patil","Payment Success","995057"
"210","Maharashtra","Construction of roads, link roads, pathways or any other road with or without drainage system","WS/MP18258/2026-2027/183805","CHANDRAPUR(DISTRICT COLLECTOR CHANDRAPUR_IDA)","DHANORKAR PRATIBHA SURESH ALIAS BALUBHAU","CHANDRAPUR","19-Jun-2026","SAMTA MAJOOR SAHKARI SANSTHA MARYA RAJURA","Payment Success","1113514"
"211","Maharashtra","Construction of roads, link roads, pathways or any other road with or without drainage system","WS/MP18258/2026-2027/183811","CHANDRAPUR(DISTRICT COLLECTOR CHANDRAPUR_IDA)","DHANORKAR PRATIBHA SURESH ALIAS BALUBHAU","CHANDRAPUR","19-Jun-2026","SHUBHAM GHANSHYAM YENURKAR","Payment Success","985923"
"212","Maharashtra","Construction of roads, link roads, pathways or any other road with or without drainage system","WS/MP18258/2026-2027/183812","CHANDRAPUR(DISTRICT COLLECTOR CHANDRAPUR_IDA)","DHANORKAR PRATIBHA SURESH ALIAS BALUBHAU","CHANDRAPUR","23-Jun-2026","SMIT MAJUR SAHAKARI SANSTHA MARYA RAJURA","Payment Success","1416321"
"213","Maharashtra","Purchase of smart boards, visual display units and projectors","WS/MP18117/2024-2025/142021","DHULE(DISTRICT COLLECTOR DHULE_IDA)","BACHHAV SHOBHA DINESH","DHULE","19-Dec-2024","Multiplex Technologies","Payment Success","1000000"
"214","Maharashtra","Purchase of smart boards, visual display units and projectors","WS/MP18117/2024-2025/142022","DHULE(DISTRICT COLLECTOR DHULE_IDA)","BACHHAV SHOBHA DINESH","DHULE","19-Dec-2024","Multiplex Technologies","Payment Success","1000000"
"215","Maharashtra","Purchase of IT systems, including hardware and software for educational purposes","WS/MP18117/2024-2025/170214","DHULE(DISTRICT COLLECTOR DHULE_IDA)","BACHHAV SHOBHA DINESH","DHULE","14-Aug-2025","Multiplex Technologies","Payment Success","1000000"
"216","Maharashtra","Construction of community centers and community halls","WS/MP675/2025-2026/257402","BULDHANA(DISTRICT COLLECTOR BULDHANA_IDA)","Prataprao Jadhav","BULDHANA","04-Mar-2026","SHARMA CONSTRUCTION","Payment Success","747028"
"217","Maharashtra","Construction of footpaths and pedestrian ways","WS/MP675/2025-2026/257406","BULDHANA(DISTRICT COLLECTOR BULDHANA_IDA)","Prataprao Jadhav","BULDHANA","06-Mar-2026","SHARMA CONSTRUCTION","Payment Success","461000"
"218","Maharashtra","Street lights","WS/MP18127/2026-2027/274225","NASHIK(DISTRICT COLLECTOR NASHIK_IDA)","RAJABHAU","NASHIK","04-Jul-2026","R PRAKASH ELECTRICAL AND ENGINEERS NASIK","Payment Success","989844"
"219","Maharashtra","Providing CCTV camera system for security of public areas","WS/MP18127/2026-2027/253685","NASHIK(DISTRICT COLLECTOR NASHIK_IDA)","RAJABHAU","NASHIK","07-Jul-2026","PEDKAI ELECTRICALS","Payment Success","499900"
"220","Maharashtra","Providing CCTV camera system for security of public areas","WS/MP18127/2026-2027/253686","NASHIK(DISTRICT COLLECTOR NASHIK_IDA)","RAJABHAU","NASHIK","07-Jul-2026","PEDKAI ELECTRICALS","Payment Success","499900"
"221","Maharashtra","Street lights","WS/MP18127/2026-2027/253687","NASHIK(DISTRICT COLLECTOR NASHIK_IDA)","RAJABHAU","NASHIK","07-Jul-2026","PEDKAI ELECTRICALS","Payment Success","499650"
"222","Maharashtra","Street lights","WS/MP18127/2026-2027/253688","NASHIK(DISTRICT COLLECTOR NASHIK_IDA)","RAJABHAU","NASHIK","07-Jul-2026","PEDKAI ELECTRICALS","Payment Success","988889"
"223","Maharashtra","Providing CCTV camera system for security of public areas","WS/MP18127/2026-2027/253689","NASHIK(DISTRICT COLLECTOR NASHIK_IDA)","RAJABHAU","NASHIK","07-Jul-2026","PEDKAI ELECTRICALS","Payment Success","499900"
"224","Maharashtra","Providing CCTV camera system for security of public areas","WS/MP18127/2026-2027/253690","NASHIK(DISTRICT COLLECTOR NASHIK_IDA)","RAJABHAU","NASHIK","07-Jul-2026","PEDKAI ELECTRICALS","Payment Success","499900"
"225","Maharashtra","Providing CCTV camera system for security of public areas","WS/MP18127/2026-2027/253691","NASHIK(DISTRICT COLLECTOR NASHIK_IDA)","RAJABHAU","NASHIK","07-Jul-2026","PEDKAI ELECTRICALS","Payment Success","499900"
"226","Maharashtra","Purchase of IT systems, including hardware and software for educational purposes","WS/MP18258/2025-2026/164630","CHANDRAPUR(DISTRICT COLLECTOR CHANDRAPUR_IDA)","DHANORKAR PRATIBHA SURESH ALIAS BALUBHAU","CHANDRAPUR","18-Jun-2025","Mahalaxmi Enterprises","Payment Success","332715"
"227","Maharashtra","Purchase of IT systems, including hardware and software for educational purposes","WS/MP18258/2025-2026/164630","CHANDRAPUR(DISTRICT COLLECTOR CHANDRAPUR_IDA)","DHANORKAR PRATIBHA SURESH ALIAS BALUBHAU","CHANDRAPUR","18-Jun-2025","Siddharth Enterprises","Payment Success","116490"
"228","Maharashtra","Construction of public libraries and reading rooms","WS/MP18119/2025-2026/163436","CHANDRAPUR(DISTRICT COLLECTOR CHANDRAPUR_IDA)","DR. KIRSAN NAMDEO","GADCHIROLI-CHIMUR(ST)","24-Mar-2026","GRAM PANCHYAT MANGLI","Payment Success","1404544"
"229","Maharashtra","Construction of public libraries and reading rooms","WS/MP18119/2026-2027/163437","CHANDRAPUR(DISTRICT COLLECTOR CHANDRAPUR_IDA)","DR. KIRSAN NAMDEO","GADCHIROLI-CHIMUR(ST)","18-Jun-2026","JILHA VARSHIK YOJANA G P SATHAGAON","Payment Success","1457701"
"230","Maharashtra","Construction of public libraries and reading rooms","WS/MP18119/2026-2027/163438","CHANDRAPUR(DISTRICT COLLECTOR CHANDRAPUR_IDA)","DR. KIRSAN NAMDEO","GADCHIROLI-CHIMUR(ST)","18-Jun-2026","LAKSHMINARAYAN MAJUR SAHKARI SANSTHA MARYADIT","Payment Success","1398856"
"231","Maharashtra","Construction of public libraries and reading rooms","WS/MP18119/2025-2026/163439","CHANDRAPUR(DISTRICT COLLECTOR CHANDRAPUR_IDA)","DR. KIRSAN NAMDEO","GADCHIROLI-CHIMUR(ST)","11-Mar-2026","GRAM PANCHYAT ADEGAON","Payment Success","1394658"
"232","Maharashtra","Construction of public irrigation facilities","WS/MP18258/2025-2026/159947","CHANDRAPUR(DISTRICT COLLECTOR CHANDRAPUR_IDA)","DHANORKAR PRATIBHA SURESH ALIAS BALUBHAU","CHANDRAPUR","26-Mar-2026","PRABHUJI CONSTRUCTION","Payment Success","1806232"
"233","Maharashtra","Construction of roads, link roads, pathways or any other road with or without drainage system","WS/MP18258/2026-2027/183905","CHANDRAPUR(DISTRICT COLLECTOR CHANDRAPUR_IDA)","DHANORKAR PRATIBHA SURESH ALIAS BALUBHAU","CHANDRAPUR","02-Sep-2026","SHRI GANESH BANDHKAM MAJUR SAHAKARI SANSTHA CHANDRAPUR","Payment Success","995892"
"234","Maharashtra","Providing drains and gutters for public drainage","WS/MP18258/2025-2026/183814","CHANDRAPUR(DISTRICT COLLECTOR CHANDRAPUR_IDA)","DHANORKAR PRATIBHA SURESH ALIAS BALUBHAU","CHANDRAPUR","10-Mar-2026","DISHA ENTERPRISES","Payment Success","999828"
"235","Maharashtra","Construction of roads, link roads, pathways or any other road with or without drainage system","WS/MP18258/2025-2026/183816","CHANDRAPUR(DISTRICT COLLECTOR CHANDRAPUR_IDA)","DHANORKAR PRATIBHA SURESH ALIAS BALUBHAU","CHANDRAPUR","10-Mar-2026","DISHA ENTERPRISES","Payment Success","476962"
"236","Maharashtra","Providing drains and gutters for public drainage","WS/MP18258/2025-2026/183824","CHANDRAPUR(DISTRICT COLLECTOR CHANDRAPUR_IDA)","DHANORKAR PRATIBHA SURESH ALIAS BALUBHAU","CHANDRAPUR","17-Mar-2026","DISHA ENTERPRISES","Payment Success","984502"
"237","Maharashtra","Construction of roads, link roads, pathways or any other road with or without drainage system","WS/MP18258/2026-2027/183826","CHANDRAPUR(DISTRICT COLLECTOR CHANDRAPUR_IDA)","DHANORKAR PRATIBHA SURESH ALIAS BALUBHAU","CHANDRAPUR","02-Sep-2026","NUTAN KAMGAR SAHAKARI SANSTHA","Payment Success","1977971"
"238","Maharashtra","Construction of roads, link roads, pathways or any other road with or without drainage system","WS/MP18258/2026-2027/183797","CHANDRAPUR(DISTRICT COLLECTOR CHANDRAPUR_IDA)","DHANORKAR PRATIBHA SURESH ALIAS BALUBHAU","CHANDRAPUR","07-Aug-2026","NUTAN KAMGAR SAHAKARI SANSTHA","Payment Success","1466928"
"239","Maharashtra","Lighting of public spaces","WS/MP692/2025-2026/183629","PUNE(DISTRICT COLLECTOR PUNE_IDA)","Smt Supriya Sadanand Sule","BARAMATI","16-Oct-2025","Aarti Enterprises","Payment Success","990000"
"240","Maharashtra","Street lights","WS/MP685/2025-2026/196296","PUNE(DISTRICT COLLECTOR PUNE_IDA)","Shrirang Appa Barne","MAVAL","13-Oct-2025","Trimurti Infotech","Payment Success","600000"
"241","Maharashtra","Street lights","WS/MP685/2025-2026/196297","PUNE(DISTRICT COLLECTOR PUNE_IDA)","Shrirang Appa Barne","MAVAL","13-Oct-2025","Trimurti Infotech","Payment Success","300000"
"242","Maharashtra","Street lights","WS/MP685/2025-2026/196299","PUNE(DISTRICT COLLECTOR PUNE_IDA)","Shrirang Appa Barne","MAVAL","13-Oct-2025","Trimurti Infotech","Payment Success","300000"
"243","Maharashtra","Street lights","WS/MP685/2025-2026/196301","PUNE(DISTRICT COLLECTOR PUNE_IDA)","Shrirang Appa Barne","MAVAL","13-Oct-2025","Trimurti Infotech","Payment Success","300000"
"244","Maharashtra","Street lights","WS/MP685/2025-2026/196302","PUNE(DISTRICT COLLECTOR PUNE_IDA)","Shrirang Appa Barne","MAVAL","13-Oct-2025","Trimurti Infotech","Payment Success","300000"
"245","Maharashtra","Street lights","WS/MP685/2025-2026/196303","PUNE(DISTRICT COLLECTOR PUNE_IDA)","Shrirang Appa Barne","MAVAL","13-Oct-2025","Trimurti Infotech","Payment Success","300000"
"246","Maharashtra","Street lights","WS/MP685/2025-2026/196305","PUNE(DISTRICT COLLECTOR PUNE_IDA)","Shrirang Appa Barne","MAVAL","13-Oct-2025","Trimurti Infotech","Payment Success","600000"
"247","Maharashtra","Street lights","WS/MP685/2025-2026/196307","PUNE(DISTRICT COLLECTOR PUNE_IDA)","Shrirang Appa Barne","MAVAL","13-Oct-2025","Trimurti Infotech","Payment Success","299994"
"248","Maharashtra","Street lights","WS/MP685/2025-2026/196308","PUNE(DISTRICT COLLECTOR PUNE_IDA)","Shrirang Appa Barne","MAVAL","13-Oct-2025","Trimurti Infotech","Payment Success","300000"
"249","Maharashtra","Street lights","WS/MP685/2025-2026/196310","PUNE(DISTRICT COLLECTOR PUNE_IDA)","Shrirang Appa Barne","MAVAL","13-Oct-2025","Trimurti Infotech","Payment Success","300000"
"250","Maharashtra","Street lights","WS/MP685/2025-2026/196312","PUNE(DISTRICT COLLECTOR PUNE_IDA)","Shrirang Appa Barne","MAVAL","13-Oct-2025","Trimurti Infotech","Payment Success","600000"
"251","Maharashtra","Street lights","WS/MP685/2025-2026/196313","PUNE(DISTRICT COLLECTOR PUNE_IDA)","Shrirang Appa Barne","MAVAL","13-Oct-2025","Trimurti Infotech","Payment Success","499990"
"252","Maharashtra","Street lights","WS/MP685/2025-2026/196314","PUNE(DISTRICT COLLECTOR PUNE_IDA)","Shrirang Appa Barne","MAVAL","13-Oct-2025","Trimurti Infotech","Payment Success","600000"
"253","Maharashtra","Street lights","WS/MP685/2025-2026/196341","PUNE(DISTRICT COLLECTOR PUNE_IDA)","Shrirang Appa Barne","MAVAL","13-Oct-2025","Trimurti Infotech","Payment Success","599988"
"254","Maharashtra","Installing tube-wells and borewells","WS/MP18369/2025-2026/187442","YAVATMAL(DISTRICT COLLECTOR YAVATMAL_IDA)","Sanjay Uttamrao Deshmukh","YAVATMAL-WASHIM","27-Nov-2025","GP WANOLI I","Payment Success","199636"
"255","Maharashtra","Setting up public non-conventional energy plants","WS/	 MP667/2025-2026/160975","SANGLI(DISTRICT COLLECTOR SANGLI_IDA)","Dhairyasheel Sambhajirao Mane","HATKANANGLE","20-Mar-2026","Cosine Green Power","Payment Success","3086456"
"256","Maharashtra","Construction of public libraries and reading rooms","WS/MP18119/2025-2026/163414","GADCHIROLI(DISTRICT COLLECTOR GADCHIROLI_IDA)","DR. KIRSAN NAMDEO","GADCHIROLI-CHIMUR(ST)","05-Aug-2026","Dnyneshwar Ramji Bhanderkar","Payment Success","926097"
"257","Maharashtra","Construction of rooms and halls in school and colleges","WS/MP18118/2025-2026/160490","AZAMGARH(DISTRICT MAGISTRATE AZAMGARH_IDA)","BHASKAR MURLIDHAR BHAGARE","DINDORI(ST)","08-Aug-2025","BABA BAIJNATH HS SCHOOL SARUPAHAN","Payment Success","483535"
"258","Maharashtra","Construction of rooms and halls in school and colleges","WS/MP18118/2025-2026/160490","AZAMGARH(DISTRICT MAGISTRATE AZAMGARH_IDA)","BHASKAR MURLIDHAR BHAGARE","DINDORI(ST)","12-Nov-2025","BABA BAIJNATH HS SCHOOL SARUPAHAN","Payment Success","516465"
"259","Maharashtra","Construction of community centers and community halls","WS/MP18119/2025-2026/163406","GADCHIROLI(DISTRICT COLLECTOR GADCHIROLI_IDA)","DR. KIRSAN NAMDEO","GADCHIROLI-CHIMUR(ST)","12-Feb-2026","Digvijay Kewalram Nimbekar","Payment Success","495958"
"260","Maharashtra","Construction of community centers and community halls","WS/MP18119/2025-2026/163407","GADCHIROLI(DISTRICT COLLECTOR GADCHIROLI_IDA)","DR. KIRSAN NAMDEO","GADCHIROLI-CHIMUR(ST)","07-May-2026","PAVAN CHARANDAS CHAPLE","Payment Success","991750"
"261","Maharashtra","Construction of public libraries and reading rooms","WS/MP18119/2025-2026/163408","GADCHIROLI(DISTRICT COLLECTOR GADCHIROLI_IDA)","DR. KIRSAN NAMDEO","GADCHIROLI-CHIMUR(ST)","18-Mar-2026","DHIRAJ RAJENDRA BULLE","Payment Success","1488757"
"262","Maharashtra","Construction of public libraries and reading rooms","WS/MP18119/2025-2026/163398","GADCHIROLI(DISTRICT COLLECTOR GADCHIROLI_IDA)","DR. KIRSAN NAMDEO","GADCHIROLI-CHIMUR(ST)","13-May-2026","SAMIR RAMKRUSHNA TAJNE","Payment Success","692973"
"263","Maharashtra","Construction of public libraries and reading rooms","WS/MP18119/2025-2026/163399","GADCHIROLI(DISTRICT COLLECTOR GADCHIROLI_IDA)","DR. KIRSAN NAMDEO","GADCHIROLI-CHIMUR(ST)","18-Mar-2026","SAMIR RAMKRUSHNA TAJNE","Payment Success","980238"
"264","Maharashtra","Construction of public toilets and bathrooms","WS/MP18119/2025-2026/163574","GADCHIROLI(DISTRICT COLLECTOR GADCHIROLI_IDA)","DR. KIRSAN NAMDEO","GADCHIROLI-CHIMUR(ST)","25-Jul-2026","SAMIR RAMKRUSHNA TAJNE","Payment Success","992595"
"265","Maharashtra","Construction of roads, link roads, pathways or any other road with or without drainage system","WS/MP18119/2025-2026/163575","GADCHIROLI(DISTRICT COLLECTOR GADCHIROLI_IDA)","DR. KIRSAN NAMDEO","GADCHIROLI-CHIMUR(ST)","18-Mar-2026","ASAD SAYEED KHAN","Payment Success","992900"
"266","Maharashtra","Construction of public libraries and reading rooms","WS/MP18119/2025-2026/163395","GADCHIROLI(DISTRICT COLLECTOR GADCHIROLI_IDA)","DR. KIRSAN NAMDEO","GADCHIROLI-CHIMUR(ST)","18-Aug-2026","SAMIR RAMKRUSHNA TAJNE","Payment Success","995416"
"267","Maharashtra","Construction of public libraries and reading rooms","WS/MP18119/2025-2026/163401","GADCHIROLI(DISTRICT COLLECTOR GADCHIROLI_IDA)","DR. KIRSAN NAMDEO","GADCHIROLI-CHIMUR(ST)","16-Jan-2026","SAMIR RAMKRUSHNA TAJNE","Payment Success","1176184"
"268","Maharashtra","Construction of community centers and community halls","WS/MP18119/2025-2026/163402","GADCHIROLI(DISTRICT COLLECTOR GADCHIROLI_IDA)","DR. KIRSAN NAMDEO","GADCHIROLI-CHIMUR(ST)","16-Jan-2026","SAMIR RAMKRUSHNA TAJNE","Payment Success","978950"
"269","Maharashtra","Construction of roads, link roads, pathways or any other road with or without drainage system","WS/MP18369/2026-2027/295300","YAVATMAL(DISTRICT COLLECTOR YAVATMAL_IDA)","Sanjay Uttamrao Deshmukh","YAVATMAL-WASHIM","20-Jul-2026","PRAVIN GANESHRAO PARANDE","Payment Success","980871"
"270","Maharashtra","Construction of roads, link roads, pathways or any other road with or without drainage system","WS/MP18369/2025-2026/240011","YAVATMAL(DISTRICT COLLECTOR YAVATMAL_IDA)","Sanjay Uttamrao Deshmukh","YAVATMAL-WASHIM","06-Feb-2026","SECRETARY G.P. NAYGAON","Payment Success","976825"
"271","Maharashtra","Construction of roads, link roads, pathways or any other road with or without drainage system","WS/MP18369/2025-2026/240012","YAVATMAL(DISTRICT COLLECTOR YAVATMAL_IDA)","Sanjay Uttamrao Deshmukh","YAVATMAL-WASHIM","19-Mar-2026","GRAMIN PANI PURWATHA","Payment Success","974910"
"272","Maharashtra","Construction of roads, link roads, pathways or any other road with or without drainage system","WS/MP18122/2025-2026/184089","Chhatrapati Sambhajinagar(DISTRICT COLLECTOR AURANGABAD_IDA)","KALYAN VAIJINATHRAO KALE","JALNA","24-Mar-2026","PRATIBHA M S S LTD","Payment Success","970505"
"273","Maharashtra","Construction of roads, link roads, pathways or any other road with or without drainage system","WS/MP18122/2025-2026/173945","Chhatrapati Sambhajinagar(DISTRICT COLLECTOR AURANGABAD_IDA)","KALYAN VAIJINATHRAO KALE","JALNA","14-Jul-2026","JAI SANTOSHI MATA MSS LTD CHH SAMBHAJINAGAR","Payment Success","999563"
"274","Maharashtra","Construction of roads, link roads, pathways or any other road with or without drainage system","WS/MP18122/2025-2026/173947","Chhatrapati Sambhajinagar(DISTRICT COLLECTOR AURANGABAD_IDA)","KALYAN VAIJINATHRAO KALE","JALNA","22-Jan-2026","AMOL BADRINARAYAN KALASKAR","Payment Success","1000000"
"275","Maharashtra","Construction of roads, link roads, pathways or any other road with or without drainage system","WS/MP18122/2025-2026/173942","Chhatrapati Sambhajinagar(DISTRICT COLLECTOR AURANGABAD_IDA)","KALYAN VAIJINATHRAO KALE","JALNA","20-Dec-2025","CH GAJANAN MSS LTD","Payment Success","999205"
"276","Maharashtra","Construction of roads, link roads, pathways or any other road with or without drainage system","WS/MP18122/2025-2026/175364","Chhatrapati Sambhajinagar(DISTRICT COLLECTOR AURANGABAD_IDA)","KALYAN VAIJINATHRAO KALE","JALNA","13-Feb-2026","AKSHAY BHASKAR GAIKWAD","Payment Success","500000"
"277","Maharashtra","Construction of community centers and community halls","WS/MP18122/2025-2026/175365","Chhatrapati Sambhajinagar(DISTRICT COLLECTOR AURANGABAD_IDA)","KALYAN VAIJINATHRAO KALE","JALNA","13-Feb-2026","AKSHAY BHASKAR GAIKWAD","Payment Success","1000000"
"278","Maharashtra","Development of public parks","WS/MP18122/2025-2026/175369","Chhatrapati Sambhajinagar(DISTRICT COLLECTOR AURANGABAD_IDA)","KALYAN VAIJINATHRAO KALE","JALNA","17-Dec-2025","ARTI KALYAN AUTADE","Payment Success","1000000"
"279","Maharashtra","Construction of roads, link roads, pathways or any other road with or without drainage system","WS/MP18122/2025-2026/175370","Chhatrapati Sambhajinagar(DISTRICT COLLECTOR AURANGABAD_IDA)","KALYAN VAIJINATHRAO KALE","JALNA","01-Jul-2025","SHAIKH AMER ANWAR","Payment Success","1000000"
"280","Maharashtra","Construction of roads, link roads, pathways or any other road with or without drainage system","WS/MP18122/2025-2026/176399","Chhatrapati Sambhajinagar(DISTRICT COLLECTOR AURANGABAD_IDA)","KALYAN VAIJINATHRAO KALE","JALNA","10-Sep-2025","SHIVANAND JANARDHAN NAGRE","Payment Success","950247"
"281","Maharashtra","Construction of roads, link roads, pathways or any other road with or without drainage system","WS/MP18122/2025-2026/173902","Chhatrapati Sambhajinagar(DISTRICT COLLECTOR AURANGABAD_IDA)","KALYAN VAIJINATHRAO KALE","JALNA","26-Mar-2026","HIVRA M S S LTD CHHATRAPATI SAMBHAJINAGAR","Payment Success","989809"
"282","Maharashtra","Construction of community centers and community halls","WS/MP18113/2026-2027/202128","Chhatrapati Sambhajinagar(DISTRICT COLLECTOR AURANGABAD_IDA)","BHUMARE SANDIPANRAO ASARAM","AURANGABAD_MH","18-May-2026","SAMAY SACHIN KASLIWAL","Payment Success","924462"
"283","Maharashtra","Construction of community centers and community halls","WS/MP18113/2025-2026/162518","Chhatrapati Sambhajinagar(DISTRICT COLLECTOR AURANGABAD_IDA)","BHUMARE SANDIPANRAO ASARAM","AURANGABAD_MH","12-Jun-2025","SUYASH VISHNU MITKAR","Payment Success","1491921"
"284","Maharashtra","Construction of roads, link roads, pathways or any other road with or without drainage system","WS/MP18122/2025-2026/225414","Chhatrapati Sambhajinagar(DISTRICT COLLECTOR AURANGABAD_IDA)","KALYAN VAIJINATHRAO KALE","JALNA","04-Jan-2026","AMOL BADRINARAYAN KALASKAR","Payment Success","999000"
"285","Maharashtra","Construction of roads, link roads, pathways or any other road with or without drainage system","WS/MP18122/2025-2026/225415","Chhatrapati Sambhajinagar(DISTRICT COLLECTOR AURANGABAD_IDA)","KALYAN VAIJINATHRAO KALE","JALNA","04-Jan-2026","AMOL BADRINARAYAN KALASKAR","Payment Success","999000"
"286","Maharashtra","Development of public parks","WS/MP18113/2025-2026/219691","Chhatrapati Sambhajinagar(DISTRICT COLLECTOR AURANGABAD_IDA)","BHUMARE SANDIPANRAO ASARAM","AURANGABAD_MH","30-Dec-2025","CH JAWAHAR M S S LTD CHH SAMBHAJINAGAR","Payment Success","999000"
"287","Maharashtra","Construction of community centers and community halls","WS/MP18114/2026-2027/247796","BEED(DISTRICT COLLECTOR BEED_IDA)","BAJRANG MANOHAR SONWANE","BEED","14-Aug-2026","mohini anil bhise","Payment Success","992383"
"288","Maharashtra","Construction of community centers and community halls","WS/MP18114/2026-2027/247799","BEED(DISTRICT COLLECTOR BEED_IDA)","BAJRANG MANOHAR SONWANE","BEED","14-Aug-2026","mohini anil bhise","Payment Success","993302"
"289","Maharashtra","Construction of boundary walls of existing public and community buildings","WS/MP18114/2026-2027/247816","BEED(DISTRICT COLLECTOR BEED_IDA)","BAJRANG MANOHAR SONWANE","BEED","22-Jul-2026","mohini anil bhise","Payment Success","995413"
"290","Maharashtra","Construction of community centers and community halls","WS/MP18114/2025-2026/157616","BEED(DISTRICT COLLECTOR BEED_IDA)","BAJRANG MANOHAR SONWANE","BEED","29-Jan-2026","Hosabai Mahila Majoor Sahakari Sanstha Limited Sarni Aa","Payment Success","996888"
"291","Maharashtra","Construction of community centers and community halls","WS/MP18114/2025-2026/157622","BEED(DISTRICT COLLECTOR BEED_IDA)","BAJRANG MANOHAR SONWANE","BEED","18-Dec-2025","UDDHAVRAO PATIL MAJUR SAHKARI SANSTHA","Payment Success","994717"
"292","Maharashtra","Construction of community centers and community halls","WS/MP18114/2026-2027/227486","BEED(DISTRICT COLLECTOR BEED_IDA)","BAJRANG MANOHAR SONWANE","BEED","26-May-2026","MAHALAXMI MAJUR SAHKARI SANSTHA","Payment Success","999466"
"293","Maharashtra","Construction of community centers and community halls","WS/MP18114/2026-2027/227487","BEED(DISTRICT COLLECTOR BEED_IDA)","BAJRANG MANOHAR SONWANE","BEED","22-Aug-2026","AJINKYA YODDHA MAJOOR SAHAKARI SANSTHA M KAIJ","Payment Success","996401"
"294","Maharashtra","Construction of community centers and community halls","WS/MP18114/2025-2026/157436","BEED(DISTRICT COLLECTOR BEED_IDA)","BAJRANG MANOHAR SONWANE","BEED","01-Jan-2026","Hosabai Mahila Majoor Sahakari Sanstha Limited Sarni Aa","Payment Success","898906"
"295","Maharashtra","Construction of community centers and community halls","WS/MP18114/2025-2026/157437","BEED(DISTRICT COLLECTOR BEED_IDA)","BAJRANG MANOHAR SONWANE","BEED","16-Sep-2025","UDDHAVRAO PATIL MAJUR SAHKARI SANSTHA","Payment Success","999366"
"296","Maharashtra","Construction of community centers and community halls","WS/MP18114/2025-2026/157438","BEED(DISTRICT COLLECTOR BEED_IDA)","BAJRANG MANOHAR SONWANE","BEED","28-Mar-2026","Hosabai Mahila Majoor Sahakari Sanstha Limited Sarni Aa","Payment Success","999556"
"297","Maharashtra","Construction of community centers and community halls","WS/MP18114/2025-2026/157440","BEED(DISTRICT COLLECTOR BEED_IDA)","BAJRANG MANOHAR SONWANE","BEED","08-Oct-2025","MAGASWARGIYA KARUNA MAJOOR SAHAKARI","Payment Success","999084"
"298","Maharashtra","Construction of community centers and community halls","WS/MP18114/2025-2026/157446","BEED(DISTRICT COLLECTOR BEED_IDA)","BAJRANG MANOHAR SONWANE","BEED","29-Jan-2026","Hosabai Mahila Majoor Sahakari Sanstha Limited Sarni Aa","Payment Success","994001"
"299","Maharashtra","Construction of community centers and community halls","WS/MP18114/2025-2026/157447","BEED(DISTRICT COLLECTOR BEED_IDA)","BAJRANG MANOHAR SONWANE","BEED","11-Dec-2025","UDDHAVRAO PATIL MAJUR SAHKARI SANSTHA","Payment Success","995218"
"300","Maharashtra","Construction of community centers and community halls","WS/MP18114/2025-2026/157450","BEED(DISTRICT COLLECTOR BEED_IDA)","BAJRANG MANOHAR SONWANE","BEED","14-Aug-2025","MAGASWARGIYA KARUNA MAJOOR SAHAKARI","Payment Success","995532"
"301","Maharashtra","Construction of community centers and community halls","WS/MP18114/2025-2026/157452","BEED(DISTRICT COLLECTOR BEED_IDA)","BAJRANG MANOHAR SONWANE","BEED","17-Mar-2026","UDDHAVRAO PATIL MAJUR SAHKARI SANSTHA","Payment Success","997293"
"302","Maharashtra","Construction of community centers and community halls","WS/MP18114/2026-2027/157453","BEED(DISTRICT COLLECTOR BEED_IDA)","BAJRANG MANOHAR SONWANE","BEED","23-Jun-2026","Hosabai Mahila Majoor Sahakari Sanstha Limited Sarni Aa","Payment Success","997213"
"303","Maharashtra","Construction of community centers and community halls","WS/MP18114/2025-2026/157454","BEED(DISTRICT COLLECTOR BEED_IDA)","BAJRANG MANOHAR SONWANE","BEED","28-Mar-2026","Hosabai Mahila Majoor Sahakari Sanstha Limited Sarni Aa","Payment Success","997785"
"304","Maharashtra","Construction of community centers and community halls","WS/MP18114/2025-2026/157456","BEED(DISTRICT COLLECTOR BEED_IDA)","BAJRANG MANOHAR SONWANE","BEED","11-Dec-2025","KUMBEPHAL SAHAKARI MAJUR SANSTHA MARYADIT KUMBEPHAL","Payment Success","995370"
"305","Maharashtra","Construction of community centers and community halls","WS/MP18114/2025-2026/157475","BEED(DISTRICT COLLECTOR BEED_IDA)","BAJRANG MANOHAR SONWANE","BEED","16-Sep-2025","MAHALAXMI MAJUR SAHKARI SANSTHA","Payment Success","998532"
"306","Maharashtra","Construction of community centers and community halls","WS/MP18114/2025-2026/157479","BEED(DISTRICT COLLECTOR BEED_IDA)","BAJRANG MANOHAR SONWANE","BEED","08-May-2025","UDDHAVRAO PATIL MAJUR SAHKARI SANSTHA","Payment Success","699468"
"307","Maharashtra","Construction of community centers and community halls","WS/MP18114/2025-2026/157481","BEED(DISTRICT COLLECTOR BEED_IDA)","BAJRANG MANOHAR SONWANE","BEED","28-Mar-2026","JIJAI MAJOOR SAHAKARI SANSTHA LTD","Payment Success","995204"
"308","Maharashtra","Construction of community centers and community halls","WS/MP18114/2025-2026/157492","BEED(DISTRICT COLLECTOR BEED_IDA)","BAJRANG MANOHAR SONWANE","BEED","04-Apr-2026","YOGESHWARI MAJOOR SAHAKARI SANSTHA LIMITED MANGWADGAON","Payment Success","995447"
"309","Maharashtra","Construction of community centers and community halls","WS/MP18114/2025-2026/157541","BEED(DISTRICT COLLECTOR BEED_IDA)","BAJRANG MANOHAR SONWANE","BEED","02-Feb-2026","Janta Majoor Sahakari Sanstha Maryadit Patoda","Payment Success","998898"
"310","Maharashtra","Construction of community centers and community halls","WS/MP18114/2025-2026/157634","BEED(DISTRICT COLLECTOR BEED_IDA)","BAJRANG MANOHAR SONWANE","BEED","28-Mar-2026","MAGASWARGIYA KARUNA MAJOOR SAHAKARI","Payment Success","996465"
"311","Maharashtra","Construction of community centers and community halls","WS/MP18114/2026-2027/157647","BEED(DISTRICT COLLECTOR BEED_IDA)","BAJRANG MANOHAR SONWANE","BEED","20-Jun-2026","AJINKYA YODDHA MAJOOR SAHAKARI SANSTHA M KAIJ","Payment Success","998710"
"312","Maharashtra","Construction of community centers and community halls","WS/MP18114/2026-2027/157648","BEED(DISTRICT COLLECTOR BEED_IDA)","BAJRANG MANOHAR SONWANE","BEED","23-Jun-2026","Hosabai Mahila Majoor Sahakari Sanstha Limited Sarni Aa","Payment Success","998740"
"313","Maharashtra","Construction of community centers and community halls","WS/MP18114/2026-2027/157654","BEED(DISTRICT COLLECTOR BEED_IDA)","BAJRANG MANOHAR SONWANE","BEED","23-Jun-2026","UDDHAVRAO PATIL MAJUR SAHKARI SANSTHA","Payment Success","998564"
"314","Maharashtra","Construction of community centers and community halls","WS/MP18114/2025-2026/157656","BEED(DISTRICT COLLECTOR BEED_IDA)","BAJRANG MANOHAR SONWANE","BEED","10-Jul-2025","MATOSHREE MAJOOR SAHAKARI SANSTHA LIMITED","Payment Success","896192"
"315","Maharashtra","Construction of community centers and community halls","WS/MP18114/2025-2026/157658","BEED(DISTRICT COLLECTOR BEED_IDA)","BAJRANG MANOHAR SONWANE","BEED","13-Feb-2026","SANDESHWAR MAJOOR SAHKARI SANSTHA","Payment Success","898526"
"316","Maharashtra","Construction of community centers and community halls","WS/MP18114/2025-2026/166003","BEED(DISTRICT COLLECTOR BEED_IDA)","BAJRANG MANOHAR SONWANE","BEED","23-Feb-2026","Dambhe Construction Company at post dhoptwadi patoda dist Beed","Payment Success","992963"
"317","Maharashtra","Construction of community centers and community halls","WS/MP18114/2025-2026/166009","BEED(DISTRICT COLLECTOR BEED_IDA)","BAJRANG MANOHAR SONWANE","BEED","04-Dec-2025","Dambhe Construction Company at post dhoptwadi patoda dist Beed","Payment Success","990214"
"318","Maharashtra","Construction of community centers and community halls","WS/MP18114/2025-2026/166011","BEED(DISTRICT COLLECTOR BEED_IDA)","BAJRANG MANOHAR SONWANE","BEED","13-Feb-2026","Dambhe Construction Company at post dhoptwadi patoda dist Beed","Payment Success","993522"
"319","Maharashtra","Construction of community centers and community halls","WS/MP18114/2025-2026/157606","BEED(DISTRICT COLLECTOR BEED_IDA)","BAJRANG MANOHAR SONWANE","BEED","13-Feb-2026","Dambhe Construction Company at post dhoptwadi patoda dist Beed","Payment Success","993784"
"320","Maharashtra","Construction of community centers and community halls","WS/MP18114/2025-2026/157610","BEED(DISTRICT COLLECTOR BEED_IDA)","BAJRANG MANOHAR SONWANE","BEED","24-Feb-2026","Ch Mauli Majur Sahkari Sanstha LTD Beed","Payment Success","999800"
"321","Maharashtra","Construction of community centers and community halls","WS/MP18114/2026-2027/157612","BEED(DISTRICT COLLECTOR BEED_IDA)","BAJRANG MANOHAR SONWANE","BEED","24-Jun-2026","SHRI GURU BANKATSWAMI MSS NEKNUR","Payment Success","699600"
"322","Maharashtra","Construction of community centers and community halls","WS/MP18114/2026-2027/227497","BEED(DISTRICT COLLECTOR BEED_IDA)","BAJRANG MANOHAR SONWANE","BEED","19-Aug-2026","Ch Balaji Majur Sahkari Sanstha Limited Kathwada","Payment Success","997184"
"323","Maharashtra","Construction of community centers and community halls","WS/MP18114/2026-2027/227498","BEED(DISTRICT COLLECTOR BEED_IDA)","BAJRANG MANOHAR SONWANE","BEED","17-Jul-2026","Ch Krantisinha Nanapatil MSS Ltd At Post Pothra Dist beed","Payment Success","999630"
"324","Maharashtra","Construction of community centers and community halls","WS/MP18114/2025-2026/157545","BEED(DISTRICT COLLECTOR BEED_IDA)","BAJRANG MANOHAR SONWANE","BEED","24-Feb-2026","Ch Chatrapaty MSS LTD Dharwanta Tq georai Dist beed","Payment Success","999600"
"325","Maharashtra","Construction of community centers and community halls","WS/MP18114/2026-2027/157625","BEED(DISTRICT COLLECTOR BEED_IDA)","BAJRANG MANOHAR SONWANE","BEED","24-Jun-2026","DHANRAJ MAJUR SAHKARI SANSTHA MARYADIT KHADKI DEOLA TQ WADWANI DIST BEED","Payment Success","998215"
"326","Maharashtra","Providing drains and gutters for public drainage","WS/MP18129/2025-2026/186051","PUNE(DISTRICT COLLECTOR PUNE_IDA)","MURLIDHAR MOHOL","PUNE","01-Aug-2025","Balaji Majur Sahkari sanstha maryadit","Payment Success","999962"
"327","Maharashtra","Construction of roads, link roads, pathways or any other road with or without drainage system","WS/MP18129/2025-2026/186052","PUNE(DISTRICT COLLECTOR PUNE_IDA)","MURLIDHAR MOHOL","PUNE","01-Aug-2025","Shriram majur sahkari sanstha maryadit","Payment Success","999965"
"328","Maharashtra","Construction of roads, link roads, pathways or any other road with or without drainage system","WS/MP18129/2025-2026/186058","PUNE(DISTRICT COLLECTOR PUNE_IDA)","MURLIDHAR MOHOL","PUNE","01-Aug-2025","Shriram majur sahkari sanstha maryadit","Payment Success","999337"
"329","Maharashtra","Construction of roads, link roads, pathways or any other road with or without drainage system","WS/MP18129/2025-2026/186060","PUNE(DISTRICT COLLECTOR PUNE_IDA)","MURLIDHAR MOHOL","PUNE","01-Aug-2025","Shriram majur sahkari sanstha maryadit","Payment Success","999812"
"330","Maharashtra","Providing drains and gutters for public drainage","WS/MP18129/2025-2026/186061","PUNE(DISTRICT COLLECTOR PUNE_IDA)","MURLIDHAR MOHOL","PUNE","09-Oct-2025","ASHOK MAJUR SAHAKARI SANSTHA LTD","Payment Success","999199"
"331","Maharashtra","Providing drains and gutters for public drainage","WS/MP18129/2025-2026/186062","PUNE(DISTRICT COLLECTOR PUNE_IDA)","MURLIDHAR MOHOL","PUNE","09-Oct-2025","ASHOK MAJUR SAHAKARI SANSTHA LTD","Payment Success","999860"
"332","Maharashtra","Construction of buildings for community cultural activities","WS/MP18129/2025-2026/186064","PUNE(DISTRICT COLLECTOR PUNE_IDA)","MURLIDHAR MOHOL","PUNE","08-Dec-2025","BHAIRAVNATH MAJUR SAH SAN KOLAMBI","Payment Success","999203"
"333","Maharashtra","Providing drains and gutters for public drainage","WS/MP18129/2025-2026/186068","PUNE(DISTRICT COLLECTOR PUNE_IDA)","MURLIDHAR MOHOL","PUNE","09-Oct-2025","MUDHAIDEVI MAJUR SAHKARI SANSTHA MARYADIT","Payment Success","999992"
"334","Maharashtra","Purchase of furniture and fixtures for educational purposes","WS/MP18129/2026-2027/186077","PUNE(DISTRICT COLLECTOR PUNE_IDA)","MURLIDHAR MOHOL","PUNE","23-Jul-2026","Suvidha Majur Sahkari Sanstha maryadit","Payment Success","971492"
"335","Maharashtra","Construction of bus-sheds or bus-stops","WS/MP18129/2026-2027/186078","PUNE(DISTRICT COLLECTOR PUNE_IDA)","MURLIDHAR MOHOL","PUNE","23-Jul-2026","PREM SAI MAJUR SAHAKARI SANSTHA MARYADIT","Payment Success","990015"
"336","Maharashtra","Construction of bus-sheds or bus-stops","WS/MP18129/2026-2027/186079","PUNE(DISTRICT COLLECTOR PUNE_IDA)","MURLIDHAR MOHOL","PUNE","23-Jul-2026","PREM SAI MAJUR SAHAKARI SANSTHA MARYADIT","Payment Success","997276"
"337","Maharashtra","Construction of bus-sheds or bus-stops","WS/MP18129/2026-2027/186080","PUNE(DISTRICT COLLECTOR PUNE_IDA)","MURLIDHAR MOHOL","PUNE","23-Jul-2026","PREM SAI MAJUR SAHAKARI SANSTHA MARYADIT","Payment Success","996555"
"338","Maharashtra","Construction of bus-sheds or bus-stops","WS/MP18129/2026-2027/186082","PUNE(DISTRICT COLLECTOR PUNE_IDA)","MURLIDHAR MOHOL","PUNE","23-Jul-2026","AMBIKA MAJOOR SAHAKARI SANSTHA MARYADIT","Payment Success","998925"
"339","Maharashtra","Construction of common work sheds/ common covered sitting area","WS/MP18129/2026-2027/186084","PUNE(DISTRICT COLLECTOR PUNE_IDA)","MURLIDHAR MOHOL","PUNE","23-Jul-2026","ASHOK MAJUR SAHAKARI SANSTHA LTD","Payment Success","994675"
"340","Maharashtra","Construction of roads, link roads, pathways or any other road with or without drainage system","WS/MP18129/2025-2026/186530","PUNE(DISTRICT COLLECTOR PUNE_IDA)","MURLIDHAR MOHOL","PUNE","01-Aug-2025","Balaji Majur Sahkari sanstha maryadit","Payment Success","999995"
"341","Maharashtra","Construction of roads, link roads, pathways or any other road with or without drainage system","WS/MP18129/2025-2026/186531","PUNE(DISTRICT COLLECTOR PUNE_IDA)","MURLIDHAR MOHOL","PUNE","01-Aug-2025","MUDHAIDEVI MAJUR SAHKARI SANSTHA MARYADIT","Payment Success","999985"
"342","Maharashtra","Construction of roads, link roads, pathways or any other road with or without drainage system","WS/MP18129/2025-2026/186532","PUNE(DISTRICT COLLECTOR PUNE_IDA)","MURLIDHAR MOHOL","PUNE","01-Aug-2025","MUDHAIDEVI MAJUR SAHKARI SANSTHA MARYADIT","Payment Success","999999"
"343","Maharashtra","Construction of roads, link roads, pathways or any other road with or without drainage system","WS/MP18129/2025-2026/186533","PUNE(DISTRICT COLLECTOR PUNE_IDA)","MURLIDHAR MOHOL","PUNE","17-Dec-2025","Suvidha Majur Sahkari Sanstha maryadit","Payment Success","999348"
"344","Maharashtra","Development of playground","WS/MP18129/2026-2027/185933","PUNE(DISTRICT COLLECTOR PUNE_IDA)","MURLIDHAR MOHOL","PUNE","23-Jul-2026","Balaji Majur Sahkari sanstha maryadit","Payment Success","999886"
"345","Maharashtra","Construction of buildings for community cultural activities","WS/MP18327/2025-2026/235510","SOLAPUR(DISTRICT COLLECTOR SOLAPUR_IDA)","PRANITI SUSHILKUMAR SHINDE","SOLAPUR(SC)","07-Apr-2026","GRAMPANCHAYAT WADALA","Payment Success","1000000"
"346","Maharashtra","Construction of bus-sheds or bus-stops","WS/MP673/2025-2026/172566","SOLAPUR(DISTRICT COLLECTOR SOLAPUR_IDA)","Omprakash Bhupalsinh Alias Pawan Rajenimbalkar","OSMANABAD","02-Feb-2026","GRAMPANCHAYAT UNDEGAON TAL BARSHI","Payment Success","291682"
"347","Maharashtra","Street lights","WS/MP18327/2025-2026/137670","SOLAPUR(DISTRICT COLLECTOR SOLAPUR_IDA)","PRANITI SUSHILKUMAR SHINDE","SOLAPUR(SC)","12-Mar-2026","RP ELECTRICALS","Payment Success","498751"
"348","Maharashtra","Construction of roads, link roads, pathways or any other road with or without drainage system","WS/MP673/2025-2026/218083","SOLAPUR(DISTRICT COLLECTOR SOLAPUR_IDA)","Omprakash Bhupalsinh Alias Pawan Rajenimbalkar","OSMANABAD","07-Mar-2026","GRAM PANCHAYAT PANDHARI","Payment Success","500000"
"349","Maharashtra","Construction of roads, link roads, pathways or any other road with or without drainage system","WS/MP18327/2026-2027/243964","SOLAPUR(DISTRICT COLLECTOR SOLAPUR_IDA)","PRANITI SUSHILKUMAR SHINDE","SOLAPUR(SC)","10-Jul-2026","SHRI GAJANAN MAJUR SAHKARI SANSTHA LTD SOLAPUR","Payment Success","987578"
"350","Maharashtra","Construction of roads, link roads, pathways or any other road with or without drainage system","WS/MP18327/2026-2027/282558","SOLAPUR(DISTRICT COLLECTOR SOLAPUR_IDA)","PRANITI SUSHILKUMAR SHINDE","SOLAPUR(SC)","27-May-2026","BHARAT M S S M WADAPUR","Payment Success","999633"
"351","Maharashtra","Construction of roads, link roads, pathways or any other road with or without drainage system","WS/MP18327/2026-2027/246151","SOLAPUR(DISTRICT COLLECTOR SOLAPUR_IDA)","PRANITI SUSHILKUMAR SHINDE","SOLAPUR(SC)","21-Jul-2026","MILAN SAHAKARI MAJUR SANSTHA MARYADIT SOLAPUR","Payment Success","997159"
"352","Maharashtra","Construction of footpaths and pedestrian ways","WS/MP18327/2026-2027/246153","SOLAPUR(DISTRICT COLLECTOR SOLAPUR_IDA)","PRANITI SUSHILKUMAR SHINDE","SOLAPUR(SC)","27-May-2026","KALIKA M S S LTD SOLAPUR","Payment Success","999752"
"353","Maharashtra","Construction of roads, link roads, pathways or any other road with or without drainage system","WS/MP18327/2026-2027/246159","SOLAPUR(DISTRICT COLLECTOR SOLAPUR_IDA)","PRANITI SUSHILKUMAR SHINDE","SOLAPUR(SC)","21-Jul-2026","MILAN SAHAKARI MAJUR SANSTHA MARYADIT SOLAPUR","Payment Success","996817"
"354","Maharashtra","Lighting of public spaces","WS/MP672/2024-2025/136731","NAGPUR(DISTRICT COLLECTOR NAGPUR_IDA)","Nitin Jairam Gadkari","NAGPUR","23-Aug-2024","Ansari Electricals","Payment Success","963514"
"355","Maharashtra","Construction of roads, link roads, pathways or any other road with or without drainage system","WS/MP18369/2026-2027/226226","YAVATMAL(DISTRICT COLLECTOR YAVATMAL_IDA)","Sanjay Uttamrao Deshmukh","YAVATMAL-WASHIM","13-Aug-2026","SHRI DEVKRUPA COMSTRUCTION COMPANY","Payment Success","487119"
"356","Maharashtra","Construction of roads, link roads, pathways or any other road with or without drainage system","WS/MP18120/2025-2026/213055","YAVATMAL(DISTRICT COLLECTOR YAVATMAL_IDA)","AASHTIKAR PATIL NAGESH BAPURAO","HINGOLI","13-Mar-2026","ANIL BAKARAM CHOPADE","Payment Success","986725"
"357","Maharashtra","Construction of roads, link roads, pathways or any other road with or without drainage system","WS/MP18369/2026-2027/226919","YAVATMAL(DISTRICT COLLECTOR YAVATMAL_IDA)","Sanjay Uttamrao Deshmukh","YAVATMAL-WASHIM","22-Jun-2026","GP KARAJGAON PANI PURAVATHA","Payment Success","729332"
"358","Maharashtra","Construction of roads, link roads, pathways or any other road with or without drainage system","WS/MP18369/2026-2027/177484","YAVATMAL(DISTRICT COLLECTOR YAVATMAL_IDA)","Sanjay Uttamrao Deshmukh","YAVATMAL-WASHIM","25-Jun-2026","ABHIJIT SUBHASH RATHOD","Payment Success","691383"
"359","Maharashtra","Construction of roads, link roads, pathways or any other road with or without drainage system","WS/MP18369/2025-2026/177485","YAVATMAL(DISTRICT COLLECTOR YAVATMAL_IDA)","Sanjay Uttamrao Deshmukh","YAVATMAL-WASHIM","05-Feb-2026","SECRETARY G.P. WAI MENDHI","Payment Success","492429"
"360","Maharashtra","Construction of roads, link roads, pathways or any other road with or without drainage system","WS/MP18369/2025-2026/187445","YAVATMAL(DISTRICT COLLECTOR YAVATMAL_IDA)","Sanjay Uttamrao Deshmukh","YAVATMAL-WASHIM","18-Nov-2025","GP SHELU KHURD","Payment Success","694759"
"361","Maharashtra","Construction of roads, link roads, pathways or any other road with or without drainage system","WS/MP18369/2025-2026/187447","YAVATMAL(DISTRICT COLLECTOR YAVATMAL_IDA)","Sanjay Uttamrao Deshmukh","YAVATMAL-WASHIM","31-Jul-2025","GP VARUD","Payment Success","484924"
"362","Maharashtra","Construction of community centers and community halls","WS/MP18120/2025-2026/189536","YAVATMAL(DISTRICT COLLECTOR YAVATMAL_IDA)","AASHTIKAR PATIL NAGESH BAPURAO","HINGOLI","16-Feb-2026","SHUBHAM VILASRAO CHAVHAN","Payment Success","991576"
"363","Maharashtra","Construction of boundary walls of existing public and community buildings","WS/MP18120/2025-2026/192247","YAVATMAL(DISTRICT COLLECTOR YAVATMAL_IDA)","AASHTIKAR PATIL NAGESH BAPURAO","HINGOLI","15-Dec-2025","GP TEMBHI","Payment Success","994395"
"364","Maharashtra","Construction of public libraries and reading rooms","WS/MP18369/2025-2026/177575","YAVATMAL(DISTRICT COLLECTOR YAVATMAL_IDA)","Sanjay Uttamrao Deshmukh","YAVATMAL-WASHIM","08-Apr-2026","SHRI DEVKRUPA COMSTRUCTION COMPANY","Payment Success","976951"
"365","Maharashtra","Construction of roads, link roads, pathways or any other road with or without drainage system","WS/MP18369/2026-2027/237749","YAVATMAL(DISTRICT COLLECTOR YAVATMAL_IDA)","Sanjay Uttamrao Deshmukh","YAVATMAL-WASHIM","22-Jun-2026","Gram Panchayat Mangaladevi","Payment Success","974999"
"366","Maharashtra","Construction of roads, link roads, pathways or any other road with or without drainage system","WS/MP18120/2026-2027/245366","YAVATMAL(DISTRICT COLLECTOR YAVATMAL_IDA)","AASHTIKAR PATIL NAGESH BAPURAO","HINGOLI","19-Jun-2026","ANIL BAKARAM CHOPADE","Payment Success","968574"
"367","Maharashtra","Construction of roads, link roads, pathways or any other road with or without drainage system","WS/MP18120/2026-2027/245367","YAVATMAL(DISTRICT COLLECTOR YAVATMAL_IDA)","AASHTIKAR PATIL NAGESH BAPURAO","HINGOLI","19-Jun-2026","ANIL BAKARAM CHOPADE","Payment Success","969475"
"368","Maharashtra","Purchase of IT systems, including hardware and software for educational purposes","WS/MP672/2026-2027/276663","NAGPUR(DISTRICT COLLECTOR NAGPUR_IDA)","Nitin Jairam Gadkari","NAGPUR","06-May-2026","Spectrum Services","Payment Success","539676"
"369","Maharashtra","Purchase of IT systems, including hardware and software for educational purposes","WS/MP672/2026-2027/276663","NAGPUR(DISTRICT COLLECTOR NAGPUR_IDA)","Nitin Jairam Gadkari","NAGPUR","06-May-2026","Shri Jaitai Enterprises Sharda Katore","Payment Success","189800"
"370","Maharashtra","Purchase of furniture and fixtures for educational purposes","WS/MP672/2025-2026/226219","NAGPUR(DISTRICT COLLECTOR NAGPUR_IDA)","Nitin Jairam Gadkari","NAGPUR","06-Apr-2026","Spectrum Services","Payment Success","9998850"
"371","Maharashtra","Construction of roads, link roads, pathways or any other road with or without drainage system","WS/MP18429/2026-2027/242460","NANDED(DISTRICT COLLECTOR NANDED_IDA)","Ravindra Vasantrao Chavan","NANDED","07-Jul-2026","SURAJ SHIVAJI SHINDE","Payment Success","493870"
"372","Maharashtra","Construction of roads, link roads, pathways or any other road with or without drainage system","WS/MP18429/2026-2027/242461","NANDED(DISTRICT COLLECTOR NANDED_IDA)","Ravindra Vasantrao Chavan","NANDED","03-Jul-2026","MS Gurukrupa Construction","Payment Success","494083"
"373","Maharashtra","Construction of roads, link roads, pathways or any other road with or without drainage system","WS/MP18429/2026-2027/242464","NANDED(DISTRICT COLLECTOR NANDED_IDA)","Ravindra Vasantrao Chavan","NANDED","07-Jul-2026","SURAJ SHIVAJI SHINDE","Payment Success","493686"
"374","Maharashtra","Construction of roads, link roads, pathways or any other road with or without drainage system","WS/MP18429/2026-2027/247111","NANDED(DISTRICT COLLECTOR NANDED_IDA)","Ravindra Vasantrao Chavan","NANDED","23-Jul-2026","Chairaman Satya Sai Majoor Sahakari Santha Maryadit Narsi","Payment Success","499122"
"375","Maharashtra","Construction of roads, link roads, pathways or any other road with or without drainage system","WS/MP18429/2026-2027/247113","NANDED(DISTRICT COLLECTOR NANDED_IDA)","Ravindra Vasantrao Chavan","NANDED","08-Jul-2026","Ch Priyadarshani Majur Sahakari Sanstha Maryadit Ratoli","Payment Success","499440"
"376","Maharashtra","Construction of roads, link roads, pathways or any other road with or without drainage system","WS/MP18130/2026-2027/280871","NAGPUR(DISTRICT COLLECTOR NAGPUR_IDA)","Shyamkumar","RAMTEK(SC)","19-May-2026","MATIN NOOR SHEIKH","Payment Success","496717"
"377","Maharashtra","Construction of community centers and community halls","WS/MP18130/2026-2027/247462","NAGPUR(DISTRICT COLLECTOR NAGPUR_IDA)","Shyamkumar","RAMTEK(SC)","08-Jul-2026","C","Payment Success","986717"
"378","Maharashtra","Construction of community centers and community halls","WS/MP18130/2026-2027/247469","NAGPUR(DISTRICT COLLECTOR NAGPUR_IDA)","Shyamkumar","RAMTEK(SC)","08-Jul-2026","GRAMPANCHAYAT LOHDONGRI","Payment Success","1188142"
"379","Maharashtra","Construction of community centers and community halls","WS/MP672/2026-2027/247099","NAGPUR(DISTRICT COLLECTOR NAGPUR_IDA)","Nitin Jairam Gadkari","NAGPUR","14-May-2026","Patel Associates","Payment Success","1965693"
"380","Maharashtra","Construction of community centers and community halls","WS/MP672/2026-2027/291742","NAGPUR(DISTRICT COLLECTOR NAGPUR_IDA)","Nitin Jairam Gadkari","NAGPUR","07-Jul-2026","Dhiraj Baba Virkhare","Payment Success","3201581"
"381","Maharashtra","Development of public parks","WS/MP672/2025-2026/256783","NAGPUR(DISTRICT COLLECTOR NAGPUR_IDA)","Nitin Jairam Gadkari","NAGPUR","06-Feb-2026","KAMLESH CONSTRUCTION","Payment Success","2347190"
"382","Maharashtra","Development of public parks","WS/MP672/2025-2026/276662","NAGPUR(DISTRICT COLLECTOR NAGPUR_IDA)","Nitin Jairam Gadkari","NAGPUR","30-Mar-2026","Bhushan Suresh Taori","Payment Success","1583723"
"383","Maharashtra","Construction of roads, link roads, pathways or any other road with or without drainage system","WS/MP672/2026-2027/215081","NAGPUR(DISTRICT COLLECTOR NAGPUR_IDA)","Nitin Jairam Gadkari","NAGPUR","14-May-2026","D M Traders","Payment Success","1203802"
"384","Maharashtra","Construction of roads, link roads, pathways or any other road with or without drainage system","WS/MP672/2026-2027/215131","NAGPUR(DISTRICT COLLECTOR NAGPUR_IDA)","Nitin Jairam Gadkari","NAGPUR","03-Jul-2026","Jeet Enterprises","Payment Success","1374996"
"385","Maharashtra","Construction of roads, link roads, pathways or any other road with or without drainage system","WS/MP672/2026-2027/215132","NAGPUR(DISTRICT COLLECTOR NAGPUR_IDA)","Nitin Jairam Gadkari","NAGPUR","24-Jul-2026","Jeet Enterprises","Payment Success","1374299"
"386","Maharashtra","Construction of roads, link roads, pathways or any other road with or without drainage system","WS/MP672/2026-2027/215133","NAGPUR(DISTRICT COLLECTOR NAGPUR_IDA)","Nitin Jairam Gadkari","NAGPUR","24-Jul-2026","Jeet Enterprises","Payment Success","1368261"
"387","Maharashtra","Construction of roads, link roads, pathways or any other road with or without drainage system","WS/MP672/2026-2027/215157","NAGPUR(DISTRICT COLLECTOR NAGPUR_IDA)","Nitin Jairam Gadkari","NAGPUR","17-Jun-2026","Pravin W Kale","Payment Success","393118"
"388","Maharashtra","Providing drains and gutters for public drainage","WS/MP672/2026-2027/215164","NAGPUR(DISTRICT COLLECTOR NAGPUR_IDA)","Nitin Jairam Gadkari","NAGPUR","17-Jun-2026","Pravin W Kale","Payment Success","775097"
"389","Maharashtra","Construction of roads, link roads, pathways or any other road with or without drainage system","WS/MP672/2026-2027/227303","NAGPUR(DISTRICT COLLECTOR NAGPUR_IDA)","Nitin Jairam Gadkari","NAGPUR","16-Jun-2026","Pravin W Kale","Payment Success","784511"
"390","Maharashtra","Construction of roads, link roads, pathways or any other road with or without drainage system","WS/MP672/2026-2027/227307","NAGPUR(DISTRICT COLLECTOR NAGPUR_IDA)","Nitin Jairam Gadkari","NAGPUR","16-Jun-2026","Sweety Construction","Payment Success","1888785"
"391","Maharashtra","Construction of roads, link roads, pathways or any other road with or without drainage system","WS/MP672/2025-2026/198594","NAGPUR(DISTRICT COLLECTOR NAGPUR_IDA)","Nitin Jairam Gadkari","NAGPUR","26-Feb-2026","Shubham Ramdas Zade","Payment Success","943737"
"392","Maharashtra","Development of playfields and sports grounds","WS/MP672/2024-2025/185160","NAGPUR(DISTRICT COLLECTOR NAGPUR_IDA)","Nitin Jairam Gadkari","NAGPUR","21-May-2025","SPORTS ORBIT EVENTS","Payment Success","992000"
"393","Maharashtra","Construction of footpaths and pedestrian ways","WS/MP672/2024-2025/172547","NAGPUR(DISTRICT COLLECTOR NAGPUR_IDA)","Nitin Jairam Gadkari","NAGPUR","17-Feb-2025","JITENDRA FOUJLAL MANE","Payment Success","955761"
"394","Maharashtra","Construction of roads, link roads, pathways or any other road with or without drainage system","WS/MP672/2024-2025/144105","NAGPUR(DISTRICT COLLECTOR NAGPUR_IDA)","Nitin Jairam Gadkari","NAGPUR","04-Oct-2024","CHITANYA CONSTRUCTION","Payment Success","458593"
"395","Maharashtra","Construction of cycle tracks, cycle stand and segregated non-motorized vehicle (NMV) lanes","WS/MP672/2025-2026/181697","NAGPUR(DISTRICT COLLECTOR NAGPUR_IDA)","Nitin Jairam Gadkari","NAGPUR","14-Nov-2025","Palash Premchand Musale","Payment Success","966539"
"396","Maharashtra","Construction of community centers and community halls","WS/MP672/2025-2026/181702","NAGPUR(DISTRICT COLLECTOR NAGPUR_IDA)","Nitin Jairam Gadkari","NAGPUR","27-Nov-2025","Nandkishor Namdeorao Thote","Payment Success","2232096"
"397","Maharashtra","Construction of roads, link roads, pathways or any other road with or without drainage system","WS/MP672/2024-2025/157636","NAGPUR(DISTRICT COLLECTOR NAGPUR_IDA)","Nitin Jairam Gadkari","NAGPUR","04-Aug-2025","Kailash Eknath Suryawanshi","Payment Success","956902"
"398","Maharashtra","Construction of additional rooms and halls in the existing public and community building","WS/MP672/2024-2025/157560","NAGPUR(DISTRICT COLLECTOR NAGPUR_IDA)","Nitin Jairam Gadkari","NAGPUR","19-Sep-2025","Kailash Eknath Suryawanshi","Payment Success","959212"
"399","Maharashtra","Purchase of IT systems, including hardware and software for educational purposes","WS/MP672/2024-2025/185152","NAGPUR(DISTRICT COLLECTOR NAGPUR_IDA)","Nitin Jairam Gadkari","NAGPUR","30-Mar-2025","Shri Jaitai Enterprises Sharda Katore","Payment Success","435000"
"400","Maharashtra","Purchase of IT systems, including hardware and software for educational purposes","WS/MP672/2024-2025/181677","NAGPUR(DISTRICT COLLECTOR NAGPUR_IDA)","Nitin Jairam Gadkari","NAGPUR","08-May-2025","Spectrum Services","Payment Success","1949760"
"401","Maharashtra","Construction of public toilets and bathrooms","WS/MP664/2026-2027/221410","MUMBAI(DISTRICT COLLECTOR MUMBAI CITY_IDA)","Arvind Ganpat Sawant","MUMBAI SOUTH","06-Apr-2026","ESHIKA  ENTERPRISES","Payment Success","2498104"
"402","Maharashtra","Construction of roads, link roads, pathways or any other road with or without drainage system","WS/MP18376/2026-2027/226525","MUMBAI(DISTRICT COLLECTOR MUMBAI CITY_IDA)","ANIL YESHWANT DESAI","MUMBAI SOUTH CENTRAL","20-May-2026","MS ANSARI SHARIQ IQBAL AHMED","Payment Success","2498104"
"403","Maharashtra","Construction of roads, link roads, pathways or any other road with or without drainage system","WS/MP18376/2026-2027/226526","MUMBAI(DISTRICT COLLECTOR MUMBAI CITY_IDA)","ANIL YESHWANT DESAI","MUMBAI SOUTH CENTRAL","20-May-2026","MS RAVI ASHOK KUNCHIKORVE","Payment Success","1598785"
"404","Maharashtra","Construction of roads, link roads, pathways or any other road with or without drainage system","WS/MP18376/2026-2027/226529","MUMBAI(DISTRICT COLLECTOR MUMBAI CITY_IDA)","ANIL YESHWANT DESAI","MUMBAI SOUTH CENTRAL","20-May-2026","MS RAVI ASHOK KUNCHIKORVE","Payment Success","1798634"
"405","Maharashtra","Construction of roads, link roads, pathways or any other road with or without drainage system","WS/MP18376/2026-2027/226530","MUMBAI(DISTRICT COLLECTOR MUMBAI CITY_IDA)","ANIL YESHWANT DESAI","MUMBAI SOUTH CENTRAL","17-Aug-2026","Ms Surya Mssm","Payment Success","1897047"
"406","Maharashtra","Construction of community centers and community halls","WS/MP664/2025-2026/146325","MUMBAI(DISTRICT COLLECTOR MUMBAI CITY_IDA)","Arvind Ganpat Sawant","MUMBAI SOUTH","17-Sep-2025","MR DEVELOPERS","Payment Success","1193715"
"407","Maharashtra","Construction of public toilets and bathrooms","WS/MP664/2025-2026/146326","MUMBAI(DISTRICT COLLECTOR MUMBAI CITY_IDA)","Arvind Ganpat Sawant","MUMBAI SOUTH","17-Sep-2025","MR DEVELOPERS","Payment Success","994762"
"408","Maharashtra","Construction of community centers and community halls","WS/MP664/2025-2026/146327","MUMBAI(DISTRICT COLLECTOR MUMBAI CITY_IDA)","Arvind Ganpat Sawant","MUMBAI SOUTH","17-Sep-2025","MR DEVELOPERS","Payment Success","1094240"
"409","Maharashtra","Providing supply pipelines for drinking water","WS/MP664/2025-2026/146328","MUMBAI(DISTRICT COLLECTOR MUMBAI CITY_IDA)","Arvind Ganpat Sawant","MUMBAI SOUTH","17-Sep-2025","Priti Infratech","Payment Success","1196940"
"410","Maharashtra","Construction of community centers and community halls","WS/MP664/2025-2026/146329","MUMBAI(DISTRICT COLLECTOR MUMBAI CITY_IDA)","Arvind Ganpat Sawant","MUMBAI SOUTH","17-Sep-2025","Priti Infratech","Payment Success","1246813"
"411","Maharashtra","Construction of community centers and community halls","WS/MP664/2025-2026/146330","MUMBAI(DISTRICT COLLECTOR MUMBAI CITY_IDA)","Arvind Ganpat Sawant","MUMBAI SOUTH","17-Sep-2025","Priti Infratech","Payment Success","1496175"
"412","Maharashtra","Construction of community centers and community halls","WS/MP664/2025-2026/146335","MUMBAI(DISTRICT COLLECTOR MUMBAI CITY_IDA)","Arvind Ganpat Sawant","MUMBAI SOUTH","17-Sep-2025","Jayant Constructions","Payment Success","1494831"
"413","Maharashtra","Construction of community centers and community halls","WS/MP664/2025-2026/146362","MUMBAI(DISTRICT COLLECTOR MUMBAI CITY_IDA)","Arvind Ganpat Sawant","MUMBAI SOUTH","17-Sep-2025","BHUDEV CONSTRUCTION","Payment Success","1093255"
"414","Maharashtra","Construction of community centers and community halls","WS/MP664/2025-2026/146363","MUMBAI(DISTRICT COLLECTOR MUMBAI CITY_IDA)","Arvind Ganpat Sawant","MUMBAI SOUTH","17-Sep-2025","BHUDEV CONSTRUCTION","Payment Success","1590188"
"415","Maharashtra","Construction of roads, link roads, pathways or any other road with or without drainage system","WS/MP664/2025-2026/146364","MUMBAI(DISTRICT COLLECTOR MUMBAI CITY_IDA)","Arvind Ganpat Sawant","MUMBAI SOUTH","17-Sep-2025","MR DEVELOPERS","Payment Success","994762"
"416","Maharashtra","Construction of community centers and community halls","WS/MP664/2025-2026/146365","MUMBAI(DISTRICT COLLECTOR MUMBAI CITY_IDA)","Arvind Ganpat Sawant","MUMBAI SOUTH","17-Sep-2025","MR DEVELOPERS","Payment Success","2089002"
"417","Maharashtra","Construction of community centers and community halls","WS/MP664/2025-2026/146367","MUMBAI(DISTRICT COLLECTOR MUMBAI CITY_IDA)","Arvind Ganpat Sawant","MUMBAI SOUTH","17-Sep-2025","Priti Infratech","Payment Success","2094646"
"418","Maharashtra","Construction of community centers and community halls","WS/MP664/2025-2026/146368","MUMBAI(DISTRICT COLLECTOR MUMBAI CITY_IDA)","Arvind Ganpat Sawant","MUMBAI SOUTH","17-Sep-2025","Priti Infratech","Payment Success","1795410"
"419","Maharashtra","Providing supply pipelines for drinking water","WS/MP664/2026-2027/146582","MUMBAI(DISTRICT COLLECTOR MUMBAI CITY_IDA)","Arvind Ganpat Sawant","MUMBAI SOUTH","18-May-2026","AKSHIT ENTERPRISES","Payment Success","1996493"
"420","Maharashtra","Construction of community centers and community halls","WS/MP664/2026-2027/146583","MUMBAI(DISTRICT COLLECTOR MUMBAI CITY_IDA)","Arvind Ganpat Sawant","MUMBAI SOUTH","18-May-2026","AKSHIT ENTERPRISES","Payment Success","2495616"
"421","Maharashtra","Construction of community centers and community halls","WS/MP664/2026-2027/146584","MUMBAI(DISTRICT COLLECTOR MUMBAI CITY_IDA)","Arvind Ganpat Sawant","MUMBAI SOUTH","18-May-2026","MAGAN CONSTRUCTION CO","Payment Success","1996890"
"422","Maharashtra","Development of playground","WS/MP664/2026-2027/146585","MUMBAI(DISTRICT COLLECTOR MUMBAI CITY_IDA)","Arvind Ganpat Sawant","MUMBAI SOUTH","18-May-2026","MAGAN CONSTRUCTION CO","Payment Success","1497667"
"423","Maharashtra","Construction of roads, link roads, pathways or any other road with or without drainage system","WS/MP18130/2026-2027/216598","NAGPUR(DISTRICT COLLECTOR NAGPUR_IDA)","Shyamkumar","RAMTEK(SC)","08-Jul-2026","GRAMPANCHYAT SONEGHAT","Payment Success","993385"
"424","Maharashtra","Construction of community centers and community halls","WS/MP18130/2025-2026/253453","NAGPUR(DISTRICT COLLECTOR NAGPUR_IDA)","Shyamkumar","RAMTEK(SC)","23-Dec-2025","grampanchayat chanakapur","Payment Success","981253"
"425","Maharashtra","Construction of community centers and community halls","WS/MP18115/2026-2027/186428","BHANDARA(DISTRICT COLLECTOR BHANDARA_IDA)","DR. PRASHANT YADAORAO PADOLE","BHANDARA-GONDIYA","17-Jul-2026","GRAN PANCHAYAT KORAMBHI","Payment Success","700000"
"426","Maharashtra","Construction of community centers and community halls","WS/MP18115/2026-2027/186433","BHANDARA(DISTRICT COLLECTOR BHANDARA_IDA)","DR. PRASHANT YADAORAO PADOLE","BHANDARA-GONDIYA","02-Jul-2026","GRAM PANCHAYAT BAMHANI","Payment Success","699522"
"427","Maharashtra","Construction of roads, link roads, pathways or any other road with or without drainage system","WS/MP18115/2026-2027/186434","BHANDARA(DISTRICT COLLECTOR BHANDARA_IDA)","DR. PRASHANT YADAORAO PADOLE","BHANDARA-GONDIYA","02-Jul-2026","GRAMPANCHAYAT KHAIRI DIWAN","Payment Success","700000"
"428","Maharashtra","Construction of roads, link roads, pathways or any other road with or without drainage system","WS/MP18115/2026-2027/186437","BHANDARA(DISTRICT COLLECTOR BHANDARA_IDA)","DR. PRASHANT YADAORAO PADOLE","BHANDARA-GONDIYA","02-Jul-2026","GRAM PANCHAYAT NIGHAVI","Payment Success","700000"
"429","Maharashtra","Construction of community centers and community halls","WS/MP18115/2026-2027/186439","BHANDARA(DISTRICT COLLECTOR BHANDARA_IDA)","DR. PRASHANT YADAORAO PADOLE","BHANDARA-GONDIYA","02-Jul-2026","GRAM PANCHAYAT PAHUNI","Payment Success","700000"
"430","Maharashtra","Construction of community centers and community halls","WS/MP18115/2026-2027/186442","BHANDARA(DISTRICT COLLECTOR BHANDARA_IDA)","DR. PRASHANT YADAORAO PADOLE","BHANDARA-GONDIYA","17-Jul-2026","GRAM PANCHAYAT MALIDA","Payment Success","700000"
"431","Maharashtra","Construction of community centers and community halls","WS/MP18115/2026-2027/186454","BHANDARA(DISTRICT COLLECTOR BHANDARA_IDA)","DR. PRASHANT YADAORAO PADOLE","BHANDARA-GONDIYA","02-Jul-2026","GRAM PANCHAYAT CHANDORI","Payment Success","699547"
"432","Maharashtra","Construction of roads, link roads, pathways or any other road with or without drainage system","WS/MP18115/2025-2026/186458","BHANDARA(DISTRICT COLLECTOR BHANDARA_IDA)","DR. PRASHANT YADAORAO PADOLE","BHANDARA-GONDIYA","21-Mar-2026","GRAM PANCHAYAT PAHUNGAON","Payment Success","697398"
"433","Maharashtra","Construction of roads, link roads, pathways or any other road with or without drainage system","WS/MP18115/2025-2026/186471","BHANDARA(DISTRICT COLLECTOR BHANDARA_IDA)","DR. PRASHANT YADAORAO PADOLE","BHANDARA-GONDIYA","27-Feb-2026","GRAM PANCHAYAT SAMANYA FUND","Payment Success","697787"
"434","Maharashtra","Construction of community centers and community halls","WS/MP18115/2026-2027/186475","BHANDARA(DISTRICT COLLECTOR BHANDARA_IDA)","DR. PRASHANT YADAORAO PADOLE","BHANDARA-GONDIYA","06-Jul-2026","GRAM PANCHAYAT SARANDI","Payment Success","699113"
"435","Maharashtra","Construction of boundary walls of existing public and community buildings","WS/MP18115/2025-2026/186476","BHANDARA(DISTRICT COLLECTOR BHANDARA_IDA)","DR. PRASHANT YADAORAO PADOLE","BHANDARA-GONDIYA","27-Feb-2026","SAMANYA NIDHI GRAMPANCHAYAT GUNTHARA","Payment Success","697396"
"436","Maharashtra","Construction of roads, link roads, pathways or any other road with or without drainage system","WS/MP18115/2025-2026/186488","BHANDARA(DISTRICT COLLECTOR BHANDARA_IDA)","DR. PRASHANT YADAORAO PADOLE","BHANDARA-GONDIYA","21-Mar-2026","GRAMNIDHI GRAMPANCHAYAT BHOJAPUR","Payment Success","687408"
"437","Maharashtra","Construction of roads, link roads, pathways or any other road with or without drainage system","WS/MP18115/2026-2027/186492","BHANDARA(DISTRICT COLLECTOR BHANDARA_IDA)","DR. PRASHANT YADAORAO PADOLE","BHANDARA-GONDIYA","17-Jul-2026","GRAM PANCHAYAT KANHALGAON","Payment Success","697459"
"438","Maharashtra","Construction of roads, link roads, pathways or any other road with or without drainage system","WS/MP18115/2026-2027/186493","BHANDARA(DISTRICT COLLECTOR BHANDARA_IDA)","DR. PRASHANT YADAORAO PADOLE","BHANDARA-GONDIYA","11-Apr-2026","SANJAY B M K SAH SANSTHA PARASTOLA","Payment Success","299649"
"439","Maharashtra","Construction of boundary walls of existing public and community buildings","WS/MP18115/2025-2026/186494","BHANDARA(DISTRICT COLLECTOR BHANDARA_IDA)","DR. PRASHANT YADAORAO PADOLE","BHANDARA-GONDIYA","21-Mar-2026","GRAM PANCHAYAT CHANDORI","Payment Success","497428"
"440","Maharashtra","Construction of community centers and community halls","WS/MP18429/2026-2027/244565","NANDED(DISTRICT COLLECTOR NANDED_IDA)","Ravindra Vasantrao Chavan","NANDED","07-Jul-2026","Giridhar Digambar PatilDakore","Payment Success","1975637"
"441","Maharashtra","Construction of roads, link roads, pathways or any other road with or without drainage system","WS/MP18429/2026-2027/245247","NANDED(DISTRICT COLLECTOR NANDED_IDA)","Ravindra Vasantrao Chavan","NANDED","01-Jul-2026","JAY HAMUNAN MAJUR SAHAKARI SANTHA MARYADIT","Payment Success","497978"
"442","Maharashtra","Construction of roads, link roads, pathways or any other road with or without drainage system","WS/MP18429/2026-2027/243637","NANDED(DISTRICT COLLECTOR NANDED_IDA)","Ravindra Vasantrao Chavan","NANDED","07-Aug-2026","Ms B B Construction","Payment Success","998344"
"443","Maharashtra","Construction of roads, link roads, pathways or any other road with or without drainage system","WS/MP18429/2026-2027/248059","NANDED(DISTRICT COLLECTOR NANDED_IDA)","Ravindra Vasantrao Chavan","NANDED","07-Jul-2026","SURAJ SHIVAJI SHINDE","Payment Success","493811"
"444","Maharashtra","Construction of roads, link roads, pathways or any other road with or without drainage system","WS/MP18429/2026-2027/243633","NANDED(DISTRICT COLLECTOR NANDED_IDA)","Ravindra Vasantrao Chavan","NANDED","01-Jul-2026","Ch Priyadarshani Majur Sahakari Sanstha Maryadit Ratoli","Payment Success","498675"
"445","Maharashtra","Construction of roads, link roads, pathways or any other road with or without drainage system","WS/MP18429/2026-2027/243634","NANDED(DISTRICT COLLECTOR NANDED_IDA)","Ravindra Vasantrao Chavan","NANDED","05-Aug-2026","GRAM PANCHAYAT KARYALAY HANGARGA TQ NAIGAON","Payment Success","695903"
"446","Maharashtra","Construction of roads, link roads, pathways or any other road with or without drainage system","WS/MP18429/2025-2026/243635","NANDED(DISTRICT COLLECTOR NANDED_IDA)","Ravindra Vasantrao Chavan","NANDED","02-Mar-2026","GRAM PANCHAYAT TAKALI BRU  NAIGOAN","Payment Success","497601"
"447","Maharashtra","Street lights","WS/MP18429/2026-2027/242119","NANDED(DISTRICT COLLECTOR NANDED_IDA)","Ravindra Vasantrao Chavan","NANDED","10-Aug-2026","SWAMI NARENDRA ELECTRICAL","Payment Success","499947"
"448","Maharashtra","Construction of roads, link roads, pathways or any other road with or without drainage system","WS/MP18429/2026-2027/245249","NANDED(DISTRICT COLLECTOR NANDED_IDA)","Ravindra Vasantrao Chavan","NANDED","20-Jul-2026","GRAM PANCHAYAT BARHALI TQ MUKHED","Payment Success","996000"
"449","Maharashtra","Construction of roads, link roads, pathways or any other road with or without drainage system","WS/MP18429/2026-2027/245668","NANDED(DISTRICT COLLECTOR NANDED_IDA)","Ravindra Vasantrao Chavan","NANDED","06-Apr-2026","GRAM PANCHAYAT CHIKANA TQ DHARMABAD","Payment Success","496040"
"450","Maharashtra","Construction of community centers and community halls","WS/MP18429/2026-2027/245679","NANDED(DISTRICT COLLECTOR NANDED_IDA)","Ravindra Vasantrao Chavan","NANDED","02-Jul-2026","GRAM PANCHAYAT GOLEGOAN TQ NAIGAON","Payment Success","696912"
"451","Maharashtra","Construction of buildings for community cultural activities","WS/MP18132/2025-2026/205459","SANGLI(DISTRICT COLLECTOR SANGLI_IDA)","VISHAL","SANGLI","06-Aug-2026","VASANTDADA PATIL MAJUR SAHAKARI SOCIETY LTD DHAVALESHWAR","Payment Success","999994"
"452","Maharashtra","Construction of roads, link roads, pathways or any other road with or without drainage system","WS/	 MP667/2025-2026/218308","SANGLI(DISTRICT COLLECTOR SANGLI_IDA)","Dhairyasheel Sambhajirao Mane","HATKANANGLE","27-Jul-2026","VINAYAK ANANDRAV INGAVLE","Payment Success","1000000"
"453","Maharashtra","Construction of roads, link roads, pathways or any other road with or without drainage system","WS/MP18132/2025-2026/189855","SANGLI(DISTRICT COLLECTOR SANGLI_IDA)","VISHAL","SANGLI","08-Jan-2026","VIKRAM RAJENDRA YAMGAR","Payment Success","991237"
"454","Maharashtra","Construction of roads, link roads, pathways or any other road with or without drainage system","WS/MP18132/2025-2026/189856","SANGLI(DISTRICT COLLECTOR SANGLI_IDA)","VISHAL","SANGLI","07-Apr-2026","NISHA CONST PROP MACHINDRA M PUJARI","Payment Success","1000000"
"455","Maharashtra","Street lights","WS/MP18134/2025-2026/177379","Ahilyanagar(DISTRICT COLLECTOR AHMEDNAGAR_IDA)","BHAUSAHEB RAJARAM WAKCHAURE","SHIRDI(SC)","10-Mar-2026","GOVIND ELECTRICALS","Payment Success","793850"
"456","Maharashtra","Construction of roads, link roads, pathways or any other road with or without drainage system","WS/MP18131/2025-2026/188624","SINDHUDURG(DISTRICT COLLECTOR SINDHUDURG_IDA)","NARAYAN TATU RANE","RATNAGIRI-SINDHUDURG","29-Jan-2026","Manoj Madhukar Waingankar","Payment Success","600000"
"457","Maharashtra","Construction of roads, link roads, pathways or any other road with or without drainage system","WS/MP18131/2025-2026/188625","SINDHUDURG(DISTRICT COLLECTOR SINDHUDURG_IDA)","NARAYAN TATU RANE","RATNAGIRI-SINDHUDURG","29-Jan-2026","Manoj Madhukar Waingankar","Payment Success","766000"
"458","Maharashtra","Construction of roads, link roads, pathways or any other road with or without drainage system","WS/MP18131/2025-2026/188626","SINDHUDURG(DISTRICT COLLECTOR SINDHUDURG_IDA)","NARAYAN TATU RANE","RATNAGIRI-SINDHUDURG","29-Jan-2026","Manoj Madhukar Waingankar","Payment Success","692000"
"459","Maharashtra","Construction of community centers and community halls","WS/MP673/2025-2026/147093","SOLAPUR(DISTRICT COLLECTOR SOLAPUR_IDA)","Omprakash Bhupalsinh Alias Pawan Rajenimbalkar","OSMANABAD","02-Sep-2025","CH JAIKISAN MAJUR SAHAKARI SANTSHA LTD IRLE","Payment Success","699164"
"460","Maharashtra","Construction of community centers and community halls","WS/MP18327/2026-2027/241888","SOLAPUR(DISTRICT COLLECTOR SOLAPUR_IDA)","PRANITI SUSHILKUMAR SHINDE","SOLAPUR(SC)","15-Jul-2026","Rushikesh Bharat Gund","Payment Success","994800"
"461","Maharashtra","Construction of roads, link roads, pathways or any other road with or without drainage system","WS/MP673/2026-2027/193060","SOLAPUR(DISTRICT COLLECTOR SOLAPUR_IDA)","Omprakash Bhupalsinh Alias Pawan Rajenimbalkar","OSMANABAD","29-Jun-2026","HANUMAN MAJUR SAH STY GADEGAON","Payment Success","498172"
"462","Maharashtra","Lighting of public spaces","WS/MP18280/2025-2026/186636","SOLAPUR(DISTRICT COLLECTOR SOLAPUR_IDA)","MOHITE PATIL DHAIRYASHEEL RAJSINH","MADHA","11-Mar-2026","Seva Engineers Solapur","Payment Success","215332"
"463","Maharashtra","Lighting of public spaces","WS/MP18280/2025-2026/186637","SOLAPUR(DISTRICT COLLECTOR SOLAPUR_IDA)","MOHITE PATIL DHAIRYASHEEL RAJSINH","MADHA","04-Mar-2026","ABHIJEET AGENCIES SOLAPUR","Payment Success","215332"
"464","Maharashtra","Lighting of public spaces","WS/MP18280/2025-2026/186638","SOLAPUR(DISTRICT COLLECTOR SOLAPUR_IDA)","MOHITE PATIL DHAIRYASHEEL RAJSINH","MADHA","04-Mar-2026","ABHIJEET AGENCIES SOLAPUR","Payment Success","215332"
"465","Maharashtra","Lighting of public spaces","WS/MP18280/2025-2026/186639","SOLAPUR(DISTRICT COLLECTOR SOLAPUR_IDA)","MOHITE PATIL DHAIRYASHEEL RAJSINH","MADHA","04-Mar-2026","ABHIJEET AGENCIES SOLAPUR","Payment Success","215332"
"466","Maharashtra","Lighting of public spaces","WS/MP18280/2025-2026/186712","SOLAPUR(DISTRICT COLLECTOR SOLAPUR_IDA)","MOHITE PATIL DHAIRYASHEEL RAJSINH","MADHA","04-Mar-2026","ABHIJEET AGENCIES SOLAPUR","Payment Success","215332"
"467","Maharashtra","Lighting of public spaces","WS/MP18280/2025-2026/186713","SOLAPUR(DISTRICT COLLECTOR SOLAPUR_IDA)","MOHITE PATIL DHAIRYASHEEL RAJSINH","MADHA","04-Mar-2026","ABHIJEET AGENCIES SOLAPUR","Payment Success","215332"
"468","Maharashtra","Lighting of public spaces","WS/MP18280/2025-2026/186714","SOLAPUR(DISTRICT COLLECTOR SOLAPUR_IDA)","MOHITE PATIL DHAIRYASHEEL RAJSINH","MADHA","04-Mar-2026","ABHIJEET AGENCIES SOLAPUR","Payment Success","215332"
"469","Maharashtra","Lighting of public spaces","WS/MP18280/2025-2026/186715","SOLAPUR(DISTRICT COLLECTOR SOLAPUR_IDA)","MOHITE PATIL DHAIRYASHEEL RAJSINH","MADHA","28-Feb-2026","ABHIJEET AGENCIES SOLAPUR","Payment Success","215332"
"470","Maharashtra","Lighting of public spaces","WS/MP18280/2025-2026/186716","SOLAPUR(DISTRICT COLLECTOR SOLAPUR_IDA)","MOHITE PATIL DHAIRYASHEEL RAJSINH","MADHA","28-Feb-2026","ABHIJEET AGENCIES SOLAPUR","Payment Success","215332"
"471","Maharashtra","Lighting of public spaces","WS/MP18280/2025-2026/186717","SOLAPUR(DISTRICT COLLECTOR SOLAPUR_IDA)","MOHITE PATIL DHAIRYASHEEL RAJSINH","MADHA","28-Feb-2026","ABHIJEET AGENCIES SOLAPUR","Payment Success","215332"
"472","Maharashtra","Lighting of public spaces","WS/MP18280/2025-2026/187601","SOLAPUR(DISTRICT COLLECTOR SOLAPUR_IDA)","MOHITE PATIL DHAIRYASHEEL RAJSINH","MADHA","04-Mar-2026","ABHIJEET AGENCIES SOLAPUR","Payment Success","215332"
"473","Maharashtra","Lighting of public spaces","WS/MP18280/2025-2026/187602","SOLAPUR(DISTRICT COLLECTOR SOLAPUR_IDA)","MOHITE PATIL DHAIRYASHEEL RAJSINH","MADHA","04-Mar-2026","ABHIJEET AGENCIES SOLAPUR","Payment Success","215332"
"474","Maharashtra","Lighting of public spaces","WS/MP18280/2025-2026/187603","SOLAPUR(DISTRICT COLLECTOR SOLAPUR_IDA)","MOHITE PATIL DHAIRYASHEEL RAJSINH","MADHA","29-Apr-2026","ABHIJEET AGENCIES SOLAPUR","Payment Success","215332"
"475","Maharashtra","Lighting of public spaces","WS/MP18280/2025-2026/187604","SOLAPUR(DISTRICT COLLECTOR SOLAPUR_IDA)","MOHITE PATIL DHAIRYASHEEL RAJSINH","MADHA","04-Mar-2026","ABHIJEET AGENCIES SOLAPUR","Payment Success","215332"
"476","Maharashtra","Lighting of public spaces","WS/MP18280/2025-2026/187605","SOLAPUR(DISTRICT COLLECTOR SOLAPUR_IDA)","MOHITE PATIL DHAIRYASHEEL RAJSINH","MADHA","04-Mar-2026","ABHIJEET AGENCIES SOLAPUR","Payment Success","215332"
"477","Maharashtra","Lighting of public spaces","WS/MP18280/2025-2026/187606","SOLAPUR(DISTRICT COLLECTOR SOLAPUR_IDA)","MOHITE PATIL DHAIRYASHEEL RAJSINH","MADHA","28-Feb-2026","ABHIJEET AGENCIES SOLAPUR","Payment Success","215332"
"478","Maharashtra","Lighting of public spaces","WS/MP18280/2025-2026/187607","SOLAPUR(DISTRICT COLLECTOR SOLAPUR_IDA)","MOHITE PATIL DHAIRYASHEEL RAJSINH","MADHA","27-Feb-2026","ABHIJEET AGENCIES SOLAPUR","Payment Success","215332"
"479","Maharashtra","Lighting of public spaces","WS/MP18280/2025-2026/186814","SOLAPUR(DISTRICT COLLECTOR SOLAPUR_IDA)","MOHITE PATIL DHAIRYASHEEL RAJSINH","MADHA","04-Mar-2026","ABHIJEET AGENCIES SOLAPUR","Payment Success","215332"
"480","Maharashtra","Lighting of public spaces","WS/MP18280/2025-2026/186965","SOLAPUR(DISTRICT COLLECTOR SOLAPUR_IDA)","MOHITE PATIL DHAIRYASHEEL RAJSINH","MADHA","28-Feb-2026","ABHIJEET AGENCIES SOLAPUR","Payment Success","215332"
"481","Maharashtra","Lighting of public spaces","WS/MP18280/2025-2026/186966","SOLAPUR(DISTRICT COLLECTOR SOLAPUR_IDA)","MOHITE PATIL DHAIRYASHEEL RAJSINH","MADHA","04-Mar-2026","ABHIJEET AGENCIES SOLAPUR","Payment Success","215332"
"482","Maharashtra","Lighting of public spaces","WS/MP18280/2025-2026/186967","SOLAPUR(DISTRICT COLLECTOR SOLAPUR_IDA)","MOHITE PATIL DHAIRYASHEEL RAJSINH","MADHA","04-Mar-2026","ABHIJEET AGENCIES SOLAPUR","Payment Success","215332"
"483","Maharashtra","Lighting of public spaces","WS/MP18280/2025-2026/186968","SOLAPUR(DISTRICT COLLECTOR SOLAPUR_IDA)","MOHITE PATIL DHAIRYASHEEL RAJSINH","MADHA","27-Feb-2026","ABHIJEET AGENCIES SOLAPUR","Payment Success","215332"
"484","Maharashtra","Lighting of public spaces","WS/MP18280/2025-2026/186969","SOLAPUR(DISTRICT COLLECTOR SOLAPUR_IDA)","MOHITE PATIL DHAIRYASHEEL RAJSINH","MADHA","11-Mar-2026","Seva Engineers Solapur","Payment Success","215332"
"485","Maharashtra","Lighting of public spaces","WS/MP18280/2025-2026/186971","SOLAPUR(DISTRICT COLLECTOR SOLAPUR_IDA)","MOHITE PATIL DHAIRYASHEEL RAJSINH","MADHA","28-Feb-2026","ABHIJEET AGENCIES SOLAPUR","Payment Success","215332"
"486","Maharashtra","Lighting of public spaces","WS/MP18280/2025-2026/186972","SOLAPUR(DISTRICT COLLECTOR SOLAPUR_IDA)","MOHITE PATIL DHAIRYASHEEL RAJSINH","MADHA","04-Mar-2026","ABHIJEET AGENCIES SOLAPUR","Payment Success","215332"
"487","Maharashtra","Lighting of public spaces","WS/MP18280/2025-2026/186973","SOLAPUR(DISTRICT COLLECTOR SOLAPUR_IDA)","MOHITE PATIL DHAIRYASHEEL RAJSINH","MADHA","28-Feb-2026","ABHIJEET AGENCIES SOLAPUR","Payment Success","215332"
"488","Maharashtra","Lighting of public spaces","WS/MP18280/2025-2026/186974","SOLAPUR(DISTRICT COLLECTOR SOLAPUR_IDA)","MOHITE PATIL DHAIRYASHEEL RAJSINH","MADHA","04-Mar-2026","ABHIJEET AGENCIES SOLAPUR","Payment Success","215332"
"489","Maharashtra","Lighting of public spaces","WS/MP18280/2025-2026/186976","SOLAPUR(DISTRICT COLLECTOR SOLAPUR_IDA)","MOHITE PATIL DHAIRYASHEEL RAJSINH","MADHA","04-Mar-2026","ABHIJEET AGENCIES SOLAPUR","Payment Success","215332"
"490","Maharashtra","Lighting of public spaces","WS/MP18280/2025-2026/186977","SOLAPUR(DISTRICT COLLECTOR SOLAPUR_IDA)","MOHITE PATIL DHAIRYASHEEL RAJSINH","MADHA","27-Feb-2026","ABHIJEET AGENCIES SOLAPUR","Payment Success","215332"
"491","Maharashtra","Lighting of public spaces","WS/MP18280/2025-2026/186978","SOLAPUR(DISTRICT COLLECTOR SOLAPUR_IDA)","MOHITE PATIL DHAIRYASHEEL RAJSINH","MADHA","28-Feb-2026","ABHIJEET AGENCIES SOLAPUR","Payment Success","215332"
"492","Maharashtra","Lighting of public spaces","WS/MP18280/2025-2026/186979","SOLAPUR(DISTRICT COLLECTOR SOLAPUR_IDA)","MOHITE PATIL DHAIRYASHEEL RAJSINH","MADHA","04-Mar-2026","ABHIJEET AGENCIES SOLAPUR","Payment Success","215332"
"493","Maharashtra","Lighting of public spaces","WS/MP18280/2025-2026/186994","SOLAPUR(DISTRICT COLLECTOR SOLAPUR_IDA)","MOHITE PATIL DHAIRYASHEEL RAJSINH","MADHA","27-Feb-2026","ABHIJEET AGENCIES SOLAPUR","Payment Success","215332"
"494","Maharashtra","Lighting of public spaces","WS/MP18280/2025-2026/186995","SOLAPUR(DISTRICT COLLECTOR SOLAPUR_IDA)","MOHITE PATIL DHAIRYASHEEL RAJSINH","MADHA","28-Feb-2026","ABHIJEET AGENCIES SOLAPUR","Payment Success","215332"
"495","Maharashtra","Lighting of public spaces","WS/MP18280/2025-2026/186996","SOLAPUR(DISTRICT COLLECTOR SOLAPUR_IDA)","MOHITE PATIL DHAIRYASHEEL RAJSINH","MADHA","27-Feb-2026","ABHIJEET AGENCIES SOLAPUR","Payment Success","215332"
"496","Maharashtra","Lighting of public spaces","WS/MP18280/2025-2026/186997","SOLAPUR(DISTRICT COLLECTOR SOLAPUR_IDA)","MOHITE PATIL DHAIRYASHEEL RAJSINH","MADHA","27-Feb-2026","ABHIJEET AGENCIES SOLAPUR","Payment Success","215332"
"497","Maharashtra","Lighting of public spaces","WS/MP18280/2025-2026/186998","SOLAPUR(DISTRICT COLLECTOR SOLAPUR_IDA)","MOHITE PATIL DHAIRYASHEEL RAJSINH","MADHA","28-Feb-2026","ABHIJEET AGENCIES SOLAPUR","Payment Success","215332"
"498","Maharashtra","Lighting of public spaces","WS/MP18280/2025-2026/186999","SOLAPUR(DISTRICT COLLECTOR SOLAPUR_IDA)","MOHITE PATIL DHAIRYASHEEL RAJSINH","MADHA","04-Mar-2026","ABHIJEET AGENCIES SOLAPUR","Payment Success","215332"
"499","Maharashtra","Lighting of public spaces","WS/MP18280/2025-2026/162290","SOLAPUR(DISTRICT COLLECTOR SOLAPUR_IDA)","MOHITE PATIL DHAIRYASHEEL RAJSINH","MADHA","11-Mar-2026","Seva Engineers Solapur","Payment Success","215332"
"500","Maharashtra","Lighting of public spaces","WS/MP18280/2025-2026/185070","SOLAPUR(DISTRICT COLLECTOR SOLAPUR_IDA)","MOHITE PATIL DHAIRYASHEEL RAJSINH","MADHA","27-Feb-2026","ABHIJEET AGENCIES SOLAPUR","Payment Success","215332"
"501","Maharashtra","Lighting of public spaces","WS/MP18280/2025-2026/185071","SOLAPUR(DISTRICT COLLECTOR SOLAPUR_IDA)","MOHITE PATIL DHAIRYASHEEL RAJSINH","MADHA","27-Feb-2026","ABHIJEET AGENCIES SOLAPUR","Payment Success","215332"
"502","Maharashtra","Lighting of public spaces","WS/MP18280/2025-2026/185072","SOLAPUR(DISTRICT COLLECTOR SOLAPUR_IDA)","MOHITE PATIL DHAIRYASHEEL RAJSINH","MADHA","04-Mar-2026","ABHIJEET AGENCIES SOLAPUR","Payment Success","215332"
"503","Maharashtra","Construction of roads, link roads, pathways or any other road with or without drainage system","WS/MP18115/2025-2026/188849","BHANDARA(DISTRICT COLLECTOR BHANDARA_IDA)","DR. PRASHANT YADAORAO PADOLE","BHANDARA-GONDIYA","20-Feb-2026","GRAM PANCHAYAT LOBHI","Payment Success","1000000"
"504","Maharashtra","Construction of roads, link roads, pathways or any other road with or without drainage system","WS/MP18115/2026-2027/186414","BHANDARA(DISTRICT COLLECTOR BHANDARA_IDA)","DR. PRASHANT YADAORAO PADOLE","BHANDARA-GONDIYA","11-Apr-2026","GRAM PANCHAYAT KHOKARLA","Payment Success","694967"
"505","Maharashtra","Construction of roads, link roads, pathways or any other road with or without drainage system","WS/MP18429/2026-2027/242891","NANDED(DISTRICT COLLECTOR NANDED_IDA)","Ravindra Vasantrao Chavan","NANDED","16-Jul-2026","GRAM PANCHAYAT KOKALEGOAN TQ NAIGAON","Payment Success","696785"
"506","Maharashtra","Construction of roads, link roads, pathways or any other road with or without drainage system","WS/MP18429/2026-2027/242065","NANDED(DISTRICT COLLECTOR NANDED_IDA)","Ravindra Vasantrao Chavan","NANDED","30-Jun-2026","GRAM PANCHAYAT SUJLEGOAN TQ NAIGAON","Payment Success","995385"
"507","Maharashtra","Construction of roads, link roads, pathways or any other road with or without drainage system","WS/MP18429/2025-2026/242066","NANDED(DISTRICT COLLECTOR NANDED_IDA)","Ravindra Vasantrao Chavan","NANDED","06-Feb-2026","GRAM PANCHAYAT KRUSHNUR TQ NAIGAON","Payment Success","995786"
"508","Maharashtra","Street lights","WS/MP18429/2026-2027/207496","NANDED(DISTRICT COLLECTOR NANDED_IDA)","Ravindra Vasantrao Chavan","NANDED","18-Aug-2026","VED ELECTRICALS","Payment Success","499000"
"509","Maharashtra","Street lights","WS/MP18429/2026-2027/207498","NANDED(DISTRICT COLLECTOR NANDED_IDA)","Ravindra Vasantrao Chavan","NANDED","18-Aug-2026","MAROTI ELECTRICAL","Payment Success","499000"
"510","Maharashtra","Construction of roads, link roads, pathways or any other road with or without drainage system","WS/MP18429/2025-2026/223208","NANDED(DISTRICT COLLECTOR NANDED_IDA)","Ravindra Vasantrao Chavan","NANDED","18-Feb-2026","GRAM PANCHAYAT KUNTUR TQ NAIGAON","Payment Success","496574"
"511","Maharashtra","Construction of community centers and community halls","WS/MP18429/2025-2026/223681","NANDED(DISTRICT COLLECTOR NANDED_IDA)","Ravindra Vasantrao Chavan","NANDED","11-Mar-2026","GRAM PANCHAYAT KARYALAYA BERALI BK","Payment Success","998000"
"512","Maharashtra","Construction of roads, link roads, pathways or any other road with or without drainage system","WS/MP18429/2026-2027/227299","NANDED(DISTRICT COLLECTOR NANDED_IDA)","Ravindra Vasantrao Chavan","NANDED","08-Jul-2026","GRAM PANCHAYAT KARYALAY TAKBID TQ NAIGAON","Payment Success","1493374"
"513","Maharashtra","Construction of roads, link roads, pathways or any other road with or without drainage system","WS/MP18429/2026-2027/225915","NANDED(DISTRICT COLLECTOR NANDED_IDA)","Ravindra Vasantrao Chavan","NANDED","17-Jul-2026","Shubham Shankar Gaikwad","Payment Success","499908"
"514","Maharashtra","Street lights","WS/MP18429/2026-2027/212619","NANDED(DISTRICT COLLECTOR NANDED_IDA)","Ravindra Vasantrao Chavan","NANDED","22-Jun-2026","City Light Electrical And Multi Services","Payment Success","999659"
"515","Maharashtra","Construction of roads, link roads, pathways or any other road with or without drainage system","WS/MP18429/2026-2027/237859","NANDED(DISTRICT COLLECTOR NANDED_IDA)","Ravindra Vasantrao Chavan","NANDED","03-Aug-2026","Mohammed Mehrooz Farhan Md Muneer Ahmed","Payment Success","495937"
"516","Maharashtra","Lighting of public spaces","WS/MP18429/2026-2027/239006","NANDED(DISTRICT COLLECTOR NANDED_IDA)","Ravindra Vasantrao Chavan","NANDED","23-Jun-2026","City Light Electrical And Multi Services","Payment Success","1479521"
"517","Maharashtra","Lighting of public spaces","WS/MP18429/2026-2027/240743","NANDED(DISTRICT COLLECTOR NANDED_IDA)","Ravindra Vasantrao Chavan","NANDED","23-Jun-2026","City Light Electrical And Multi Services","Payment Success","1982148"
"518","Maharashtra","Construction of roads, link roads, pathways or any other road with or without drainage system","WS/MP18429/2025-2026/223139","NANDED(DISTRICT COLLECTOR NANDED_IDA)","Ravindra Vasantrao Chavan","NANDED","14-Feb-2026","Gram Panchayat Samandarwadi tq Bhokar","Payment Success","492780"
"519","Maharashtra","Construction of roads, link roads, pathways or any other road with or without drainage system","WS/MP18429/2025-2026/223140","NANDED(DISTRICT COLLECTOR NANDED_IDA)","Ravindra Vasantrao Chavan","NANDED","14-Feb-2026","Gram Panchayat Borwadi tq Bhokar","Payment Success","492775"
"520","Maharashtra","Construction of roads, link roads, pathways or any other road with or without drainage system","WS/MP18429/2025-2026/223141","NANDED(DISTRICT COLLECTOR NANDED_IDA)","Ravindra Vasantrao Chavan","NANDED","14-Feb-2026","Gram Panchayat Dorli tq Bhokar","Payment Success","985780"
"521","Maharashtra","Construction of roads, link roads, pathways or any other road with or without drainage system","WS/MP18120/2026-2027/214157","NANDED(DISTRICT COLLECTOR NANDED_IDA)","AASHTIKAR PATIL NAGESH BAPURAO","HINGOLI","03-Jul-2026","vividha vikas yojana grampanchyat mandavi","Payment Success","995277"
"522","Maharashtra","Construction of roads, link roads, pathways or any other road with or without drainage system","WS/MP18120/2026-2027/214158","NANDED(DISTRICT COLLECTOR NANDED_IDA)","AASHTIKAR PATIL NAGESH BAPURAO","HINGOLI","03-Jul-2026","vividha vikas yojana grampanchyat mandavi","Payment Success","995277"
"523","Maharashtra","Construction of community centers and community halls","WS/MP18120/2026-2027/190399","NANDED(DISTRICT COLLECTOR NANDED_IDA)","AASHTIKAR PATIL NAGESH BAPURAO","HINGOLI","13-Jul-2026","gram panchayat ghogari tq hadgaon","Payment Success","1487075"
"524","Maharashtra","Construction of roads, link roads, pathways or any other road with or without drainage system","WS/MP18120/2025-2026/193720","NANDED(DISTRICT COLLECTOR NANDED_IDA)","AASHTIKAR PATIL NAGESH BAPURAO","HINGOLI","25-Feb-2026","Vividh Vikas Yojana G P Ashti Tq Hadgaon","Payment Success","495040"
"525","Maharashtra","Construction of roads, link roads, pathways or any other road with or without drainage system","WS/MP18120/2025-2026/193721","NANDED(DISTRICT COLLECTOR NANDED_IDA)","AASHTIKAR PATIL NAGESH BAPURAO","HINGOLI","25-Feb-2026","Vividh Vikas Yojana G P Ashti Tq Hadgaon","Payment Success","495123"
"526","Maharashtra","Construction of roads, link roads, pathways or any other road with or without drainage system","WS/MP18429/2026-2027/248642","NANDED(DISTRICT COLLECTOR NANDED_IDA)","Ravindra Vasantrao Chavan","NANDED","13-Aug-2026","shubham ullewad","Payment Success","992531"
"527","Maharashtra","Construction of roads, link roads, pathways or any other road with or without drainage system","WS/MP18429/2026-2027/243636","NANDED(DISTRICT COLLECTOR NANDED_IDA)","Ravindra Vasantrao Chavan","NANDED","01-Jul-2026","Gramsevk Gramnidhi G K MokHandi tq Umri","Payment Success","990463"
"528","Maharashtra","Construction of roads, link roads, pathways or any other road with or without drainage system","WS/MP18120/2025-2026/198957","NANDED(DISTRICT COLLECTOR NANDED_IDA)","AASHTIKAR PATIL NAGESH BAPURAO","HINGOLI","16-Jan-2026","gram panchayat sapti tq hagaon","Payment Success","495904"
"529","Maharashtra","Construction of roads, link roads, pathways or any other road with or without drainage system","WS/MP18120/2025-2026/198958","NANDED(DISTRICT COLLECTOR NANDED_IDA)","AASHTIKAR PATIL NAGESH BAPURAO","HINGOLI","16-Jan-2026","gram panchayat sapti tq hagaon","Payment Success","495277"
"530","Maharashtra","Construction of roads, link roads, pathways or any other road with or without drainage system","WS/MP18120/2025-2026/198963","NANDED(DISTRICT COLLECTOR NANDED_IDA)","AASHTIKAR PATIL NAGESH BAPURAO","HINGOLI","16-Jan-2026","gram panchayat sapti tq hagaon","Payment Success","495556"
"531","Maharashtra","Construction of roads, link roads, pathways or any other road with or without drainage system","WS/MP18120/2026-2027/194822","NANDED(DISTRICT COLLECTOR NANDED_IDA)","AASHTIKAR PATIL NAGESH BAPURAO","HINGOLI","10-Aug-2026","Gram Panchayat Sirapalli Tq Himayatnagar","Payment Success","986317"
"532","Maharashtra","Construction of roads, link roads, pathways or any other road with or without drainage system","WS/MP18120/2025-2026/190403","NANDED(DISTRICT COLLECTOR NANDED_IDA)","AASHTIKAR PATIL NAGESH BAPURAO","HINGOLI","23-Dec-2025","gram panchayat chinchgavan","Payment Success","992440"
"533","Maharashtra","Construction of roads, link roads, pathways or any other road with or without drainage system","WS/MP18120/2026-2027/169230","NANDED(DISTRICT COLLECTOR NANDED_IDA)","AASHTIKAR PATIL NAGESH BAPURAO","HINGOLI","20-Jul-2026","Jai hind penting plumber road v building works majur","Payment Success","1981405"
"534","Maharashtra","Construction of roads, link roads, pathways or any other road with or without drainage system","WS/MP18120/2026-2027/174640","NANDED(DISTRICT COLLECTOR NANDED_IDA)","AASHTIKAR PATIL NAGESH BAPURAO","HINGOLI","13-Jul-2026","Gram Panchayat Karylay Talni Tq Hadgaon","Payment Success","495989"
"535","Maharashtra","Installing tube-wells and borewells","WS/MP673/2024-2025/139059","SOLAPUR(DISTRICT COLLECTOR SOLAPUR_IDA)","Omprakash Bhupalsinh Alias Pawan Rajenimbalkar","OSMANABAD","23-Jul-2025","Grampanchyat Hattij","Payment Success","299942"
"536","Maharashtra","Purchase of hospital equipment","WS/MP672/2024-2025/144101","NAGPUR(DISTRICT COLLECTOR NAGPUR_IDA)","Nitin Jairam Gadkari","NAGPUR","04-Oct-2024","Pro Ortho Perfect India Pvt Ltd","Payment Success","152300"
"537","Maharashtra","Purchase of hospital equipment","WS/MP672/2024-2025/144103","NAGPUR(DISTRICT COLLECTOR NAGPUR_IDA)","Nitin Jairam Gadkari","NAGPUR","01-Oct-2024","Andhra Pradesh Medtech zone Ltd","Payment Success","555000"
"538","Maharashtra","Purchase of hospital equipment","WS/MP672/2024-2025/144104","NAGPUR(DISTRICT COLLECTOR NAGPUR_IDA)","Nitin Jairam Gadkari","NAGPUR","01-Oct-2024","Voice Tech","Payment Success","670000"
"539","Maharashtra","Construction of roads, link roads, pathways or any other road with or without drainage system","WS/MP18120/2026-2027/218858","HINGOLI(DISTRICT COLLECTOR HINGOLI_IDA)","AASHTIKAR PATIL NAGESH BAPURAO","HINGOLI","07-Aug-2026","KAPIL KESHAVRAO AMBHORE","Payment Success","2965232"
"540","Maharashtra","Construction of roads, link roads, pathways or any other road with or without drainage system","WS/MP18120/2026-2027/218864","HINGOLI(DISTRICT COLLECTOR HINGOLI_IDA)","AASHTIKAR PATIL NAGESH BAPURAO","HINGOLI","15-May-2026","KAPIL KESHAVRAO AMBHORE","Payment Success","1493124"
"541","Maharashtra","Construction of roads, link roads, pathways or any other road with or without drainage system","WS/MP18120/2025-2026/174626","HINGOLI(DISTRICT COLLECTOR HINGOLI_IDA)","AASHTIKAR PATIL NAGESH BAPURAO","HINGOLI","09-Mar-2026","GOVIND SHRIRAM MUNGAL","Payment Success","1485959"
"542","Maharashtra","Construction of roads, link roads, pathways or any other road with or without drainage system","WS/MP18120/2025-2026/189535","HINGOLI(DISTRICT COLLECTOR HINGOLI_IDA)","AASHTIKAR PATIL NAGESH BAPURAO","HINGOLI","02-Mar-2026","SOPAN VITTHALRAO ZADE","Payment Success","998507"
"543","Maharashtra","Construction of buildings for community cultural activities","WS/MP18327/2026-2027/213808","SOLAPUR(DISTRICT COLLECTOR SOLAPUR_IDA)","PRANITI SUSHILKUMAR SHINDE","SOLAPUR(SC)","30-Jun-2026","Revansidha majur sahakari sanstha","Payment Success","965905"
"544","Maharashtra","Construction of buildings for community cultural activities","WS/MP18132/2025-2026/226543","SANGLI(DISTRICT COLLECTOR SANGLI_IDA)","VISHAL","SANGLI","14-Jul-2026","SHAILESH DEEPAK PARAMANE","Payment Success","1000000"
"545","Maharashtra","Construction of roads, link roads, pathways or any other road with or without drainage system","WS/MP18132/2025-2026/226553","SANGLI(DISTRICT COLLECTOR SANGLI_IDA)","VISHAL","SANGLI","30-Jul-2026","Janata Majur Sahakari Sanstha Maryadit Kupwad","Payment Success","1000000"
"546","Maharashtra","Construction of roads, link roads, pathways or any other road with or without drainage system","WS/MP18132/2025-2026/226566","SANGLI(DISTRICT COLLECTOR SANGLI_IDA)","VISHAL","SANGLI","14-Jul-2026","SAVADH MAHADEV DUDHAL","Payment Success","1000000"
"547","Maharashtra","Construction of buildings for community cultural activities","WS/MP18132/2025-2026/174561","SANGLI(DISTRICT COLLECTOR SANGLI_IDA)","VISHAL","SANGLI","14-Jul-2026","SHRI MAHALAXMI MAJUR SAHAKARI SANSTHA LTD LAXMIWADI","Payment Success","992771"
"548","Maharashtra","Construction of buildings for community cultural activities","WS/MP18132/2025-2026/174562","SANGLI(DISTRICT COLLECTOR SANGLI_IDA)","VISHAL","SANGLI","14-Jul-2026","GANESH MAJUR SAHAKARI SANSTHALTD LINGNOOR","Payment Success","1000000"
"549","Maharashtra","Construction of buildings for community cultural activities","WS/MP18132/2025-2026/174564","SANGLI(DISTRICT COLLECTOR SANGLI_IDA)","VISHAL","SANGLI","14-Jul-2026","OM MAJUR SAHAKARI SANSTHA LTD","Payment Success","988619"
"550","Maharashtra","Construction of buildings for community cultural activities","WS/MP18132/2025-2026/174565","SANGLI(DISTRICT COLLECTOR SANGLI_IDA)","VISHAL","SANGLI","23-Mar-2026","SHRIMAN ABASAHEB MAZUR SAHKARI SOCIETY LTD MHAISAL","Payment Success","1000000"
"551","Maharashtra","Construction of buildings for community cultural activities","WS/MP18132/2025-2026/174566","SANGLI(DISTRICT COLLECTOR SANGLI_IDA)","VISHAL","SANGLI","10-Aug-2026","SHRI GANESH MAJUR SAHAKARI SANSTHA MARYADIT","Payment Success","873909"
"552","Maharashtra","Construction of buildings for community cultural activities","WS/MP18132/2025-2026/174567","SANGLI(DISTRICT COLLECTOR SANGLI_IDA)","VISHAL","SANGLI","24-Mar-2026","GANESH MAJUR SAHAKARI SANSTHALTD LINGNOOR","Payment Success","995413"
"553","Maharashtra","Construction of buildings for community cultural activities","WS/MP18132/2025-2026/174568","SANGLI(DISTRICT COLLECTOR SANGLI_IDA)","VISHAL","SANGLI","24-Mar-2026","SHRI BALAJI MAJUR SAHAKARI SANSTHA LTD","Payment Success","1000000"
"554","Maharashtra","Construction of buildings for community cultural activities","WS/MP18132/2025-2026/174569","SANGLI(DISTRICT COLLECTOR SANGLI_IDA)","VISHAL","SANGLI","24-Mar-2026","SHRI GANESH MAJUR SAHAKARI SANSTHA MARYADIT","Payment Success","1000000"
"555","Maharashtra","Construction of roads, link roads, pathways or any other road with or without drainage system","WS/MP18132/2025-2026/174580","SANGLI(DISTRICT COLLECTOR SANGLI_IDA)","VISHAL","SANGLI","15-Jul-2026","PRAJWAL TUKARAM SHINDE","Payment Success","1000000"
"556","Maharashtra","Construction of roads, link roads, pathways or any other road with or without drainage system","WS/MP18132/2025-2026/174581","SANGLI(DISTRICT COLLECTOR SANGLI_IDA)","VISHAL","SANGLI","05-Jan-2026","SHRI GANAPATI MAJUR SAHAKARI SOCIETY LTD ALAKUD S","Payment Success","997373"
"557","Maharashtra","Construction of boundary walls of existing public and community buildings","WS/MP18132/2025-2026/179015","SANGLI(DISTRICT COLLECTOR SANGLI_IDA)","VISHAL","SANGLI","27-Mar-2026","ARBAJ RAFIKAHAMAD INAMDAR","Payment Success","1000000"
"558","Maharashtra","Construction of buildings for community cultural activities","WS/MP18132/2025-2026/179018","SANGLI(DISTRICT COLLECTOR SANGLI_IDA)","VISHAL","SANGLI","27-Mar-2026","MOHIT EKANATH SHINDE","Payment Success","993126"
"559","Maharashtra","Construction of roads, link roads, pathways or any other road with or without drainage system","WS/MP18132/2025-2026/174575","SANGLI(DISTRICT COLLECTOR SANGLI_IDA)","VISHAL","SANGLI","20-Mar-2026","GURUPRASAD CONSTRUCTION COMPANY","Payment Success","1000000"
"560","Maharashtra","Construction of roads, link roads, pathways or any other road with or without drainage system","WS/MP18132/2025-2026/174578","SANGLI(DISTRICT COLLECTOR SANGLI_IDA)","VISHAL","SANGLI","03-Sep-2025","GURUPRASAD CONSTRUCTION COMPANY","Payment Success","987448"
"561","Maharashtra","Construction of community centers and community halls","WS/	 MP667/2025-2026/159631","SANGLI(DISTRICT COLLECTOR SANGLI_IDA)","Dhairyasheel Sambhajirao Mane","HATKANANGLE","10-Mar-2026","SHRI DONGARI DEVI MAJUR SAHAKARI SANSTHA","Payment Success","1432750"
"562","Maharashtra","Construction of community centers and community halls","WS/MP18308/2025-2026/244680","MUMBAI SUBURBAN(DISTRICT COLLECTOR MUMBAI SUBURBAN_IDA)","RAVINDRA DATTARAM WAIKAR","MUMBAI NORTH WEST","07-Apr-2026","Krishna Construction Co","Payment Success","4971782"
"563","Maharashtra","Construction of community centers and community halls","WS/MP18308/2025-2026/244683","MUMBAI SUBURBAN(DISTRICT COLLECTOR MUMBAI SUBURBAN_IDA)","RAVINDRA DATTARAM WAIKAR","MUMBAI NORTH WEST","07-Apr-2026","Krishna Construction Co","Payment Success","2983069"
"564","Maharashtra","Construction of community centers and community halls","WS/MP18308/2025-2026/244692","MUMBAI SUBURBAN(DISTRICT COLLECTOR MUMBAI SUBURBAN_IDA)","RAVINDRA DATTARAM WAIKAR","MUMBAI NORTH WEST","25-Mar-2026","Mahendra Jagannath Lokhande","Payment Success","2983069"
"565","Maharashtra","Construction of common work sheds/ common covered sitting area","WS/MP18308/2025-2026/244697","MUMBAI SUBURBAN(DISTRICT COLLECTOR MUMBAI SUBURBAN_IDA)","RAVINDRA DATTARAM WAIKAR","MUMBAI NORTH WEST","06-Aug-2026","Kaveri Mazoor Sahakari Sanshan Maryadit","Payment Success","2497221"
"566","Maharashtra","Construction of common work sheds/ common covered sitting area","WS/MP18308/2025-2026/244704","MUMBAI SUBURBAN(DISTRICT COLLECTOR MUMBAI SUBURBAN_IDA)","RAVINDRA DATTARAM WAIKAR","MUMBAI NORTH WEST","06-Aug-2026","The Malad Cp Op Labour Society Ltd","Payment Success","1997775"
"567","Maharashtra","Construction of community centers and community halls","WS/MP18308/2025-2026/244705","MUMBAI SUBURBAN(DISTRICT COLLECTOR MUMBAI SUBURBAN_IDA)","RAVINDRA DATTARAM WAIKAR","MUMBAI NORTH WEST","06-Aug-2026","Om Sakthi Majoor Sahakari Sanstha Maryadit","Payment Success","1998481"
"568","Maharashtra","Construction of common work sheds/ common covered sitting area","WS/MP18308/2025-2026/244717","MUMBAI SUBURBAN(DISTRICT COLLECTOR MUMBAI SUBURBAN_IDA)","RAVINDRA DATTARAM WAIKAR","MUMBAI NORTH WEST","25-Mar-2026","Jarimari labour co op society ltd","Payment Success","1498335"
"569","Maharashtra","Construction of roads, link roads, pathways or any other road with or without drainage system","WS/MP18124/2025-2026/226092","MUMBAI SUBURBAN(DISTRICT COLLECTOR MUMBAI SUBURBAN_IDA)","GAIKWAD VARSHA EKNATH","MUMBAI NORTH-CENTRAL","20-Mar-2026","SAMONA ENTERPRISES","Payment Success","1998282"
"570","Maharashtra","Construction of community centers and community halls","WS/MP18124/2025-2026/226093","MUMBAI SUBURBAN(DISTRICT COLLECTOR MUMBAI SUBURBAN_IDA)","GAIKWAD VARSHA EKNATH","MUMBAI NORTH-CENTRAL","20-Mar-2026","SAMONA ENTERPRISES","Payment Success","2497854"
"571","Maharashtra","Development of public parks","WS/MP18307/2025-2026/231062","MUMBAI SUBURBAN(DISTRICT COLLECTOR MUMBAI SUBURBAN_IDA)","Piyush Vedprakash Goyal","MUMBAI NORTH","01-Jul-2026","Samarth Infrastructure","Payment Success","2397497"
"572","Maharashtra","Construction of public toilets and bathrooms","WS/MP18361/2025-2026/219015","MUMBAI SUBURBAN(DISTRICT COLLECTOR MUMBAI SUBURBAN_IDA)","SANJAY DINA PATIL","MUMBAI NORTH EAST","07-Aug-2026","anurag urban tecinfra pvt ltd","Payment Success","1798634"
"573","Maharashtra","Construction of public toilets and bathrooms","WS/MP18307/2025-2026/143606","MUMBAI SUBURBAN(DISTRICT COLLECTOR MUMBAI SUBURBAN_IDA)","Piyush Vedprakash Goyal","MUMBAI NORTH","04-Aug-2026","Padmawati Mssm","Payment Success","1998482"
"574","Maharashtra","Construction of roads, link roads, pathways or any other road with or without drainage system","WS/MP18307/2025-2026/143607","MUMBAI SUBURBAN(DISTRICT COLLECTOR MUMBAI SUBURBAN_IDA)","Piyush Vedprakash Goyal","MUMBAI NORTH","03-Jul-2026","Gangotri majoor sahakari sanstha maryadidt","Payment Success","1998481"
"575","Maharashtra","Construction of roads, link roads, pathways or any other road with or without drainage system","WS/MP18308/2025-2026/145431","MUMBAI SUBURBAN(DISTRICT COLLECTOR MUMBAI SUBURBAN_IDA)","RAVINDRA DATTARAM WAIKAR","MUMBAI NORTH WEST","23-Jan-2026","Gautam Enterorises","Payment Success","3993959"
"576","Maharashtra","Fitting of Sitting RCC Benches in Public Places","WS/MP18308/2025-2026/145433","MUMBAI SUBURBAN(DISTRICT COLLECTOR MUMBAI SUBURBAN_IDA)","RAVINDRA DATTARAM WAIKAR","MUMBAI NORTH WEST","14-Oct-2025","Jivdani Mata Majoor Sahakari Sanstha","Payment Success","1498862"
"577","Maharashtra","Tree plantation for community","WS/MP18307/2025-2026/143600","MUMBAI SUBURBAN(DISTRICT COLLECTOR MUMBAI SUBURBAN_IDA)","Piyush Vedprakash Goyal","MUMBAI NORTH","01-Jul-2026","nandanvn majoor sahakari sanstha maryadit","Payment Success","1498862"
"578","Maharashtra","Construction of roads, link roads, pathways or any other road with or without drainage system","WS/MP18115/2025-2026/186646","GONDIA(DISTRICT COLLECTOR GONDIA_IDA)","DR. PRASHANT YADAORAO PADOLE","BHANDARA-GONDIYA","31-Aug-2026","Gram panchayat  Khadki","Payment Success","699871"
"579","Maharashtra","Construction of community centers and community halls","WS/MP18115/2026-2027/186677","GONDIA(DISTRICT COLLECTOR GONDIA_IDA)","DR. PRASHANT YADAORAO PADOLE","BHANDARA-GONDIYA","27-Aug-2026","GRAM PANCHAYAT ITKHEDA","Payment Success","699241"
"580","Maharashtra","Construction of community centers and community halls","WS/MP18115/2025-2026/186739","GONDIA(DISTRICT COLLECTOR GONDIA_IDA)","DR. PRASHANT YADAORAO PADOLE","BHANDARA-GONDIYA","29-Jun-2026","GRAM PANCHAYAT BORTOLA","Payment Success","997334"
"581","Maharashtra","Construction of community centers and community halls","WS/MP18115/2026-2027/186723","GONDIA(DISTRICT COLLECTOR GONDIA_IDA)","DR. PRASHANT YADAORAO PADOLE","BHANDARA-GONDIYA","23-Jun-2026","GRAM PANCHAYAT MUNDIPAR","Payment Success","999743"
"582","Maharashtra","Construction of roads, link roads, pathways or any other road with or without drainage system","WS/MP18115/2025-2026/186731","GONDIA(DISTRICT COLLECTOR GONDIA_IDA)","DR. PRASHANT YADAORAO PADOLE","BHANDARA-GONDIYA","06-Jul-2026","Bhavesh Ajay Kuthe","Payment Success","697088"
"583","Maharashtra","Construction of community centers and community halls","WS/MP18119/2025-2026/163469","GONDIA(DISTRICT COLLECTOR GONDIA_IDA)","DR. KIRSAN NAMDEO","GADCHIROLI-CHIMUR(ST)","09-Mar-2026","Samanya Fund Gram Panchayat Tigaon","Payment Success","599950"
"584","Maharashtra","Construction of public libraries and reading rooms","WS/MP18119/2025-2026/163470","GONDIA(DISTRICT COLLECTOR GONDIA_IDA)","DR. KIRSAN NAMDEO","GADCHIROLI-CHIMUR(ST)","12-Jan-2026","AMEY SUBHASH NINAWE","Payment Success","795506"
"585","Maharashtra","Construction of public libraries and reading rooms","WS/MP18119/2025-2026/163471","GONDIA(DISTRICT COLLECTOR GONDIA_IDA)","DR. KIRSAN NAMDEO","GADCHIROLI-CHIMUR(ST)","22-Jun-2026","GRAM PANCHAYAT SONEKHARI","Payment Success","799992"
"586","Maharashtra","Construction of roads, link roads, pathways or any other road with or without drainage system","WS/MP18119/2025-2026/163473","GONDIA(DISTRICT COLLECTOR GONDIA_IDA)","DR. KIRSAN NAMDEO","GADCHIROLI-CHIMUR(ST)","12-Jan-2026","AMEY SUBHASH NINAWE","Payment Success","298168"
"587","Maharashtra","Construction of public libraries and reading rooms","WS/MP18119/2025-2026/163475","GONDIA(DISTRICT COLLECTOR GONDIA_IDA)","DR. KIRSAN NAMDEO","GADCHIROLI-CHIMUR(ST)","05-May-2026","SANJOG BHUWANLAL NARWARE","Payment Success","796440"
"588","Maharashtra","Construction of public libraries and reading rooms","WS/MP18119/2025-2026/163478","GONDIA(DISTRICT COLLECTOR GONDIA_IDA)","DR. KIRSAN NAMDEO","GADCHIROLI-CHIMUR(ST)","24-Feb-2026","AMEY SUBHASH NINAWE","Payment Success","697850"
"589","Maharashtra","Construction of community centers and community halls","WS/MP18119/2025-2026/163479","GONDIA(DISTRICT COLLECTOR GONDIA_IDA)","DR. KIRSAN NAMDEO","GADCHIROLI-CHIMUR(ST)","23-Jun-2026","GRAM PANCHAYAT GANDHITOLA","Payment Success","499970"
"590","Maharashtra","Construction of public libraries and reading rooms","WS/MP18119/2025-2026/163482","GONDIA(DISTRICT COLLECTOR GONDIA_IDA)","DR. KIRSAN NAMDEO","GADCHIROLI-CHIMUR(ST)","01-Jul-2026","GRAM PANCHAYAT JAMAKUDO","Payment Success","698488"
"591","Maharashtra","Development of playground","WS/MP18119/2025-2026/163577","GONDIA(DISTRICT COLLECTOR GONDIA_IDA)","DR. KIRSAN NAMDEO","GADCHIROLI-CHIMUR(ST)","19-Jan-2026","ADITYA RAJU DONODE","Payment Success","299369"
"592","Maharashtra","Construction of roads, link roads, pathways or any other road with or without drainage system","WS/MP18119/2026-2027/256532","GONDIA(DISTRICT COLLECTOR GONDIA_IDA)","DR. KIRSAN NAMDEO","GADCHIROLI-CHIMUR(ST)","29-Jun-2026","Rajesh Ghanshyam Girhepunje","Payment Success","398445"
"593","Maharashtra","Providing drains and gutters for public drainage","WS/MP18119/2026-2027/256533","GONDIA(DISTRICT COLLECTOR GONDIA_IDA)","DR. KIRSAN NAMDEO","GADCHIROLI-CHIMUR(ST)","29-Jun-2026","Rajesh Ghanshyam Girhepunje","Payment Success","347698"
"594","Maharashtra","Construction of community centers and community halls","WS/MP18110/2026-2027/242057","Ahilyanagar(DISTRICT COLLECTOR AHMEDNAGAR_IDA)","NILESH DNYANDEV LANKE","AHMEDNAGAR","24-Jun-2026","Sachin Nandram Karale","Payment Success","1486985"
"595","Maharashtra","Construction of community centers and community halls","WS/MP18110/2026-2027/242058","Ahilyanagar(DISTRICT COLLECTOR AHMEDNAGAR_IDA)","NILESH DNYANDEV LANKE","AHMEDNAGAR","03-Jul-2026","Sachin Nandram Karale","Payment Success","2500000"
"596","Maharashtra","Construction of community centers and community halls","WS/MP18110/2025-2026/242059","Ahilyanagar(DISTRICT COLLECTOR AHMEDNAGAR_IDA)","NILESH DNYANDEV LANKE","AHMEDNAGAR","25-Feb-2026","SUYOG M S S LTD A NAGAR","Payment Success","1000000"
"597","Maharashtra","Construction of community centers and community halls","WS/MP18110/2026-2027/248579","Ahilyanagar(DISTRICT COLLECTOR AHMEDNAGAR_IDA)","NILESH DNYANDEV LANKE","AHMEDNAGAR","25-Jun-2026","SAISRADHA MAJUR SAHA SANSTHA MARYADIT ALKUTI","Payment Success","993116"
"598","Maharashtra","Construction of community centers and community halls","WS/MP18110/2025-2026/209772","Ahilyanagar(DISTRICT COLLECTOR AHMEDNAGAR_IDA)","NILESH DNYANDEV LANKE","AHMEDNAGAR","01-Jan-2026","SUNIL DATTATRAY KUDALE","Payment Success","4776925"
"599","Maharashtra","Construction of community centers and community halls","WS/MP18110/2025-2026/209773","Ahilyanagar(DISTRICT COLLECTOR AHMEDNAGAR_IDA)","NILESH DNYANDEV LANKE","AHMEDNAGAR","17-Oct-2025","JIJAI MAJUR SAH SOCIETY","Payment Success","1000000"
"600","Maharashtra","Construction of community centers and community halls","WS/MP18110/2025-2026/209774","Ahilyanagar(DISTRICT COLLECTOR AHMEDNAGAR_IDA)","NILESH DNYANDEV LANKE","AHMEDNAGAR","09-Jan-2026","APURVA MAJOOR SH SANSTHA LTD RUICHHATISHI","Payment Success","1000000"
"601","Maharashtra","Construction of community centers and community halls","WS/MP18110/2025-2026/209775","Ahilyanagar(DISTRICT COLLECTOR AHMEDNAGAR_IDA)","NILESH DNYANDEV LANKE","AHMEDNAGAR","17-Oct-2025","JIJAI MAJUR SAH SOCIETY","Payment Success","700000"
"602","Maharashtra","Development of playfields and sports grounds","WS/MP18110/2025-2026/209776","Ahilyanagar(DISTRICT COLLECTOR AHMEDNAGAR_IDA)","NILESH DNYANDEV LANKE","AHMEDNAGAR","19-Dec-2025","SURAJKUMAR SARJERAO RASKAR","Payment Success","1493825"
"603","Maharashtra","Construction of community centers and community halls","WS/MP18110/2025-2026/209777","Ahilyanagar(DISTRICT COLLECTOR AHMEDNAGAR_IDA)","NILESH DNYANDEV LANKE","AHMEDNAGAR","07-Apr-2026","SANKET BHAUSAHEB VYAVAHARE","Payment Success","1474746"
"604","Maharashtra","Construction of community centers and community halls","WS/MP18110/2025-2026/209780","Ahilyanagar(DISTRICT COLLECTOR AHMEDNAGAR_IDA)","NILESH DNYANDEV LANKE","AHMEDNAGAR","24-Jun-2026","SANKET BHAUSAHEB VYAVAHARE","Payment Success","1483976"
"605","Maharashtra","Construction of community centers and community halls","WS/MP18110/2025-2026/209782","Ahilyanagar(DISTRICT COLLECTOR AHMEDNAGAR_IDA)","NILESH DNYANDEV LANKE","AHMEDNAGAR","25-Feb-2026","JIJAI MAJUR SAH SOCIETY","Payment Success","995411"
"606","Maharashtra","Construction of common work sheds/ common covered sitting area","WS/MP18110/2025-2026/209784","Ahilyanagar(DISTRICT COLLECTOR AHMEDNAGAR_IDA)","NILESH DNYANDEV LANKE","AHMEDNAGAR","19-Jan-2026","RANGDAS SWAMI M S S LTD POKHARI","Payment Success","971493"
"607","Maharashtra","Construction of common work sheds/ common covered sitting area","WS/MP18110/2025-2026/209785","Ahilyanagar(DISTRICT COLLECTOR AHMEDNAGAR_IDA)","NILESH DNYANDEV LANKE","AHMEDNAGAR","09-Apr-2026","Ch Panchmukhi Maruti MSS Ltd","Payment Success","999962"
"608","Maharashtra","Crematoriums/energy efficient crematoriums or structures on burial/cremation ground","WS/MP18110/2025-2026/209786","Ahilyanagar(DISTRICT COLLECTOR AHMEDNAGAR_IDA)","NILESH DNYANDEV LANKE","AHMEDNAGAR","10-Jul-2026","Ch Panchmukhi Maruti MSS Ltd","Payment Success","990652"
"609","Maharashtra","Construction of community centers and community halls","WS/MP18128/2026-2027/217799","PALGHAR(DISTRICT COLLECTOR PALGHAR_IDA)","DR. HEMANT VISHNU SAVARA","PALGHAR(ST)","09-Apr-2026","GANESH MADHUKAR MORE","Payment Success","991449"
"610","Maharashtra","Fitting of Sitting RCC Benches in Public Places","WS/MP18128/2026-2027/217811","PALGHAR(DISTRICT COLLECTOR PALGHAR_IDA)","DR. HEMANT VISHNU SAVARA","PALGHAR(ST)","01-Sep-2026","HARSHAL ANANTA SAMBARE","Payment Success","992591"
"611","Maharashtra","Crematoriums/energy efficient crematoriums or structures on burial/cremation ground","WS/MP18128/2026-2027/217820","PALGHAR(DISTRICT COLLECTOR PALGHAR_IDA)","DR. HEMANT VISHNU SAVARA","PALGHAR(ST)","01-Sep-2026","JATIN V PATIL","Payment Success","992657"
"612","Maharashtra","Construction of common work sheds/ common covered sitting area","WS/MP18128/2026-2027/217863","PALGHAR(DISTRICT COLLECTOR PALGHAR_IDA)","DR. HEMANT VISHNU SAVARA","PALGHAR(ST)","01-Sep-2026","TEERTHRAJ VISHWANATH PATIL","Payment Success","892176"
"613","Maharashtra","Construction of roads, link roads, pathways or any other road with or without drainage system","WS/MP18128/2026-2027/217864","PALGHAR(DISTRICT COLLECTOR PALGHAR_IDA)","DR. HEMANT VISHNU SAVARA","PALGHAR(ST)","01-Sep-2026","TEERTHRAJ VISHWANATH PATIL","Payment Success","981824"
"614","Maharashtra","Construction of footpaths and pedestrian ways","WS/MP18116/2026-2027/220965","PALGHAR(DISTRICT COLLECTOR PALGHAR_IDA)","BALYA MAMA SURESH GOPINATH MHATRE","BHIWANDI","18-Jun-2026","KASHTKARI M K SAHA STY LTD","Payment Success","997326"
"615","Maharashtra","Construction of footpaths and pedestrian ways","WS/MP18116/2026-2027/220968","PALGHAR(DISTRICT COLLECTOR PALGHAR_IDA)","BALYA MAMA SURESH GOPINATH MHATRE","BHIWANDI","18-Jun-2026","KASHTKARI M K SAHA STY LTD","Payment Success","995979"
"616","Maharashtra","Security gates in streets/public place for safety purpose","WS/MP18116/2026-2027/220975","PALGHAR(DISTRICT COLLECTOR PALGHAR_IDA)","BALYA MAMA SURESH GOPINATH MHATRE","BHIWANDI","02-Jul-2026","SNEHA MAJUR KAMGAR CO OP SOCIETY LTD","Payment Success","997448"
"617","Maharashtra","Construction of community centers and community halls","WS/MP18128/2026-2027/220027","PALGHAR(DISTRICT COLLECTOR PALGHAR_IDA)","DR. HEMANT VISHNU SAVARA","PALGHAR(ST)","25-Jun-2026","PRATIK MANGESH KAJALE","Payment Success","987716"
"618","Maharashtra","Construction of community centers and community halls","WS/MP18128/2026-2027/231485","PALGHAR(DISTRICT COLLECTOR PALGHAR_IDA)","DR. HEMANT VISHNU SAVARA","PALGHAR(ST)","19-Jun-2026","UMESH ANANTA NAYKAR","Payment Success","483185"
"619","Maharashtra","Construction of community centers and community halls","WS/MP18128/2026-2027/231487","PALGHAR(DISTRICT COLLECTOR PALGHAR_IDA)","DR. HEMANT VISHNU SAVARA","PALGHAR(ST)","22-Jun-2026","UMESH ANANTA NAYKAR","Payment Success","496216"
"620","Maharashtra","Construction of community centers and community halls","WS/MP18128/2026-2027/231489","PALGHAR(DISTRICT COLLECTOR PALGHAR_IDA)","DR. HEMANT VISHNU SAVARA","PALGHAR(ST)","19-Jun-2026","UMESH ANANTA NAYKAR","Payment Success","494553"
"621","Maharashtra","Construction of common work sheds/ common covered sitting area","WS/MP18128/2026-2027/238452","PALGHAR(DISTRICT COLLECTOR PALGHAR_IDA)","DR. HEMANT VISHNU SAVARA","PALGHAR(ST)","20-May-2026","SHREE SANKALP KRUPAMKSSM","Payment Success","631070"
"622","Maharashtra","Construction of common work sheds/ common covered sitting area","WS/MP18128/2026-2027/238454","PALGHAR(DISTRICT COLLECTOR PALGHAR_IDA)","DR. HEMANT VISHNU SAVARA","PALGHAR(ST)","20-May-2026","SHREE SANKALP KRUPAMKSSM","Payment Success","427061"
"623","Maharashtra","Construction of roads, link roads, pathways or any other road with or without drainage system","WS/MP18128/2026-2027/235609","PALGHAR(DISTRICT COLLECTOR PALGHAR_IDA)","DR. HEMANT VISHNU SAVARA","PALGHAR(ST)","15-Jul-2026","Ganga Majoor Kamgar Sahakari Sanstha Marya Biloshi","Payment Success","993381"
"624","Maharashtra","Construction of common work sheds/ common covered sitting area","WS/MP18128/2026-2027/211848","PALGHAR(DISTRICT COLLECTOR PALGHAR_IDA)","DR. HEMANT VISHNU SAVARA","PALGHAR(ST)","02-Jul-2026","TEJASHRI VITTHAL PATIL","Payment Success","928874"
"625","Maharashtra","Construction of roads, link roads, pathways or any other road with or without drainage system","WS/MP681/2024-2025/143650","JALNA(DISTRICT COLLECTOR JALNA_IDA)","Sanjay Haribhau Jadhav","PARBHANI","24-Mar-2025","Renuka Devi Majur Co Oprative Society Limited","Payment Success","798769"
"626","Maharashtra","Construction of roads, link roads, pathways or any other road with or without drainage system","WS/MP681/2024-2025/143651","JALNA(DISTRICT COLLECTOR JALNA_IDA)","Sanjay Haribhau Jadhav","PARBHANI","06-Mar-2025","Ajit Mss Jalna","Payment Success","880849"
"627","Maharashtra","Construction of community centers and community halls","WS/MP681/2024-2025/143652","JALNA(DISTRICT COLLECTOR JALNA_IDA)","Sanjay Haribhau Jadhav","PARBHANI","04-Jun-2025","Mastsyodari Majur Sahakari Sanstha Maryadit Ambad","Payment Success","793754"
"628","Maharashtra","Construction of community centers and community halls","WS/MP681/2024-2025/143654","JALNA(DISTRICT COLLECTOR JALNA_IDA)","Sanjay Haribhau Jadhav","PARBHANI","29-Apr-2025","Mastsyodari Majur Sahakari Sanstha Maryadit Ambad","Payment Success","991457"
"629","Maharashtra","Construction of roads, link roads, pathways or any other road with or without drainage system","WS/MP681/2024-2025/143655","JALNA(DISTRICT COLLECTOR JALNA_IDA)","Sanjay Haribhau Jadhav","PARBHANI","26-Mar-2025","Yamuna Majur Sahakari Sanstha Ltd Sonak Pimpalgaon","Payment Success","985348"
"630","Maharashtra","Construction of roads, link roads, pathways or any other road with or without drainage system","WS/MP681/2024-2025/143658","JALNA(DISTRICT COLLECTOR JALNA_IDA)","Sanjay Haribhau Jadhav","PARBHANI","21-Jan-2026","Yamuna Majur Sahakari Sanstha Ltd Sonak Pimpalgaon","Payment Success","991116"
"631","Maharashtra","Construction of roads, link roads, pathways or any other road with or without drainage system","WS/MP18122/2024-2025/184151","JALNA(DISTRICT COLLECTOR JALNA_IDA)","KALYAN VAIJINATHRAO KALE","JALNA","26-Jan-2026","PRIYA MAJUR SHAKARI SANSTHA MARYADIT JALNA","Payment Success","979149"
"632","Maharashtra","Crematoriums/energy efficient crematoriums or structures on burial/cremation ground","WS/MP18122/2024-2025/186322","JALNA(DISTRICT COLLECTOR JALNA_IDA)","KALYAN VAIJINATHRAO KALE","JALNA","10-Aug-2026","PRIYA MAJUR SHAKARI SANSTHA MARYADIT JALNA","Payment Success","497013"
"633","Maharashtra","Construction of roads, link roads, pathways or any other road with or without drainage system","WS/MP681/2024-2025/144038","JALNA(DISTRICT COLLECTOR JALNA_IDA)","Sanjay Haribhau Jadhav","PARBHANI","30-Apr-2025","Ganga Bharti Lebor CO OP Society Partur LTD Partur","Payment Success","957000"
"634","Maharashtra","Construction of roads, link roads, pathways or any other road with or without drainage system","WS/MP681/2025-2026/144039","JALNA(DISTRICT COLLECTOR JALNA_IDA)","Sanjay Haribhau Jadhav","PARBHANI","20-Jun-2025","Anusaya Mahila MSS","Payment Success","995260"
"635","Maharashtra","Construction of roads, link roads, pathways or any other road with or without drainage system","WS/MP681/2024-2025/144040","JALNA(DISTRICT COLLECTOR JALNA_IDA)","Sanjay Haribhau Jadhav","PARBHANI","02-Feb-2026","Gajanan Majur Sahakari Sanstha Soyanjana","Payment Success","696205"
"636","Maharashtra","Construction of roads, link roads, pathways or any other road with or without drainage system","WS/MP681/2024-2025/144041","JALNA(DISTRICT COLLECTOR JALNA_IDA)","Sanjay Haribhau Jadhav","PARBHANI","02-Mar-2026","Renuka Mata MSS Salegaon Ner","Payment Success","990568"
"637","Maharashtra","Construction of roads, link roads, pathways or any other road with or without drainage system","WS/MP681/2024-2025/144067","JALNA(DISTRICT COLLECTOR JALNA_IDA)","Sanjay Haribhau Jadhav","PARBHANI","11-Nov-2025","Ganga Bharti Lebor CO OP Society Partur LTD Partur","Payment Success","494879"
"638","Maharashtra","Construction of roads, link roads, pathways or any other road with or without drainage system","WS/MP681/2025-2026/144068","JALNA(DISTRICT COLLECTOR JALNA_IDA)","Sanjay Haribhau Jadhav","PARBHANI","11-Nov-2025","Ganga Bharti Lebor CO OP Society Partur LTD Partur","Payment Success","696704"
"639","Maharashtra","Construction of roads, link roads, pathways or any other road with or without drainage system","WS/MP681/2024-2025/143646","JALNA(DISTRICT COLLECTOR JALNA_IDA)","Sanjay Haribhau Jadhav","PARBHANI","14-Jul-2025","Jambuwant Labour Co Op Society Ltd Ambad","Payment Success","797176"
"640","Maharashtra","Construction of roads, link roads, pathways or any other road with or without drainage system","WS/MP681/2024-2025/143647","JALNA(DISTRICT COLLECTOR JALNA_IDA)","Sanjay Haribhau Jadhav","PARBHANI","12-Jun-2025","Jambuwant Labour Co Op Society Ltd Ambad","Payment Success","791961"
"641","Maharashtra","Crematoriums/energy efficient crematoriums or structures on burial/cremation ground","WS/MP18134/2025-2026/183099","Ahilyanagar(DISTRICT COLLECTOR AHMEDNAGAR_IDA)","BHAUSAHEB RAJARAM WAKCHAURE","SHIRDI(SC)","21-Jul-2026","Ch Saptshrungi Mata Wadar MSS Ltd Akole","Payment Success","696134"
"642","Maharashtra","Construction of community centers and community halls","WS/MP18134/2025-2026/183654","Ahilyanagar(DISTRICT COLLECTOR AHMEDNAGAR_IDA)","BHAUSAHEB RAJARAM WAKCHAURE","SHIRDI(SC)","15-May-2026","Kalsubai Adi Majour Sah STY LTD Waki","Payment Success","686339"
"643","Maharashtra","Construction of boundary walls of existing public and community buildings","WS/MP18134/2025-2026/184183","Ahilyanagar(DISTRICT COLLECTOR AHMEDNAGAR_IDA)","BHAUSAHEB RAJARAM WAKCHAURE","SHIRDI(SC)","04-Mar-2026","ADHVIKA MAJUR SAHKARI SANSTH MARYA MEHENDURI","Payment Success","490467"
"644","Maharashtra","Construction of community centers and community halls","WS/MP18134/2025-2026/184242","Ahilyanagar(DISTRICT COLLECTOR AHMEDNAGAR_IDA)","BHAUSAHEB RAJARAM WAKCHAURE","SHIRDI(SC)","17-Jun-2026","Kailas Majur STY Ghoyagaon","Payment Success","492854"
"645","Maharashtra","Construction of community centers and community halls","WS/MP18134/2025-2026/184248","Ahilyanagar(DISTRICT COLLECTOR AHMEDNAGAR_IDA)","BHAUSAHEB RAJARAM WAKCHAURE","SHIRDI(SC)","18-Jun-2026","Shree Moraya Majur Sahakari Santha Maryadit Kotul","Payment Success","693684"
"646","Maharashtra","Construction of common work sheds/ common covered sitting area","WS/MP18134/2025-2026/184304","Ahilyanagar(DISTRICT COLLECTOR AHMEDNAGAR_IDA)","BHAUSAHEB RAJARAM WAKCHAURE","SHIRDI(SC)","11-May-2026","MALUNJA BDK WADR MAJUR SAH SANSTHA MAR YADIT","Payment Success","495321"
"647","Maharashtra","Construction of common work sheds/ common covered sitting area","WS/MP18134/2025-2026/185004","Ahilyanagar(DISTRICT COLLECTOR AHMEDNAGAR_IDA)","BHAUSAHEB RAJARAM WAKCHAURE","SHIRDI(SC)","17-Jun-2026","Kailas Majur STY Ghoyagaon","Payment Success","493994"
"648","Maharashtra","Construction of common work sheds/ common covered sitting area","WS/MP18134/2025-2026/185069","Ahilyanagar(DISTRICT COLLECTOR AHMEDNAGAR_IDA)","BHAUSAHEB RAJARAM WAKCHAURE","SHIRDI(SC)","26-Jun-2026","Sai Ganesh Majur Sah Sanstha Ltd Khambe","Payment Success","499060"
"649","Maharashtra","Construction of community centers and community halls","WS/MP18134/2025-2026/185101","Ahilyanagar(DISTRICT COLLECTOR AHMEDNAGAR_IDA)","BHAUSAHEB RAJARAM WAKCHAURE","SHIRDI(SC)","11-May-2026","MALUNJA BDK WADR MAJUR SAH SANSTHA MAR YADIT","Payment Success","488701"
"650","Maharashtra","Construction of community centers and community halls","WS/MP18134/2025-2026/185446","Ahilyanagar(DISTRICT COLLECTOR AHMEDNAGAR_IDA)","BHAUSAHEB RAJARAM WAKCHAURE","SHIRDI(SC)","17-Jun-2026","Shree Moraya Majur Sahakari Santha Maryadit Kotul","Payment Success","493593"
"651","Maharashtra","Construction of community centers and community halls","WS/MP18134/2025-2026/185488","Ahilyanagar(DISTRICT COLLECTOR AHMEDNAGAR_IDA)","BHAUSAHEB RAJARAM WAKCHAURE","SHIRDI(SC)","20-Jun-2026","Ch Shramik MSS Ltd Nawalewadi","Payment Success","492457"
"652","Maharashtra","Construction of community centers and community halls","WS/MP18134/2025-2026/186606","Ahilyanagar(DISTRICT COLLECTOR AHMEDNAGAR_IDA)","BHAUSAHEB RAJARAM WAKCHAURE","SHIRDI(SC)","17-Aug-2026","Ch Swapnil MSS Ltd","Payment Success","673946"
"653","Maharashtra","Construction of community centers and community halls","WS/MP18134/2025-2026/187742","Ahilyanagar(DISTRICT COLLECTOR AHMEDNAGAR_IDA)","BHAUSAHEB RAJARAM WAKCHAURE","SHIRDI(SC)","30-Jun-2026","Ch Shramshakti MSS Ltd Wakadi","Payment Success","499215"
"654","Maharashtra","Construction of boundary walls of existing public and community buildings","WS/MP18134/2025-2026/188588","Ahilyanagar(DISTRICT COLLECTOR AHMEDNAGAR_IDA)","BHAUSAHEB RAJARAM WAKCHAURE","SHIRDI(SC)","15-Jun-2026","ADHVIKA MAJUR SAHKARI SANSTH MARYA MEHENDURI","Payment Success","471833"
"655","Maharashtra","Construction of community centers and community halls","WS/MP18134/2025-2026/208873","Ahilyanagar(DISTRICT COLLECTOR AHMEDNAGAR_IDA)","BHAUSAHEB RAJARAM WAKCHAURE","SHIRDI(SC)","17-Mar-2026","Ch Deepali MSS Ltd","Payment Success","986613"
"656","Maharashtra","Construction of community centers and community halls","WS/MP18134/2026-2027/237134","Ahilyanagar(DISTRICT COLLECTOR AHMEDNAGAR_IDA)","BHAUSAHEB RAJARAM WAKCHAURE","SHIRDI(SC)","20-Jun-2026","MALUNJA BDK WADR MAJUR SAH SANSTHA MAR YADIT","Payment Success","499992"
"657","Maharashtra","Construction of community centers and community halls","WS/MP18134/2025-2026/245261","Ahilyanagar(DISTRICT COLLECTOR AHMEDNAGAR_IDA)","BHAUSAHEB RAJARAM WAKCHAURE","SHIRDI(SC)","15-Jun-2026","Ch Panchkeshwar Majur bandhkam sah sanstha","Payment Success","693321"
"658","Maharashtra","Construction of community centers and community halls","WS/MP18134/2025-2026/246039","Ahilyanagar(DISTRICT COLLECTOR AHMEDNAGAR_IDA)","BHAUSAHEB RAJARAM WAKCHAURE","SHIRDI(SC)","24-Mar-2026","Ganesh Majoor Sahakari Sanstha Ltd","Payment Success","497764"
"659","Maharashtra","Construction of community centers and community halls","WS/MP18134/2025-2026/247447","Ahilyanagar(DISTRICT COLLECTOR AHMEDNAGAR_IDA)","BHAUSAHEB RAJARAM WAKCHAURE","SHIRDI(SC)","12-Jun-2026","Ganesh Majoor Sahakari Sanstha Ltd","Payment Success","999560"
"660","Maharashtra","Construction of community centers and community halls","WS/MP18110/2025-2026/242056","Ahilyanagar(DISTRICT COLLECTOR AHMEDNAGAR_IDA)","NILESH DNYANDEV LANKE","AHMEDNAGAR","08-Jul-2026","Malewadi MSS Ltd Malewadi Tal Pathardi","Payment Success","968030"
"661","Maharashtra","Construction of community centers and community halls","WS/MP18134/2025-2026/181927","Ahilyanagar(DISTRICT COLLECTOR AHMEDNAGAR_IDA)","BHAUSAHEB RAJARAM WAKCHAURE","SHIRDI(SC)","31-Jul-2026","SHIVSHANKAR MAJOOR SAHAKARI SANSTHA LIMITED","Payment Success","423406"
"662","Maharashtra","Construction of community centers and community halls","WS/MP18134/2025-2026/181929","Ahilyanagar(DISTRICT COLLECTOR AHMEDNAGAR_IDA)","BHAUSAHEB RAJARAM WAKCHAURE","SHIRDI(SC)","04-Aug-2026","Sanjay Majur Sahkari Sanstha Maryadit","Payment Success","413099"
"663","Maharashtra","Construction of community centers and community halls","WS/MP18134/2025-2026/182697","Ahilyanagar(DISTRICT COLLECTOR AHMEDNAGAR_IDA)","BHAUSAHEB RAJARAM WAKCHAURE","SHIRDI(SC)","03-Aug-2026","Pavan Ganesh Majur Sah Sanstha LTD Kharwandi","Payment Success","593193"
"664","Maharashtra","Construction of community centers and community halls","WS/MP18122/2026-2027/246015","JALNA(DISTRICT COLLECTOR JALNA_IDA)","KALYAN VAIJINATHRAO KALE","JALNA","03-Jul-2026","SARPANCH GRAMSVEAK GRAMPANCHAYAT KADEGAON","Payment Success","692232"
"665","Maharashtra","Construction of roads, link roads, pathways or any other road with or without drainage system","WS/MP18122/2026-2027/246058","JALNA(DISTRICT COLLECTOR JALNA_IDA)","KALYAN VAIJINATHRAO KALE","JALNA","24-Jun-2026","SARPANCH GRAMPANCHAYAT DHOPTESHWAR","Payment Success","495234"
"666","Maharashtra","Providing drains and gutters for public drainage","WS/MP18122/2024-2025/186311","JALNA(DISTRICT COLLECTOR JALNA_IDA)","KALYAN VAIJINATHRAO KALE","JALNA","02-Jul-2026","SARPANCH GRAMPANCHAYAT GONDHANKHEDA KAMKHEDA","Payment Success","1487715"
"667","Maharashtra","Construction of community centers and community halls","WS/MP18122/2026-2027/168812","JALNA(DISTRICT COLLECTOR JALNA_IDA)","KALYAN VAIJINATHRAO KALE","JALNA","20-May-2026","Aadhar Mss ltd Dhoksal","Payment Success","973654"
"668","Maharashtra","Construction of roads, link roads, pathways or any other road with or without drainage system","WS/MP18122/2024-2025/168729","JALNA(DISTRICT COLLECTOR JALNA_IDA)","KALYAN VAIJINATHRAO KALE","JALNA","26-Feb-2026","priyamitra MSS  ltd jalna","Payment Success","996088"
"669","Maharashtra","Construction of roads, link roads, pathways or any other road with or without drainage system","WS/MP18122/2024-2025/168730","JALNA(DISTRICT COLLECTOR JALNA_IDA)","KALYAN VAIJINATHRAO KALE","JALNA","02-Nov-2025","Shiveshwar Majoor Sahakari Sanstha Maryadit Javkheda Thombre","Payment Success","997186"
"670","Maharashtra","Construction of roads, link roads, pathways or any other road with or without drainage system","WS/MP18122/2025-2026/168731","JALNA(DISTRICT COLLECTOR JALNA_IDA)","KALYAN VAIJINATHRAO KALE","JALNA","10-Nov-2025","Sanjay Tarachand Jadhav","Payment Success","988035"
"671","Maharashtra","Construction of roads, link roads, pathways or any other road with or without drainage system","WS/MP18122/2024-2025/168753","JALNA(DISTRICT COLLECTOR JALNA_IDA)","KALYAN VAIJINATHRAO KALE","JALNA","07-Apr-2026","Dnyaneshwar Pandurang Sahane","Payment Success","984633"
"672","Maharashtra","Construction of community centers and community halls","WS/MP18122/2024-2025/168762","JALNA(DISTRICT COLLECTOR JALNA_IDA)","KALYAN VAIJINATHRAO KALE","JALNA","15-May-2026","Dnyaneshwar Pandurang Sahane","Payment Success","996860"
"673","Maharashtra","Construction of roads, link roads, pathways or any other road with or without drainage system","WS/MP18122/2025-2026/186337","JALNA(DISTRICT COLLECTOR JALNA_IDA)","KALYAN VAIJINATHRAO KALE","JALNA","18-Jan-2026","Bhagwan Baba Mss Ltd Manepuri","Payment Success","939770"
"674","Maharashtra","Construction of community centers and community halls","WS/MP681/2024-2025/143648","JALNA(DISTRICT COLLECTOR JALNA_IDA)","Sanjay Haribhau Jadhav","PARBHANI","03-Jun-2025","Mastsyodari Majur Sahakari Sanstha Maryadit Ambad","Payment Success","893869"
"675","Maharashtra","Construction of community centers and community halls","WS/MP681/2024-2025/143649","JALNA(DISTRICT COLLECTOR JALNA_IDA)","Sanjay Haribhau Jadhav","PARBHANI","03-Jun-2025","Jambuwant Labour Co Op Society Ltd Ambad","Payment Success","991855"
"676","Maharashtra","Construction of roads, link roads, pathways or any other road with or without drainage system","WS/MP18122/2024-2025/181790","JALNA(DISTRICT COLLECTOR JALNA_IDA)","KALYAN VAIJINATHRAO KALE","JALNA","16-Dec-2025","Dnyaneshwar Pandurang Sahane","Payment Success","991657"
"677","Maharashtra","Construction of roads, link roads, pathways or any other road with or without drainage system","WS/MP18122/2024-2025/181792","JALNA(DISTRICT COLLECTOR JALNA_IDA)","KALYAN VAIJINATHRAO KALE","JALNA","04-Dec-2025","Pungale Kailas Dattatray","Payment Success","997136"
"678","Maharashtra","Construction of roads, link roads, pathways or any other road with or without drainage system","WS/MP18122/2024-2025/181794","JALNA(DISTRICT COLLECTOR JALNA_IDA)","KALYAN VAIJINATHRAO KALE","JALNA","22-Mar-2026","Atmanand Mss ltd Avana","Payment Success","989553"
"679","Maharashtra","Construction of roads, link roads, pathways or any other road with or without drainage system","WS/MP18122/2025-2026/181765","JALNA(DISTRICT COLLECTOR JALNA_IDA)","KALYAN VAIJINATHRAO KALE","JALNA","11-Nov-2025","ONKAR MAJUR SAHKARI SANSTHA MYDT JALNA","Payment Success","991254"
"680","Maharashtra","Construction of roads, link roads, pathways or any other road with or without drainage system","WS/MP18122/2024-2025/181771","JALNA(DISTRICT COLLECTOR JALNA_IDA)","KALYAN VAIJINATHRAO KALE","JALNA","21-Jan-2026","Totaram Baba Mss Ltd","Payment Success","992989"
"681","Maharashtra","Construction of roads, link roads, pathways or any other road with or without drainage system","WS/MP18122/2024-2025/181774","JALNA(DISTRICT COLLECTOR JALNA_IDA)","KALYAN VAIJINATHRAO KALE","JALNA","19-Jan-2026","Totaram Baba Mss Ltd","Payment Success","995101"
"682","Maharashtra","Construction of roads, link roads, pathways or any other road with or without drainage system","WS/MP18122/2024-2025/181777","JALNA(DISTRICT COLLECTOR JALNA_IDA)","KALYAN VAIJINATHRAO KALE","JALNA","20-Jan-2026","Totaram Baba Mss Ltd","Payment Success","995883"
"683","Maharashtra","Construction of roads, link roads, pathways or any other road with or without drainage system","WS/MP18122/2024-2025/181785","JALNA(DISTRICT COLLECTOR JALNA_IDA)","KALYAN VAIJINATHRAO KALE","JALNA","15-Jun-2026","Moreshwar mss Ltd Rajur","Payment Success","996665"
"684","Maharashtra","Crematoriums/energy efficient crematoriums or structures on burial/cremation ground","WS/MP18122/2024-2025/181787","JALNA(DISTRICT COLLECTOR JALNA_IDA)","KALYAN VAIJINATHRAO KALE","JALNA","17-Apr-2026","Chetak Mss ltd Borgaon bu","Payment Success","995470"
"685","Maharashtra","Installation of fixed garden gym equipment","WS/MP18128/2026-2027/217789","PALGHAR(DISTRICT COLLECTOR PALGHAR_IDA)","DR. HEMANT VISHNU SAVARA","PALGHAR(ST)","17-Aug-2026","JAY SHREE KRUSHNA MAJUR KAMGAR SANSTHA","Payment Success","994243"
"686","Maharashtra","Construction of rooms and halls in school and colleges","WS/MP18118/2025-2026/160495","AZAMGARH(DISTRICT MAGISTRATE AZAMGARH_IDA)","BHASKAR MURLIDHAR BHAGARE","DINDORI(ST)","03-Sep-2025","ULTRA MODERN GIRLS DEGREE COLLEGE MEHNAGER AZAMGARG","Payment Success","1000000"
"687","Maharashtra","Construction of roads, link roads, pathways or any other road with or without drainage system","WS/MP667/2025-2026/175141","KOLHAPUR(DISTRICT COLLECTOR KOLHAPUR_IDA)","Dhairyasheel Sambhajirao Mane","HATKANANGLE","10-Dec-2025","Nikhil Prakash Nikam","Payment Success","1000000"
"688","Maharashtra","Construction of roads, link roads, pathways or any other road with or without drainage system","WS/MP667/2025-2026/175160","KOLHAPUR(DISTRICT COLLECTOR KOLHAPUR_IDA)","Dhairyasheel Sambhajirao Mane","HATKANANGLE","25-Sep-2025","Abhijeet Anandrao Gaikwad","Payment Success","1000000"
"689","Maharashtra","Construction of roads, link roads, pathways or any other road with or without drainage system","WS/MP18123/2026-2027/238129","KOLHAPUR(DISTRICT COLLECTOR KOLHAPUR_IDA)","CHHATRAPATI SHAHU SHAHAJI","KOLHAPUR","07-Apr-2026","Swaroop Bhauso More","Payment Success","500000"
"690","Maharashtra","Construction of roads, link roads, pathways or any other road with or without drainage system","WS/MP18117/2025-2026/164512","DHULE(DISTRICT COLLECTOR DHULE_IDA)","BACHHAV SHOBHA DINESH","DHULE","08-Jul-2026","GRAMNIDHI GRAMPANCHAYAT KAUTHAL","Payment Success","989166"
"691","Maharashtra","Construction of roads, link roads, pathways or any other road with or without drainage system","WS/MP18117/2025-2026/164520","DHULE(DISTRICT COLLECTOR DHULE_IDA)","BACHHAV SHOBHA DINESH","DHULE","09-Jul-2026","SARPANCH GRAMPANCHAYAT ANCHALE TANDA","Payment Success","899164"
"692","Maharashtra","Construction of roads, link roads, pathways or any other road with or without drainage system","WS/MP18117/2025-2026/164364","DHULE(DISTRICT COLLECTOR DHULE_IDA)","BACHHAV SHOBHA DINESH","DHULE","01-Jul-2026","GRAMNIDHI GRAMPANCHAYAT WARUD","Payment Success","987710"
"693","Maharashtra","Construction of roads, link roads, pathways or any other road with or without drainage system","WS/MP18120/2026-2027/192782","NANDED(DISTRICT COLLECTOR NANDED_IDA)","AASHTIKAR PATIL NAGESH BAPURAO","HINGOLI","03-Aug-2026","TIRUPATI cONSTRUCTION","Payment Success","299757"
"694","Maharashtra","Construction of roads, link roads, pathways or any other road with or without drainage system","WS/MP18120/2026-2027/192783","NANDED(DISTRICT COLLECTOR NANDED_IDA)","AASHTIKAR PATIL NAGESH BAPURAO","HINGOLI","03-Aug-2026","TIRUPATI cONSTRUCTION","Payment Success","699707"
"695","Maharashtra","Construction of culverts and bridges","WS/MP18120/2025-2026/174636","NANDED(DISTRICT COLLECTOR NANDED_IDA)","AASHTIKAR PATIL NAGESH BAPURAO","HINGOLI","10-Feb-2026","SAIBABA STONE CRUSHER AND CONSTRUCTION","Payment Success","7938332"
"696","Maharashtra","Construction of roads, link roads, pathways or any other road with or without drainage system","WS/MP18120/2025-2026/174642","NANDED(DISTRICT COLLECTOR NANDED_IDA)","AASHTIKAR PATIL NAGESH BAPURAO","HINGOLI","21-Jul-2025","Venkatrao Narsingrao Madpelliwar","Payment Success","996314"
"697","Maharashtra","Construction of roads, link roads, pathways or any other road with or without drainage system","WS/MP18120/2025-2026/169208","NANDED(DISTRICT COLLECTOR NANDED_IDA)","AASHTIKAR PATIL NAGESH BAPURAO","HINGOLI","20-Feb-2026","SAIBABA STONE CRUSHER AND CONSTRUCTION","Payment Success","4978547"
"698","Maharashtra","Construction of roads, link roads, pathways or any other road with or without drainage system","WS/MP18120/2025-2026/169210","NANDED(DISTRICT COLLECTOR NANDED_IDA)","AASHTIKAR PATIL NAGESH BAPURAO","HINGOLI","20-Feb-2026","SAIBABA STONE CRUSHER AND CONSTRUCTION","Payment Success","4974167"
"699","Maharashtra","Construction of roads, link roads, pathways or any other road with or without drainage system","WS/MP18120/2026-2027/169217","NANDED(DISTRICT COLLECTOR NANDED_IDA)","AASHTIKAR PATIL NAGESH BAPURAO","HINGOLI","03-Aug-2026","TIRUPATI cONSTRUCTION","Payment Success","699588"
"700","Maharashtra","Construction of roads, link roads, pathways or any other road with or without drainage system","WS/MP18120/2026-2027/169218","NANDED(DISTRICT COLLECTOR NANDED_IDA)","AASHTIKAR PATIL NAGESH BAPURAO","HINGOLI","29-Jun-2026","SAIBABA STONE CRUSHER AND CONSTRUCTION","Payment Success","999656"
"701","Maharashtra","Construction of roads, link roads, pathways or any other road with or without drainage system","WS/MP18120/2026-2027/169231","NANDED(DISTRICT COLLECTOR NANDED_IDA)","AASHTIKAR PATIL NAGESH BAPURAO","HINGOLI","29-Jun-2026","SAIBABA STONE CRUSHER AND CONSTRUCTION","Payment Success","1771411"
"702","Maharashtra","Purchase of furniture and fixtures for educational purposes","WS/MP691/2025-2026/175514","JALGAON(DISTRICT COLLECTOR JALGAON_IDA)","Smt Raksha Nikhil Khadse","RAVER","10-Dec-2025","Harshal Agencies","Payment Success","914736"
"703","Maharashtra","Fitting of Sitting RCC Benches in Public Places","WS/MP691/2024-2025/140096","JALGAON(DISTRICT COLLECTOR JALGAON_IDA)","Smt Raksha Nikhil Khadse","RAVER","07-Oct-2024","GopiKrishana Majoor Sahakari Sanstha Ruikheda","Payment Success","2974718"
"704","Maharashtra","Construction of footpaths and pedestrian ways","WS/MP691/2025-2026/237152","JALGAON(DISTRICT COLLECTOR JALGAON_IDA)","Smt Raksha Nikhil Khadse","RAVER","07-Jan-2026","SHAIKH FARID SAMAD","Payment Success","1982519"
"705","Maharashtra","Construction of boundary walls of existing public and community buildings","WS/MP18121/2024-2025/163148","JALGAON(DISTRICT COLLECTOR JALGAON_IDA)","SMITA UDAY WAGH","JALGAON","10-Mar-2026","Ch Shrikrupa Majur Co Op Society","Payment Success","1499900"
"706","Maharashtra","Construction of Government office buildings (Post office, Police station, Police chauki, etc.)","WS/MP18121/2024-2025/163230","JALGAON(DISTRICT COLLECTOR JALGAON_IDA)","SMITA UDAY WAGH","JALGAON","18-Nov-2025","Ch Dnyaneshwar Majoor Sahakari Soc LDT","Payment Success","2490157"
"707","Maharashtra","Construction of community centers and community halls","WS/MP18121/2024-2025/146766","JALGAON(DISTRICT COLLECTOR JALGAON_IDA)","SMITA UDAY WAGH","JALGAON","12-Mar-2025","GURUDATTA GAWANDI KAMGAR MAJOOR SAHAKARI SOCIETY LIMITED","Payment Success","1998833"
"708","Maharashtra","Construction of boundary walls of existing public and community buildings","WS/MP18121/2024-2025/146767","JALGAON(DISTRICT COLLECTOR JALGAON_IDA)","SMITA UDAY WAGH","JALGAON","23-Jul-2025","GURUDATTA GAWANDI KAMGAR MAJOOR SAHAKARI SOCIETY LIMITED","Payment Success","1999472"
"709","Maharashtra","Construction of roads, link roads, pathways or any other road with or without drainage system","WS/MP18121/2024-2025/146782","JALGAON(DISTRICT COLLECTOR JALGAON_IDA)","SMITA UDAY WAGH","JALGAON","19-May-2025","Manoj Murlidhar Gujar","Payment Success","998933"
"710","Maharashtra","Construction of roads, link roads, pathways or any other road with or without drainage system","WS/MP18121/2024-2025/146636","JALGAON(DISTRICT COLLECTOR JALGAON_IDA)","SMITA UDAY WAGH","JALGAON","04-Dec-2025","Satyajeet Sanjay Patil","Payment Success","699511"
"711","Maharashtra","Providing drains and gutters for public drainage","WS/MP18121/2024-2025/146649","JALGAON(DISTRICT COLLECTOR JALGAON_IDA)","SMITA UDAY WAGH","JALGAON","29-Jan-2025","Deepak Bhausaheb Deshmukh","Payment Success","699000"
"712","Maharashtra","Providing drains and gutters for public drainage","WS/MP18121/2024-2025/146654","JALGAON(DISTRICT COLLECTOR JALGAON_IDA)","SMITA UDAY WAGH","JALGAON","18-Mar-2025","GAURAV SUNIL MORE","Payment Success","699551"
"713","Maharashtra","Construction of roads, link roads, pathways or any other road with or without drainage system","WS/MP18121/2024-2025/146671","JALGAON(DISTRICT COLLECTOR JALGAON_IDA)","SMITA UDAY WAGH","JALGAON","09-Jan-2025","KISHOR RAGHO PATIL","Payment Success","2945320"
"714","Maharashtra","Construction of community centers and community halls","WS/MP18134/2025-2026/178488","Ahilyanagar(DISTRICT COLLECTOR AHMEDNAGAR_IDA)","BHAUSAHEB RAJARAM WAKCHAURE","SHIRDI(SC)","29-Jan-2026","Ch Panchkeshwar Majur bandhkam sah sanstha","Payment Success","993759"
"715","Maharashtra","Construction of common work sheds/ common covered sitting area","WS/MP18134/2025-2026/178853","Ahilyanagar(DISTRICT COLLECTOR AHMEDNAGAR_IDA)","BHAUSAHEB RAJARAM WAKCHAURE","SHIRDI(SC)","17-Jun-2026","Kailas Majur STY Ghoyagaon","Payment Success","489626"
"716","Maharashtra","Construction of boundary walls of existing public and community buildings","WS/MP18134/2025-2026/178855","Ahilyanagar(DISTRICT COLLECTOR AHMEDNAGAR_IDA)","BHAUSAHEB RAJARAM WAKCHAURE","SHIRDI(SC)","17-Jun-2026","Kailas Majur STY Ghoyagaon","Payment Success","494686"
"717","Maharashtra","Construction of community centers and community halls","WS/MP18134/2025-2026/179141","Ahilyanagar(DISTRICT COLLECTOR AHMEDNAGAR_IDA)","BHAUSAHEB RAJARAM WAKCHAURE","SHIRDI(SC)","26-Jun-2026","Ch Sankalp Majur Society Pohegaon","Payment Success","695177"
"718","Maharashtra","Construction of community centers and community halls","WS/MP18134/2025-2026/179433","Ahilyanagar(DISTRICT COLLECTOR AHMEDNAGAR_IDA)","BHAUSAHEB RAJARAM WAKCHAURE","SHIRDI(SC)","29-Jul-2026","Ch Shramlaxmi Majur Sah Sanstha Ltd Waladgaon","Payment Success","496027"
"719","Maharashtra","Construction of community centers and community halls","WS/MP18134/2025-2026/180596","Ahilyanagar(DISTRICT COLLECTOR AHMEDNAGAR_IDA)","BHAUSAHEB RAJARAM WAKCHAURE","SHIRDI(SC)","17-Jun-2026","Kailas Majur STY Ghoyagaon","Payment Success","488636"
"720","Maharashtra","Construction of community centers and community halls","WS/MP18134/2026-2027/181726","Ahilyanagar(DISTRICT COLLECTOR AHMEDNAGAR_IDA)","BHAUSAHEB RAJARAM WAKCHAURE","SHIRDI(SC)","30-Jun-2026","Ch Saptshrungi Mata Wadar MSS Ltd Akole","Payment Success","496201"
"721","Maharashtra","Construction of community centers and community halls","WS/MP18124/2025-2026/226110","MUMBAI SUBURBAN(DISTRICT COLLECTOR MUMBAI SUBURBAN_IDA)","GAIKWAD VARSHA EKNATH","MUMBAI NORTH-CENTRAL","20-Mar-2026","K K Enterprises","Payment Success","1848596"
"722","Maharashtra","Construction of common work sheds/ common covered sitting area","WS/MP18124/2025-2026/226116","MUMBAI SUBURBAN(DISTRICT COLLECTOR MUMBAI SUBURBAN_IDA)","GAIKWAD VARSHA EKNATH","MUMBAI NORTH-CENTRAL","03-Aug-2026","Samona Enterprises","Payment Success","1898368"
"723","Maharashtra","Construction of roads, link roads, pathways or any other road with or without drainage system","WS/MP18124/2025-2026/226117","MUMBAI SUBURBAN(DISTRICT COLLECTOR MUMBAI SUBURBAN_IDA)","GAIKWAD VARSHA EKNATH","MUMBAI NORTH-CENTRAL","25-Feb-2026","siddheshwar enterprises","Payment Success","1848228"
"724","Maharashtra","Construction of roads, link roads, pathways or any other road with or without drainage system","WS/MP18124/2025-2026/226118","MUMBAI SUBURBAN(DISTRICT COLLECTOR MUMBAI SUBURBAN_IDA)","GAIKWAD VARSHA EKNATH","MUMBAI NORTH-CENTRAL","25-Mar-2026","A K JAISH ENTERPRISES","Payment Success","1998480"
"725","Maharashtra","Construction of roads, link roads, pathways or any other road with or without drainage system","WS/MP18124/2025-2026/226119","MUMBAI SUBURBAN(DISTRICT COLLECTOR MUMBAI SUBURBAN_IDA)","GAIKWAD VARSHA EKNATH","MUMBAI NORTH-CENTRAL","23-Jan-2026","United aviation labour co operative society","Payment Success","1998480"
"726","Maharashtra","Construction of roads, link roads, pathways or any other road with or without drainage system","WS/MP18124/2025-2026/226120","MUMBAI SUBURBAN(DISTRICT COLLECTOR MUMBAI SUBURBAN_IDA)","GAIKWAD VARSHA EKNATH","MUMBAI NORTH-CENTRAL","09-Apr-2026","K K Enterprises","Payment Success","2498102"
"727","Maharashtra","Construction of roads, link roads, pathways or any other road with or without drainage system","WS/MP18124/2025-2026/226149","MUMBAI SUBURBAN(DISTRICT COLLECTOR MUMBAI SUBURBAN_IDA)","GAIKWAD VARSHA EKNATH","MUMBAI NORTH-CENTRAL","25-Mar-2026","Shailendra Hindurao Umbarkar","Payment Success","1798633"
"728","Maharashtra","Construction of roads, link roads, pathways or any other road with or without drainage system","WS/MP18124/2025-2026/226150","MUMBAI SUBURBAN(DISTRICT COLLECTOR MUMBAI SUBURBAN_IDA)","GAIKWAD VARSHA EKNATH","MUMBAI NORTH-CENTRAL","30-Jan-2026","Amina M S S M","Payment Success","1498862"
"729","Maharashtra","Construction of roads, link roads, pathways or any other road with or without drainage system","WS/MP18124/2025-2026/226155","MUMBAI SUBURBAN(DISTRICT COLLECTOR MUMBAI SUBURBAN_IDA)","GAIKWAD VARSHA EKNATH","MUMBAI NORTH-CENTRAL","20-Mar-2026","Shyam co operative labour society ltd","Payment Success","1798633"
"730","Maharashtra","Construction of roads, link roads, pathways or any other road with or without drainage system","WS/MP18124/2025-2026/226159","MUMBAI SUBURBAN(DISTRICT COLLECTOR MUMBAI SUBURBAN_IDA)","GAIKWAD VARSHA EKNATH","MUMBAI NORTH-CENTRAL","01-Jul-2026","ADITYA VISHWAKARMA","Payment Success","1848595"
"731","Maharashtra","Construction of roads, link roads, pathways or any other road with or without drainage system","WS/MP18124/2025-2026/226161","MUMBAI SUBURBAN(DISTRICT COLLECTOR MUMBAI SUBURBAN_IDA)","GAIKWAD VARSHA EKNATH","MUMBAI NORTH-CENTRAL","20-Mar-2026","Pushkar sahakari majoor sanstha maryadit","Payment Success","1748671"
"732","Maharashtra","Construction of roads, link roads, pathways or any other road with or without drainage system","WS/MP18124/2025-2026/226166","MUMBAI SUBURBAN(DISTRICT COLLECTOR MUMBAI SUBURBAN_IDA)","GAIKWAD VARSHA EKNATH","MUMBAI NORTH-CENTRAL","01-Jul-2026","SAikrupa Construction","Payment Success","1947550"
"733","Maharashtra","Construction of common work sheds/ common covered sitting area","WS/MP18361/2025-2026/226175","MUMBAI SUBURBAN(DISTRICT COLLECTOR MUMBAI SUBURBAN_IDA)","SANJAY DINA PATIL","MUMBAI NORTH EAST","09-Apr-2026","Shirish Majoor sahakari sanstha maryadit","Payment Success","1559790"
"734","Maharashtra","Construction of roads, link roads, pathways or any other road with or without drainage system","WS/MP18124/2025-2026/226178","MUMBAI SUBURBAN(DISTRICT COLLECTOR MUMBAI SUBURBAN_IDA)","GAIKWAD VARSHA EKNATH","MUMBAI NORTH-CENTRAL","23-Mar-2026","MAHENDRA ENTERPRISES","Payment Success","2147297"
"735","Maharashtra","Construction of roads, link roads, pathways or any other road with or without drainage system","WS/MP18124/2025-2026/226179","MUMBAI SUBURBAN(DISTRICT COLLECTOR MUMBAI SUBURBAN_IDA)","GAIKWAD VARSHA EKNATH","MUMBAI NORTH-CENTRAL","20-Mar-2026","SAMONA ENTERPRISES","Payment Success","2298024"
"736","Maharashtra","Construction of roads, link roads, pathways or any other road with or without drainage system","WS/MP18124/2025-2026/226181","MUMBAI SUBURBAN(DISTRICT COLLECTOR MUMBAI SUBURBAN_IDA)","GAIKWAD VARSHA EKNATH","MUMBAI NORTH-CENTRAL","23-Mar-2026","MAHENDRA ENTERPRISES","Payment Success","2447164"
"737","Maharashtra","Construction of roads, link roads, pathways or any other road with or without drainage system","WS/MP18124/2025-2026/226184","MUMBAI SUBURBAN(DISTRICT COLLECTOR MUMBAI SUBURBAN_IDA)","GAIKWAD VARSHA EKNATH","MUMBAI NORTH-CENTRAL","20-Mar-2026","SAMONA ENTERPRISES","Payment Success","2897509"
"738","Maharashtra","Construction of roads, link roads, pathways or any other road with or without drainage system","WS/MP18124/2025-2026/226193","MUMBAI SUBURBAN(DISTRICT COLLECTOR MUMBAI SUBURBAN_IDA)","GAIKWAD VARSHA EKNATH","MUMBAI NORTH-CENTRAL","20-Mar-2026","Ashok Construction Co","Payment Success","1998481"
"739","Maharashtra","Construction of roads, link roads, pathways or any other road with or without drainage system","WS/MP18124/2025-2026/226195","MUMBAI SUBURBAN(DISTRICT COLLECTOR MUMBAI SUBURBAN_IDA)","GAIKWAD VARSHA EKNATH","MUMBAI NORTH-CENTRAL","20-Mar-2026","Om Construction","Payment Success","1498115"
"740","Maharashtra","Construction of roads, link roads, pathways or any other road with or without drainage system","WS/MP18124/2025-2026/226197","MUMBAI SUBURBAN(DISTRICT COLLECTOR MUMBAI SUBURBAN_IDA)","GAIKWAD VARSHA EKNATH","MUMBAI NORTH-CENTRAL","20-Mar-2026","Pushkar sahakari majoor sanstha maryadit","Payment Success","799392"
"741","Maharashtra","Construction of roads, link roads, pathways or any other road with or without drainage system","WS/MP18308/2025-2026/145410","MUMBAI SUBURBAN(DISTRICT COLLECTOR MUMBAI SUBURBAN_IDA)","RAVINDRA DATTARAM WAIKAR","MUMBAI NORTH WEST","23-Jan-2026","M s Anshika Enterprises","Payment Success","1998481"
"742","Maharashtra","Construction of roads, link roads, pathways or any other road with or without drainage system","WS/MP18308/2025-2026/145411","MUMBAI SUBURBAN(DISTRICT COLLECTOR MUMBAI SUBURBAN_IDA)","RAVINDRA DATTARAM WAIKAR","MUMBAI NORTH WEST","14-Oct-2025","Shri Swami Samarth Majoor Sahakari Sanstha Maryadit","Payment Success","1498862"
"743","Maharashtra","Construction of roads, link roads, pathways or any other road with or without drainage system","WS/MP18308/2025-2026/145414","MUMBAI SUBURBAN(DISTRICT COLLECTOR MUMBAI SUBURBAN_IDA)","RAVINDRA DATTARAM WAIKAR","MUMBAI NORTH WEST","07-Apr-2026","M s Anshika Enterprises","Payment Success","1998482"
"744","Maharashtra","Construction of roads, link roads, pathways or any other road with or without drainage system","WS/MP18308/2025-2026/145418","MUMBAI SUBURBAN(DISTRICT COLLECTOR MUMBAI SUBURBAN_IDA)","RAVINDRA DATTARAM WAIKAR","MUMBAI NORTH WEST","02-Jul-2025","M s Anshika Enterprises","Payment Success","1998481"
"745","Maharashtra","Construction of roads, link roads, pathways or any other road with or without drainage system","WS/MP18308/2025-2026/145419","MUMBAI SUBURBAN(DISTRICT COLLECTOR MUMBAI SUBURBAN_IDA)","RAVINDRA DATTARAM WAIKAR","MUMBAI NORTH WEST","01-Aug-2025","Jayant Constructions","Payment Success","1498862"
"746","Maharashtra","Construction of roads, link roads, pathways or any other road with or without drainage system","WS/MP18308/2025-2026/145420","MUMBAI SUBURBAN(DISTRICT COLLECTOR MUMBAI SUBURBAN_IDA)","RAVINDRA DATTARAM WAIKAR","MUMBAI NORTH WEST","14-Oct-2025","Sneha Majour Sahakari Sanstha Mayadit","Payment Success","1998481"
"747","Maharashtra","Construction of community centers and community halls","WS/MP18308/2025-2026/145422","MUMBAI SUBURBAN(DISTRICT COLLECTOR MUMBAI SUBURBAN_IDA)","RAVINDRA DATTARAM WAIKAR","MUMBAI NORTH WEST","28-Jul-2025","Gautam Enterorises","Payment Success","2498103"
"748","Maharashtra","Construction of community centers and community halls","WS/MP18308/2025-2026/145424","MUMBAI SUBURBAN(DISTRICT COLLECTOR MUMBAI SUBURBAN_IDA)","RAVINDRA DATTARAM WAIKAR","MUMBAI NORTH WEST","23-Jan-2026","RAJ DINESH PANDIRKAR","Payment Success","1798634"
"749","Maharashtra","Construction of toilet blocks","WS/MP18308/2025-2026/145425","MUMBAI SUBURBAN(DISTRICT COLLECTOR MUMBAI SUBURBAN_IDA)","RAVINDRA DATTARAM WAIKAR","MUMBAI NORTH WEST","05-Aug-2026","Jai Bholenath Majoor Sahakari Sanstha Maryadit","Payment Success","2098407"
"750","Maharashtra","Fitting of Sitting RCC Benches in Public Places","WS/MP18308/2025-2026/145426","MUMBAI SUBURBAN(DISTRICT COLLECTOR MUMBAI SUBURBAN_IDA)","RAVINDRA DATTARAM WAIKAR","MUMBAI NORTH WEST","28-Jul-2025","Mahendra Jagannath Lokhande","Payment Success","1498862"
"751","Maharashtra","Construction of roads, link roads, pathways or any other road with or without drainage system","WS/MP18308/2025-2026/145427","MUMBAI SUBURBAN(DISTRICT COLLECTOR MUMBAI SUBURBAN_IDA)","RAVINDRA DATTARAM WAIKAR","MUMBAI NORTH WEST","27-Jan-2026","SHRI MUKUNDRAJ MAJOOR SAHAKARI SANSTHA","Payment Success","2995469"
"752","Maharashtra","Construction of roads, link roads, pathways or any other road with or without drainage system","WS/MP18308/2025-2026/145428","MUMBAI SUBURBAN(DISTRICT COLLECTOR MUMBAI SUBURBAN_IDA)","RAVINDRA DATTARAM WAIKAR","MUMBAI NORTH WEST","01-Jul-2025","Gautam LCS Ltd","Payment Success","1498861"
"753","Maharashtra","Construction of community centers and community halls","WS/MP18116/2025-2026/210953","THANE(DISTRICT COLLECTOR THANE_IDA)","BALYA MAMA SURESH GOPINATH MHATRE","BHIWANDI","15-May-2026","Hindustan Enterprises","Payment Success","792080"
"754","Maharashtra","Construction of roads, link roads, pathways or any other road with or without drainage system","WS/MP18116/2025-2026/185875","THANE(DISTRICT COLLECTOR THANE_IDA)","BALYA MAMA SURESH GOPINATH MHATRE","BHIWANDI","07-Oct-2025","Sahayog MKSS","Payment Success","2100000"
"755","Maharashtra","Construction of roads, link roads, pathways or any other road with or without drainage system","WS/MP18116/2025-2026/240280","THANE(DISTRICT COLLECTOR THANE_IDA)","BALYA MAMA SURESH GOPINATH MHATRE","BHIWANDI","02-Jul-2026","Rahul Ashok Mhatre","Payment Success","1000000"
"756","Maharashtra","Construction of roads, link roads, pathways or any other road with or without drainage system","WS/MP18116/2025-2026/228144","THANE(DISTRICT COLLECTOR THANE_IDA)","BALYA MAMA SURESH GOPINATH MHATRE","BHIWANDI","22-Apr-2026","Sandeep Maj Kam Sah Sty Ltd","Payment Success","499939"
"757","Maharashtra","Construction of roads, link roads, pathways or any other road with or without drainage system","WS/MP18116/2025-2026/228146","THANE(DISTRICT COLLECTOR THANE_IDA)","BALYA MAMA SURESH GOPINATH MHATRE","BHIWANDI","21-Apr-2026","Sandeep Maj Kam Sah Sty Ltd","Payment Success","499545"
"758","Maharashtra","Construction of footpaths and pedestrian ways","WS/MP18116/2025-2026/192298","THANE(DISTRICT COLLECTOR THANE_IDA)","BALYA MAMA SURESH GOPINATH MHATRE","BHIWANDI","06-Nov-2025","Kishor Eknath GIte","Payment Success","999000"
"759","Maharashtra","Construction of footpaths and pedestrian ways","WS/MP18116/2025-2026/192299","THANE(DISTRICT COLLECTOR THANE_IDA)","BALYA MAMA SURESH GOPINATH MHATRE","BHIWANDI","06-Nov-2025","Kishor Eknath GIte","Payment Success","999000"
"760","Maharashtra","Construction of footpaths and pedestrian ways","WS/MP18116/2025-2026/192300","THANE(DISTRICT COLLECTOR THANE_IDA)","BALYA MAMA SURESH GOPINATH MHATRE","BHIWANDI","06-Nov-2025","Kishor Eknath GIte","Payment Success","999000"
"761","Maharashtra","Construction of footpaths and pedestrian ways","WS/MP18116/2025-2026/202759","THANE(DISTRICT COLLECTOR THANE_IDA)","BALYA MAMA SURESH GOPINATH MHATRE","BHIWANDI","02-Feb-2026","MANTHAN MORESHWAR JADHAV","Payment Success","498270"
"762","Maharashtra","Construction of roads, link roads, pathways or any other road with or without drainage system","WS/MP18116/2025-2026/202771","THANE(DISTRICT COLLECTOR THANE_IDA)","BALYA MAMA SURESH GOPINATH MHATRE","BHIWANDI","02-Feb-2026","MANTHAN MORESHWAR JADHAV","Payment Success","499237"
"763","Maharashtra","Construction of footpaths and pedestrian ways","WS/MP18116/2025-2026/227495","THANE(DISTRICT COLLECTOR THANE_IDA)","BALYA MAMA SURESH GOPINATH MHATRE","BHIWANDI","10-Jul-2026","Kishor Eknath GIte","Payment Success","999300"
"764","Maharashtra","Construction of roads, link roads, pathways or any other road with or without drainage system","WS/MP18116/2025-2026/186699","THANE(DISTRICT COLLECTOR THANE_IDA)","BALYA MAMA SURESH GOPINATH MHATRE","BHIWANDI","08-Apr-2026","PANKAJ TULSHIRAM NAIK","Payment Success","996428"
"765","Maharashtra","Tree plantation for community","WS/MP18307/2025-2026/143611","MUMBAI SUBURBAN(DISTRICT COLLECTOR MUMBAI SUBURBAN_IDA)","Piyush Vedprakash Goyal","MUMBAI NORTH","17-Feb-2026","ANIKET ANIL SHINDE","Payment Success","1485428"
"766","Maharashtra","Tree plantation for community","WS/MP18307/2025-2026/143612","MUMBAI SUBURBAN(DISTRICT COLLECTOR MUMBAI SUBURBAN_IDA)","Piyush Vedprakash Goyal","MUMBAI NORTH","01-Jul-2026","ANIKET ANIL SHINDE","Payment Success","1485428"
"767","Maharashtra","Construction of roads, link roads, pathways or any other road with or without drainage system","WS/MP18307/2025-2026/143613","MUMBAI SUBURBAN(DISTRICT COLLECTOR MUMBAI SUBURBAN_IDA)","Piyush Vedprakash Goyal","MUMBAI NORTH","04-Aug-2026","New Era Co Op Lcs Ltd","Payment Success","1498861"
"768","Maharashtra","Construction of roads, link roads, pathways or any other road with or without drainage system","WS/MP18124/2025-2026/165749","MUMBAI SUBURBAN(DISTRICT COLLECTOR MUMBAI SUBURBAN_IDA)","GAIKWAD VARSHA EKNATH","MUMBAI NORTH-CENTRAL","25-Jul-2025","Samona Enterprises","Payment Success","998245"
"769","Maharashtra","Construction of roads, link roads, pathways or any other road with or without drainage system","WS/MP18124/2025-2026/165767","MUMBAI SUBURBAN(DISTRICT COLLECTOR MUMBAI SUBURBAN_IDA)","GAIKWAD VARSHA EKNATH","MUMBAI NORTH-CENTRAL","21-Aug-2025","MS SHRI AMBIKA MATA","Payment Success","999240"
"770","Maharashtra","Construction of roads, link roads, pathways or any other road with or without drainage system","WS/MP18124/2025-2026/165771","MUMBAI SUBURBAN(DISTRICT COLLECTOR MUMBAI SUBURBAN_IDA)","GAIKWAD VARSHA EKNATH","MUMBAI NORTH-CENTRAL","21-Aug-2025","Rahul Co Operative Labour Society Ltd","Payment Success","999240"
"771","Maharashtra","Construction of roads, link roads, pathways or any other road with or without drainage system","WS/MP18124/2025-2026/165777","MUMBAI SUBURBAN(DISTRICT COLLECTOR MUMBAI SUBURBAN_IDA)","GAIKWAD VARSHA EKNATH","MUMBAI NORTH-CENTRAL","21-Aug-2025","Chandrarup Majoor Sahakari Sanstha","Payment Success","999240"
"772","Maharashtra","Construction of roads, link roads, pathways or any other road with or without drainage system","WS/MP18124/2025-2026/165779","MUMBAI SUBURBAN(DISTRICT COLLECTOR MUMBAI SUBURBAN_IDA)","GAIKWAD VARSHA EKNATH","MUMBAI NORTH-CENTRAL","10-Jul-2025","GEETA CO OP LABOUR SOCIETY LTD","Payment Success","999240"
"773","Maharashtra","Construction of roads, link roads, pathways or any other road with or without drainage system","WS/MP18124/2025-2026/165781","MUMBAI SUBURBAN(DISTRICT COLLECTOR MUMBAI SUBURBAN_IDA)","GAIKWAD VARSHA EKNATH","MUMBAI NORTH-CENTRAL","10-Jul-2025","RENUKA CO OP LABOUR SOCIETY LIMITED","Payment Success","999240"
"774","Maharashtra","Construction of roads, link roads, pathways or any other road with or without drainage system","WS/MP18124/2025-2026/165785","MUMBAI SUBURBAN(DISTRICT COLLECTOR MUMBAI SUBURBAN_IDA)","GAIKWAD VARSHA EKNATH","MUMBAI NORTH-CENTRAL","21-Aug-2025","Dagad kamgar coop labour society ltd","Payment Success","999240"
"775","Maharashtra","Construction of roads, link roads, pathways or any other road with or without drainage system","WS/MP18124/2025-2026/165786","MUMBAI SUBURBAN(DISTRICT COLLECTOR MUMBAI SUBURBAN_IDA)","GAIKWAD VARSHA EKNATH","MUMBAI NORTH-CENTRAL","11-Dec-2025","KHIJRIL KHOKAR","Payment Success","999241"
"776","Maharashtra","Construction of roads, link roads, pathways or any other road with or without drainage system","WS/MP18124/2025-2026/165789","MUMBAI SUBURBAN(DISTRICT COLLECTOR MUMBAI SUBURBAN_IDA)","GAIKWAD VARSHA EKNATH","MUMBAI NORTH-CENTRAL","14-Jul-2025","Samona Enterprises","Payment Success","999140"
"777","Maharashtra","Construction of roads, link roads, pathways or any other road with or without drainage system","WS/MP18124/2025-2026/165816","MUMBAI SUBURBAN(DISTRICT COLLECTOR MUMBAI SUBURBAN_IDA)","GAIKWAD VARSHA EKNATH","MUMBAI NORTH-CENTRAL","14-Jul-2025","Samona Enterprises","Payment Success","999140"
"778","Maharashtra","Construction of community centers and community halls","WS/MP18124/2025-2026/165820","MUMBAI SUBURBAN(DISTRICT COLLECTOR MUMBAI SUBURBAN_IDA)","GAIKWAD VARSHA EKNATH","MUMBAI NORTH-CENTRAL","14-Jul-2025","Samona Enterprises","Payment Success","1998282"
"779","Maharashtra","Construction of roads, link roads, pathways or any other road with or without drainage system","WS/MP18124/2025-2026/161223","MUMBAI SUBURBAN(DISTRICT COLLECTOR MUMBAI SUBURBAN_IDA)","GAIKWAD VARSHA EKNATH","MUMBAI NORTH-CENTRAL","24-Feb-2026","Whitestar Infrastructure","Payment Success","2498104"
"780","Maharashtra","Construction of roads, link roads, pathways or any other road with or without drainage system","WS/MP18124/2025-2026/161241","MUMBAI SUBURBAN(DISTRICT COLLECTOR MUMBAI SUBURBAN_IDA)","GAIKWAD VARSHA EKNATH","MUMBAI NORTH-CENTRAL","10-Jul-2025","MAHENDRA ENTERPRISES","Payment Success","2497109"
"781","Maharashtra","Construction of roads, link roads, pathways or any other road with or without drainage system","WS/MP18124/2025-2026/162301","MUMBAI SUBURBAN(DISTRICT COLLECTOR MUMBAI SUBURBAN_IDA)","GAIKWAD VARSHA EKNATH","MUMBAI NORTH-CENTRAL","24-Jul-2025","SUDHIR BABU DHOTRE","Payment Success","1498862"
"782","Maharashtra","Construction of roads, link roads, pathways or any other road with or without drainage system","WS/MP18124/2025-2026/162319","MUMBAI SUBURBAN(DISTRICT COLLECTOR MUMBAI SUBURBAN_IDA)","GAIKWAD VARSHA EKNATH","MUMBAI NORTH-CENTRAL","10-Jul-2025","MAHENDRA ENTERPRISES","Payment Success","1997685"
"783","Maharashtra","Construction of roads, link roads, pathways or any other road with or without drainage system","WS/MP18124/2025-2026/162323","MUMBAI SUBURBAN(DISTRICT COLLECTOR MUMBAI SUBURBAN_IDA)","GAIKWAD VARSHA EKNATH","MUMBAI NORTH-CENTRAL","10-Jul-2025","Abhay Shankar Kambali","Payment Success","1998083"
"784","Maharashtra","Construction of roads, link roads, pathways or any other road with or without drainage system","WS/MP18124/2025-2026/162328","MUMBAI SUBURBAN(DISTRICT COLLECTOR MUMBAI SUBURBAN_IDA)","GAIKWAD VARSHA EKNATH","MUMBAI NORTH-CENTRAL","24-Jul-2025","Om Construction","Payment Success","2496860"
"785","Maharashtra","Construction of roads, link roads, pathways or any other road with or without drainage system","WS/MP18124/2025-2026/162339","MUMBAI SUBURBAN(DISTRICT COLLECTOR MUMBAI SUBURBAN_IDA)","GAIKWAD VARSHA EKNATH","MUMBAI NORTH-CENTRAL","06-Dec-2025","SAikrupa Construction","Payment Success","1498861"
"786","Maharashtra","Construction of community centers and community halls","WS/MP18124/2025-2026/162344","MUMBAI SUBURBAN(DISTRICT COLLECTOR MUMBAI SUBURBAN_IDA)","GAIKWAD VARSHA EKNATH","MUMBAI NORTH-CENTRAL","23-Jan-2026","Shrusha Enterprises","Payment Success","1996492"
"787","Maharashtra","Construction of roads, link roads, pathways or any other road with or without drainage system","WS/MP18124/2025-2026/162349","MUMBAI SUBURBAN(DISTRICT COLLECTOR MUMBAI SUBURBAN_IDA)","GAIKWAD VARSHA EKNATH","MUMBAI NORTH-CENTRAL","10-Jul-2025","MAHENDRA ENTERPRISES","Payment Success","2497109"
"788","Maharashtra","Construction of roads, link roads, pathways or any other road with or without drainage system","WS/MP18124/2025-2026/162358","MUMBAI SUBURBAN(DISTRICT COLLECTOR MUMBAI SUBURBAN_IDA)","GAIKWAD VARSHA EKNATH","MUMBAI NORTH-CENTRAL","25-Jul-2025","siddheshwar enterprises","Payment Success","1998183"
"789","Maharashtra","Construction of roads, link roads, pathways or any other road with or without drainage system","WS/MP18124/2025-2026/162363","MUMBAI SUBURBAN(DISTRICT COLLECTOR MUMBAI SUBURBAN_IDA)","GAIKWAD VARSHA EKNATH","MUMBAI NORTH-CENTRAL","25-Sep-2025","A K JAISH ENTERPRISES","Payment Success","2497854"
"790","Maharashtra","Construction of roads, link roads, pathways or any other road with or without drainage system","WS/MP18124/2025-2026/162368","MUMBAI SUBURBAN(DISTRICT COLLECTOR MUMBAI SUBURBAN_IDA)","GAIKWAD VARSHA EKNATH","MUMBAI NORTH-CENTRAL","21-Aug-2025","K K Enterprises","Payment Success","1498861"
"791","Maharashtra","Construction of roads, link roads, pathways or any other road with or without drainage system","WS/MP18124/2025-2026/162371","MUMBAI SUBURBAN(DISTRICT COLLECTOR MUMBAI SUBURBAN_IDA)","GAIKWAD VARSHA EKNATH","MUMBAI NORTH-CENTRAL","24-Jul-2025","Saikrupa Enterprises","Payment Success","2497854"
"792","Maharashtra","Providing drains and gutters for public drainage","WS/MP18124/2025-2026/162373","MUMBAI SUBURBAN(DISTRICT COLLECTOR MUMBAI SUBURBAN_IDA)","GAIKWAD VARSHA EKNATH","MUMBAI NORTH-CENTRAL","11-Jul-2025","M S SOFIA ENTERPRISES","Payment Success","2498101"
"793","Maharashtra","Construction of roads, link roads, pathways or any other road with or without drainage system","WS/MP18124/2025-2026/162376","MUMBAI SUBURBAN(DISTRICT COLLECTOR MUMBAI SUBURBAN_IDA)","GAIKWAD VARSHA EKNATH","MUMBAI NORTH-CENTRAL","24-Jul-2025","Shahjad alimohd samiulla raeen","Payment Success","999240"
"794","Maharashtra","Construction of roads, link roads, pathways or any other road with or without drainage system","WS/MP18124/2025-2026/162401","MUMBAI SUBURBAN(DISTRICT COLLECTOR MUMBAI SUBURBAN_IDA)","GAIKWAD VARSHA EKNATH","MUMBAI NORTH-CENTRAL","21-Aug-2025","Andheri Wadari Labour Contract Sahakari","Payment Success","999240"
"795","Maharashtra","Construction of roads, link roads, pathways or any other road with or without drainage system","WS/MP18124/2025-2026/162402","MUMBAI SUBURBAN(DISTRICT COLLECTOR MUMBAI SUBURBAN_IDA)","GAIKWAD VARSHA EKNATH","MUMBAI NORTH-CENTRAL","21-Aug-2025","Shivneri Coop Labour Society ltd","Payment Success","999240"
"796","Maharashtra","Construction of passage at unmanned railway crossings","WS/MP18124/2025-2026/162403","MUMBAI SUBURBAN(DISTRICT COLLECTOR MUMBAI SUBURBAN_IDA)","GAIKWAD VARSHA EKNATH","MUMBAI NORTH-CENTRAL","21-Aug-2025","Bharat Co Op Labour Society Limeted","Payment Success","999240"
"797","Maharashtra","Construction of roads, link roads, pathways or any other road with or without drainage system","WS/MP18124/2025-2026/162416","MUMBAI SUBURBAN(DISTRICT COLLECTOR MUMBAI SUBURBAN_IDA)","GAIKWAD VARSHA EKNATH","MUMBAI NORTH-CENTRAL","25-Jul-2025","Samona Enterprises","Payment Success","998245"
"798","Maharashtra","Providing drains and gutters for public drainage","WS/MP18124/2025-2026/162417","MUMBAI SUBURBAN(DISTRICT COLLECTOR MUMBAI SUBURBAN_IDA)","GAIKWAD VARSHA EKNATH","MUMBAI NORTH-CENTRAL","12-Dec-2025","Samona Enterprises","Payment Success","998245"
"799","Maharashtra","Providing drains and gutters for public drainage","WS/MP18307/2025-2026/180114","MUMBAI SUBURBAN(DISTRICT COLLECTOR MUMBAI SUBURBAN_IDA)","Piyush Vedprakash Goyal","MUMBAI NORTH","06-Nov-2025","PARSHURAM UDO COOP LABOUR SOCIETY LTD","Payment Success","1798633"
"800","Maharashtra","Construction of public toilets and bathrooms","WS/MP18307/2025-2026/180126","MUMBAI SUBURBAN(DISTRICT COLLECTOR MUMBAI SUBURBAN_IDA)","Piyush Vedprakash Goyal","MUMBAI NORTH","06-Nov-2025","SWASTIK SAHAKAR S M","Payment Success","1798633"
"801","Maharashtra","Construction of roads, link roads, pathways or any other road with or without drainage system","WS/MP18307/2025-2026/180169","MUMBAI SUBURBAN(DISTRICT COLLECTOR MUMBAI SUBURBAN_IDA)","Piyush Vedprakash Goyal","MUMBAI NORTH","23-Jan-2026","GANGA MATA CO OP LABOUR SOCIETY LIMITED","Payment Success","1898558"
"802","Maharashtra","Construction of public toilets and bathrooms","WS/MP18307/2025-2026/180170","MUMBAI SUBURBAN(DISTRICT COLLECTOR MUMBAI SUBURBAN_IDA)","Piyush Vedprakash Goyal","MUMBAI NORTH","23-Jan-2026","SAHYADRI SHRAMSAFALYA MAJOOR SAAKARI","Payment Success","2498103"
"803","Maharashtra","Development of public parks","WS/MP18307/2025-2026/178216","MUMBAI SUBURBAN(DISTRICT COLLECTOR MUMBAI SUBURBAN_IDA)","Piyush Vedprakash Goyal","MUMBAI NORTH","23-Jan-2026","GEETA CO OP LABOUR SOCIETY LTD","Payment Success","1498862"
"804","Maharashtra","Construction of common work sheds/ common covered sitting area","WS/MP18307/2025-2026/178219","MUMBAI SUBURBAN(DISTRICT COLLECTOR MUMBAI SUBURBAN_IDA)","Piyush Vedprakash Goyal","MUMBAI NORTH","20-Mar-2026","Sharvari Shrikarishana Deshpande","Payment Success","999241"
"805","Maharashtra","Construction of roads, link roads, pathways or any other road with or without drainage system","WS/MP18131/2025-2026/188629","SINDHUDURG(DISTRICT COLLECTOR SINDHUDURG_IDA)","NARAYAN TATU RANE","RATNAGIRI-SINDHUDURG","24-Mar-2026","Manoj Madhukar Waingankar","Payment Success","474974"
"806","Maharashtra","Construction of roads, link roads, pathways or any other road with or without drainage system","WS/MP18131/2025-2026/188630","SINDHUDURG(DISTRICT COLLECTOR SINDHUDURG_IDA)","NARAYAN TATU RANE","RATNAGIRI-SINDHUDURG","24-Mar-2026","Manoj Madhukar Waingankar","Payment Success","496905"
"807","Maharashtra","Construction of platforms and passenger sheds at railway stations","WS/MP18131/2025-2026/186418","SINDHUDURG(DISTRICT COLLECTOR SINDHUDURG_IDA)","NARAYAN TATU RANE","RATNAGIRI-SINDHUDURG","21-Aug-2025","AKHIL ANIL PALKAR","Payment Success","641236"
"808","Maharashtra","Construction of platforms and passenger sheds at railway stations","WS/MP18131/2025-2026/186418","SINDHUDURG(DISTRICT COLLECTOR SINDHUDURG_IDA)","NARAYAN TATU RANE","RATNAGIRI-SINDHUDURG","31-Jul-2026","Akhil Anil Palkar","Payment Success","348794"
"809","Maharashtra","Construction of toilet blocks","WS/MP18131/2025-2026/248909","SINDHUDURG(DISTRICT COLLECTOR SINDHUDURG_IDA)","NARAYAN TATU RANE","RATNAGIRI-SINDHUDURG","23-Jul-2026","DINDAYAL MAJUR SAHKARI SANSTHA MARYADIT","Payment Success","500000"
"810","Maharashtra","Development of public parks","WS/MP18131/2026-2027/188632","SINDHUDURG(DISTRICT COLLECTOR SINDHUDURG_IDA)","NARAYAN TATU RANE","RATNAGIRI-SINDHUDURG","19-May-2026","SHIVARI MAJOOR SAHAKARI SANSTHA MARYADIT OROS","Payment Success","973750"
"811","Maharashtra","Construction of community centers and community halls","WS/MP18118/2025-2026/252880","NASHIK(DISTRICT COLLECTOR NASHIK_IDA)","BHASKAR MURLIDHAR BHAGARE","DINDORI(ST)","09-Feb-2026","NIKITA RATAN TAMBE","Payment Success","991372"
"812","Maharashtra","Construction of roads, link roads, pathways or any other road with or without drainage system","WS/MP18118/2025-2026/252881","NASHIK(DISTRICT COLLECTOR NASHIK_IDA)","BHASKAR MURLIDHAR BHAGARE","DINDORI(ST)","24-Feb-2026","NIKITA RATAN TAMBE","Payment Success","1000000"
"813","Maharashtra","Construction of community centers and community halls","WS/MP18118/2025-2026/252882","NASHIK(DISTRICT COLLECTOR NASHIK_IDA)","BHASKAR MURLIDHAR BHAGARE","DINDORI(ST)","04-Mar-2026","SURAJ ASHOK SONWANE","Payment Success","999197"
"814","Maharashtra","Construction of roads, link roads, pathways or any other road with or without drainage system","WS/MP18118/2026-2027/252853","NASHIK(DISTRICT COLLECTOR NASHIK_IDA)","BHASKAR MURLIDHAR BHAGARE","DINDORI(ST)","14-Jul-2026","DIPESH DAYARAM DALAVI","Payment Success","499415"
"815","Maharashtra","Construction of community centers and community halls","WS/MP18118/2025-2026/252854","NASHIK(DISTRICT COLLECTOR NASHIK_IDA)","BHASKAR MURLIDHAR BHAGARE","DINDORI(ST)","01-Jul-2026","MAYUR DINESH CHAVAN","Payment Success","998878"
"816","Maharashtra","Construction of community centers and community halls","WS/MP18118/2025-2026/252855","NASHIK(DISTRICT COLLECTOR NASHIK_IDA)","BHASKAR MURLIDHAR BHAGARE","DINDORI(ST)","24-Feb-2026","MAYUR DINESH CHAVAN","Payment Success","995872"
"817","Maharashtra","Construction of community centers and community halls","WS/MP18118/2025-2026/252857","NASHIK(DISTRICT COLLECTOR NASHIK_IDA)","BHASKAR MURLIDHAR BHAGARE","DINDORI(ST)","04-Mar-2026","NIKITA RATAN TAMBE","Payment Success","993579"
"818","Maharashtra","Construction of community centers and community halls","WS/MP18118/2026-2027/252860","NASHIK(DISTRICT COLLECTOR NASHIK_IDA)","BHASKAR MURLIDHAR BHAGARE","DINDORI(ST)","07-Jul-2026","VATESHWAR MAJOOR AND BANDHKAM SAHAKARI SANSTHA","Payment Success","1493673"
"819","Maharashtra","Construction of culverts and bridges","WS/MP18118/2025-2026/252861","NASHIK(DISTRICT COLLECTOR NASHIK_IDA)","BHASKAR MURLIDHAR BHAGARE","DINDORI(ST)","01-Jul-2026","NIKITA RATAN TAMBE","Payment Success","1000000"
"820","Maharashtra","Crematoriums/energy efficient crematoriums or structures on burial/cremation ground","WS/MP18118/2025-2026/252862","NASHIK(DISTRICT COLLECTOR NASHIK_IDA)","BHASKAR MURLIDHAR BHAGARE","DINDORI(ST)","24-Feb-2026","SHRI GAJANAN MAJOOR VA BANDHKAM SAHKARI SANSTHA MARYADIT MHALSAKORE","Payment Success","996836"
"821","Maharashtra","Construction of culverts and bridges","WS/MP18118/2026-2027/271607","NASHIK(DISTRICT COLLECTOR NASHIK_IDA)","BHASKAR MURLIDHAR BHAGARE","DINDORI(ST)","24-Jul-2026","TALEGAON ROHI MAJOOR SAHAKARI SANSTHA LTD","Payment Success","499500"
"822","Maharashtra","Lighting of public spaces","WS/MP18118/2026-2027/188288","NASHIK(DISTRICT COLLECTOR NASHIK_IDA)","BHASKAR MURLIDHAR BHAGARE","DINDORI(ST)","10-Jul-2026","Suraj Balasaheb Khapare","Payment Success","748000"
"823","Maharashtra","Construction of community centers and community halls","WS/MP18118/2025-2026/188305","NASHIK(DISTRICT COLLECTOR NASHIK_IDA)","BHASKAR MURLIDHAR BHAGARE","DINDORI(ST)","16-Jul-2026","TRIMURTI MAJUR BANDHKAM SAHAKARI SANSTHA","Payment Success","992018"
"824","Maharashtra","Construction of community centers and community halls","WS/MP18118/2025-2026/188306","NASHIK(DISTRICT COLLECTOR NASHIK_IDA)","BHASKAR MURLIDHAR BHAGARE","DINDORI(ST)","23-Mar-2026","NIKITA RATAN TAMBE","Payment Success","800000"
"825","Maharashtra","Crematoriums/energy efficient crematoriums or structures on burial/cremation ground","WS/MP18118/2025-2026/188310","NASHIK(DISTRICT COLLECTOR NASHIK_IDA)","BHASKAR MURLIDHAR BHAGARE","DINDORI(ST)","02-Feb-2026","PRASAD SHANTARAM DARADE","Payment Success","800000"
"826","Maharashtra","Construction of community centers and community halls","WS/MP18118/2025-2026/188300","NASHIK(DISTRICT COLLECTOR NASHIK_IDA)","BHASKAR MURLIDHAR BHAGARE","DINDORI(ST)","16-Dec-2025","NIKITA RATAN TAMBE","Payment Success","990001"
"827","Maharashtra","Installing tube-wells and borewells","WS/MP18131/2025-2026/188631","SINDHUDURG(DISTRICT COLLECTOR SINDHUDURG_IDA)","NARAYAN TATU RANE","RATNAGIRI-SINDHUDURG","16-Apr-2026","SARPANCH GRAMPANCHAYAT RONAPAL","Payment Success","500000"
"828","Maharashtra","Installing tube-wells and borewells","WS/MP18131/2025-2026/188631","SINDHUDURG(DISTRICT COLLECTOR SINDHUDURG_IDA)","NARAYAN TATU RANE","RATNAGIRI-SINDHUDURG","24-Jul-2026","SARPANCH GRAMPANCHAYAT RONAPAL","Payment Success","499563"
"829","Maharashtra","Installing tube-wells and borewells","WS/MP18131/2025-2026/188628","SINDHUDURG(DISTRICT COLLECTOR SINDHUDURG_IDA)","NARAYAN TATU RANE","RATNAGIRI-SINDHUDURG","09-Apr-2026","GRAMPANCHAYAT PHONDAGHAT","Payment Success","999798"
"830","Maharashtra","Construction of roads, link roads, pathways or any other road with or without drainage system","WS/MP18131/2025-2026/245063","SINDHUDURG(DISTRICT COLLECTOR SINDHUDURG_IDA)","NARAYAN TATU RANE","RATNAGIRI-SINDHUDURG","20-Mar-2026","SHASHANK PRAMOD LINGRAS","Payment Success","999000"
"831","Maharashtra","Crematoriums/energy efficient crematoriums or structures on burial/cremation ground","WS/MP18131/2025-2026/255343","SINDHUDURG(DISTRICT COLLECTOR SINDHUDURG_IDA)","NARAYAN TATU RANE","RATNAGIRI-SINDHUDURG","08-Apr-2026","Mandar Sunil Mestry","Payment Success","499000"
"832","Maharashtra","Construction of community centers and community halls","WS/MP18131/2026-2027/255345","SINDHUDURG(DISTRICT COLLECTOR SINDHUDURG_IDA)","NARAYAN TATU RANE","RATNAGIRI-SINDHUDURG","08-Apr-2026","Mandar Sunil Mestry","Payment Success","499000"
"833","Maharashtra","Construction of roads, link roads, pathways or any other road with or without drainage system","WS/MP18131/2025-2026/188623","SINDHUDURG(DISTRICT COLLECTOR SINDHUDURG_IDA)","NARAYAN TATU RANE","RATNAGIRI-SINDHUDURG","21-Jul-2025","ANIRUDDHA ARVIND MAHADIK","Payment Success","999000"
"834","Maharashtra","Construction of roads, link roads, pathways or any other road with or without drainage system","WS/MP18131/2026-2027/273604","SINDHUDURG(DISTRICT COLLECTOR SINDHUDURG_IDA)","NARAYAN TATU RANE","RATNAGIRI-SINDHUDURG","29-Jul-2026","SWAMI VIVEKANANDMAJUR SAHAKARI SANSTHA MARYA KERVADE TARF MANGAON","Payment Success","799728"
"835","Maharashtra","Providing drains and gutters for public drainage","WS/MP18131/2025-2026/191833","SINDHUDURG(DISTRICT COLLECTOR SINDHUDURG_IDA)","NARAYAN TATU RANE","RATNAGIRI-SINDHUDURG","10-Aug-2026","GRAMPANCHAYAT WAGADE","Payment Success","999686"
"836","Maharashtra","Construction of roads, link roads, pathways or any other road with or without drainage system","WS/MP18131/2025-2026/193711","SINDHUDURG(DISTRICT COLLECTOR SINDHUDURG_IDA)","NARAYAN TATU RANE","RATNAGIRI-SINDHUDURG","18-Feb-2026","Jitesh","Payment Success","250000"
"837","Maharashtra","Construction of roads, link roads, pathways or any other road with or without drainage system","WS/MP18131/2025-2026/193711","SINDHUDURG(DISTRICT COLLECTOR SINDHUDURG_IDA)","NARAYAN TATU RANE","RATNAGIRI-SINDHUDURG","08-Apr-2026","Jitesh","Payment Success","249868"
"838","Maharashtra","Construction of footpaths and pedestrian ways","WS/MP18131/2025-2026/200889","SINDHUDURG(DISTRICT COLLECTOR SINDHUDURG_IDA)","NARAYAN TATU RANE","RATNAGIRI-SINDHUDURG","18-Feb-2026","DIPESH SUDHIR PARAB","Payment Success","999000"
"839","Maharashtra","Construction of culverts and bridges","WS/MP18131/2025-2026/200890","SINDHUDURG(DISTRICT COLLECTOR SINDHUDURG_IDA)","NARAYAN TATU RANE","RATNAGIRI-SINDHUDURG","24-Aug-2026","NINAD VIKHALE","Payment Success","999000"
"840","Maharashtra","Construction of roads, link roads, pathways or any other road with or without drainage system","WS/MP18131/2025-2026/253008","RATNAGIRI(District Collector Ratnagiri_IDA)","NARAYAN TATU RANE","RATNAGIRI-SINDHUDURG","19-May-2026","RUSHIKESH SUJIT SALVI","Payment Success","250000"
"841","Maharashtra","Construction of roads, link roads, pathways or any other road with or without drainage system","WS/MP18131/2025-2026/253008","RATNAGIRI(District Collector Ratnagiri_IDA)","NARAYAN TATU RANE","RATNAGIRI-SINDHUDURG","20-Aug-2026","RUSHIKESH SUJIT SALVI","Payment Success","238647"
"842","Maharashtra","Construction of roads, link roads, pathways or any other road with or without drainage system","WS/MP18120/2025-2026/180360","HINGOLI(DISTRICT COLLECTOR HINGOLI_IDA)","AASHTIKAR PATIL NAGESH BAPURAO","HINGOLI","15-Sep-2025","PATHAN FURQAN ABDULLA KHAN","Payment Success","1498945"
"843","Maharashtra","Construction of roads, link roads, pathways or any other road with or without drainage system","WS/MP18120/2025-2026/174627","HINGOLI(DISTRICT COLLECTOR HINGOLI_IDA)","AASHTIKAR PATIL NAGESH BAPURAO","HINGOLI","10-Oct-2025","PATHAN FURQAN ABDULLA KHAN","Payment Success","1498207"
"844","Maharashtra","Construction of roads, link roads, pathways or any other road with or without drainage system","WS/MP18120/2025-2026/169206","HINGOLI(DISTRICT COLLECTOR HINGOLI_IDA)","AASHTIKAR PATIL NAGESH BAPURAO","HINGOLI","10-Oct-2025","PATHAN FURQAN ABDULLA KHAN","Payment Success","4994258"
"845","Maharashtra","Construction of roads, link roads, pathways or any other road with or without drainage system","WS/MP18120/2025-2026/190401","HINGOLI(DISTRICT COLLECTOR HINGOLI_IDA)","AASHTIKAR PATIL NAGESH BAPURAO","HINGOLI","23-Mar-2026","Jay Ambika  Enterprises","Payment Success","2798862"
"846","Maharashtra","Construction of roads, link roads, pathways or any other road with or without drainage system","WS/MP18120/2025-2026/190402","HINGOLI(DISTRICT COLLECTOR HINGOLI_IDA)","AASHTIKAR PATIL NAGESH BAPURAO","HINGOLI","15-Jan-2026","Jay Ambika  Enterprises","Payment Success","2483886"
"847","Maharashtra","Construction of roads, link roads, pathways or any other road with or without drainage system","WS/MP18120/2025-2026/190402","HINGOLI(DISTRICT COLLECTOR HINGOLI_IDA)","AASHTIKAR PATIL NAGESH BAPURAO","HINGOLI","23-Mar-2026","Jay Ambika  Enterprises","Payment Success","350655"
"848","Maharashtra","Construction of roads, link roads, pathways or any other road with or without drainage system","WS/MP18120/2025-2026/194147","HINGOLI(DISTRICT COLLECTOR HINGOLI_IDA)","AASHTIKAR PATIL NAGESH BAPURAO","HINGOLI","16-Mar-2026","RAHUL SAHEBRAO CHAVAN","Payment Success","146213"
"849","Maharashtra","Construction of roads, link roads, pathways or any other road with or without drainage system","WS/MP18120/2025-2026/194147","HINGOLI(DISTRICT COLLECTOR HINGOLI_IDA)","AASHTIKAR PATIL NAGESH BAPURAO","HINGOLI","17-Jul-2026","RAHUL SAHEBRAO CHAVAN","Payment Success","515644"
"850","Maharashtra","Construction of roads, link roads, pathways or any other road with or without drainage system","WS/MP18120/2025-2026/213059","HINGOLI(DISTRICT COLLECTOR HINGOLI_IDA)","AASHTIKAR PATIL NAGESH BAPURAO","HINGOLI","20-Apr-2026","Ram Dnyanadev Bhalerao","Payment Success","994661"
"851","Maharashtra","Crematoriums/energy efficient crematoriums or structures on burial/cremation ground","WS/MP18117/2025-2026/170204","NASHIK(DISTRICT COLLECTOR NASHIK_IDA)","BACHHAV SHOBHA DINESH","DHULE","26-Feb-2026","RAHUL SANTOSH BACHHAV","Payment Success","923569"
"852","Maharashtra","Street lights","WS/MP18126/2026-2027/256589","NANDURBAR(DISTRICT COLLECTOR NANDURBAR_IDA)","ADV GOWAAL KAGADA PADAVI","NANDURBAR(ST)","15-Jul-2026","SWAMI POWERTECH","Payment Success","169529"
"853","Maharashtra","Street lights","WS/MP18126/2025-2026/256590","NANDURBAR(DISTRICT COLLECTOR NANDURBAR_IDA)","ADV GOWAAL KAGADA PADAVI","NANDURBAR(ST)","15-Jul-2026","SWAMI POWERTECH","Payment Success","169529"
"854","Maharashtra","Street lights","WS/MP18126/2026-2027/256591","NANDURBAR(DISTRICT COLLECTOR NANDURBAR_IDA)","ADV GOWAAL KAGADA PADAVI","NANDURBAR(ST)","15-Jul-2026","SWAMI POWERTECH","Payment Success","169529"
"855","Maharashtra","Street lights","WS/MP18126/2025-2026/256630","NANDURBAR(DISTRICT COLLECTOR NANDURBAR_IDA)","ADV GOWAAL KAGADA PADAVI","NANDURBAR(ST)","03-Aug-2026","SHRI GANESH ELECTRICAL AND CONTRACTER","Payment Success","169529"
"856","Maharashtra","Street lights","WS/MP18126/2025-2026/256631","NANDURBAR(DISTRICT COLLECTOR NANDURBAR_IDA)","ADV GOWAAL KAGADA PADAVI","NANDURBAR(ST)","15-Jul-2026","SHRI GANESH ELECTRICAL AND CONTRACTER","Payment Success","169529"
"857","Maharashtra","Street lights","WS/MP18126/2025-2026/256632","NANDURBAR(DISTRICT COLLECTOR NANDURBAR_IDA)","ADV GOWAAL KAGADA PADAVI","NANDURBAR(ST)","15-Jul-2026","SHRI GANESH ELECTRICAL AND CONTRACTER","Payment Success","169529"
"858","Maharashtra","Street lights","WS/MP18126/2025-2026/256633","NANDURBAR(DISTRICT COLLECTOR NANDURBAR_IDA)","ADV GOWAAL KAGADA PADAVI","NANDURBAR(ST)","15-Jul-2026","SHRI GANESH ELECTRICAL AND CONTRACTER","Payment Success","169529"
"859","Maharashtra","Street lights","WS/MP18126/2025-2026/256634","NANDURBAR(DISTRICT COLLECTOR NANDURBAR_IDA)","ADV GOWAAL KAGADA PADAVI","NANDURBAR(ST)","15-Jul-2026","SHRI GANESH ELECTRICAL AND CONTRACTER","Payment Success","169529"
"860","Maharashtra","Street lights","WS/MP18126/2025-2026/256635","NANDURBAR(DISTRICT COLLECTOR NANDURBAR_IDA)","ADV GOWAAL KAGADA PADAVI","NANDURBAR(ST)","15-Jul-2026","SHRI GANESH ELECTRICAL AND CONTRACTER","Payment Success","169529"
"861","Maharashtra","Street lights","WS/MP18126/2025-2026/256636","NANDURBAR(DISTRICT COLLECTOR NANDURBAR_IDA)","ADV GOWAAL KAGADA PADAVI","NANDURBAR(ST)","15-Jul-2026","SHRI GANESH ELECTRICAL AND CONTRACTER","Payment Success","169529"
"862","Maharashtra","Street lights","WS/MP18126/2025-2026/256637","NANDURBAR(DISTRICT COLLECTOR NANDURBAR_IDA)","ADV GOWAAL KAGADA PADAVI","NANDURBAR(ST)","15-Jul-2026","SHRI GANESH ELECTRICAL AND CONTRACTER","Payment Success","169529"
"863","Maharashtra","Street lights","WS/MP18126/2025-2026/256638","NANDURBAR(DISTRICT COLLECTOR NANDURBAR_IDA)","ADV GOWAAL KAGADA PADAVI","NANDURBAR(ST)","15-Jul-2026","SHRI GANESH ELECTRICAL AND CONTRACTER","Payment Success","169529"
"864","Maharashtra","Street lights","WS/MP18126/2025-2026/256639","NANDURBAR(DISTRICT COLLECTOR NANDURBAR_IDA)","ADV GOWAAL KAGADA PADAVI","NANDURBAR(ST)","15-Jul-2026","SHRI GANESH ELECTRICAL AND CONTRACTER","Payment Success","169529"
"865","Maharashtra","Street lights","WS/MP18126/2025-2026/256640","NANDURBAR(DISTRICT COLLECTOR NANDURBAR_IDA)","ADV GOWAAL KAGADA PADAVI","NANDURBAR(ST)","15-Jul-2026","SHRI GANESH ELECTRICAL AND CONTRACTER","Payment Success","169529"
"866","Maharashtra","Street lights","WS/MP18126/2025-2026/256641","NANDURBAR(DISTRICT COLLECTOR NANDURBAR_IDA)","ADV GOWAAL KAGADA PADAVI","NANDURBAR(ST)","15-Jul-2026","SHRI GANESH ELECTRICAL AND CONTRACTER","Payment Success","169529"
"867","Maharashtra","Street lights","WS/MP18126/2025-2026/256642","NANDURBAR(DISTRICT COLLECTOR NANDURBAR_IDA)","ADV GOWAAL KAGADA PADAVI","NANDURBAR(ST)","15-Jul-2026","SHRI GANESH ELECTRICAL AND CONTRACTER","Payment Success","169529"
"868","Maharashtra","Street lights","WS/MP18126/2025-2026/256643","NANDURBAR(DISTRICT COLLECTOR NANDURBAR_IDA)","ADV GOWAAL KAGADA PADAVI","NANDURBAR(ST)","15-Jul-2026","SHRI GANESH ELECTRICAL AND CONTRACTER","Payment Success","169529"
"869","Maharashtra","Street lights","WS/MP18126/2025-2026/256644","NANDURBAR(DISTRICT COLLECTOR NANDURBAR_IDA)","ADV GOWAAL KAGADA PADAVI","NANDURBAR(ST)","15-Jul-2026","SWAMI POWERTECH","Payment Success","169529"
"870","Maharashtra","Street lights","WS/MP18126/2025-2026/256645","NANDURBAR(DISTRICT COLLECTOR NANDURBAR_IDA)","ADV GOWAAL KAGADA PADAVI","NANDURBAR(ST)","15-Jul-2026","SWAMI POWERTECH","Payment Success","169529"
"871","Maharashtra","Street lights","WS/MP18126/2025-2026/256646","NANDURBAR(DISTRICT COLLECTOR NANDURBAR_IDA)","ADV GOWAAL KAGADA PADAVI","NANDURBAR(ST)","15-Jul-2026","SWAMI POWERTECH","Payment Success","169529"
"872","Maharashtra","Street lights","WS/MP18126/2025-2026/256647","NANDURBAR(DISTRICT COLLECTOR NANDURBAR_IDA)","ADV GOWAAL KAGADA PADAVI","NANDURBAR(ST)","15-Jul-2026","SWAMI POWERTECH","Payment Success","169529"
"873","Maharashtra","Street lights","WS/MP18126/2025-2026/256648","NANDURBAR(DISTRICT COLLECTOR NANDURBAR_IDA)","ADV GOWAAL KAGADA PADAVI","NANDURBAR(ST)","15-Jul-2026","SWAMI POWERTECH","Payment Success","169529"
"874","Maharashtra","Street lights","WS/MP18126/2025-2026/256649","NANDURBAR(DISTRICT COLLECTOR NANDURBAR_IDA)","ADV GOWAAL KAGADA PADAVI","NANDURBAR(ST)","15-Jul-2026","SWAMI POWERTECH","Payment Success","169529"
"875","Maharashtra","Street lights","WS/MP18126/2025-2026/256650","NANDURBAR(DISTRICT COLLECTOR NANDURBAR_IDA)","ADV GOWAAL KAGADA PADAVI","NANDURBAR(ST)","15-Jul-2026","SWAMI POWERTECH","Payment Success","169529"
"876","Maharashtra","Street lights","WS/MP18126/2025-2026/256651","NANDURBAR(DISTRICT COLLECTOR NANDURBAR_IDA)","ADV GOWAAL KAGADA PADAVI","NANDURBAR(ST)","15-Jul-2026","SWAMI POWERTECH","Payment Success","169529"
"877","Maharashtra","Street lights","WS/MP18126/2025-2026/256652","NANDURBAR(DISTRICT COLLECTOR NANDURBAR_IDA)","ADV GOWAAL KAGADA PADAVI","NANDURBAR(ST)","15-Jul-2026","SWAMI POWERTECH","Payment Success","169529"
"878","Maharashtra","Street lights","WS/MP18126/2025-2026/256653","NANDURBAR(DISTRICT COLLECTOR NANDURBAR_IDA)","ADV GOWAAL KAGADA PADAVI","NANDURBAR(ST)","15-Jul-2026","SWAMI POWERTECH","Payment Success","169529"
"879","Maharashtra","Street lights","WS/MP18126/2025-2026/256654","NANDURBAR(DISTRICT COLLECTOR NANDURBAR_IDA)","ADV GOWAAL KAGADA PADAVI","NANDURBAR(ST)","15-Jul-2026","SWAMI POWERTECH","Payment Success","169529"
"880","Maharashtra","Street lights","WS/MP18126/2025-2026/256655","NANDURBAR(DISTRICT COLLECTOR NANDURBAR_IDA)","ADV GOWAAL KAGADA PADAVI","NANDURBAR(ST)","15-Jul-2026","SWAMI POWERTECH","Payment Success","169529"
"881","Maharashtra","Street lights","WS/MP18126/2025-2026/256656","NANDURBAR(DISTRICT COLLECTOR NANDURBAR_IDA)","ADV GOWAAL KAGADA PADAVI","NANDURBAR(ST)","15-Jul-2026","SHRI GANESH ELECTRICAL AND CONTRACTER","Payment Success","169529"
"882","Maharashtra","Street lights","WS/MP18126/2025-2026/236326","NANDURBAR(DISTRICT COLLECTOR NANDURBAR_IDA)","ADV GOWAAL KAGADA PADAVI","NANDURBAR(ST)","15-Jul-2026","SWAMI POWERTECH","Payment Success","169529"
"883","Maharashtra","Street lights","WS/MP18126/2025-2026/236327","NANDURBAR(DISTRICT COLLECTOR NANDURBAR_IDA)","ADV GOWAAL KAGADA PADAVI","NANDURBAR(ST)","15-Jul-2026","SWAMI POWERTECH","Payment Success","169529"
"884","Maharashtra","Street lights","WS/MP18126/2025-2026/236328","NANDURBAR(DISTRICT COLLECTOR NANDURBAR_IDA)","ADV GOWAAL KAGADA PADAVI","NANDURBAR(ST)","15-Jul-2026","SWAMI POWERTECH","Payment Success","169529"
"885","Maharashtra","Street lights","WS/MP18126/2025-2026/236329","NANDURBAR(DISTRICT COLLECTOR NANDURBAR_IDA)","ADV GOWAAL KAGADA PADAVI","NANDURBAR(ST)","15-Jul-2026","SWAMI POWERTECH","Payment Success","169529"
"886","Maharashtra","Street lights","WS/MP18126/2025-2026/236330","NANDURBAR(DISTRICT COLLECTOR NANDURBAR_IDA)","ADV GOWAAL KAGADA PADAVI","NANDURBAR(ST)","15-Jul-2026","SWAMI POWERTECH","Payment Success","169529"
"887","Maharashtra","Street lights","WS/MP18126/2025-2026/236331","NANDURBAR(DISTRICT COLLECTOR NANDURBAR_IDA)","ADV GOWAAL KAGADA PADAVI","NANDURBAR(ST)","15-Jul-2026","SWAMI POWERTECH","Payment Success","169529"
"888","Maharashtra","Street lights","WS/MP18126/2025-2026/236332","NANDURBAR(DISTRICT COLLECTOR NANDURBAR_IDA)","ADV GOWAAL KAGADA PADAVI","NANDURBAR(ST)","15-Jul-2026","SWAMI POWERTECH","Payment Success","169529"
"889","Maharashtra","Street lights","WS/MP18126/2025-2026/236142","NANDURBAR(DISTRICT COLLECTOR NANDURBAR_IDA)","ADV GOWAAL KAGADA PADAVI","NANDURBAR(ST)","15-Jul-2026","SWAMI POWERTECH","Payment Success","169529"
"890","Maharashtra","Street lights","WS/MP18126/2025-2026/236143","NANDURBAR(DISTRICT COLLECTOR NANDURBAR_IDA)","ADV GOWAAL KAGADA PADAVI","NANDURBAR(ST)","15-Jul-2026","SWAMI POWERTECH","Payment Success","169529"
"891","Maharashtra","Street lights","WS/MP18126/2025-2026/236144","NANDURBAR(DISTRICT COLLECTOR NANDURBAR_IDA)","ADV GOWAAL KAGADA PADAVI","NANDURBAR(ST)","15-Jul-2026","SWAMI POWERTECH","Payment Success","169529"
"892","Maharashtra","Street lights","WS/MP18126/2025-2026/236145","NANDURBAR(DISTRICT COLLECTOR NANDURBAR_IDA)","ADV GOWAAL KAGADA PADAVI","NANDURBAR(ST)","15-Jul-2026","SWAMI POWERTECH","Payment Success","169529"
"893","Maharashtra","Street lights","WS/MP18126/2025-2026/236146","NANDURBAR(DISTRICT COLLECTOR NANDURBAR_IDA)","ADV GOWAAL KAGADA PADAVI","NANDURBAR(ST)","15-Jul-2026","SWAMI POWERTECH","Payment Success","169529"
"894","Maharashtra","Street lights","WS/MP18126/2026-2027/236147","NANDURBAR(DISTRICT COLLECTOR NANDURBAR_IDA)","ADV GOWAAL KAGADA PADAVI","NANDURBAR(ST)","15-Jul-2026","SWAMI POWERTECH","Payment Success","169529"
"895","Maharashtra","Street lights","WS/MP18126/2025-2026/236148","NANDURBAR(DISTRICT COLLECTOR NANDURBAR_IDA)","ADV GOWAAL KAGADA PADAVI","NANDURBAR(ST)","15-Jul-2026","SWAMI POWERTECH","Payment Success","169529"
"896","Maharashtra","Street lights","WS/MP18126/2025-2026/236149","NANDURBAR(DISTRICT COLLECTOR NANDURBAR_IDA)","ADV GOWAAL KAGADA PADAVI","NANDURBAR(ST)","15-Jul-2026","SWAMI POWERTECH","Payment Success","169529"
"897","Maharashtra","Street lights","WS/MP18126/2025-2026/236150","NANDURBAR(DISTRICT COLLECTOR NANDURBAR_IDA)","ADV GOWAAL KAGADA PADAVI","NANDURBAR(ST)","15-Jul-2026","SWAMI POWERTECH","Payment Success","169529"
"898","Maharashtra","Street lights","WS/MP18126/2025-2026/236151","NANDURBAR(DISTRICT COLLECTOR NANDURBAR_IDA)","ADV GOWAAL KAGADA PADAVI","NANDURBAR(ST)","15-Jul-2026","SWAMI POWERTECH","Payment Success","169529"
"899","Maharashtra","Street lights","WS/MP18126/2025-2026/236155","NANDURBAR(DISTRICT COLLECTOR NANDURBAR_IDA)","ADV GOWAAL KAGADA PADAVI","NANDURBAR(ST)","16-Jul-2026","SWAMI POWERTECH","Payment Success","169529"
"900","Maharashtra","Street lights","WS/MP18126/2025-2026/236156","NANDURBAR(DISTRICT COLLECTOR NANDURBAR_IDA)","ADV GOWAAL KAGADA PADAVI","NANDURBAR(ST)","16-Jul-2026","SWAMI POWERTECH","Payment Success","169529"
"901","Maharashtra","Street lights","WS/MP18126/2025-2026/236157","NANDURBAR(DISTRICT COLLECTOR NANDURBAR_IDA)","ADV GOWAAL KAGADA PADAVI","NANDURBAR(ST)","16-Jul-2026","SWAMI POWERTECH","Payment Success","169529"
"902","Maharashtra","Street lights","WS/MP18126/2025-2026/236158","NANDURBAR(DISTRICT COLLECTOR NANDURBAR_IDA)","ADV GOWAAL KAGADA PADAVI","NANDURBAR(ST)","16-Jul-2026","SWAMI POWERTECH","Payment Success","169529"
"903","Maharashtra","Street lights","WS/MP18126/2025-2026/236159","NANDURBAR(DISTRICT COLLECTOR NANDURBAR_IDA)","ADV GOWAAL KAGADA PADAVI","NANDURBAR(ST)","16-Jul-2026","SWAMI POWERTECH","Payment Success","169529"
"904","Maharashtra","Street lights","WS/MP18126/2025-2026/236160","NANDURBAR(DISTRICT COLLECTOR NANDURBAR_IDA)","ADV GOWAAL KAGADA PADAVI","NANDURBAR(ST)","16-Jul-2026","SWAMI POWERTECH","Payment Success","169529"
"905","Maharashtra","Street lights","WS/MP18126/2025-2026/236161","NANDURBAR(DISTRICT COLLECTOR NANDURBAR_IDA)","ADV GOWAAL KAGADA PADAVI","NANDURBAR(ST)","16-Jul-2026","SWAMI POWERTECH","Payment Success","169529"
"906","Maharashtra","Street lights","WS/MP18126/2025-2026/236162","NANDURBAR(DISTRICT COLLECTOR NANDURBAR_IDA)","ADV GOWAAL KAGADA PADAVI","NANDURBAR(ST)","16-Jul-2026","SWAMI POWERTECH","Payment Success","169529"
"907","Maharashtra","Street lights","WS/MP18126/2025-2026/236163","NANDURBAR(DISTRICT COLLECTOR NANDURBAR_IDA)","ADV GOWAAL KAGADA PADAVI","NANDURBAR(ST)","16-Jul-2026","SWAMI POWERTECH","Payment Success","169529"
"908","Maharashtra","Street lights","WS/MP18126/2025-2026/236164","NANDURBAR(DISTRICT COLLECTOR NANDURBAR_IDA)","ADV GOWAAL KAGADA PADAVI","NANDURBAR(ST)","16-Jul-2026","SWAMI POWERTECH","Payment Success","169529"
"909","Maharashtra","Street lights","WS/MP18126/2025-2026/236165","NANDURBAR(DISTRICT COLLECTOR NANDURBAR_IDA)","ADV GOWAAL KAGADA PADAVI","NANDURBAR(ST)","16-Jul-2026","SWAMI POWERTECH","Payment Success","169529"
"910","Maharashtra","Street lights","WS/MP18126/2025-2026/236166","NANDURBAR(DISTRICT COLLECTOR NANDURBAR_IDA)","ADV GOWAAL KAGADA PADAVI","NANDURBAR(ST)","16-Jul-2026","SWAMI POWERTECH","Payment Success","169529"
"911","Maharashtra","Street lights","WS/MP18126/2025-2026/236167","NANDURBAR(DISTRICT COLLECTOR NANDURBAR_IDA)","ADV GOWAAL KAGADA PADAVI","NANDURBAR(ST)","16-Jul-2026","SWAMI POWERTECH","Payment Success","169529"
"912","Maharashtra","Street lights","WS/MP18126/2025-2026/236168","NANDURBAR(DISTRICT COLLECTOR NANDURBAR_IDA)","ADV GOWAAL KAGADA PADAVI","NANDURBAR(ST)","16-Jul-2026","SWAMI POWERTECH","Payment Success","169529"
"913","Maharashtra","Street lights","WS/MP18126/2025-2026/236169","NANDURBAR(DISTRICT COLLECTOR NANDURBAR_IDA)","ADV GOWAAL KAGADA PADAVI","NANDURBAR(ST)","16-Jul-2026","SWAMI POWERTECH","Payment Success","169529"
"914","Maharashtra","Street lights","WS/MP18126/2025-2026/236170","NANDURBAR(DISTRICT COLLECTOR NANDURBAR_IDA)","ADV GOWAAL KAGADA PADAVI","NANDURBAR(ST)","16-Jul-2026","SWAMI POWERTECH","Payment Success","169529"
"915","Maharashtra","Street lights","WS/MP18126/2025-2026/236171","NANDURBAR(DISTRICT COLLECTOR NANDURBAR_IDA)","ADV GOWAAL KAGADA PADAVI","NANDURBAR(ST)","16-Jul-2026","SWAMI POWERTECH","Payment Success","169529"
"916","Maharashtra","Street lights","WS/MP18126/2025-2026/236172","NANDURBAR(DISTRICT COLLECTOR NANDURBAR_IDA)","ADV GOWAAL KAGADA PADAVI","NANDURBAR(ST)","16-Jul-2026","SWAMI POWERTECH","Payment Success","169529"
"917","Maharashtra","Street lights","WS/MP18126/2025-2026/236173","NANDURBAR(DISTRICT COLLECTOR NANDURBAR_IDA)","ADV GOWAAL KAGADA PADAVI","NANDURBAR(ST)","16-Jul-2026","SWAMI POWERTECH","Payment Success","169529"
"918","Maharashtra","Street lights","WS/MP18126/2025-2026/236174","NANDURBAR(DISTRICT COLLECTOR NANDURBAR_IDA)","ADV GOWAAL KAGADA PADAVI","NANDURBAR(ST)","16-Jul-2026","SWAMI POWERTECH","Payment Success","169529"
"919","Maharashtra","Street lights","WS/MP18126/2025-2026/236184","NANDURBAR(DISTRICT COLLECTOR NANDURBAR_IDA)","ADV GOWAAL KAGADA PADAVI","NANDURBAR(ST)","20-Jul-2026","SWAMI POWERTECH","Payment Success","169529"
"920","Maharashtra","Street lights","WS/MP18126/2025-2026/236185","NANDURBAR(DISTRICT COLLECTOR NANDURBAR_IDA)","ADV GOWAAL KAGADA PADAVI","NANDURBAR(ST)","20-Jul-2026","SWAMI POWERTECH","Payment Success","169529"
"921","Maharashtra","Street lights","WS/MP18126/2025-2026/236186","NANDURBAR(DISTRICT COLLECTOR NANDURBAR_IDA)","ADV GOWAAL KAGADA PADAVI","NANDURBAR(ST)","20-Jul-2026","SWAMI POWERTECH","Payment Success","169529"
"922","Maharashtra","Street lights","WS/MP18126/2025-2026/236187","NANDURBAR(DISTRICT COLLECTOR NANDURBAR_IDA)","ADV GOWAAL KAGADA PADAVI","NANDURBAR(ST)","20-Jul-2026","SWAMI POWERTECH","Payment Success","169529"
"923","Maharashtra","Street lights","WS/MP18126/2025-2026/236188","NANDURBAR(DISTRICT COLLECTOR NANDURBAR_IDA)","ADV GOWAAL KAGADA PADAVI","NANDURBAR(ST)","20-Jul-2026","SWAMI POWERTECH","Payment Success","169529"
"924","Maharashtra","Street lights","WS/MP18126/2025-2026/236189","NANDURBAR(DISTRICT COLLECTOR NANDURBAR_IDA)","ADV GOWAAL KAGADA PADAVI","NANDURBAR(ST)","20-Jul-2026","SWAMI POWERTECH","Payment Success","169529"
"925","Maharashtra","Street lights","WS/MP18126/2025-2026/236190","NANDURBAR(DISTRICT COLLECTOR NANDURBAR_IDA)","ADV GOWAAL KAGADA PADAVI","NANDURBAR(ST)","20-Jul-2026","SWAMI POWERTECH","Payment Success","169529"
"926","Maharashtra","Street lights","WS/MP18126/2025-2026/236191","NANDURBAR(DISTRICT COLLECTOR NANDURBAR_IDA)","ADV GOWAAL KAGADA PADAVI","NANDURBAR(ST)","20-Jul-2026","SWAMI POWERTECH","Payment Success","169529"
"927","Maharashtra","Street lights","WS/MP18126/2025-2026/236192","NANDURBAR(DISTRICT COLLECTOR NANDURBAR_IDA)","ADV GOWAAL KAGADA PADAVI","NANDURBAR(ST)","20-Jul-2026","SWAMI POWERTECH","Payment Success","169529"
"928","Maharashtra","Street lights","WS/MP18126/2025-2026/236193","NANDURBAR(DISTRICT COLLECTOR NANDURBAR_IDA)","ADV GOWAAL KAGADA PADAVI","NANDURBAR(ST)","20-Jul-2026","SWAMI POWERTECH","Payment Success","169529"
"929","Maharashtra","Street lights","WS/MP18126/2025-2026/236194","NANDURBAR(DISTRICT COLLECTOR NANDURBAR_IDA)","ADV GOWAAL KAGADA PADAVI","NANDURBAR(ST)","20-Jul-2026","SWAMI POWERTECH","Payment Success","169529"
"930","Maharashtra","Street lights","WS/MP18126/2025-2026/236195","NANDURBAR(DISTRICT COLLECTOR NANDURBAR_IDA)","ADV GOWAAL KAGADA PADAVI","NANDURBAR(ST)","20-Jul-2026","SWAMI POWERTECH","Payment Success","169529"
"931","Maharashtra","Street lights","WS/MP18126/2025-2026/236196","NANDURBAR(DISTRICT COLLECTOR NANDURBAR_IDA)","ADV GOWAAL KAGADA PADAVI","NANDURBAR(ST)","20-Jul-2026","SWAMI POWERTECH","Payment Success","169529"
"932","Maharashtra","Street lights","WS/MP18126/2025-2026/236197","NANDURBAR(DISTRICT COLLECTOR NANDURBAR_IDA)","ADV GOWAAL KAGADA PADAVI","NANDURBAR(ST)","20-Jul-2026","SWAMI POWERTECH","Payment Success","169529"
"933","Maharashtra","Street lights","WS/MP18126/2025-2026/236198","NANDURBAR(DISTRICT COLLECTOR NANDURBAR_IDA)","ADV GOWAAL KAGADA PADAVI","NANDURBAR(ST)","20-Jul-2026","SWAMI POWERTECH","Payment Success","169529"
"934","Maharashtra","Street lights","WS/MP18126/2025-2026/236199","NANDURBAR(DISTRICT COLLECTOR NANDURBAR_IDA)","ADV GOWAAL KAGADA PADAVI","NANDURBAR(ST)","20-Jul-2026","SWAMI POWERTECH","Payment Success","169529"
"935","Maharashtra","Street lights","WS/MP18126/2025-2026/236200","NANDURBAR(DISTRICT COLLECTOR NANDURBAR_IDA)","ADV GOWAAL KAGADA PADAVI","NANDURBAR(ST)","20-Jul-2026","SWAMI POWERTECH","Payment Success","169529"
"936","Maharashtra","Street lights","WS/MP18126/2025-2026/236201","NANDURBAR(DISTRICT COLLECTOR NANDURBAR_IDA)","ADV GOWAAL KAGADA PADAVI","NANDURBAR(ST)","20-Jul-2026","SWAMI POWERTECH","Payment Success","169529"
"937","Maharashtra","Street lights","WS/MP18126/2025-2026/236202","NANDURBAR(DISTRICT COLLECTOR NANDURBAR_IDA)","ADV GOWAAL KAGADA PADAVI","NANDURBAR(ST)","20-Jul-2026","SWAMI POWERTECH","Payment Success","169529"
"938","Maharashtra","Street lights","WS/MP18126/2025-2026/236203","NANDURBAR(DISTRICT COLLECTOR NANDURBAR_IDA)","ADV GOWAAL KAGADA PADAVI","NANDURBAR(ST)","20-Jul-2026","SWAMI POWERTECH","Payment Success","169529"
"939","Maharashtra","Street lights","WS/MP18126/2025-2026/236204","NANDURBAR(DISTRICT COLLECTOR NANDURBAR_IDA)","ADV GOWAAL KAGADA PADAVI","NANDURBAR(ST)","20-Jul-2026","SWAMI POWERTECH","Payment Success","169529"
"940","Maharashtra","Street lights","WS/MP18126/2025-2026/236205","NANDURBAR(DISTRICT COLLECTOR NANDURBAR_IDA)","ADV GOWAAL KAGADA PADAVI","NANDURBAR(ST)","20-Jul-2026","SWAMI POWERTECH","Payment Success","169529"
"941","Maharashtra","Street lights","WS/MP18126/2025-2026/236206","NANDURBAR(DISTRICT COLLECTOR NANDURBAR_IDA)","ADV GOWAAL KAGADA PADAVI","NANDURBAR(ST)","20-Jul-2026","SWAMI POWERTECH","Payment Success","169529"
"942","Maharashtra","Street lights","WS/MP18126/2025-2026/236207","NANDURBAR(DISTRICT COLLECTOR NANDURBAR_IDA)","ADV GOWAAL KAGADA PADAVI","NANDURBAR(ST)","20-Jul-2026","SWAMI POWERTECH","Payment Success","169529"
"943","Maharashtra","Street lights","WS/MP18126/2025-2026/236208","NANDURBAR(DISTRICT COLLECTOR NANDURBAR_IDA)","ADV GOWAAL KAGADA PADAVI","NANDURBAR(ST)","20-Jul-2026","SWAMI POWERTECH","Payment Success","169529"
"944","Maharashtra","Street lights","WS/MP18126/2025-2026/236209","NANDURBAR(DISTRICT COLLECTOR NANDURBAR_IDA)","ADV GOWAAL KAGADA PADAVI","NANDURBAR(ST)","20-Jul-2026","SWAMI POWERTECH","Payment Success","169529"
"945","Maharashtra","Street lights","WS/MP18126/2025-2026/236210","NANDURBAR(DISTRICT COLLECTOR NANDURBAR_IDA)","ADV GOWAAL KAGADA PADAVI","NANDURBAR(ST)","20-Jul-2026","SWAMI POWERTECH","Payment Success","169529"
"946","Maharashtra","Street lights","WS/MP18126/2025-2026/236211","NANDURBAR(DISTRICT COLLECTOR NANDURBAR_IDA)","ADV GOWAAL KAGADA PADAVI","NANDURBAR(ST)","20-Jul-2026","SWAMI POWERTECH","Payment Success","169529"
"947","Maharashtra","Street lights","WS/MP18126/2025-2026/236212","NANDURBAR(DISTRICT COLLECTOR NANDURBAR_IDA)","ADV GOWAAL KAGADA PADAVI","NANDURBAR(ST)","20-Jul-2026","SWAMI POWERTECH","Payment Success","169529"
"948","Maharashtra","Street lights","WS/MP18126/2025-2026/236213","NANDURBAR(DISTRICT COLLECTOR NANDURBAR_IDA)","ADV GOWAAL KAGADA PADAVI","NANDURBAR(ST)","20-Jul-2026","SWAMI POWERTECH","Payment Success","169529"
"949","Maharashtra","Street lights","WS/MP18126/2025-2026/236214","NANDURBAR(DISTRICT COLLECTOR NANDURBAR_IDA)","ADV GOWAAL KAGADA PADAVI","NANDURBAR(ST)","20-Jul-2026","SWAMI POWERTECH","Payment Success","169529"
"950","Maharashtra","Street lights","WS/MP18126/2025-2026/236215","NANDURBAR(DISTRICT COLLECTOR NANDURBAR_IDA)","ADV GOWAAL KAGADA PADAVI","NANDURBAR(ST)","20-Jul-2026","SWAMI POWERTECH","Payment Success","169529"
"951","Maharashtra","Street lights","WS/MP18126/2025-2026/236216","NANDURBAR(DISTRICT COLLECTOR NANDURBAR_IDA)","ADV GOWAAL KAGADA PADAVI","NANDURBAR(ST)","20-Jul-2026","SWAMI POWERTECH","Payment Success","169529"
"952","Maharashtra","Street lights","WS/MP18126/2025-2026/236217","NANDURBAR(DISTRICT COLLECTOR NANDURBAR_IDA)","ADV GOWAAL KAGADA PADAVI","NANDURBAR(ST)","20-Jul-2026","SWAMI POWERTECH","Payment Success","169529"
"953","Maharashtra","Street lights","WS/MP18126/2025-2026/236218","NANDURBAR(DISTRICT COLLECTOR NANDURBAR_IDA)","ADV GOWAAL KAGADA PADAVI","NANDURBAR(ST)","20-Jul-2026","SWAMI POWERTECH","Payment Success","169529"
"954","Maharashtra","Street lights","WS/MP18126/2025-2026/236219","NANDURBAR(DISTRICT COLLECTOR NANDURBAR_IDA)","ADV GOWAAL KAGADA PADAVI","NANDURBAR(ST)","20-Jul-2026","SWAMI POWERTECH","Payment Success","169529"
"955","Maharashtra","Street lights","WS/MP18126/2025-2026/236220","NANDURBAR(DISTRICT COLLECTOR NANDURBAR_IDA)","ADV GOWAAL KAGADA PADAVI","NANDURBAR(ST)","20-Jul-2026","SWAMI POWERTECH","Payment Success","169529"
"956","Maharashtra","Street lights","WS/MP18126/2025-2026/236243","DHULE(DISTRICT COLLECTOR DHULE_IDA)","ADV GOWAAL KAGADA PADAVI","NANDURBAR(ST)","30-Jul-2026","SHRI GANESH ELECTRICAL AND CONTRACTER","Payment Success","169530"
"957","Maharashtra","Street lights","WS/MP18126/2025-2026/236244","DHULE(DISTRICT COLLECTOR DHULE_IDA)","ADV GOWAAL KAGADA PADAVI","NANDURBAR(ST)","30-Jul-2026","SHRI GANESH ELECTRICAL AND CONTRACTER","Payment Success","169530"
"958","Maharashtra","Street lights","WS/MP18126/2025-2026/236245","DHULE(DISTRICT COLLECTOR DHULE_IDA)","ADV GOWAAL KAGADA PADAVI","NANDURBAR(ST)","04-Aug-2026","SHRI GANESH ELECTRICAL AND CONTRACTER","Payment Success","169530"
"959","Maharashtra","Street lights","WS/MP18126/2025-2026/236246","DHULE(DISTRICT COLLECTOR DHULE_IDA)","ADV GOWAAL KAGADA PADAVI","NANDURBAR(ST)","30-Jul-2026","SHRI GANESH ELECTRICAL AND CONTRACTER","Payment Success","169530"
"960","Maharashtra","Street lights","WS/MP18126/2025-2026/236247","DHULE(DISTRICT COLLECTOR DHULE_IDA)","ADV GOWAAL KAGADA PADAVI","NANDURBAR(ST)","30-Jul-2026","SHRI GANESH ELECTRICAL AND CONTRACTER","Payment Success","169530"
"961","Maharashtra","Street lights","WS/MP18126/2025-2026/236248","DHULE(DISTRICT COLLECTOR DHULE_IDA)","ADV GOWAAL KAGADA PADAVI","NANDURBAR(ST)","30-Jul-2026","SHRI GANESH ELECTRICAL AND CONTRACTER","Payment Success","169530"
"962","Maharashtra","Street lights","WS/MP18126/2025-2026/236249","DHULE(DISTRICT COLLECTOR DHULE_IDA)","ADV GOWAAL KAGADA PADAVI","NANDURBAR(ST)","30-Jul-2026","SHRI GANESH ELECTRICAL AND CONTRACTER","Payment Success","169530"
"963","Maharashtra","Street lights","WS/MP18126/2025-2026/236250","DHULE(DISTRICT COLLECTOR DHULE_IDA)","ADV GOWAAL KAGADA PADAVI","NANDURBAR(ST)","30-Jul-2026","SWAMI POWERTECH","Payment Success","169530"
"964","Maharashtra","Street lights","WS/MP18126/2025-2026/236251","DHULE(DISTRICT COLLECTOR DHULE_IDA)","ADV GOWAAL KAGADA PADAVI","NANDURBAR(ST)","30-Jul-2026","SWAMI POWERTECH","Payment Success","169530"
"965","Maharashtra","Street lights","WS/MP18126/2025-2026/236252","DHULE(DISTRICT COLLECTOR DHULE_IDA)","ADV GOWAAL KAGADA PADAVI","NANDURBAR(ST)","30-Jul-2026","SWAMI POWERTECH","Payment Success","169530"
"966","Maharashtra","Street lights","WS/MP18126/2025-2026/236253","DHULE(DISTRICT COLLECTOR DHULE_IDA)","ADV GOWAAL KAGADA PADAVI","NANDURBAR(ST)","30-Jul-2026","SWAMI POWERTECH","Payment Success","169530"
"967","Maharashtra","Street lights","WS/MP18126/2025-2026/236254","DHULE(DISTRICT COLLECTOR DHULE_IDA)","ADV GOWAAL KAGADA PADAVI","NANDURBAR(ST)","30-Jul-2026","SWAMI POWERTECH","Payment Success","169530"
"968","Maharashtra","Street lights","WS/MP18126/2025-2026/236255","DHULE(DISTRICT COLLECTOR DHULE_IDA)","ADV GOWAAL KAGADA PADAVI","NANDURBAR(ST)","30-Jul-2026","SWAMI POWERTECH","Payment Success","169530"
"969","Maharashtra","Street lights","WS/MP18126/2025-2026/236256","DHULE(DISTRICT COLLECTOR DHULE_IDA)","ADV GOWAAL KAGADA PADAVI","NANDURBAR(ST)","30-Jul-2026","SWAMI POWERTECH","Payment Success","169530"
"970","Maharashtra","Street lights","WS/MP18126/2025-2026/236257","DHULE(DISTRICT COLLECTOR DHULE_IDA)","ADV GOWAAL KAGADA PADAVI","NANDURBAR(ST)","30-Jul-2026","SWAMI POWERTECH","Payment Success","169530"
"971","Maharashtra","Street lights","WS/MP18126/2025-2026/236258","DHULE(DISTRICT COLLECTOR DHULE_IDA)","ADV GOWAAL KAGADA PADAVI","NANDURBAR(ST)","30-Jul-2026","SWAMI POWERTECH","Payment Success","169530"
"972","Maharashtra","Street lights","WS/MP18126/2025-2026/236259","DHULE(DISTRICT COLLECTOR DHULE_IDA)","ADV GOWAAL KAGADA PADAVI","NANDURBAR(ST)","30-Jul-2026","SWAMI POWERTECH","Payment Success","169530"
"973","Maharashtra","Street lights","WS/MP18126/2025-2026/236260","DHULE(DISTRICT COLLECTOR DHULE_IDA)","ADV GOWAAL KAGADA PADAVI","NANDURBAR(ST)","30-Jul-2026","SWAMI POWERTECH","Payment Success","169530"
"974","Maharashtra","Street lights","WS/MP18126/2025-2026/236261","DHULE(DISTRICT COLLECTOR DHULE_IDA)","ADV GOWAAL KAGADA PADAVI","NANDURBAR(ST)","30-Jul-2026","SWAMI POWERTECH","Payment Success","169530"
"975","Maharashtra","Street lights","WS/MP18126/2025-2026/236262","DHULE(DISTRICT COLLECTOR DHULE_IDA)","ADV GOWAAL KAGADA PADAVI","NANDURBAR(ST)","30-Jul-2026","SWAMI POWERTECH","Payment Success","169530"
"976","Maharashtra","Street lights","WS/MP18126/2025-2026/236263","DHULE(DISTRICT COLLECTOR DHULE_IDA)","ADV GOWAAL KAGADA PADAVI","NANDURBAR(ST)","30-Jul-2026","SWAMI POWERTECH","Payment Success","169530"
"977","Maharashtra","Street lights","WS/MP18126/2025-2026/236264","DHULE(DISTRICT COLLECTOR DHULE_IDA)","ADV GOWAAL KAGADA PADAVI","NANDURBAR(ST)","30-Jul-2026","SWAMI POWERTECH","Payment Success","169530"
"978","Maharashtra","Street lights","WS/MP18126/2025-2026/236265","DHULE(DISTRICT COLLECTOR DHULE_IDA)","ADV GOWAAL KAGADA PADAVI","NANDURBAR(ST)","30-Jul-2026","SWAMI POWERTECH","Payment Success","169530"
"979","Maharashtra","Street lights","WS/MP18126/2025-2026/236266","DHULE(DISTRICT COLLECTOR DHULE_IDA)","ADV GOWAAL KAGADA PADAVI","NANDURBAR(ST)","30-Jul-2026","SWAMI POWERTECH","Payment Success","169530"
"980","Maharashtra","Street lights","WS/MP18126/2025-2026/236267","DHULE(DISTRICT COLLECTOR DHULE_IDA)","ADV GOWAAL KAGADA PADAVI","NANDURBAR(ST)","30-Jul-2026","SWAMI POWERTECH","Payment Success","169530"
"981","Maharashtra","Street lights","WS/MP18126/2025-2026/236268","DHULE(DISTRICT COLLECTOR DHULE_IDA)","ADV GOWAAL KAGADA PADAVI","NANDURBAR(ST)","30-Jul-2026","SWAMI POWERTECH","Payment Success","169530"
"982","Maharashtra","Street lights","WS/MP18126/2025-2026/236269","DHULE(DISTRICT COLLECTOR DHULE_IDA)","ADV GOWAAL KAGADA PADAVI","NANDURBAR(ST)","30-Jul-2026","SWAMI POWERTECH","Payment Success","169530"
"983","Maharashtra","Street lights","WS/MP18126/2025-2026/236270","DHULE(DISTRICT COLLECTOR DHULE_IDA)","ADV GOWAAL KAGADA PADAVI","NANDURBAR(ST)","30-Jul-2026","VISHWESHWARI ELECTRICALS","Payment Success","169530"
"984","Maharashtra","Street lights","WS/MP18126/2025-2026/236271","DHULE(DISTRICT COLLECTOR DHULE_IDA)","ADV GOWAAL KAGADA PADAVI","NANDURBAR(ST)","04-Aug-2026","VISHWESHWARI ELECTRICALS","Payment Success","169530"
"985","Maharashtra","Street lights","WS/MP18126/2025-2026/236272","DHULE(DISTRICT COLLECTOR DHULE_IDA)","ADV GOWAAL KAGADA PADAVI","NANDURBAR(ST)","30-Jul-2026","VISHWESHWARI ELECTRICALS","Payment Success","169530"
"986","Maharashtra","Street lights","WS/MP18126/2025-2026/236273","DHULE(DISTRICT COLLECTOR DHULE_IDA)","ADV GOWAAL KAGADA PADAVI","NANDURBAR(ST)","30-Jul-2026","VISHWESHWARI ELECTRICALS","Payment Success","169530"
"987","Maharashtra","Street lights","WS/MP18126/2025-2026/236274","DHULE(DISTRICT COLLECTOR DHULE_IDA)","ADV GOWAAL KAGADA PADAVI","NANDURBAR(ST)","30-Jul-2026","VISHWESHWARI ELECTRICALS","Payment Success","169530"
"988","Maharashtra","Street lights","WS/MP18126/2025-2026/236275","DHULE(DISTRICT COLLECTOR DHULE_IDA)","ADV GOWAAL KAGADA PADAVI","NANDURBAR(ST)","30-Jul-2026","VISHWESHWARI ELECTRICALS","Payment Success","169530"
"989","Maharashtra","Street lights","WS/MP18126/2025-2026/236276","DHULE(DISTRICT COLLECTOR DHULE_IDA)","ADV GOWAAL KAGADA PADAVI","NANDURBAR(ST)","30-Jul-2026","VISHWESHWARI ELECTRICALS","Payment Success","169530"
"990","Maharashtra","Street lights","WS/MP18126/2025-2026/236277","DHULE(DISTRICT COLLECTOR DHULE_IDA)","ADV GOWAAL KAGADA PADAVI","NANDURBAR(ST)","04-Aug-2026","VISHWESHWARI ELECTRICALS","Payment Success","169530"
"991","Maharashtra","Street lights","WS/MP18126/2025-2026/236278","DHULE(DISTRICT COLLECTOR DHULE_IDA)","ADV GOWAAL KAGADA PADAVI","NANDURBAR(ST)","30-Jul-2026","VISHWESHWARI ELECTRICALS","Payment Success","169530"
"992","Maharashtra","Street lights","WS/MP18126/2025-2026/236279","DHULE(DISTRICT COLLECTOR DHULE_IDA)","ADV GOWAAL KAGADA PADAVI","NANDURBAR(ST)","30-Jul-2026","VISHWESHWARI ELECTRICALS","Payment Success","169530"
"993","Maharashtra","Street lights","WS/MP18126/2025-2026/236280","DHULE(DISTRICT COLLECTOR DHULE_IDA)","ADV GOWAAL KAGADA PADAVI","NANDURBAR(ST)","30-Jul-2026","VISHWESHWARI ELECTRICALS","Payment Success","169530"
"994","Maharashtra","Street lights","WS/MP18126/2025-2026/236281","DHULE(DISTRICT COLLECTOR DHULE_IDA)","ADV GOWAAL KAGADA PADAVI","NANDURBAR(ST)","30-Jul-2026","VISHWESHWARI ELECTRICALS","Payment Success","169530"
"995","Maharashtra","Street lights","WS/MP18126/2025-2026/236282","DHULE(DISTRICT COLLECTOR DHULE_IDA)","ADV GOWAAL KAGADA PADAVI","NANDURBAR(ST)","30-Jul-2026","VISHWESHWARI ELECTRICALS","Payment Success","169530"
"996","Maharashtra","Street lights","WS/MP18126/2025-2026/236283","DHULE(DISTRICT COLLECTOR DHULE_IDA)","ADV GOWAAL KAGADA PADAVI","NANDURBAR(ST)","30-Jul-2026","VISHWESHWARI ELECTRICALS","Payment Success","169530"
"997","Maharashtra","Street lights","WS/MP18126/2025-2026/236284","DHULE(DISTRICT COLLECTOR DHULE_IDA)","ADV GOWAAL KAGADA PADAVI","NANDURBAR(ST)","30-Jul-2026","VISHWESHWARI ELECTRICALS","Payment Success","169530"
"998","Maharashtra","Street lights","WS/MP18126/2025-2026/236285","DHULE(DISTRICT COLLECTOR DHULE_IDA)","ADV GOWAAL KAGADA PADAVI","NANDURBAR(ST)","04-Aug-2026","VISHWESHWARI ELECTRICALS","Payment Success","169530"
"999","Maharashtra","Street lights","WS/MP18126/2025-2026/236286","DHULE(DISTRICT COLLECTOR DHULE_IDA)","ADV GOWAAL KAGADA PADAVI","NANDURBAR(ST)","05-Aug-2026","VISHWESHWARI ELECTRICALS","Payment Success","169530"
"1000","Maharashtra","Street lights","WS/MP18126/2025-2026/236292","DHULE(DISTRICT COLLECTOR DHULE_IDA)","ADV GOWAAL KAGADA PADAVI","NANDURBAR(ST)","30-Jul-2026","SHRI GANESH ELECTRICAL AND CONTRACTER","Payment Success","169530"
"1001","Maharashtra","Street lights","WS/MP18126/2025-2026/236293","DHULE(DISTRICT COLLECTOR DHULE_IDA)","ADV GOWAAL KAGADA PADAVI","NANDURBAR(ST)","30-Jul-2026","SHRI GANESH ELECTRICAL AND CONTRACTER","Payment Success","169530"
"1002","Maharashtra","Street lights","WS/MP18126/2025-2026/236294","DHULE(DISTRICT COLLECTOR DHULE_IDA)","ADV GOWAAL KAGADA PADAVI","NANDURBAR(ST)","30-Jul-2026","SHRI GANESH ELECTRICAL AND CONTRACTER","Payment Success","169530"
"1003","Maharashtra","Street lights","WS/MP18126/2025-2026/236295","DHULE(DISTRICT COLLECTOR DHULE_IDA)","ADV GOWAAL KAGADA PADAVI","NANDURBAR(ST)","30-Jul-2026","SHRI GANESH ELECTRICAL AND CONTRACTER","Payment Success","169530"
"1004","Maharashtra","Street lights","WS/MP18126/2025-2026/236296","DHULE(DISTRICT COLLECTOR DHULE_IDA)","ADV GOWAAL KAGADA PADAVI","NANDURBAR(ST)","30-Jul-2026","SHRI GANESH ELECTRICAL AND CONTRACTER","Payment Success","169530"
"1005","Maharashtra","Street lights","WS/MP18126/2025-2026/236297","DHULE(DISTRICT COLLECTOR DHULE_IDA)","ADV GOWAAL KAGADA PADAVI","NANDURBAR(ST)","30-Jul-2026","SHRI GANESH ELECTRICAL AND CONTRACTER","Payment Success","169530"
"1006","Maharashtra","Street lights","WS/MP18126/2025-2026/236298","DHULE(DISTRICT COLLECTOR DHULE_IDA)","ADV GOWAAL KAGADA PADAVI","NANDURBAR(ST)","30-Jul-2026","SHRI GANESH ELECTRICAL AND CONTRACTER","Payment Success","169530"
"1007","Maharashtra","Street lights","WS/MP18126/2025-2026/236299","DHULE(DISTRICT COLLECTOR DHULE_IDA)","ADV GOWAAL KAGADA PADAVI","NANDURBAR(ST)","30-Jul-2026","SHRI GANESH ELECTRICAL AND CONTRACTER","Payment Success","169530"
"1008","Maharashtra","Street lights","WS/MP18126/2025-2026/236300","DHULE(DISTRICT COLLECTOR DHULE_IDA)","ADV GOWAAL KAGADA PADAVI","NANDURBAR(ST)","30-Jul-2026","SHRI GANESH ELECTRICAL AND CONTRACTER","Payment Success","169530"
"1009","Maharashtra","Street lights","WS/MP18126/2025-2026/236301","DHULE(DISTRICT COLLECTOR DHULE_IDA)","ADV GOWAAL KAGADA PADAVI","NANDURBAR(ST)","30-Jul-2026","SHRI GANESH ELECTRICAL AND CONTRACTER","Payment Success","169530"
"1010","Maharashtra","Street lights","WS/MP18126/2025-2026/236302","DHULE(DISTRICT COLLECTOR DHULE_IDA)","ADV GOWAAL KAGADA PADAVI","NANDURBAR(ST)","30-Jul-2026","SHRI GANESH ELECTRICAL AND CONTRACTER","Payment Success","169530"
"1011","Maharashtra","Street lights","WS/MP18126/2025-2026/236303","DHULE(DISTRICT COLLECTOR DHULE_IDA)","ADV GOWAAL KAGADA PADAVI","NANDURBAR(ST)","30-Jul-2026","SHRI GANESH ELECTRICAL AND CONTRACTER","Payment Success","169530"
"1012","Maharashtra","Street lights","WS/MP18126/2025-2026/236304","DHULE(DISTRICT COLLECTOR DHULE_IDA)","ADV GOWAAL KAGADA PADAVI","NANDURBAR(ST)","30-Jul-2026","SHRI GANESH ELECTRICAL AND CONTRACTER","Payment Success","169530"
"1013","Maharashtra","Street lights","WS/MP18126/2025-2026/236305","DHULE(DISTRICT COLLECTOR DHULE_IDA)","ADV GOWAAL KAGADA PADAVI","NANDURBAR(ST)","30-Jul-2026","SHRI GANESH ELECTRICAL AND CONTRACTER","Payment Success","169530"
"1014","Maharashtra","Street lights","WS/MP18126/2025-2026/236306","DHULE(DISTRICT COLLECTOR DHULE_IDA)","ADV GOWAAL KAGADA PADAVI","NANDURBAR(ST)","05-Aug-2026","VISHWESHWARI ELECTRICALS","Payment Success","169530"
"1015","Maharashtra","Street lights","WS/MP18126/2025-2026/236307","DHULE(DISTRICT COLLECTOR DHULE_IDA)","ADV GOWAAL KAGADA PADAVI","NANDURBAR(ST)","30-Jul-2026","SHRI GANESH ELECTRICAL AND CONTRACTER","Payment Success","169530"
"1016","Maharashtra","Street lights","WS/MP18126/2025-2026/236308","DHULE(DISTRICT COLLECTOR DHULE_IDA)","ADV GOWAAL KAGADA PADAVI","NANDURBAR(ST)","30-Jul-2026","SHRI GANESH ELECTRICAL AND CONTRACTER","Payment Success","169530"
"1017","Maharashtra","Street lights","WS/MP18126/2025-2026/236309","DHULE(DISTRICT COLLECTOR DHULE_IDA)","ADV GOWAAL KAGADA PADAVI","NANDURBAR(ST)","30-Jul-2026","SHRI GANESH ELECTRICAL AND CONTRACTER","Payment Success","169530"
"1018","Maharashtra","Street lights","WS/MP18126/2025-2026/236310","DHULE(DISTRICT COLLECTOR DHULE_IDA)","ADV GOWAAL KAGADA PADAVI","NANDURBAR(ST)","30-Jul-2026","SHRI GANESH ELECTRICAL AND CONTRACTER","Payment Success","169530"
"1019","Maharashtra","Street lights","WS/MP18126/2025-2026/236311","DHULE(DISTRICT COLLECTOR DHULE_IDA)","ADV GOWAAL KAGADA PADAVI","NANDURBAR(ST)","30-Jul-2026","SHRI GANESH ELECTRICAL AND CONTRACTER","Payment Success","169530"
"1020","Maharashtra","Street lights","WS/MP18126/2025-2026/236312","DHULE(DISTRICT COLLECTOR DHULE_IDA)","ADV GOWAAL KAGADA PADAVI","NANDURBAR(ST)","30-Jul-2026","SHRI GANESH ELECTRICAL AND CONTRACTER","Payment Success","169530"
"1021","Maharashtra","Street lights","WS/MP18126/2025-2026/236313","DHULE(DISTRICT COLLECTOR DHULE_IDA)","ADV GOWAAL KAGADA PADAVI","NANDURBAR(ST)","30-Jul-2026","SHRI GANESH ELECTRICAL AND CONTRACTER","Payment Success","169530"
"1022","Maharashtra","Street lights","WS/MP18126/2025-2026/236314","DHULE(DISTRICT COLLECTOR DHULE_IDA)","ADV GOWAAL KAGADA PADAVI","NANDURBAR(ST)","30-Jul-2026","SHRI GANESH ELECTRICAL AND CONTRACTER","Payment Success","169530"
"1023","Maharashtra","Street lights","WS/MP18126/2025-2026/236315","DHULE(DISTRICT COLLECTOR DHULE_IDA)","ADV GOWAAL KAGADA PADAVI","NANDURBAR(ST)","30-Jul-2026","SHRI GANESH ELECTRICAL AND CONTRACTER","Payment Success","169530"
"1024","Maharashtra","Street lights","WS/MP18126/2025-2026/236316","DHULE(DISTRICT COLLECTOR DHULE_IDA)","ADV GOWAAL KAGADA PADAVI","NANDURBAR(ST)","30-Jul-2026","SHRI GANESH ELECTRICAL AND CONTRACTER","Payment Success","169530"
"1025","Maharashtra","Street lights","WS/MP18126/2025-2026/236317","DHULE(DISTRICT COLLECTOR DHULE_IDA)","ADV GOWAAL KAGADA PADAVI","NANDURBAR(ST)","30-Jul-2026","SHRI GANESH ELECTRICAL AND CONTRACTER","Payment Success","169530"
"1026","Maharashtra","Street lights","WS/MP18126/2025-2026/236318","DHULE(DISTRICT COLLECTOR DHULE_IDA)","ADV GOWAAL KAGADA PADAVI","NANDURBAR(ST)","30-Jul-2026","SHRI GANESH ELECTRICAL AND CONTRACTER","Payment Success","169530"
"1027","Maharashtra","Street lights","WS/MP18126/2025-2026/236319","DHULE(DISTRICT COLLECTOR DHULE_IDA)","ADV GOWAAL KAGADA PADAVI","NANDURBAR(ST)","30-Jul-2026","SHRI GANESH ELECTRICAL AND CONTRACTER","Payment Success","169530"
"1028","Maharashtra","Street lights","WS/MP18126/2025-2026/236320","DHULE(DISTRICT COLLECTOR DHULE_IDA)","ADV GOWAAL KAGADA PADAVI","NANDURBAR(ST)","30-Jul-2026","SHRI GANESH ELECTRICAL AND CONTRACTER","Payment Success","169530"
"1029","Maharashtra","Street lights","WS/MP18126/2025-2026/236321","DHULE(DISTRICT COLLECTOR DHULE_IDA)","ADV GOWAAL KAGADA PADAVI","NANDURBAR(ST)","30-Jul-2026","SHRI GANESH ELECTRICAL AND CONTRACTER","Payment Success","169530"
"1030","Maharashtra","Street lights","WS/MP18126/2025-2026/236325","DHULE(DISTRICT COLLECTOR DHULE_IDA)","ADV GOWAAL KAGADA PADAVI","NANDURBAR(ST)","30-Jul-2026","SHRI GANESH ELECTRICAL AND CONTRACTER","Payment Success","169530"
"1031","Maharashtra","Street lights","WS/MP18126/2025-2026/266929","DHULE(DISTRICT COLLECTOR DHULE_IDA)","ADV GOWAAL KAGADA PADAVI","NANDURBAR(ST)","30-Jul-2026","VISHWESHWARI ELECTRICALS","Payment Success","169530"
"1032","Maharashtra","Street lights","WS/MP18126/2025-2026/266930","DHULE(DISTRICT COLLECTOR DHULE_IDA)","ADV GOWAAL KAGADA PADAVI","NANDURBAR(ST)","30-Jul-2026","VISHWESHWARI ELECTRICALS","Payment Success","169530"
"1033","Maharashtra","Street lights","WS/MP18126/2025-2026/266931","DHULE(DISTRICT COLLECTOR DHULE_IDA)","ADV GOWAAL KAGADA PADAVI","NANDURBAR(ST)","30-Jul-2026","VISHWESHWARI ELECTRICALS","Payment Success","169530"
"1034","Maharashtra","Street lights","WS/MP18126/2025-2026/266932","DHULE(DISTRICT COLLECTOR DHULE_IDA)","ADV GOWAAL KAGADA PADAVI","NANDURBAR(ST)","30-Jul-2026","VISHWESHWARI ELECTRICALS","Payment Success","169530"
"1035","Maharashtra","Street lights","WS/MP18126/2025-2026/266933","DHULE(DISTRICT COLLECTOR DHULE_IDA)","ADV GOWAAL KAGADA PADAVI","NANDURBAR(ST)","30-Jul-2026","VISHWESHWARI ELECTRICALS","Payment Success","169530"
"1036","Maharashtra","Street lights","WS/MP18126/2025-2026/266934","DHULE(DISTRICT COLLECTOR DHULE_IDA)","ADV GOWAAL KAGADA PADAVI","NANDURBAR(ST)","30-Jul-2026","SHRI GANESH ELECTRICAL AND CONTRACTER","Payment Success","169530"
"1037","Maharashtra","Street lights","WS/MP18126/2025-2026/266935","DHULE(DISTRICT COLLECTOR DHULE_IDA)","ADV GOWAAL KAGADA PADAVI","NANDURBAR(ST)","30-Jul-2026","VISHWESHWARI ELECTRICALS","Payment Success","169530"
"1038","Maharashtra","Street lights","WS/MP18126/2025-2026/266936","DHULE(DISTRICT COLLECTOR DHULE_IDA)","ADV GOWAAL KAGADA PADAVI","NANDURBAR(ST)","30-Jul-2026","VISHWESHWARI ELECTRICALS","Payment Success","169530"
"1039","Maharashtra","Street lights","WS/MP18126/2025-2026/266937","DHULE(DISTRICT COLLECTOR DHULE_IDA)","ADV GOWAAL KAGADA PADAVI","NANDURBAR(ST)","30-Jul-2026","VISHWESHWARI ELECTRICALS","Payment Success","169530"
"1040","Maharashtra","Street lights","WS/MP18126/2025-2026/266938","DHULE(DISTRICT COLLECTOR DHULE_IDA)","ADV GOWAAL KAGADA PADAVI","NANDURBAR(ST)","30-Jul-2026","VISHWESHWARI ELECTRICALS","Payment Success","169530"
"1041","Maharashtra","Installing tube-wells and borewells","WS/MP18117/2025-2026/166250","DHULE(DISTRICT COLLECTOR DHULE_IDA)","BACHHAV SHOBHA DINESH","DHULE","24-Apr-2026","RADIANCE ELECTRICALS","Payment Success","878646"
"1042","Maharashtra","Construction of roads, link roads, pathways or any other road with or without drainage system","WS/MP18117/2025-2026/166251","DHULE(DISTRICT COLLECTOR DHULE_IDA)","BACHHAV SHOBHA DINESH","DHULE","06-Mar-2026","tushar satish rawale","Payment Success","985048"
"1043","Maharashtra","Construction of roads, link roads, pathways or any other road with or without drainage system","WS/MP18117/2025-2026/166253","DHULE(DISTRICT COLLECTOR DHULE_IDA)","BACHHAV SHOBHA DINESH","DHULE","06-Mar-2026","tushar satish rawale","Payment Success","493028"
"1044","Maharashtra","Construction of footpaths and pedestrian ways","WS/MP18116/2026-2027/229732","THANE(DISTRICT COLLECTOR THANE_IDA)","BALYA MAMA SURESH GOPINATH MHATRE","BHIWANDI","03-Jul-2026","Kiran shashikant Gaikwad","Payment Success","996904"
"1045","Maharashtra","Street lights","WS/MP18116/2026-2027/211811","THANE(DISTRICT COLLECTOR THANE_IDA)","BALYA MAMA SURESH GOPINATH MHATRE","BHIWANDI","02-Jul-2026","jagdamb industries","Payment Success","498686"
"1046","Maharashtra","Street lights","WS/MP18116/2026-2027/211813","THANE(DISTRICT COLLECTOR THANE_IDA)","BALYA MAMA SURESH GOPINATH MHATRE","BHIWANDI","02-Jul-2026","jagdamb industries","Payment Success","498686"
"1047","Maharashtra","Lighting of public spaces","WS/MP18116/2026-2027/209822","THANE(DISTRICT COLLECTOR THANE_IDA)","BALYA MAMA SURESH GOPINATH MHATRE","BHIWANDI","02-Jul-2026","Sachin Shahaji Londhe","Payment Success","498686"
"1048","Maharashtra","Lighting of public spaces","WS/MP18116/2026-2027/209824","THANE(DISTRICT COLLECTOR THANE_IDA)","BALYA MAMA SURESH GOPINATH MHATRE","BHIWANDI","02-Jul-2026","jagdamb industries","Payment Success","498686"
"1049","Maharashtra","Construction of roads, link roads, pathways or any other road with or without drainage system","WS/MP18131/2025-2026/206353","RATNAGIRI(District Collector Ratnagiri_IDA)","NARAYAN TATU RANE","RATNAGIRI-SINDHUDURG","24-Mar-2026","animesh narendra keer","Payment Success","500000"
"1050","Maharashtra","Construction of roads, link roads, pathways or any other road with or without drainage system","WS/MP18131/2025-2026/206354","RATNAGIRI(District Collector Ratnagiri_IDA)","NARAYAN TATU RANE","RATNAGIRI-SINDHUDURG","18-Jun-2026","Shramik Kalyan majur sahakari sanstha ltd","Payment Success","750000"
"1051","Maharashtra","Construction of roads, link roads, pathways or any other road with or without drainage system","WS/MP18131/2025-2026/206355","RATNAGIRI(District Collector Ratnagiri_IDA)","NARAYAN TATU RANE","RATNAGIRI-SINDHUDURG","06-Aug-2026","Bhushan Ramdas Tulsavadekar","Payment Success","500000"
"1052","Maharashtra","Construction of roads, link roads, pathways or any other road with or without drainage system","WS/MP18131/2025-2026/206356","RATNAGIRI(District Collector Ratnagiri_IDA)","NARAYAN TATU RANE","RATNAGIRI-SINDHUDURG","13-Apr-2026","shantaram vitthal shelke","Payment Success","75000"
"1053","Maharashtra","Construction of roads, link roads, pathways or any other road with or without drainage system","WS/MP18131/2025-2026/206357","RATNAGIRI(District Collector Ratnagiri_IDA)","NARAYAN TATU RANE","RATNAGIRI-SINDHUDURG","25-Apr-2026","Bhushan Ramdas Tulsavadekar","Payment Success","500000"
"1054","Maharashtra","Construction of roads, link roads, pathways or any other road with or without drainage system","WS/MP18131/2025-2026/206358","RATNAGIRI(District Collector Ratnagiri_IDA)","NARAYAN TATU RANE","RATNAGIRI-SINDHUDURG","23-Jun-2026","anup narendra gunijan","Payment Success","1000000"
"1055","Maharashtra","Construction of roads, link roads, pathways or any other road with or without drainage system","WS/MP18131/2025-2026/206359","RATNAGIRI(District Collector Ratnagiri_IDA)","NARAYAN TATU RANE","RATNAGIRI-SINDHUDURG","02-Jul-2026","Bhushan Ramdas Tulsavadekar","Payment Success","500000"
"1056","Maharashtra","Construction of roads, link roads, pathways or any other road with or without drainage system","WS/MP18131/2025-2026/206360","RATNAGIRI(District Collector Ratnagiri_IDA)","NARAYAN TATU RANE","RATNAGIRI-SINDHUDURG","25-Apr-2026","Bhushan Ramdas Tulsavadekar","Payment Success","500000"
"1057","Maharashtra","Construction of roads, link roads, pathways or any other road with or without drainage system","WS/MP18131/2025-2026/206361","RATNAGIRI(District Collector Ratnagiri_IDA)","NARAYAN TATU RANE","RATNAGIRI-SINDHUDURG","04-May-2026","shramjivi majur sahakari sanstha maryadit raipatan","Payment Success","500000"
"1058","Maharashtra","Construction of roads, link roads, pathways or any other road with or without drainage system","WS/MP18131/2025-2026/206363","RATNAGIRI(District Collector Ratnagiri_IDA)","NARAYAN TATU RANE","RATNAGIRI-SINDHUDURG","02-Jul-2026","Bhushan Ramdas Tulsavadekar","Payment Success","500000"
"1059","Maharashtra","Construction of toilet blocks","WS/MP18131/2025-2026/206367","RATNAGIRI(District Collector Ratnagiri_IDA)","NARAYAN TATU RANE","RATNAGIRI-SINDHUDURG","04-May-2026","siddhesh sadanand vibhute","Payment Success","150000"
"1060","Maharashtra","Construction of roads, link roads, pathways or any other road with or without drainage system","WS/MP18131/2025-2026/200905","RATNAGIRI(District Collector Ratnagiri_IDA)","NARAYAN TATU RANE","RATNAGIRI-SINDHUDURG","23-Feb-2026","Sunil Shrimant Nadure","Payment Success","750000"
"1061","Maharashtra","Construction of roads, link roads, pathways or any other road with or without drainage system","WS/MP18131/2025-2026/200905","RATNAGIRI(District Collector Ratnagiri_IDA)","NARAYAN TATU RANE","RATNAGIRI-SINDHUDURG","21-Aug-2026","Sunil Shrimant Nadure","Payment Success","744025"
"1062","Maharashtra","Construction of roads, link roads, pathways or any other road with or without drainage system","WS/MP18131/2026-2027/200906","RATNAGIRI(District Collector Ratnagiri_IDA)","NARAYAN TATU RANE","RATNAGIRI-SINDHUDURG","13-Jul-2026","arjun pomu pawar","Payment Success","500000"
"1063","Maharashtra","Construction of roads, link roads, pathways or any other road with or without drainage system","WS/MP18131/2025-2026/200907","RATNAGIRI(District Collector Ratnagiri_IDA)","NARAYAN TATU RANE","RATNAGIRI-SINDHUDURG","06-Aug-2026","sunil ganpat padyar","Payment Success","250000"
"1064","Maharashtra","Construction of footpaths and pedestrian ways","WS/MP18116/2025-2026/251303","THANE(DISTRICT COLLECTOR THANE_IDA)","BALYA MAMA SURESH GOPINATH MHATRE","BHIWANDI","12-May-2026","Hindustan Enterprises","Payment Success","391730"
"1065","Maharashtra","Providing supply pipelines for drinking water","WS/MP18116/2025-2026/240779","THANE(DISTRICT COLLECTOR THANE_IDA)","BALYA MAMA SURESH GOPINATH MHATRE","BHIWANDI","10-Feb-2026","Bubere and Associates","Payment Success","396643"
"1066","Maharashtra","Fitting of Sitting RCC Benches in Public Places","WS/MP18116/2025-2026/235830","THANE(DISTRICT COLLECTOR THANE_IDA)","BALYA MAMA SURESH GOPINATH MHATRE","BHIWANDI","29-Jan-2026","Prem Enterprises","Payment Success","483483"
"1067","Maharashtra","Construction of roads, link roads, pathways or any other road with or without drainage system","WS/MP18116/2026-2027/248969","THANE(DISTRICT COLLECTOR THANE_IDA)","BALYA MAMA SURESH GOPINATH MHATRE","BHIWANDI","31-Jul-2026","A Cube Enterprise","Payment Success","977041"
"1068","Maharashtra","Construction of roads, link roads, pathways or any other road with or without drainage system","WS/MP18111/2026-2027/273202","AKOLA(DISTRICT COLLECTOR AKOLA_IDA)","ANUP SANJAY DHOTRE","AKOLA","24-Aug-2026","GRAM PANCHAYAT DURGWADA","Payment Success","972077"
"1069","Maharashtra","Construction of community centers and community halls","WS/MP18111/2026-2027/273222","AKOLA(DISTRICT COLLECTOR AKOLA_IDA)","ANUP SANJAY DHOTRE","AKOLA","19-Aug-2026","GP KHERDA BK STHANIK VIKAS NIDHI","Payment Success","986945"
"1070","Maharashtra","Construction of roads, link roads, pathways or any other road with or without drainage system","WS/MP18111/2026-2027/276689","AKOLA(DISTRICT COLLECTOR AKOLA_IDA)","ANUP SANJAY DHOTRE","AKOLA","10-Aug-2026","PM ADARSHGRAM YOJNA G P SAMSHERPUR","Payment Success","972751"
"1071","Maharashtra","Construction of community centers and community halls","WS/MP18136/2025-2026/218115","AMRAVATI(DISTRICT COLLECTOR AMRAVATI_IDA)","AMAR SHARADRAO KALE","WARDHA","06-Jan-2026","SARPANCH SACHIV GRAM BHATKULI RENU","Payment Success","984594"
"1072","Maharashtra","Construction of community centers and community halls","WS/MP18112/2024-2025/143947","AMRAVATI(DISTRICT COLLECTOR AMRAVATI_IDA)","BALWANT BASWANT WANKHADE","AMRAVATI(SC)","13-Nov-2025","VIPUL VIJAY CHAWARE","Payment Success","1441000"
"1073","Maharashtra","Construction of community centers and community halls","WS/MP18112/2025-2026/211417","AMRAVATI(DISTRICT COLLECTOR AMRAVATI_IDA)","BALWANT BASWANT WANKHADE","AMRAVATI(SC)","04-Aug-2026","MOHD ANIS MOHD SHAFI","Payment Success","842346"
"1074","Maharashtra","Construction of roads, link roads, pathways or any other road with or without drainage system","WS/MP18112/2025-2026/217109","AMRAVATI(DISTRICT COLLECTOR AMRAVATI_IDA)","BALWANT BASWANT WANKHADE","AMRAVATI(SC)","16-Oct-2025","ANKIT MAHESH AGRAWAL","Payment Success","693022"
"1075","Maharashtra","Construction of roads, link roads, pathways or any other road with or without drainage system","WS/MP18112/2025-2026/217118","AMRAVATI(DISTRICT COLLECTOR AMRAVATI_IDA)","BALWANT BASWANT WANKHADE","AMRAVATI(SC)","14-Nov-2025","ANKIT MAHESH AGRAWAL","Payment Success","640526"
"1076","Maharashtra","Construction of roads, link roads, pathways or any other road with or without drainage system","WS/MP18112/2025-2026/217119","AMRAVATI(DISTRICT COLLECTOR AMRAVATI_IDA)","BALWANT BASWANT WANKHADE","AMRAVATI(SC)","26-Nov-2025","ANKIT MAHESH AGRAWAL","Payment Success","606753"
"1077","Maharashtra","Construction of roads, link roads, pathways or any other road with or without drainage system","WS/MP18112/2025-2026/217119","AMRAVATI(DISTRICT COLLECTOR AMRAVATI_IDA)","BALWANT BASWANT WANKHADE","AMRAVATI(SC)","03-Aug-2026","ANKIT MAHESH AGRAWAL","Payment Success","75354"
"1078","Maharashtra","Construction of community centers and community halls","WS/MP18116/2025-2026/224081","THANE(DISTRICT COLLECTOR THANE_IDA)","BALYA MAMA SURESH GOPINATH MHATRE","BHIWANDI","05-May-2026","Dhiraj Ananta Ghodvinde","Payment Success","989838"
"1079","Maharashtra","Construction of roads, link roads, pathways or any other road with or without drainage system","WS/MP18116/2025-2026/229118","THANE(DISTRICT COLLECTOR THANE_IDA)","BALYA MAMA SURESH GOPINATH MHATRE","BHIWANDI","25-Feb-2026","Devidas Keshav Vishe","Payment Success","973636"
"1080","Maharashtra","Construction of community centers and community halls","WS/MP18116/2025-2026/232156","THANE(DISTRICT COLLECTOR THANE_IDA)","BALYA MAMA SURESH GOPINATH MHATRE","BHIWANDI","26-Feb-2026","Pallavi Anant Ghude","Payment Success","692379"
"1081","Maharashtra","Construction of roads, link roads, pathways or any other road with or without drainage system","WS/MP18116/2025-2026/232158","THANE(DISTRICT COLLECTOR THANE_IDA)","BALYA MAMA SURESH GOPINATH MHATRE","BHIWANDI","03-Feb-2026","Pallavi Anant Ghude","Payment Success","759683"
"1082","Maharashtra","Construction of roads, link roads, pathways or any other road with or without drainage system","WS/MP18116/2025-2026/232160","THANE(DISTRICT COLLECTOR THANE_IDA)","BALYA MAMA SURESH GOPINATH MHATRE","BHIWANDI","03-Feb-2026","Pallavi Anant Ghude","Payment Success","494588"
"1083","Maharashtra","Construction of roads, link roads, pathways or any other road with or without drainage system","WS/MP18116/2026-2027/232199","THANE(DISTRICT COLLECTOR THANE_IDA)","BALYA MAMA SURESH GOPINATH MHATRE","BHIWANDI","09-Apr-2026","yogesh suresh farde","Payment Success","1463967"
"1084","Maharashtra","Construction of roads, link roads, pathways or any other road with or without drainage system","WS/MP18116/2025-2026/235496","THANE(DISTRICT COLLECTOR THANE_IDA)","BALYA MAMA SURESH GOPINATH MHATRE","BHIWANDI","14-Feb-2026","Dinesh Water Proofing","Payment Success","492714"
"1085","Maharashtra","Construction of roads, link roads, pathways or any other road with or without drainage system","WS/MP18116/2025-2026/235500","THANE(DISTRICT COLLECTOR THANE_IDA)","BALYA MAMA SURESH GOPINATH MHATRE","BHIWANDI","09-Apr-2026","pradip arun shinde","Payment Success","471677"
"1086","Maharashtra","Fitting of Sitting RCC Benches in Public Places","WS/MP18116/2026-2027/186732","THANE(DISTRICT COLLECTOR THANE_IDA)","BALYA MAMA SURESH GOPINATH MHATRE","BHIWANDI","09-Apr-2026","Aditya Santosh Deshmukh","Payment Success","492538"
"1087","Maharashtra","Fitting of Sitting RCC Benches in Public Places","WS/MP18116/2025-2026/186722","THANE(DISTRICT COLLECTOR THANE_IDA)","BALYA MAMA SURESH GOPINATH MHATRE","BHIWANDI","30-Sep-2025","vaibhav m k sah soc lenad","Payment Success","979651"
"1088","Maharashtra","Construction of bus-sheds or bus-stops","WS/MP18116/2025-2026/186741","THANE(DISTRICT COLLECTOR THANE_IDA)","BALYA MAMA SURESH GOPINATH MHATRE","BHIWANDI","05-Jul-2025","kalpesh harishchandra pawar","Payment Success","295624"
"1089","Maharashtra","Construction of bus-sheds or bus-stops","WS/MP18116/2025-2026/186744","THANE(DISTRICT COLLECTOR THANE_IDA)","BALYA MAMA SURESH GOPINATH MHATRE","BHIWANDI","05-Jul-2025","kalpesh harishchandra pawar","Payment Success","296098"
"1090","Maharashtra","Construction of bus-sheds or bus-stops","WS/MP18116/2025-2026/186747","THANE(DISTRICT COLLECTOR THANE_IDA)","BALYA MAMA SURESH GOPINATH MHATRE","BHIWANDI","05-Jul-2025","kalpesh harishchandra pawar","Payment Success","296098"
"1091","Maharashtra","Fitting of Sitting RCC Benches in Public Places","WS/MP18116/2026-2027/186750","THANE(DISTRICT COLLECTOR THANE_IDA)","BALYA MAMA SURESH GOPINATH MHATRE","BHIWANDI","09-Apr-2026","Aditya Santosh Deshmukh","Payment Success","492538"
"1092","Maharashtra","Construction of roads, link roads, pathways or any other road with or without drainage system","WS/MP18116/2026-2027/230996","THANE(DISTRICT COLLECTOR THANE_IDA)","BALYA MAMA SURESH GOPINATH MHATRE","BHIWANDI","09-Apr-2026","Bubere and Associates","Payment Success","1481986"
"1093","Maharashtra","Construction of roads, link roads, pathways or any other road with or without drainage system","WS/MP18116/2026-2027/230997","THANE(DISTRICT COLLECTOR THANE_IDA)","BALYA MAMA SURESH GOPINATH MHATRE","BHIWANDI","09-Apr-2026","Bubere and Associates","Payment Success","1481828"
"1094","Maharashtra","Providing supply pipelines for drinking water","WS/MP18116/2025-2026/186719","THANE(DISTRICT COLLECTOR THANE_IDA)","BALYA MAMA SURESH GOPINATH MHATRE","BHIWANDI","27-Mar-2026","Hindustan Enterprises","Payment Success","997000"
"1095","Maharashtra","Construction of footpaths and pedestrian ways","WS/MP18116/2025-2026/202343","THANE(DISTRICT COLLECTOR THANE_IDA)","BALYA MAMA SURESH GOPINATH MHATRE","BHIWANDI","18-Nov-2025","Hindustan Enterprises","Payment Success","1498932"
"1096","Maharashtra","Providing drains and gutters for public drainage","WS/MP18116/2025-2026/186710","THANE(DISTRICT COLLECTOR THANE_IDA)","BALYA MAMA SURESH GOPINATH MHATRE","BHIWANDI","29-Jan-2026","Hindustan Enterprises","Payment Success","987471"
"1097","Maharashtra","Construction of footpaths and pedestrian ways","WS/MP18116/2025-2026/192284","THANE(DISTRICT COLLECTOR THANE_IDA)","BALYA MAMA SURESH GOPINATH MHATRE","BHIWANDI","02-Dec-2025","Bubere and Associates","Payment Success","1463606"
"1098","Maharashtra","Construction of footpaths and pedestrian ways","WS/MP18116/2025-2026/209814","THANE(DISTRICT COLLECTOR THANE_IDA)","BALYA MAMA SURESH GOPINATH MHATRE","BHIWANDI","15-May-2026","Hindustan Enterprises","Payment Success","296167"
"1099","Maharashtra","Construction of roads, link roads, pathways or any other road with or without drainage system","WS/MP18116/2025-2026/221635","THANE(DISTRICT COLLECTOR THANE_IDA)","BALYA MAMA SURESH GOPINATH MHATRE","BHIWANDI","29-Jan-2026","Hindustan Enterprises","Payment Success","1487406"
"1100","Maharashtra","Providing drains and gutters for public drainage","WS/MP18116/2025-2026/221636","THANE(DISTRICT COLLECTOR THANE_IDA)","BALYA MAMA SURESH GOPINATH MHATRE","BHIWANDI","06-Apr-2026","Bubere and Associates","Payment Success","1474069"
"1101","Maharashtra","Construction of roads, link roads, pathways or any other road with or without drainage system","WS/MP18116/2025-2026/224073","THANE(DISTRICT COLLECTOR THANE_IDA)","BALYA MAMA SURESH GOPINATH MHATRE","BHIWANDI","10-Apr-2026","Rahul Enterprises","Payment Success","1435102"
"1102","Maharashtra","Fitting of Sitting RCC Benches in Public Places","WS/MP18116/2025-2026/235747","THANE(DISTRICT COLLECTOR THANE_IDA)","BALYA MAMA SURESH GOPINATH MHATRE","BHIWANDI","07-Jul-2026","Bubere and Associates","Payment Success","492000"
"1103","Maharashtra","Construction of roads, link roads, pathways or any other road with or without drainage system","WS/MP18116/2025-2026/235750","THANE(DISTRICT COLLECTOR THANE_IDA)","BALYA MAMA SURESH GOPINATH MHATRE","BHIWANDI","07-Jul-2026","Bubere and Associates","Payment Success","992529"
"1104","Maharashtra","Fitting of Sitting RCC Benches in Public Places","WS/MP18116/2025-2026/235800","THANE(DISTRICT COLLECTOR THANE_IDA)","BALYA MAMA SURESH GOPINATH MHATRE","BHIWANDI","29-Jan-2026","Prem Enterprises","Payment Success","483483"
"1105","Maharashtra","Construction of roads, link roads, pathways or any other road with or without drainage system","WS/MP18116/2025-2026/235814","THANE(DISTRICT COLLECTOR THANE_IDA)","BALYA MAMA SURESH GOPINATH MHATRE","BHIWANDI","29-Jan-2026","Hindustan Enterprises","Payment Success","985926"
"1106","Maharashtra","Installing tube-wells and borewells","WS/MP18116/2025-2026/235815","THANE(DISTRICT COLLECTOR THANE_IDA)","BALYA MAMA SURESH GOPINATH MHATRE","BHIWANDI","20-May-2026","Bubere and Associates","Payment Success","296645"
"1107","Maharashtra","Construction of roads, link roads, pathways or any other road with or without drainage system","WS/MP18116/2025-2026/235820","THANE(DISTRICT COLLECTOR THANE_IDA)","BALYA MAMA SURESH GOPINATH MHATRE","BHIWANDI","29-Jan-2026","Hindustan Enterprises","Payment Success","972190"
"1108","Maharashtra","Construction of roads, link roads, pathways or any other road with or without drainage system","WS/MP18127/2025-2026/253707","NASHIK(DISTRICT COLLECTOR NASHIK_IDA)","RAJABHAU","NASHIK","24-Aug-2026","SAGAR BHASKAR KOLHE","Payment Success","948000"
"1109","Maharashtra","Construction of community centers and community halls","WS/MP18127/2025-2026/253709","NASHIK(DISTRICT COLLECTOR NASHIK_IDA)","RAJABHAU","NASHIK","21-Aug-2026","Santkrupa Majur V Bandhkam Sahkari Sanstha Maryadit Vadgaon","Payment Success","987742"
"1110","Maharashtra","Construction of community centers and community halls","WS/MP18127/2025-2026/253710","NASHIK(DISTRICT COLLECTOR NASHIK_IDA)","RAJABHAU","NASHIK","20-Aug-2026","CHAITALI DNYANESHWAR SANGALE","Payment Success","988000"
"1111","Maharashtra","Setting up of kitchen and pantries","WS/MP18127/2025-2026/253711","NASHIK(DISTRICT COLLECTOR NASHIK_IDA)","RAJABHAU","NASHIK","16-Jul-2026","GANESH SOMNATH AVHAD","Payment Success","978000"
"1112","Maharashtra","Construction of roads, link roads, pathways or any other road with or without drainage system","WS/MP18127/2025-2026/253712","NASHIK(DISTRICT COLLECTOR NASHIK_IDA)","RAJABHAU","NASHIK","06-Jul-2026","adityavijaywaje","Payment Success","898000"
"1113","Maharashtra","Construction of roads, link roads, pathways or any other road with or without drainage system","WS/MP18127/2026-2027/274226","NASHIK(DISTRICT COLLECTOR NASHIK_IDA)","RAJABHAU","NASHIK","21-Aug-2026","SAGAR RAJARAM MATALE","Payment Success","986000"
"1114","Maharashtra","Crematoriums/energy efficient crematoriums or structures on burial/cremation ground","WS/MP18118/2025-2026/252894","NASHIK(DISTRICT COLLECTOR NASHIK_IDA)","BHASKAR MURLIDHAR BHAGARE","DINDORI(ST)","16-Jul-2026","MAYUR DINESH CHAVAN","Payment Success","698000"
"1115","Maharashtra","Construction of buildings for community cultural activities","WS/MP18123/2025-2026/200542","KOLHAPUR(DISTRICT COLLECTOR KOLHAPUR_IDA)","CHHATRAPATI SHAHU SHAHAJI","KOLHAPUR","06-Nov-2025","Ujendra Udayrao Ingawale","Payment Success","1000000"
"1116","Maharashtra","Construction of public libraries and reading rooms","WS/MP18123/2026-2027/186339","KOLHAPUR(DISTRICT COLLECTOR KOLHAPUR_IDA)","CHHATRAPATI SHAHU SHAHAJI","KOLHAPUR","20-Apr-2026","Nilesh Shivaji Kadam","Payment Success","999824"
"1117","Maharashtra","Construction of roads, link roads, pathways or any other road with or without drainage system","WS/MP18123/2025-2026/186340","KOLHAPUR(DISTRICT COLLECTOR KOLHAPUR_IDA)","CHHATRAPATI SHAHU SHAHAJI","KOLHAPUR","13-Mar-2026","AKSHAY VILAS KALMAKAR","Payment Success","999000"
"1118","Maharashtra","Construction of roads, link roads, pathways or any other road with or without drainage system","WS/MP18123/2025-2026/186341","KOLHAPUR(DISTRICT COLLECTOR KOLHAPUR_IDA)","CHHATRAPATI SHAHU SHAHAJI","KOLHAPUR","09-Feb-2026","Parth Ravindra Patil","Payment Success","749000"
"1119","Maharashtra","Construction of roads, link roads, pathways or any other road with or without drainage system","WS/MP18123/2025-2026/186342","KOLHAPUR(DISTRICT COLLECTOR KOLHAPUR_IDA)","CHHATRAPATI SHAHU SHAHAJI","KOLHAPUR","09-Feb-2026","Parth Ravindra Patil","Payment Success","995437"
"1120","Maharashtra","Construction of roads, link roads, pathways or any other road with or without drainage system","WS/MP18123/2025-2026/238167","KOLHAPUR(DISTRICT COLLECTOR KOLHAPUR_IDA)","CHHATRAPATI SHAHU SHAHAJI","KOLHAPUR","11-Mar-2026","Avadhut Gundu Halave","Payment Success","800000"
"1121","Maharashtra","Construction of roads, link roads, pathways or any other road with or without drainage system","WS/MP18123/2026-2027/242705","KOLHAPUR(DISTRICT COLLECTOR KOLHAPUR_IDA)","CHHATRAPATI SHAHU SHAHAJI","KOLHAPUR","17-Apr-2026","Vishal Pandit Shinde","Payment Success","1499618"
"1122","Maharashtra","Construction of roads, link roads, pathways or any other road with or without drainage system","WS/MP18123/2025-2026/241950","KOLHAPUR(DISTRICT COLLECTOR KOLHAPUR_IDA)","CHHATRAPATI SHAHU SHAHAJI","KOLHAPUR","18-Feb-2026","Kshatriya Constructions","Payment Success","1497956"
"1123","Maharashtra","Construction of buildings for multi-gym","WS/MP18123/2025-2026/255167","KOLHAPUR(DISTRICT COLLECTOR KOLHAPUR_IDA)","CHHATRAPATI SHAHU SHAHAJI","KOLHAPUR","04-Mar-2026","Arjunsinh Deepak Atigre","Payment Success","999298"
"1124","Maharashtra","Construction of roads, link roads, pathways or any other road with or without drainage system","WS/MP18123/2026-2027/253333","KOLHAPUR(DISTRICT COLLECTOR KOLHAPUR_IDA)","CHHATRAPATI SHAHU SHAHAJI","KOLHAPUR","27-May-2026","Sohan Shivaji Mote","Payment Success","1500000"
"1125","Maharashtra","Construction of roads, link roads, pathways or any other road with or without drainage system","WS/MP18123/2025-2026/226877","KOLHAPUR(DISTRICT COLLECTOR KOLHAPUR_IDA)","CHHATRAPATI SHAHU SHAHAJI","KOLHAPUR","09-Feb-2026","Ujendra Udayrao Ingawale","Payment Success","1000000"
"1126","Maharashtra","Construction of roads, link roads, pathways or any other road with or without drainage system","WS/MP18123/2026-2027/207781","KOLHAPUR(DISTRICT COLLECTOR KOLHAPUR_IDA)","CHHATRAPATI SHAHU SHAHAJI","KOLHAPUR","05-Aug-2026","Arjunsinh Deepak Atigre","Payment Success","1476022"
"1127","Maharashtra","Construction of roads, link roads, pathways or any other road with or without drainage system","WS/MP18123/2025-2026/220022","KOLHAPUR(DISTRICT COLLECTOR KOLHAPUR_IDA)","CHHATRAPATI SHAHU SHAHAJI","KOLHAPUR","02-Feb-2026","Vishwvijay Bhagwan Rote","Payment Success","1500000"
"1128","Maharashtra","Construction of roads, link roads, pathways or any other road with or without drainage system","WS/MP18123/2026-2027/228594","KOLHAPUR(DISTRICT COLLECTOR KOLHAPUR_IDA)","CHHATRAPATI SHAHU SHAHAJI","KOLHAPUR","17-Apr-2026","Ashwini Sanjeev Patil","Payment Success","1000000"
"1129","Maharashtra","Construction of roads, link roads, pathways or any other road with or without drainage system","WS/MP18123/2025-2026/226864","KOLHAPUR(DISTRICT COLLECTOR KOLHAPUR_IDA)","CHHATRAPATI SHAHU SHAHAJI","KOLHAPUR","18-Feb-2026","Kshatriya Constructions","Payment Success","1488133"
"1130","Maharashtra","Construction of roads, link roads, pathways or any other road with or without drainage system","WS/MP18123/2025-2026/224468","KOLHAPUR(DISTRICT COLLECTOR KOLHAPUR_IDA)","CHHATRAPATI SHAHU SHAHAJI","KOLHAPUR","17-Mar-2026","SUSHANT DINKAR PATIL","Payment Success","999000"
"1131","Maharashtra","Construction of roads, link roads, pathways or any other road with or without drainage system","WS/MP18123/2026-2027/224469","KOLHAPUR(DISTRICT COLLECTOR KOLHAPUR_IDA)","CHHATRAPATI SHAHU SHAHAJI","KOLHAPUR","11-Aug-2026","Sohan Shivaji Mote","Payment Success","999000"
"1132","Maharashtra","Construction of roads, link roads, pathways or any other road with or without drainage system","WS/MP18118/2025-2026/252915","NASHIK(DISTRICT COLLECTOR NASHIK_IDA)","BHASKAR MURLIDHAR BHAGARE","DINDORI(ST)","24-Aug-2026","shramsaphalya majur bandhkam sah soc ltd dolhare","Payment Success","998000"
"1133","Maharashtra","Crematoriums/energy efficient crematoriums or structures on burial/cremation ground","WS/MP18118/2025-2026/188284","NASHIK(DISTRICT COLLECTOR NASHIK_IDA)","BHASKAR MURLIDHAR BHAGARE","DINDORI(ST)","27-Jan-2026","AMOL SHANKAR HAMBRE","Payment Success","698000"
"1134","Maharashtra","Construction of buildings for community cultural activities","WS/MP18118/2025-2026/188286","NASHIK(DISTRICT COLLECTOR NASHIK_IDA)","BHASKAR MURLIDHAR BHAGARE","DINDORI(ST)","27-Jan-2026","AMOL SHANKAR HAMBRE","Payment Success","699000"
"1135","Maharashtra","Construction of roads, link roads, pathways or any other road with or without drainage system","WS/MP18118/2025-2026/188317","NASHIK(DISTRICT COLLECTOR NASHIK_IDA)","BHASKAR MURLIDHAR BHAGARE","DINDORI(ST)","06-Aug-2026","VISHAL SUBHASH BAGUL","Payment Success","992892"
"1136","Maharashtra","Construction of roads, link roads, pathways or any other road with or without drainage system","WS/MP18111/2025-2026/144098","AKOLA(DISTRICT COLLECTOR AKOLA_IDA)","ANUP SANJAY DHOTRE","AKOLA","03-Apr-2025","SANDEEP VASANT GOKHALE","Payment Success","396568"
"1137","Maharashtra","Construction of roads, link roads, pathways or any other road with or without drainage system","WS/MP18111/2025-2026/194803","AKOLA(DISTRICT COLLECTOR AKOLA_IDA)","ANUP SANJAY DHOTRE","AKOLA","30-Dec-2025","BHUPENDRASINGH BALWATSINGH BINDRA","Payment Success","992464"
"1138","Maharashtra","Construction of roads, link roads, pathways or any other road with or without drainage system","WS/MP18111/2025-2026/194804","AKOLA(DISTRICT COLLECTOR AKOLA_IDA)","ANUP SANJAY DHOTRE","AKOLA","23-Jan-2026","JYOTI CONSTRUCTION CO","Payment Success","994261"
"1139","Maharashtra","Construction of roads, link roads, pathways or any other road with or without drainage system","WS/MP18111/2025-2026/194805","AKOLA(DISTRICT COLLECTOR AKOLA_IDA)","ANUP SANJAY DHOTRE","AKOLA","04-Dec-2025","NARENDRA SOPANRAO THOKAL","Payment Success","977091"
"1140","Maharashtra","Construction of roads, link roads, pathways or any other road with or without drainage system","WS/MP18111/2025-2026/194806","AKOLA(DISTRICT COLLECTOR AKOLA_IDA)","ANUP SANJAY DHOTRE","AKOLA","30-Dec-2025","JYOTI CONSTRUCTION CO","Payment Success","972138"
"1141","Maharashtra","Construction of roads, link roads, pathways or any other road with or without drainage system","WS/MP18111/2026-2027/194807","AKOLA(DISTRICT COLLECTOR AKOLA_IDA)","ANUP SANJAY DHOTRE","AKOLA","24-Jun-2026","ASHISH DEVRAO MASNE","Payment Success","990124"
"1142","Maharashtra","Construction of roads, link roads, pathways or any other road with or without drainage system","WS/MP18111/2025-2026/187541","AKOLA(DISTRICT COLLECTOR AKOLA_IDA)","ANUP SANJAY DHOTRE","AKOLA","04-Dec-2025","NARENDRA SOPANRAO THOKAL","Payment Success","992607"
"1143","Maharashtra","Construction of roads, link roads, pathways or any other road with or without drainage system","WS/MP18111/2025-2026/187543","AKOLA(DISTRICT COLLECTOR AKOLA_IDA)","ANUP SANJAY DHOTRE","AKOLA","05-Dec-2025","NARENDRA SOPANRAO THOKAL","Payment Success","992728"
"1144","Maharashtra","Construction of roads, link roads, pathways or any other road with or without drainage system","WS/MP18120/2025-2026/174629","HINGOLI(DISTRICT COLLECTOR HINGOLI_IDA)","AASHTIKAR PATIL NAGESH BAPURAO","HINGOLI","19-Jan-2026","KABRA CONSTRUCTION","Payment Success","1492857"
"1145","Maharashtra","Construction of roads, link roads, pathways or any other road with or without drainage system","WS/MP18127/2026-2027/253698","NASHIK(DISTRICT COLLECTOR NASHIK_IDA)","RAJABHAU","NASHIK","09-Apr-2026","NEW SAGAR MAJOOR VA BHANDHKAM SAHAKARI SANSTHA MARYADIT","Payment Success","989500"
"1146","Maharashtra","Construction of community centers and community halls","WS/MP18127/2026-2027/253700","NASHIK(DISTRICT COLLECTOR NASHIK_IDA)","RAJABHAU","NASHIK","30-Jun-2026","SHREE YOGESHWAR SAHAKARI MAJOOR BANDHKAM SANSTHA LTD","Payment Success","1489900"
"1147","Maharashtra","Construction of roads, link roads, pathways or any other road with or without drainage system","WS/MP18127/2025-2026/188405","NASHIK(DISTRICT COLLECTOR NASHIK_IDA)","RAJABHAU","NASHIK","20-Jan-2026","SHRI BALAJI MAJUR VA BANDHKAM SAHAKARI SANSTHA","Payment Success","985764"
"1148","Maharashtra","Construction of public libraries and reading rooms","WS/MP18127/2026-2027/188406","NASHIK(DISTRICT COLLECTOR NASHIK_IDA)","RAJABHAU","NASHIK","06-Jul-2026","SAMRUDDHI MAJOOR SAHAKARI SANSTHA MARYADIT NASHIK","Payment Success","995650"
"1149","Maharashtra","Development of playfields and sports grounds","WS/MP18127/2025-2026/188380","NASHIK(DISTRICT COLLECTOR NASHIK_IDA)","RAJABHAU","NASHIK","10-Oct-2025","SARVESH SURYAKANT FOKANE","Payment Success","995092"
"1150","Maharashtra","Construction of community centers and community halls","WS/MP18127/2025-2026/188382","NASHIK(DISTRICT COLLECTOR NASHIK_IDA)","RAJABHAU","NASHIK","16-Dec-2025","DATTATRAYA ASHOK SHELAR","Payment Success","799000"
"1151","Maharashtra","Construction of community centers and community halls","WS/MP18127/2025-2026/188399","NASHIK(DISTRICT COLLECTOR NASHIK_IDA)","RAJABHAU","NASHIK","11-Apr-2026","Shivraj Vidut Mazur V Badhkam Sanstha Ma","Payment Success","979000"
"1152","Maharashtra","Construction of roads, link roads, pathways or any other road with or without drainage system","WS/MP18127/2025-2026/188400","NASHIK(DISTRICT COLLECTOR NASHIK_IDA)","RAJABHAU","NASHIK","27-Jan-2026","SHRI PANDURANG HARI MAJOOR VA BANDHKAM SAH SSANSTHA","Payment Success","751178"
"1153","Maharashtra","Construction of roads, link roads, pathways or any other road with or without drainage system","WS/MP18127/2026-2027/274228","NASHIK(DISTRICT COLLECTOR NASHIK_IDA)","RAJABHAU","NASHIK","27-Aug-2026","ROSHAN PANDURANG BODKE","Payment Success","999000"
"1154","Maharashtra","Construction of roads, link roads, pathways or any other road with or without drainage system","WS/MP18127/2026-2027/274229","NASHIK(DISTRICT COLLECTOR NASHIK_IDA)","RAJABHAU","NASHIK","27-Aug-2026","ROSHAN PANDURANG BODKE","Payment Success","699852"
"1155","Maharashtra","Construction of boundary walls of existing public and community buildings","WS/MP18127/2026-2027/274231","NASHIK(DISTRICT COLLECTOR NASHIK_IDA)","RAJABHAU","NASHIK","30-Jun-2026","ROHIT PRAKASH PORJE","Payment Success","949600"
"1156","Maharashtra","Construction of community centers and community halls","WS/MP18127/2026-2027/274232","NASHIK(DISTRICT COLLECTOR NASHIK_IDA)","RAJABHAU","NASHIK","30-Jun-2026","ROHIT PRAKASH PORJE","Payment Success","949900"
"1157","Maharashtra","Construction of roads, link roads, pathways or any other road with or without drainage system","WS/MP18127/2026-2027/274233","NASHIK(DISTRICT COLLECTOR NASHIK_IDA)","RAJABHAU","NASHIK","02-Jul-2026","GOKUL VASANT ILAG","Payment Success","941382"
"1158","Maharashtra","Crematoriums/energy efficient crematoriums or structures on burial/cremation ground","WS/MP18127/2026-2027/274234","NASHIK(DISTRICT COLLECTOR NASHIK_IDA)","RAJABHAU","NASHIK","02-Jul-2026","GOKUL VASANT ILAG","Payment Success","949700"
"1159","Maharashtra","Construction of community centers and community halls","WS/MP18127/2026-2027/253708","NASHIK(DISTRICT COLLECTOR NASHIK_IDA)","RAJABHAU","NASHIK","06-Aug-2026","SHRAMIK MAJOOR BANDHKAM SAHAKARI SANSTHA MARYA","Payment Success","989000"
"1160","Maharashtra","Construction of roads, link roads, pathways or any other road with or without drainage system","WS/MP18127/2025-2026/188389","NASHIK(DISTRICT COLLECTOR NASHIK_IDA)","RAJABHAU","NASHIK","04-Nov-2025","SONALI RAJARAM KAPADI","Payment Success","989000"
"1161","Maharashtra","Construction of boundary walls of existing public and community buildings","WS/MP18127/2025-2026/188390","NASHIK(DISTRICT COLLECTOR NASHIK_IDA)","RAJABHAU","NASHIK","04-Nov-2025","ROHIT PRAKASH PORJE","Payment Success","989000"
"1162","Maharashtra","Construction of community centers and community halls","WS/MP18127/2025-2026/188375","NASHIK(DISTRICT COLLECTOR NASHIK_IDA)","RAJABHAU","NASHIK","10-Nov-2025","SATHI SAYYAD BABA MAJOOR SAH SAN MARY","Payment Success","999500"
"1163","Maharashtra","Construction of community centers and community halls","WS/MP18127/2025-2026/188376","NASHIK(DISTRICT COLLECTOR NASHIK_IDA)","RAJABHAU","NASHIK","02-Jul-2026","Shivshankar Majoor Sahkari Sanstha Maryadit","Payment Success","1499500"
"1164","Maharashtra","Construction of community centers and community halls","WS/MP18127/2025-2026/188377","NASHIK(DISTRICT COLLECTOR NASHIK_IDA)","RAJABHAU","NASHIK","04-Dec-2025","NILESH KISAN AVHAD","Payment Success","990000"
"1165","Maharashtra","Construction of roads, link roads, pathways or any other road with or without drainage system","WS/MP18127/2025-2026/188369","NASHIK(DISTRICT COLLECTOR NASHIK_IDA)","RAJABHAU","NASHIK","05-Dec-2025","DINKAR SOPAN JAGTAP","Payment Success","989500"
"1166","Maharashtra","Development of public parks","WS/MP18127/2025-2026/188371","NASHIK(DISTRICT COLLECTOR NASHIK_IDA)","RAJABHAU","NASHIK","15-Jul-2026","AKSHAY MAJOOR SAHAKARI SANSTHA MARYADIT","Payment Success","989000"
"1167","Maharashtra","Construction of water tanks","WS/MP18116/2025-2026/236537","THANE(DISTRICT COLLECTOR THANE_IDA)","BALYA MAMA SURESH GOPINATH MHATRE","BHIWANDI","07-Apr-2026","Arif Ishtiyak Sheikh","Payment Success","499752"
"1168","Maharashtra","Fitting of Sitting RCC Benches in Public Places","WS/MP18116/2025-2026/236540","THANE(DISTRICT COLLECTOR THANE_IDA)","BALYA MAMA SURESH GOPINATH MHATRE","BHIWANDI","07-Aug-2026","GOLDEN CONSTRUCTION","Payment Success","499976"
"1169","Maharashtra","Construction of roads, link roads, pathways or any other road with or without drainage system","WS/MP18116/2025-2026/241509","THANE(DISTRICT COLLECTOR THANE_IDA)","BALYA MAMA SURESH GOPINATH MHATRE","BHIWANDI","27-Apr-2026","Suraj Nandkumar Mogre","Payment Success","984512"
"1170","Maharashtra","Construction of community centers and community halls","WS/MP18116/2025-2026/240788","THANE(DISTRICT COLLECTOR THANE_IDA)","BALYA MAMA SURESH GOPINATH MHATRE","BHIWANDI","22-Jul-2026","Khutal Vibhag Mkss","Payment Success","491992"
"1171","Maharashtra","Construction of community centers and community halls","WS/MP18116/2025-2026/240789","THANE(DISTRICT COLLECTOR THANE_IDA)","BALYA MAMA SURESH GOPINATH MHATRE","BHIWANDI","22-Jul-2026","Khutal Vibhag Mkss","Payment Success","474594"
"1172","Maharashtra","Construction of roads, link roads, pathways or any other road with or without drainage system","WS/MP18116/2025-2026/240791","THANE(DISTRICT COLLECTOR THANE_IDA)","BALYA MAMA SURESH GOPINATH MHATRE","BHIWANDI","05-May-2026","Khutal Vibhag Mkss","Payment Success","488072"
"1173","Maharashtra","Construction of roads, link roads, pathways or any other road with or without drainage system","WS/MP18116/2025-2026/240795","THANE(DISTRICT COLLECTOR THANE_IDA)","BALYA MAMA SURESH GOPINATH MHATRE","BHIWANDI","05-May-2026","Khutal Vibhag Mkss","Payment Success","488072"
"1174","Maharashtra","Construction of footpaths and pedestrian ways","WS/MP18116/2025-2026/210170","THANE(DISTRICT COLLECTOR THANE_IDA)","BALYA MAMA SURESH GOPINATH MHATRE","BHIWANDI","12-Feb-2026","pushpa majoor k s sty","Payment Success","973886"
"1175","Maharashtra","Construction of footpaths and pedestrian ways","WS/MP18116/2025-2026/220948","THANE(DISTRICT COLLECTOR THANE_IDA)","BALYA MAMA SURESH GOPINATH MHATRE","BHIWANDI","14-Feb-2026","Dinesh Water Proofing","Payment Success","488225"
"1176","Maharashtra","Construction of footpaths and pedestrian ways","WS/MP18116/2025-2026/220949","THANE(DISTRICT COLLECTOR THANE_IDA)","BALYA MAMA SURESH GOPINATH MHATRE","BHIWANDI","14-Feb-2026","Dinesh Water Proofing","Payment Success","488004"
"1177","Maharashtra","Construction of footpaths and pedestrian ways","WS/MP18116/2025-2026/220950","THANE(DISTRICT COLLECTOR THANE_IDA)","BALYA MAMA SURESH GOPINATH MHATRE","BHIWANDI","13-Mar-2026","Manas Ramesh Desale","Payment Success","492617"
"1178","Maharashtra","Construction of footpaths and pedestrian ways","WS/MP18116/2025-2026/220951","THANE(DISTRICT COLLECTOR THANE_IDA)","BALYA MAMA SURESH GOPINATH MHATRE","BHIWANDI","13-Mar-2026","Manas Ramesh Desale","Payment Success","492695"
"1179","Maharashtra","Construction of footpaths and pedestrian ways","WS/MP18116/2025-2026/220954","THANE(DISTRICT COLLECTOR THANE_IDA)","BALYA MAMA SURESH GOPINATH MHATRE","BHIWANDI","06-Aug-2026","bhushan raghunath gharat","Payment Success","492080"
"1180","Maharashtra","Construction of footpaths and pedestrian ways","WS/MP18116/2025-2026/220956","THANE(DISTRICT COLLECTOR THANE_IDA)","BALYA MAMA SURESH GOPINATH MHATRE","BHIWANDI","14-Feb-2026","Dinesh Water Proofing","Payment Success","487287"
"1181","Maharashtra","Construction of footpaths and pedestrian ways","WS/MP18116/2025-2026/208376","THANE(DISTRICT COLLECTOR THANE_IDA)","BALYA MAMA SURESH GOPINATH MHATRE","BHIWANDI","09-Feb-2026","vishal vilas gholap","Payment Success","483899"
"1182","Maharashtra","Construction of footpaths and pedestrian ways","WS/MP18116/2025-2026/208377","THANE(DISTRICT COLLECTOR THANE_IDA)","BALYA MAMA SURESH GOPINATH MHATRE","BHIWANDI","09-Feb-2026","vishal vilas gholap","Payment Success","483571"
"1183","Maharashtra","Providing drains and gutters for public drainage","WS/MP18123/2026-2027/228593","KOLHAPUR(DISTRICT COLLECTOR KOLHAPUR_IDA)","CHHATRAPATI SHAHU SHAHAJI","KOLHAPUR","23-Jun-2026","SUHAS SHIVAJI CHAVAN","Payment Success","1000000"
"1184","Maharashtra","Construction of roads, link roads, pathways or any other road with or without drainage system","WS/MP18123/2026-2027/226878","KOLHAPUR(DISTRICT COLLECTOR KOLHAPUR_IDA)","CHHATRAPATI SHAHU SHAHAJI","KOLHAPUR","10-Jul-2026","Kedarnath Basvant Manurkar Kolhapur","Payment Success","981834"
"1185","Maharashtra","Construction of roads, link roads, pathways or any other road with or without drainage system","WS/MP18123/2025-2026/169714","KOLHAPUR(DISTRICT COLLECTOR KOLHAPUR_IDA)","CHHATRAPATI SHAHU SHAHAJI","KOLHAPUR","08-Aug-2025","SAMEER SHANKARAO PATIL","Payment Success","500000"
"1186","Maharashtra","Construction of roads, link roads, pathways or any other road with or without drainage system","WS/MP18123/2025-2026/169715","KOLHAPUR(DISTRICT COLLECTOR KOLHAPUR_IDA)","CHHATRAPATI SHAHU SHAHAJI","KOLHAPUR","20-Nov-2025","Dayanand Suresh Savardekar","Payment Success","640680"
"1187","Maharashtra","Construction of roads, link roads, pathways or any other road with or without drainage system","WS/MP18123/2025-2026/169715","KOLHAPUR(DISTRICT COLLECTOR KOLHAPUR_IDA)","CHHATRAPATI SHAHU SHAHAJI","KOLHAPUR","02-Dec-2025","Dayanand Suresh Savardekar","Payment Success","301384"
"1188","Maharashtra","Crematoriums/energy efficient crematoriums or structures on burial/cremation ground","WS/MP18123/2025-2026/169723","KOLHAPUR(DISTRICT COLLECTOR KOLHAPUR_IDA)","CHHATRAPATI SHAHU SHAHAJI","KOLHAPUR","15-Dec-2025","AMOL MARUTI PATIL ADAMAPUR TAL BHUDARGAD","Payment Success","500000"
"1189","Maharashtra","Crematoriums/energy efficient crematoriums or structures on burial/cremation ground","WS/MP18123/2025-2026/169737","KOLHAPUR(DISTRICT COLLECTOR KOLHAPUR_IDA)","CHHATRAPATI SHAHU SHAHAJI","KOLHAPUR","14-Oct-2025","Shailesh Udaysingh Bhosale","Payment Success","1000000"
"1190","Maharashtra","Construction of roads, link roads, pathways or any other road with or without drainage system","WS/MP18123/2026-2027/224470","KOLHAPUR(DISTRICT COLLECTOR KOLHAPUR_IDA)","CHHATRAPATI SHAHU SHAHAJI","KOLHAPUR","19-Jun-2026","Kunal Yuvraj Rasal","Payment Success","1000000"
"1191","Maharashtra","Crematoriums/energy efficient crematoriums or structures on burial/cremation ground","WS/MP18123/2025-2026/186346","KOLHAPUR(DISTRICT COLLECTOR KOLHAPUR_IDA)","CHHATRAPATI SHAHU SHAHAJI","KOLHAPUR","13-Mar-2026","Sagar Pandurang Patil","Payment Success","597025"
"1192","Maharashtra","Purchase of IT systems, including hardware and software for educational purposes","WS/MP18118/2025-2026/252879","NASHIK(DISTRICT COLLECTOR NASHIK_IDA)","BHASKAR MURLIDHAR BHAGARE","DINDORI(ST)","18-Mar-2026","YADNYESH ENTERPRISES NASHIK","Payment Success","3000000"
"1193","Maharashtra","Purchase of smart boards, visual display units and projectors","WS/MP18117/2025-2026/168713","NASHIK(DISTRICT COLLECTOR NASHIK_IDA)","BACHHAV SHOBHA DINESH","DHULE","19-Jun-2025","YADNYESH ENTERPRISES NASHIK","Payment Success","1000000"
"1194","Maharashtra","Purchase of smart boards, visual display units and projectors","WS/MP18117/2025-2026/168715","NASHIK(DISTRICT COLLECTOR NASHIK_IDA)","BACHHAV SHOBHA DINESH","DHULE","19-Jun-2025","YADNYESH ENTERPRISES NASHIK","Payment Success","1000000"
"1195","Maharashtra","Construction of roads, link roads, pathways or any other road with or without drainage system","WS/MP18429/2026-2027/217228","NANDED(DISTRICT COLLECTOR NANDED_IDA)","Ravindra Vasantrao Chavan","NANDED","09-Jul-2026","H H INFRASTRUCTURE","Payment Success","999696"
"1196","Maharashtra","Construction of roads, link roads, pathways or any other road with or without drainage system","WS/MP18429/2026-2027/227298","NANDED(DISTRICT COLLECTOR NANDED_IDA)","Ravindra Vasantrao Chavan","NANDED","10-Apr-2026","Narayan Ramrao Tamanna","Payment Success","999238"
"1197","Maharashtra","Construction of roads, link roads, pathways or any other road with or without drainage system","WS/MP18429/2025-2026/227018","NANDED(DISTRICT COLLECTOR NANDED_IDA)","Ravindra Vasantrao Chavan","NANDED","02-Apr-2026","Baliram Uttamrao Puyad","Payment Success","995712"
"1198","Maharashtra","Construction of roads, link roads, pathways or any other road with or without drainage system","WS/MP18429/2026-2027/225932","NANDED(DISTRICT COLLECTOR NANDED_IDA)","Ravindra Vasantrao Chavan","NANDED","10-Apr-2026","Narayan Ramrao Tamanna","Payment Success","998790"
"1199","Maharashtra","Construction of roads, link roads, pathways or any other road with or without drainage system","WS/MP18429/2026-2027/242399","NANDED(DISTRICT COLLECTOR NANDED_IDA)","Ravindra Vasantrao Chavan","NANDED","09-Jul-2026","H H INFRASTRUCTURE","Payment Success","991949"
"1200","Maharashtra","Construction of roads, link roads, pathways or any other road with or without drainage system","WS/MP18127/2025-2026/188372","NASHIK(DISTRICT COLLECTOR NASHIK_IDA)","RAJABHAU","NASHIK","07-Mar-2026","khandarkar yash kashinath","Payment Success","745000"
"1201","Maharashtra","Construction of community centers and community halls","WS/MP18127/2025-2026/188373","NASHIK(DISTRICT COLLECTOR NASHIK_IDA)","RAJABHAU","NASHIK","21-Jan-2026","SUJAY SUNIL AROTE","Payment Success","988000"
"1202","Maharashtra","Construction of public irrigation facilities","WS/MP18127/2025-2026/188385","NASHIK(DISTRICT COLLECTOR NASHIK_IDA)","RAJABHAU","NASHIK","19-Nov-2025","RAHUL WAGH","Payment Success","988000"
"1203","Maharashtra","Construction of community centers and community halls","WS/MP18127/2025-2026/188388","NASHIK(DISTRICT COLLECTOR NASHIK_IDA)","RAJABHAU","NASHIK","21-Aug-2026","Santkrupa Majur V Bandhkam Sahkari Sanstha Maryadit Vadgaon","Payment Success","988000"
"1204","Maharashtra","Construction of community centers and community halls","WS/MP18118/2025-2026/188292","NASHIK(DISTRICT COLLECTOR NASHIK_IDA)","BHASKAR MURLIDHAR BHAGARE","DINDORI(ST)","23-Dec-2025","MAYUR DINESH CHAVAN","Payment Success","998000"
"1205","Maharashtra","Crematoriums/energy efficient crematoriums or structures on burial/cremation ground","WS/MP18118/2025-2026/188299","NASHIK(DISTRICT COLLECTOR NASHIK_IDA)","BHASKAR MURLIDHAR BHAGARE","DINDORI(ST)","25-Nov-2025","ROHIT BHARAT SAWANT","Payment Success","998000"
"1206","Maharashtra","Crematoriums/energy efficient crematoriums or structures on burial/cremation ground","WS/MP18118/2025-2026/188314","NASHIK(DISTRICT COLLECTOR NASHIK_IDA)","BHASKAR MURLIDHAR BHAGARE","DINDORI(ST)","23-Dec-2025","MAYUR DINESH CHAVAN","Payment Success","699000"
"1207","Maharashtra","Construction of roads, link roads, pathways or any other road with or without drainage system","WS/MP18118/2025-2026/188316","NASHIK(DISTRICT COLLECTOR NASHIK_IDA)","BHASKAR MURLIDHAR BHAGARE","DINDORI(ST)","20-Jul-2026","Om Deepak  Deshmukh","Payment Success","998000"
"1208","Maharashtra","Construction of Government office buildings (Post office, Police station, Police chauki, etc.)","WS/MP18118/2025-2026/188318","NASHIK(DISTRICT COLLECTOR NASHIK_IDA)","BHASKAR MURLIDHAR BHAGARE","DINDORI(ST)","03-Feb-2026","NUTAN DNYANESHWAR JADHAV","Payment Success","499000"
"1209","Maharashtra","Construction of roads, link roads, pathways or any other road with or without drainage system","WS/MP18127/2025-2026/188393","NASHIK(DISTRICT COLLECTOR NASHIK_IDA)","RAJABHAU","NASHIK","15-Dec-2025","RUSHIKESH SHIVAJI IGHE","Payment Success","991830"
"1210","Maharashtra","Construction of public libraries and reading rooms","WS/MP18127/2025-2026/188394","NASHIK(DISTRICT COLLECTOR NASHIK_IDA)","RAJABHAU","NASHIK","15-Jul-2026","MANOJ BALKRISHNA SONAVANE","Payment Success","986000"
"1211","Maharashtra","Construction of public irrigation facilities","WS/MP18127/2025-2026/188398","NASHIK(DISTRICT COLLECTOR NASHIK_IDA)","RAJABHAU","NASHIK","21-Jan-2026","JAYESH SHAHAJI GHUGE","Payment Success","986993"
"1212","Maharashtra","Construction of roads, link roads, pathways or any other road with or without drainage system","WS/MP18127/2025-2026/188378","NASHIK(DISTRICT COLLECTOR NASHIK_IDA)","RAJABHAU","NASHIK","13-Aug-2025","vishwakarma majoor sahakari sanstha mary","Payment Success","692500"
"1213","Maharashtra","Construction of public libraries and reading rooms","WS/MP18127/2025-2026/188401","NASHIK(DISTRICT COLLECTOR NASHIK_IDA)","RAJABHAU","NASHIK","14-Aug-2025","adityavijaywaje","Payment Success","748000"
"1214","Maharashtra","Construction of community centers and community halls","WS/MP18127/2025-2026/188407","NASHIK(DISTRICT COLLECTOR NASHIK_IDA)","RAJABHAU","NASHIK","29-Oct-2025","SARVESHWAR VIDYUT MAJOOR VA BANDHKAM SAHAKARI SANSTHA MARYA","Payment Success","500000"
"1215","Maharashtra","Construction of roads, link roads, pathways or any other road with or without drainage system","WS/MP18118/2025-2026/188445","NASHIK(DISTRICT COLLECTOR NASHIK_IDA)","BHASKAR MURLIDHAR BHAGARE","DINDORI(ST)","08-Jan-2026","MAYUR DINESH CHAVAN","Payment Success","999000"
"1216","Maharashtra","Crematoriums/energy efficient crematoriums or structures on burial/cremation ground","WS/MP18118/2025-2026/188302","NASHIK(DISTRICT COLLECTOR NASHIK_IDA)","BHASKAR MURLIDHAR BHAGARE","DINDORI(ST)","20-Jul-2026","Om Deepak  Deshmukh","Payment Success","998000"
"1217","Maharashtra","Construction of roads, link roads, pathways or any other road with or without drainage system","WS/MP18127/2025-2026/253702","NASHIK(DISTRICT COLLECTOR NASHIK_IDA)","RAJABHAU","NASHIK","10-Jul-2026","MATOSHRI MAJUR SAH SANSTHA MARYADIT","Payment Success","997000"
"1218","Maharashtra","Construction of community centers and community halls","WS/MP18112/2025-2026/177511","AMRAVATI(DISTRICT COLLECTOR AMRAVATI_IDA)","BALWANT BASWANT WANKHADE","AMRAVATI(SC)","05-Aug-2026","VIKRANT RAJENDRA INGOLE","Payment Success","894209"
"1219","Maharashtra","Construction of roads, link roads, pathways or any other road with or without drainage system","WS/MP18112/2025-2026/144100","AMRAVATI(DISTRICT COLLECTOR AMRAVATI_IDA)","BALWANT BASWANT WANKHADE","AMRAVATI(SC)","16-Jul-2026","Mahatma Fule lcs markanda","Payment Success","694428"
"1220","Maharashtra","Setting up public non-conventional energy plants","WS/MP18112/2025-2026/213849","AMRAVATI(DISTRICT COLLECTOR AMRAVATI_IDA)","BALWANT BASWANT WANKHADE","AMRAVATI(SC)","18-Jun-2026","Disha Enterprises","Payment Success","784170"
"1221","Maharashtra","Construction of roads, link roads, pathways or any other road with or without drainage system","WS/MP18369/2026-2027/237126","WASHIM(DISTRICT COLLECTOR WASHIM_IDA)","Sanjay Uttamrao Deshmukh","YAVATMAL-WASHIM","03-Jul-2026","Krushna Ramdas Surve","Payment Success","745795"
"1222","Maharashtra","Construction of roads, link roads, pathways or any other road with or without drainage system","WS/MP18111/2025-2026/187509","AKOLA(DISTRICT COLLECTOR AKOLA_IDA)","ANUP SANJAY DHOTRE","AKOLA","29-Aug-2025","Rashtriya Majur Kamgar Sah Sanstha Telhara","Payment Success","500000"
"1223","Maharashtra","Construction of roads, link roads, pathways or any other road with or without drainage system","WS/MP18111/2025-2026/187509","AKOLA(DISTRICT COLLECTOR AKOLA_IDA)","ANUP SANJAY DHOTRE","AKOLA","09-Oct-2025","Rashtriya Majur Kamgar Sah Sanstha Telhara","Payment Success","458282"
"1224","Maharashtra","Construction of roads, link roads, pathways or any other road with or without drainage system","WS/MP18111/2025-2026/187122","AKOLA(DISTRICT COLLECTOR AKOLA_IDA)","ANUP SANJAY DHOTRE","AKOLA","29-Oct-2025","TIRUPATI MAJUR KAMGAR SAHAKARI SANSTHA MARY","Payment Success","500000"
"1225","Maharashtra","Construction of roads, link roads, pathways or any other road with or without drainage system","WS/MP18111/2025-2026/187122","AKOLA(DISTRICT COLLECTOR AKOLA_IDA)","ANUP SANJAY DHOTRE","AKOLA","28-Mar-2026","TIRUPATI MAJUR KAMGAR SAHAKARI SANSTHA MARY","Payment Success","476441"
"1226","Maharashtra","Construction of community centers and community halls","WS/MP18111/2025-2026/187092","AKOLA(DISTRICT COLLECTOR AKOLA_IDA)","ANUP SANJAY DHOTRE","AKOLA","04-Mar-2026","Gajanan Gangadharrao Barke","Payment Success","433252"
"1227","Maharashtra","Construction of community centers and community halls","WS/MP18111/2025-2026/187092","AKOLA(DISTRICT COLLECTOR AKOLA_IDA)","ANUP SANJAY DHOTRE","AKOLA","19-Jun-2026","Gajanan Gangadharrao Barke","Payment Success","545492"
"1228","Maharashtra","Construction of roads, link roads, pathways or any other road with or without drainage system","WS/MP18111/2025-2026/187119","AKOLA(DISTRICT COLLECTOR AKOLA_IDA)","ANUP SANJAY DHOTRE","AKOLA","30-Oct-2025","TIRUPATI MAJUR KAMGAR SAHAKARI SANSTHA MARY","Payment Success","981707"
"1229","Maharashtra","Construction of roads, link roads, pathways or any other road with or without drainage system","WS/MP18111/2025-2026/269009","AKOLA(DISTRICT COLLECTOR AKOLA_IDA)","ANUP SANJAY DHOTRE","AKOLA","03-Apr-2026","NARENDRA SOPANRAO THOKAL","Payment Success","500000"
"1230","Maharashtra","Construction of community centers and community halls","WS/MP18111/2026-2027/188362","AKOLA(DISTRICT COLLECTOR AKOLA_IDA)","ANUP SANJAY DHOTRE","AKOLA","07-Apr-2026","ANUPSINGH VIJAYSINGH RAJPUT","Payment Success","586926"
"1231","Maharashtra","Construction of roads, link roads, pathways or any other road with or without drainage system","WS/MP18111/2025-2026/188364","AKOLA(DISTRICT COLLECTOR AKOLA_IDA)","ANUP SANJAY DHOTRE","AKOLA","29-Aug-2025","Rashtriya Majur Kamgar Sah Sanstha Telhara","Payment Success","150000"
"1232","Maharashtra","Construction of roads, link roads, pathways or any other road with or without drainage system","WS/MP18111/2025-2026/188364","AKOLA(DISTRICT COLLECTOR AKOLA_IDA)","ANUP SANJAY DHOTRE","AKOLA","09-Oct-2025","Rashtriya Majur Kamgar Sah Sanstha Telhara","Payment Success","137286"
"1233","Maharashtra","Construction of water tanks","WS/MP685/2026-2027/254563","RAIGAD(DISTRICT COLLECTOR RAIGAD_IDA)","Shrirang Appa Barne","MAVAL","22-Jun-2026","Devidas Sambhaji chavan","Payment Success","750000"
"1234","Maharashtra","Construction of roads, link roads, pathways or any other road with or without drainage system","WS/MP18111/2026-2027/188367","AKOLA(DISTRICT COLLECTOR AKOLA_IDA)","ANUP SANJAY DHOTRE","AKOLA","27-Jul-2026","Pre Swawalambi Majoor Kamgar Sahakari Sanstha Murtizaour","Payment Success","1000000"
"1235","Maharashtra","Construction of roads, link roads, pathways or any other road with or without drainage system","WS/MP18111/2025-2026/187074","AKOLA(DISTRICT COLLECTOR AKOLA_IDA)","ANUP SANJAY DHOTRE","AKOLA","08-Dec-2025","Nishant Gulab Rathod","Payment Success","990061"
"1236","Maharashtra","Construction of roads, link roads, pathways or any other road with or without drainage system","WS/MP18111/2026-2027/224225","AKOLA(DISTRICT COLLECTOR AKOLA_IDA)","ANUP SANJAY DHOTRE","AKOLA","21-May-2026","HARISH PRALHAD SHINDKHEDKAR","Payment Success","520557"
"1237","Maharashtra","Construction of roads, link roads, pathways or any other road with or without drainage system","WS/MP18111/2025-2026/194800","AKOLA(DISTRICT COLLECTOR AKOLA_IDA)","ANUP SANJAY DHOTRE","AKOLA","05-Dec-2025","Nishant Gulab Rathod","Payment Success","873496"
"1238","Maharashtra","Construction of roads, link roads, pathways or any other road with or without drainage system","WS/MP18111/2025-2026/194801","AKOLA(DISTRICT COLLECTOR AKOLA_IDA)","ANUP SANJAY DHOTRE","AKOLA","08-Dec-2025","Nishant Gulab Rathod","Payment Success","900000"
"1239","Maharashtra","Construction of roads, link roads, pathways or any other road with or without drainage system","WS/MP18111/2025-2026/194802","AKOLA(DISTRICT COLLECTOR AKOLA_IDA)","ANUP SANJAY DHOTRE","AKOLA","08-Dec-2025","Nishant Gulab Rathod","Payment Success","950000"
"1240","Maharashtra","Construction of roads, link roads, pathways or any other road with or without drainage system","WS/MP18111/2026-2027/269037","AKOLA(DISTRICT COLLECTOR AKOLA_IDA)","ANUP SANJAY DHOTRE","AKOLA","17-Aug-2026","Nishant Gulab Rathod","Payment Success","984839"
"1241","Maharashtra","Construction of platforms and passenger sheds at railway stations","WS/MP18111/2026-2027/187121","AKOLA(DISTRICT COLLECTOR AKOLA_IDA)","ANUP SANJAY DHOTRE","AKOLA","15-Jun-2026","Gajanan Gangadharrao Barke","Payment Success","1000000"
"1242","Maharashtra","Construction of roads, link roads, pathways or any other road with or without drainage system","WS/MP18111/2025-2026/144099","AKOLA(DISTRICT COLLECTOR AKOLA_IDA)","ANUP SANJAY DHOTRE","AKOLA","29-May-2025","JAY SHRIKRUSHNA MAJOOR KAMGAR SAHKARI SANSTHA","Payment Success","483603"
"1243","Maharashtra","Construction of roads, link roads, pathways or any other road with or without drainage system","WS/MP18123/2026-2027/238158","KOLHAPUR(DISTRICT COLLECTOR KOLHAPUR_IDA)","CHHATRAPATI SHAHU SHAHAJI","KOLHAPUR","14-Jun-2026","Ch Shri Bhaveswari MSS Ltd Uttur","Payment Success","999696"
"1244","Maharashtra","Construction of roads, link roads, pathways or any other road with or without drainage system","WS/MP18123/2025-2026/190896","KOLHAPUR(DISTRICT COLLECTOR KOLHAPUR_IDA)","CHHATRAPATI SHAHU SHAHAJI","KOLHAPUR","07-Oct-2025","ADITYA SURYAKANT GHEVADE","Payment Success","1500000"
"1245","Maharashtra","Construction of roads, link roads, pathways or any other road with or without drainage system","WS/MP18123/2026-2027/226874","KOLHAPUR(DISTRICT COLLECTOR KOLHAPUR_IDA)","CHHATRAPATI SHAHU SHAHAJI","KOLHAPUR","23-Jun-2026","ANIL BASAWANI KHANNA","Payment Success","1000000"
"1246","Maharashtra","Construction of roads, link roads, pathways or any other road with or without drainage system","WS/MP18123/2026-2027/232859","KOLHAPUR(DISTRICT COLLECTOR KOLHAPUR_IDA)","CHHATRAPATI SHAHU SHAHAJI","KOLHAPUR","02-Jul-2026","SAMEER SHANKARAO PATIL","Payment Success","997486"
"1247","Maharashtra","Construction of roads, link roads, pathways or any other road with or without drainage system","WS/MP18123/2026-2027/220023","KOLHAPUR(DISTRICT COLLECTOR KOLHAPUR_IDA)","CHHATRAPATI SHAHU SHAHAJI","KOLHAPUR","03-Jul-2026","Abhishek Sanjay Patil Kasaba Tarale Tal Radhanagari","Payment Success","1200000"
"1248","Maharashtra","Construction of roads, link roads, pathways or any other road with or without drainage system","WS/MP18123/2026-2027/224466","KOLHAPUR(DISTRICT COLLECTOR KOLHAPUR_IDA)","CHHATRAPATI SHAHU SHAHAJI","KOLHAPUR","23-Jun-2026","KARNA GURUNATH MORE","Payment Success","1000000"
"1249","Maharashtra","Construction of roads, link roads, pathways or any other road with or without drainage system","WS/MP18112/2025-2026/259059","AMRAVATI(DISTRICT COLLECTOR AMRAVATI_IDA)","BALWANT BASWANT WANKHADE","AMRAVATI(SC)","22-May-2026","Mahatma Fule lcs markanda","Payment Success","479000"
"1250","Maharashtra","Construction of roads, link roads, pathways or any other road with or without drainage system","WS/MP18112/2025-2026/259060","AMRAVATI(DISTRICT COLLECTOR AMRAVATI_IDA)","BALWANT BASWANT WANKHADE","AMRAVATI(SC)","17-May-2026","AMIT NAGORAO MULE","Payment Success","498287"
"1251","Maharashtra","Construction of community centers and community halls","WS/MP18112/2026-2027/259061","AMRAVATI(DISTRICT COLLECTOR AMRAVATI_IDA)","BALWANT BASWANT WANKHADE","AMRAVATI(SC)","20-Aug-2026","AMIT NAGORAO MULE","Payment Success","975465"
"1252","Maharashtra","Construction of boundary walls of existing public and community buildings","WS/MP18112/2025-2026/243544","AMRAVATI(DISTRICT COLLECTOR AMRAVATI_IDA)","BALWANT BASWANT WANKHADE","AMRAVATI(SC)","29-Oct-2025","NILESH SHRIVANT WANKHADE","Payment Success","847036"
"1253","Maharashtra","Construction of boundary walls of existing public and community buildings","WS/MP18112/2025-2026/243544","AMRAVATI(DISTRICT COLLECTOR AMRAVATI_IDA)","BALWANT BASWANT WANKHADE","AMRAVATI(SC)","22-Dec-2025","NILESH SHRIVANT WANKHADE","Payment Success","151719"
"1254","Maharashtra","Construction of flood control embankments/ protection walls along riverbanks, hilltops, roadsides","WS/MP18112/2024-2025/164640","AMRAVATI(DISTRICT COLLECTOR AMRAVATI_IDA)","BALWANT BASWANT WANKHADE","AMRAVATI(SC)","27-Jun-2025","MAHATMA FULE MAJOOR SAH SANTHA HASANAPUR PARDI","Payment Success","999205"
"1255","Maharashtra","Construction of community centers and community halls","WS/MP18112/2025-2026/164644","AMRAVATI(DISTRICT COLLECTOR AMRAVATI_IDA)","BALWANT BASWANT WANKHADE","AMRAVATI(SC)","27-May-2026","Navnit Sudhirrao Toley","Payment Success","1102688"
"1256","Maharashtra","Construction of boundary walls of existing public and community buildings","WS/MP18112/2025-2026/188633","AMRAVATI(DISTRICT COLLECTOR AMRAVATI_IDA)","BALWANT BASWANT WANKHADE","AMRAVATI(SC)","31-Jul-2026","LAXMIKANT ANIL SOMANI","Payment Success","1199641"
"1257","Maharashtra","Construction of boundary walls of existing public and community buildings","WS/MP18112/2025-2026/188842","AMRAVATI(DISTRICT COLLECTOR AMRAVATI_IDA)","BALWANT BASWANT WANKHADE","AMRAVATI(SC)","15-Jun-2026","Aditya Ganeshrao Gawande27AWDPT5004E1ZQ","Payment Success","1499601"
"1258","Maharashtra","Construction of roads, link roads, pathways or any other road with or without drainage system","WS/MP18112/2025-2026/189777","AMRAVATI(DISTRICT COLLECTOR AMRAVATI_IDA)","BALWANT BASWANT WANKHADE","AMRAVATI(SC)","18-Oct-2025","shree dharmaji adivasi society","Payment Success","781671"
"1259","Maharashtra","Construction of community centers and community halls","WS/MP18112/2025-2026/233385","AMRAVATI(DISTRICT COLLECTOR AMRAVATI_IDA)","BALWANT BASWANT WANKHADE","AMRAVATI(SC)","20-May-2026","Daryapur Majoor Kamgar sahakari sanstha","Payment Success","823515"
"1260","Maharashtra","Construction of community centers and community halls","WS/MP18112/2025-2026/233385","AMRAVATI(DISTRICT COLLECTOR AMRAVATI_IDA)","BALWANT BASWANT WANKHADE","AMRAVATI(SC)","22-Jul-2026","Daryapur Majoor Kamgar sahakari sanstha","Payment Success","374826"
"1261","Maharashtra","Construction of roads, link roads, pathways or any other road with or without drainage system","WS/MP18112/2025-2026/233391","AMRAVATI(DISTRICT COLLECTOR AMRAVATI_IDA)","BALWANT BASWANT WANKHADE","AMRAVATI(SC)","20-Mar-2026","MOHD RIZWAN MOHD NAZIM","Payment Success","498615"
"1262","Maharashtra","Construction of community centers and community halls","WS/MP18112/2025-2026/233398","AMRAVATI(DISTRICT COLLECTOR AMRAVATI_IDA)","BALWANT BASWANT WANKHADE","AMRAVATI(SC)","10-Jun-2026","JWALAMUKHI  JAGDAMBA MAJUR KAMGAR SAHAKARI SANSTHA","Payment Success","853761"
"1263","Maharashtra","Construction of community centers and community halls","WS/MP18112/2025-2026/233404","AMRAVATI(DISTRICT COLLECTOR AMRAVATI_IDA)","BALWANT BASWANT WANKHADE","AMRAVATI(SC)","17-Jul-2026","shree dharmaji adivasi society","Payment Success","1499496"
"1264","Maharashtra","Construction of culverts and bridges","WS/MP18112/2025-2026/233405","AMRAVATI(DISTRICT COLLECTOR AMRAVATI_IDA)","BALWANT BASWANT WANKHADE","AMRAVATI(SC)","15-Jun-2026","MAHATMA FULE MAJOOR SAH SANTHA HASANAPUR PARDI","Payment Success","566690"
"1265","Maharashtra","Construction of community centers and community halls","WS/MP18112/2025-2026/233406","AMRAVATI(DISTRICT COLLECTOR AMRAVATI_IDA)","BALWANT BASWANT WANKHADE","AMRAVATI(SC)","17-Aug-2026","SHRIGANESH MAJOOR SAH SANTHA","Payment Success","1199662"
"1266","Maharashtra","Construction of community centers and community halls","WS/MP18112/2025-2026/233407","AMRAVATI(DISTRICT COLLECTOR AMRAVATI_IDA)","BALWANT BASWANT WANKHADE","AMRAVATI(SC)","20-Aug-2026","SHRIGANESH MAJOOR SAH SANTHA","Payment Success","1199810"
"1267","Maharashtra","Construction of roads, link roads, pathways or any other road with or without drainage system","WS/MP18112/2025-2026/233410","AMRAVATI(DISTRICT COLLECTOR AMRAVATI_IDA)","BALWANT BASWANT WANKHADE","AMRAVATI(SC)","03-Jul-2026","SYED YASEER ZAMA SYED ZAFAR ALI","Payment Success","990844"
"1268","Maharashtra","Construction of roads, link roads, pathways or any other road with or without drainage system","WS/MP18112/2025-2026/217148","AMRAVATI(DISTRICT COLLECTOR AMRAVATI_IDA)","BALWANT BASWANT WANKHADE","AMRAVATI(SC)","21-Nov-2025","ANAND PRAVIN WARUDKAR","Payment Success","692605"
"1269","Maharashtra","Construction of roads, link roads, pathways or any other road with or without drainage system","WS/MP18112/2025-2026/258916","AMRAVATI(DISTRICT COLLECTOR AMRAVATI_IDA)","BALWANT BASWANT WANKHADE","AMRAVATI(SC)","16-Jan-2026","VARSHA MAJOOR SAH SANTHA AMRAVATI","Payment Success","951150"
"1270","Maharashtra","Construction of community centers and community halls","WS/MP18112/2025-2026/189000","AMRAVATI(DISTRICT COLLECTOR AMRAVATI_IDA)","BALWANT BASWANT WANKHADE","AMRAVATI(SC)","23-Jun-2026","Dipak Mahadeorao Padolkar","Payment Success","970479"
"1271","Maharashtra","Construction of roads, link roads, pathways or any other road with or without drainage system","WS/MP18112/2025-2026/243760","AMRAVATI(DISTRICT COLLECTOR AMRAVATI_IDA)","BALWANT BASWANT WANKHADE","AMRAVATI(SC)","11-Aug-2026","Akash Rajendra Kharode","Payment Success","992500"
"1272","Maharashtra","Construction of roads, link roads, pathways or any other road with or without drainage system","WS/MP18111/2026-2027/269014","AKOLA(DISTRICT COLLECTOR AKOLA_IDA)","ANUP SANJAY DHOTRE","AKOLA","18-Jun-2026","SACHIV SARPANCH VISHESH NIDHI GRAMPANCHAYAT KURANKHED","Payment Success","150000"
"1273","Maharashtra","Construction of roads, link roads, pathways or any other road with or without drainage system","WS/MP18111/2026-2027/269014","AKOLA(DISTRICT COLLECTOR AKOLA_IDA)","ANUP SANJAY DHOTRE","AKOLA","23-Jun-2026","SACHIV SARPANCH VISHESH NIDHI GRAMPANCHAYAT KURANKHED","Payment Success","144791"
"1274","Maharashtra","Construction of roads, link roads, pathways or any other road with or without drainage system","WS/MP18111/2026-2027/269017","AKOLA(DISTRICT COLLECTOR AKOLA_IDA)","ANUP SANJAY DHOTRE","AKOLA","27-May-2026","GENERAL FUND GRAM PANCHAYAT SAVARKHED","Payment Success","500000"
"1275","Maharashtra","Construction of roads, link roads, pathways or any other road with or without drainage system","WS/MP18111/2026-2027/269017","AKOLA(DISTRICT COLLECTOR AKOLA_IDA)","ANUP SANJAY DHOTRE","AKOLA","18-Jun-2026","GENERAL FUND GRAM PANCHAYAT SAVARKHED","Payment Success","487461"
"1276","Maharashtra","Construction of roads, link roads, pathways or any other road with or without drainage system","WS/MP18111/2026-2027/269023","AKOLA(DISTRICT COLLECTOR AKOLA_IDA)","ANUP SANJAY DHOTRE","AKOLA","27-May-2026","GRAM PACNHAYAT PINJAR","Payment Success","500000"
"1277","Maharashtra","Construction of roads, link roads, pathways or any other road with or without drainage system","WS/MP18111/2026-2027/269023","AKOLA(DISTRICT COLLECTOR AKOLA_IDA)","ANUP SANJAY DHOTRE","AKOLA","18-Jun-2026","GRAM PACNHAYAT PINJAR","Payment Success","487685"
"1278","Maharashtra","Construction of roads, link roads, pathways or any other road with or without drainage system","WS/MP661/2025-2026/241892","PUNE(DISTRICT COLLECTOR PUNE_IDA)","Amol Ramsing Kolhe","SHIRUR","11-Nov-2025","SHRI YASHWANTRAYA MAJUR SAHAKARI SANSTHA MARYADIT","Payment Success","1000000"
"1279","Maharashtra","Construction of roads, link roads, pathways or any other road with or without drainage system","WS/MP18323/2024-2025/167218","LATUR(DISTRICT COLLECTOR LATUR_IDA)","DR KALGE SHIVAJI BANDAPPA","LATUR(SC)","01-Apr-2025","TAMBOLI MOSIDDHIK","Payment Success","999189"
"1280","Maharashtra","Construction of roads, link roads, pathways or any other road with or without drainage system","WS/MP18323/2025-2026/146716","LATUR(DISTRICT COLLECTOR LATUR_IDA)","DR KALGE SHIVAJI BANDAPPA","LATUR(SC)","13-Apr-2026","Venkatesh Majoor Sahakari Sanstha Ltd","Payment Success","797573"
"1281","Maharashtra","Construction of roads, link roads, pathways or any other road with or without drainage system","WS/MP18429/2026-2027/245752","NANDED(DISTRICT COLLECTOR NANDED_IDA)","Ravindra Vasantrao Chavan","NANDED","15-Jul-2026","GRAM PANCHAYAT KARYALAYA KHANDGAON HAMID","Payment Success","494000"
"1282","Maharashtra","Construction of roads, link roads, pathways or any other road with or without drainage system","WS/MP692/2026-2027/183598","PUNE(DISTRICT COLLECTOR PUNE_IDA)","Smt Supriya Sadanand Sule","BARAMATI","03-Jul-2026","GRAMPANCHAYAT  KAMBARE BUDRAK","Payment Success","297993"
"1283","Maharashtra","Construction of roads, link roads, pathways or any other road with or without drainage system","WS/MP692/2026-2027/183611","PUNE(DISTRICT COLLECTOR PUNE_IDA)","Smt Supriya Sadanand Sule","BARAMATI","18-Aug-2026","SHUBHAM SUDHAKAR MOHITE","Payment Success","497140"
"1284","Maharashtra","Installation of fixed garden gym equipment","WS/MP685/2026-2027/182019","PUNE(DISTRICT COLLECTOR PUNE_IDA)","Shrirang Appa Barne","MAVAL","25-May-2026","ASHUTOSH HANUMANT BALKAVADE","Payment Success","298756"
"1285","Maharashtra","Construction of common work sheds/ common covered sitting area","WS/MP685/2026-2027/182025","PUNE(DISTRICT COLLECTOR PUNE_IDA)","Shrirang Appa Barne","MAVAL","26-May-2026","ASHUTOSH HANUMANT BALKAVADE","Payment Success","698025"
"1286","Maharashtra","Construction of roads, link roads, pathways or any other road with or without drainage system","WS/MP673/2025-2026/176580","LATUR(DISTRICT COLLECTOR LATUR_IDA)","Omprakash Bhupalsinh Alias Pawan Rajenimbalkar","OSMANABAD","04-Dec-2025","BALAJI MAZUR SAHAKARI SANSTHA LTD FATTEPUR","Payment Success","697913"
"1287","Maharashtra","Construction of roads, link roads, pathways or any other road with or without drainage system","WS/MP18323/2025-2026/168809","LATUR(DISTRICT COLLECTOR LATUR_IDA)","DR KALGE SHIVAJI BANDAPPA","LATUR(SC)","08-Aug-2025","SAMBHAJI MADHUKAR KUMBHAR","Payment Success","999782"
"1288","Maharashtra","Construction of community centers and community halls","WS/MP673/2026-2027/227541","LATUR(DISTRICT COLLECTOR LATUR_IDA)","Omprakash Bhupalsinh Alias Pawan Rajenimbalkar","OSMANABAD","09-Apr-2026","Veerbhadreshwar Majoor Sahakari Sanstha Maryadit","Payment Success","310438"
"1289","Maharashtra","Construction of community centers and community halls","WS/MP673/2026-2027/210708","LATUR(DISTRICT COLLECTOR LATUR_IDA)","Omprakash Bhupalsinh Alias Pawan Rajenimbalkar","OSMANABAD","29-Jun-2026","GANESH DHANRAJ SAGAR","Payment Success","686896"
"1290","Maharashtra","Construction of community centers and community halls","WS/MP18112/2025-2026/233019","AMRAVATI(DISTRICT COLLECTOR AMRAVATI_IDA)","BALWANT BASWANT WANKHADE","AMRAVATI(SC)","07-Aug-2026","RAKESH KUNJILAL ZADKHANDE","Payment Success","614325"
"1291","Maharashtra","Construction of boundary walls of existing public and community buildings","WS/MP18112/2025-2026/233021","AMRAVATI(DISTRICT COLLECTOR AMRAVATI_IDA)","BALWANT BASWANT WANKHADE","AMRAVATI(SC)","25-Mar-2026","THAKUR CONSTRUCTIONS","Payment Success","999340"
"1292","Maharashtra","Construction of boundary walls of existing public and community buildings","WS/MP18112/2025-2026/188584","AMRAVATI(DISTRICT COLLECTOR AMRAVATI_IDA)","BALWANT BASWANT WANKHADE","AMRAVATI(SC)","30-Mar-2026","NIVRUTTI RAGHUNATHRAO BOBDE","Payment Success","999878"
"1293","Maharashtra","Construction of community centers and community halls","WS/MP18112/2025-2026/188585","AMRAVATI(DISTRICT COLLECTOR AMRAVATI_IDA)","BALWANT BASWANT WANKHADE","AMRAVATI(SC)","31-Mar-2026","NIVRUTTI RAGHUNATHRAO BOBDE","Payment Success","992544"
"1294","Maharashtra","Construction of community centers and community halls","WS/MP18112/2025-2026/188586","AMRAVATI(DISTRICT COLLECTOR AMRAVATI_IDA)","BALWANT BASWANT WANKHADE","AMRAVATI(SC)","05-Aug-2026","HRISHIKESH VIJAY CHORE","Payment Success","576472"
"1295","Maharashtra","Construction of roads, link roads, pathways or any other road with or without drainage system","WS/MP18112/2025-2026/188954","AMRAVATI(DISTRICT COLLECTOR AMRAVATI_IDA)","BALWANT BASWANT WANKHADE","AMRAVATI(SC)","18-Aug-2025","ANKIT MAHESH AGRAWAL","Payment Success","793137"
"1296","Maharashtra","Construction of roads, link roads, pathways or any other road with or without drainage system","WS/MP18112/2025-2026/188955","AMRAVATI(DISTRICT COLLECTOR AMRAVATI_IDA)","BALWANT BASWANT WANKHADE","AMRAVATI(SC)","02-Sep-2025","ANKIT MAHESH AGRAWAL","Payment Success","494649"
"1297","Maharashtra","Construction of roads, link roads, pathways or any other road with or without drainage system","WS/MP18112/2025-2026/188956","AMRAVATI(DISTRICT COLLECTOR AMRAVATI_IDA)","BALWANT BASWANT WANKHADE","AMRAVATI(SC)","19-Jul-2025","ANKIT MAHESH AGRAWAL","Payment Success","687463"
"1298","Maharashtra","Construction of boundary walls of existing public and community buildings","WS/MP18112/2025-2026/199853","AMRAVATI(DISTRICT COLLECTOR AMRAVATI_IDA)","BALWANT BASWANT WANKHADE","AMRAVATI(SC)","10-Apr-2026","SAHEB KHA HAMID KHAN","Payment Success","952000"
"1299","Maharashtra","Construction of community centers and community halls","WS/MP18112/2025-2026/199855","AMRAVATI(DISTRICT COLLECTOR AMRAVATI_IDA)","BALWANT BASWANT WANKHADE","AMRAVATI(SC)","17-Mar-2026","BHUSHAN PRADIPRAO DESHMUKH","Payment Success","800604"
"1300","Maharashtra","Construction of community centers and community halls","WS/MP18112/2025-2026/199855","AMRAVATI(DISTRICT COLLECTOR AMRAVATI_IDA)","BALWANT BASWANT WANKHADE","AMRAVATI(SC)","18-Jun-2026","BHUSHAN PRADIPRAO DESHMUKH","Payment Success","197593"
"1301","Maharashtra","Construction of community centers and community halls","WS/MP18112/2025-2026/233412","AMRAVATI(DISTRICT COLLECTOR AMRAVATI_IDA)","BALWANT BASWANT WANKHADE","AMRAVATI(SC)","20-Jun-2026","AJ CONSTRUCTION PROP ATUL J NAGAPURE","Payment Success","813957"
"1302","Maharashtra","Construction of community centers and community halls","WS/MP18112/2025-2026/233412","AMRAVATI(DISTRICT COLLECTOR AMRAVATI_IDA)","BALWANT BASWANT WANKHADE","AMRAVATI(SC)","10-Aug-2026","AJ CONSTRUCTION PROP ATUL J NAGAPURE","Payment Success","185713"
"1303","Maharashtra","Construction of roads, link roads, pathways or any other road with or without drainage system","WS/MP18112/2025-2026/233413","AMRAVATI(DISTRICT COLLECTOR AMRAVATI_IDA)","BALWANT BASWANT WANKHADE","AMRAVATI(SC)","22-Mar-2026","TUSHAR SUBHASHRAO THAKARE","Payment Success","998775"
"1304","Maharashtra","Construction of community centers and community halls","WS/MP18112/2025-2026/233414","AMRAVATI(DISTRICT COLLECTOR AMRAVATI_IDA)","BALWANT BASWANT WANKHADE","AMRAVATI(SC)","03-Aug-2026","SHUBHAM VIJAYRAO GADBAIL","Payment Success","966044"
"1305","Maharashtra","Construction of boundary walls of existing public and community buildings","WS/MP18112/2025-2026/188589","AMRAVATI(DISTRICT COLLECTOR AMRAVATI_IDA)","BALWANT BASWANT WANKHADE","AMRAVATI(SC)","18-Feb-2026","PAWAN ANANTU JARIYE","Payment Success","961000"
"1306","Maharashtra","Construction of community centers and community halls","WS/MP18112/2025-2026/188591","AMRAVATI(DISTRICT COLLECTOR AMRAVATI_IDA)","BALWANT BASWANT WANKHADE","AMRAVATI(SC)","24-Mar-2026","NIVRUTTI RAGHUNATHRAO BOBDE","Payment Success","960000"
"1307","Maharashtra","Construction of roads, link roads, pathways or any other road with or without drainage system","WS/MP18112/2025-2026/188592","AMRAVATI(DISTRICT COLLECTOR AMRAVATI_IDA)","BALWANT BASWANT WANKHADE","AMRAVATI(SC)","12-Apr-2026","MOHD IMRAN MOHD USMAN","Payment Success","2872795"
"1308","Maharashtra","Construction of boundary walls of existing public and community buildings","WS/MP18112/2024-2025/136716","AMRAVATI(DISTRICT COLLECTOR AMRAVATI_IDA)","BALWANT BASWANT WANKHADE","AMRAVATI(SC)","11-Oct-2025","SWAPNIL WASUDEO BHAKTE","Payment Success","994082"
"1309","Maharashtra","Crematoriums/energy efficient crematoriums or structures on burial/cremation ground","WS/MP18112/2024-2025/136975","AMRAVATI(DISTRICT COLLECTOR AMRAVATI_IDA)","BALWANT BASWANT WANKHADE","AMRAVATI(SC)","08-Dec-2025","NAVYUWAK MAJOOR SAH SANTHA","Payment Success","441519"
"1310","Maharashtra","Crematoriums/energy efficient crematoriums or structures on burial/cremation ground","WS/MP18112/2024-2025/136975","AMRAVATI(DISTRICT COLLECTOR AMRAVATI_IDA)","BALWANT BASWANT WANKHADE","AMRAVATI(SC)","11-Mar-2026","NAVYUWAK MAJOOR SAH SANTHA","Payment Success","157231"
"1311","Maharashtra","Crematoriums/energy efficient crematoriums or structures on burial/cremation ground","WS/MP18112/2024-2025/136983","AMRAVATI(DISTRICT COLLECTOR AMRAVATI_IDA)","BALWANT BASWANT WANKHADE","AMRAVATI(SC)","29-May-2026","Milind Majoor Sah Santha","Payment Success","600000"
"1312","Maharashtra","Construction of community centers and community halls","WS/MP18112/2024-2025/136984","AMRAVATI(DISTRICT COLLECTOR AMRAVATI_IDA)","BALWANT BASWANT WANKHADE","AMRAVATI(SC)","11-Apr-2026","ANKUSH PRADIPRAO NACHONE","Payment Success","1128447"
"1313","Maharashtra","Construction of community centers and community halls","WS/MP18112/2024-2025/136984","AMRAVATI(DISTRICT COLLECTOR AMRAVATI_IDA)","BALWANT BASWANT WANKHADE","AMRAVATI(SC)","12-Jul-2026","ANKUSH PRADIPRAO NACHONE","Payment Success","368087"
"1314","Maharashtra","Construction of roads, link roads, pathways or any other road with or without drainage system","WS/MP18112/2024-2025/136991","AMRAVATI(DISTRICT COLLECTOR AMRAVATI_IDA)","BALWANT BASWANT WANKHADE","AMRAVATI(SC)","18-Dec-2025","ANKIT MAHESH AGRAWAL","Payment Success","1164258"
"1315","Maharashtra","Construction of roads, link roads, pathways or any other road with or without drainage system","WS/MP18112/2024-2025/136991","AMRAVATI(DISTRICT COLLECTOR AMRAVATI_IDA)","BALWANT BASWANT WANKHADE","AMRAVATI(SC)","27-May-2026","ANKIT MAHESH AGRAWAL","Payment Success","34729"
"1316","Maharashtra","Construction of boundary walls of existing public and community buildings","WS/MP18112/2024-2025/136992","AMRAVATI(DISTRICT COLLECTOR AMRAVATI_IDA)","BALWANT BASWANT WANKHADE","AMRAVATI(SC)","09-Jun-2025","GOVINDA SHANTILAL UPADHYAY","Payment Success","1999127"
"1317","Maharashtra","Providing drains and gutters for public drainage","WS/MP18112/2024-2025/136993","AMRAVATI(DISTRICT COLLECTOR AMRAVATI_IDA)","BALWANT BASWANT WANKHADE","AMRAVATI(SC)","13-Jun-2025","TAJ MAJUR KAMGAR SAHAKARI SANTHA AT BABHALI","Payment Success","999362"
"1318","Maharashtra","Construction of roads, link roads, pathways or any other road with or without drainage system","WS/MP18112/2024-2025/136994","AMRAVATI(DISTRICT COLLECTOR AMRAVATI_IDA)","BALWANT BASWANT WANKHADE","AMRAVATI(SC)","30-May-2025","LOKVIKAS MAJOOR SAH SANT LTD","Payment Success","747006"
"1319","Maharashtra","Construction of roads, link roads, pathways or any other road with or without drainage system","WS/MP18112/2024-2025/136994","AMRAVATI(DISTRICT COLLECTOR AMRAVATI_IDA)","BALWANT BASWANT WANKHADE","AMRAVATI(SC)","13-Dec-2025","LOKVIKAS MAJOOR SAH SANT LTD","Payment Success","47709"
"1320","Maharashtra","Construction of roads, link roads, pathways or any other road with or without drainage system","WS/MP18112/2024-2025/145331","AMRAVATI(DISTRICT COLLECTOR AMRAVATI_IDA)","BALWANT BASWANT WANKHADE","AMRAVATI(SC)","24-Oct-2025","ALOK SHRIPATRAO PARDE","Payment Success","638558"
"1321","Maharashtra","Construction of roads, link roads, pathways or any other road with or without drainage system","WS/MP18112/2024-2025/145331","AMRAVATI(DISTRICT COLLECTOR AMRAVATI_IDA)","BALWANT BASWANT WANKHADE","AMRAVATI(SC)","17-Jan-2026","ALOK SHRIPATRAO PARDE","Payment Success","55799"
"1322","Maharashtra","Construction of community centers and community halls","WS/MP18112/2024-2025/136522","AMRAVATI(DISTRICT COLLECTOR AMRAVATI_IDA)","BALWANT BASWANT WANKHADE","AMRAVATI(SC)","30-May-2025","Mauli Vighnaharta Construction Company","Payment Success","1159946"
"1323","Maharashtra","Construction of community centers and community halls","WS/MP18112/2024-2025/136522","AMRAVATI(DISTRICT COLLECTOR AMRAVATI_IDA)","BALWANT BASWANT WANKHADE","AMRAVATI(SC)","15-Dec-2025","Navnit Sudhirrao Toley","Payment Success","231276"
"1324","Maharashtra","Construction of community centers and community halls","WS/MP18112/2024-2025/136522","AMRAVATI(DISTRICT COLLECTOR AMRAVATI_IDA)","BALWANT BASWANT WANKHADE","AMRAVATI(SC)","27-May-2026","Navnit Sudhirrao Toley","Payment Success","106334"
"1325","Maharashtra","Construction of community centers and community halls","WS/MP18112/2024-2025/136532","AMRAVATI(DISTRICT COLLECTOR AMRAVATI_IDA)","BALWANT BASWANT WANKHADE","AMRAVATI(SC)","01-Oct-2025","Mauli Vighnaharta Construction Company","Payment Success","337606"
"1326","Maharashtra","Construction of community centers and community halls","WS/MP18112/2024-2025/136532","AMRAVATI(DISTRICT COLLECTOR AMRAVATI_IDA)","BALWANT BASWANT WANKHADE","AMRAVATI(SC)","15-Dec-2025","Navnit Sudhirrao Toley","Payment Success","1162390"
"1327","Maharashtra","Crematoriums/energy efficient crematoriums or structures on burial/cremation ground","WS/MP18112/2025-2026/188607","AMRAVATI(DISTRICT COLLECTOR AMRAVATI_IDA)","BALWANT BASWANT WANKHADE","AMRAVATI(SC)","16-Apr-2026","GAURAV GAJANAN INGALE","Payment Success","694648"
"1328","Maharashtra","Construction of community centers and community halls","WS/MP18112/2025-2026/188608","AMRAVATI(DISTRICT COLLECTOR AMRAVATI_IDA)","BALWANT BASWANT WANKHADE","AMRAVATI(SC)","30-Jun-2026","Aditya Ganeshrao Gawande27AWDPT5004E1ZQ","Payment Success","1496344"
"1329","Maharashtra","Construction of boundary walls of existing public and community buildings","WS/MP18112/2025-2026/188616","AMRAVATI(DISTRICT COLLECTOR AMRAVATI_IDA)","BALWANT BASWANT WANKHADE","AMRAVATI(SC)","10-Mar-2026","AKASH DHYANESWAR RATHOD","Payment Success","1192287"
"1330","Maharashtra","Construction of roads, link roads, pathways or any other road with or without drainage system","WS/MP18112/2025-2026/188617","AMRAVATI(DISTRICT COLLECTOR AMRAVATI_IDA)","BALWANT BASWANT WANKHADE","AMRAVATI(SC)","20-Jul-2026","BHOJRAJ MAJOOR SAH SANTHA SAWNER","Payment Success","397004"
"1331","Maharashtra","Construction of community centers and community halls","WS/MP18112/2025-2026/188618","AMRAVATI(DISTRICT COLLECTOR AMRAVATI_IDA)","BALWANT BASWANT WANKHADE","AMRAVATI(SC)","10-Mar-2026","Navnit Sudhirrao Toley","Payment Success","1497356"
"1332","Maharashtra","Construction of community centers and community halls","WS/MP18112/2025-2026/188619","AMRAVATI(DISTRICT COLLECTOR AMRAVATI_IDA)","BALWANT BASWANT WANKHADE","AMRAVATI(SC)","26-Feb-2026","Mauli Vighnaharta Construction Company","Payment Success","1107622"
"1333","Maharashtra","Construction of community centers and community halls","WS/MP18112/2025-2026/188619","AMRAVATI(DISTRICT COLLECTOR AMRAVATI_IDA)","BALWANT BASWANT WANKHADE","AMRAVATI(SC)","17-Jul-2026","Mauli Vighnaharta Construction Company","Payment Success","391548"
"1334","Maharashtra","Construction of community centers and community halls","WS/MP18112/2024-2025/178885","AMRAVATI(DISTRICT COLLECTOR AMRAVATI_IDA)","BALWANT BASWANT WANKHADE","AMRAVATI(SC)","03-Jul-2025","NILESH SHRIVANT WANKHADE","Payment Success","686579"
"1335","Maharashtra","Construction of community centers and community halls","WS/MP18112/2024-2025/178885","AMRAVATI(DISTRICT COLLECTOR AMRAVATI_IDA)","BALWANT BASWANT WANKHADE","AMRAVATI(SC)","26-Aug-2025","NILESH SHRIVANT WANKHADE","Payment Success","312265"
"1336","Maharashtra","Construction of community centers and community halls","WS/MP18112/2025-2026/177510","AMRAVATI(DISTRICT COLLECTOR AMRAVATI_IDA)","BALWANT BASWANT WANKHADE","AMRAVATI(SC)","12-May-2026","Navnit Sudhirrao Toley","Payment Success","1996461"
"1337","Maharashtra","Construction of roads, link roads, pathways or any other road with or without drainage system","WS/MP18112/2024-2025/180045","AMRAVATI(DISTRICT COLLECTOR AMRAVATI_IDA)","BALWANT BASWANT WANKHADE","AMRAVATI(SC)","24-Oct-2025","SHRIGANESH MAJOOR SAH SANTHA","Payment Success","734827"
"1338","Maharashtra","Construction of roads, link roads, pathways or any other road with or without drainage system","WS/MP18112/2024-2025/180045","AMRAVATI(DISTRICT COLLECTOR AMRAVATI_IDA)","BALWANT BASWANT WANKHADE","AMRAVATI(SC)","17-Jan-2026","SHRIGANESH MAJOOR SAH SANTHA","Payment Success","65173"
"1339","Maharashtra","Construction of community centers and community halls","WS/MP18112/2025-2026/177326","AMRAVATI(DISTRICT COLLECTOR AMRAVATI_IDA)","BALWANT BASWANT WANKHADE","AMRAVATI(SC)","03-Jul-2026","Magasvargiya Suyash tantrik majoor sah santha","Payment Success","999338"
"1340","Maharashtra","Construction of community centers and community halls","WS/MP18112/2025-2026/177328","AMRAVATI(DISTRICT COLLECTOR AMRAVATI_IDA)","BALWANT BASWANT WANKHADE","AMRAVATI(SC)","15-Jun-2026","ANIKET GAJANAN DHENGALE","Payment Success","996059"
"1341","Maharashtra","Construction of boundary walls of existing public and community buildings","WS/MP18112/2025-2026/233585","AMRAVATI(DISTRICT COLLECTOR AMRAVATI_IDA)","BALWANT BASWANT WANKHADE","AMRAVATI(SC)","05-Aug-2026","VIJAY RAMESHRAO BELAGE","Payment Success","855259"
"1342","Maharashtra","Construction of roads, link roads, pathways or any other road with or without drainage system","WS/MP692/2026-2027/183348","PUNE(DISTRICT COLLECTOR PUNE_IDA)","Smt Supriya Sadanand Sule","BARAMATI","23-Jun-2026","MAYUR GANPAT UBHE","Payment Success","500000"
"1343","Maharashtra","Construction of roads, link roads, pathways or any other road with or without drainage system","WS/MP661/2025-2026/180258","PUNE(DISTRICT COLLECTOR PUNE_IDA)","Amol Ramsing Kolhe","SHIRUR","24-Nov-2025","Saif Ali F Hamdule","Payment Success","1000000"
"1344","Maharashtra","Construction of roads, link roads, pathways or any other road with or without drainage system","WS/MP661/2025-2026/180259","PUNE(DISTRICT COLLECTOR PUNE_IDA)","Amol Ramsing Kolhe","SHIRUR","24-Nov-2025","Saif Ali F Hamdule","Payment Success","1000000"
"1345","Maharashtra","Construction of roads, link roads, pathways or any other road with or without drainage system","WS/MP661/2025-2026/146563","PUNE(DISTRICT COLLECTOR PUNE_IDA)","Amol Ramsing Kolhe","SHIRUR","21-Jul-2025","Pankaj Majur Sahkari sanstha maryadit","Payment Success","995405"
"1346","Maharashtra","Construction of roads, link roads, pathways or any other road with or without drainage system","WS/MP661/2025-2026/146564","PUNE(DISTRICT COLLECTOR PUNE_IDA)","Amol Ramsing Kolhe","SHIRUR","26-May-2025","SHRI YASHWANTRAYA MAJUR SAHAKARI SANSTHA MARYADIT","Payment Success","1000000"
"1347","Maharashtra","Construction of roads, link roads, pathways or any other road with or without drainage system","WS/MP661/2025-2026/146565","PUNE(DISTRICT COLLECTOR PUNE_IDA)","Amol Ramsing Kolhe","SHIRUR","21-Jul-2025","Pankaj Majur Sahkari sanstha maryadit","Payment Success","1000000"
"1348","Maharashtra","Construction of roads, link roads, pathways or any other road with or without drainage system","WS/MP661/2025-2026/146566","PUNE(DISTRICT COLLECTOR PUNE_IDA)","Amol Ramsing Kolhe","SHIRUR","26-May-2025","SHRI YASHWANTRAYA MAJUR SAHAKARI SANSTHA MARYADIT","Payment Success","1000000"
"1349","Maharashtra","Providing sports equipment, except consumable items","WS/MP685/2024-2025/143363","PUNE(DISTRICT COLLECTOR PUNE_IDA)","Shrirang Appa Barne","MAVAL","22-Apr-2025","ASHUTOSH HANUMANT BALKAVADE","Payment Success","998243"
"1350","Maharashtra","Providing sports equipment, except consumable items","WS/MP685/2024-2025/143365","PUNE(DISTRICT COLLECTOR PUNE_IDA)","Shrirang Appa Barne","MAVAL","22-Apr-2025","ASHUTOSH HANUMANT BALKAVADE","Payment Success","995777"
"1351","Maharashtra","Providing sports equipment, except consumable items","WS/MP685/2024-2025/143366","PUNE(DISTRICT COLLECTOR PUNE_IDA)","Shrirang Appa Barne","MAVAL","22-Apr-2025","ASHUTOSH HANUMANT BALKAVADE","Payment Success","996227"
"1352","Maharashtra","Providing sports equipment, except consumable items","WS/MP685/2024-2025/143367","PUNE(DISTRICT COLLECTOR PUNE_IDA)","Shrirang Appa Barne","MAVAL","22-Apr-2025","ASHUTOSH HANUMANT BALKAVADE","Payment Success","996227"
"1353","Maharashtra","Providing sports equipment, except consumable items","WS/MP685/2024-2025/143368","PUNE(DISTRICT COLLECTOR PUNE_IDA)","Shrirang Appa Barne","MAVAL","22-Apr-2025","ASHUTOSH HANUMANT BALKAVADE","Payment Success","997319"
"1354","Maharashtra","Providing sports equipment, except consumable items","WS/MP685/2024-2025/143369","PUNE(DISTRICT COLLECTOR PUNE_IDA)","Shrirang Appa Barne","MAVAL","22-Apr-2025","ASHUTOSH HANUMANT BALKAVADE","Payment Success","996227"
"1355","Maharashtra","Providing sports equipment, except consumable items","WS/MP685/2024-2025/143370","PUNE(DISTRICT COLLECTOR PUNE_IDA)","Shrirang Appa Barne","MAVAL","22-Apr-2025","ASHUTOSH HANUMANT BALKAVADE","Payment Success","996010"
"1356","Maharashtra","Providing sports equipment, except consumable items","WS/MP685/2025-2026/143374","PUNE(DISTRICT COLLECTOR PUNE_IDA)","Shrirang Appa Barne","MAVAL","16-Sep-2025","ASHUTOSH HANUMANT BALKAVADE","Payment Success","996226"
"1357","Maharashtra","Construction of common work sheds/ common covered sitting area","WS/MP692/2025-2026/184032","PUNE(DISTRICT COLLECTOR PUNE_IDA)","Smt Supriya Sadanand Sule","BARAMATI","05-Jan-2026","Prasad Ananta Nivangune","Payment Success","500000"
"1358","Maharashtra","Construction of roads, link roads, pathways or any other road with or without drainage system","WS/MP692/2026-2027/184035","PUNE(DISTRICT COLLECTOR PUNE_IDA)","Smt Supriya Sadanand Sule","BARAMATI","16-Jul-2026","ABHILASH BALKRUSHNA DARWATKAR","Payment Success","496034"
"1359","Maharashtra","Construction of roads, link roads, pathways or any other road with or without drainage system","WS/MP692/2026-2027/184037","PUNE(DISTRICT COLLECTOR PUNE_IDA)","Smt Supriya Sadanand Sule","BARAMATI","16-Jul-2026","ABHILASH BALKRUSHNA DARWATKAR","Payment Success","494481"
"1360","Maharashtra","Construction of roads, link roads, pathways or any other road with or without drainage system","WS/MP692/2026-2027/184040","PUNE(DISTRICT COLLECTOR PUNE_IDA)","Smt Supriya Sadanand Sule","BARAMATI","19-May-2026","ABHILASH BALKRUSHNA DARWATKAR","Payment Success","497855"
"1361","Maharashtra","Construction of common work sheds/ common covered sitting area","WS/MP692/2026-2027/184071","PUNE(DISTRICT COLLECTOR PUNE_IDA)","Smt Supriya Sadanand Sule","BARAMATI","30-Jun-2026","Ch Sai prasad majur sahakari sanstha maryadit","Payment Success","498330"
"1362","Maharashtra","Construction of roads, link roads, pathways or any other road with or without drainage system","WS/MP692/2025-2026/183601","PUNE(DISTRICT COLLECTOR PUNE_IDA)","Smt Supriya Sadanand Sule","BARAMATI","10-Feb-2026","SURYAKANT MAJUR SAHAKARI SANSTHA LTD","Payment Success","300000"
"1363","Maharashtra","Construction of roads, link roads, pathways or any other road with or without drainage system","WS/MP685/2025-2026/187645","PUNE(DISTRICT COLLECTOR PUNE_IDA)","Shrirang Appa Barne","MAVAL","06-Mar-2026","SHREYAS CONTRACTORS","Payment Success","1000000"
"1364","Maharashtra","Construction of roads, link roads, pathways or any other road with or without drainage system","WS/MP685/2025-2026/187646","PUNE(DISTRICT COLLECTOR PUNE_IDA)","Shrirang Appa Barne","MAVAL","10-Mar-2026","SHREYAS CONTRACTORS","Payment Success","1000000"
"1365","Maharashtra","Construction of roads, link roads, pathways or any other road with or without drainage system","WS/MP692/2026-2027/185176","PUNE(DISTRICT COLLECTOR PUNE_IDA)","Smt Supriya Sadanand Sule","BARAMATI","21-Jul-2026","Supriya Ashok Bhosale","Payment Success","798957"
"1366","Maharashtra","Construction of roads, link roads, pathways or any other road with or without drainage system","WS/MP692/2026-2027/185183","PUNE(DISTRICT COLLECTOR PUNE_IDA)","Smt Supriya Sadanand Sule","BARAMATI","24-Jun-2026","KHAIRE SHAILESH BABAN","Payment Success","995482"
"1367","Maharashtra","Construction of roads, link roads, pathways or any other road with or without drainage system","WS/MP692/2026-2027/250945","PUNE(DISTRICT COLLECTOR PUNE_IDA)","Smt Supriya Sadanand Sule","BARAMATI","06-Jul-2026","MAYUR GANPAT UBHE","Payment Success","999255"
"1368","Maharashtra","Construction of roads, link roads, pathways or any other road with or without drainage system","WS/MP685/2026-2027/257924","RAIGAD(DISTRICT COLLECTOR RAIGAD_IDA)","Shrirang Appa Barne","MAVAL","13-Jul-2026","Ajnkya Avinash Tawade","Payment Success","500000"
"1369","Maharashtra","Construction of roads, link roads, pathways or any other road with or without drainage system","WS/MP685/2026-2027/187654","RAIGAD(DISTRICT COLLECTOR RAIGAD_IDA)","Shrirang Appa Barne","MAVAL","16-Jul-2026","Kalpesh Ram Goje","Payment Success","250000"
"1370","Maharashtra","Construction of rooms and halls in school and colleges","WS/MP687/2025-2026/187643","RAIGAD(DISTRICT COLLECTOR RAIGAD_IDA)","Sunil Dattatray Tatkare","RAIGAD","17-Feb-2026","Abhishek Prakash Jain","Payment Success","1250000"
"1371","Maharashtra","Construction of roads, link roads, pathways or any other road with or without drainage system","WS/MP685/2025-2026/187994","RAIGAD(DISTRICT COLLECTOR RAIGAD_IDA)","Shrirang Appa Barne","MAVAL","16-Feb-2026","MAHENDRA HARI PATIL","Payment Success","750000"
"1372","Maharashtra","Construction of roads, link roads, pathways or any other road with or without drainage system","WS/MP685/2025-2026/187994","RAIGAD(DISTRICT COLLECTOR RAIGAD_IDA)","Shrirang Appa Barne","MAVAL","27-Feb-2026","MAHENDRA HARI PATIL","Payment Success","748219"
"1373","Maharashtra","Construction of roads, link roads, pathways or any other road with or without drainage system","WS/MP685/2025-2026/187995","RAIGAD(DISTRICT COLLECTOR RAIGAD_IDA)","Shrirang Appa Barne","MAVAL","26-Mar-2026","shreyash bandhu patil","Payment Success","500000"
"1374","Maharashtra","Construction of roads, link roads, pathways or any other road with or without drainage system","WS/MP685/2025-2026/187995","RAIGAD(DISTRICT COLLECTOR RAIGAD_IDA)","Shrirang Appa Barne","MAVAL","09-Apr-2026","shreyash bandhu patil","Payment Success","499000"
"1375","Maharashtra","Construction of community centers and community halls","WS/MP687/2025-2026/199486","RAIGAD(DISTRICT COLLECTOR RAIGAD_IDA)","Sunil Dattatray Tatkare","RAIGAD","12-Mar-2026","Abhishek Prakash Jain","Payment Success","1500000"
"1376","Maharashtra","Construction of community centers and community halls","WS/MP687/2025-2026/219009","RAIGAD(DISTRICT COLLECTOR RAIGAD_IDA)","Sunil Dattatray Tatkare","RAIGAD","18-Jul-2025","Rhutik Anant Dhene","Payment Success","400000"
"1377","Maharashtra","Construction of community centers and community halls","WS/MP687/2025-2026/219009","RAIGAD(DISTRICT COLLECTOR RAIGAD_IDA)","Sunil Dattatray Tatkare","RAIGAD","28-Nov-2025","Rhutik Anant Dhene","Payment Success","350000"
"1378","Maharashtra","Crematoriums/energy efficient crematoriums or structures on burial/cremation ground","WS/MP685/2026-2027/174726","RAIGAD(DISTRICT COLLECTOR RAIGAD_IDA)","Shrirang Appa Barne","MAVAL","22-Jun-2026","shreyash bandhu patil","Payment Success","500000"
"1379","Maharashtra","Construction of roads, link roads, pathways or any other road with or without drainage system","WS/MP685/2025-2026/171729","RAIGAD(DISTRICT COLLECTOR RAIGAD_IDA)","Shrirang Appa Barne","MAVAL","27-Nov-2025","Dilesh Ashok Waskar","Payment Success","250000"
"1380","Maharashtra","Construction of roads, link roads, pathways or any other road with or without drainage system","WS/MP685/2025-2026/171729","RAIGAD(DISTRICT COLLECTOR RAIGAD_IDA)","Shrirang Appa Barne","MAVAL","27-Feb-2026","Dilesh Ashok Waskar","Payment Success","249000"
"1381","Maharashtra","Crematoriums/energy efficient crematoriums or structures on burial/cremation ground","WS/MP685/2026-2027/170392","RAIGAD(DISTRICT COLLECTOR RAIGAD_IDA)","Shrirang Appa Barne","MAVAL","07-Aug-2026","Mayur Narayan Lale","Payment Success","750000"
"1382","Maharashtra","Construction of roads, link roads, pathways or any other road with or without drainage system","WS/MP685/2025-2026/170394","RAIGAD(DISTRICT COLLECTOR RAIGAD_IDA)","Shrirang Appa Barne","MAVAL","21-Nov-2025","DEVESH ANESH DHAVLE","Payment Success","250000"
"1383","Maharashtra","Construction of roads, link roads, pathways or any other road with or without drainage system","WS/MP685/2026-2027/170395","RAIGAD(DISTRICT COLLECTOR RAIGAD_IDA)","Shrirang Appa Barne","MAVAL","10-Apr-2026","Rohit Ramdas Medage","Payment Success","500000"
"1384","Maharashtra","Construction of community centers and community halls","WS/MP687/2024-2025/181205","RAIGAD(DISTRICT COLLECTOR RAIGAD_IDA)","Sunil Dattatray Tatkare","RAIGAD","02-Apr-2025","TRUPTI JITENDRA PAWAR","Payment Success","1091222"
"1385","Maharashtra","Crematoriums/energy efficient crematoriums or structures on burial/cremation ground","WS/MP685/2025-2026/176775","RAIGAD(DISTRICT COLLECTOR RAIGAD_IDA)","Shrirang Appa Barne","MAVAL","21-Nov-2025","abhishek suresh sathe","Payment Success","500000"
"1386","Maharashtra","Construction of roads, link roads, pathways or any other road with or without drainage system","WS/MP18323/2025-2026/146706","NANDED(DISTRICT COLLECTOR NANDED_IDA)","DR KALGE SHIVAJI BANDAPPA","LATUR(SC)","13-May-2025","GRAM PANCHAYAT KARYALAYA NANDANVAN KANDHAR","Payment Success","494000"
"1387","Maharashtra","Construction of roads, link roads, pathways or any other road with or without drainage system","WS/MP18323/2025-2026/146707","NANDED(DISTRICT COLLECTOR NANDED_IDA)","DR KALGE SHIVAJI BANDAPPA","LATUR(SC)","04-Jul-2025","GRAM PANCHAYAT KARYALAYA SHEKAPUR KANDHAR NANDED","Payment Success","589894"
"1388","Maharashtra","Construction of roads, link roads, pathways or any other road with or without drainage system","WS/MP18323/2025-2026/146708","NANDED(DISTRICT COLLECTOR NANDED_IDA)","DR KALGE SHIVAJI BANDAPPA","LATUR(SC)","10-Oct-2025","GRAM PANCHAYAT KARYALAYA BALANTWADI","Payment Success","494297"
"1389","Maharashtra","Construction of roads, link roads, pathways or any other road with or without drainage system","WS/MP18323/2026-2027/146709","NANDED(DISTRICT COLLECTOR NANDED_IDA)","DR KALGE SHIVAJI BANDAPPA","LATUR(SC)","24-Jul-2026","CHAIRMAN NAMDEO MAHARAJ MAJOOR SAHKARI SANSTHA LIMITED LIMBOLI","Payment Success","292053"
"1390","Maharashtra","Construction of community centers and community halls","WS/MP18323/2025-2026/146710","NANDED(DISTRICT COLLECTOR NANDED_IDA)","DR KALGE SHIVAJI BANDAPPA","LATUR(SC)","16-Jul-2025","GRAMPANCHAYAT KARYALAYA SANGUCHIWADI","Payment Success","691689"
"1391","Maharashtra","Construction of roads, link roads, pathways or any other road with or without drainage system","WS/MP18323/2025-2026/146867","NANDED(DISTRICT COLLECTOR NANDED_IDA)","DR KALGE SHIVAJI BANDAPPA","LATUR(SC)","26-Mar-2026","GRAM PANCHAYAT KARYALAYA NAVRANGPURA KANDHAR NANDED","Payment Success","990848"
"1392","Maharashtra","Construction of roads, link roads, pathways or any other road with or without drainage system","WS/MP18429/2026-2027/226795","NANDED(DISTRICT COLLECTOR NANDED_IDA)","Ravindra Vasantrao Chavan","NANDED","27-Jun-2026","GRAM PANCHAYAT KARYALAY SAYAL BHADRA","Payment Success","994928"
"1393","Maharashtra","Construction of community centers and community halls","WS/MP18429/2025-2026/227019","NANDED(DISTRICT COLLECTOR NANDED_IDA)","Ravindra Vasantrao Chavan","NANDED","10-Mar-2026","GRAM PANCHAYAT KARYALAYA SONKHED LOHA NANDED","Payment Success","497913"
"1394","Maharashtra","Construction of roads, link roads, pathways or any other road with or without drainage system","WS/MP18429/2025-2026/226340","NANDED(DISTRICT COLLECTOR NANDED_IDA)","Ravindra Vasantrao Chavan","NANDED","24-Dec-2025","GRAM PANCHAYAT ZARI","Payment Success","995623"
"1395","Maharashtra","Construction of roads, link roads, pathways or any other road with or without drainage system","WS/MP18429/2025-2026/242067","NANDED(DISTRICT COLLECTOR NANDED_IDA)","Ravindra Vasantrao Chavan","NANDED","07-Apr-2026","GRAM PANCHAYAT KARYALAYA MANGNALI","Payment Success","495000"
"1396","Maharashtra","Construction of community centers and community halls","WS/MP18429/2026-2027/244440","NANDED(DISTRICT COLLECTOR NANDED_IDA)","Ravindra Vasantrao Chavan","NANDED","16-Apr-2026","GRAM PANCHAYAT KARYALAYA JAWALA DE LOHA","Payment Success","991949"
"1397","Maharashtra","Construction of roads, link roads, pathways or any other road with or without drainage system","WS/MP18429/2026-2027/248061","NANDED(DISTRICT COLLECTOR NANDED_IDA)","Ravindra Vasantrao Chavan","NANDED","12-May-2026","GRAM PANCHAYAT KARYALAYA LIMBGAON","Payment Success","985937"
"1398","Maharashtra","Lighting of public spaces","WS/MP661/2026-2027/188107","PUNE(DISTRICT COLLECTOR PUNE_IDA)","Amol Ramsing Kolhe","SHIRUR","19-May-2026","Shri Suvishwa Electricals","Payment Success","457374"
"1399","Maharashtra","Lighting of public spaces","WS/MP661/2026-2027/188108","PUNE(DISTRICT COLLECTOR PUNE_IDA)","Amol Ramsing Kolhe","SHIRUR","19-May-2026","Shri Suvishwa Electricals","Payment Success","438594"
"1400","Maharashtra","Lighting of public spaces","WS/MP661/2026-2027/188109","PUNE(DISTRICT COLLECTOR PUNE_IDA)","Amol Ramsing Kolhe","SHIRUR","19-May-2026","Meerai Electricals","Payment Success","462962"
"1401","Maharashtra","Lighting of public spaces","WS/MP661/2026-2027/188110","PUNE(DISTRICT COLLECTOR PUNE_IDA)","Amol Ramsing Kolhe","SHIRUR","19-May-2026","Meerai Electricals","Payment Success","470341"
"1402","Maharashtra","Lighting of public spaces","WS/MP661/2026-2027/188111","PUNE(DISTRICT COLLECTOR PUNE_IDA)","Amol Ramsing Kolhe","SHIRUR","19-May-2026","Meerai Electricals","Payment Success","450472"
"1403","Maharashtra","Lighting of public spaces","WS/MP661/2026-2027/188117","PUNE(DISTRICT COLLECTOR PUNE_IDA)","Amol Ramsing Kolhe","SHIRUR","19-May-2026","Vibha Electricals","Payment Success","454290"
"1404","Maharashtra","Lighting of public spaces","WS/MP661/2026-2027/188118","PUNE(DISTRICT COLLECTOR PUNE_IDA)","Amol Ramsing Kolhe","SHIRUR","19-May-2026","Vibha Electricals","Payment Success","450747"
"1405","Maharashtra","Lighting of public spaces","WS/MP661/2026-2027/147464","PUNE(DISTRICT COLLECTOR PUNE_IDA)","Amol Ramsing Kolhe","SHIRUR","19-May-2026","Shri Suvishwa Electricals","Payment Success","482614"
"1406","Maharashtra","Construction of community centers and community halls","WS/MP661/2025-2026/147465","PUNE(DISTRICT COLLECTOR PUNE_IDA)","Amol Ramsing Kolhe","SHIRUR","29-Oct-2025","Sandeep Maruti Narhe","Payment Success","999694"
"1407","Maharashtra","Construction of roads, link roads, pathways or any other road with or without drainage system","WS/MP661/2025-2026/147480","PUNE(DISTRICT COLLECTOR PUNE_IDA)","Amol Ramsing Kolhe","SHIRUR","26-Sep-2025","Jay Gajanan Majur Sahakari Sanstha LTD","Payment Success","995639"
"1408","Maharashtra","Construction of footpaths and pedestrian ways","WS/MP661/2025-2026/147453","PUNE(DISTRICT COLLECTOR PUNE_IDA)","Amol Ramsing Kolhe","SHIRUR","25-Aug-2025","Indrayani Majur Sahakari Sanstha Maryadit","Payment Success","990415"
"1409","Maharashtra","Construction of community centers and community halls","WS/MP661/2025-2026/147454","PUNE(DISTRICT COLLECTOR PUNE_IDA)","Amol Ramsing Kolhe","SHIRUR","22-Jul-2026","Laxmanrao Dhobale Majur Sahakari Sanstha Ltd","Payment Success","919303"
"1410","Maharashtra","Installing community drinking water plants","WS/MP685/2025-2026/182072","PUNE(DISTRICT COLLECTOR PUNE_IDA)","Shrirang Appa Barne","MAVAL","17-Mar-2026","Versatile Enterprises","Payment Success","697697"
"1411","Maharashtra","Construction of roads, link roads, pathways or any other road with or without drainage system","WS/MP685/2025-2026/175373","PUNE(DISTRICT COLLECTOR PUNE_IDA)","Shrirang Appa Barne","MAVAL","11-Feb-2026","PARAG BALIRAM SHIRSATH","Payment Success","994543"
"1412","Maharashtra","Construction of roads, link roads, pathways or any other road with or without drainage system","WS/MP685/2026-2027/233088","PUNE(DISTRICT COLLECTOR PUNE_IDA)","Shrirang Appa Barne","MAVAL","18-May-2026","Ganesh Laxman Rakshe","Payment Success","999182"
"1413","Maharashtra","Construction of roads, link roads, pathways or any other road with or without drainage system","WS/MP685/2026-2027/233089","PUNE(DISTRICT COLLECTOR PUNE_IDA)","Shrirang Appa Barne","MAVAL","01-Jul-2026","Ganesh Laxman Rakshe","Payment Success","994234"
"1414","Maharashtra","Construction of roads, link roads, pathways or any other road with or without drainage system","WS/MP685/2026-2027/194546","PUNE(DISTRICT COLLECTOR PUNE_IDA)","Shrirang Appa Barne","MAVAL","18-May-2026","Shree Venkateshwara Construction","Payment Success","999946"
"1415","Maharashtra","Construction of roads, link roads, pathways or any other road with or without drainage system","WS/MP685/2025-2026/194548","PUNE(DISTRICT COLLECTOR PUNE_IDA)","Shrirang Appa Barne","MAVAL","11-Feb-2026","Ganesh Laxman Rakshe","Payment Success","999565"
"1416","Maharashtra","Construction of roads, link roads, pathways or any other road with or without drainage system","WS/MP685/2025-2026/194549","PUNE(DISTRICT COLLECTOR PUNE_IDA)","Shrirang Appa Barne","MAVAL","11-Feb-2026","Ganesh Laxman Rakshe","Payment Success","991771"
"1417","Maharashtra","Construction of roads, link roads, pathways or any other road with or without drainage system","WS/MP685/2025-2026/194555","PUNE(DISTRICT COLLECTOR PUNE_IDA)","Shrirang Appa Barne","MAVAL","11-Feb-2026","Ganesh Laxman Rakshe","Payment Success","994791"
"1418","Maharashtra","Construction of roads, link roads, pathways or any other road with or without drainage system","WS/MP685/2026-2027/182017","PUNE(DISTRICT COLLECTOR PUNE_IDA)","Shrirang Appa Barne","MAVAL","21-May-2026","Sangram Ramdas Pawar","Payment Success","696248"
"1419","Maharashtra","Construction of roads, link roads, pathways or any other road with or without drainage system","WS/MP685/2026-2027/182018","PUNE(DISTRICT COLLECTOR PUNE_IDA)","Shrirang Appa Barne","MAVAL","21-May-2026","Sangram Ramdas Pawar","Payment Success","496562"
"1420","Maharashtra","Crematoriums/energy efficient crematoriums or structures on burial/cremation ground","WS/MP661/2026-2027/246048","PUNE(DISTRICT COLLECTOR PUNE_IDA)","Amol Ramsing Kolhe","SHIRUR","02-Sep-2026","Omkar Suresh Bhagwat","Payment Success","995843"
"1421","Maharashtra","Crematoriums/energy efficient crematoriums or structures on burial/cremation ground","WS/MP661/2026-2027/246081","PUNE(DISTRICT COLLECTOR PUNE_IDA)","Amol Ramsing Kolhe","SHIRUR","18-Aug-2026","Pratik Arun Satkar","Payment Success","993920"
"1422","Maharashtra","Construction of community centers and community halls","WS/MP685/2026-2027/187647","PUNE(DISTRICT COLLECTOR PUNE_IDA)","Shrirang Appa Barne","MAVAL","21-May-2026","Chirayu Prakash Mungad","Payment Success","999992"
"1423","Maharashtra","Construction of buildings for community cultural activities","WS/MP685/2026-2027/187648","PUNE(DISTRICT COLLECTOR PUNE_IDA)","Shrirang Appa Barne","MAVAL","18-Aug-2026","Chirayu Prakash Mungad","Payment Success","999992"
"1424","Maharashtra","Construction of roads, link roads, pathways or any other road with or without drainage system","WS/MP685/2026-2027/176774","PUNE(DISTRICT COLLECTOR PUNE_IDA)","Shrirang Appa Barne","MAVAL","20-May-2026","Ganesh Laxman Rakshe","Payment Success","991160"
"1425","Maharashtra","Construction of roads, link roads, pathways or any other road with or without drainage system","WS/MP692/2026-2027/290008","PUNE(DISTRICT COLLECTOR PUNE_IDA)","Smt Supriya Sadanand Sule","BARAMATI","20-Jul-2026","RUSHABH RAMESH JAGTAP","Payment Success","985879"
"1426","Maharashtra","Construction of roads, link roads, pathways or any other road with or without drainage system","WS/MP692/2026-2027/183448","PUNE(DISTRICT COLLECTOR PUNE_IDA)","Smt Supriya Sadanand Sule","BARAMATI","08-Jul-2026","shivshakti majoor co op society ltd","Payment Success","500000"
"1427","Maharashtra","Construction of roads, link roads, pathways or any other road with or without drainage system","WS/MP692/2026-2027/183452","PUNE(DISTRICT COLLECTOR PUNE_IDA)","Smt Supriya Sadanand Sule","BARAMATI","20-Jul-2026","TUKAI GHADAI MAJUR SAH SANATHA LTD","Payment Success","499596"
"1428","Maharashtra","Construction of roads, link roads, pathways or any other road with or without drainage system","WS/MP692/2026-2027/183466","PUNE(DISTRICT COLLECTOR PUNE_IDA)","Smt Supriya Sadanand Sule","BARAMATI","20-Jul-2026","TUKAI GHADAI MAJUR SAH SANATHA LTD","Payment Success","494585"
"1429","Maharashtra","Construction of roads, link roads, pathways or any other road with or without drainage system","WS/MP692/2026-2027/183473","PUNE(DISTRICT COLLECTOR PUNE_IDA)","Smt Supriya Sadanand Sule","BARAMATI","20-Jul-2026","jay khanderiya majur sahakari sanstha ltd","Payment Success","499596"
"1430","Maharashtra","Construction of roads, link roads, pathways or any other road with or without drainage system","WS/MP692/2026-2027/183477","PUNE(DISTRICT COLLECTOR PUNE_IDA)","Smt Supriya Sadanand Sule","BARAMATI","23-Jun-2026","jay khanderiya majur sahakari sanstha ltd","Payment Success","981670"
"1431","Maharashtra","Construction of roads, link roads, pathways or any other road with or without drainage system","WS/MP692/2026-2027/183481","PUNE(DISTRICT COLLECTOR PUNE_IDA)","Smt Supriya Sadanand Sule","BARAMATI","21-May-2026","SARASWATI MAJOOR SAHAKARI SANSTHA LTD","Payment Success","993417"
"1432","Maharashtra","Construction of footpaths and pedestrian ways","WS/MP692/2026-2027/183613","PUNE(DISTRICT COLLECTOR PUNE_IDA)","Smt Supriya Sadanand Sule","BARAMATI","30-Jun-2026","Omkar Navnath Thorat","Payment Success","497364"
"1433","Maharashtra","Construction of roads, link roads, pathways or any other road with or without drainage system","WS/MP692/2025-2026/183615","PUNE(DISTRICT COLLECTOR PUNE_IDA)","Smt Supriya Sadanand Sule","BARAMATI","25-Sep-2025","DIGAMBAR MAJUR SAHAKARI SANSTHA MARYADIT","Payment Success","981634"
"1434","Maharashtra","Construction of roads, link roads, pathways or any other road with or without drainage system","WS/MP692/2025-2026/183617","PUNE(DISTRICT COLLECTOR PUNE_IDA)","Smt Supriya Sadanand Sule","BARAMATI","25-Feb-2026","SAGAR NIVRUTTI KHUTWAD","Payment Success","994056"
"1435","Maharashtra","Construction of roads, link roads, pathways or any other road with or without drainage system","WS/MP692/2026-2027/183619","PUNE(DISTRICT COLLECTOR PUNE_IDA)","Smt Supriya Sadanand Sule","BARAMATI","29-Jun-2026","AVINASH TATYASAHEB KHAMGAL","Payment Success","979222"
"1436","Maharashtra","Construction of roads, link roads, pathways or any other road with or without drainage system","WS/MP692/2025-2026/183620","PUNE(DISTRICT COLLECTOR PUNE_IDA)","Smt Supriya Sadanand Sule","BARAMATI","02-Dec-2025","DIGAMBAR MAJUR SAHAKARI SANSTHA MARYADIT","Payment Success","499986"
"1437","Maharashtra","Development of playground","WS/MP692/2025-2026/183624","PUNE(DISTRICT COLLECTOR PUNE_IDA)","Smt Supriya Sadanand Sule","BARAMATI","02-Dec-2025","SUMIT SADASHIV GORE","Payment Success","995586"
"1438","Maharashtra","Construction of footpaths and pedestrian ways","WS/MP692/2025-2026/183628","PUNE(DISTRICT COLLECTOR PUNE_IDA)","Smt Supriya Sadanand Sule","BARAMATI","18-Feb-2026","NITIN DNYANDEV RADE","Payment Success","993957"
"1439","Maharashtra","Providing drains and gutters for public drainage","WS/MP692/2026-2027/185159","PUNE(DISTRICT COLLECTOR PUNE_IDA)","Smt Supriya Sadanand Sule","BARAMATI","03-Jul-2026","TUSHAR DNYANDEO RASAL","Payment Success","936871"
"1440","Maharashtra","Construction of roads, link roads, pathways or any other road with or without drainage system","WS/MP692/2026-2027/185120","PUNE(DISTRICT COLLECTOR PUNE_IDA)","Smt Supriya Sadanand Sule","BARAMATI","22-May-2026","SANDIP BALU THOMBARE","Payment Success","869664"
"1441","Maharashtra","Construction of roads, link roads, pathways or any other road with or without drainage system","WS/MP692/2025-2026/185134","PUNE(DISTRICT COLLECTOR PUNE_IDA)","Smt Supriya Sadanand Sule","BARAMATI","17-Oct-2025","Atul Ashok Kadam","Payment Success","984726"
"1442","Maharashtra","Construction of boundary walls of existing public and community buildings","WS/MP692/2026-2027/185934","PUNE(DISTRICT COLLECTOR PUNE_IDA)","Smt Supriya Sadanand Sule","BARAMATI","30-Jun-2026","Omkar Navnath Thorat","Payment Success","994940"
"1443","Maharashtra","Construction of community centers and community halls","WS/MP692/2025-2026/164328","PUNE(DISTRICT COLLECTOR PUNE_IDA)","Smt Supriya Sadanand Sule","BARAMATI","09-Jul-2025","SHRI YASHWANTRAYA MAJUR SAHAKARI SANSTHA MARYADIT","Payment Success","498057"
"1444","Maharashtra","Construction of roads, link roads, pathways or any other road with or without drainage system","WS/MP661/2025-2026/146558","PUNE(DISTRICT COLLECTOR PUNE_IDA)","Amol Ramsing Kolhe","SHIRUR","22-Aug-2025","NAGSHWAR MAJOOR SAHKARI SANSTHA LTD","Payment Success","1000000"
"1445","Maharashtra","Construction of roads, link roads, pathways or any other road with or without drainage system","WS/MP661/2025-2026/146559","PUNE(DISTRICT COLLECTOR PUNE_IDA)","Amol Ramsing Kolhe","SHIRUR","22-Aug-2025","Shri Samarth Majur Sahakari Sanstha Maryadit","Payment Success","1000000"
"1446","Maharashtra","Construction of roads, link roads, pathways or any other road with or without drainage system","WS/MP661/2025-2026/146560","PUNE(DISTRICT COLLECTOR PUNE_IDA)","Amol Ramsing Kolhe","SHIRUR","10-Jun-2025","Shri Saikrupa Majur Sahakari Sanstha Ltd","Payment Success","1000000"
"1447","Maharashtra","Construction of roads, link roads, pathways or any other road with or without drainage system","WS/MP661/2025-2026/146561","PUNE(DISTRICT COLLECTOR PUNE_IDA)","Amol Ramsing Kolhe","SHIRUR","10-Jun-2025","NAGSHWAR MAJOOR SAHKARI SANSTHA LTD","Payment Success","1000000"
"1448","Maharashtra","Construction of roads, link roads, pathways or any other road with or without drainage system","WS/MP661/2025-2026/146562","PUNE(DISTRICT COLLECTOR PUNE_IDA)","Amol Ramsing Kolhe","SHIRUR","08-Jul-2025","NAGSHWAR MAJOOR SAHKARI SANSTHA LTD","Payment Success","1000000"
"1449","Maharashtra","Construction of roads, link roads, pathways or any other road with or without drainage system","WS/MP18111/2025-2026/177759","AKOLA(DISTRICT COLLECTOR AKOLA_IDA)","ANUP SANJAY DHOTRE","AKOLA","16-Oct-2025","SANDEEP ARJUN PATIL","Payment Success","500000"
"1450","Maharashtra","Construction of roads, link roads, pathways or any other road with or without drainage system","WS/MP18111/2025-2026/177759","AKOLA(DISTRICT COLLECTOR AKOLA_IDA)","ANUP SANJAY DHOTRE","AKOLA","04-Nov-2025","SANDEEP ARJUN PATIL","Payment Success","468831"
"1451","Maharashtra","Construction of roads, link roads, pathways or any other road with or without drainage system","WS/MP18111/2025-2026/177761","AKOLA(DISTRICT COLLECTOR AKOLA_IDA)","ANUP SANJAY DHOTRE","AKOLA","10-Feb-2026","SUHAS GULBRAO GOTMARE","Payment Success","985293"
"1452","Maharashtra","Construction of community centers and community halls","WS/MP18111/2025-2026/177808","AKOLA(DISTRICT COLLECTOR AKOLA_IDA)","ANUP SANJAY DHOTRE","AKOLA","01-Oct-2025","GRAM PANCHAYAT BHENDIMAHAL","Payment Success","500000"
"1453","Maharashtra","Construction of community centers and community halls","WS/MP18111/2025-2026/177808","AKOLA(DISTRICT COLLECTOR AKOLA_IDA)","ANUP SANJAY DHOTRE","AKOLA","15-Oct-2025","GRAM PANCHAYAT BHENDIMAHAL","Payment Success","485659"
"1454","Maharashtra","Construction of roads, link roads, pathways or any other road with or without drainage system","WS/MP18111/2025-2026/177978","AKOLA(DISTRICT COLLECTOR AKOLA_IDA)","ANUP SANJAY DHOTRE","AKOLA","12-Oct-2025","SARPANCH SACHIV G P DANAPUR SAMAYNA FUND","Payment Success","971247"
"1455","Maharashtra","Construction of roads, link roads, pathways or any other road with or without drainage system","WS/MP18111/2025-2026/187100","AKOLA(DISTRICT COLLECTOR AKOLA_IDA)","ANUP SANJAY DHOTRE","AKOLA","12-Oct-2025","SANTOSH SHAMRAO INGALE","Payment Success","500000"
"1456","Maharashtra","Construction of roads, link roads, pathways or any other road with or without drainage system","WS/MP18111/2025-2026/187100","AKOLA(DISTRICT COLLECTOR AKOLA_IDA)","ANUP SANJAY DHOTRE","AKOLA","17-Oct-2025","SANTOSH SHAMRAO INGALE","Payment Success","488046"
"1457","Maharashtra","Construction of roads, link roads, pathways or any other road with or without drainage system","WS/MP18111/2025-2026/187101","AKOLA(DISTRICT COLLECTOR AKOLA_IDA)","ANUP SANJAY DHOTRE","AKOLA","06-Oct-2025","GRAMPANCHAYAT S F NIMBHA","Payment Success","970750"
"1458","Maharashtra","Construction of community centers and community halls","WS/MP18111/2025-2026/187103","AKOLA(DISTRICT COLLECTOR AKOLA_IDA)","ANUP SANJAY DHOTRE","AKOLA","12-Jan-2026","GRAM PANCHAYAT DHANORA GEN FUND JOIN","Payment Success","984417"
"1459","Maharashtra","Construction of roads, link roads, pathways or any other road with or without drainage system","WS/MP18111/2025-2026/187104","AKOLA(DISTRICT COLLECTOR AKOLA_IDA)","ANUP SANJAY DHOTRE","AKOLA","29-Aug-2025","SAMANYA FUND G P PIWANDAL","Payment Success","500000"
"1460","Maharashtra","Construction of roads, link roads, pathways or any other road with or without drainage system","WS/MP18111/2025-2026/187104","AKOLA(DISTRICT COLLECTOR AKOLA_IDA)","ANUP SANJAY DHOTRE","AKOLA","16-Sep-2025","SAMANYA FUND G P PIWANDAL","Payment Success","487554"
"1461","Maharashtra","Construction of roads, link roads, pathways or any other road with or without drainage system","WS/MP18111/2025-2026/187111","AKOLA(DISTRICT COLLECTOR AKOLA_IDA)","ANUP SANJAY DHOTRE","AKOLA","31-Jul-2025","GRAMPANCHAYAT RUSTAMABAD","Payment Success","500000"
"1462","Maharashtra","Construction of roads, link roads, pathways or any other road with or without drainage system","WS/MP18111/2025-2026/187111","AKOLA(DISTRICT COLLECTOR AKOLA_IDA)","ANUP SANJAY DHOTRE","AKOLA","25-Aug-2025","GRAMPANCHAYAT RUSTAMABAD","Payment Success","487502"
"1463","Maharashtra","Construction of roads, link roads, pathways or any other road with or without drainage system","WS/MP18111/2025-2026/187113","AKOLA(DISTRICT COLLECTOR AKOLA_IDA)","ANUP SANJAY DHOTRE","AKOLA","06-Oct-2025","SAMANYA NIDHI SAR SACHIV GP KANHERI SARA","Payment Success","986385"
"1464","Maharashtra","Construction of roads, link roads, pathways or any other road with or without drainage system","WS/MP18111/2025-2026/187116","AKOLA(DISTRICT COLLECTOR AKOLA_IDA)","ANUP SANJAY DHOTRE","AKOLA","13-Feb-2026","SUMIT DEEPAKRAO DESHMUKH","Payment Success","986782"
"1465","Maharashtra","Construction of roads, link roads, pathways or any other road with or without drainage system","WS/MP18111/2025-2026/187118","AKOLA(DISTRICT COLLECTOR AKOLA_IDA)","ANUP SANJAY DHOTRE","AKOLA","05-Feb-2026","GRAMPANCHAYAT KOTHA  SARPANCH SACHIV","Payment Success","984714"
"1466","Maharashtra","Construction of roads, link roads, pathways or any other road with or without drainage system","WS/MP18111/2025-2026/187078","AKOLA(DISTRICT COLLECTOR AKOLA_IDA)","ANUP SANJAY DHOTRE","AKOLA","14-Oct-2025","GRAM PANCHAYAT GHOTA","Payment Success","986977"
"1467","Maharashtra","Construction of roads, link roads, pathways or any other road with or without drainage system","WS/MP18111/2025-2026/187082","AKOLA(DISTRICT COLLECTOR AKOLA_IDA)","ANUP SANJAY DHOTRE","AKOLA","21-Nov-2025","ANIRUDDHA KISANRAO PATIL","Payment Success","983626"
"1468","Maharashtra","Construction of roads, link roads, pathways or any other road with or without drainage system","WS/MP18111/2025-2026/187087","AKOLA(DISTRICT COLLECTOR AKOLA_IDA)","ANUP SANJAY DHOTRE","AKOLA","14-Oct-2025","GRAM PANCHAYAT JALALABAD GEN FUND","Payment Success","986905"
"1469","Maharashtra","Construction of roads, link roads, pathways or any other road with or without drainage system","WS/MP18111/2025-2026/187088","AKOLA(DISTRICT COLLECTOR AKOLA_IDA)","ANUP SANJAY DHOTRE","AKOLA","14-Oct-2025","SARPANCH GRAM PANCHAYAT WADGAON","Payment Success","986743"
"1470","Maharashtra","Construction of roads, link roads, pathways or any other road with or without drainage system","WS/MP18111/2025-2026/187508","AKOLA(DISTRICT COLLECTOR AKOLA_IDA)","ANUP SANJAY DHOTRE","AKOLA","22-Nov-2025","SEC GR PAN TALEGAON BK","Payment Success","985973"
"1471","Maharashtra","Construction of roads, link roads, pathways or any other road with or without drainage system","WS/MP18111/2026-2027/268993","AKOLA(DISTRICT COLLECTOR AKOLA_IDA)","ANUP SANJAY DHOTRE","AKOLA","27-Aug-2026","GRAMPANCHAYAT KARYALAY LAKHPURI","Payment Success","982424"
"1472","Maharashtra","Construction of roads, link roads, pathways or any other road with or without drainage system","WS/MP18111/2026-2027/187511","AKOLA(DISTRICT COLLECTOR AKOLA_IDA)","ANUP SANJAY DHOTRE","AKOLA","29-Apr-2026","ANIRUDDHA KISANRAO PATIL","Payment Success","990840"
"1473","Maharashtra","Construction of roads, link roads, pathways or any other road with or without drainage system","WS/MP18111/2025-2026/187532","AKOLA(DISTRICT COLLECTOR AKOLA_IDA)","ANUP SANJAY DHOTRE","AKOLA","12-Oct-2025","GRAMPANCHAYAT S F GADEGAON","Payment Success","970977"
"1474","Maharashtra","Construction of roads, link roads, pathways or any other road with or without drainage system","WS/MP18111/2025-2026/187534","AKOLA(DISTRICT COLLECTOR AKOLA_IDA)","ANUP SANJAY DHOTRE","AKOLA","09-Dec-2025","SARPANCHA SACHIV G P KARALA BK","Payment Success","987005"
"1475","Maharashtra","Construction of roads, link roads, pathways or any other road with or without drainage system","WS/MP18111/2025-2026/187050","AKOLA(DISTRICT COLLECTOR AKOLA_IDA)","ANUP SANJAY DHOTRE","AKOLA","28-Jan-2026","SUMIT DEEPAKRAO DESHMUKH","Payment Success","500000"
"1476","Maharashtra","Construction of roads, link roads, pathways or any other road with or without drainage system","WS/MP18111/2025-2026/187050","AKOLA(DISTRICT COLLECTOR AKOLA_IDA)","ANUP SANJAY DHOTRE","AKOLA","17-Feb-2026","SUMIT DEEPAKRAO DESHMUKH","Payment Success","479216"
"1477","Maharashtra","Construction of roads, link roads, pathways or any other road with or without drainage system","WS/MP18111/2025-2026/187053","AKOLA(DISTRICT COLLECTOR AKOLA_IDA)","ANUP SANJAY DHOTRE","AKOLA","15-Dec-2025","GRAMPANCHAYAT PATHARDI","Payment Success","988642"
"1478","Maharashtra","Construction of roads, link roads, pathways or any other road with or without drainage system","WS/MP18111/2025-2026/187060","AKOLA(DISTRICT COLLECTOR AKOLA_IDA)","ANUP SANJAY DHOTRE","AKOLA","31-Oct-2025","GRAMPANCHAYAT WADGSAON MENDHE TAJNAPUR","Payment Success","972537"
"1479","Maharashtra","Construction of roads, link roads, pathways or any other road with or without drainage system","WS/MP18111/2025-2026/187064","AKOLA(DISTRICT COLLECTOR AKOLA_IDA)","ANUP SANJAY DHOTRE","AKOLA","10-Mar-2026","NARENDRA SOPAN THOKAL","Payment Success","987534"
"1480","Maharashtra","Construction of roads, link roads, pathways or any other road with or without drainage system","WS/MP18111/2025-2026/187068","AKOLA(DISTRICT COLLECTOR AKOLA_IDA)","ANUP SANJAY DHOTRE","AKOLA","05-Feb-2026","SUHAS GULBRAO GOTMARE","Payment Success","987455"
"1481","Maharashtra","Construction of community centers and community halls","WS/MP687/2026-2027/295798","RAIGAD(DISTRICT COLLECTOR RAIGAD_IDA)","Sunil Dattatray Tatkare","RAIGAD","03-Aug-2026","Sanket Sudhakar Khedekar","Payment Success","500000"
"1482","Maharashtra","Construction of community centers and community halls","WS/MP687/2026-2027/268167","RAIGAD(DISTRICT COLLECTOR RAIGAD_IDA)","Sunil Dattatray Tatkare","RAIGAD","22-Jun-2026","VIVEK VINOD PAKHAD","Payment Success","500000"
"1483","Maharashtra","Construction of roads, link roads, pathways or any other road with or without drainage system","WS/MP687/2025-2026/268168","RAIGAD(DISTRICT COLLECTOR RAIGAD_IDA)","Sunil Dattatray Tatkare","RAIGAD","18-Feb-2026","Sarvesh Gajanan Chorge","Payment Success","750000"
"1484","Maharashtra","Construction of community centers and community halls","WS/MP687/2026-2027/268169","RAIGAD(DISTRICT COLLECTOR RAIGAD_IDA)","Sunil Dattatray Tatkare","RAIGAD","23-Jul-2026","Sunil Namdev Chavhan","Payment Success","1250000"
"1485","Maharashtra","Construction of community centers and community halls","WS/MP687/2026-2027/268170","RAIGAD(DISTRICT COLLECTOR RAIGAD_IDA)","Sunil Dattatray Tatkare","RAIGAD","25-Jun-2026","ARADHYA VISHNU BAPAT","Payment Success","750000"
"1486","Maharashtra","Construction of community centers and community halls","WS/MP687/2026-2027/268171","RAIGAD(DISTRICT COLLECTOR RAIGAD_IDA)","Sunil Dattatray Tatkare","RAIGAD","03-Aug-2026","SIDDHESH GHANSHAM ADHIKARI","Payment Success","300000"
"1487","Maharashtra","Construction of community centers and community halls","WS/MP687/2026-2027/243661","RAIGAD(DISTRICT COLLECTOR RAIGAD_IDA)","Sunil Dattatray Tatkare","RAIGAD","23-Jul-2026","Amol Malu Lambore","Payment Success","750000"
"1488","Maharashtra","Construction of community centers and community halls","WS/MP687/2025-2026/243670","RAIGAD(DISTRICT COLLECTOR RAIGAD_IDA)","Sunil Dattatray Tatkare","RAIGAD","04-Nov-2025","SURAJ CHANDRAKANT NALAWADE","Payment Success","749850"
"1489","Maharashtra","Construction of community centers and community halls","WS/MP687/2025-2026/243670","RAIGAD(DISTRICT COLLECTOR RAIGAD_IDA)","Sunil Dattatray Tatkare","RAIGAD","19-Aug-2026","SURAJ CHANDRAKANT NALAWADE","Payment Success","743000"
"1490","Maharashtra","Construction of community centers and community halls","WS/MP687/2025-2026/243673","RAIGAD(DISTRICT COLLECTOR RAIGAD_IDA)","Sunil Dattatray Tatkare","RAIGAD","25-Mar-2026","SURAJ CHANDRAKANT NALAWADE","Payment Success","750000"
"1491","Maharashtra","Construction of community centers and community halls","WS/MP687/2025-2026/243675","RAIGAD(DISTRICT COLLECTOR RAIGAD_IDA)","Sunil Dattatray Tatkare","RAIGAD","30-Oct-2025","Saurabh Sanjay bakkam","Payment Success","500000"
"1492","Maharashtra","Construction of community centers and community halls","WS/MP687/2025-2026/243675","RAIGAD(DISTRICT COLLECTOR RAIGAD_IDA)","Sunil Dattatray Tatkare","RAIGAD","04-Aug-2026","Saurabh Sanjay bakkam","Payment Success","498000"
"1493","Maharashtra","Construction of community centers and community halls","WS/MP687/2025-2026/243678","RAIGAD(DISTRICT COLLECTOR RAIGAD_IDA)","Sunil Dattatray Tatkare","RAIGAD","06-Apr-2026","Suyog Suresh Thakur","Payment Success","1213485"
"1494","Maharashtra","Construction of community centers and community halls","WS/MP687/2026-2027/243689","RAIGAD(DISTRICT COLLECTOR RAIGAD_IDA)","Sunil Dattatray Tatkare","RAIGAD","21-Apr-2026","Amol Malu Lambore","Payment Success","750000"
"1495","Maharashtra","Construction of community centers and community halls","WS/MP687/2025-2026/243692","RAIGAD(DISTRICT COLLECTOR RAIGAD_IDA)","Sunil Dattatray Tatkare","RAIGAD","08-Jan-2026","Sunil Namdev Chavhan","Payment Success","1500000"
"1496","Maharashtra","Construction of community centers and community halls","WS/MP687/2025-2026/243695","RAIGAD(DISTRICT COLLECTOR RAIGAD_IDA)","Sunil Dattatray Tatkare","RAIGAD","06-Jan-2026","PRASAD PRAKASH KETKAR","Payment Success","1250000"
"1497","Maharashtra","Construction of community centers and community halls","WS/MP687/2025-2026/243695","RAIGAD(DISTRICT COLLECTOR RAIGAD_IDA)","Sunil Dattatray Tatkare","RAIGAD","21-Jul-2026","PRASAD PRAKASH KETKAR","Payment Success","1204195"
"1498","Maharashtra","Construction of community centers and community halls","WS/MP687/2025-2026/243701","RAIGAD(DISTRICT COLLECTOR RAIGAD_IDA)","Sunil Dattatray Tatkare","RAIGAD","16-Mar-2026","Sunil Namdev Chavhan","Payment Success","1000000"
"1499","Maharashtra","Construction of community centers and community halls","WS/MP687/2025-2026/243704","RAIGAD(DISTRICT COLLECTOR RAIGAD_IDA)","Sunil Dattatray Tatkare","RAIGAD","23-Feb-2026","Abhishek Prakash Jain","Payment Success","750000"
"1500","Maharashtra","Construction of community centers and community halls","WS/MP687/2025-2026/243712","RAIGAD(DISTRICT COLLECTOR RAIGAD_IDA)","Sunil Dattatray Tatkare","RAIGAD","18-Dec-2025","SURAJ CHANDRAKANT NALAWADE","Payment Success","1250000"
"1501","Maharashtra","Construction of community centers and community halls","WS/MP687/2025-2026/243712","RAIGAD(DISTRICT COLLECTOR RAIGAD_IDA)","Sunil Dattatray Tatkare","RAIGAD","25-Jun-2026","SURAJ CHANDRAKANT NALAWADE","Payment Success","1249000"
"1502","Maharashtra","Construction of rooms and halls in school and colleges","WS/MP687/2025-2026/243729","RAIGAD(DISTRICT COLLECTOR RAIGAD_IDA)","Sunil Dattatray Tatkare","RAIGAD","12-Mar-2026","Abhishek Prakash Jain","Payment Success","1250000"
"1503","Maharashtra","Construction of community centers and community halls","WS/MP687/2025-2026/243731","RAIGAD(DISTRICT COLLECTOR RAIGAD_IDA)","Sunil Dattatray Tatkare","RAIGAD","17-Nov-2025","vishal rajendra mande","Payment Success","750000"
"1504","Maharashtra","Construction of community centers and community halls","WS/MP687/2025-2026/243731","RAIGAD(DISTRICT COLLECTOR RAIGAD_IDA)","Sunil Dattatray Tatkare","RAIGAD","09-Mar-2026","vishal rajendra mande","Payment Success","748000"
"1505","Maharashtra","Construction of community centers and community halls","WS/MP687/2025-2026/243734","RAIGAD(DISTRICT COLLECTOR RAIGAD_IDA)","Sunil Dattatray Tatkare","RAIGAD","15-Dec-2025","SIDDHESH GHANSHAM ADHIKARI","Payment Success","350000"
"1506","Maharashtra","Construction of community centers and community halls","WS/MP687/2025-2026/243734","RAIGAD(DISTRICT COLLECTOR RAIGAD_IDA)","Sunil Dattatray Tatkare","RAIGAD","08-Jan-2026","SIDDHESH GHANSHAM ADHIKARI","Payment Success","324000"
"1507","Maharashtra","Construction of community centers and community halls","WS/MP687/2025-2026/243737","RAIGAD(DISTRICT COLLECTOR RAIGAD_IDA)","Sunil Dattatray Tatkare","RAIGAD","05-Jan-2026","Saurabh Sanjay bakkam","Payment Success","350000"
"1508","Maharashtra","Construction of roads, link roads, pathways or any other road with or without drainage system","WS/MP18136/2026-2027/231461","WARDHA(DISTRICT COLLECTOR WARDHA_IDA)","AMAR SHARADRAO KALE","WARDHA","01-Jul-2026","President Pragati Majoor Sahakari Sanstha Ltd","Payment Success","267697"
"1509","Maharashtra","Construction of bus-sheds or bus-stops","WS/MP18136/2026-2027/211192","WARDHA(DISTRICT COLLECTOR WARDHA_IDA)","AMAR SHARADRAO KALE","WARDHA","01-Jul-2026","President Pragati Majoor Sahakari Sanstha Ltd","Payment Success","207630"
"1510","Maharashtra","Construction of community centers and community halls","WS/MP18136/2026-2027/190037","WARDHA(DISTRICT COLLECTOR WARDHA_IDA)","AMAR SHARADRAO KALE","WARDHA","04-May-2026","President Pragati Majoor Sahakari Sanstha Ltd","Payment Success","1799000"
"1511","Maharashtra","Construction of community centers and community halls","WS/MP673/2025-2026/200173","Dharashiv(DISTRICT COLLECTOR OSMANABAD_IDA)","Omprakash Bhupalsinh Alias Pawan Rajenimbalkar","OSMANABAD","09-Mar-2026","Ch Onkar Majur Sahakari Sanstha LTD Bhoom Tq Bhoom Dist Dharashiv","Payment Success","673517"
"1512","Maharashtra","Construction of roads, link roads, pathways or any other road with or without drainage system","WS/MP673/2026-2027/218587","Dharashiv(DISTRICT COLLECTOR OSMANABAD_IDA)","Omprakash Bhupalsinh Alias Pawan Rajenimbalkar","OSMANABAD","09-Apr-2026","Ch Jijamata Mahila MSS Ltd","Payment Success","296176"
"1513","Maharashtra","Construction of roads, link roads, pathways or any other road with or without drainage system","WS/MP673/2025-2026/214098","Dharashiv(DISTRICT COLLECTOR OSMANABAD_IDA)","Omprakash Bhupalsinh Alias Pawan Rajenimbalkar","OSMANABAD","02-Feb-2026","Ch Jijamata Mahila MSS Ltd","Payment Success","497555"
"1514","Maharashtra","Construction of roads, link roads, pathways or any other road with or without drainage system","WS/MP673/2025-2026/181028","Dharashiv(DISTRICT COLLECTOR OSMANABAD_IDA)","Omprakash Bhupalsinh Alias Pawan Rajenimbalkar","OSMANABAD","23-Jan-2026","Yeshwant Majoor Sahakari Sanstha Maryadit Pathrud Taluka Bhoom Dist Dharashiv","Payment Success","500000"
"1515","Maharashtra","Construction of bus-sheds or bus-stops","WS/MP673/2025-2026/176951","Dharashiv(DISTRICT COLLECTOR OSMANABAD_IDA)","Omprakash Bhupalsinh Alias Pawan Rajenimbalkar","OSMANABAD","02-Jan-2026","Ch Siddheshwar Majur Sahakari Sanstha Wadgaon S Tq Dist Dharashiv","Payment Success","298963"
"1516","Maharashtra","Construction of bus-sheds or bus-stops","WS/MP673/2026-2027/176952","Dharashiv(DISTRICT COLLECTOR OSMANABAD_IDA)","Omprakash Bhupalsinh Alias Pawan Rajenimbalkar","OSMANABAD","25-May-2026","Ch Siddheshwar Majur Sahakari Sanstha Wadgaon S Tq Dist Dharashiv","Payment Success","298283"
"1517","Maharashtra","Construction of community centers and community halls","WS/MP673/2026-2027/176956","Dharashiv(DISTRICT COLLECTOR OSMANABAD_IDA)","Omprakash Bhupalsinh Alias Pawan Rajenimbalkar","OSMANABAD","19-Aug-2026","Ch Bhoom Taluka Majur Sahakari Santha M Washi Tq Washi Dist Dharashiv","Payment Success","694535"
"1518","Maharashtra","Construction of roads, link roads, pathways or any other road with or without drainage system","WS/MP673/2025-2026/193049","Dharashiv(DISTRICT COLLECTOR OSMANABAD_IDA)","Omprakash Bhupalsinh Alias Pawan Rajenimbalkar","OSMANABAD","02-Sep-2025","Ch Jijamata Mahila MSS Ltd","Payment Success","494997"
"1519","Maharashtra","Construction of roads, link roads, pathways or any other road with or without drainage system","WS/MP673/2025-2026/199029","Dharashiv(DISTRICT COLLECTOR OSMANABAD_IDA)","Omprakash Bhupalsinh Alias Pawan Rajenimbalkar","OSMANABAD","03-Jan-2026","Ch Ingonda Majur Sahakari Sanstha M Ingonda Tq Paranda Dist Dharashiv","Payment Success","693895"
"1520","Maharashtra","Construction of bus-sheds or bus-stops","WS/MP673/2024-2025/139034","Dharashiv(DISTRICT COLLECTOR OSMANABAD_IDA)","Omprakash Bhupalsinh Alias Pawan Rajenimbalkar","OSMANABAD","11-Mar-2025","Shri Ganesh Majoor Sahakari Sanstha Maryadit Khamaswadi Taluka Kallam Dist Dharashiv","Payment Success","300000"
"1521","Maharashtra","Construction of roads, link roads, pathways or any other road with or without drainage system","WS/MP673/2025-2026/143160","Dharashiv(DISTRICT COLLECTOR OSMANABAD_IDA)","Omprakash Bhupalsinh Alias Pawan Rajenimbalkar","OSMANABAD","16-May-2025","Yeshwant Majoor Sahakari Sanstha Maryadit Pathrud Taluka Bhoom Dist Dharashiv","Payment Success","500000"
"1522","Maharashtra","Construction of roads, link roads, pathways or any other road with or without drainage system","WS/MP673/2025-2026/202437","Dharashiv(DISTRICT COLLECTOR OSMANABAD_IDA)","Omprakash Bhupalsinh Alias Pawan Rajenimbalkar","OSMANABAD","23-Jan-2026","Ch Jijamata Mahila MSS Ltd","Payment Success","498630"
"1523","Maharashtra","Construction of community centers and community halls","WS/MP673/2026-2027/202474","Dharashiv(DISTRICT COLLECTOR OSMANABAD_IDA)","Omprakash Bhupalsinh Alias Pawan Rajenimbalkar","OSMANABAD","08-Aug-2026","vishwabhushan magasvargiya Majur Sahakari Sanstha M Tuljapur","Payment Success","497237"
"1524","Maharashtra","Construction of roads, link roads, pathways or any other road with or without drainage system","WS/MP673/2026-2027/259050","Dharashiv(DISTRICT COLLECTOR OSMANABAD_IDA)","Omprakash Bhupalsinh Alias Pawan Rajenimbalkar","OSMANABAD","29-May-2026","Chairman Shramjivi Majoor Sahakari Sanstha Tuljapur","Payment Success","696980"
"1525","Maharashtra","Construction of roads, link roads, pathways or any other road with or without drainage system","WS/MP673/2026-2027/240864","Dharashiv(DISTRICT COLLECTOR OSMANABAD_IDA)","Omprakash Bhupalsinh Alias Pawan Rajenimbalkar","OSMANABAD","17-Aug-2026","chairman siddeshwar Majur Sah Sanstha Wadgaon S","Payment Success","696292"
"1526","Maharashtra","Construction of community centers and community halls","WS/MP673/2025-2026/199040","Dharashiv(DISTRICT COLLECTOR OSMANABAD_IDA)","Omprakash Bhupalsinh Alias Pawan Rajenimbalkar","OSMANABAD","09-Mar-2026","Sai Datta Majoor Sahakari Sanstha Ltd Bhatambri","Payment Success","696803"
"1527","Maharashtra","Construction of roads, link roads, pathways or any other road with or without drainage system","WS/MP673/2025-2026/199064","Dharashiv(DISTRICT COLLECTOR OSMANABAD_IDA)","Omprakash Bhupalsinh Alias Pawan Rajenimbalkar","OSMANABAD","16-Oct-2025","Ch Siddheshwar Majur Sahakari Sanstha Wadgaon S Tq Dist Dharashiv","Payment Success","696907"
"1528","Maharashtra","Construction of community centers and community halls","WS/MP673/2025-2026/201929","Dharashiv(DISTRICT COLLECTOR OSMANABAD_IDA)","Omprakash Bhupalsinh Alias Pawan Rajenimbalkar","OSMANABAD","27-Feb-2026","Chairman Shramjivi Majoor Sahakari Sanstha Tuljapur","Payment Success","696250"
"1529","Maharashtra","Construction of roads, link roads, pathways or any other road with or without drainage system","WS/MP673/2026-2027/201963","Dharashiv(DISTRICT COLLECTOR OSMANABAD_IDA)","Omprakash Bhupalsinh Alias Pawan Rajenimbalkar","OSMANABAD","25-May-2026","Jai Hanuman MSSL Lonarwadi","Payment Success","995416"
"1530","Maharashtra","Construction of roads, link roads, pathways or any other road with or without drainage system","WS/MP18136/2026-2027/257200","WARDHA(DISTRICT COLLECTOR WARDHA_IDA)","AMAR SHARADRAO KALE","WARDHA","09-Jul-2026","FOR SEVA CONSTRUCTION","Payment Success","995588"
"1531","Maharashtra","Construction of community centers and community halls","WS/MP18136/2025-2026/216856","WARDHA(DISTRICT COLLECTOR WARDHA_IDA)","AMAR SHARADRAO KALE","WARDHA","22-Jan-2026","GAJANAN DEVAJI HATWAR","Payment Success","995210"
"1532","Maharashtra","Construction of roads, link roads, pathways or any other road with or without drainage system","WS/MP18136/2025-2026/185985","WARDHA(DISTRICT COLLECTOR WARDHA_IDA)","AMAR SHARADRAO KALE","WARDHA","09-Jul-2026","PANKAJ NAMDEVRAO GAVHALE","Payment Success","992449"
"1533","Maharashtra","Construction of roads, link roads, pathways or any other road with or without drainage system","WS/MP18136/2025-2026/185986","WARDHA(DISTRICT COLLECTOR WARDHA_IDA)","AMAR SHARADRAO KALE","WARDHA","18-Jun-2026","SARANG BUILDING MATERIAL SUPPLIERS AND CONSTRUCTION","Payment Success","991420"
"1534","Maharashtra","Providing drains and gutters for public drainage","WS/MP18136/2025-2026/185987","WARDHA(DISTRICT COLLECTOR WARDHA_IDA)","AMAR SHARADRAO KALE","WARDHA","20-Mar-2026","PANKAJ NAMDEVRAO GAVHALE","Payment Success","982179"
"1535","Maharashtra","Construction of roads, link roads, pathways or any other road with or without drainage system","WS/MP18136/2025-2026/185988","WARDHA(DISTRICT COLLECTOR WARDHA_IDA)","AMAR SHARADRAO KALE","WARDHA","15-Jan-2026","PANKAJ NAMDEVRAO GAVHALE","Payment Success","991408"
"1536","Maharashtra","Construction of roads, link roads, pathways or any other road with or without drainage system","WS/MP18136/2025-2026/179020","WARDHA(DISTRICT COLLECTOR WARDHA_IDA)","AMAR SHARADRAO KALE","WARDHA","10-Feb-2026","UTKARSH UNEEMPLOYED ENGINEERS SEVA CO-OP SOCIETY","Payment Success","297851"
"1537","Maharashtra","Construction of roads, link roads, pathways or any other road with or without drainage system","WS/MP18136/2025-2026/180113","WARDHA(DISTRICT COLLECTOR WARDHA_IDA)","AMAR SHARADRAO KALE","WARDHA","28-Nov-2025","UTKARSH UNEEMPLOYED ENGINEERS SEVA CO-OP SOCIETY","Payment Success","148628"
"1538","Maharashtra","Construction of roads, link roads, pathways or any other road with or without drainage system","WS/MP18136/2025-2026/179863","WARDHA(DISTRICT COLLECTOR WARDHA_IDA)","AMAR SHARADRAO KALE","WARDHA","10-Feb-2026","UTKARSH UNEEMPLOYED ENGINEERS SEVA CO-OP SOCIETY","Payment Success","997211"
"1539","Maharashtra","Fitting of Sitting RCC Benches in Public Places","WS/MP18136/2025-2026/176829","WARDHA(DISTRICT COLLECTOR WARDHA_IDA)","AMAR SHARADRAO KALE","WARDHA","28-Nov-2025","UTKARSH UNEEMPLOYED ENGINEERS SEVA CO-OP SOCIETY","Payment Success","695805"
"1540","Maharashtra","Construction of roads, link roads, pathways or any other road with or without drainage system","WS/MP18136/2025-2026/195313","WARDHA(DISTRICT COLLECTOR WARDHA_IDA)","AMAR SHARADRAO KALE","WARDHA","16-Feb-2026","UTKARSH UNEEMPLOYED ENGINEERS SEVA CO-OP SOCIETY","Payment Success","990689"
"1541","Maharashtra","Construction of roads, link roads, pathways or any other road with or without drainage system","WS/MP18136/2025-2026/186384","WARDHA(DISTRICT COLLECTOR WARDHA_IDA)","AMAR SHARADRAO KALE","WARDHA","17-Oct-2025","SARANG BUILDING MATERIAL SUPPLIERS AND CONSTRUCTION","Payment Success","988064"
"1542","Maharashtra","Construction of roads, link roads, pathways or any other road with or without drainage system","WS/MP18136/2025-2026/204530","WARDHA(DISTRICT COLLECTOR WARDHA_IDA)","AMAR SHARADRAO KALE","WARDHA","03-Feb-2026","VIKI VITHALRAO BHADE","Payment Success","991944"
"1543","Maharashtra","Construction of roads, link roads, pathways or any other road with or without drainage system","WS/MP18136/2025-2026/199769","WARDHA(DISTRICT COLLECTOR WARDHA_IDA)","AMAR SHARADRAO KALE","WARDHA","20-Mar-2026","GAJANAN DEVAJI HATWAR","Payment Success","997936"
"1544","Maharashtra","Construction of roads, link roads, pathways or any other road with or without drainage system","WS/MP18136/2026-2027/199775","WARDHA(DISTRICT COLLECTOR WARDHA_IDA)","AMAR SHARADRAO KALE","WARDHA","05-May-2026","GAJANAN DEVAJI HATWAR","Payment Success","498230"
"1545","Maharashtra","Lighting of public spaces","WS/MP18136/2026-2027/195293","WARDHA(DISTRICT COLLECTOR WARDHA_IDA)","AMAR SHARADRAO KALE","WARDHA","20-Aug-2026","NINAD PRADIPRAO WANKHEDE","Payment Success","398363"
"1546","Maharashtra","Providing drains and gutters for public drainage","WS/MP18136/2026-2027/195294","WARDHA(DISTRICT COLLECTOR WARDHA_IDA)","AMAR SHARADRAO KALE","WARDHA","15-Jul-2026","President Pragati Majoor Sahakari Sanstha Ltd","Payment Success","485866"
"1547","Maharashtra","Construction of roads, link roads, pathways or any other road with or without drainage system","WS/MP18136/2026-2027/195297","WARDHA(DISTRICT COLLECTOR WARDHA_IDA)","AMAR SHARADRAO KALE","WARDHA","20-May-2026","President Pragati Majoor Sahakari Sanstha Ltd","Payment Success","489099"
"1548","Maharashtra","Providing drains and gutters for public drainage","WS/MP18136/2026-2027/195300","WARDHA(DISTRICT COLLECTOR WARDHA_IDA)","AMAR SHARADRAO KALE","WARDHA","20-May-2026","President Pragati Majoor Sahakari Sanstha Ltd","Payment Success","491863"
"1549","Maharashtra","Construction of roads, link roads, pathways or any other road with or without drainage system","WS/MP18323/2025-2026/144115","LATUR(DISTRICT COLLECTOR LATUR_IDA)","DR KALGE SHIVAJI BANDAPPA","LATUR(SC)","14-Nov-2025","VISHWASAMRAT MAGASUARGIYA MAJOOR SAHAKARI SANSTHA MARYADIT","Payment Success","995673"
"1550","Maharashtra","Providing drains and gutters for public drainage","WS/MP18323/2025-2026/144116","LATUR(DISTRICT COLLECTOR LATUR_IDA)","DR KALGE SHIVAJI BANDAPPA","LATUR(SC)","04-Feb-2026","VISHWASAMRAT MAGASUARGIYA MAJOOR SAHAKARI SANSTHA MARYADIT","Payment Success","995696"
"1551","Maharashtra","Construction of roads, link roads, pathways or any other road with or without drainage system","WS/MP18323/2026-2027/144117","LATUR(DISTRICT COLLECTOR LATUR_IDA)","DR KALGE SHIVAJI BANDAPPA","LATUR(SC)","07-Aug-2026","Jaybharat Majoor Sahakari Sanstha M Latur","Payment Success","1000000"
"1552","Maharashtra","Construction of community centers and community halls","WS/MP18323/2026-2027/144120","LATUR(DISTRICT COLLECTOR LATUR_IDA)","DR KALGE SHIVAJI BANDAPPA","LATUR(SC)","22-May-2026","SALGARE SUJIT MAHARUDRA","Payment Success","1991059"
"1553","Maharashtra","Construction of roads, link roads, pathways or any other road with or without drainage system","WS/MP18323/2025-2026/167402","LATUR(DISTRICT COLLECTOR LATUR_IDA)","DR KALGE SHIVAJI BANDAPPA","LATUR(SC)","13-Aug-2025","Anusayadevi Majoor Sahakari Sanstha Maryadit","Payment Success","696742"
"1554","Maharashtra","Construction of roads, link roads, pathways or any other road with or without drainage system","WS/MP18323/2025-2026/147142","LATUR(DISTRICT COLLECTOR LATUR_IDA)","DR KALGE SHIVAJI BANDAPPA","LATUR(SC)","28-Apr-2025","THE PATHARVAT LABOUR CONTRACT COOPERTIVE SOCIETY","Payment Success","991691"
"1555","Maharashtra","Construction of community centers and community halls","WS/MP18323/2025-2026/144107","LATUR(DISTRICT COLLECTOR LATUR_IDA)","DR KALGE SHIVAJI BANDAPPA","LATUR(SC)","06-Feb-2026","PRADDEP  MANE","Payment Success","1494640"
"1556","Maharashtra","Construction of roads, link roads, pathways or any other road with or without drainage system","WS/MP18323/2025-2026/181778","LATUR(DISTRICT COLLECTOR LATUR_IDA)","DR KALGE SHIVAJI BANDAPPA","LATUR(SC)","18-Feb-2026","Shrikant Majoor Sahakari Sanstha Maryadit Sonwala","Payment Success","995269"
"1557","Maharashtra","Construction of roads, link roads, pathways or any other road with or without drainage system","WS/MP18323/2025-2026/167414","LATUR(DISTRICT COLLECTOR LATUR_IDA)","DR KALGE SHIVAJI BANDAPPA","LATUR(SC)","07-Oct-2025","SUDHIR SHIRISH DIVEKAR","Payment Success","996732"
"1558","Maharashtra","Construction of roads, link roads, pathways or any other road with or without drainage system","WS/MP18323/2025-2026/167436","LATUR(DISTRICT COLLECTOR LATUR_IDA)","DR KALGE SHIVAJI BANDAPPA","LATUR(SC)","07-Oct-2025","SUDHIR SHIRISH DIVEKAR","Payment Success","994329"
"1559","Maharashtra","Construction of roads, link roads, pathways or any other road with or without drainage system","WS/MP18323/2026-2027/167454","LATUR(DISTRICT COLLECTOR LATUR_IDA)","DR KALGE SHIVAJI BANDAPPA","LATUR(SC)","23-Jul-2026","TECHDRIVE ENGINEERING PRIVATE LIMITED","Payment Success","999897"
"1560","Maharashtra","Construction of roads, link roads, pathways or any other road with or without drainage system","WS/MP18323/2025-2026/181739","LATUR(DISTRICT COLLECTOR LATUR_IDA)","DR KALGE SHIVAJI BANDAPPA","LATUR(SC)","10-Mar-2026","Grampanchayat Walsangavi Girakchal","Payment Success","497066"
"1561","Maharashtra","Construction of roads, link roads, pathways or any other road with or without drainage system","WS/MP18323/2025-2026/181744","LATUR(DISTRICT COLLECTOR LATUR_IDA)","DR KALGE SHIVAJI BANDAPPA","LATUR(SC)","26-Feb-2026","Grampanchayat Karyalaya Tagarkheda","Payment Success","492464"
"1562","Maharashtra","Construction of roads, link roads, pathways or any other road with or without drainage system","WS/MP18323/2025-2026/181753","LATUR(DISTRICT COLLECTOR LATUR_IDA)","DR KALGE SHIVAJI BANDAPPA","LATUR(SC)","24-Mar-2026","Grampanchayat Karyalaya Baspur","Payment Success","498425"
"1563","Maharashtra","Construction of community centers and community halls","WS/MP18323/2026-2027/144111","LATUR(DISTRICT COLLECTOR LATUR_IDA)","DR KALGE SHIVAJI BANDAPPA","LATUR(SC)","25-May-2026","Grampanchayat kharola","Payment Success","998705"
"1564","Maharashtra","Construction of roads, link roads, pathways or any other road with or without drainage system","WS/MP673/2026-2027/193064","Dharashiv(DISTRICT COLLECTOR OSMANABAD_IDA)","Omprakash Bhupalsinh Alias Pawan Rajenimbalkar","OSMANABAD","17-Apr-2026","Kancheshwar Majur Sahakari Sanstha Maryadit","Payment Success","995271"
"1565","Maharashtra","Construction of roads, link roads, pathways or any other road with or without drainage system","WS/MP673/2025-2026/176955","Dharashiv(DISTRICT COLLECTOR OSMANABAD_IDA)","Omprakash Bhupalsinh Alias Pawan Rajenimbalkar","OSMANABAD","16-Jul-2025","sudarshan sushikshit Bekar Majur Sahakari Sanstha Ma Barmgaon","Payment Success","696992"
"1566","Maharashtra","Construction of community centers and community halls","WS/MP673/2025-2026/169929","Dharashiv(DISTRICT COLLECTOR OSMANABAD_IDA)","Omprakash Bhupalsinh Alias Pawan Rajenimbalkar","OSMANABAD","10-Mar-2026","Ganesh Samb Vharkat","Payment Success","1293928"
"1567","Maharashtra","Construction of community centers and community halls","WS/MP673/2026-2027/204854","Dharashiv(DISTRICT COLLECTOR OSMANABAD_IDA)","Omprakash Bhupalsinh Alias Pawan Rajenimbalkar","OSMANABAD","07-Jul-2026","Kancheshwar Majur Sahakari Sanstha Maryadit","Payment Success","696991"
"1568","Maharashtra","Construction of community centers and community halls","WS/MP673/2026-2027/225719","Dharashiv(DISTRICT COLLECTOR OSMANABAD_IDA)","Omprakash Bhupalsinh Alias Pawan Rajenimbalkar","OSMANABAD","29-Apr-2026","Ch Laxmi Jayshree Hari MSSL Wagholi","Payment Success","685572"
"1569","Maharashtra","Construction of roads, link roads, pathways or any other road with or without drainage system","WS/MP673/2026-2027/207526","Dharashiv(DISTRICT COLLECTOR OSMANABAD_IDA)","Omprakash Bhupalsinh Alias Pawan Rajenimbalkar","OSMANABAD","04-May-2026","Ch Pandurang MSSL Sundarwadi","Payment Success","995670"
"1570","Maharashtra","Construction of roads, link roads, pathways or any other road with or without drainage system","WS/MP673/2026-2027/207539","Dharashiv(DISTRICT COLLECTOR OSMANABAD_IDA)","Omprakash Bhupalsinh Alias Pawan Rajenimbalkar","OSMANABAD","24-Jun-2026","Chairman Shramjivi Majoor Sahakari Sanstha Tuljapur","Payment Success","497715"
"1571","Maharashtra","Street lights","WS/MP673/2026-2027/238949","Dharashiv(DISTRICT COLLECTOR OSMANABAD_IDA)","Omprakash Bhupalsinh Alias Pawan Rajenimbalkar","OSMANABAD","22-Jun-2026","Supreme Electricals","Payment Success","999999"
"1572","Maharashtra","Purchase of IT systems, including hardware and software for educational purposes","WS/MP673/2025-2026/167817","Dharashiv(DISTRICT COLLECTOR OSMANABAD_IDA)","Omprakash Bhupalsinh Alias Pawan Rajenimbalkar","OSMANABAD","04-Mar-2026","Nath Enterprises Osmanabad","Payment Success","1635063"
"1573","Maharashtra","Purchase of IT systems, including hardware and software for educational purposes","WS/MP673/2025-2026/167817","Dharashiv(DISTRICT COLLECTOR OSMANABAD_IDA)","Omprakash Bhupalsinh Alias Pawan Rajenimbalkar","OSMANABAD","04-Mar-2026","Vikas Majur Sahakari Sanstha Maryadit Malkapur","Payment Success","864936"
"1574","Maharashtra","Installing tube-wells and borewells","WS/MP673/2025-2026/145399","Dharashiv(DISTRICT COLLECTOR OSMANABAD_IDA)","Omprakash Bhupalsinh Alias Pawan Rajenimbalkar","OSMANABAD","17-Oct-2025","SARPANCH VILLAGE DEVLOPMENT OFFICER GRAM PANCHAYAT JEWALI","Payment Success","299674"
"1575","Maharashtra","Installing tube-wells and borewells","WS/MP673/2026-2027/193055","Dharashiv(DISTRICT COLLECTOR OSMANABAD_IDA)","Omprakash Bhupalsinh Alias Pawan Rajenimbalkar","OSMANABAD","30-Jul-2026","grampanchayat sarola bk","Payment Success","299448"
"1576","Maharashtra","Construction of community centers and community halls","WS/MP687/2025-2026/182068","RAIGAD(DISTRICT COLLECTOR RAIGAD_IDA)","Sunil Dattatray Tatkare","RAIGAD","07-May-2025","Akshata Ajit Khedekar","Payment Success","1200000"
"1577","Maharashtra","Construction of community centers and community halls","WS/MP687/2026-2027/243715","RAIGAD(DISTRICT COLLECTOR RAIGAD_IDA)","Sunil Dattatray Tatkare","RAIGAD","29-Jun-2026","Sayali Deepak Kale","Payment Success","500000"
"1578","Maharashtra","Construction of roads, link roads, pathways or any other road with or without drainage system","WS/MP18112/2025-2026/178905","AMRAVATI(DISTRICT COLLECTOR AMRAVATI_IDA)","BALWANT BASWANT WANKHADE","AMRAVATI(SC)","21-Mar-2026","MAHATMA FULE MAJOOR SAH SANTHA HASANAPUR PARDI","Payment Success","996941"
"1579","Maharashtra","Development of playfields and sports grounds","WS/MP18112/2025-2026/177331","AMRAVATI(DISTRICT COLLECTOR AMRAVATI_IDA)","BALWANT BASWANT WANKHADE","AMRAVATI(SC)","18-May-2026","AZHAR KHAN","Payment Success","787513"
"1580","Maharashtra","Construction of community centers and community halls","WS/MP18112/2025-2026/177508","AMRAVATI(DISTRICT COLLECTOR AMRAVATI_IDA)","BALWANT BASWANT WANKHADE","AMRAVATI(SC)","27-May-2026","ANIKET GAJANAN DHENGALE","Payment Success","951952"
"1581","Maharashtra","Installation of multi-gym equipment","WS/MP18112/2024-2025/175355","AMRAVATI(DISTRICT COLLECTOR AMRAVATI_IDA)","BALWANT BASWANT WANKHADE","AMRAVATI(SC)","23-Jun-2025","Om Sai Traders","Payment Success","499940"
"1582","Maharashtra","Lighting of public spaces","WS/MP18112/2025-2026/166836","AMRAVATI(DISTRICT COLLECTOR AMRAVATI_IDA)","BALWANT BASWANT WANKHADE","AMRAVATI(SC)","09-Jul-2025","Aditya Ganeshrao Gawande27AWDPT5004E1ZQ","Payment Success","299956"
"1583","Maharashtra","Lighting of public spaces","WS/MP18112/2025-2026/166838","AMRAVATI(DISTRICT COLLECTOR AMRAVATI_IDA)","BALWANT BASWANT WANKHADE","AMRAVATI(SC)","09-Jul-2025","Aditya Ganeshrao Gawande27AWDPT5004E1ZQ","Payment Success","299956"
"1584","Maharashtra","Lighting of public spaces","WS/MP18112/2025-2026/166839","AMRAVATI(DISTRICT COLLECTOR AMRAVATI_IDA)","BALWANT BASWANT WANKHADE","AMRAVATI(SC)","09-Jul-2025","Aditya Ganeshrao Gawande27AWDPT5004E1ZQ","Payment Success","299956"
"1585","Maharashtra","Lighting of public spaces","WS/MP18112/2025-2026/166840","AMRAVATI(DISTRICT COLLECTOR AMRAVATI_IDA)","BALWANT BASWANT WANKHADE","AMRAVATI(SC)","09-Jul-2025","Aditya Ganeshrao Gawande27AWDPT5004E1ZQ","Payment Success","299956"
"1586","Maharashtra","Construction of community centers and community halls","WS/MP18112/2024-2025/136520","AMRAVATI(DISTRICT COLLECTOR AMRAVATI_IDA)","BALWANT BASWANT WANKHADE","AMRAVATI(SC)","02-Jul-2025","VINIT GOVIND BHATIA","Payment Success","1272690"
"1587","Maharashtra","Construction of community centers and community halls","WS/MP18112/2024-2025/136520","AMRAVATI(DISTRICT COLLECTOR AMRAVATI_IDA)","BALWANT BASWANT WANKHADE","AMRAVATI(SC)","02-Sep-2025","VINIT GOVIND BHATIA","Payment Success","725952"
"1588","Maharashtra","Construction of roads, link roads, pathways or any other road with or without drainage system","WS/MP18112/2025-2026/199856","AMRAVATI(DISTRICT COLLECTOR AMRAVATI_IDA)","BALWANT BASWANT WANKHADE","AMRAVATI(SC)","07-Jan-2026","ANIKET GAJANAN DHENGALE","Payment Success","787875"
"1589","Maharashtra","Construction of roads, link roads, pathways or any other road with or without drainage system","WS/MP18112/2025-2026/200105","AMRAVATI(DISTRICT COLLECTOR AMRAVATI_IDA)","BALWANT BASWANT WANKHADE","AMRAVATI(SC)","18-May-2026","SHUBHAM SANJAY PATINGE","Payment Success","446796"
"1590","Maharashtra","Street lights","WS/MP18112/2025-2026/200107","AMRAVATI(DISTRICT COLLECTOR AMRAVATI_IDA)","BALWANT BASWANT WANKHADE","AMRAVATI(SC)","22-Jan-2026","Aditya Ganeshrao Gawande27AWDPT5004E1ZQ","Payment Success","299962"
"1591","Maharashtra","Street lights","WS/MP18112/2025-2026/200109","AMRAVATI(DISTRICT COLLECTOR AMRAVATI_IDA)","BALWANT BASWANT WANKHADE","AMRAVATI(SC)","22-Jan-2026","Aditya Ganeshrao Gawande27AWDPT5004E1ZQ","Payment Success","299962"
"1592","Maharashtra","Purchase of sports equipment","WS/MP18112/2025-2026/200115","AMRAVATI(DISTRICT COLLECTOR AMRAVATI_IDA)","BALWANT BASWANT WANKHADE","AMRAVATI(SC)","01-Oct-2025","Om Sai Traders","Payment Success","499860"
"1593","Maharashtra","Construction of roads, link roads, pathways or any other road with or without drainage system","WS/MP18112/2025-2026/194085","AMRAVATI(DISTRICT COLLECTOR AMRAVATI_IDA)","BALWANT BASWANT WANKHADE","AMRAVATI(SC)","21-Mar-2026","SYED YASEER ZAMA SYED ZAFAR ALI","Payment Success","1000000"
"1594","Maharashtra","Construction of roads, link roads, pathways or any other road with or without drainage system","WS/MP18112/2025-2026/200936","AMRAVATI(DISTRICT COLLECTOR AMRAVATI_IDA)","BALWANT BASWANT WANKHADE","AMRAVATI(SC)","07-Mar-2026","SYED YASEER ZAMA SYED ZAFAR ALI","Payment Success","985762"
"1595","Maharashtra","Construction of roads, link roads, pathways or any other road with or without drainage system","WS/MP18112/2025-2026/203657","AMRAVATI(DISTRICT COLLECTOR AMRAVATI_IDA)","BALWANT BASWANT WANKHADE","AMRAVATI(SC)","07-Jan-2026","ANIKET GAJANAN DHENGALE","Payment Success","775116"
"1596","Maharashtra","Construction of roads, link roads, pathways or any other road with or without drainage system","WS/MP18112/2024-2025/164632","AMRAVATI(DISTRICT COLLECTOR AMRAVATI_IDA)","BALWANT BASWANT WANKHADE","AMRAVATI(SC)","26-May-2025","BIDOLIWALA CONSTRUCTION COMPANY","Payment Success","2836162"
"1597","Maharashtra","Construction of roads, link roads, pathways or any other road with or without drainage system","WS/MP18112/2025-2026/188982","AMRAVATI(DISTRICT COLLECTOR AMRAVATI_IDA)","BALWANT BASWANT WANKHADE","AMRAVATI(SC)","18-Feb-2026","SHRI DATTA LABOUR KAMGAR SAHAKARI SANSTHA","Payment Success","1492290"
"1598","Maharashtra","Construction of roads, link roads, pathways or any other road with or without drainage system","WS/MP18112/2025-2026/188983","AMRAVATI(DISTRICT COLLECTOR AMRAVATI_IDA)","BALWANT BASWANT WANKHADE","AMRAVATI(SC)","15-Apr-2026","SHIVCHARAN SHRIRAM RATHOD","Payment Success","973361"
"1599","Maharashtra","Construction of boundary walls of existing public and community buildings","WS/MP18112/2025-2026/189005","AMRAVATI(DISTRICT COLLECTOR AMRAVATI_IDA)","BALWANT BASWANT WANKHADE","AMRAVATI(SC)","18-May-2026","SANKET ASHOKRAO BOKE","Payment Success","891074"
"1600","Maharashtra","Construction of boundary walls of existing public and community buildings","WS/MP18112/2025-2026/205148","AMRAVATI(DISTRICT COLLECTOR AMRAVATI_IDA)","BALWANT BASWANT WANKHADE","AMRAVATI(SC)","29-May-2026","DINESH RAMBHAU CHORE","Payment Success","986906"
"1601","Maharashtra","Purchase of smart boards, visual display units and projectors","WS/MP18112/2025-2026/233588","AMRAVATI(DISTRICT COLLECTOR AMRAVATI_IDA)","BALWANT BASWANT WANKHADE","AMRAVATI(SC)","07-Mar-2026","NETWORLD TECHNOLOGIES","Payment Success","330990"
"1602","Maharashtra","Purchase of smart boards, visual display units and projectors","WS/MP18112/2025-2026/233589","AMRAVATI(DISTRICT COLLECTOR AMRAVATI_IDA)","BALWANT BASWANT WANKHADE","AMRAVATI(SC)","07-Mar-2026","NETWORLD TECHNOLOGIES","Payment Success","330990"
"1603","Maharashtra","Purchase of smart boards, visual display units and projectors","WS/MP18112/2025-2026/233595","AMRAVATI(DISTRICT COLLECTOR AMRAVATI_IDA)","BALWANT BASWANT WANKHADE","AMRAVATI(SC)","07-Mar-2026","NETWORLD TECHNOLOGIES","Payment Success","330990"
"1604","Maharashtra","Purchase of smart boards, visual display units and projectors","WS/MP18112/2025-2026/233599","AMRAVATI(DISTRICT COLLECTOR AMRAVATI_IDA)","BALWANT BASWANT WANKHADE","AMRAVATI(SC)","07-Mar-2026","NETWORLD TECHNOLOGIES","Payment Success","330990"
"1605","Maharashtra","Purchase of smart boards, visual display units and projectors","WS/MP18112/2025-2026/233600","AMRAVATI(DISTRICT COLLECTOR AMRAVATI_IDA)","BALWANT BASWANT WANKHADE","AMRAVATI(SC)","07-Mar-2026","NETWORLD TECHNOLOGIES","Payment Success","330990"
"1606","Maharashtra","Construction of roads, link roads, pathways or any other road with or without drainage system","WS/MP18112/2025-2026/249985","AMRAVATI(DISTRICT COLLECTOR AMRAVATI_IDA)","BALWANT BASWANT WANKHADE","AMRAVATI(SC)","07-Jan-2026","ACHALPUR MAJOOR KAMGAR SAHAKARI SANSTHA","Payment Success","996015"
"1607","Maharashtra","Construction of roads, link roads, pathways or any other road with or without drainage system","WS/MP18112/2025-2026/249987","AMRAVATI(DISTRICT COLLECTOR AMRAVATI_IDA)","BALWANT BASWANT WANKHADE","AMRAVATI(SC)","07-Jan-2026","ACHALPUR MAJOOR KAMGAR SAHAKARI SANSTHA","Payment Success","986321"
"1608","Maharashtra","Purchase of smart boards, visual display units and projectors","WS/MP18112/2025-2026/259047","AMRAVATI(DISTRICT COLLECTOR AMRAVATI_IDA)","BALWANT BASWANT WANKHADE","AMRAVATI(SC)","07-Mar-2026","NETWORLD TECHNOLOGIES","Payment Success","330990"
"1609","Maharashtra","Purchase of smart boards, visual display units and projectors","WS/MP18112/2025-2026/236488","AMRAVATI(DISTRICT COLLECTOR AMRAVATI_IDA)","BALWANT BASWANT WANKHADE","AMRAVATI(SC)","07-Mar-2026","NETWORLD TECHNOLOGIES","Payment Success","330990"
"1610","Maharashtra","Purchase of smart boards, visual display units and projectors","WS/MP18112/2025-2026/236489","AMRAVATI(DISTRICT COLLECTOR AMRAVATI_IDA)","BALWANT BASWANT WANKHADE","AMRAVATI(SC)","07-Mar-2026","NETWORLD TECHNOLOGIES","Payment Success","330990"
"1611","Maharashtra","Construction of community centers and community halls","WS/MP687/2025-2026/182080","RAIGAD(DISTRICT COLLECTOR RAIGAD_IDA)","Sunil Dattatray Tatkare","RAIGAD","17-Sep-2025","SIDDHESH GHANSHAM ADHIKARI","Payment Success","750000"
"1612","Maharashtra","Construction of community centers and community halls","WS/MP687/2025-2026/182080","RAIGAD(DISTRICT COLLECTOR RAIGAD_IDA)","Sunil Dattatray Tatkare","RAIGAD","15-Oct-2025","SIDDHESH GHANSHAM ADHIKARI","Payment Success","747755"
"1613","Maharashtra","Construction of community centers and community halls","WS/MP687/2025-2026/182081","RAIGAD(DISTRICT COLLECTOR RAIGAD_IDA)","Sunil Dattatray Tatkare","RAIGAD","14-Nov-2025","RAKESH RAJU MAGAR","Payment Success","1247446"
"1614","Maharashtra","Construction of common work sheds/ common covered sitting area","WS/MP687/2025-2026/182083","RAIGAD(DISTRICT COLLECTOR RAIGAD_IDA)","Sunil Dattatray Tatkare","RAIGAD","18-Feb-2026","Sarvesh Gajanan Chorge","Payment Success","350000"
"1615","Maharashtra","Development of public parks","WS/MP687/2025-2026/182084","RAIGAD(DISTRICT COLLECTOR RAIGAD_IDA)","Sunil Dattatray Tatkare","RAIGAD","30-Jun-2025","SIDDHESH GHANSHAM ADHIKARI","Payment Success","750000"
"1616","Maharashtra","Development of public parks","WS/MP687/2025-2026/182084","RAIGAD(DISTRICT COLLECTOR RAIGAD_IDA)","Sunil Dattatray Tatkare","RAIGAD","28-Jul-2025","SIDDHESH GHANSHAM ADHIKARI","Payment Success","747402"
"1617","Maharashtra","Construction of community centers and community halls","WS/MP687/2025-2026/182086","RAIGAD(DISTRICT COLLECTOR RAIGAD_IDA)","Sunil Dattatray Tatkare","RAIGAD","01-Jul-2025","SANJOG EKNATH MANKAR","Payment Success","1250000"
"1618","Maharashtra","Construction of community centers and community halls","WS/MP687/2025-2026/182086","RAIGAD(DISTRICT COLLECTOR RAIGAD_IDA)","Sunil Dattatray Tatkare","RAIGAD","08-Dec-2025","SANJOG EKNATH MANKAR","Payment Success","1246670"
"1619","Maharashtra","Construction of community centers and community halls","WS/MP687/2025-2026/182087","RAIGAD(DISTRICT COLLECTOR RAIGAD_IDA)","Sunil Dattatray Tatkare","RAIGAD","10-Jun-2025","Shubham Bhau Jagtap","Payment Success","400000"
"1620","Maharashtra","Construction of community centers and community halls","WS/MP687/2025-2026/182087","RAIGAD(DISTRICT COLLECTOR RAIGAD_IDA)","Sunil Dattatray Tatkare","RAIGAD","17-Oct-2025","Shubham Bhau Jagtap","Payment Success","349000"
"1621","Maharashtra","Construction of community centers and community halls","WS/MP687/2025-2026/182088","RAIGAD(DISTRICT COLLECTOR RAIGAD_IDA)","Sunil Dattatray Tatkare","RAIGAD","29-Jul-2025","VIVEK VINOD PAKHAD","Payment Success","750000"
"1622","Maharashtra","Construction of community centers and community halls","WS/MP687/2025-2026/182088","RAIGAD(DISTRICT COLLECTOR RAIGAD_IDA)","Sunil Dattatray Tatkare","RAIGAD","08-Apr-2026","VIVEK VINOD PAKHAD","Payment Success","747654"
"1623","Maharashtra","Construction of community centers and community halls","WS/MP687/2025-2026/182089","RAIGAD(DISTRICT COLLECTOR RAIGAD_IDA)","Sunil Dattatray Tatkare","RAIGAD","14-Jun-2025","VIVEK VINOD PAKHAD","Payment Success","500000"
"1624","Maharashtra","Construction of community centers and community halls","WS/MP687/2025-2026/182089","RAIGAD(DISTRICT COLLECTOR RAIGAD_IDA)","Sunil Dattatray Tatkare","RAIGAD","15-Oct-2025","VIVEK VINOD PAKHAD","Payment Success","499000"
"1625","Maharashtra","Construction of community centers and community halls","WS/MP687/2025-2026/182090","RAIGAD(DISTRICT COLLECTOR RAIGAD_IDA)","Sunil Dattatray Tatkare","RAIGAD","01-Jul-2025","Prathamesh Dilip Patil","Payment Success","1200000"
"1626","Maharashtra","Construction of community centers and community halls","WS/MP687/2025-2026/182094","RAIGAD(DISTRICT COLLECTOR RAIGAD_IDA)","Sunil Dattatray Tatkare","RAIGAD","17-Aug-2025","VIVEK VINOD PAKHAD","Payment Success","750000"
"1627","Maharashtra","Construction of community centers and community halls","WS/MP687/2025-2026/182094","RAIGAD(DISTRICT COLLECTOR RAIGAD_IDA)","Sunil Dattatray Tatkare","RAIGAD","18-Dec-2025","VIVEK VINOD PAKHAD","Payment Success","749000"
"1628","Maharashtra","Construction of community centers and community halls","WS/MP687/2025-2026/182096","RAIGAD(DISTRICT COLLECTOR RAIGAD_IDA)","Sunil Dattatray Tatkare","RAIGAD","22-Jul-2025","Amol Malu Lambore","Payment Success","350000"
"1629","Maharashtra","Construction of community centers and community halls","WS/MP687/2025-2026/182096","RAIGAD(DISTRICT COLLECTOR RAIGAD_IDA)","Sunil Dattatray Tatkare","RAIGAD","12-Jan-2026","Amol Malu Lambore","Payment Success","349000"
"1630","Maharashtra","Construction of community centers and community halls","WS/MP687/2025-2026/182099","RAIGAD(DISTRICT COLLECTOR RAIGAD_IDA)","Sunil Dattatray Tatkare","RAIGAD","13-Feb-2026","Rupesh Anant Durgavale","Payment Success","1221090"
"1631","Maharashtra","Construction of community centers and community halls","WS/MP687/2025-2026/182099","RAIGAD(DISTRICT COLLECTOR RAIGAD_IDA)","Sunil Dattatray Tatkare","RAIGAD","02-Apr-2026","Rupesh Anant Durgavale","Payment Success","1277910"
"1632","Maharashtra","Construction of community centers and community halls","WS/MP687/2025-2026/182566","RAIGAD(DISTRICT COLLECTOR RAIGAD_IDA)","Sunil Dattatray Tatkare","RAIGAD","17-Jun-2025","ABHISHEK RAMESH PATIL","Payment Success","1167628"
"1633","Maharashtra","Construction of community centers and community halls","WS/MP687/2025-2026/182566","RAIGAD(DISTRICT COLLECTOR RAIGAD_IDA)","Sunil Dattatray Tatkare","RAIGAD","11-Nov-2025","ABHISHEK RAMESH PATIL","Payment Success","1331372"
"1634","Maharashtra","Construction of community centers and community halls","WS/MP687/2025-2026/182567","RAIGAD(DISTRICT COLLECTOR RAIGAD_IDA)","Sunil Dattatray Tatkare","RAIGAD","25-Sep-2025","RASHIKA RAMBHAU DHUMAL","Payment Success","1000000"
"1635","Maharashtra","Construction of community centers and community halls","WS/MP687/2025-2026/182567","RAIGAD(DISTRICT COLLECTOR RAIGAD_IDA)","Sunil Dattatray Tatkare","RAIGAD","13-Jul-2026","RASHIKA RAMBHAU DHUMAL","Payment Success","993457"
"1636","Maharashtra","Construction of community centers and community halls","WS/MP687/2025-2026/182568","RAIGAD(DISTRICT COLLECTOR RAIGAD_IDA)","Sunil Dattatray Tatkare","RAIGAD","03-Sep-2025","KIRAN ANIL BHAGAT","Payment Success","350000"
"1637","Maharashtra","Construction of community centers and community halls","WS/MP687/2025-2026/182568","RAIGAD(DISTRICT COLLECTOR RAIGAD_IDA)","Sunil Dattatray Tatkare","RAIGAD","23-Mar-2026","KIRAN ANIL BHAGAT","Payment Success","349000"
"1638","Maharashtra","Construction of community centers and community halls","WS/MP687/2025-2026/182569","RAIGAD(DISTRICT COLLECTOR RAIGAD_IDA)","Sunil Dattatray Tatkare","RAIGAD","04-Sep-2025","RASHIKA RAMBHAU DHUMAL","Payment Success","1200000"
"1639","Maharashtra","Construction of community centers and community halls","WS/MP687/2025-2026/182569","RAIGAD(DISTRICT COLLECTOR RAIGAD_IDA)","Sunil Dattatray Tatkare","RAIGAD","13-Jul-2026","RASHIKA RAMBHAU DHUMAL","Payment Success","1293418"
"1640","Maharashtra","Construction of community centers and community halls","WS/MP687/2025-2026/182570","RAIGAD(DISTRICT COLLECTOR RAIGAD_IDA)","Sunil Dattatray Tatkare","RAIGAD","05-Jul-2025","RASHIKA RAMBHAU DHUMAL","Payment Success","1000000"
"1641","Maharashtra","Construction of community centers and community halls","WS/MP687/2025-2026/182570","RAIGAD(DISTRICT COLLECTOR RAIGAD_IDA)","Sunil Dattatray Tatkare","RAIGAD","20-Aug-2026","RASHIKA RAMBHAU DHUMAL","Payment Success","973574"
"1642","Maharashtra","Construction of community centers and community halls","WS/MP687/2025-2026/182571","RAIGAD(DISTRICT COLLECTOR RAIGAD_IDA)","Sunil Dattatray Tatkare","RAIGAD","01-Jul-2025","Amol Malu Lambore","Payment Success","500000"
"1643","Maharashtra","Construction of community centers and community halls","WS/MP687/2025-2026/182571","RAIGAD(DISTRICT COLLECTOR RAIGAD_IDA)","Sunil Dattatray Tatkare","RAIGAD","13-Nov-2025","Amol Malu Lambore","Payment Success","500000"
"1644","Maharashtra","Construction of community centers and community halls","WS/MP687/2025-2026/182572","RAIGAD(DISTRICT COLLECTOR RAIGAD_IDA)","Sunil Dattatray Tatkare","RAIGAD","17-Sep-2025","RIDDHI VILAS PATIL","Payment Success","500000"
"1645","Maharashtra","Construction of community centers and community halls","WS/MP687/2025-2026/182572","RAIGAD(DISTRICT COLLECTOR RAIGAD_IDA)","Sunil Dattatray Tatkare","RAIGAD","02-Jul-2026","RIDDHI VILAS PATIL","Payment Success","499000"
"1646","Maharashtra","Construction of community centers and community halls","WS/MP687/2025-2026/182573","RAIGAD(DISTRICT COLLECTOR RAIGAD_IDA)","Sunil Dattatray Tatkare","RAIGAD","11-Jun-2025","Rhutik Anant Dhene","Payment Success","400000"
"1647","Maharashtra","Construction of community centers and community halls","WS/MP687/2025-2026/182573","RAIGAD(DISTRICT COLLECTOR RAIGAD_IDA)","Sunil Dattatray Tatkare","RAIGAD","23-Jul-2025","Rhutik Anant Dhene","Payment Success","350000"
"1648","Maharashtra","Construction of community centers and community halls","WS/MP687/2025-2026/182574","RAIGAD(DISTRICT COLLECTOR RAIGAD_IDA)","Sunil Dattatray Tatkare","RAIGAD","17-Feb-2026","Abhishek Prakash Jain","Payment Success","750000"
"1649","Maharashtra","Construction of roads, link roads, pathways or any other road with or without drainage system","WS/MP18323/2025-2026/181800","LATUR(DISTRICT COLLECTOR LATUR_IDA)","DR KALGE SHIVAJI BANDAPPA","LATUR(SC)","17-Apr-2026","Grampanchyt Shivankhed Kh","Payment Success","999843"
"1650","Maharashtra","Construction of roads, link roads, pathways or any other road with or without drainage system","WS/MP18323/2025-2026/181820","LATUR(DISTRICT COLLECTOR LATUR_IDA)","DR KALGE SHIVAJI BANDAPPA","LATUR(SC)","05-Dec-2025","Grampanchayat Karyalay Vilegaon Tq Deoni","Payment Success","988936"
"1651","Maharashtra","Construction of community centers and community halls","WS/MP673/2026-2027/172568","LATUR(DISTRICT COLLECTOR LATUR_IDA)","Omprakash Bhupalsinh Alias Pawan Rajenimbalkar","OSMANABAD","18-Jul-2026","Grampanchayat Karyalaya Kininawre","Payment Success","287196"
"1652","Maharashtra","Construction of community centers and community halls","WS/MP673/2026-2027/203683","LATUR(DISTRICT COLLECTOR LATUR_IDA)","Omprakash Bhupalsinh Alias Pawan Rajenimbalkar","OSMANABAD","21-May-2026","Dnyaneshwar  Shinde","Payment Success","695987"
"1653","Maharashtra","Providing CCTV camera system for security of public areas","WS/MP18134/2025-2026/175361","SAHARSA(DISTRICT PLANNING OFFICER SAHARSA_IDA)","BHAUSAHEB RAJARAM WAKCHAURE","SHIRDI(SC)","27-Sep-2025","R K COMPUTER","Payment Success","198500"
"1654","Maharashtra","Construction of roads, link roads, pathways or any other road with or without drainage system","WS/MP18323/2026-2027/244809","LATUR(DISTRICT COLLECTOR LATUR_IDA)","DR KALGE SHIVAJI BANDAPPA","LATUR(SC)","30-Jun-2026","YELGATTE NAMDEV TUKARAM","Payment Success","999000"
"1655","Maharashtra","Construction of roads, link roads, pathways or any other road with or without drainage system","WS/MP18323/2026-2027/270930","LATUR(DISTRICT COLLECTOR LATUR_IDA)","DR KALGE SHIVAJI BANDAPPA","LATUR(SC)","22-Aug-2026","Kadubai Sidram Magasvargiya Majoor Sahakari S Limited Latur","Payment Success","499737"
"1656","Maharashtra","Construction of roads, link roads, pathways or any other road with or without drainage system","WS/MP681/2026-2027/257816","PARBHANI(DISTRICT COLLECTOR PARBHANI_IDA)","Sanjay Haribhau Jadhav","PARBHANI","11-Aug-2026","NITIN VISHNU SURWASE","Payment Success","699900"
"1657","Maharashtra","Construction of roads, link roads, pathways or any other road with or without drainage system","WS/MP681/2025-2026/255341","PARBHANI(DISTRICT COLLECTOR PARBHANI_IDA)","Sanjay Haribhau Jadhav","PARBHANI","18-Jun-2026","PANDURANG SITARAM BHALERAO","Payment Success","599674"
"1658","Maharashtra","Construction of roads, link roads, pathways or any other road with or without drainage system","WS/MP681/2025-2026/255342","PARBHANI(DISTRICT COLLECTOR PARBHANI_IDA)","Sanjay Haribhau Jadhav","PARBHANI","18-Jun-2026","PANDURANG SITARAM BHALERAO","Payment Success","999462"
"1659","Maharashtra","Construction of roads, link roads, pathways or any other road with or without drainage system","WS/MP681/2025-2026/251026","PARBHANI(DISTRICT COLLECTOR PARBHANI_IDA)","Sanjay Haribhau Jadhav","PARBHANI","04-May-2026","SHRIKANT BALASHEB KHATING PRO S B KHATING","Payment Success","495744"
"1660","Maharashtra","Construction of roads, link roads, pathways or any other road with or without drainage system","WS/MP681/2025-2026/251028","PARBHANI(DISTRICT COLLECTOR PARBHANI_IDA)","Sanjay Haribhau Jadhav","PARBHANI","04-May-2026","LALBAHADUR MAGAS VARGIY MAJOOR SAHAKARI SANTHA MARYA SELU","Payment Success","499735"
"1661","Maharashtra","Construction of community centers and community halls","WS/MP681/2024-2025/134797","PARBHANI(DISTRICT COLLECTOR PARBHANI_IDA)","Sanjay Haribhau Jadhav","PARBHANI","18-Jul-2025","AMBADAS MAROTRAO KADAM","Payment Success","997623"
"1662","Maharashtra","Construction of community centers and community halls","WS/MP681/2024-2025/134798","PARBHANI(DISTRICT COLLECTOR PARBHANI_IDA)","Sanjay Haribhau Jadhav","PARBHANI","20-Mar-2025","PRUTHIVRAJ PRAMOD BHAMBLE PRO PRUTHIVIRAJ BHAMBLE","Payment Success","998788"
"1663","Maharashtra","Construction of community centers and community halls","WS/MP681/2024-2025/134799","PARBHANI(DISTRICT COLLECTOR PARBHANI_IDA)","Sanjay Haribhau Jadhav","PARBHANI","18-Apr-2026","PRUTHIVRAJ PRAMOD BHAMBLE PRO PRUTHIVIRAJ BHAMBLE","Payment Success","999356"
"1664","Maharashtra","Construction of community centers and community halls","WS/MP681/2024-2025/134800","PARBHANI(DISTRICT COLLECTOR PARBHANI_IDA)","Sanjay Haribhau Jadhav","PARBHANI","13-Jul-2025","PRUTHIVRAJ PRAMOD BHAMBLE PRO PRUTHIVIRAJ BHAMBLE","Payment Success","999753"
"1665","Maharashtra","Construction of community centers and community halls","WS/MP681/2024-2025/134801","PARBHANI(DISTRICT COLLECTOR PARBHANI_IDA)","Sanjay Haribhau Jadhav","PARBHANI","23-Jun-2025","PRUTHIVRAJ PRAMOD BHAMBLE PRO PRUTHIVIRAJ BHAMBLE","Payment Success","999978"
"1666","Maharashtra","Construction of community centers and community halls","WS/MP681/2024-2025/134802","PARBHANI(DISTRICT COLLECTOR PARBHANI_IDA)","Sanjay Haribhau Jadhav","PARBHANI","18-Jul-2025","SACHIN VISHWANATHRAO RAUT","Payment Success","1493920"
"1667","Maharashtra","Construction of community centers and community halls","WS/MP681/2024-2025/134803","PARBHANI(DISTRICT COLLECTOR PARBHANI_IDA)","Sanjay Haribhau Jadhav","PARBHANI","04-May-2025","PRUTHIVRAJ PRAMOD BHAMBLE PRO PRUTHIVIRAJ BHAMBLE","Payment Success","999904"
"1668","Maharashtra","Construction of community centers and community halls","WS/MP681/2024-2025/134804","PARBHANI(DISTRICT COLLECTOR PARBHANI_IDA)","Sanjay Haribhau Jadhav","PARBHANI","21-Apr-2025","PRUTHIVRAJ PRAMOD BHAMBLE PRO PRUTHIVIRAJ BHAMBLE","Payment Success","999896"
"1669","Maharashtra","Construction of roads, link roads, pathways or any other road with or without drainage system","WS/MP681/2024-2025/143971","PARBHANI(DISTRICT COLLECTOR PARBHANI_IDA)","Sanjay Haribhau Jadhav","PARBHANI","30-Jul-2025","SHREE CONSTRUCTION PRO SHIRKANT VIKRAM GAIKWAD","Payment Success","498686"
"1670","Maharashtra","Construction of community centers and community halls","WS/MP681/2024-2025/143974","PARBHANI(DISTRICT COLLECTOR PARBHANI_IDA)","Sanjay Haribhau Jadhav","PARBHANI","07-Jul-2025","PANDURANG SITARAM BHALERAO","Payment Success","699926"
"1671","Maharashtra","Construction of roads, link roads, pathways or any other road with or without drainage system","WS/MP681/2024-2025/143975","PARBHANI(DISTRICT COLLECTOR PARBHANI_IDA)","Sanjay Haribhau Jadhav","PARBHANI","07-May-2025","SHANTANU VASUDEVRAO NAVGHARE","Payment Success","699957"
"1672","Maharashtra","Construction of roads, link roads, pathways or any other road with or without drainage system","WS/MP681/2024-2025/143976","PARBHANI(DISTRICT COLLECTOR PARBHANI_IDA)","Sanjay Haribhau Jadhav","PARBHANI","22-Apr-2025","PANDURANG SITARAM BHALERAO","Payment Success","699760"
"1673","Maharashtra","Construction of roads, link roads, pathways or any other road with or without drainage system","WS/MP681/2025-2026/143978","PARBHANI(DISTRICT COLLECTOR PARBHANI_IDA)","Sanjay Haribhau Jadhav","PARBHANI","05-Jan-2026","AKASH VIJAY KARALE","Payment Success","699809"
"1674","Maharashtra","Construction of roads, link roads, pathways or any other road with or without drainage system","WS/MP681/2024-2025/143979","PARBHANI(DISTRICT COLLECTOR PARBHANI_IDA)","Sanjay Haribhau Jadhav","PARBHANI","08-Sep-2025","Motiram Dattarao Bobade","Payment Success","699426"
"1675","Maharashtra","Construction of roads, link roads, pathways or any other road with or without drainage system","WS/MP681/2024-2025/143980","PARBHANI(DISTRICT COLLECTOR PARBHANI_IDA)","Sanjay Haribhau Jadhav","PARBHANI","08-Sep-2025","Motiram Dattarao Bobade","Payment Success","699603"
"1676","Maharashtra","Construction of roads, link roads, pathways or any other road with or without drainage system","WS/MP681/2024-2025/143981","PARBHANI(DISTRICT COLLECTOR PARBHANI_IDA)","Sanjay Haribhau Jadhav","PARBHANI","04-May-2025","Khaja Garib nawaz Majoor Co Op Soc Ltd","Payment Success","694100"
"1677","Maharashtra","Construction of roads, link roads, pathways or any other road with or without drainage system","WS/MP681/2024-2025/143982","PARBHANI(DISTRICT COLLECTOR PARBHANI_IDA)","Sanjay Haribhau Jadhav","PARBHANI","24-Apr-2025","IMRAN GULABKHA PATHAN","Payment Success","694100"
"1678","Maharashtra","Construction of roads, link roads, pathways or any other road with or without drainage system","WS/MP681/2024-2025/143983","PARBHANI(DISTRICT COLLECTOR PARBHANI_IDA)","Sanjay Haribhau Jadhav","PARBHANI","04-May-2025","Deeplaxmi construction Pro Dilip Rajebhau Kale","Payment Success","699851"
"1679","Maharashtra","Construction of roads, link roads, pathways or any other road with or without drainage system","WS/MP681/2024-2025/143809","PARBHANI(DISTRICT COLLECTOR PARBHANI_IDA)","Sanjay Haribhau Jadhav","PARBHANI","14-Dec-2025","SHIVKRUPA CONSTRUCTION PROP ADESH HANUMANT MUSTAPURE","Payment Success","999464"
"1680","Maharashtra","Construction of community centers and community halls","WS/MP681/2024-2025/145255","PARBHANI(DISTRICT COLLECTOR PARBHANI_IDA)","Sanjay Haribhau Jadhav","PARBHANI","15-Jun-2025","Pallavi harshal Darade","Payment Success","999768"
"1681","Maharashtra","Construction of community centers and community halls","WS/MP681/2024-2025/158411","PARBHANI(DISTRICT COLLECTOR PARBHANI_IDA)","Sanjay Haribhau Jadhav","PARBHANI","21-May-2026","SHREE CONSTRUCTION PROP SHIVRAJ GYANDEVRAO GUTTE","Payment Success","999965"
"1682","Maharashtra","Construction of roads, link roads, pathways or any other road with or without drainage system","WS/MP681/2024-2025/161539","PARBHANI(DISTRICT COLLECTOR PARBHANI_IDA)","Sanjay Haribhau Jadhav","PARBHANI","20-Mar-2025","QUADRI SAYYAD JALAL ALI AHAMAD","Payment Success","499500"
"1683","Maharashtra","Construction of roads, link roads, pathways or any other road with or without drainage system","WS/MP681/2024-2025/161563","PARBHANI(DISTRICT COLLECTOR PARBHANI_IDA)","Sanjay Haribhau Jadhav","PARBHANI","18-Jul-2025","AMBADAS MAROTRAO KADAM","Payment Success","699821"
"1684","Maharashtra","Construction of common work sheds/ common covered sitting area","WS/MP681/2024-2025/161565","PARBHANI(DISTRICT COLLECTOR PARBHANI_IDA)","Sanjay Haribhau Jadhav","PARBHANI","04-Feb-2026","ZUBER ALEEM SIDDIQUI","Payment Success","599968"
"1685","Maharashtra","Construction of roads, link roads, pathways or any other road with or without drainage system","WS/MP681/2024-2025/163047","PARBHANI(DISTRICT COLLECTOR PARBHANI_IDA)","Sanjay Haribhau Jadhav","PARBHANI","18-Aug-2025","RAJESH DNYANOBA NEVHAL","Payment Success","997697"
"1686","Maharashtra","Construction of community centers and community halls","WS/MP681/2024-2025/163049","PARBHANI(DISTRICT COLLECTOR PARBHANI_IDA)","Sanjay Haribhau Jadhav","PARBHANI","11-Jul-2025","SHRIKANT MOHANRAO BURANGE","Payment Success","999478"
"1687","Maharashtra","Crematoriums/energy efficient crematoriums or structures on burial/cremation ground","WS/MP681/2025-2026/163066","PARBHANI(DISTRICT COLLECTOR PARBHANI_IDA)","Sanjay Haribhau Jadhav","PARBHANI","02-Jul-2026","Omkareshwar Construction PRO DNYANOBA DHONDIRAM DHAS","Payment Success","888729"
"1688","Maharashtra","Lighting of public spaces","WS/MP18120/2025-2026/225800","ETAH(DISTRICT MAGISTRATE ETAH_IDA)","AASHTIKAR PATIL NAGESH BAPURAO","HINGOLI","11-Nov-2025","UTTAM VENTURES","Payment Success","176949"
"1689","Maharashtra","Lighting of public spaces","WS/MP18120/2025-2026/225800","ETAH(DISTRICT MAGISTRATE ETAH_IDA)","AASHTIKAR PATIL NAGESH BAPURAO","HINGOLI","05-Feb-2026","UTTAM VENTURES","Payment Success","63662"
"1690","Maharashtra","Lighting of public spaces","WS/MP18120/2025-2026/225801","ETAH(DISTRICT MAGISTRATE ETAH_IDA)","AASHTIKAR PATIL NAGESH BAPURAO","HINGOLI","11-Nov-2025","UTTAM VENTURES","Payment Success","176949"
"1691","Maharashtra","Lighting of public spaces","WS/MP18120/2025-2026/225801","ETAH(DISTRICT MAGISTRATE ETAH_IDA)","AASHTIKAR PATIL NAGESH BAPURAO","HINGOLI","05-Feb-2026","UTTAM VENTURES","Payment Success","63662"
"1692","Maharashtra","Lighting of public spaces","WS/MP18120/2025-2026/225802","ETAH(DISTRICT MAGISTRATE ETAH_IDA)","AASHTIKAR PATIL NAGESH BAPURAO","HINGOLI","11-Nov-2025","UTTAM VENTURES","Payment Success","176949"
"1693","Maharashtra","Lighting of public spaces","WS/MP18120/2025-2026/225802","ETAH(DISTRICT MAGISTRATE ETAH_IDA)","AASHTIKAR PATIL NAGESH BAPURAO","HINGOLI","05-Feb-2026","UTTAM VENTURES","Payment Success","63662"
"1694","Maharashtra","Lighting of public spaces","WS/MP18120/2025-2026/225803","ETAH(DISTRICT MAGISTRATE ETAH_IDA)","AASHTIKAR PATIL NAGESH BAPURAO","HINGOLI","11-Nov-2025","UTTAM VENTURES","Payment Success","176949"
"1695","Maharashtra","Lighting of public spaces","WS/MP18120/2025-2026/225803","ETAH(DISTRICT MAGISTRATE ETAH_IDA)","AASHTIKAR PATIL NAGESH BAPURAO","HINGOLI","05-Feb-2026","UTTAM VENTURES","Payment Success","63662"
"1696","Maharashtra","Lighting of public spaces","WS/MP18120/2025-2026/225804","ETAH(DISTRICT MAGISTRATE ETAH_IDA)","AASHTIKAR PATIL NAGESH BAPURAO","HINGOLI","11-Nov-2025","UTTAM VENTURES","Payment Success","176949"
"1697","Maharashtra","Lighting of public spaces","WS/MP18120/2025-2026/225804","ETAH(DISTRICT MAGISTRATE ETAH_IDA)","AASHTIKAR PATIL NAGESH BAPURAO","HINGOLI","05-Feb-2026","UTTAM VENTURES","Payment Success","63662"
"1698","Maharashtra","Lighting of public spaces","WS/MP18120/2025-2026/225805","ETAH(DISTRICT MAGISTRATE ETAH_IDA)","AASHTIKAR PATIL NAGESH BAPURAO","HINGOLI","11-Nov-2025","UTTAM VENTURES","Payment Success","176949"
"1699","Maharashtra","Lighting of public spaces","WS/MP18120/2025-2026/225805","ETAH(DISTRICT MAGISTRATE ETAH_IDA)","AASHTIKAR PATIL NAGESH BAPURAO","HINGOLI","05-Feb-2026","UTTAM VENTURES","Payment Success","63662"
"1700","Maharashtra","Lighting of public spaces","WS/MP18120/2025-2026/225806","ETAH(DISTRICT MAGISTRATE ETAH_IDA)","AASHTIKAR PATIL NAGESH BAPURAO","HINGOLI","11-Nov-2025","UTTAM VENTURES","Payment Success","176949"
"1701","Maharashtra","Lighting of public spaces","WS/MP18120/2025-2026/225806","ETAH(DISTRICT MAGISTRATE ETAH_IDA)","AASHTIKAR PATIL NAGESH BAPURAO","HINGOLI","05-Feb-2026","UTTAM VENTURES","Payment Success","63662"
"1702","Maharashtra","Lighting of public spaces","WS/MP18120/2025-2026/225807","ETAH(DISTRICT MAGISTRATE ETAH_IDA)","AASHTIKAR PATIL NAGESH BAPURAO","HINGOLI","11-Nov-2025","UTTAM VENTURES","Payment Success","176949"
"1703","Maharashtra","Lighting of public spaces","WS/MP18120/2025-2026/225807","ETAH(DISTRICT MAGISTRATE ETAH_IDA)","AASHTIKAR PATIL NAGESH BAPURAO","HINGOLI","05-Feb-2026","UTTAM VENTURES","Payment Success","63662"
"1704","Maharashtra","Lighting of public spaces","WS/MP18120/2025-2026/225808","ETAH(DISTRICT MAGISTRATE ETAH_IDA)","AASHTIKAR PATIL NAGESH BAPURAO","HINGOLI","11-Nov-2025","UTTAM VENTURES","Payment Success","176949"
"1705","Maharashtra","Lighting of public spaces","WS/MP18120/2025-2026/225808","ETAH(DISTRICT MAGISTRATE ETAH_IDA)","AASHTIKAR PATIL NAGESH BAPURAO","HINGOLI","05-Feb-2026","UTTAM VENTURES","Payment Success","63662"
"1706","Maharashtra","Lighting of public spaces","WS/MP18120/2025-2026/225809","ETAH(DISTRICT MAGISTRATE ETAH_IDA)","AASHTIKAR PATIL NAGESH BAPURAO","HINGOLI","11-Nov-2025","UTTAM VENTURES","Payment Success","176949"
"1707","Maharashtra","Lighting of public spaces","WS/MP18120/2025-2026/225809","ETAH(DISTRICT MAGISTRATE ETAH_IDA)","AASHTIKAR PATIL NAGESH BAPURAO","HINGOLI","05-Feb-2026","UTTAM VENTURES","Payment Success","63662"
"1708","Maharashtra","Lighting of public spaces","WS/MP18120/2025-2026/225810","ETAH(DISTRICT MAGISTRATE ETAH_IDA)","AASHTIKAR PATIL NAGESH BAPURAO","HINGOLI","11-Nov-2025","UTTAM VENTURES","Payment Success","176949"
"1709","Maharashtra","Lighting of public spaces","WS/MP18120/2025-2026/225810","ETAH(DISTRICT MAGISTRATE ETAH_IDA)","AASHTIKAR PATIL NAGESH BAPURAO","HINGOLI","05-Feb-2026","UTTAM VENTURES","Payment Success","63662"
"1710","Maharashtra","Lighting of public spaces","WS/MP18120/2025-2026/225811","ETAH(DISTRICT MAGISTRATE ETAH_IDA)","AASHTIKAR PATIL NAGESH BAPURAO","HINGOLI","11-Nov-2025","UTTAM VENTURES","Payment Success","176949"
"1711","Maharashtra","Lighting of public spaces","WS/MP18120/2025-2026/225811","ETAH(DISTRICT MAGISTRATE ETAH_IDA)","AASHTIKAR PATIL NAGESH BAPURAO","HINGOLI","05-Feb-2026","UTTAM VENTURES","Payment Success","63662"
"1712","Maharashtra","Lighting of public spaces","WS/MP18120/2025-2026/225812","ETAH(DISTRICT MAGISTRATE ETAH_IDA)","AASHTIKAR PATIL NAGESH BAPURAO","HINGOLI","11-Nov-2025","UTTAM VENTURES","Payment Success","176949"
"1713","Maharashtra","Lighting of public spaces","WS/MP18120/2025-2026/225812","ETAH(DISTRICT MAGISTRATE ETAH_IDA)","AASHTIKAR PATIL NAGESH BAPURAO","HINGOLI","05-Feb-2026","UTTAM VENTURES","Payment Success","63662"
"1714","Maharashtra","Construction of community centers and community halls","WS/MP681/2024-2025/134805","PARBHANI(DISTRICT COLLECTOR PARBHANI_IDA)","Sanjay Haribhau Jadhav","PARBHANI","07-Feb-2025","santosh sharadrao bende","Payment Success","999711"
"1715","Maharashtra","Construction of roads, link roads, pathways or any other road with or without drainage system","WS/MP18136/2025-2026/165205","WARDHA(DISTRICT COLLECTOR WARDHA_IDA)","AMAR SHARADRAO KALE","WARDHA","25-Jun-2026","Shree Sainath Construction","Payment Success","530688"
"1716","Maharashtra","Construction of roads, link roads, pathways or any other road with or without drainage system","WS/MP18136/2025-2026/165206","WARDHA(DISTRICT COLLECTOR WARDHA_IDA)","AMAR SHARADRAO KALE","WARDHA","25-Jun-2026","Shree Sainath Construction","Payment Success","687849"
"1717","Maharashtra","Construction of community centers and community halls","WS/MP18136/2025-2026/165207","WARDHA(DISTRICT COLLECTOR WARDHA_IDA)","AMAR SHARADRAO KALE","WARDHA","07-May-2026","President Pragati Majoor Sahakari Sanstha Ltd","Payment Success","1869606"
"1718","Maharashtra","Construction of community centers and community halls","WS/MP18136/2025-2026/165240","WARDHA(DISTRICT COLLECTOR WARDHA_IDA)","AMAR SHARADRAO KALE","WARDHA","19-Mar-2026","Ajay Subhashrao Ghavghave","Payment Success","994179"
"1719","Maharashtra","Construction of roads, link roads, pathways or any other road with or without drainage system","WS/MP18136/2025-2026/165241","WARDHA(DISTRICT COLLECTOR WARDHA_IDA)","AMAR SHARADRAO KALE","WARDHA","13-Nov-2025","Ajay Subhashrao Ghavghave","Payment Success","697946"
"1720","Maharashtra","Construction of roads, link roads, pathways or any other road with or without drainage system","WS/MP18136/2025-2026/165242","WARDHA(DISTRICT COLLECTOR WARDHA_IDA)","AMAR SHARADRAO KALE","WARDHA","13-Nov-2025","Ajay Subhashrao Ghavghave","Payment Success","250000"
"1721","Maharashtra","Construction of roads, link roads, pathways or any other road with or without drainage system","WS/MP18136/2025-2026/165243","WARDHA(DISTRICT COLLECTOR WARDHA_IDA)","AMAR SHARADRAO KALE","WARDHA","13-Nov-2025","Ajay Subhashrao Ghavghave","Payment Success","745384"
"1722","Maharashtra","Construction of roads, link roads, pathways or any other road with or without drainage system","WS/MP18136/2025-2026/165244","WARDHA(DISTRICT COLLECTOR WARDHA_IDA)","AMAR SHARADRAO KALE","WARDHA","13-Nov-2025","Ajay Subhashrao Ghavghave","Payment Success","598131"
"1723","Maharashtra","Construction of roads, link roads, pathways or any other road with or without drainage system","WS/MP18136/2025-2026/165692","WARDHA(DISTRICT COLLECTOR WARDHA_IDA)","AMAR SHARADRAO KALE","WARDHA","08-Oct-2025","UTKARSH UNEEMPLOYED ENGINEERS SEVA CO-OP SOCIETY","Payment Success","946131"
"1724","Maharashtra","Construction of roads, link roads, pathways or any other road with or without drainage system","WS/MP18136/2025-2026/165694","WARDHA(DISTRICT COLLECTOR WARDHA_IDA)","AMAR SHARADRAO KALE","WARDHA","14-Nov-2025","FOR PRESIDENT VIJAY MAJOOR SAHAKARI SANSTHA","Payment Success","1195809"
"1725","Maharashtra","Construction of roads, link roads, pathways or any other road with or without drainage system","WS/MP18136/2025-2026/167487","WARDHA(DISTRICT COLLECTOR WARDHA_IDA)","AMAR SHARADRAO KALE","WARDHA","19-Sep-2025","PRATIK VINODRAO MANIKPURE","Payment Success","1000000"
"1726","Maharashtra","Construction of roads, link roads, pathways or any other road with or without drainage system","WS/MP18136/2025-2026/167489","WARDHA(DISTRICT COLLECTOR WARDHA_IDA)","AMAR SHARADRAO KALE","WARDHA","29-Aug-2025","TUSHAR DNYANESHWAR JOMDE","Payment Success","1000000"
"1727","Maharashtra","Construction of roads, link roads, pathways or any other road with or without drainage system","WS/MP18136/2025-2026/167490","WARDHA(DISTRICT COLLECTOR WARDHA_IDA)","AMAR SHARADRAO KALE","WARDHA","30-Jan-2026","TUSHAR DNYANESHWAR JOMDE","Payment Success","998218"
"1728","Maharashtra","Construction of roads, link roads, pathways or any other road with or without drainage system","WS/MP18136/2025-2026/167491","WARDHA(DISTRICT COLLECTOR WARDHA_IDA)","AMAR SHARADRAO KALE","WARDHA","23-Mar-2026","PRATIK VINODRAO MANIKPURE","Payment Success","964353"
"1729","Maharashtra","Construction of roads, link roads, pathways or any other road with or without drainage system","WS/MP18136/2025-2026/167492","WARDHA(DISTRICT COLLECTOR WARDHA_IDA)","AMAR SHARADRAO KALE","WARDHA","19-Sep-2025","PRATIK VINODRAO MANIKPURE","Payment Success","700000"
"1730","Maharashtra","Construction of roads, link roads, pathways or any other road with or without drainage system","WS/MP18136/2025-2026/167493","WARDHA(DISTRICT COLLECTOR WARDHA_IDA)","AMAR SHARADRAO KALE","WARDHA","30-Jan-2026","TUSHAR DNYANESHWAR JOMDE","Payment Success","998950"
"Grand Total"," "," "," "," "," "," "," "," "," ","1,48,23,64,083"