payment_id,work_id,state,ida,mp_name,constituency,work_type,payment_date,vendor_name,payment_status,amount_disbursed_inr,source_system
PAY-00001,WS/MP673/2026-2027/163702,Maharashtra,LATUR(DISTRICT COLLECTOR LATUR_IDA),Omprakash Bhupalsinh Alias Pawan Rajenimbalkar,OSMANABAD,Construction of community centers and community halls,2026-09-02,Rajiv Majur Sah So Ltd,Payment In-Progress,666167.0,MPLADS eSAKSHI Public Dashboard
PAY-00002,WS/MP673/2026-2027/182071,Maharashtra,Dharashiv(DISTRICT COLLECTOR OSMANABAD_IDA),Omprakash Bhupalsinh Alias Pawan Rajenimbalkar,OSMANABAD,Construction of community centers and community halls,2026-09-04,Rohini Majur Saha Sanstha Limited Khuntewadi,Payment In-Progress,695930.0,MPLADS eSAKSHI Public Dashboard
PAY-00003,WS/MP18323/2026-2027/146717,Maharashtra,LATUR(DISTRICT COLLECTOR LATUR_IDA),DR KALGE SHIVAJI BANDAPPA,LATUR(SC),Crematoriums/energy efficient crematoriums or structures on burial/cremation ground,2026-08-24,Bhimashankar Majur Sahkari Sanstha Maryadit,Payment In-Progress,794104.0,MPLADS eSAKSHI Public Dashboard
PAY-00004,WS/MP18136/2026-2027/273905,Maharashtra,WARDHA(DISTRICT COLLECTOR WARDHA_IDA),AMAR SHARADRAO KALE,WARDHA,"Construction of roads, link roads, pathways or any other road with or without drainage system",2026-09-07,KASIF KHAN PATHAN,Payment In-Progress,884556.0,MPLADS eSAKSHI Public Dashboard
PAY-00005,WS/MP18136/2026-2027/195290,Maharashtra,WARDHA(DISTRICT COLLECTOR WARDHA_IDA),AMAR SHARADRAO KALE,WARDHA,"Construction of roads, link roads, pathways or any other road with or without drainage system",2026-09-04,President pulgaon MKSSS Ltd Pulgaon,Payment In-Progress,1000000.0,MPLADS eSAKSHI Public Dashboard
PAY-00006,WS/MP685/2026-2027/159572,Maharashtra,RAIGAD(DISTRICT COLLECTOR RAIGAD_IDA),Shrirang Appa Barne,MAVAL,"Construction of roads, link roads, pathways or any other road with or without drainage system",2026-09-07,Vinayak Vilas sawant,Payment In-Progress,500000.0,MPLADS eSAKSHI Public Dashboard
PAY-00007,WS/MP692/2026-2027/290006,Maharashtra,PUNE(DISTRICT COLLECTOR PUNE_IDA),Smt Supriya Sadanand Sule,BARAMATI,Construction of common work sheds/ common covered sitting area,2026-08-28,SAMARTHA ENTERPRISES,Payment In-Progress,996501.0,MPLADS eSAKSHI Public Dashboard
PAY-00008,WS/MP685/2026-2027/246450,Maharashtra,RAIGAD(DISTRICT COLLECTOR RAIGAD_IDA),Shrirang Appa Barne,MAVAL,"Construction of roads, link roads, pathways or any other road with or without drainage system",2026-09-01,Runali Rajendra Birje,Payment In-Progress,500000.0,MPLADS eSAKSHI Public Dashboard
PAY-00009,WS/MP692/2026-2027/183341,Maharashtra,PUNE(DISTRICT COLLECTOR PUNE_IDA),Smt Supriya Sadanand Sule,BARAMATI,"Construction of roads, link roads, pathways or any other road with or without drainage system",2026-08-28,SAMARTHA ENTERPRISES,Payment In-Progress,998723.0,MPLADS eSAKSHI Public Dashboard
PAY-00010,WS/MP18112/2025-2026/233018,Maharashtra,AMRAVATI(DISTRICT COLLECTOR AMRAVATI_IDA),BALWANT BASWANT WANKHADE,AMRAVATI(SC),Construction of boundary walls of existing public and community buildings,2026-09-08,RAKESH KUNJILAL ZADKHANDE,Payment In-Progress,979662.0,MPLADS eSAKSHI Public Dashboard
PAY-00011,WS/MP18429/2026-2027/247336,Maharashtra,NANDED(DISTRICT COLLECTOR NANDED_IDA),Ravindra Vasantrao Chavan,NANDED,"Construction of roads, link roads, pathways or any other road with or without drainage system",2026-08-27,GRAM PANCHAYAT KARYALAYA JAKAPUR TQ KANDHAR,Payment In-Progress,494000.0,MPLADS eSAKSHI Public Dashboard
PAY-00012,WS/MP18429/2026-2027/249341,Maharashtra,NANDED(DISTRICT COLLECTOR NANDED_IDA),Ravindra Vasantrao Chavan,NANDED,"Construction of roads, link roads, pathways or any other road with or without drainage system",2026-09-02,GRAM PANCHAYAT KARYALAYA WADI BK NANDED,Payment In-Progress,994388.0,MPLADS eSAKSHI Public Dashboard
PAY-00013,WS/MP673/2026-2027/210710,Maharashtra,LATUR(DISTRICT COLLECTOR LATUR_IDA),Omprakash Bhupalsinh Alias Pawan Rajenimbalkar,OSMANABAD,Construction of community centers and community halls,2026-08-25,Rajiv Majur Sah So Ltd,Payment In-Progress,697773.0,MPLADS eSAKSHI Public Dashboard
PAY-00014,WS/MP692/2026-2027/250950,Maharashtra,PUNE(DISTRICT COLLECTOR PUNE_IDA),Smt Supriya Sadanand Sule,BARAMATI,"Construction of roads, link roads, pathways or any other road with or without drainage system",2026-09-03,MAYUR GANPAT UBHE,Payment In-Progress,1000000.0,MPLADS eSAKSHI Public Dashboard
PAY-00015,WS/MP18111/2026-2027/269012,Maharashtra,AKOLA(DISTRICT COLLECTOR AKOLA_IDA),ANUP SANJAY DHOTRE,AKOLA,"Construction of roads, link roads, pathways or any other road with or without drainage system",2026-09-07,GRAMPANCHAYAT LAMKANI,Payment In-Progress,970928.0,MPLADS eSAKSHI Public Dashboard
PAY-00016,WS/MP18112/2026-2027/252259,Maharashtra,AMRAVATI(DISTRICT COLLECTOR AMRAVATI_IDA),BALWANT BASWANT WANKHADE,AMRAVATI(SC),"Construction of roads, link roads, pathways or any other road with or without drainage system",2026-09-02,ALOK SHRIPATRAO PARDE,Payment In-Progress,595584.0,MPLADS eSAKSHI Public Dashboard
PAY-00017,WS/MP18112/2025-2026/258223,Maharashtra,AMRAVATI(DISTRICT COLLECTOR AMRAVATI_IDA),BALWANT BASWANT WANKHADE,AMRAVATI(SC),Construction of community centers and community halls,2026-08-24,JWALAMUKHI JAGDAMBA MAJUR KAMGAR SAHAKARI SANSTHA,Payment In-Progress,970281.0,MPLADS eSAKSHI Public Dashboard
PAY-00018,WS/MP18123/2026-2027/224476,Maharashtra,KOLHAPUR(DISTRICT COLLECTOR KOLHAPUR_IDA),CHHATRAPATI SHAHU SHAHAJI,KOLHAPUR,Construction of buildings for community cultural activities,2026-09-07,Dayanand Suresh Savardekar,Payment In-Progress,998137.0,MPLADS eSAKSHI Public Dashboard
PAY-00019,WS/MP18117/2025-2026/170729,Maharashtra,NASHIK(DISTRICT COLLECTOR NASHIK_IDA),BACHHAV SHOBHA DINESH,DHULE,"Construction of roads, link roads, pathways or any other road with or without drainage system",2026-09-01,HARISH ARUN KALE,Payment In-Progress,1000000.0,MPLADS eSAKSHI Public Dashboard
PAY-00020,WS/MP18117/2025-2026/170768,Maharashtra,NASHIK(DISTRICT COLLECTOR NASHIK_IDA),BACHHAV SHOBHA DINESH,DHULE,"Construction of roads, link roads, pathways or any other road with or without drainage system",2026-09-01,ADITYA PRAKASH PATIL,Payment In-Progress,996000.0,MPLADS eSAKSHI Public Dashboard
PAY-00021,WS/MP18127/2025-2026/253703,Maharashtra,NASHIK(DISTRICT COLLECTOR NASHIK_IDA),RAJABHAU,NASHIK,Construction of community centers and community halls,2026-09-03,NILESH KISAN AVHAD,Payment In-Progress,987268.0,MPLADS eSAKSHI Public Dashboard
PAY-00022,WS/MP18127/2025-2026/253704,Maharashtra,NASHIK(DISTRICT COLLECTOR NASHIK_IDA),RAJABHAU,NASHIK,Crematoriums/energy efficient crematoriums or structures on burial/cremation ground,2026-09-03,NILESH KISAN AVHAD,Payment In-Progress,986737.0,MPLADS eSAKSHI Public Dashboard
PAY-00023,WS/MP18127/2026-2027/253706,Maharashtra,NASHIK(DISTRICT COLLECTOR NASHIK_IDA),RAJABHAU,NASHIK,Construction of community centers and community halls,2026-09-01,TRAMBAKRAJ KRUPA MAJUR BANDHAKAM SAH SANSTHA MARYA PIMPALAJ,Payment In-Progress,989000.0,MPLADS eSAKSHI Public Dashboard
PAY-00024,WS/MP18116/2025-2026/213032,Maharashtra,THANE(DISTRICT COLLECTOR THANE_IDA),BALYA MAMA SURESH GOPINATH MHATRE,BHIWANDI,Construction of community centers and community halls,2026-08-26,yashraj kashinath pashte,Payment In-Progress,989052.0,MPLADS eSAKSHI Public Dashboard
PAY-00025,WS/MP18111/2026-2027/276690,Maharashtra,AKOLA(DISTRICT COLLECTOR AKOLA_IDA),ANUP SANJAY DHOTRE,AKOLA,"Construction of roads, link roads, pathways or any other road with or without drainage system",2026-09-03,GRAM PANCHAYAT KANZARA 14TH FINANCE COMMISSION,Payment In-Progress,976283.0,MPLADS eSAKSHI Public Dashboard
PAY-00026,WS/MP18136/2026-2027/278484,Maharashtra,AMRAVATI(DISTRICT COLLECTOR AMRAVATI_IDA),AMAR SHARADRAO KALE,WARDHA,Construction of community centers and community halls,2026-09-07,MS GRAM NIDHI GP NANDGAON,Payment In-Progress,1027623.0,MPLADS eSAKSHI Public Dashboard
PAY-00027,WS/MP18111/2026-2027/269033,Maharashtra,AKOLA(DISTRICT COLLECTOR AKOLA_IDA),ANUP SANJAY DHOTRE,AKOLA,"Construction of roads, link roads, pathways or any other road with or without drainage system",2026-09-03,Gram panchayat parabhavai,Payment In-Progress,983250.0,MPLADS eSAKSHI Public Dashboard
PAY-00028,WS/MP18116/2025-2026/235824,Maharashtra,THANE(DISTRICT COLLECTOR THANE_IDA),BALYA MAMA SURESH GOPINATH MHATRE,BHIWANDI,Construction of bus-sheds or bus-stops,2026-08-25,Bubere and Associates,Payment In-Progress,988136.0,MPLADS eSAKSHI Public Dashboard
PAY-00029,WS/MP18116/2025-2026/248386,Maharashtra,THANE(DISTRICT COLLECTOR THANE_IDA),BALYA MAMA SURESH GOPINATH MHATRE,BHIWANDI,"Construction of roads, link roads, pathways or any other road with or without drainage system",2026-08-25,Hindustan Enterprises,Payment In-Progress,1484041.0,MPLADS eSAKSHI Public Dashboard
PAY-00030,WS/MP18116/2026-2027/232150,Maharashtra,THANE(DISTRICT COLLECTOR THANE_IDA),BALYA MAMA SURESH GOPINATH MHATRE,BHIWANDI,Construction of buildings for multi-gym,2026-08-13,DHANSHREE GANGARAM PATIL,Payment In-Progress,2447691.0,MPLADS eSAKSHI Public Dashboard
PAY-00031,WS/MP18131/2026-2027/188627,Maharashtra,SINDHUDURG(DISTRICT COLLECTOR SINDHUDURG_IDA),NARAYAN TATU RANE,RATNAGIRI-SINDHUDURG,"Construction of roads, link roads, pathways or any other road with or without drainage system",2026-09-04,Manoj Madhukar Waingankar,Payment In-Progress,496905.0,MPLADS eSAKSHI Public Dashboard
PAY-00032,WS/MP18307/2025-2026/143608,Maharashtra,MUMBAI SUBURBAN(DISTRICT COLLECTOR MUMBAI SUBURBAN_IDA),Piyush Vedprakash Goyal,MUMBAI NORTH,Construction of public toilets and bathrooms,2026-08-19,Jai Hanuman Co Op Lcs Ltd,Payment In-Progress,1998482.0,MPLADS eSAKSHI Public Dashboard
PAY-00033,WS/MP18307/2025-2026/143610,Maharashtra,MUMBAI SUBURBAN(DISTRICT COLLECTOR MUMBAI SUBURBAN_IDA),Piyush Vedprakash Goyal,MUMBAI NORTH,"Construction of roads, link roads, pathways or any other road with or without drainage system",2026-08-19,Shivneri Coop Labour Society ltd,Payment In-Progress,1498861.0,MPLADS eSAKSHI Public Dashboard
PAY-00034,WS/MP18116/2025-2026/213831,Maharashtra,THANE(DISTRICT COLLECTOR THANE_IDA),BALYA MAMA SURESH GOPINATH MHATRE,BHIWANDI,Construction of public toilets and bathrooms,2026-09-02,Hindustan Enterprises,Payment In-Progress,1494508.0,MPLADS eSAKSHI Public Dashboard
PAY-00035,WS/MP18307/2025-2026/146575,Maharashtra,MUMBAI SUBURBAN(DISTRICT COLLECTOR MUMBAI SUBURBAN_IDA),Piyush Vedprakash Goyal,MUMBAI NORTH,"Construction of roads, link roads, pathways or any other road with or without drainage system",2026-08-19,RENUKA CO OP LABOUR SOCIETY LIMITED,Payment In-Progress,1998482.0,MPLADS eSAKSHI Public Dashboard
PAY-00036,WS/MP18124/2025-2026/226103,Maharashtra,MUMBAI SUBURBAN(DISTRICT COLLECTOR MUMBAI SUBURBAN_IDA),GAIKWAD VARSHA EKNATH,MUMBAI NORTH-CENTRAL,"Construction of roads, link roads, pathways or any other road with or without drainage system",2026-08-06,Utkasharsha Majoor Sahakaari Sanstha Maryadit,Payment In-Progress,1798633.0,MPLADS eSAKSHI Public Dashboard
PAY-00037,WS/MP18117/2025-2026/164385,Maharashtra,DHULE(DISTRICT COLLECTOR DHULE_IDA),BACHHAV SHOBHA DINESH,DHULE,"Construction of roads, link roads, pathways or any other road with or without drainage system",2026-09-03,tushar satish rawale,Payment In-Progress,992586.0,MPLADS eSAKSHI Public Dashboard
PAY-00038,WS/MP18117/2025-2026/164393,Maharashtra,DHULE(DISTRICT COLLECTOR DHULE_IDA),BACHHAV SHOBHA DINESH,DHULE,Construction of community centers and community halls,2026-09-07,tushar satish rawale,Payment In-Progress,987617.0,MPLADS eSAKSHI Public Dashboard
PAY-00039,WS/MP18134/2025-2026/182075,Maharashtra,Ahilyanagar(DISTRICT COLLECTOR AHMEDNAGAR_IDA),BHAUSAHEB RAJARAM WAKCHAURE,SHIRDI(SC),Construction of water tanks,2026-09-03,MALUNJA BDK WADR MAJUR SAH SANSTHA MAR YADIT,Payment In-Progress,494236.0,MPLADS eSAKSHI Public Dashboard
PAY-00040,WS/MP18128/2026-2027/217790,Maharashtra,PALGHAR(DISTRICT COLLECTOR PALGHAR_IDA),DR. HEMANT VISHNU SAVARA,PALGHAR(ST),Construction of community centers and community halls,2026-09-07,JAY SHREE KRUSHNA MAJUR KAMGAR SANSTHA,Payment In-Progress,992376.0,MPLADS eSAKSHI Public Dashboard
PAY-00041,WS/MP18115/2026-2027/186643,Maharashtra,GONDIA(DISTRICT COLLECTOR GONDIA_IDA),DR. PRASHANT YADAORAO PADOLE,BHANDARA-GONDIYA,Construction of community centers and community halls,2026-09-03,GRAM PANCHAYAT GONDMOHADI,Payment In-Progress,696799.0,MPLADS eSAKSHI Public Dashboard
PAY-00042,WS/MP18308/2025-2026/145430,Maharashtra,MUMBAI SUBURBAN(DISTRICT COLLECTOR MUMBAI SUBURBAN_IDA),RAVINDRA DATTARAM WAIKAR,MUMBAI NORTH WEST,Construction of community centers and community halls,2026-08-04,Mahendra Jagannath Lokhande,Payment In-Progress,1998481.0,MPLADS eSAKSHI Public Dashboard
PAY-00043,WS/MP18307/2025-2026/143603,Maharashtra,MUMBAI SUBURBAN(DISTRICT COLLECTOR MUMBAI SUBURBAN_IDA),Piyush Vedprakash Goyal,MUMBAI NORTH,"Construction of roads, link roads, pathways or any other road with or without drainage system",2026-08-19,Jaya Lcs Ltd,Payment In-Progress,2498104.0,MPLADS eSAKSHI Public Dashboard
PAY-00044,WS/MP18124/2025-2026/225837,Maharashtra,MUMBAI SUBURBAN(DISTRICT COLLECTOR MUMBAI SUBURBAN_IDA),GAIKWAD VARSHA EKNATH,MUMBAI NORTH-CENTRAL,Construction of community centers and community halls,2026-08-03,kalpesh vasant vichare,Payment In-Progress,1498862.0,MPLADS eSAKSHI Public Dashboard
PAY-00045,WS/MP18361/2025-2026/219023,Maharashtra,MUMBAI SUBURBAN(DISTRICT COLLECTOR MUMBAI SUBURBAN_IDA),SANJAY DINA PATIL,MUMBAI NORTH EAST,Construction of public toilets and bathrooms,2026-08-07,anurag urban tecinfra pvt ltd,Payment In-Progress,2597093.0,MPLADS eSAKSHI Public Dashboard
PAY-00046,WS/MP18308/2025-2026/262892,Maharashtra,MUMBAI SUBURBAN(DISTRICT COLLECTOR MUMBAI SUBURBAN_IDA),RAVINDRA DATTARAM WAIKAR,MUMBAI NORTH WEST,Providing drains and gutters for public drainage,2026-08-04,RAJ DINESH PANDIRKAR,Payment In-Progress,1500000.0,MPLADS eSAKSHI Public Dashboard
PAY-00047,WS/MP18308/2025-2026/244678,Maharashtra,MUMBAI SUBURBAN(DISTRICT COLLECTOR MUMBAI SUBURBAN_IDA),RAVINDRA DATTARAM WAIKAR,MUMBAI NORTH WEST,Crematoriums/energy efficient crematoriums or structures on burial/cremation ground,2026-08-03,Padmawati Mssm,Payment In-Progress,2498103.0,MPLADS eSAKSHI Public Dashboard
PAY-00048,WS/MP18132/2025-2026/177745,Maharashtra,SANGLI(DISTRICT COLLECTOR SANGLI_IDA),VISHAL,SANGLI,Construction of buildings for community cultural activities,2026-09-01,OMKAR MAHESH KULKARNI,Payment In-Progress,999000.0,MPLADS eSAKSHI Public Dashboard
PAY-00049,WS/MP18429/2026-2027/242465,Maharashtra,NANDED(DISTRICT COLLECTOR NANDED_IDA),Ravindra Vasantrao Chavan,NANDED,Street lights,2026-09-08,DWIJESH ELECTRICALS NANDED,Payment In-Progress,699923.0,MPLADS eSAKSHI Public Dashboard
PAY-00050,WS/MP673/2026-2027/225939,Maharashtra,SOLAPUR(DISTRICT COLLECTOR SOLAPUR_IDA),Omprakash Bhupalsinh Alias Pawan Rajenimbalkar,OSMANABAD,"Construction of roads, link roads, pathways or any other road with or without drainage system",2026-08-14,CHAIRMAN MAHALAXMI MAJUR SAHKARI SANSTHA LTD WANEWADI TAL BARSHI,Payment In-Progress,993405.0,MPLADS eSAKSHI Public Dashboard
PAY-00051,WS/MP18131/2026-2027/276000,Maharashtra,SINDHUDURG(DISTRICT COLLECTOR SINDHUDURG_IDA),NARAYAN TATU RANE,RATNAGIRI-SINDHUDURG,"Construction of roads, link roads, pathways or any other road with or without drainage system",2026-09-07,Abhishek Gopal Dicholkar,Payment In-Progress,500000.0,MPLADS eSAKSHI Public Dashboard
PAY-00052,WS/MP18132/2025-2026/179004,Maharashtra,SANGLI(DISTRICT COLLECTOR SANGLI_IDA),VISHAL,SANGLI,Construction of buildings for community cultural activities,2026-09-02,SIDHNATH MAJUR SAHA SANSTHA S,Payment In-Progress,795187.0,MPLADS eSAKSHI Public Dashboard
PAY-00053,WS/MP18429/2026-2027/244548,Maharashtra,NANDED(DISTRICT COLLECTOR NANDED_IDA),Ravindra Vasantrao Chavan,NANDED,"Construction of roads, link roads, pathways or any other road with or without drainage system",2026-09-02,Shri Madhav Khanduji Deoke,Payment In-Progress,699930.0,MPLADS eSAKSHI Public Dashboard
PAY-00054,WS/MP18115/2026-2027/186422,Maharashtra,BHANDARA(DISTRICT COLLECTOR BHANDARA_IDA),DR. PRASHANT YADAORAO PADOLE,BHANDARA-GONDIYA,"Construction of roads, link roads, pathways or any other road with or without drainage system",2026-09-07,GRAM PANCHAYAT KHAIRI BE,Payment In-Progress,695359.0,MPLADS eSAKSHI Public Dashboard
PAY-00055,WS/MP18376/2026-2027/197847,Maharashtra,MUMBAI(DISTRICT COLLECTOR MUMBAI CITY_IDA),ANIL YESHWANT DESAI,MUMBAI SOUTH CENTRAL,"Construction of roads, link roads, pathways or any other road with or without drainage system",2026-09-08,Kamal Enterprises,Payment In-Progress,2498104.0,MPLADS eSAKSHI Public Dashboard
PAY-00056,WS/MP18376/2026-2027/197848,Maharashtra,MUMBAI(DISTRICT COLLECTOR MUMBAI CITY_IDA),ANIL YESHWANT DESAI,MUMBAI SOUTH CENTRAL,"Construction of roads, link roads, pathways or any other road with or without drainage system",2026-09-08,Sanjivani Construction Co,Payment In-Progress,2498104.0,MPLADS eSAKSHI Public Dashboard
PAY-00057,WS/MP18376/2026-2027/197851,Maharashtra,MUMBAI(DISTRICT COLLECTOR MUMBAI CITY_IDA),ANIL YESHWANT DESAI,MUMBAI SOUTH CENTRAL,Construction of footpaths and pedestrian ways,2026-09-08,Kamal Enterprises,Payment In-Progress,3993959.0,MPLADS eSAKSHI Public Dashboard
PAY-00058,WS/MP18376/2026-2027/197860,Maharashtra,MUMBAI(DISTRICT COLLECTOR MUMBAI CITY_IDA),ANIL YESHWANT DESAI,MUMBAI SOUTH CENTRAL,Construction of footpaths and pedestrian ways,2026-09-08,V N Infra,Payment In-Progress,1998482.0,MPLADS eSAKSHI Public Dashboard
PAY-00059,WS/MP18376/2026-2027/197861,Maharashtra,MUMBAI(DISTRICT COLLECTOR MUMBAI CITY_IDA),ANIL YESHWANT DESAI,MUMBAI SOUTH CENTRAL,Construction of footpaths and pedestrian ways,2026-09-08,V N Infra,Payment In-Progress,1998482.0,MPLADS eSAKSHI Public Dashboard
PAY-00060,WS/MP18376/2026-2027/197862,Maharashtra,MUMBAI(DISTRICT COLLECTOR MUMBAI CITY_IDA),ANIL YESHWANT DESAI,MUMBAI SOUTH CENTRAL,Construction of footpaths and pedestrian ways,2026-09-08,Shekhar Constructions,Payment In-Progress,2498104.0,MPLADS eSAKSHI Public Dashboard
PAY-00061,WS/MP18376/2026-2027/197865,Maharashtra,MUMBAI(DISTRICT COLLECTOR MUMBAI CITY_IDA),ANIL YESHWANT DESAI,MUMBAI SOUTH CENTRAL,Construction of footpaths and pedestrian ways,2026-09-08,Sanjivani Construction Co,Payment In-Progress,1998482.0,MPLADS eSAKSHI Public Dashboard
PAY-00062,WS/MP18376/2026-2027/197866,Maharashtra,MUMBAI(DISTRICT COLLECTOR MUMBAI CITY_IDA),ANIL YESHWANT DESAI,MUMBAI SOUTH CENTRAL,Construction of footpaths and pedestrian ways,2026-09-08,V N Infra,Payment In-Progress,2498104.0,MPLADS eSAKSHI Public Dashboard
PAY-00063,WS/MP18376/2026-2027/197880,Maharashtra,MUMBAI(DISTRICT COLLECTOR MUMBAI CITY_IDA),ANIL YESHWANT DESAI,MUMBAI SOUTH CENTRAL,Construction of footpaths and pedestrian ways,2026-09-08,Sanjivani Construction Co,Payment In-Progress,2498104.0,MPLADS eSAKSHI Public Dashboard
PAY-00064,WS/MP18376/2026-2027/197881,Maharashtra,MUMBAI(DISTRICT COLLECTOR MUMBAI CITY_IDA),ANIL YESHWANT DESAI,MUMBAI SOUTH CENTRAL,Construction of footpaths and pedestrian ways,2026-09-08,V N Infra,Payment In-Progress,1998482.0,MPLADS eSAKSHI Public Dashboard
PAY-00065,WS/MP18376/2026-2027/197882,Maharashtra,MUMBAI(DISTRICT COLLECTOR MUMBAI CITY_IDA),ANIL YESHWANT DESAI,MUMBAI SOUTH CENTRAL,Construction of footpaths and pedestrian ways,2026-09-08,Shekhar Constructions,Payment In-Progress,3993959.0,MPLADS eSAKSHI Public Dashboard
PAY-00066,WS/MP18376/2026-2027/197883,Maharashtra,MUMBAI(DISTRICT COLLECTOR MUMBAI CITY_IDA),ANIL YESHWANT DESAI,MUMBAI SOUTH CENTRAL,Construction of footpaths and pedestrian ways,2026-09-08,Kamal Enterprises,Payment In-Progress,2498103.0,MPLADS eSAKSHI Public Dashboard
PAY-00067,WS/MP18376/2026-2027/197886,Maharashtra,MUMBAI(DISTRICT COLLECTOR MUMBAI CITY_IDA),ANIL YESHWANT DESAI,MUMBAI SOUTH CENTRAL,Construction of footpaths and pedestrian ways,2026-09-08,Shekhar Constructions,Payment In-Progress,2982884.0,MPLADS eSAKSHI Public Dashboard
PAY-00068,WS/MP18376/2026-2027/197901,Maharashtra,MUMBAI(DISTRICT COLLECTOR MUMBAI CITY_IDA),ANIL YESHWANT DESAI,MUMBAI SOUTH CENTRAL,Construction of footpaths and pedestrian ways,2026-09-08,Kamal Enterprises,Payment In-Progress,3993959.0,MPLADS eSAKSHI Public Dashboard
PAY-00069,WS/MP18376/2026-2027/197902,Maharashtra,MUMBAI(DISTRICT COLLECTOR MUMBAI CITY_IDA),ANIL YESHWANT DESAI,MUMBAI SOUTH CENTRAL,Construction of footpaths and pedestrian ways,2026-09-08,Sanjivani Construction Co,Payment In-Progress,2498104.0,MPLADS eSAKSHI Public Dashboard
PAY-00070,WS/MP18376/2026-2027/197903,Maharashtra,MUMBAI(DISTRICT COLLECTOR MUMBAI CITY_IDA),ANIL YESHWANT DESAI,MUMBAI SOUTH CENTRAL,Construction of footpaths and pedestrian ways,2026-09-08,Sanjivani Construction Co,Payment In-Progress,2995469.0,MPLADS eSAKSHI Public Dashboard
PAY-00071,WS/MP672/2026-2027/272113,Maharashtra,NAGPUR(DISTRICT COLLECTOR NAGPUR_IDA),Nitin Jairam Gadkari,NAGPUR,Providing drains and gutters for public drainage,2026-08-24,Vstone Infrastructure,Payment In-Progress,943153.0,MPLADS eSAKSHI Public Dashboard
PAY-00072,WS/MP672/2026-2027/272114,Maharashtra,NAGPUR(DISTRICT COLLECTOR NAGPUR_IDA),Nitin Jairam Gadkari,NAGPUR,"Construction of roads, link roads, pathways or any other road with or without drainage system",2026-08-21,Shubham Bhure,Payment In-Progress,947858.0,MPLADS eSAKSHI Public Dashboard
PAY-00073,WS/MP672/2026-2027/272115,Maharashtra,NAGPUR(DISTRICT COLLECTOR NAGPUR_IDA),Nitin Jairam Gadkari,NAGPUR,Providing drains and gutters for public drainage,2026-08-24,Vstone Infrastructure,Payment In-Progress,943418.0,MPLADS eSAKSHI Public Dashboard
PAY-00074,WS/MP672/2026-2027/272117,Maharashtra,NAGPUR(DISTRICT COLLECTOR NAGPUR_IDA),Nitin Jairam Gadkari,NAGPUR,Construction of footpaths and pedestrian ways,2026-08-24,Shubham Bhure,Payment In-Progress,944440.0,MPLADS eSAKSHI Public Dashboard
PAY-00075,WS/MP18130/2026-2027/231014,Maharashtra,NAGPUR(DISTRICT COLLECTOR NAGPUR_IDA),Shyamkumar,RAMTEK(SC),"Construction of roads, link roads, pathways or any other road with or without drainage system",2026-07-17,grampanchayat indora,Payment In-Progress,494872.0,MPLADS eSAKSHI Public Dashboard
PAY-00076,WS/MP18429/2026-2027/248643,Maharashtra,NANDED(DISTRICT COLLECTOR NANDED_IDA),Ravindra Vasantrao Chavan,NANDED,"Construction of roads, link roads, pathways or any other road with or without drainage system",2026-09-02,Vikas Shankarao Gore,Payment In-Progress,992631.0,MPLADS eSAKSHI Public Dashboard
PAY-00077,WS/MP672/2025-2026/198595,Maharashtra,NAGPUR(DISTRICT COLLECTOR NAGPUR_IDA),Nitin Jairam Gadkari,NAGPUR,"Purchase of smart boards, visual display units and projectors",2026-07-31,Highstone Technologies Private Limited,Payment In-Progress,449900.0,MPLADS eSAKSHI Public Dashboard
PAY-00078,WS/MP18114/2026-2027/157491,Maharashtra,BEED(DISTRICT COLLECTOR BEED_IDA),BAJRANG MANOHAR SONWANE,BEED,Construction of community centers and community halls,2026-09-08,AJINKYA YODDHA MAJOOR SAHAKARI SANSTHA M KAIJ,Payment In-Progress,998674.0,MPLADS eSAKSHI Public Dashboard
PAY-00079,WS/MP672/2025-2026/252718,Maharashtra,NAGPUR(DISTRICT COLLECTOR NAGPUR_IDA),Nitin Jairam Gadkari,NAGPUR,"Purchase of IT systems, including hardware and software for educational purposes",2026-07-31,Spectrum Services,Payment In-Progress,150000.0,MPLADS eSAKSHI Public Dashboard
PAY-00080,WS/MP18258/2026-2027/245999,Maharashtra,YAVATMAL(DISTRICT COLLECTOR YAVATMAL_IDA),DHANORKAR PRATIBHA SURESH ALIAS BALUBHAU,CHANDRAPUR,"Construction of roads, link roads, pathways or any other road with or without drainage system",2026-09-04,DATTA MAJUR KAMGAR SAHKARI SANSTHA LINGI,Payment In-Progress,977605.0,MPLADS eSAKSHI Public Dashboard
PAY-00081,WS/MP18133/2025-2026/253823,Maharashtra,SATARA(DISTRICT COLLECTOR SATARA_IDA),SHRIMANT CHH UDAYANRAJE PRATAPSINHAMAHARAJ BHONSLE,SATARA,"Construction of roads, link roads, pathways or any other road with or without drainage system",2026-09-04,MANDAR RAJENDRA KHALADKAR,Payment In-Progress,499480.0,MPLADS eSAKSHI Public Dashboard
PAY-00082,WS/MP18133/2025-2026/253828,Maharashtra,SATARA(DISTRICT COLLECTOR SATARA_IDA),SHRIMANT CHH UDAYANRAJE PRATAPSINHAMAHARAJ BHONSLE,SATARA,"Construction of roads, link roads, pathways or any other road with or without drainage system",2026-09-03,UDAY MADHUKAR SHIND,Payment In-Progress,497769.0,MPLADS eSAKSHI Public Dashboard
PAY-00083,WS/MP18113/2026-2027/193159,Maharashtra,Chhatrapati Sambhajinagar(DISTRICT COLLECTOR AURANGABAD_IDA),BHUMARE SANDIPANRAO ASARAM,AURANGABAD_MH,Construction of community centers and community halls,2026-09-01,digambar vitthal koradkar,Payment In-Progress,1499000.0,MPLADS eSAKSHI Public Dashboard
PAY-00084,WS/MP18113/2026-2027/193160,Maharashtra,Chhatrapati Sambhajinagar(DISTRICT COLLECTOR AURANGABAD_IDA),BHUMARE SANDIPANRAO ASARAM,AURANGABAD_MH,Construction of boundary walls of existing public and community buildings,2026-09-07,digambar vitthal koradkar,Payment In-Progress,993937.0,MPLADS eSAKSHI Public Dashboard
PAY-00085,WS/MP18119/2026-2027/233653,Maharashtra,GADCHIROLI(DISTRICT COLLECTOR GADCHIROLI_IDA),DR. KIRSAN NAMDEO,GADCHIROLI-CHIMUR(ST),Construction of public libraries and reading rooms,2026-09-08,SHUBHAM SUSHIL SHAHA,Payment In-Progress,993369.0,MPLADS eSAKSHI Public Dashboard
PAY-00086,WS/MP18113/2026-2027/244708,Maharashtra,Chhatrapati Sambhajinagar(DISTRICT COLLECTOR AURANGABAD_IDA),BHUMARE SANDIPANRAO ASARAM,AURANGABAD_MH,"Construction of roads, link roads, pathways or any other road with or without drainage system",2026-08-10,SIR VISHVESHWARAYYA SUSHIKSHIT BEROJGARABHIYANTA SEVA,Payment In-Progress,1999000.0,MPLADS eSAKSHI Public Dashboard
PAY-00087,WS/MP18113/2026-2027/226249,Maharashtra,Chhatrapati Sambhajinagar(DISTRICT COLLECTOR AURANGABAD_IDA),BHUMARE SANDIPANRAO ASARAM,AURANGABAD_MH,Construction of community centers and community halls,2026-09-07,balajie infrastructurre,Payment In-Progress,983943.0,MPLADS eSAKSHI Public Dashboard
PAY-00088,WS/MP18112/2026-2027/164649,Maharashtra,AMRAVATI(DISTRICT COLLECTOR AMRAVATI_IDA),BALWANT BASWANT WANKHADE,AMRAVATI(SC),Purchase of furniture and fixtures for educational purposes,2026-07-24,ALOK SHRIPATRAO PARDE,Payment In-Progress,497585.0,MPLADS eSAKSHI Public Dashboard
PAY-00089,WS/MP18112/2026-2027/164651,Maharashtra,AMRAVATI(DISTRICT COLLECTOR AMRAVATI_IDA),BALWANT BASWANT WANKHADE,AMRAVATI(SC),Construction of boundary walls of existing public and community buildings,2026-07-24,ALOK SHRIPATRAO PARDE,Payment In-Progress,499999.0,MPLADS eSAKSHI Public Dashboard
PAY-00090,WS/MP18117/2026-2027/164338,Maharashtra,NASHIK(DISTRICT COLLECTOR NASHIK_IDA),BACHHAV SHOBHA DINESH,DHULE,Installation of fixed garden gym equipment,2026-08-07,PUTALAI MAJOR SAHAKARI SANSTHA MARYAD NAVISHEMALI,Payment In-Progress,989456.0,MPLADS eSAKSHI Public Dashboard
PAY-00091,WS/MP18429/2026-2027/245707,Maharashtra,NANDED(DISTRICT COLLECTOR NANDED_IDA),Ravindra Vasantrao Chavan,NANDED,"Construction of roads, link roads, pathways or any other road with or without drainage system",2026-09-08,GRAM PANCHAYAT SHELGAON CHATRI TQ NAIGAON,Payment In-Progress,973968.0,MPLADS eSAKSHI Public Dashboard
PAY-00092,WS/MP18429/2026-2027/250362,Maharashtra,NANDED(DISTRICT COLLECTOR NANDED_IDA),Ravindra Vasantrao Chavan,NANDED,Lighting of public spaces,2026-08-18,City Light Electrical And Multi Services,Payment Success,998848.0,MPLADS eSAKSHI Public Dashboard
PAY-00093,WS/MP18429/2026-2027/248639,Maharashtra,NANDED(DISTRICT COLLECTOR NANDED_IDA),Ravindra Vasantrao Chavan,NANDED,"Construction of roads, link roads, pathways or any other road with or without drainage system",2026-07-20,SARPANCH GRAM PANCHAYAT ADAMPUR TQ BILOLI,Payment Success,992255.0,MPLADS eSAKSHI Public Dashboard
PAY-00094,WS/MP18117/2026-2027/164340,Maharashtra,NASHIK(DISTRICT COLLECTOR NASHIK_IDA),BACHHAV SHOBHA DINESH,DHULE,Installation of fixed garden gym equipment,2026-08-07,PUTALAI MAJOR SAHAKARI SANSTHA MARYAD NAVISHEMALI,Payment Success,989456.0,MPLADS eSAKSHI Public Dashboard
PAY-00095,WS/MP18128/2026-2027/214175,Maharashtra,PALGHAR(DISTRICT COLLECTOR PALGHAR_IDA),DR. HEMANT VISHNU SAVARA,PALGHAR(ST),"Construction of flood control embankments/ protection walls along riverbanks, hilltops, roadsides",2026-08-13,CHETAN RAJENDRA DHANMEHER,Payment Success,988204.0,MPLADS eSAKSHI Public Dashboard
PAY-00096,WS/MP18113/2026-2027/226266,Maharashtra,Chhatrapati Sambhajinagar(DISTRICT COLLECTOR AURANGABAD_IDA),BHUMARE SANDIPANRAO ASARAM,AURANGABAD_MH,Construction of community centers and community halls,2026-07-30,SUYASH VISHNU MITKAR,Payment Success,987871.0,MPLADS eSAKSHI Public Dashboard
PAY-00097,WS/MP18113/2026-2027/247243,Maharashtra,Chhatrapati Sambhajinagar(DISTRICT COLLECTOR AURANGABAD_IDA),BHUMARE SANDIPANRAO ASARAM,AURANGABAD_MH,Construction of boundary walls of existing public and community buildings,2026-07-02,vishal ramdas nikam,Payment Success,987912.0,MPLADS eSAKSHI Public Dashboard
PAY-00098,WS/MP18113/2026-2027/247450,Maharashtra,Chhatrapati Sambhajinagar(DISTRICT COLLECTOR AURANGABAD_IDA),BHUMARE SANDIPANRAO ASARAM,AURANGABAD_MH,Construction of boundary walls of existing public and community buildings,2026-07-02,vishal ramdas nikam,Payment Success,987912.0,MPLADS eSAKSHI Public Dashboard
PAY-00099,WS/MP18122/2026-2027/225832,Maharashtra,Chhatrapati Sambhajinagar(DISTRICT COLLECTOR AURANGABAD_IDA),KALYAN VAIJINATHRAO KALE,JALNA,Development of public parks,2026-07-07,RAHUL VISHWANATH AAGE,Payment Success,922260.0,MPLADS eSAKSHI Public Dashboard
PAY-00100,WS/MP18113/2025-2026/226274,Maharashtra,Chhatrapati Sambhajinagar(DISTRICT COLLECTOR AURANGABAD_IDA),BHUMARE SANDIPANRAO ASARAM,AURANGABAD_MH,"Construction of roads, link roads, pathways or any other road with or without drainage system",2026-03-19,PARAG SUNIL GAUD,Payment Success,999000.0,MPLADS eSAKSHI Public Dashboard
PAY-00101,WS/MP18113/2025-2026/219638,Maharashtra,Chhatrapati Sambhajinagar(DISTRICT COLLECTOR AURANGABAD_IDA),BHUMARE SANDIPANRAO ASARAM,AURANGABAD_MH,Construction of community centers and community halls,2026-01-12,SUYASH VISHNU MITKAR,Payment Success,1498823.0,MPLADS eSAKSHI Public Dashboard
PAY-00102,WS/MP18113/2025-2026/226276,Maharashtra,Chhatrapati Sambhajinagar(DISTRICT COLLECTOR AURANGABAD_IDA),BHUMARE SANDIPANRAO ASARAM,AURANGABAD_MH,"Construction of roads, link roads, pathways or any other road with or without drainage system",2025-12-23,CH KESARIYAJI MSS LTD VAIJAPUR,Payment Success,993562.0,MPLADS eSAKSHI Public Dashboard
PAY-00103,WS/MP18110/2024-2025/167291,Maharashtra,Ahilyanagar(DISTRICT COLLECTOR AHMEDNAGAR_IDA),NILESH DNYANDEV LANKE,AHMEDNAGAR,"Purchase of IT systems, including hardware and software for educational purposes",2025-06-10,Om Enterprises,Payment Success,974340.0,MPLADS eSAKSHI Public Dashboard
PAY-00104,WS/MP18134/2025-2026/177373,Maharashtra,Ahilyanagar(DISTRICT COLLECTOR AHMEDNAGAR_IDA),BHAUSAHEB RAJARAM WAKCHAURE,SHIRDI(SC),"Purchase of IT systems, including hardware and software for educational purposes",2025-09-30,S V Tech Corporation,Payment Success,1499440.0,MPLADS eSAKSHI Public Dashboard
PAY-00105,WS/MP18118/2025-2026/166392,Maharashtra,AZAMGARH(DISTRICT MAGISTRATE AZAMGARH_IDA),BHASKAR MURLIDHAR BHAGARE,DINDORI(ST),Construction of rooms and halls in school and colleges,2025-11-01,ATHARVA NURSING AND PARAMEDICAL COLLEGE,Payment Success,938055.0,MPLADS eSAKSHI Public Dashboard
PAY-00106,WS/MP18123/2026-2027/238128,Maharashtra,KOLHAPUR(DISTRICT COLLECTOR KOLHAPUR_IDA),CHHATRAPATI SHAHU SHAHAJI,KOLHAPUR,Providing supply pipelines for drinking water,2026-04-08,Swaroop Bhauso More,Payment Success,476199.0,MPLADS eSAKSHI Public Dashboard
PAY-00107,WS/MP18369/2025-2026/239887,Maharashtra,WASHIM(DISTRICT COLLECTOR WASHIM_IDA),Sanjay Uttamrao Deshmukh,YAVATMAL-WASHIM,"Construction of roads, link roads, pathways or any other road with or without drainage system",2026-04-28,secretary grampanchyat karkheda,Payment Success,999400.0,MPLADS eSAKSHI Public Dashboard
PAY-00108,WS/MP18369/2025-2026/174551,Maharashtra,WASHIM(DISTRICT COLLECTOR WASHIM_IDA),Sanjay Uttamrao Deshmukh,YAVATMAL-WASHIM,Construction of community centers and community halls,2026-06-30,ASHISH RAJENDRA DAHAKE,Payment Success,287925.0,MPLADS eSAKSHI Public Dashboard
PAY-00109,WS/MP18369/2024-2025/175546,Maharashtra,WASHIM(DISTRICT COLLECTOR WASHIM_IDA),Sanjay Uttamrao Deshmukh,YAVATMAL-WASHIM,"Construction of roads, link roads, pathways or any other road with or without drainage system",2025-07-16,Vaibhav Pradip Jadhav,Payment Success,1986447.0,MPLADS eSAKSHI Public Dashboard
PAY-00110,WS/MP18323/2025-2026/168679,Maharashtra,LATUR(DISTRICT COLLECTOR LATUR_IDA),DR KALGE SHIVAJI BANDAPPA,LATUR(SC),"Construction of roads, link roads, pathways or any other road with or without drainage system",2025-08-11,PRATIK AJIT REDDY,Payment Success,677260.0,MPLADS eSAKSHI Public Dashboard
PAY-00111,WS/MP18323/2025-2026/168685,Maharashtra,LATUR(DISTRICT COLLECTOR LATUR_IDA),DR KALGE SHIVAJI BANDAPPA,LATUR(SC),"Construction of roads, link roads, pathways or any other road with or without drainage system",2025-08-11,PRATIK AJIT REDDY,Payment Success,963776.0,MPLADS eSAKSHI Public Dashboard
PAY-00112,WS/MP662/2026-2027/278122,Maharashtra,THANE(DISTRICT COLLECTOR THANE_IDA),Shrikant Eknath Shinde,KALYAN,"Purchase of prosthetics, wheel chairs, tricycles (manual or motorized), elect scooties, hearing aids",2026-06-30,Pro Ortho Perfect India Pvt Ltd,Payment Success,325000.0,MPLADS eSAKSHI Public Dashboard
PAY-00113,WS/MP18113/2025-2026/192629,Maharashtra,Chhatrapati Sambhajinagar(DISTRICT COLLECTOR AURANGABAD_IDA),BHUMARE SANDIPANRAO ASARAM,AURANGABAD_MH,Construction of community centers and community halls,2026-03-16,shri jagdamba construction,Payment Success,1972562.0,MPLADS eSAKSHI Public Dashboard
PAY-00114,WS/MP18113/2025-2026/192630,Maharashtra,Chhatrapati Sambhajinagar(DISTRICT COLLECTOR AURANGABAD_IDA),BHUMARE SANDIPANRAO ASARAM,AURANGABAD_MH,Construction of community centers and community halls,2026-03-16,shri jagdamba construction,Payment Success,1968229.0,MPLADS eSAKSHI Public Dashboard
PAY-00115,WS/MP18323/2026-2027/181798,Maharashtra,LATUR(DISTRICT COLLECTOR LATUR_IDA),DR KALGE SHIVAJI BANDAPPA,LATUR(SC),"Construction of roads, link roads, pathways or any other road with or without drainage system",2026-04-17,SANDIP SAMPATRAO SHINGADE,Payment Success,941831.0,MPLADS eSAKSHI Public Dashboard
PAY-00116,WS/MP18120/2025-2026/169263,Maharashtra,HINGOLI(DISTRICT COLLECTOR HINGOLI_IDA),AASHTIKAR PATIL NAGESH BAPURAO,HINGOLI,"Construction of roads, link roads, pathways or any other road with or without drainage system",2025-10-15,GARIB NAWAJ SUSHIKSHIT BEROJGAR SEVA SAH,Payment Success,999444.0,MPLADS eSAKSHI Public Dashboard
PAY-00117,WS/MP18120/2026-2027/192088,Maharashtra,HINGOLI(DISTRICT COLLECTOR HINGOLI_IDA),AASHTIKAR PATIL NAGESH BAPURAO,HINGOLI,"Construction of roads, link roads, pathways or any other road with or without drainage system",2026-04-17,R N CONSTRUCTION,Payment Success,998741.0,MPLADS eSAKSHI Public Dashboard
PAY-00118,WS/MP18118/2025-2026/159252,Maharashtra,AZAMGARH(DISTRICT MAGISTRATE AZAMGARH_IDA),BHASKAR MURLIDHAR BHAGARE,DINDORI(ST),Construction of rooms and halls in school and colleges,2025-09-30,ANUPMA RAI MEMORIAL COLLEGE OF EDUCATION,Payment Success,614451.0,MPLADS eSAKSHI Public Dashboard
PAY-00119,WS/MP18118/2025-2026/160504,Maharashtra,AZAMGARH(DISTRICT MAGISTRATE AZAMGARH_IDA),BHASKAR MURLIDHAR BHAGARE,DINDORI(ST),Construction of rooms and halls in school and colleges,2026-04-06,GRAMIN MAHILA MAHAVIDDYALAYA RANIPUR RAZMO,Payment Success,556000.0,MPLADS eSAKSHI Public Dashboard
PAY-00120,WS/MP18323/2025-2026/181788,Maharashtra,LATUR(DISTRICT COLLECTOR LATUR_IDA),DR KALGE SHIVAJI BANDAPPA,LATUR(SC),"Construction of roads, link roads, pathways or any other road with or without drainage system",2026-01-30,RUBI M S S LTD,Payment Success,496350.0,MPLADS eSAKSHI Public Dashboard
PAY-00121,WS/MP18323/2025-2026/181789,Maharashtra,LATUR(DISTRICT COLLECTOR LATUR_IDA),DR KALGE SHIVAJI BANDAPPA,LATUR(SC),"Construction of roads, link roads, pathways or any other road with or without drainage system",2026-01-30,RUBI M S S LTD,Payment Success,497870.0,MPLADS eSAKSHI Public Dashboard
PAY-00122,WS/MP18118/2025-2026/252883,Maharashtra,NASHIK(DISTRICT COLLECTOR NASHIK_IDA),BHASKAR MURLIDHAR BHAGARE,DINDORI(ST),Construction of community centers and community halls,2026-04-23,Dattatray Damodar Niphade,Payment Success,963785.0,MPLADS eSAKSHI Public Dashboard
PAY-00123,WS/MP18118/2025-2026/252884,Maharashtra,NASHIK(DISTRICT COLLECTOR NASHIK_IDA),BHASKAR MURLIDHAR BHAGARE,DINDORI(ST),Development of public parks,2026-03-24,Dattatray Damodar Niphade,Payment Success,936103.0,MPLADS eSAKSHI Public Dashboard
PAY-00124,WS/MP18127/2026-2027/188391,Maharashtra,NASHIK(DISTRICT COLLECTOR NASHIK_IDA),RAJABHAU,NASHIK,Construction of boundary walls of existing public and community buildings,2026-05-14,AMIT ANIL MUDBAKHE,Payment Success,1426075.0,MPLADS eSAKSHI Public Dashboard
PAY-00125,WS/MP18127/2026-2027/188392,Maharashtra,NASHIK(DISTRICT COLLECTOR NASHIK_IDA),RAJABHAU,NASHIK,Construction of community centers and community halls,2026-05-11,SHRIKANT DATTATRAY GOLESAR,Payment Success,2788673.0,MPLADS eSAKSHI Public Dashboard
PAY-00126,WS/MP687/2025-2026/243666,Maharashtra,RAIGAD(DISTRICT COLLECTOR RAIGAD_IDA),Sunil Dattatray Tatkare,RAIGAD,Development of playfields and sports grounds,2026-06-23,Vivek Vinod Pakhad,Payment Success,1000000.0,MPLADS eSAKSHI Public Dashboard
PAY-00127,WS/MP18113/2026-2027/193162,Maharashtra,Chhatrapati Sambhajinagar(DISTRICT COLLECTOR AURANGABAD_IDA),BHUMARE SANDIPANRAO ASARAM,AURANGABAD_MH,Construction of boundary walls of existing public and community buildings,2026-05-22,digambar vitthal koradkar,Payment Success,986643.0,MPLADS eSAKSHI Public Dashboard
PAY-00128,WS/MP18113/2025-2026/193577,Maharashtra,Chhatrapati Sambhajinagar(DISTRICT COLLECTOR AURANGABAD_IDA),BHUMARE SANDIPANRAO ASARAM,AURANGABAD_MH,Construction of community centers and community halls,2025-10-17,SUYASH VISHNU MITKAR,Payment Success,2000000.0,MPLADS eSAKSHI Public Dashboard
PAY-00129,WS/MP18113/2025-2026/193579,Maharashtra,Chhatrapati Sambhajinagar(DISTRICT COLLECTOR AURANGABAD_IDA),BHUMARE SANDIPANRAO ASARAM,AURANGABAD_MH,Construction of community centers and community halls,2025-10-17,SUYASH VISHNU MITKAR,Payment Success,1000000.0,MPLADS eSAKSHI Public Dashboard
PAY-00130,WS/MP18113/2025-2026/193579,Maharashtra,Chhatrapati Sambhajinagar(DISTRICT COLLECTOR AURANGABAD_IDA),BHUMARE SANDIPANRAO ASARAM,AURANGABAD_MH,Construction of community centers and community halls,2025-10-17,SUYASH VISHNU MITKAR,Payment Success,997882.0,MPLADS eSAKSHI Public Dashboard
PAY-00131,WS/MP18113/2026-2027/201976,Maharashtra,Chhatrapati Sambhajinagar(DISTRICT COLLECTOR AURANGABAD_IDA),BHUMARE SANDIPANRAO ASARAM,AURANGABAD_MH,Construction of community centers and community halls,2026-07-02,satyam balasaheb udage,Payment Success,1497230.0,MPLADS eSAKSHI Public Dashboard
PAY-00132,WS/MP18113/2025-2026/202118,Maharashtra,Chhatrapati Sambhajinagar(DISTRICT COLLECTOR AURANGABAD_IDA),BHUMARE SANDIPANRAO ASARAM,AURANGABAD_MH,"Construction of roads, link roads, pathways or any other road with or without drainage system",2025-11-06,k b construction,Payment Success,1499882.0,MPLADS eSAKSHI Public Dashboard
PAY-00133,WS/MP18113/2025-2026/162522,Maharashtra,Chhatrapati Sambhajinagar(DISTRICT COLLECTOR AURANGABAD_IDA),BHUMARE SANDIPANRAO ASARAM,AURANGABAD_MH,Construction of community centers and community halls,2025-08-05,S P CONSTRUCTION,Payment Success,2499612.0,MPLADS eSAKSHI Public Dashboard
PAY-00134,WS/MP18113/2025-2026/166722,Maharashtra,Chhatrapati Sambhajinagar(DISTRICT COLLECTOR AURANGABAD_IDA),BHUMARE SANDIPANRAO ASARAM,AURANGABAD_MH,Construction of community centers and community halls,2026-01-07,k b construction,Payment Success,2482574.0,MPLADS eSAKSHI Public Dashboard
PAY-00135,WS/MP18113/2025-2026/202192,Maharashtra,Chhatrapati Sambhajinagar(DISTRICT COLLECTOR AURANGABAD_IDA),BHUMARE SANDIPANRAO ASARAM,AURANGABAD_MH,Construction of community centers and community halls,2026-03-16,ch gayatri mss ltd at bhildari tq kannad,Payment Success,1000000.0,MPLADS eSAKSHI Public Dashboard
PAY-00136,WS/MP18113/2026-2027/202193,Maharashtra,Chhatrapati Sambhajinagar(DISTRICT COLLECTOR AURANGABAD_IDA),BHUMARE SANDIPANRAO ASARAM,AURANGABAD_MH,Construction of community centers and community halls,2026-05-18,WALMIK VISHWANATH PAWAR,Payment Success,964272.0,MPLADS eSAKSHI Public Dashboard
PAY-00137,WS/MP18113/2025-2026/197037,Maharashtra,Chhatrapati Sambhajinagar(DISTRICT COLLECTOR AURANGABAD_IDA),BHUMARE SANDIPANRAO ASARAM,AURANGABAD_MH,Construction of community centers and community halls,2026-03-21,digambar vitthal koradkar,Payment Success,998112.0,MPLADS eSAKSHI Public Dashboard
PAY-00138,WS/MP18113/2025-2026/176732,Maharashtra,Chhatrapati Sambhajinagar(DISTRICT COLLECTOR AURANGABAD_IDA),BHUMARE SANDIPANRAO ASARAM,AURANGABAD_MH,"Construction of roads, link roads, pathways or any other road with or without drainage system",2025-07-10,k b construction,Payment Success,1991442.0,MPLADS eSAKSHI Public Dashboard
PAY-00139,WS/MP18113/2025-2026/176734,Maharashtra,Chhatrapati Sambhajinagar(DISTRICT COLLECTOR AURANGABAD_IDA),BHUMARE SANDIPANRAO ASARAM,AURANGABAD_MH,"Construction of roads, link roads, pathways or any other road with or without drainage system",2025-08-26,k b construction,Payment Success,1999000.0,MPLADS eSAKSHI Public Dashboard
PAY-00140,WS/MP18113/2025-2026/180320,Maharashtra,Chhatrapati Sambhajinagar(DISTRICT COLLECTOR AURANGABAD_IDA),BHUMARE SANDIPANRAO ASARAM,AURANGABAD_MH,Construction of community centers and community halls,2025-12-08,walunje shubham dhondiram,Payment Success,974667.0,MPLADS eSAKSHI Public Dashboard
PAY-00141,WS/MP18113/2025-2026/185620,Maharashtra,Chhatrapati Sambhajinagar(DISTRICT COLLECTOR AURANGABAD_IDA),BHUMARE SANDIPANRAO ASARAM,AURANGABAD_MH,"Construction of roads, link roads, pathways or any other road with or without drainage system",2026-03-05,shri jagdamba construction,Payment Success,1472317.0,MPLADS eSAKSHI Public Dashboard
PAY-00142,WS/MP18113/2025-2026/185622,Maharashtra,Chhatrapati Sambhajinagar(DISTRICT COLLECTOR AURANGABAD_IDA),BHUMARE SANDIPANRAO ASARAM,AURANGABAD_MH,"Construction of roads, link roads, pathways or any other road with or without drainage system",2026-03-02,shri jagdamba construction,Payment Success,1500000.0,MPLADS eSAKSHI Public Dashboard
PAY-00143,WS/MP18113/2025-2026/185623,Maharashtra,Chhatrapati Sambhajinagar(DISTRICT COLLECTOR AURANGABAD_IDA),BHUMARE SANDIPANRAO ASARAM,AURANGABAD_MH,"Construction of roads, link roads, pathways or any other road with or without drainage system",2026-02-24,shri jagdamba construction,Payment Success,1500000.0,MPLADS eSAKSHI Public Dashboard
PAY-00144,WS/MP18122/2025-2026/176795,Maharashtra,Chhatrapati Sambhajinagar(DISTRICT COLLECTOR AURANGABAD_IDA),KALYAN VAIJINATHRAO KALE,JALNA,"Construction of roads, link roads, pathways or any other road with or without drainage system",2025-12-29,Grampanchayat Karyalay Mangrul Tq Chh Sambhajinagar,Payment Success,992819.0,MPLADS eSAKSHI Public Dashboard
PAY-00145,WS/MP18122/2025-2026/173944,Maharashtra,Chhatrapati Sambhajinagar(DISTRICT COLLECTOR AURANGABAD_IDA),KALYAN VAIJINATHRAO KALE,JALNA,"Construction of roads, link roads, pathways or any other road with or without drainage system",2025-09-10,GRAMPANCHAYAT VIRAMGAON TQ PHULAMBRI,Payment Success,1492450.0,MPLADS eSAKSHI Public Dashboard
PAY-00146,WS/MP18122/2025-2026/173903,Maharashtra,Chhatrapati Sambhajinagar(DISTRICT COLLECTOR AURANGABAD_IDA),KALYAN VAIJINATHRAO KALE,JALNA,"Construction of roads, link roads, pathways or any other road with or without drainage system",2025-06-19,GRAMPANCHAYAT GADHE JALGAON TQ AURANGABAD,Payment Success,994942.0,MPLADS eSAKSHI Public Dashboard
PAY-00147,WS/MP18113/2025-2026/194151,Maharashtra,Chhatrapati Sambhajinagar(DISTRICT COLLECTOR AURANGABAD_IDA),BHUMARE SANDIPANRAO ASARAM,AURANGABAD_MH,Construction of community centers and community halls,2026-03-23,RUKHMAI CONSTRUCTION PROP BAPU D SONAVANE,Payment Success,1989626.0,MPLADS eSAKSHI Public Dashboard
PAY-00148,WS/MP18122/2025-2026/175363,Maharashtra,Chhatrapati Sambhajinagar(DISTRICT COLLECTOR AURANGABAD_IDA),KALYAN VAIJINATHRAO KALE,JALNA,"Construction of roads, link roads, pathways or any other road with or without drainage system",2025-06-16,GRAMPANCHAYAT PIMALGAON GANGDEO TQ PHULAMBRI,Payment Success,1492500.0,MPLADS eSAKSHI Public Dashboard
PAY-00149,WS/MP18122/2025-2026/222581,Maharashtra,Chhatrapati Sambhajinagar(DISTRICT COLLECTOR AURANGABAD_IDA),KALYAN VAIJINATHRAO KALE,JALNA,"Construction of roads, link roads, pathways or any other road with or without drainage system",2025-12-12,SARPANCH GRAMSEVAK GRAMPANCHAYAT HIRADPURI TQ PAITHAN,Payment Success,993760.0,MPLADS eSAKSHI Public Dashboard
PAY-00150,WS/MP18122/2025-2026/222582,Maharashtra,Chhatrapati Sambhajinagar(DISTRICT COLLECTOR AURANGABAD_IDA),KALYAN VAIJINATHRAO KALE,JALNA,"Construction of roads, link roads, pathways or any other road with or without drainage system",2025-12-12,SARPANCH GRAMSEVAK GRAMPANCHAYAT HIRADPURI TQ PAITHAN,Payment Success,492469.0,MPLADS eSAKSHI Public Dashboard
PAY-00151,WS/MP18113/2025-2026/192641,Maharashtra,Chhatrapati Sambhajinagar(DISTRICT COLLECTOR AURANGABAD_IDA),BHUMARE SANDIPANRAO ASARAM,AURANGABAD_MH,Construction of community centers and community halls,2025-10-03,SARPANCH GRAM SEVAK GRAMPANCHAYAT SHIRASGAON TQ KANNAD,Payment Success,994542.0,MPLADS eSAKSHI Public Dashboard
PAY-00152,WS/MP18113/2025-2026/193125,Maharashtra,Chhatrapati Sambhajinagar(DISTRICT COLLECTOR AURANGABAD_IDA),BHUMARE SANDIPANRAO ASARAM,AURANGABAD_MH,Construction of community centers and community halls,2026-02-13,GRAMPANCHAYAT JALGAON GHAT TQ KANNAD,Payment Success,994421.0,MPLADS eSAKSHI Public Dashboard
PAY-00153,WS/MP18113/2025-2026/193132,Maharashtra,Chhatrapati Sambhajinagar(DISTRICT COLLECTOR AURANGABAD_IDA),BHUMARE SANDIPANRAO ASARAM,AURANGABAD_MH,"Construction of roads, link roads, pathways or any other road with or without drainage system",2025-09-12,GRAMPANCHAYAT JALGAON GHAT TQ KANNAD,Payment Success,992820.0,MPLADS eSAKSHI Public Dashboard
PAY-00154,WS/MP18122/2025-2026/225427,Maharashtra,Chhatrapati Sambhajinagar(DISTRICT COLLECTOR AURANGABAD_IDA),KALYAN VAIJINATHRAO KALE,JALNA,"Construction of roads, link roads, pathways or any other road with or without drainage system",2025-12-12,SARPANCH GRAMSEVAK GRAMPANCHAYAT HIRADPURI TQ PAITHAN,Payment Success,492485.0,MPLADS eSAKSHI Public Dashboard
PAY-00155,WS/MP18113/2026-2027/226267,Maharashtra,Chhatrapati Sambhajinagar(DISTRICT COLLECTOR AURANGABAD_IDA),BHUMARE SANDIPANRAO ASARAM,AURANGABAD_MH,"Construction of roads, link roads, pathways or any other road with or without drainage system",2026-05-20,SARPANCH GRAMSEVAK GRAMPANCHAYAT REL TQ KANNAD,Payment Success,981269.0,MPLADS eSAKSHI Public Dashboard
PAY-00156,WS/MP18113/2025-2026/226247,Maharashtra,Chhatrapati Sambhajinagar(DISTRICT COLLECTOR AURANGABAD_IDA),BHUMARE SANDIPANRAO ASARAM,AURANGABAD_MH,Construction of community centers and community halls,2026-04-06,SARPANCH GRAMSEVAK GRAMPANCHAYAT WAKAD TQ KANAND,Payment Success,1486882.0,MPLADS eSAKSHI Public Dashboard
PAY-00157,WS/MP18113/2025-2026/219628,Maharashtra,Chhatrapati Sambhajinagar(DISTRICT COLLECTOR AURANGABAD_IDA),BHUMARE SANDIPANRAO ASARAM,AURANGABAD_MH,"Construction of roads, link roads, pathways or any other road with or without drainage system",2025-10-17,GRAMPANCHAYAT JALGAON GHAT TQ KANNAD,Payment Success,989730.0,MPLADS eSAKSHI Public Dashboard
PAY-00158,WS/MP18113/2025-2026/219666,Maharashtra,Chhatrapati Sambhajinagar(DISTRICT COLLECTOR AURANGABAD_IDA),BHUMARE SANDIPANRAO ASARAM,AURANGABAD_MH,Construction of community centers and community halls,2025-10-17,SARPANCH GRAM SEVAK GRAMPANCHAYAT SHIRASGAON TQ KANNAD,Payment Success,993175.0,MPLADS eSAKSHI Public Dashboard
PAY-00159,WS/MP18133/2025-2026/148457,Maharashtra,SATARA(DISTRICT COLLECTOR SATARA_IDA),SHRIMANT CHH UDAYANRAJE PRATAPSINHAMAHARAJ BHONSLE,SATARA,"Construction of roads, link roads, pathways or any other road with or without drainage system",2026-08-11,NEERAJ DATTATRAY RANDIVE,Payment Success,1000000.0,MPLADS eSAKSHI Public Dashboard
PAY-00160,WS/MP18133/2024-2025/148464,Maharashtra,SATARA(DISTRICT COLLECTOR SATARA_IDA),SHRIMANT CHH UDAYANRAJE PRATAPSINHAMAHARAJ BHONSLE,SATARA,"Construction of roads, link roads, pathways or any other road with or without drainage system",2025-07-22,JOTIRLING MAJUR SAHA SANSTHA LTD SATARA,Payment Success,1000000.0,MPLADS eSAKSHI Public Dashboard
PAY-00161,WS/MP18133/2025-2026/254602,Maharashtra,SATARA(DISTRICT COLLECTOR SATARA_IDA),SHRIMANT CHH UDAYANRAJE PRATAPSINHAMAHARAJ BHONSLE,SATARA,"Construction of roads, link roads, pathways or any other road with or without drainage system",2026-08-06,SHELAR MAKRAND SUNIL,Payment Success,500000.0,MPLADS eSAKSHI Public Dashboard
PAY-00162,WS/MP18133/2025-2026/148560,Maharashtra,SATARA(DISTRICT COLLECTOR SATARA_IDA),SHRIMANT CHH UDAYANRAJE PRATAPSINHAMAHARAJ BHONSLE,SATARA,"Construction of roads, link roads, pathways or any other road with or without drainage system",2025-12-16,OM MAJUR SAHAKARI SANSTHA MARYADIT KARADWADI,Payment Success,999677.0,MPLADS eSAKSHI Public Dashboard
PAY-00163,WS/MP18133/2025-2026/148562,Maharashtra,SATARA(DISTRICT COLLECTOR SATARA_IDA),SHRIMANT CHH UDAYANRAJE PRATAPSINHAMAHARAJ BHONSLE,SATARA,"Construction of roads, link roads, pathways or any other road with or without drainage system",2026-01-15,ANAND MAJUR SAHKARI SANSTHA LTD BHIMNAGAR KOREGAON,Payment Success,999000.0,MPLADS eSAKSHI Public Dashboard
PAY-00164,WS/MP18133/2025-2026/148564,Maharashtra,SATARA(DISTRICT COLLECTOR SATARA_IDA),SHRIMANT CHH UDAYANRAJE PRATAPSINHAMAHARAJ BHONSLE,SATARA,"Construction of roads, link roads, pathways or any other road with or without drainage system",2026-03-06,SOURABH SANJAY RAJESHIRKE,Payment Success,500000.0,MPLADS eSAKSHI Public Dashboard
PAY-00165,WS/MP18133/2025-2026/148566,Maharashtra,SATARA(DISTRICT COLLECTOR SATARA_IDA),SHRIMANT CHH UDAYANRAJE PRATAPSINHAMAHARAJ BHONSLE,SATARA,"Construction of roads, link roads, pathways or any other road with or without drainage system",2026-06-29,Anand Suhas Pawar,Payment Success,1000000.0,MPLADS eSAKSHI Public Dashboard
PAY-00166,WS/MP18133/2025-2026/148567,Maharashtra,SATARA(DISTRICT COLLECTOR SATARA_IDA),SHRIMANT CHH UDAYANRAJE PRATAPSINHAMAHARAJ BHONSLE,SATARA,Construction of boundary walls of existing public and community buildings,2026-03-18,Mayur Ankush Ghorpade,Payment Success,948550.0,MPLADS eSAKSHI Public Dashboard
PAY-00167,WS/MP18133/2025-2026/148571,Maharashtra,SATARA(DISTRICT COLLECTOR SATARA_IDA),SHRIMANT CHH UDAYANRAJE PRATAPSINHAMAHARAJ BHONSLE,SATARA,"Construction of roads, link roads, pathways or any other road with or without drainage system",2026-03-12,Indrajit Vasantrao Salunkhe,Payment Success,500000.0,MPLADS eSAKSHI Public Dashboard
PAY-00168,WS/MP18133/2025-2026/148572,Maharashtra,SATARA(DISTRICT COLLECTOR SATARA_IDA),SHRIMANT CHH UDAYANRAJE PRATAPSINHAMAHARAJ BHONSLE,SATARA,Providing drains and gutters for public drainage,2026-08-13,Sushant Sandip Deshmane,Payment Success,493290.0,MPLADS eSAKSHI Public Dashboard
PAY-00169,WS/MP18133/2025-2026/148915,Maharashtra,SATARA(DISTRICT COLLECTOR SATARA_IDA),SHRIMANT CHH UDAYANRAJE PRATAPSINHAMAHARAJ BHONSLE,SATARA,Construction of boundary walls of existing public and community buildings,2026-05-06,Shubham Dhanaji Thorat,Payment Success,498370.0,MPLADS eSAKSHI Public Dashboard
PAY-00170,WS/MP18133/2025-2026/164655,Maharashtra,SATARA(DISTRICT COLLECTOR SATARA_IDA),SHRIMANT CHH UDAYANRAJE PRATAPSINHAMAHARAJ BHONSLE,SATARA,Construction of public toilets and bathrooms,2026-08-25,Namdev Avinash Nazare,Payment Success,413190.0,MPLADS eSAKSHI Public Dashboard
PAY-00171,WS/MP18133/2025-2026/148453,Maharashtra,SATARA(DISTRICT COLLECTOR SATARA_IDA),SHRIMANT CHH UDAYANRAJE PRATAPSINHAMAHARAJ BHONSLE,SATARA,"Construction of roads, link roads, pathways or any other road with or without drainage system",2026-07-30,Indrajit Amrutrao Shinde,Payment Success,1000000.0,MPLADS eSAKSHI Public Dashboard
PAY-00172,WS/MP18133/2025-2026/148475,Maharashtra,SATARA(DISTRICT COLLECTOR SATARA_IDA),SHRIMANT CHH UDAYANRAJE PRATAPSINHAMAHARAJ BHONSLE,SATARA,Construction of community centers and community halls,2026-03-22,Vikram Vishwas Patil,Payment Success,750000.0,MPLADS eSAKSHI Public Dashboard
PAY-00173,WS/MP18133/2025-2026/148477,Maharashtra,SATARA(DISTRICT COLLECTOR SATARA_IDA),SHRIMANT CHH UDAYANRAJE PRATAPSINHAMAHARAJ BHONSLE,SATARA,"Construction of roads, link roads, pathways or any other road with or without drainage system",2026-08-16,Swapnil Santosh Jadhav,Payment Success,693280.0,MPLADS eSAKSHI Public Dashboard
PAY-00174,WS/MP18133/2025-2026/148480,Maharashtra,SATARA(DISTRICT COLLECTOR SATARA_IDA),SHRIMANT CHH UDAYANRAJE PRATAPSINHAMAHARAJ BHONSLE,SATARA,Providing drains and gutters for public drainage,2026-08-11,Sagar Mansing Salunkhe,Payment Success,694830.0,MPLADS eSAKSHI Public Dashboard
PAY-00175,WS/MP18133/2025-2026/148507,Maharashtra,SATARA(DISTRICT COLLECTOR SATARA_IDA),SHRIMANT CHH UDAYANRAJE PRATAPSINHAMAHARAJ BHONSLE,SATARA,Construction of community centers and community halls,2026-03-16,Swapnil Raghunath Thorat,Payment Success,1489610.0,MPLADS eSAKSHI Public Dashboard
PAY-00176,WS/MP18133/2025-2026/148512,Maharashtra,SATARA(DISTRICT COLLECTOR SATARA_IDA),SHRIMANT CHH UDAYANRAJE PRATAPSINHAMAHARAJ BHONSLE,SATARA,Crematoriums/energy efficient crematoriums or structures on burial/cremation ground,2026-06-29,Digvijay Uttamrao Mohite,Payment Success,995310.0,MPLADS eSAKSHI Public Dashboard
PAY-00177,WS/MP18133/2025-2026/148515,Maharashtra,SATARA(DISTRICT COLLECTOR SATARA_IDA),SHRIMANT CHH UDAYANRAJE PRATAPSINHAMAHARAJ BHONSLE,SATARA,"Construction of roads, link roads, pathways or any other road with or without drainage system",2026-04-27,Akshay Sunil Gaikwad,Payment Success,498180.0,MPLADS eSAKSHI Public Dashboard
PAY-00178,WS/MP18133/2025-2026/148516,Maharashtra,SATARA(DISTRICT COLLECTOR SATARA_IDA),SHRIMANT CHH UDAYANRAJE PRATAPSINHAMAHARAJ BHONSLE,SATARA,"Construction of roads, link roads, pathways or any other road with or without drainage system",2026-03-06,Shubham Dadaso Pawar,Payment Success,497580.0,MPLADS eSAKSHI Public Dashboard
PAY-00179,WS/MP18133/2025-2026/148559,Maharashtra,SATARA(DISTRICT COLLECTOR SATARA_IDA),SHRIMANT CHH UDAYANRAJE PRATAPSINHAMAHARAJ BHONSLE,SATARA,"Construction of roads, link roads, pathways or any other road with or without drainage system",2026-02-16,Rohit Dipak Chavan,Payment Success,664282.0,MPLADS eSAKSHI Public Dashboard
PAY-00180,WS/MP18369/2025-2026/177557,Maharashtra,YAVATMAL(DISTRICT COLLECTOR YAVATMAL_IDA),Sanjay Uttamrao Deshmukh,YAVATMAL-WASHIM,Lighting of public spaces,2026-03-25,MS Ashutosh Electricals Yavatmal,Payment Success,393430.0,MPLADS eSAKSHI Public Dashboard
PAY-00181,WS/MP18369/2025-2026/177558,Maharashtra,YAVATMAL(DISTRICT COLLECTOR YAVATMAL_IDA),Sanjay Uttamrao Deshmukh,YAVATMAL-WASHIM,Lighting of public spaces,2026-03-22,Shriyog Electricals,Payment Success,393751.0,MPLADS eSAKSHI Public Dashboard
PAY-00182,WS/MP18369/2025-2026/177559,Maharashtra,YAVATMAL(DISTRICT COLLECTOR YAVATMAL_IDA),Sanjay Uttamrao Deshmukh,YAVATMAL-WASHIM,Lighting of public spaces,2026-03-25,MS Ashutosh Electricals Yavatmal,Payment Success,393554.0,MPLADS eSAKSHI Public Dashboard
PAY-00183,WS/MP18369/2025-2026/177560,Maharashtra,YAVATMAL(DISTRICT COLLECTOR YAVATMAL_IDA),Sanjay Uttamrao Deshmukh,YAVATMAL-WASHIM,Lighting of public spaces,2026-03-25,MS Ashutosh Electricals Yavatmal,Payment Success,393711.0,MPLADS eSAKSHI Public Dashboard
PAY-00184,WS/MP18369/2026-2027/177561,Maharashtra,YAVATMAL(DISTRICT COLLECTOR YAVATMAL_IDA),Sanjay Uttamrao Deshmukh,YAVATMAL-WASHIM,Lighting of public spaces,2026-06-27,MS KUNAL ELECTRICALS CONTRACTOR YAVATMAL,Payment Success,393629.0,MPLADS eSAKSHI Public Dashboard
PAY-00185,WS/MP18369/2026-2027/177562,Maharashtra,YAVATMAL(DISTRICT COLLECTOR YAVATMAL_IDA),Sanjay Uttamrao Deshmukh,YAVATMAL-WASHIM,Lighting of public spaces,2026-06-27,Shriyog Electricals,Payment Success,393551.0,MPLADS eSAKSHI Public Dashboard
PAY-00186,WS/MP18369/2026-2027/177563,Maharashtra,YAVATMAL(DISTRICT COLLECTOR YAVATMAL_IDA),Sanjay Uttamrao Deshmukh,YAVATMAL-WASHIM,Lighting of public spaces,2026-06-27,MS KUNAL ELECTRICALS CONTRACTOR YAVATMAL,Payment Success,393708.0,MPLADS eSAKSHI Public Dashboard
PAY-00187,WS/MP18369/2026-2027/177564,Maharashtra,YAVATMAL(DISTRICT COLLECTOR YAVATMAL_IDA),Sanjay Uttamrao Deshmukh,YAVATMAL-WASHIM,Lighting of public spaces,2026-06-27,Shriyog Electricals,Payment Success,393590.0,MPLADS eSAKSHI Public Dashboard
PAY-00188,WS/MP18369/2025-2026/177565,Maharashtra,YAVATMAL(DISTRICT COLLECTOR YAVATMAL_IDA),Sanjay Uttamrao Deshmukh,YAVATMAL-WASHIM,Lighting of public spaces,2026-03-23,Shriyog Electricals,Payment Success,393672.0,MPLADS eSAKSHI Public Dashboard
PAY-00189,WS/MP18369/2025-2026/177566,Maharashtra,YAVATMAL(DISTRICT COLLECTOR YAVATMAL_IDA),Sanjay Uttamrao Deshmukh,YAVATMAL-WASHIM,Lighting of public spaces,2026-03-23,Shriyog Electricals,Payment Success,393751.0,MPLADS eSAKSHI Public Dashboard
PAY-00190,WS/MP18369/2025-2026/177567,Maharashtra,YAVATMAL(DISTRICT COLLECTOR YAVATMAL_IDA),Sanjay Uttamrao Deshmukh,YAVATMAL-WASHIM,Lighting of public spaces,2026-03-25,Shriyog Electricals,Payment Success,393593.0,MPLADS eSAKSHI Public Dashboard
PAY-00191,WS/MP18369/2025-2026/177568,Maharashtra,YAVATMAL(DISTRICT COLLECTOR YAVATMAL_IDA),Sanjay Uttamrao Deshmukh,YAVATMAL-WASHIM,Lighting of public spaces,2026-03-23,MS KUNAL ELECTRICALS CONTRACTOR YAVATMAL,Payment Success,393672.0,MPLADS eSAKSHI Public Dashboard
PAY-00192,WS/MP18369/2026-2027/177569,Maharashtra,YAVATMAL(DISTRICT COLLECTOR YAVATMAL_IDA),Sanjay Uttamrao Deshmukh,YAVATMAL-WASHIM,Lighting of public spaces,2026-06-26,Shriyog Electricals,Payment Success,393669.0,MPLADS eSAKSHI Public Dashboard
PAY-00193,WS/MP18369/2026-2027/177570,Maharashtra,YAVATMAL(DISTRICT COLLECTOR YAVATMAL_IDA),Sanjay Uttamrao Deshmukh,YAVATMAL-WASHIM,Lighting of public spaces,2026-06-26,Shriyog Electricals,Payment Success,393472.0,MPLADS eSAKSHI Public Dashboard
PAY-00194,WS/MP18369/2026-2027/177571,Maharashtra,YAVATMAL(DISTRICT COLLECTOR YAVATMAL_IDA),Sanjay Uttamrao Deshmukh,YAVATMAL-WASHIM,Lighting of public spaces,2026-06-26,MS KUNAL ELECTRICALS CONTRACTOR YAVATMAL,Payment Success,393708.0,MPLADS eSAKSHI Public Dashboard
PAY-00195,WS/MP18369/2026-2027/177572,Maharashtra,YAVATMAL(DISTRICT COLLECTOR YAVATMAL_IDA),Sanjay Uttamrao Deshmukh,YAVATMAL-WASHIM,Lighting of public spaces,2026-06-25,MS KUNAL ELECTRICALS CONTRACTOR YAVATMAL,Payment Success,393590.0,MPLADS eSAKSHI Public Dashboard
PAY-00196,WS/MP18369/2026-2027/177573,Maharashtra,YAVATMAL(DISTRICT COLLECTOR YAVATMAL_IDA),Sanjay Uttamrao Deshmukh,YAVATMAL-WASHIM,Lighting of public spaces,2026-06-25,Shriyog Electricals,Payment Success,393629.0,MPLADS eSAKSHI Public Dashboard
PAY-00197,WS/MP18369/2025-2026/177574,Maharashtra,YAVATMAL(DISTRICT COLLECTOR YAVATMAL_IDA),Sanjay Uttamrao Deshmukh,YAVATMAL-WASHIM,Lighting of public spaces,2026-03-25,MS Ashutosh Electricals Yavatmal,Payment Success,393593.0,MPLADS eSAKSHI Public Dashboard
PAY-00198,WS/MP18369/2025-2026/177576,Maharashtra,YAVATMAL(DISTRICT COLLECTOR YAVATMAL_IDA),Sanjay Uttamrao Deshmukh,YAVATMAL-WASHIM,Construction of community centers and community halls,2025-12-16,GP KOPRA JA,Payment Success,986561.0,MPLADS eSAKSHI Public Dashboard
PAY-00199,WS/MP18369/2025-2026/177577,Maharashtra,YAVATMAL(DISTRICT COLLECTOR YAVATMAL_IDA),Sanjay Uttamrao Deshmukh,YAVATMAL-WASHIM,Crematoriums/energy efficient crematoriums or structures on burial/cremation ground,2025-12-17,GRAM NIDHI GRAMPANCHAYAT MUBARAKPUR,Payment Success,990018.0,MPLADS eSAKSHI Public Dashboard
PAY-00200,WS/MP18369/2025-2026/177578,Maharashtra,YAVATMAL(DISTRICT COLLECTOR YAVATMAL_IDA),Sanjay Uttamrao Deshmukh,YAVATMAL-WASHIM,Lighting of public spaces,2026-03-25,MS Ashutosh Electricals Yavatmal,Payment Success,393551.0,MPLADS eSAKSHI Public Dashboard
PAY-00201,WS/MP18369/2026-2027/177579,Maharashtra,YAVATMAL(DISTRICT COLLECTOR YAVATMAL_IDA),Sanjay Uttamrao Deshmukh,YAVATMAL-WASHIM,Lighting of public spaces,2026-06-27,Shriyog Electricals,Payment Success,393708.0,MPLADS eSAKSHI Public Dashboard
PAY-00202,WS/MP18369/2026-2027/165950,Maharashtra,YAVATMAL(DISTRICT COLLECTOR YAVATMAL_IDA),Sanjay Uttamrao Deshmukh,YAVATMAL-WASHIM,Construction of common work sheds/ common covered sitting area,2026-08-17,AAVESH RAUF SHEIKH,Payment Success,198998.0,MPLADS eSAKSHI Public Dashboard
PAY-00203,WS/MP18369/2026-2027/187446,Maharashtra,YAVATMAL(DISTRICT COLLECTOR YAVATMAL_IDA),Sanjay Uttamrao Deshmukh,YAVATMAL-WASHIM,Security gates in streets/public place for safety purpose,2026-05-07,FOR SHRI MALKUJI MAHARAJ MAJUR KAMGAR SAHAKARI SANSTHA M BHAMB RAJA,Payment Success,491821.0,MPLADS eSAKSHI Public Dashboard
PAY-00204,WS/MP18258/2025-2026/183960,Maharashtra,YAVATMAL(DISTRICT COLLECTOR YAVATMAL_IDA),DHANORKAR PRATIBHA SURESH ALIAS BALUBHAU,CHANDRAPUR,"Construction of roads, link roads, pathways or any other road with or without drainage system",2026-02-04,Yogesh Ashok Burdkar,Payment Success,1149003.0,MPLADS eSAKSHI Public Dashboard
PAY-00205,WS/MP18369/2026-2027/257052,Maharashtra,YAVATMAL(DISTRICT COLLECTOR YAVATMAL_IDA),Sanjay Uttamrao Deshmukh,YAVATMAL-WASHIM,"Construction of roads, link roads, pathways or any other road with or without drainage system",2026-06-29,Gajanan Maharaj Majur Kamgar Sahakari Sanstha Maryadit Pandharkawadea,Payment Success,594833.0,MPLADS eSAKSHI Public Dashboard
PAY-00206,WS/MP18258/2025-2026/183834,Maharashtra,YAVATMAL(DISTRICT COLLECTOR YAVATMAL_IDA),DHANORKAR PRATIBHA SURESH ALIAS BALUBHAU,CHANDRAPUR,"Construction of roads, link roads, pathways or any other road with or without drainage system",2025-09-03,Kaleshwar Majur Kamgar Sahkari Sanstha Kaleshwar,Payment Success,1966157.0,MPLADS eSAKSHI Public Dashboard
PAY-00207,WS/MP18369/2026-2027/239318,Maharashtra,YAVATMAL(DISTRICT COLLECTOR YAVATMAL_IDA),Sanjay Uttamrao Deshmukh,YAVATMAL-WASHIM,Setting up of laboratories,2026-07-08,DIGITAL AUDIO VIDEO SOLUTIONS,Payment Success,699650.0,MPLADS eSAKSHI Public Dashboard
PAY-00208,WS/MP18258/2026-2027/183793,Maharashtra,CHANDRAPUR(DISTRICT COLLECTOR CHANDRAPUR_IDA),DHANORKAR PRATIBHA SURESH ALIAS BALUBHAU,CHANDRAPUR,"Construction of roads, link roads, pathways or any other road with or without drainage system",2026-06-19,SHRI SANT GAJANAN MAHARAJ MAJUR SAHAKARI SANSTHA MARYA PACHGAON,Payment Success,1181239.0,MPLADS eSAKSHI Public Dashboard
PAY-00209,WS/MP18258/2026-2027/183802,Maharashtra,CHANDRAPUR(DISTRICT COLLECTOR CHANDRAPUR_IDA),DHANORKAR PRATIBHA SURESH ALIAS BALUBHAU,CHANDRAPUR,Providing drains and gutters for public drainage,2026-06-19,Bhushan Gautam Patil,Payment Success,995057.0,MPLADS eSAKSHI Public Dashboard
PAY-00210,WS/MP18258/2026-2027/183805,Maharashtra,CHANDRAPUR(DISTRICT COLLECTOR CHANDRAPUR_IDA),DHANORKAR PRATIBHA SURESH ALIAS BALUBHAU,CHANDRAPUR,"Construction of roads, link roads, pathways or any other road with or without drainage system",2026-06-19,SAMTA MAJOOR SAHKARI SANSTHA MARYA RAJURA,Payment Success,1113514.0,MPLADS eSAKSHI Public Dashboard
PAY-00211,WS/MP18258/2026-2027/183811,Maharashtra,CHANDRAPUR(DISTRICT COLLECTOR CHANDRAPUR_IDA),DHANORKAR PRATIBHA SURESH ALIAS BALUBHAU,CHANDRAPUR,"Construction of roads, link roads, pathways or any other road with or without drainage system",2026-06-19,SHUBHAM GHANSHYAM YENURKAR,Payment Success,985923.0,MPLADS eSAKSHI Public Dashboard
PAY-00212,WS/MP18258/2026-2027/183812,Maharashtra,CHANDRAPUR(DISTRICT COLLECTOR CHANDRAPUR_IDA),DHANORKAR PRATIBHA SURESH ALIAS BALUBHAU,CHANDRAPUR,"Construction of roads, link roads, pathways or any other road with or without drainage system",2026-06-23,SMIT MAJUR SAHAKARI SANSTHA MARYA RAJURA,Payment Success,1416321.0,MPLADS eSAKSHI Public Dashboard
PAY-00213,WS/MP18117/2024-2025/142021,Maharashtra,DHULE(DISTRICT COLLECTOR DHULE_IDA),BACHHAV SHOBHA DINESH,DHULE,"Purchase of smart boards, visual display units and projectors",2024-12-19,Multiplex Technologies,Payment Success,1000000.0,MPLADS eSAKSHI Public Dashboard
PAY-00214,WS/MP18117/2024-2025/142022,Maharashtra,DHULE(DISTRICT COLLECTOR DHULE_IDA),BACHHAV SHOBHA DINESH,DHULE,"Purchase of smart boards, visual display units and projectors",2024-12-19,Multiplex Technologies,Payment Success,1000000.0,MPLADS eSAKSHI Public Dashboard
PAY-00215,WS/MP18117/2024-2025/170214,Maharashtra,DHULE(DISTRICT COLLECTOR DHULE_IDA),BACHHAV SHOBHA DINESH,DHULE,"Purchase of IT systems, including hardware and software for educational purposes",2025-08-14,Multiplex Technologies,Payment Success,1000000.0,MPLADS eSAKSHI Public Dashboard
PAY-00216,WS/MP675/2025-2026/257402,Maharashtra,BULDHANA(DISTRICT COLLECTOR BULDHANA_IDA),Prataprao Jadhav,BULDHANA,Construction of community centers and community halls,2026-03-04,SHARMA CONSTRUCTION,Payment Success,747028.0,MPLADS eSAKSHI Public Dashboard
PAY-00217,WS/MP675/2025-2026/257406,Maharashtra,BULDHANA(DISTRICT COLLECTOR BULDHANA_IDA),Prataprao Jadhav,BULDHANA,Construction of footpaths and pedestrian ways,2026-03-06,SHARMA CONSTRUCTION,Payment Success,461000.0,MPLADS eSAKSHI Public Dashboard
PAY-00218,WS/MP18127/2026-2027/274225,Maharashtra,NASHIK(DISTRICT COLLECTOR NASHIK_IDA),RAJABHAU,NASHIK,Street lights,2026-07-04,R PRAKASH ELECTRICAL AND ENGINEERS NASIK,Payment Success,989844.0,MPLADS eSAKSHI Public Dashboard
PAY-00219,WS/MP18127/2026-2027/253685,Maharashtra,NASHIK(DISTRICT COLLECTOR NASHIK_IDA),RAJABHAU,NASHIK,Providing CCTV camera system for security of public areas,2026-07-07,PEDKAI ELECTRICALS,Payment Success,499900.0,MPLADS eSAKSHI Public Dashboard
PAY-00220,WS/MP18127/2026-2027/253686,Maharashtra,NASHIK(DISTRICT COLLECTOR NASHIK_IDA),RAJABHAU,NASHIK,Providing CCTV camera system for security of public areas,2026-07-07,PEDKAI ELECTRICALS,Payment Success,499900.0,MPLADS eSAKSHI Public Dashboard
PAY-00221,WS/MP18127/2026-2027/253687,Maharashtra,NASHIK(DISTRICT COLLECTOR NASHIK_IDA),RAJABHAU,NASHIK,Street lights,2026-07-07,PEDKAI ELECTRICALS,Payment Success,499650.0,MPLADS eSAKSHI Public Dashboard
PAY-00222,WS/MP18127/2026-2027/253688,Maharashtra,NASHIK(DISTRICT COLLECTOR NASHIK_IDA),RAJABHAU,NASHIK,Street lights,2026-07-07,PEDKAI ELECTRICALS,Payment Success,988889.0,MPLADS eSAKSHI Public Dashboard
PAY-00223,WS/MP18127/2026-2027/253689,Maharashtra,NASHIK(DISTRICT COLLECTOR NASHIK_IDA),RAJABHAU,NASHIK,Providing CCTV camera system for security of public areas,2026-07-07,PEDKAI ELECTRICALS,Payment Success,499900.0,MPLADS eSAKSHI Public Dashboard
PAY-00224,WS/MP18127/2026-2027/253690,Maharashtra,NASHIK(DISTRICT COLLECTOR NASHIK_IDA),RAJABHAU,NASHIK,Providing CCTV camera system for security of public areas,2026-07-07,PEDKAI ELECTRICALS,Payment Success,499900.0,MPLADS eSAKSHI Public Dashboard
PAY-00225,WS/MP18127/2026-2027/253691,Maharashtra,NASHIK(DISTRICT COLLECTOR NASHIK_IDA),RAJABHAU,NASHIK,Providing CCTV camera system for security of public areas,2026-07-07,PEDKAI ELECTRICALS,Payment Success,499900.0,MPLADS eSAKSHI Public Dashboard
PAY-00226,WS/MP18258/2025-2026/164630,Maharashtra,CHANDRAPUR(DISTRICT COLLECTOR CHANDRAPUR_IDA),DHANORKAR PRATIBHA SURESH ALIAS BALUBHAU,CHANDRAPUR,"Purchase of IT systems, including hardware and software for educational purposes",2025-06-18,Mahalaxmi Enterprises,Payment Success,332715.0,MPLADS eSAKSHI Public Dashboard
PAY-00227,WS/MP18258/2025-2026/164630,Maharashtra,CHANDRAPUR(DISTRICT COLLECTOR CHANDRAPUR_IDA),DHANORKAR PRATIBHA SURESH ALIAS BALUBHAU,CHANDRAPUR,"Purchase of IT systems, including hardware and software for educational purposes",2025-06-18,Siddharth Enterprises,Payment Success,116490.0,MPLADS eSAKSHI Public Dashboard
PAY-00228,WS/MP18119/2025-2026/163436,Maharashtra,CHANDRAPUR(DISTRICT COLLECTOR CHANDRAPUR_IDA),DR. KIRSAN NAMDEO,GADCHIROLI-CHIMUR(ST),Construction of public libraries and reading rooms,2026-03-24,GRAM PANCHYAT MANGLI,Payment Success,1404544.0,MPLADS eSAKSHI Public Dashboard
PAY-00229,WS/MP18119/2026-2027/163437,Maharashtra,CHANDRAPUR(DISTRICT COLLECTOR CHANDRAPUR_IDA),DR. KIRSAN NAMDEO,GADCHIROLI-CHIMUR(ST),Construction of public libraries and reading rooms,2026-06-18,JILHA VARSHIK YOJANA G P SATHAGAON,Payment Success,1457701.0,MPLADS eSAKSHI Public Dashboard
PAY-00230,WS/MP18119/2026-2027/163438,Maharashtra,CHANDRAPUR(DISTRICT COLLECTOR CHANDRAPUR_IDA),DR. KIRSAN NAMDEO,GADCHIROLI-CHIMUR(ST),Construction of public libraries and reading rooms,2026-06-18,LAKSHMINARAYAN MAJUR SAHKARI SANSTHA MARYADIT,Payment Success,1398856.0,MPLADS eSAKSHI Public Dashboard
PAY-00231,WS/MP18119/2025-2026/163439,Maharashtra,CHANDRAPUR(DISTRICT COLLECTOR CHANDRAPUR_IDA),DR. KIRSAN NAMDEO,GADCHIROLI-CHIMUR(ST),Construction of public libraries and reading rooms,2026-03-11,GRAM PANCHYAT ADEGAON,Payment Success,1394658.0,MPLADS eSAKSHI Public Dashboard
PAY-00232,WS/MP18258/2025-2026/159947,Maharashtra,CHANDRAPUR(DISTRICT COLLECTOR CHANDRAPUR_IDA),DHANORKAR PRATIBHA SURESH ALIAS BALUBHAU,CHANDRAPUR,Construction of public irrigation facilities,2026-03-26,PRABHUJI CONSTRUCTION,Payment Success,1806232.0,MPLADS eSAKSHI Public Dashboard
PAY-00233,WS/MP18258/2026-2027/183905,Maharashtra,CHANDRAPUR(DISTRICT COLLECTOR CHANDRAPUR_IDA),DHANORKAR PRATIBHA SURESH ALIAS BALUBHAU,CHANDRAPUR,"Construction of roads, link roads, pathways or any other road with or without drainage system",2026-09-02,SHRI GANESH BANDHKAM MAJUR SAHAKARI SANSTHA CHANDRAPUR,Payment Success,995892.0,MPLADS eSAKSHI Public Dashboard
PAY-00234,WS/MP18258/2025-2026/183814,Maharashtra,CHANDRAPUR(DISTRICT COLLECTOR CHANDRAPUR_IDA),DHANORKAR PRATIBHA SURESH ALIAS BALUBHAU,CHANDRAPUR,Providing drains and gutters for public drainage,2026-03-10,DISHA ENTERPRISES,Payment Success,999828.0,MPLADS eSAKSHI Public Dashboard
PAY-00235,WS/MP18258/2025-2026/183816,Maharashtra,CHANDRAPUR(DISTRICT COLLECTOR CHANDRAPUR_IDA),DHANORKAR PRATIBHA SURESH ALIAS BALUBHAU,CHANDRAPUR,"Construction of roads, link roads, pathways or any other road with or without drainage system",2026-03-10,DISHA ENTERPRISES,Payment Success,476962.0,MPLADS eSAKSHI Public Dashboard
PAY-00236,WS/MP18258/2025-2026/183824,Maharashtra,CHANDRAPUR(DISTRICT COLLECTOR CHANDRAPUR_IDA),DHANORKAR PRATIBHA SURESH ALIAS BALUBHAU,CHANDRAPUR,Providing drains and gutters for public drainage,2026-03-17,DISHA ENTERPRISES,Payment Success,984502.0,MPLADS eSAKSHI Public Dashboard
PAY-00237,WS/MP18258/2026-2027/183826,Maharashtra,CHANDRAPUR(DISTRICT COLLECTOR CHANDRAPUR_IDA),DHANORKAR PRATIBHA SURESH ALIAS BALUBHAU,CHANDRAPUR,"Construction of roads, link roads, pathways or any other road with or without drainage system",2026-09-02,NUTAN KAMGAR SAHAKARI SANSTHA,Payment Success,1977971.0,MPLADS eSAKSHI Public Dashboard
PAY-00238,WS/MP18258/2026-2027/183797,Maharashtra,CHANDRAPUR(DISTRICT COLLECTOR CHANDRAPUR_IDA),DHANORKAR PRATIBHA SURESH ALIAS BALUBHAU,CHANDRAPUR,"Construction of roads, link roads, pathways or any other road with or without drainage system",2026-08-07,NUTAN KAMGAR SAHAKARI SANSTHA,Payment Success,1466928.0,MPLADS eSAKSHI Public Dashboard
PAY-00239,WS/MP692/2025-2026/183629,Maharashtra,PUNE(DISTRICT COLLECTOR PUNE_IDA),Smt Supriya Sadanand Sule,BARAMATI,Lighting of public spaces,2025-10-16,Aarti Enterprises,Payment Success,990000.0,MPLADS eSAKSHI Public Dashboard
PAY-00240,WS/MP685/2025-2026/196296,Maharashtra,PUNE(DISTRICT COLLECTOR PUNE_IDA),Shrirang Appa Barne,MAVAL,Street lights,2025-10-13,Trimurti Infotech,Payment Success,600000.0,MPLADS eSAKSHI Public Dashboard
PAY-00241,WS/MP685/2025-2026/196297,Maharashtra,PUNE(DISTRICT COLLECTOR PUNE_IDA),Shrirang Appa Barne,MAVAL,Street lights,2025-10-13,Trimurti Infotech,Payment Success,300000.0,MPLADS eSAKSHI Public Dashboard
PAY-00242,WS/MP685/2025-2026/196299,Maharashtra,PUNE(DISTRICT COLLECTOR PUNE_IDA),Shrirang Appa Barne,MAVAL,Street lights,2025-10-13,Trimurti Infotech,Payment Success,300000.0,MPLADS eSAKSHI Public Dashboard
PAY-00243,WS/MP685/2025-2026/196301,Maharashtra,PUNE(DISTRICT COLLECTOR PUNE_IDA),Shrirang Appa Barne,MAVAL,Street lights,2025-10-13,Trimurti Infotech,Payment Success,300000.0,MPLADS eSAKSHI Public Dashboard
PAY-00244,WS/MP685/2025-2026/196302,Maharashtra,PUNE(DISTRICT COLLECTOR PUNE_IDA),Shrirang Appa Barne,MAVAL,Street lights,2025-10-13,Trimurti Infotech,Payment Success,300000.0,MPLADS eSAKSHI Public Dashboard
PAY-00245,WS/MP685/2025-2026/196303,Maharashtra,PUNE(DISTRICT COLLECTOR PUNE_IDA),Shrirang Appa Barne,MAVAL,Street lights,2025-10-13,Trimurti Infotech,Payment Success,300000.0,MPLADS eSAKSHI Public Dashboard
PAY-00246,WS/MP685/2025-2026/196305,Maharashtra,PUNE(DISTRICT COLLECTOR PUNE_IDA),Shrirang Appa Barne,MAVAL,Street lights,2025-10-13,Trimurti Infotech,Payment Success,600000.0,MPLADS eSAKSHI Public Dashboard
PAY-00247,WS/MP685/2025-2026/196307,Maharashtra,PUNE(DISTRICT COLLECTOR PUNE_IDA),Shrirang Appa Barne,MAVAL,Street lights,2025-10-13,Trimurti Infotech,Payment Success,299994.0,MPLADS eSAKSHI Public Dashboard
PAY-00248,WS/MP685/2025-2026/196308,Maharashtra,PUNE(DISTRICT COLLECTOR PUNE_IDA),Shrirang Appa Barne,MAVAL,Street lights,2025-10-13,Trimurti Infotech,Payment Success,300000.0,MPLADS eSAKSHI Public Dashboard
PAY-00249,WS/MP685/2025-2026/196310,Maharashtra,PUNE(DISTRICT COLLECTOR PUNE_IDA),Shrirang Appa Barne,MAVAL,Street lights,2025-10-13,Trimurti Infotech,Payment Success,300000.0,MPLADS eSAKSHI Public Dashboard
PAY-00250,WS/MP685/2025-2026/196312,Maharashtra,PUNE(DISTRICT COLLECTOR PUNE_IDA),Shrirang Appa Barne,MAVAL,Street lights,2025-10-13,Trimurti Infotech,Payment Success,600000.0,MPLADS eSAKSHI Public Dashboard
PAY-00251,WS/MP685/2025-2026/196313,Maharashtra,PUNE(DISTRICT COLLECTOR PUNE_IDA),Shrirang Appa Barne,MAVAL,Street lights,2025-10-13,Trimurti Infotech,Payment Success,499990.0,MPLADS eSAKSHI Public Dashboard
PAY-00252,WS/MP685/2025-2026/196314,Maharashtra,PUNE(DISTRICT COLLECTOR PUNE_IDA),Shrirang Appa Barne,MAVAL,Street lights,2025-10-13,Trimurti Infotech,Payment Success,600000.0,MPLADS eSAKSHI Public Dashboard
PAY-00253,WS/MP685/2025-2026/196341,Maharashtra,PUNE(DISTRICT COLLECTOR PUNE_IDA),Shrirang Appa Barne,MAVAL,Street lights,2025-10-13,Trimurti Infotech,Payment Success,599988.0,MPLADS eSAKSHI Public Dashboard
PAY-00254,WS/MP18369/2025-2026/187442,Maharashtra,YAVATMAL(DISTRICT COLLECTOR YAVATMAL_IDA),Sanjay Uttamrao Deshmukh,YAVATMAL-WASHIM,Installing tube-wells and borewells,2025-11-27,GP WANOLI I,Payment Success,199636.0,MPLADS eSAKSHI Public Dashboard
PAY-00255,WS/ MP667/2025-2026/160975,Maharashtra,SANGLI(DISTRICT COLLECTOR SANGLI_IDA),Dhairyasheel Sambhajirao Mane,HATKANANGLE,Setting up public non-conventional energy plants,2026-03-20,Cosine Green Power,Payment Success,3086456.0,MPLADS eSAKSHI Public Dashboard
PAY-00256,WS/MP18119/2025-2026/163414,Maharashtra,GADCHIROLI(DISTRICT COLLECTOR GADCHIROLI_IDA),DR. KIRSAN NAMDEO,GADCHIROLI-CHIMUR(ST),Construction of public libraries and reading rooms,2026-08-05,Dnyneshwar Ramji Bhanderkar,Payment Success,926097.0,MPLADS eSAKSHI Public Dashboard
PAY-00257,WS/MP18118/2025-2026/160490,Maharashtra,AZAMGARH(DISTRICT MAGISTRATE AZAMGARH_IDA),BHASKAR MURLIDHAR BHAGARE,DINDORI(ST),Construction of rooms and halls in school and colleges,2025-08-08,BABA BAIJNATH HS SCHOOL SARUPAHAN,Payment Success,483535.0,MPLADS eSAKSHI Public Dashboard
PAY-00258,WS/MP18118/2025-2026/160490,Maharashtra,AZAMGARH(DISTRICT MAGISTRATE AZAMGARH_IDA),BHASKAR MURLIDHAR BHAGARE,DINDORI(ST),Construction of rooms and halls in school and colleges,2025-11-12,BABA BAIJNATH HS SCHOOL SARUPAHAN,Payment Success,516465.0,MPLADS eSAKSHI Public Dashboard
PAY-00259,WS/MP18119/2025-2026/163406,Maharashtra,GADCHIROLI(DISTRICT COLLECTOR GADCHIROLI_IDA),DR. KIRSAN NAMDEO,GADCHIROLI-CHIMUR(ST),Construction of community centers and community halls,2026-02-12,Digvijay Kewalram Nimbekar,Payment Success,495958.0,MPLADS eSAKSHI Public Dashboard
PAY-00260,WS/MP18119/2025-2026/163407,Maharashtra,GADCHIROLI(DISTRICT COLLECTOR GADCHIROLI_IDA),DR. KIRSAN NAMDEO,GADCHIROLI-CHIMUR(ST),Construction of community centers and community halls,2026-05-07,PAVAN CHARANDAS CHAPLE,Payment Success,991750.0,MPLADS eSAKSHI Public Dashboard
PAY-00261,WS/MP18119/2025-2026/163408,Maharashtra,GADCHIROLI(DISTRICT COLLECTOR GADCHIROLI_IDA),DR. KIRSAN NAMDEO,GADCHIROLI-CHIMUR(ST),Construction of public libraries and reading rooms,2026-03-18,DHIRAJ RAJENDRA BULLE,Payment Success,1488757.0,MPLADS eSAKSHI Public Dashboard
PAY-00262,WS/MP18119/2025-2026/163398,Maharashtra,GADCHIROLI(DISTRICT COLLECTOR GADCHIROLI_IDA),DR. KIRSAN NAMDEO,GADCHIROLI-CHIMUR(ST),Construction of public libraries and reading rooms,2026-05-13,SAMIR RAMKRUSHNA TAJNE,Payment Success,692973.0,MPLADS eSAKSHI Public Dashboard
PAY-00263,WS/MP18119/2025-2026/163399,Maharashtra,GADCHIROLI(DISTRICT COLLECTOR GADCHIROLI_IDA),DR. KIRSAN NAMDEO,GADCHIROLI-CHIMUR(ST),Construction of public libraries and reading rooms,2026-03-18,SAMIR RAMKRUSHNA TAJNE,Payment Success,980238.0,MPLADS eSAKSHI Public Dashboard
PAY-00264,WS/MP18119/2025-2026/163574,Maharashtra,GADCHIROLI(DISTRICT COLLECTOR GADCHIROLI_IDA),DR. KIRSAN NAMDEO,GADCHIROLI-CHIMUR(ST),Construction of public toilets and bathrooms,2026-07-25,SAMIR RAMKRUSHNA TAJNE,Payment Success,992595.0,MPLADS eSAKSHI Public Dashboard
PAY-00265,WS/MP18119/2025-2026/163575,Maharashtra,GADCHIROLI(DISTRICT COLLECTOR GADCHIROLI_IDA),DR. KIRSAN NAMDEO,GADCHIROLI-CHIMUR(ST),"Construction of roads, link roads, pathways or any other road with or without drainage system",2026-03-18,ASAD SAYEED KHAN,Payment Success,992900.0,MPLADS eSAKSHI Public Dashboard
PAY-00266,WS/MP18119/2025-2026/163395,Maharashtra,GADCHIROLI(DISTRICT COLLECTOR GADCHIROLI_IDA),DR. KIRSAN NAMDEO,GADCHIROLI-CHIMUR(ST),Construction of public libraries and reading rooms,2026-08-18,SAMIR RAMKRUSHNA TAJNE,Payment Success,995416.0,MPLADS eSAKSHI Public Dashboard
PAY-00267,WS/MP18119/2025-2026/163401,Maharashtra,GADCHIROLI(DISTRICT COLLECTOR GADCHIROLI_IDA),DR. KIRSAN NAMDEO,GADCHIROLI-CHIMUR(ST),Construction of public libraries and reading rooms,2026-01-16,SAMIR RAMKRUSHNA TAJNE,Payment Success,1176184.0,MPLADS eSAKSHI Public Dashboard
PAY-00268,WS/MP18119/2025-2026/163402,Maharashtra,GADCHIROLI(DISTRICT COLLECTOR GADCHIROLI_IDA),DR. KIRSAN NAMDEO,GADCHIROLI-CHIMUR(ST),Construction of community centers and community halls,2026-01-16,SAMIR RAMKRUSHNA TAJNE,Payment Success,978950.0,MPLADS eSAKSHI Public Dashboard
PAY-00269,WS/MP18369/2026-2027/295300,Maharashtra,YAVATMAL(DISTRICT COLLECTOR YAVATMAL_IDA),Sanjay Uttamrao Deshmukh,YAVATMAL-WASHIM,"Construction of roads, link roads, pathways or any other road with or without drainage system",2026-07-20,PRAVIN GANESHRAO PARANDE,Payment Success,980871.0,MPLADS eSAKSHI Public Dashboard
PAY-00270,WS/MP18369/2025-2026/240011,Maharashtra,YAVATMAL(DISTRICT COLLECTOR YAVATMAL_IDA),Sanjay Uttamrao Deshmukh,YAVATMAL-WASHIM,"Construction of roads, link roads, pathways or any other road with or without drainage system",2026-02-06,SECRETARY G.P. NAYGAON,Payment Success,976825.0,MPLADS eSAKSHI Public Dashboard
PAY-00271,WS/MP18369/2025-2026/240012,Maharashtra,YAVATMAL(DISTRICT COLLECTOR YAVATMAL_IDA),Sanjay Uttamrao Deshmukh,YAVATMAL-WASHIM,"Construction of roads, link roads, pathways or any other road with or without drainage system",2026-03-19,GRAMIN PANI PURWATHA,Payment Success,974910.0,MPLADS eSAKSHI Public Dashboard
PAY-00272,WS/MP18122/2025-2026/184089,Maharashtra,Chhatrapati Sambhajinagar(DISTRICT COLLECTOR AURANGABAD_IDA),KALYAN VAIJINATHRAO KALE,JALNA,"Construction of roads, link roads, pathways or any other road with or without drainage system",2026-03-24,PRATIBHA M S S LTD,Payment Success,970505.0,MPLADS eSAKSHI Public Dashboard
PAY-00273,WS/MP18122/2025-2026/173945,Maharashtra,Chhatrapati Sambhajinagar(DISTRICT COLLECTOR AURANGABAD_IDA),KALYAN VAIJINATHRAO KALE,JALNA,"Construction of roads, link roads, pathways or any other road with or without drainage system",2026-07-14,JAI SANTOSHI MATA MSS LTD CHH SAMBHAJINAGAR,Payment Success,999563.0,MPLADS eSAKSHI Public Dashboard
PAY-00274,WS/MP18122/2025-2026/173947,Maharashtra,Chhatrapati Sambhajinagar(DISTRICT COLLECTOR AURANGABAD_IDA),KALYAN VAIJINATHRAO KALE,JALNA,"Construction of roads, link roads, pathways or any other road with or without drainage system",2026-01-22,AMOL BADRINARAYAN KALASKAR,Payment Success,1000000.0,MPLADS eSAKSHI Public Dashboard
PAY-00275,WS/MP18122/2025-2026/173942,Maharashtra,Chhatrapati Sambhajinagar(DISTRICT COLLECTOR AURANGABAD_IDA),KALYAN VAIJINATHRAO KALE,JALNA,"Construction of roads, link roads, pathways or any other road with or without drainage system",2025-12-20,CH GAJANAN MSS LTD,Payment Success,999205.0,MPLADS eSAKSHI Public Dashboard
PAY-00276,WS/MP18122/2025-2026/175364,Maharashtra,Chhatrapati Sambhajinagar(DISTRICT COLLECTOR AURANGABAD_IDA),KALYAN VAIJINATHRAO KALE,JALNA,"Construction of roads, link roads, pathways or any other road with or without drainage system",2026-02-13,AKSHAY BHASKAR GAIKWAD,Payment Success,500000.0,MPLADS eSAKSHI Public Dashboard
PAY-00277,WS/MP18122/2025-2026/175365,Maharashtra,Chhatrapati Sambhajinagar(DISTRICT COLLECTOR AURANGABAD_IDA),KALYAN VAIJINATHRAO KALE,JALNA,Construction of community centers and community halls,2026-02-13,AKSHAY BHASKAR GAIKWAD,Payment Success,1000000.0,MPLADS eSAKSHI Public Dashboard
PAY-00278,WS/MP18122/2025-2026/175369,Maharashtra,Chhatrapati Sambhajinagar(DISTRICT COLLECTOR AURANGABAD_IDA),KALYAN VAIJINATHRAO KALE,JALNA,Development of public parks,2025-12-17,ARTI KALYAN AUTADE,Payment Success,1000000.0,MPLADS eSAKSHI Public Dashboard
PAY-00279,WS/MP18122/2025-2026/175370,Maharashtra,Chhatrapati Sambhajinagar(DISTRICT COLLECTOR AURANGABAD_IDA),KALYAN VAIJINATHRAO KALE,JALNA,"Construction of roads, link roads, pathways or any other road with or without drainage system",2025-07-01,SHAIKH AMER ANWAR,Payment Success,1000000.0,MPLADS eSAKSHI Public Dashboard
PAY-00280,WS/MP18122/2025-2026/176399,Maharashtra,Chhatrapati Sambhajinagar(DISTRICT COLLECTOR AURANGABAD_IDA),KALYAN VAIJINATHRAO KALE,JALNA,"Construction of roads, link roads, pathways or any other road with or without drainage system",2025-09-10,SHIVANAND JANARDHAN NAGRE,Payment Success,950247.0,MPLADS eSAKSHI Public Dashboard
PAY-00281,WS/MP18122/2025-2026/173902,Maharashtra,Chhatrapati Sambhajinagar(DISTRICT COLLECTOR AURANGABAD_IDA),KALYAN VAIJINATHRAO KALE,JALNA,"Construction of roads, link roads, pathways or any other road with or without drainage system",2026-03-26,HIVRA M S S LTD CHHATRAPATI SAMBHAJINAGAR,Payment Success,989809.0,MPLADS eSAKSHI Public Dashboard
PAY-00282,WS/MP18113/2026-2027/202128,Maharashtra,Chhatrapati Sambhajinagar(DISTRICT COLLECTOR AURANGABAD_IDA),BHUMARE SANDIPANRAO ASARAM,AURANGABAD_MH,Construction of community centers and community halls,2026-05-18,SAMAY SACHIN KASLIWAL,Payment Success,924462.0,MPLADS eSAKSHI Public Dashboard
PAY-00283,WS/MP18113/2025-2026/162518,Maharashtra,Chhatrapati Sambhajinagar(DISTRICT COLLECTOR AURANGABAD_IDA),BHUMARE SANDIPANRAO ASARAM,AURANGABAD_MH,Construction of community centers and community halls,2025-06-12,SUYASH VISHNU MITKAR,Payment Success,1491921.0,MPLADS eSAKSHI Public Dashboard
PAY-00284,WS/MP18122/2025-2026/225414,Maharashtra,Chhatrapati Sambhajinagar(DISTRICT COLLECTOR AURANGABAD_IDA),KALYAN VAIJINATHRAO KALE,JALNA,"Construction of roads, link roads, pathways or any other road with or without drainage system",2026-01-04,AMOL BADRINARAYAN KALASKAR,Payment Success,999000.0,MPLADS eSAKSHI Public Dashboard
PAY-00285,WS/MP18122/2025-2026/225415,Maharashtra,Chhatrapati Sambhajinagar(DISTRICT COLLECTOR AURANGABAD_IDA),KALYAN VAIJINATHRAO KALE,JALNA,"Construction of roads, link roads, pathways or any other road with or without drainage system",2026-01-04,AMOL BADRINARAYAN KALASKAR,Payment Success,999000.0,MPLADS eSAKSHI Public Dashboard
PAY-00286,WS/MP18113/2025-2026/219691,Maharashtra,Chhatrapati Sambhajinagar(DISTRICT COLLECTOR AURANGABAD_IDA),BHUMARE SANDIPANRAO ASARAM,AURANGABAD_MH,Development of public parks,2025-12-30,CH JAWAHAR M S S LTD CHH SAMBHAJINAGAR,Payment Success,999000.0,MPLADS eSAKSHI Public Dashboard
PAY-00287,WS/MP18114/2026-2027/247796,Maharashtra,BEED(DISTRICT COLLECTOR BEED_IDA),BAJRANG MANOHAR SONWANE,BEED,Construction of community centers and community halls,2026-08-14,mohini anil bhise,Payment Success,992383.0,MPLADS eSAKSHI Public Dashboard
PAY-00288,WS/MP18114/2026-2027/247799,Maharashtra,BEED(DISTRICT COLLECTOR BEED_IDA),BAJRANG MANOHAR SONWANE,BEED,Construction of community centers and community halls,2026-08-14,mohini anil bhise,Payment Success,993302.0,MPLADS eSAKSHI Public Dashboard
PAY-00289,WS/MP18114/2026-2027/247816,Maharashtra,BEED(DISTRICT COLLECTOR BEED_IDA),BAJRANG MANOHAR SONWANE,BEED,Construction of boundary walls of existing public and community buildings,2026-07-22,mohini anil bhise,Payment Success,995413.0,MPLADS eSAKSHI Public Dashboard
PAY-00290,WS/MP18114/2025-2026/157616,Maharashtra,BEED(DISTRICT COLLECTOR BEED_IDA),BAJRANG MANOHAR SONWANE,BEED,Construction of community centers and community halls,2026-01-29,Hosabai Mahila Majoor Sahakari Sanstha Limited Sarni Aa,Payment Success,996888.0,MPLADS eSAKSHI Public Dashboard
PAY-00291,WS/MP18114/2025-2026/157622,Maharashtra,BEED(DISTRICT COLLECTOR BEED_IDA),BAJRANG MANOHAR SONWANE,BEED,Construction of community centers and community halls,2025-12-18,UDDHAVRAO PATIL MAJUR SAHKARI SANSTHA,Payment Success,994717.0,MPLADS eSAKSHI Public Dashboard
PAY-00292,WS/MP18114/2026-2027/227486,Maharashtra,BEED(DISTRICT COLLECTOR BEED_IDA),BAJRANG MANOHAR SONWANE,BEED,Construction of community centers and community halls,2026-05-26,MAHALAXMI MAJUR SAHKARI SANSTHA,Payment Success,999466.0,MPLADS eSAKSHI Public Dashboard
PAY-00293,WS/MP18114/2026-2027/227487,Maharashtra,BEED(DISTRICT COLLECTOR BEED_IDA),BAJRANG MANOHAR SONWANE,BEED,Construction of community centers and community halls,2026-08-22,AJINKYA YODDHA MAJOOR SAHAKARI SANSTHA M KAIJ,Payment Success,996401.0,MPLADS eSAKSHI Public Dashboard
PAY-00294,WS/MP18114/2025-2026/157436,Maharashtra,BEED(DISTRICT COLLECTOR BEED_IDA),BAJRANG MANOHAR SONWANE,BEED,Construction of community centers and community halls,2026-01-01,Hosabai Mahila Majoor Sahakari Sanstha Limited Sarni Aa,Payment Success,898906.0,MPLADS eSAKSHI Public Dashboard
PAY-00295,WS/MP18114/2025-2026/157437,Maharashtra,BEED(DISTRICT COLLECTOR BEED_IDA),BAJRANG MANOHAR SONWANE,BEED,Construction of community centers and community halls,2025-09-16,UDDHAVRAO PATIL MAJUR SAHKARI SANSTHA,Payment Success,999366.0,MPLADS eSAKSHI Public Dashboard
PAY-00296,WS/MP18114/2025-2026/157438,Maharashtra,BEED(DISTRICT COLLECTOR BEED_IDA),BAJRANG MANOHAR SONWANE,BEED,Construction of community centers and community halls,2026-03-28,Hosabai Mahila Majoor Sahakari Sanstha Limited Sarni Aa,Payment Success,999556.0,MPLADS eSAKSHI Public Dashboard
PAY-00297,WS/MP18114/2025-2026/157440,Maharashtra,BEED(DISTRICT COLLECTOR BEED_IDA),BAJRANG MANOHAR SONWANE,BEED,Construction of community centers and community halls,2025-10-08,MAGASWARGIYA KARUNA MAJOOR SAHAKARI,Payment Success,999084.0,MPLADS eSAKSHI Public Dashboard
PAY-00298,WS/MP18114/2025-2026/157446,Maharashtra,BEED(DISTRICT COLLECTOR BEED_IDA),BAJRANG MANOHAR SONWANE,BEED,Construction of community centers and community halls,2026-01-29,Hosabai Mahila Majoor Sahakari Sanstha Limited Sarni Aa,Payment Success,994001.0,MPLADS eSAKSHI Public Dashboard
PAY-00299,WS/MP18114/2025-2026/157447,Maharashtra,BEED(DISTRICT COLLECTOR BEED_IDA),BAJRANG MANOHAR SONWANE,BEED,Construction of community centers and community halls,2025-12-11,UDDHAVRAO PATIL MAJUR SAHKARI SANSTHA,Payment Success,995218.0,MPLADS eSAKSHI Public Dashboard
PAY-00300,WS/MP18114/2025-2026/157450,Maharashtra,BEED(DISTRICT COLLECTOR BEED_IDA),BAJRANG MANOHAR SONWANE,BEED,Construction of community centers and community halls,2025-08-14,MAGASWARGIYA KARUNA MAJOOR SAHAKARI,Payment Success,995532.0,MPLADS eSAKSHI Public Dashboard
PAY-00301,WS/MP18114/2025-2026/157452,Maharashtra,BEED(DISTRICT COLLECTOR BEED_IDA),BAJRANG MANOHAR SONWANE,BEED,Construction of community centers and community halls,2026-03-17,UDDHAVRAO PATIL MAJUR SAHKARI SANSTHA,Payment Success,997293.0,MPLADS eSAKSHI Public Dashboard
PAY-00302,WS/MP18114/2026-2027/157453,Maharashtra,BEED(DISTRICT COLLECTOR BEED_IDA),BAJRANG MANOHAR SONWANE,BEED,Construction of community centers and community halls,2026-06-23,Hosabai Mahila Majoor Sahakari Sanstha Limited Sarni Aa,Payment Success,997213.0,MPLADS eSAKSHI Public Dashboard
PAY-00303,WS/MP18114/2025-2026/157454,Maharashtra,BEED(DISTRICT COLLECTOR BEED_IDA),BAJRANG MANOHAR SONWANE,BEED,Construction of community centers and community halls,2026-03-28,Hosabai Mahila Majoor Sahakari Sanstha Limited Sarni Aa,Payment Success,997785.0,MPLADS eSAKSHI Public Dashboard
PAY-00304,WS/MP18114/2025-2026/157456,Maharashtra,BEED(DISTRICT COLLECTOR BEED_IDA),BAJRANG MANOHAR SONWANE,BEED,Construction of community centers and community halls,2025-12-11,KUMBEPHAL SAHAKARI MAJUR SANSTHA MARYADIT KUMBEPHAL,Payment Success,995370.0,MPLADS eSAKSHI Public Dashboard
PAY-00305,WS/MP18114/2025-2026/157475,Maharashtra,BEED(DISTRICT COLLECTOR BEED_IDA),BAJRANG MANOHAR SONWANE,BEED,Construction of community centers and community halls,2025-09-16,MAHALAXMI MAJUR SAHKARI SANSTHA,Payment Success,998532.0,MPLADS eSAKSHI Public Dashboard
PAY-00306,WS/MP18114/2025-2026/157479,Maharashtra,BEED(DISTRICT COLLECTOR BEED_IDA),BAJRANG MANOHAR SONWANE,BEED,Construction of community centers and community halls,2025-05-08,UDDHAVRAO PATIL MAJUR SAHKARI SANSTHA,Payment Success,699468.0,MPLADS eSAKSHI Public Dashboard
PAY-00307,WS/MP18114/2025-2026/157481,Maharashtra,BEED(DISTRICT COLLECTOR BEED_IDA),BAJRANG MANOHAR SONWANE,BEED,Construction of community centers and community halls,2026-03-28,JIJAI MAJOOR SAHAKARI SANSTHA LTD,Payment Success,995204.0,MPLADS eSAKSHI Public Dashboard
PAY-00308,WS/MP18114/2025-2026/157492,Maharashtra,BEED(DISTRICT COLLECTOR BEED_IDA),BAJRANG MANOHAR SONWANE,BEED,Construction of community centers and community halls,2026-04-04,YOGESHWARI MAJOOR SAHAKARI SANSTHA LIMITED MANGWADGAON,Payment Success,995447.0,MPLADS eSAKSHI Public Dashboard
PAY-00309,WS/MP18114/2025-2026/157541,Maharashtra,BEED(DISTRICT COLLECTOR BEED_IDA),BAJRANG MANOHAR SONWANE,BEED,Construction of community centers and community halls,2026-02-02,Janta Majoor Sahakari Sanstha Maryadit Patoda,Payment Success,998898.0,MPLADS eSAKSHI Public Dashboard
PAY-00310,WS/MP18114/2025-2026/157634,Maharashtra,BEED(DISTRICT COLLECTOR BEED_IDA),BAJRANG MANOHAR SONWANE,BEED,Construction of community centers and community halls,2026-03-28,MAGASWARGIYA KARUNA MAJOOR SAHAKARI,Payment Success,996465.0,MPLADS eSAKSHI Public Dashboard
PAY-00311,WS/MP18114/2026-2027/157647,Maharashtra,BEED(DISTRICT COLLECTOR BEED_IDA),BAJRANG MANOHAR SONWANE,BEED,Construction of community centers and community halls,2026-06-20,AJINKYA YODDHA MAJOOR SAHAKARI SANSTHA M KAIJ,Payment Success,998710.0,MPLADS eSAKSHI Public Dashboard
PAY-00312,WS/MP18114/2026-2027/157648,Maharashtra,BEED(DISTRICT COLLECTOR BEED_IDA),BAJRANG MANOHAR SONWANE,BEED,Construction of community centers and community halls,2026-06-23,Hosabai Mahila Majoor Sahakari Sanstha Limited Sarni Aa,Payment Success,998740.0,MPLADS eSAKSHI Public Dashboard
PAY-00313,WS/MP18114/2026-2027/157654,Maharashtra,BEED(DISTRICT COLLECTOR BEED_IDA),BAJRANG MANOHAR SONWANE,BEED,Construction of community centers and community halls,2026-06-23,UDDHAVRAO PATIL MAJUR SAHKARI SANSTHA,Payment Success,998564.0,MPLADS eSAKSHI Public Dashboard
PAY-00314,WS/MP18114/2025-2026/157656,Maharashtra,BEED(DISTRICT COLLECTOR BEED_IDA),BAJRANG MANOHAR SONWANE,BEED,Construction of community centers and community halls,2025-07-10,MATOSHREE MAJOOR SAHAKARI SANSTHA LIMITED,Payment Success,896192.0,MPLADS eSAKSHI Public Dashboard
PAY-00315,WS/MP18114/2025-2026/157658,Maharashtra,BEED(DISTRICT COLLECTOR BEED_IDA),BAJRANG MANOHAR SONWANE,BEED,Construction of community centers and community halls,2026-02-13,SANDESHWAR MAJOOR SAHKARI SANSTHA,Payment Success,898526.0,MPLADS eSAKSHI Public Dashboard
PAY-00316,WS/MP18114/2025-2026/166003,Maharashtra,BEED(DISTRICT COLLECTOR BEED_IDA),BAJRANG MANOHAR SONWANE,BEED,Construction of community centers and community halls,2026-02-23,Dambhe Construction Company at post dhoptwadi patoda dist Beed,Payment Success,992963.0,MPLADS eSAKSHI Public Dashboard
PAY-00317,WS/MP18114/2025-2026/166009,Maharashtra,BEED(DISTRICT COLLECTOR BEED_IDA),BAJRANG MANOHAR SONWANE,BEED,Construction of community centers and community halls,2025-12-04,Dambhe Construction Company at post dhoptwadi patoda dist Beed,Payment Success,990214.0,MPLADS eSAKSHI Public Dashboard
PAY-00318,WS/MP18114/2025-2026/166011,Maharashtra,BEED(DISTRICT COLLECTOR BEED_IDA),BAJRANG MANOHAR SONWANE,BEED,Construction of community centers and community halls,2026-02-13,Dambhe Construction Company at post dhoptwadi patoda dist Beed,Payment Success,993522.0,MPLADS eSAKSHI Public Dashboard
PAY-00319,WS/MP18114/2025-2026/157606,Maharashtra,BEED(DISTRICT COLLECTOR BEED_IDA),BAJRANG MANOHAR SONWANE,BEED,Construction of community centers and community halls,2026-02-13,Dambhe Construction Company at post dhoptwadi patoda dist Beed,Payment Success,993784.0,MPLADS eSAKSHI Public Dashboard
PAY-00320,WS/MP18114/2025-2026/157610,Maharashtra,BEED(DISTRICT COLLECTOR BEED_IDA),BAJRANG MANOHAR SONWANE,BEED,Construction of community centers and community halls,2026-02-24,Ch Mauli Majur Sahkari Sanstha LTD Beed,Payment Success,999800.0,MPLADS eSAKSHI Public Dashboard
PAY-00321,WS/MP18114/2026-2027/157612,Maharashtra,BEED(DISTRICT COLLECTOR BEED_IDA),BAJRANG MANOHAR SONWANE,BEED,Construction of community centers and community halls,2026-06-24,SHRI GURU BANKATSWAMI MSS NEKNUR,Payment Success,699600.0,MPLADS eSAKSHI Public Dashboard
PAY-00322,WS/MP18114/2026-2027/227497,Maharashtra,BEED(DISTRICT COLLECTOR BEED_IDA),BAJRANG MANOHAR SONWANE,BEED,Construction of community centers and community halls,2026-08-19,Ch Balaji Majur Sahkari Sanstha Limited Kathwada,Payment Success,997184.0,MPLADS eSAKSHI Public Dashboard
PAY-00323,WS/MP18114/2026-2027/227498,Maharashtra,BEED(DISTRICT COLLECTOR BEED_IDA),BAJRANG MANOHAR SONWANE,BEED,Construction of community centers and community halls,2026-07-17,Ch Krantisinha Nanapatil MSS Ltd At Post Pothra Dist beed,Payment Success,999630.0,MPLADS eSAKSHI Public Dashboard
PAY-00324,WS/MP18114/2025-2026/157545,Maharashtra,BEED(DISTRICT COLLECTOR BEED_IDA),BAJRANG MANOHAR SONWANE,BEED,Construction of community centers and community halls,2026-02-24,Ch Chatrapaty MSS LTD Dharwanta Tq georai Dist beed,Payment Success,999600.0,MPLADS eSAKSHI Public Dashboard
PAY-00325,WS/MP18114/2026-2027/157625,Maharashtra,BEED(DISTRICT COLLECTOR BEED_IDA),BAJRANG MANOHAR SONWANE,BEED,Construction of community centers and community halls,2026-06-24,DHANRAJ MAJUR SAHKARI SANSTHA MARYADIT KHADKI DEOLA TQ WADWANI DIST BEED,Payment Success,998215.0,MPLADS eSAKSHI Public Dashboard
PAY-00326,WS/MP18129/2025-2026/186051,Maharashtra,PUNE(DISTRICT COLLECTOR PUNE_IDA),MURLIDHAR MOHOL,PUNE,Providing drains and gutters for public drainage,2025-08-01,Balaji Majur Sahkari sanstha maryadit,Payment Success,999962.0,MPLADS eSAKSHI Public Dashboard
PAY-00327,WS/MP18129/2025-2026/186052,Maharashtra,PUNE(DISTRICT COLLECTOR PUNE_IDA),MURLIDHAR MOHOL,PUNE,"Construction of roads, link roads, pathways or any other road with or without drainage system",2025-08-01,Shriram majur sahkari sanstha maryadit,Payment Success,999965.0,MPLADS eSAKSHI Public Dashboard
PAY-00328,WS/MP18129/2025-2026/186058,Maharashtra,PUNE(DISTRICT COLLECTOR PUNE_IDA),MURLIDHAR MOHOL,PUNE,"Construction of roads, link roads, pathways or any other road with or without drainage system",2025-08-01,Shriram majur sahkari sanstha maryadit,Payment Success,999337.0,MPLADS eSAKSHI Public Dashboard
PAY-00329,WS/MP18129/2025-2026/186060,Maharashtra,PUNE(DISTRICT COLLECTOR PUNE_IDA),MURLIDHAR MOHOL,PUNE,"Construction of roads, link roads, pathways or any other road with or without drainage system",2025-08-01,Shriram majur sahkari sanstha maryadit,Payment Success,999812.0,MPLADS eSAKSHI Public Dashboard
PAY-00330,WS/MP18129/2025-2026/186061,Maharashtra,PUNE(DISTRICT COLLECTOR PUNE_IDA),MURLIDHAR MOHOL,PUNE,Providing drains and gutters for public drainage,2025-10-09,ASHOK MAJUR SAHAKARI SANSTHA LTD,Payment Success,999199.0,MPLADS eSAKSHI Public Dashboard
PAY-00331,WS/MP18129/2025-2026/186062,Maharashtra,PUNE(DISTRICT COLLECTOR PUNE_IDA),MURLIDHAR MOHOL,PUNE,Providing drains and gutters for public drainage,2025-10-09,ASHOK MAJUR SAHAKARI SANSTHA LTD,Payment Success,999860.0,MPLADS eSAKSHI Public Dashboard
PAY-00332,WS/MP18129/2025-2026/186064,Maharashtra,PUNE(DISTRICT COLLECTOR PUNE_IDA),MURLIDHAR MOHOL,PUNE,Construction of buildings for community cultural activities,2025-12-08,BHAIRAVNATH MAJUR SAH SAN KOLAMBI,Payment Success,999203.0,MPLADS eSAKSHI Public Dashboard
PAY-00333,WS/MP18129/2025-2026/186068,Maharashtra,PUNE(DISTRICT COLLECTOR PUNE_IDA),MURLIDHAR MOHOL,PUNE,Providing drains and gutters for public drainage,2025-10-09,MUDHAIDEVI MAJUR SAHKARI SANSTHA MARYADIT,Payment Success,999992.0,MPLADS eSAKSHI Public Dashboard
PAY-00334,WS/MP18129/2026-2027/186077,Maharashtra,PUNE(DISTRICT COLLECTOR PUNE_IDA),MURLIDHAR MOHOL,PUNE,Purchase of furniture and fixtures for educational purposes,2026-07-23,Suvidha Majur Sahkari Sanstha maryadit,Payment Success,971492.0,MPLADS eSAKSHI Public Dashboard
PAY-00335,WS/MP18129/2026-2027/186078,Maharashtra,PUNE(DISTRICT COLLECTOR PUNE_IDA),MURLIDHAR MOHOL,PUNE,Construction of bus-sheds or bus-stops,2026-07-23,PREM SAI MAJUR SAHAKARI SANSTHA MARYADIT,Payment Success,990015.0,MPLADS eSAKSHI Public Dashboard
PAY-00336,WS/MP18129/2026-2027/186079,Maharashtra,PUNE(DISTRICT COLLECTOR PUNE_IDA),MURLIDHAR MOHOL,PUNE,Construction of bus-sheds or bus-stops,2026-07-23,PREM SAI MAJUR SAHAKARI SANSTHA MARYADIT,Payment Success,997276.0,MPLADS eSAKSHI Public Dashboard
PAY-00337,WS/MP18129/2026-2027/186080,Maharashtra,PUNE(DISTRICT COLLECTOR PUNE_IDA),MURLIDHAR MOHOL,PUNE,Construction of bus-sheds or bus-stops,2026-07-23,PREM SAI MAJUR SAHAKARI SANSTHA MARYADIT,Payment Success,996555.0,MPLADS eSAKSHI Public Dashboard
PAY-00338,WS/MP18129/2026-2027/186082,Maharashtra,PUNE(DISTRICT COLLECTOR PUNE_IDA),MURLIDHAR MOHOL,PUNE,Construction of bus-sheds or bus-stops,2026-07-23,AMBIKA MAJOOR SAHAKARI SANSTHA MARYADIT,Payment Success,998925.0,MPLADS eSAKSHI Public Dashboard
PAY-00339,WS/MP18129/2026-2027/186084,Maharashtra,PUNE(DISTRICT COLLECTOR PUNE_IDA),MURLIDHAR MOHOL,PUNE,Construction of common work sheds/ common covered sitting area,2026-07-23,ASHOK MAJUR SAHAKARI SANSTHA LTD,Payment Success,994675.0,MPLADS eSAKSHI Public Dashboard
PAY-00340,WS/MP18129/2025-2026/186530,Maharashtra,PUNE(DISTRICT COLLECTOR PUNE_IDA),MURLIDHAR MOHOL,PUNE,"Construction of roads, link roads, pathways or any other road with or without drainage system",2025-08-01,Balaji Majur Sahkari sanstha maryadit,Payment Success,999995.0,MPLADS eSAKSHI Public Dashboard
PAY-00341,WS/MP18129/2025-2026/186531,Maharashtra,PUNE(DISTRICT COLLECTOR PUNE_IDA),MURLIDHAR MOHOL,PUNE,"Construction of roads, link roads, pathways or any other road with or without drainage system",2025-08-01,MUDHAIDEVI MAJUR SAHKARI SANSTHA MARYADIT,Payment Success,999985.0,MPLADS eSAKSHI Public Dashboard
PAY-00342,WS/MP18129/2025-2026/186532,Maharashtra,PUNE(DISTRICT COLLECTOR PUNE_IDA),MURLIDHAR MOHOL,PUNE,"Construction of roads, link roads, pathways or any other road with or without drainage system",2025-08-01,MUDHAIDEVI MAJUR SAHKARI SANSTHA MARYADIT,Payment Success,999999.0,MPLADS eSAKSHI Public Dashboard
PAY-00343,WS/MP18129/2025-2026/186533,Maharashtra,PUNE(DISTRICT COLLECTOR PUNE_IDA),MURLIDHAR MOHOL,PUNE,"Construction of roads, link roads, pathways or any other road with or without drainage system",2025-12-17,Suvidha Majur Sahkari Sanstha maryadit,Payment Success,999348.0,MPLADS eSAKSHI Public Dashboard
PAY-00344,WS/MP18129/2026-2027/185933,Maharashtra,PUNE(DISTRICT COLLECTOR PUNE_IDA),MURLIDHAR MOHOL,PUNE,Development of playground,2026-07-23,Balaji Majur Sahkari sanstha maryadit,Payment Success,999886.0,MPLADS eSAKSHI Public Dashboard
PAY-00345,WS/MP18327/2025-2026/235510,Maharashtra,SOLAPUR(DISTRICT COLLECTOR SOLAPUR_IDA),PRANITI SUSHILKUMAR SHINDE,SOLAPUR(SC),Construction of buildings for community cultural activities,2026-04-07,GRAMPANCHAYAT WADALA,Payment Success,1000000.0,MPLADS eSAKSHI Public Dashboard
PAY-00346,WS/MP673/2025-2026/172566,Maharashtra,SOLAPUR(DISTRICT COLLECTOR SOLAPUR_IDA),Omprakash Bhupalsinh Alias Pawan Rajenimbalkar,OSMANABAD,Construction of bus-sheds or bus-stops,2026-02-02,GRAMPANCHAYAT UNDEGAON TAL BARSHI,Payment Success,291682.0,MPLADS eSAKSHI Public Dashboard
PAY-00347,WS/MP18327/2025-2026/137670,Maharashtra,SOLAPUR(DISTRICT COLLECTOR SOLAPUR_IDA),PRANITI SUSHILKUMAR SHINDE,SOLAPUR(SC),Street lights,2026-03-12,RP ELECTRICALS,Payment Success,498751.0,MPLADS eSAKSHI Public Dashboard
PAY-00348,WS/MP673/2025-2026/218083,Maharashtra,SOLAPUR(DISTRICT COLLECTOR SOLAPUR_IDA),Omprakash Bhupalsinh Alias Pawan Rajenimbalkar,OSMANABAD,"Construction of roads, link roads, pathways or any other road with or without drainage system",2026-03-07,GRAM PANCHAYAT PANDHARI,Payment Success,500000.0,MPLADS eSAKSHI Public Dashboard
PAY-00349,WS/MP18327/2026-2027/243964,Maharashtra,SOLAPUR(DISTRICT COLLECTOR SOLAPUR_IDA),PRANITI SUSHILKUMAR SHINDE,SOLAPUR(SC),"Construction of roads, link roads, pathways or any other road with or without drainage system",2026-07-10,SHRI GAJANAN MAJUR SAHKARI SANSTHA LTD SOLAPUR,Payment Success,987578.0,MPLADS eSAKSHI Public Dashboard
PAY-00350,WS/MP18327/2026-2027/282558,Maharashtra,SOLAPUR(DISTRICT COLLECTOR SOLAPUR_IDA),PRANITI SUSHILKUMAR SHINDE,SOLAPUR(SC),"Construction of roads, link roads, pathways or any other road with or without drainage system",2026-05-27,BHARAT M S S M WADAPUR,Payment Success,999633.0,MPLADS eSAKSHI Public Dashboard
PAY-00351,WS/MP18327/2026-2027/246151,Maharashtra,SOLAPUR(DISTRICT COLLECTOR SOLAPUR_IDA),PRANITI SUSHILKUMAR SHINDE,SOLAPUR(SC),"Construction of roads, link roads, pathways or any other road with or without drainage system",2026-07-21,MILAN SAHAKARI MAJUR SANSTHA MARYADIT SOLAPUR,Payment Success,997159.0,MPLADS eSAKSHI Public Dashboard
PAY-00352,WS/MP18327/2026-2027/246153,Maharashtra,SOLAPUR(DISTRICT COLLECTOR SOLAPUR_IDA),PRANITI SUSHILKUMAR SHINDE,SOLAPUR(SC),Construction of footpaths and pedestrian ways,2026-05-27,KALIKA M S S LTD SOLAPUR,Payment Success,999752.0,MPLADS eSAKSHI Public Dashboard
PAY-00353,WS/MP18327/2026-2027/246159,Maharashtra,SOLAPUR(DISTRICT COLLECTOR SOLAPUR_IDA),PRANITI SUSHILKUMAR SHINDE,SOLAPUR(SC),"Construction of roads, link roads, pathways or any other road with or without drainage system",2026-07-21,MILAN SAHAKARI MAJUR SANSTHA MARYADIT SOLAPUR,Payment Success,996817.0,MPLADS eSAKSHI Public Dashboard
PAY-00354,WS/MP672/2024-2025/136731,Maharashtra,NAGPUR(DISTRICT COLLECTOR NAGPUR_IDA),Nitin Jairam Gadkari,NAGPUR,Lighting of public spaces,2024-08-23,Ansari Electricals,Payment Success,963514.0,MPLADS eSAKSHI Public Dashboard
PAY-00355,WS/MP18369/2026-2027/226226,Maharashtra,YAVATMAL(DISTRICT COLLECTOR YAVATMAL_IDA),Sanjay Uttamrao Deshmukh,YAVATMAL-WASHIM,"Construction of roads, link roads, pathways or any other road with or without drainage system",2026-08-13,SHRI DEVKRUPA COMSTRUCTION COMPANY,Payment Success,487119.0,MPLADS eSAKSHI Public Dashboard
PAY-00356,WS/MP18120/2025-2026/213055,Maharashtra,YAVATMAL(DISTRICT COLLECTOR YAVATMAL_IDA),AASHTIKAR PATIL NAGESH BAPURAO,HINGOLI,"Construction of roads, link roads, pathways or any other road with or without drainage system",2026-03-13,ANIL BAKARAM CHOPADE,Payment Success,986725.0,MPLADS eSAKSHI Public Dashboard
PAY-00357,WS/MP18369/2026-2027/226919,Maharashtra,YAVATMAL(DISTRICT COLLECTOR YAVATMAL_IDA),Sanjay Uttamrao Deshmukh,YAVATMAL-WASHIM,"Construction of roads, link roads, pathways or any other road with or without drainage system",2026-06-22,GP KARAJGAON PANI PURAVATHA,Payment Success,729332.0,MPLADS eSAKSHI Public Dashboard
PAY-00358,WS/MP18369/2026-2027/177484,Maharashtra,YAVATMAL(DISTRICT COLLECTOR YAVATMAL_IDA),Sanjay Uttamrao Deshmukh,YAVATMAL-WASHIM,"Construction of roads, link roads, pathways or any other road with or without drainage system",2026-06-25,ABHIJIT SUBHASH RATHOD,Payment Success,691383.0,MPLADS eSAKSHI Public Dashboard
PAY-00359,WS/MP18369/2025-2026/177485,Maharashtra,YAVATMAL(DISTRICT COLLECTOR YAVATMAL_IDA),Sanjay Uttamrao Deshmukh,YAVATMAL-WASHIM,"Construction of roads, link roads, pathways or any other road with or without drainage system",2026-02-05,SECRETARY G.P. WAI MENDHI,Payment Success,492429.0,MPLADS eSAKSHI Public Dashboard
PAY-00360,WS/MP18369/2025-2026/187445,Maharashtra,YAVATMAL(DISTRICT COLLECTOR YAVATMAL_IDA),Sanjay Uttamrao Deshmukh,YAVATMAL-WASHIM,"Construction of roads, link roads, pathways or any other road with or without drainage system",2025-11-18,GP SHELU KHURD,Payment Success,694759.0,MPLADS eSAKSHI Public Dashboard
PAY-00361,WS/MP18369/2025-2026/187447,Maharashtra,YAVATMAL(DISTRICT COLLECTOR YAVATMAL_IDA),Sanjay Uttamrao Deshmukh,YAVATMAL-WASHIM,"Construction of roads, link roads, pathways or any other road with or without drainage system",2025-07-31,GP VARUD,Payment Success,484924.0,MPLADS eSAKSHI Public Dashboard
PAY-00362,WS/MP18120/2025-2026/189536,Maharashtra,YAVATMAL(DISTRICT COLLECTOR YAVATMAL_IDA),AASHTIKAR PATIL NAGESH BAPURAO,HINGOLI,Construction of community centers and community halls,2026-02-16,SHUBHAM VILASRAO CHAVHAN,Payment Success,991576.0,MPLADS eSAKSHI Public Dashboard
PAY-00363,WS/MP18120/2025-2026/192247,Maharashtra,YAVATMAL(DISTRICT COLLECTOR YAVATMAL_IDA),AASHTIKAR PATIL NAGESH BAPURAO,HINGOLI,Construction of boundary walls of existing public and community buildings,2025-12-15,GP TEMBHI,Payment Success,994395.0,MPLADS eSAKSHI Public Dashboard
PAY-00364,WS/MP18369/2025-2026/177575,Maharashtra,YAVATMAL(DISTRICT COLLECTOR YAVATMAL_IDA),Sanjay Uttamrao Deshmukh,YAVATMAL-WASHIM,Construction of public libraries and reading rooms,2026-04-08,SHRI DEVKRUPA COMSTRUCTION COMPANY,Payment Success,976951.0,MPLADS eSAKSHI Public Dashboard
PAY-00365,WS/MP18369/2026-2027/237749,Maharashtra,YAVATMAL(DISTRICT COLLECTOR YAVATMAL_IDA),Sanjay Uttamrao Deshmukh,YAVATMAL-WASHIM,"Construction of roads, link roads, pathways or any other road with or without drainage system",2026-06-22,Gram Panchayat Mangaladevi,Payment Success,974999.0,MPLADS eSAKSHI Public Dashboard
PAY-00366,WS/MP18120/2026-2027/245366,Maharashtra,YAVATMAL(DISTRICT COLLECTOR YAVATMAL_IDA),AASHTIKAR PATIL NAGESH BAPURAO,HINGOLI,"Construction of roads, link roads, pathways or any other road with or without drainage system",2026-06-19,ANIL BAKARAM CHOPADE,Payment Success,968574.0,MPLADS eSAKSHI Public Dashboard
PAY-00367,WS/MP18120/2026-2027/245367,Maharashtra,YAVATMAL(DISTRICT COLLECTOR YAVATMAL_IDA),AASHTIKAR PATIL NAGESH BAPURAO,HINGOLI,"Construction of roads, link roads, pathways or any other road with or without drainage system",2026-06-19,ANIL BAKARAM CHOPADE,Payment Success,969475.0,MPLADS eSAKSHI Public Dashboard
PAY-00368,WS/MP672/2026-2027/276663,Maharashtra,NAGPUR(DISTRICT COLLECTOR NAGPUR_IDA),Nitin Jairam Gadkari,NAGPUR,"Purchase of IT systems, including hardware and software for educational purposes",2026-05-06,Spectrum Services,Payment Success,539676.0,MPLADS eSAKSHI Public Dashboard
PAY-00369,WS/MP672/2026-2027/276663,Maharashtra,NAGPUR(DISTRICT COLLECTOR NAGPUR_IDA),Nitin Jairam Gadkari,NAGPUR,"Purchase of IT systems, including hardware and software for educational purposes",2026-05-06,Shri Jaitai Enterprises Sharda Katore,Payment Success,189800.0,MPLADS eSAKSHI Public Dashboard
PAY-00370,WS/MP672/2025-2026/226219,Maharashtra,NAGPUR(DISTRICT COLLECTOR NAGPUR_IDA),Nitin Jairam Gadkari,NAGPUR,Purchase of furniture and fixtures for educational purposes,2026-04-06,Spectrum Services,Payment Success,9998850.0,MPLADS eSAKSHI Public Dashboard
PAY-00371,WS/MP18429/2026-2027/242460,Maharashtra,NANDED(DISTRICT COLLECTOR NANDED_IDA),Ravindra Vasantrao Chavan,NANDED,"Construction of roads, link roads, pathways or any other road with or without drainage system",2026-07-07,SURAJ SHIVAJI SHINDE,Payment Success,493870.0,MPLADS eSAKSHI Public Dashboard
PAY-00372,WS/MP18429/2026-2027/242461,Maharashtra,NANDED(DISTRICT COLLECTOR NANDED_IDA),Ravindra Vasantrao Chavan,NANDED,"Construction of roads, link roads, pathways or any other road with or without drainage system",2026-07-03,MS Gurukrupa Construction,Payment Success,494083.0,MPLADS eSAKSHI Public Dashboard
PAY-00373,WS/MP18429/2026-2027/242464,Maharashtra,NANDED(DISTRICT COLLECTOR NANDED_IDA),Ravindra Vasantrao Chavan,NANDED,"Construction of roads, link roads, pathways or any other road with or without drainage system",2026-07-07,SURAJ SHIVAJI SHINDE,Payment Success,493686.0,MPLADS eSAKSHI Public Dashboard
PAY-00374,WS/MP18429/2026-2027/247111,Maharashtra,NANDED(DISTRICT COLLECTOR NANDED_IDA),Ravindra Vasantrao Chavan,NANDED,"Construction of roads, link roads, pathways or any other road with or without drainage system",2026-07-23,Chairaman Satya Sai Majoor Sahakari Santha Maryadit Narsi,Payment Success,499122.0,MPLADS eSAKSHI Public Dashboard
PAY-00375,WS/MP18429/2026-2027/247113,Maharashtra,NANDED(DISTRICT COLLECTOR NANDED_IDA),Ravindra Vasantrao Chavan,NANDED,"Construction of roads, link roads, pathways or any other road with or without drainage system",2026-07-08,Ch Priyadarshani Majur Sahakari Sanstha Maryadit Ratoli,Payment Success,499440.0,MPLADS eSAKSHI Public Dashboard
PAY-00376,WS/MP18130/2026-2027/280871,Maharashtra,NAGPUR(DISTRICT COLLECTOR NAGPUR_IDA),Shyamkumar,RAMTEK(SC),"Construction of roads, link roads, pathways or any other road with or without drainage system",2026-05-19,MATIN NOOR SHEIKH,Payment Success,496717.0,MPLADS eSAKSHI Public Dashboard
PAY-00377,WS/MP18130/2026-2027/247462,Maharashtra,NAGPUR(DISTRICT COLLECTOR NAGPUR_IDA),Shyamkumar,RAMTEK(SC),Construction of community centers and community halls,2026-07-08,C,Payment Success,986717.0,MPLADS eSAKSHI Public Dashboard
PAY-00378,WS/MP18130/2026-2027/247469,Maharashtra,NAGPUR(DISTRICT COLLECTOR NAGPUR_IDA),Shyamkumar,RAMTEK(SC),Construction of community centers and community halls,2026-07-08,GRAMPANCHAYAT LOHDONGRI,Payment Success,1188142.0,MPLADS eSAKSHI Public Dashboard
PAY-00379,WS/MP672/2026-2027/247099,Maharashtra,NAGPUR(DISTRICT COLLECTOR NAGPUR_IDA),Nitin Jairam Gadkari,NAGPUR,Construction of community centers and community halls,2026-05-14,Patel Associates,Payment Success,1965693.0,MPLADS eSAKSHI Public Dashboard
PAY-00380,WS/MP672/2026-2027/291742,Maharashtra,NAGPUR(DISTRICT COLLECTOR NAGPUR_IDA),Nitin Jairam Gadkari,NAGPUR,Construction of community centers and community halls,2026-07-07,Dhiraj Baba Virkhare,Payment Success,3201581.0,MPLADS eSAKSHI Public Dashboard
PAY-00381,WS/MP672/2025-2026/256783,Maharashtra,NAGPUR(DISTRICT COLLECTOR NAGPUR_IDA),Nitin Jairam Gadkari,NAGPUR,Development of public parks,2026-02-06,KAMLESH CONSTRUCTION,Payment Success,2347190.0,MPLADS eSAKSHI Public Dashboard
PAY-00382,WS/MP672/2025-2026/276662,Maharashtra,NAGPUR(DISTRICT COLLECTOR NAGPUR_IDA),Nitin Jairam Gadkari,NAGPUR,Development of public parks,2026-03-30,Bhushan Suresh Taori,Payment Success,1583723.0,MPLADS eSAKSHI Public Dashboard
PAY-00383,WS/MP672/2026-2027/215081,Maharashtra,NAGPUR(DISTRICT COLLECTOR NAGPUR_IDA),Nitin Jairam Gadkari,NAGPUR,"Construction of roads, link roads, pathways or any other road with or without drainage system",2026-05-14,D M Traders,Payment Success,1203802.0,MPLADS eSAKSHI Public Dashboard
PAY-00384,WS/MP672/2026-2027/215131,Maharashtra,NAGPUR(DISTRICT COLLECTOR NAGPUR_IDA),Nitin Jairam Gadkari,NAGPUR,"Construction of roads, link roads, pathways or any other road with or without drainage system",2026-07-03,Jeet Enterprises,Payment Success,1374996.0,MPLADS eSAKSHI Public Dashboard
PAY-00385,WS/MP672/2026-2027/215132,Maharashtra,NAGPUR(DISTRICT COLLECTOR NAGPUR_IDA),Nitin Jairam Gadkari,NAGPUR,"Construction of roads, link roads, pathways or any other road with or without drainage system",2026-07-24,Jeet Enterprises,Payment Success,1374299.0,MPLADS eSAKSHI Public Dashboard
PAY-00386,WS/MP672/2026-2027/215133,Maharashtra,NAGPUR(DISTRICT COLLECTOR NAGPUR_IDA),Nitin Jairam Gadkari,NAGPUR,"Construction of roads, link roads, pathways or any other road with or without drainage system",2026-07-24,Jeet Enterprises,Payment Success,1368261.0,MPLADS eSAKSHI Public Dashboard
PAY-00387,WS/MP672/2026-2027/215157,Maharashtra,NAGPUR(DISTRICT COLLECTOR NAGPUR_IDA),Nitin Jairam Gadkari,NAGPUR,"Construction of roads, link roads, pathways or any other road with or without drainage system",2026-06-17,Pravin W Kale,Payment Success,393118.0,MPLADS eSAKSHI Public Dashboard
PAY-00388,WS/MP672/2026-2027/215164,Maharashtra,NAGPUR(DISTRICT COLLECTOR NAGPUR_IDA),Nitin Jairam Gadkari,NAGPUR,Providing drains and gutters for public drainage,2026-06-17,Pravin W Kale,Payment Success,775097.0,MPLADS eSAKSHI Public Dashboard
PAY-00389,WS/MP672/2026-2027/227303,Maharashtra,NAGPUR(DISTRICT COLLECTOR NAGPUR_IDA),Nitin Jairam Gadkari,NAGPUR,"Construction of roads, link roads, pathways or any other road with or without drainage system",2026-06-16,Pravin W Kale,Payment Success,784511.0,MPLADS eSAKSHI Public Dashboard
PAY-00390,WS/MP672/2026-2027/227307,Maharashtra,NAGPUR(DISTRICT COLLECTOR NAGPUR_IDA),Nitin Jairam Gadkari,NAGPUR,"Construction of roads, link roads, pathways or any other road with or without drainage system",2026-06-16,Sweety Construction,Payment Success,1888785.0,MPLADS eSAKSHI Public Dashboard
PAY-00391,WS/MP672/2025-2026/198594,Maharashtra,NAGPUR(DISTRICT COLLECTOR NAGPUR_IDA),Nitin Jairam Gadkari,NAGPUR,"Construction of roads, link roads, pathways or any other road with or without drainage system",2026-02-26,Shubham Ramdas Zade,Payment Success,943737.0,MPLADS eSAKSHI Public Dashboard
PAY-00392,WS/MP672/2024-2025/185160,Maharashtra,NAGPUR(DISTRICT COLLECTOR NAGPUR_IDA),Nitin Jairam Gadkari,NAGPUR,Development of playfields and sports grounds,2025-05-21,SPORTS ORBIT EVENTS,Payment Success,992000.0,MPLADS eSAKSHI Public Dashboard
PAY-00393,WS/MP672/2024-2025/172547,Maharashtra,NAGPUR(DISTRICT COLLECTOR NAGPUR_IDA),Nitin Jairam Gadkari,NAGPUR,Construction of footpaths and pedestrian ways,2025-02-17,JITENDRA FOUJLAL MANE,Payment Success,955761.0,MPLADS eSAKSHI Public Dashboard
PAY-00394,WS/MP672/2024-2025/144105,Maharashtra,NAGPUR(DISTRICT COLLECTOR NAGPUR_IDA),Nitin Jairam Gadkari,NAGPUR,"Construction of roads, link roads, pathways or any other road with or without drainage system",2024-10-04,CHITANYA CONSTRUCTION,Payment Success,458593.0,MPLADS eSAKSHI Public Dashboard
PAY-00395,WS/MP672/2025-2026/181697,Maharashtra,NAGPUR(DISTRICT COLLECTOR NAGPUR_IDA),Nitin Jairam Gadkari,NAGPUR,"Construction of cycle tracks, cycle stand and segregated non-motorized vehicle (NMV) lanes",2025-11-14,Palash Premchand Musale,Payment Success,966539.0,MPLADS eSAKSHI Public Dashboard
PAY-00396,WS/MP672/2025-2026/181702,Maharashtra,NAGPUR(DISTRICT COLLECTOR NAGPUR_IDA),Nitin Jairam Gadkari,NAGPUR,Construction of community centers and community halls,2025-11-27,Nandkishor Namdeorao Thote,Payment Success,2232096.0,MPLADS eSAKSHI Public Dashboard
PAY-00397,WS/MP672/2024-2025/157636,Maharashtra,NAGPUR(DISTRICT COLLECTOR NAGPUR_IDA),Nitin Jairam Gadkari,NAGPUR,"Construction of roads, link roads, pathways or any other road with or without drainage system",2025-08-04,Kailash Eknath Suryawanshi,Payment Success,956902.0,MPLADS eSAKSHI Public Dashboard
PAY-00398,WS/MP672/2024-2025/157560,Maharashtra,NAGPUR(DISTRICT COLLECTOR NAGPUR_IDA),Nitin Jairam Gadkari,NAGPUR,Construction of additional rooms and halls in the existing public and community building,2025-09-19,Kailash Eknath Suryawanshi,Payment Success,959212.0,MPLADS eSAKSHI Public Dashboard
PAY-00399,WS/MP672/2024-2025/185152,Maharashtra,NAGPUR(DISTRICT COLLECTOR NAGPUR_IDA),Nitin Jairam Gadkari,NAGPUR,"Purchase of IT systems, including hardware and software for educational purposes",2025-03-30,Shri Jaitai Enterprises Sharda Katore,Payment Success,435000.0,MPLADS eSAKSHI Public Dashboard
PAY-00400,WS/MP672/2024-2025/181677,Maharashtra,NAGPUR(DISTRICT COLLECTOR NAGPUR_IDA),Nitin Jairam Gadkari,NAGPUR,"Purchase of IT systems, including hardware and software for educational purposes",2025-05-08,Spectrum Services,Payment Success,1949760.0,MPLADS eSAKSHI Public Dashboard
PAY-00401,WS/MP664/2026-2027/221410,Maharashtra,MUMBAI(DISTRICT COLLECTOR MUMBAI CITY_IDA),Arvind Ganpat Sawant,MUMBAI SOUTH,Construction of public toilets and bathrooms,2026-04-06,ESHIKA ENTERPRISES,Payment Success,2498104.0,MPLADS eSAKSHI Public Dashboard
PAY-00402,WS/MP18376/2026-2027/226525,Maharashtra,MUMBAI(DISTRICT COLLECTOR MUMBAI CITY_IDA),ANIL YESHWANT DESAI,MUMBAI SOUTH CENTRAL,"Construction of roads, link roads, pathways or any other road with or without drainage system",2026-05-20,MS ANSARI SHARIQ IQBAL AHMED,Payment Success,2498104.0,MPLADS eSAKSHI Public Dashboard
PAY-00403,WS/MP18376/2026-2027/226526,Maharashtra,MUMBAI(DISTRICT COLLECTOR MUMBAI CITY_IDA),ANIL YESHWANT DESAI,MUMBAI SOUTH CENTRAL,"Construction of roads, link roads, pathways or any other road with or without drainage system",2026-05-20,MS RAVI ASHOK KUNCHIKORVE,Payment Success,1598785.0,MPLADS eSAKSHI Public Dashboard
PAY-00404,WS/MP18376/2026-2027/226529,Maharashtra,MUMBAI(DISTRICT COLLECTOR MUMBAI CITY_IDA),ANIL YESHWANT DESAI,MUMBAI SOUTH CENTRAL,"Construction of roads, link roads, pathways or any other road with or without drainage system",2026-05-20,MS RAVI ASHOK KUNCHIKORVE,Payment Success,1798634.0,MPLADS eSAKSHI Public Dashboard
PAY-00405,WS/MP18376/2026-2027/226530,Maharashtra,MUMBAI(DISTRICT COLLECTOR MUMBAI CITY_IDA),ANIL YESHWANT DESAI,MUMBAI SOUTH CENTRAL,"Construction of roads, link roads, pathways or any other road with or without drainage system",2026-08-17,Ms Surya Mssm,Payment Success,1897047.0,MPLADS eSAKSHI Public Dashboard
PAY-00406,WS/MP664/2025-2026/146325,Maharashtra,MUMBAI(DISTRICT COLLECTOR MUMBAI CITY_IDA),Arvind Ganpat Sawant,MUMBAI SOUTH,Construction of community centers and community halls,2025-09-17,MR DEVELOPERS,Payment Success,1193715.0,MPLADS eSAKSHI Public Dashboard
PAY-00407,WS/MP664/2025-2026/146326,Maharashtra,MUMBAI(DISTRICT COLLECTOR MUMBAI CITY_IDA),Arvind Ganpat Sawant,MUMBAI SOUTH,Construction of public toilets and bathrooms,2025-09-17,MR DEVELOPERS,Payment Success,994762.0,MPLADS eSAKSHI Public Dashboard
PAY-00408,WS/MP664/2025-2026/146327,Maharashtra,MUMBAI(DISTRICT COLLECTOR MUMBAI CITY_IDA),Arvind Ganpat Sawant,MUMBAI SOUTH,Construction of community centers and community halls,2025-09-17,MR DEVELOPERS,Payment Success,1094240.0,MPLADS eSAKSHI Public Dashboard
PAY-00409,WS/MP664/2025-2026/146328,Maharashtra,MUMBAI(DISTRICT COLLECTOR MUMBAI CITY_IDA),Arvind Ganpat Sawant,MUMBAI SOUTH,Providing supply pipelines for drinking water,2025-09-17,Priti Infratech,Payment Success,1196940.0,MPLADS eSAKSHI Public Dashboard
PAY-00410,WS/MP664/2025-2026/146329,Maharashtra,MUMBAI(DISTRICT COLLECTOR MUMBAI CITY_IDA),Arvind Ganpat Sawant,MUMBAI SOUTH,Construction of community centers and community halls,2025-09-17,Priti Infratech,Payment Success,1246813.0,MPLADS eSAKSHI Public Dashboard
PAY-00411,WS/MP664/2025-2026/146330,Maharashtra,MUMBAI(DISTRICT COLLECTOR MUMBAI CITY_IDA),Arvind Ganpat Sawant,MUMBAI SOUTH,Construction of community centers and community halls,2025-09-17,Priti Infratech,Payment Success,1496175.0,MPLADS eSAKSHI Public Dashboard
PAY-00412,WS/MP664/2025-2026/146335,Maharashtra,MUMBAI(DISTRICT COLLECTOR MUMBAI CITY_IDA),Arvind Ganpat Sawant,MUMBAI SOUTH,Construction of community centers and community halls,2025-09-17,Jayant Constructions,Payment Success,1494831.0,MPLADS eSAKSHI Public Dashboard
PAY-00413,WS/MP664/2025-2026/146362,Maharashtra,MUMBAI(DISTRICT COLLECTOR MUMBAI CITY_IDA),Arvind Ganpat Sawant,MUMBAI SOUTH,Construction of community centers and community halls,2025-09-17,BHUDEV CONSTRUCTION,Payment Success,1093255.0,MPLADS eSAKSHI Public Dashboard
PAY-00414,WS/MP664/2025-2026/146363,Maharashtra,MUMBAI(DISTRICT COLLECTOR MUMBAI CITY_IDA),Arvind Ganpat Sawant,MUMBAI SOUTH,Construction of community centers and community halls,2025-09-17,BHUDEV CONSTRUCTION,Payment Success,1590188.0,MPLADS eSAKSHI Public Dashboard
PAY-00415,WS/MP664/2025-2026/146364,Maharashtra,MUMBAI(DISTRICT COLLECTOR MUMBAI CITY_IDA),Arvind Ganpat Sawant,MUMBAI SOUTH,"Construction of roads, link roads, pathways or any other road with or without drainage system",2025-09-17,MR DEVELOPERS,Payment Success,994762.0,MPLADS eSAKSHI Public Dashboard
PAY-00416,WS/MP664/2025-2026/146365,Maharashtra,MUMBAI(DISTRICT COLLECTOR MUMBAI CITY_IDA),Arvind Ganpat Sawant,MUMBAI SOUTH,Construction of community centers and community halls,2025-09-17,MR DEVELOPERS,Payment Success,2089002.0,MPLADS eSAKSHI Public Dashboard
PAY-00417,WS/MP664/2025-2026/146367,Maharashtra,MUMBAI(DISTRICT COLLECTOR MUMBAI CITY_IDA),Arvind Ganpat Sawant,MUMBAI SOUTH,Construction of community centers and community halls,2025-09-17,Priti Infratech,Payment Success,2094646.0,MPLADS eSAKSHI Public Dashboard
PAY-00418,WS/MP664/2025-2026/146368,Maharashtra,MUMBAI(DISTRICT COLLECTOR MUMBAI CITY_IDA),Arvind Ganpat Sawant,MUMBAI SOUTH,Construction of community centers and community halls,2025-09-17,Priti Infratech,Payment Success,1795410.0,MPLADS eSAKSHI Public Dashboard
PAY-00419,WS/MP664/2026-2027/146582,Maharashtra,MUMBAI(DISTRICT COLLECTOR MUMBAI CITY_IDA),Arvind Ganpat Sawant,MUMBAI SOUTH,Providing supply pipelines for drinking water,2026-05-18,AKSHIT ENTERPRISES,Payment Success,1996493.0,MPLADS eSAKSHI Public Dashboard
PAY-00420,WS/MP664/2026-2027/146583,Maharashtra,MUMBAI(DISTRICT COLLECTOR MUMBAI CITY_IDA),Arvind Ganpat Sawant,MUMBAI SOUTH,Construction of community centers and community halls,2026-05-18,AKSHIT ENTERPRISES,Payment Success,2495616.0,MPLADS eSAKSHI Public Dashboard
PAY-00421,WS/MP664/2026-2027/146584,Maharashtra,MUMBAI(DISTRICT COLLECTOR MUMBAI CITY_IDA),Arvind Ganpat Sawant,MUMBAI SOUTH,Construction of community centers and community halls,2026-05-18,MAGAN CONSTRUCTION CO,Payment Success,1996890.0,MPLADS eSAKSHI Public Dashboard
PAY-00422,WS/MP664/2026-2027/146585,Maharashtra,MUMBAI(DISTRICT COLLECTOR MUMBAI CITY_IDA),Arvind Ganpat Sawant,MUMBAI SOUTH,Development of playground,2026-05-18,MAGAN CONSTRUCTION CO,Payment Success,1497667.0,MPLADS eSAKSHI Public Dashboard
PAY-00423,WS/MP18130/2026-2027/216598,Maharashtra,NAGPUR(DISTRICT COLLECTOR NAGPUR_IDA),Shyamkumar,RAMTEK(SC),"Construction of roads, link roads, pathways or any other road with or without drainage system",2026-07-08,GRAMPANCHYAT SONEGHAT,Payment Success,993385.0,MPLADS eSAKSHI Public Dashboard
PAY-00424,WS/MP18130/2025-2026/253453,Maharashtra,NAGPUR(DISTRICT COLLECTOR NAGPUR_IDA),Shyamkumar,RAMTEK(SC),Construction of community centers and community halls,2025-12-23,grampanchayat chanakapur,Payment Success,981253.0,MPLADS eSAKSHI Public Dashboard
PAY-00425,WS/MP18115/2026-2027/186428,Maharashtra,BHANDARA(DISTRICT COLLECTOR BHANDARA_IDA),DR. PRASHANT YADAORAO PADOLE,BHANDARA-GONDIYA,Construction of community centers and community halls,2026-07-17,GRAN PANCHAYAT KORAMBHI,Payment Success,700000.0,MPLADS eSAKSHI Public Dashboard
PAY-00426,WS/MP18115/2026-2027/186433,Maharashtra,BHANDARA(DISTRICT COLLECTOR BHANDARA_IDA),DR. PRASHANT YADAORAO PADOLE,BHANDARA-GONDIYA,Construction of community centers and community halls,2026-07-02,GRAM PANCHAYAT BAMHANI,Payment Success,699522.0,MPLADS eSAKSHI Public Dashboard
PAY-00427,WS/MP18115/2026-2027/186434,Maharashtra,BHANDARA(DISTRICT COLLECTOR BHANDARA_IDA),DR. PRASHANT YADAORAO PADOLE,BHANDARA-GONDIYA,"Construction of roads, link roads, pathways or any other road with or without drainage system",2026-07-02,GRAMPANCHAYAT KHAIRI DIWAN,Payment Success,700000.0,MPLADS eSAKSHI Public Dashboard
PAY-00428,WS/MP18115/2026-2027/186437,Maharashtra,BHANDARA(DISTRICT COLLECTOR BHANDARA_IDA),DR. PRASHANT YADAORAO PADOLE,BHANDARA-GONDIYA,"Construction of roads, link roads, pathways or any other road with or without drainage system",2026-07-02,GRAM PANCHAYAT NIGHAVI,Payment Success,700000.0,MPLADS eSAKSHI Public Dashboard
PAY-00429,WS/MP18115/2026-2027/186439,Maharashtra,BHANDARA(DISTRICT COLLECTOR BHANDARA_IDA),DR. PRASHANT YADAORAO PADOLE,BHANDARA-GONDIYA,Construction of community centers and community halls,2026-07-02,GRAM PANCHAYAT PAHUNI,Payment Success,700000.0,MPLADS eSAKSHI Public Dashboard
PAY-00430,WS/MP18115/2026-2027/186442,Maharashtra,BHANDARA(DISTRICT COLLECTOR BHANDARA_IDA),DR. PRASHANT YADAORAO PADOLE,BHANDARA-GONDIYA,Construction of community centers and community halls,2026-07-17,GRAM PANCHAYAT MALIDA,Payment Success,700000.0,MPLADS eSAKSHI Public Dashboard
PAY-00431,WS/MP18115/2026-2027/186454,Maharashtra,BHANDARA(DISTRICT COLLECTOR BHANDARA_IDA),DR. PRASHANT YADAORAO PADOLE,BHANDARA-GONDIYA,Construction of community centers and community halls,2026-07-02,GRAM PANCHAYAT CHANDORI,Payment Success,699547.0,MPLADS eSAKSHI Public Dashboard
PAY-00432,WS/MP18115/2025-2026/186458,Maharashtra,BHANDARA(DISTRICT COLLECTOR BHANDARA_IDA),DR. PRASHANT YADAORAO PADOLE,BHANDARA-GONDIYA,"Construction of roads, link roads, pathways or any other road with or without drainage system",2026-03-21,GRAM PANCHAYAT PAHUNGAON,Payment Success,697398.0,MPLADS eSAKSHI Public Dashboard
PAY-00433,WS/MP18115/2025-2026/186471,Maharashtra,BHANDARA(DISTRICT COLLECTOR BHANDARA_IDA),DR. PRASHANT YADAORAO PADOLE,BHANDARA-GONDIYA,"Construction of roads, link roads, pathways or any other road with or without drainage system",2026-02-27,GRAM PANCHAYAT SAMANYA FUND,Payment Success,697787.0,MPLADS eSAKSHI Public Dashboard
PAY-00434,WS/MP18115/2026-2027/186475,Maharashtra,BHANDARA(DISTRICT COLLECTOR BHANDARA_IDA),DR. PRASHANT YADAORAO PADOLE,BHANDARA-GONDIYA,Construction of community centers and community halls,2026-07-06,GRAM PANCHAYAT SARANDI,Payment Success,699113.0,MPLADS eSAKSHI Public Dashboard
PAY-00435,WS/MP18115/2025-2026/186476,Maharashtra,BHANDARA(DISTRICT COLLECTOR BHANDARA_IDA),DR. PRASHANT YADAORAO PADOLE,BHANDARA-GONDIYA,Construction of boundary walls of existing public and community buildings,2026-02-27,SAMANYA NIDHI GRAMPANCHAYAT GUNTHARA,Payment Success,697396.0,MPLADS eSAKSHI Public Dashboard
PAY-00436,WS/MP18115/2025-2026/186488,Maharashtra,BHANDARA(DISTRICT COLLECTOR BHANDARA_IDA),DR. PRASHANT YADAORAO PADOLE,BHANDARA-GONDIYA,"Construction of roads, link roads, pathways or any other road with or without drainage system",2026-03-21,GRAMNIDHI GRAMPANCHAYAT BHOJAPUR,Payment Success,687408.0,MPLADS eSAKSHI Public Dashboard
PAY-00437,WS/MP18115/2026-2027/186492,Maharashtra,BHANDARA(DISTRICT COLLECTOR BHANDARA_IDA),DR. PRASHANT YADAORAO PADOLE,BHANDARA-GONDIYA,"Construction of roads, link roads, pathways or any other road with or without drainage system",2026-07-17,GRAM PANCHAYAT KANHALGAON,Payment Success,697459.0,MPLADS eSAKSHI Public Dashboard
PAY-00438,WS/MP18115/2026-2027/186493,Maharashtra,BHANDARA(DISTRICT COLLECTOR BHANDARA_IDA),DR. PRASHANT YADAORAO PADOLE,BHANDARA-GONDIYA,"Construction of roads, link roads, pathways or any other road with or without drainage system",2026-04-11,SANJAY B M K SAH SANSTHA PARASTOLA,Payment Success,299649.0,MPLADS eSAKSHI Public Dashboard
PAY-00439,WS/MP18115/2025-2026/186494,Maharashtra,BHANDARA(DISTRICT COLLECTOR BHANDARA_IDA),DR. PRASHANT YADAORAO PADOLE,BHANDARA-GONDIYA,Construction of boundary walls of existing public and community buildings,2026-03-21,GRAM PANCHAYAT CHANDORI,Payment Success,497428.0,MPLADS eSAKSHI Public Dashboard
PAY-00440,WS/MP18429/2026-2027/244565,Maharashtra,NANDED(DISTRICT COLLECTOR NANDED_IDA),Ravindra Vasantrao Chavan,NANDED,Construction of community centers and community halls,2026-07-07,Giridhar Digambar PatilDakore,Payment Success,1975637.0,MPLADS eSAKSHI Public Dashboard
PAY-00441,WS/MP18429/2026-2027/245247,Maharashtra,NANDED(DISTRICT COLLECTOR NANDED_IDA),Ravindra Vasantrao Chavan,NANDED,"Construction of roads, link roads, pathways or any other road with or without drainage system",2026-07-01,JAY HAMUNAN MAJUR SAHAKARI SANTHA MARYADIT,Payment Success,497978.0,MPLADS eSAKSHI Public Dashboard
PAY-00442,WS/MP18429/2026-2027/243637,Maharashtra,NANDED(DISTRICT COLLECTOR NANDED_IDA),Ravindra Vasantrao Chavan,NANDED,"Construction of roads, link roads, pathways or any other road with or without drainage system",2026-08-07,Ms B B Construction,Payment Success,998344.0,MPLADS eSAKSHI Public Dashboard
PAY-00443,WS/MP18429/2026-2027/248059,Maharashtra,NANDED(DISTRICT COLLECTOR NANDED_IDA),Ravindra Vasantrao Chavan,NANDED,"Construction of roads, link roads, pathways or any other road with or without drainage system",2026-07-07,SURAJ SHIVAJI SHINDE,Payment Success,493811.0,MPLADS eSAKSHI Public Dashboard
PAY-00444,WS/MP18429/2026-2027/243633,Maharashtra,NANDED(DISTRICT COLLECTOR NANDED_IDA),Ravindra Vasantrao Chavan,NANDED,"Construction of roads, link roads, pathways or any other road with or without drainage system",2026-07-01,Ch Priyadarshani Majur Sahakari Sanstha Maryadit Ratoli,Payment Success,498675.0,MPLADS eSAKSHI Public Dashboard
PAY-00445,WS/MP18429/2026-2027/243634,Maharashtra,NANDED(DISTRICT COLLECTOR NANDED_IDA),Ravindra Vasantrao Chavan,NANDED,"Construction of roads, link roads, pathways or any other road with or without drainage system",2026-08-05,GRAM PANCHAYAT KARYALAY HANGARGA TQ NAIGAON,Payment Success,695903.0,MPLADS eSAKSHI Public Dashboard
PAY-00446,WS/MP18429/2025-2026/243635,Maharashtra,NANDED(DISTRICT COLLECTOR NANDED_IDA),Ravindra Vasantrao Chavan,NANDED,"Construction of roads, link roads, pathways or any other road with or without drainage system",2026-03-02,GRAM PANCHAYAT TAKALI BRU NAIGOAN,Payment Success,497601.0,MPLADS eSAKSHI Public Dashboard
PAY-00447,WS/MP18429/2026-2027/242119,Maharashtra,NANDED(DISTRICT COLLECTOR NANDED_IDA),Ravindra Vasantrao Chavan,NANDED,Street lights,2026-08-10,SWAMI NARENDRA ELECTRICAL,Payment Success,499947.0,MPLADS eSAKSHI Public Dashboard
PAY-00448,WS/MP18429/2026-2027/245249,Maharashtra,NANDED(DISTRICT COLLECTOR NANDED_IDA),Ravindra Vasantrao Chavan,NANDED,"Construction of roads, link roads, pathways or any other road with or without drainage system",2026-07-20,GRAM PANCHAYAT BARHALI TQ MUKHED,Payment Success,996000.0,MPLADS eSAKSHI Public Dashboard
PAY-00449,WS/MP18429/2026-2027/245668,Maharashtra,NANDED(DISTRICT COLLECTOR NANDED_IDA),Ravindra Vasantrao Chavan,NANDED,"Construction of roads, link roads, pathways or any other road with or without drainage system",2026-04-06,GRAM PANCHAYAT CHIKANA TQ DHARMABAD,Payment Success,496040.0,MPLADS eSAKSHI Public Dashboard
PAY-00450,WS/MP18429/2026-2027/245679,Maharashtra,NANDED(DISTRICT COLLECTOR NANDED_IDA),Ravindra Vasantrao Chavan,NANDED,Construction of community centers and community halls,2026-07-02,GRAM PANCHAYAT GOLEGOAN TQ NAIGAON,Payment Success,696912.0,MPLADS eSAKSHI Public Dashboard
PAY-00451,WS/MP18132/2025-2026/205459,Maharashtra,SANGLI(DISTRICT COLLECTOR SANGLI_IDA),VISHAL,SANGLI,Construction of buildings for community cultural activities,2026-08-06,VASANTDADA PATIL MAJUR SAHAKARI SOCIETY LTD DHAVALESHWAR,Payment Success,999994.0,MPLADS eSAKSHI Public Dashboard
PAY-00452,WS/ MP667/2025-2026/218308,Maharashtra,SANGLI(DISTRICT COLLECTOR SANGLI_IDA),Dhairyasheel Sambhajirao Mane,HATKANANGLE,"Construction of roads, link roads, pathways or any other road with or without drainage system",2026-07-27,VINAYAK ANANDRAV INGAVLE,Payment Success,1000000.0,MPLADS eSAKSHI Public Dashboard
PAY-00453,WS/MP18132/2025-2026/189855,Maharashtra,SANGLI(DISTRICT COLLECTOR SANGLI_IDA),VISHAL,SANGLI,"Construction of roads, link roads, pathways or any other road with or without drainage system",2026-01-08,VIKRAM RAJENDRA YAMGAR,Payment Success,991237.0,MPLADS eSAKSHI Public Dashboard
PAY-00454,WS/MP18132/2025-2026/189856,Maharashtra,SANGLI(DISTRICT COLLECTOR SANGLI_IDA),VISHAL,SANGLI,"Construction of roads, link roads, pathways or any other road with or without drainage system",2026-04-07,NISHA CONST PROP MACHINDRA M PUJARI,Payment Success,1000000.0,MPLADS eSAKSHI Public Dashboard
PAY-00455,WS/MP18134/2025-2026/177379,Maharashtra,Ahilyanagar(DISTRICT COLLECTOR AHMEDNAGAR_IDA),BHAUSAHEB RAJARAM WAKCHAURE,SHIRDI(SC),Street lights,2026-03-10,GOVIND ELECTRICALS,Payment Success,793850.0,MPLADS eSAKSHI Public Dashboard
PAY-00456,WS/MP18131/2025-2026/188624,Maharashtra,SINDHUDURG(DISTRICT COLLECTOR SINDHUDURG_IDA),NARAYAN TATU RANE,RATNAGIRI-SINDHUDURG,"Construction of roads, link roads, pathways or any other road with or without drainage system",2026-01-29,Manoj Madhukar Waingankar,Payment Success,600000.0,MPLADS eSAKSHI Public Dashboard
PAY-00457,WS/MP18131/2025-2026/188625,Maharashtra,SINDHUDURG(DISTRICT COLLECTOR SINDHUDURG_IDA),NARAYAN TATU RANE,RATNAGIRI-SINDHUDURG,"Construction of roads, link roads, pathways or any other road with or without drainage system",2026-01-29,Manoj Madhukar Waingankar,Payment Success,766000.0,MPLADS eSAKSHI Public Dashboard
PAY-00458,WS/MP18131/2025-2026/188626,Maharashtra,SINDHUDURG(DISTRICT COLLECTOR SINDHUDURG_IDA),NARAYAN TATU RANE,RATNAGIRI-SINDHUDURG,"Construction of roads, link roads, pathways or any other road with or without drainage system",2026-01-29,Manoj Madhukar Waingankar,Payment Success,692000.0,MPLADS eSAKSHI Public Dashboard
PAY-00459,WS/MP673/2025-2026/147093,Maharashtra,SOLAPUR(DISTRICT COLLECTOR SOLAPUR_IDA),Omprakash Bhupalsinh Alias Pawan Rajenimbalkar,OSMANABAD,Construction of community centers and community halls,2025-09-02,CH JAIKISAN MAJUR SAHAKARI SANTSHA LTD IRLE,Payment Success,699164.0,MPLADS eSAKSHI Public Dashboard
PAY-00460,WS/MP18327/2026-2027/241888,Maharashtra,SOLAPUR(DISTRICT COLLECTOR SOLAPUR_IDA),PRANITI SUSHILKUMAR SHINDE,SOLAPUR(SC),Construction of community centers and community halls,2026-07-15,Rushikesh Bharat Gund,Payment Success,994800.0,MPLADS eSAKSHI Public Dashboard
PAY-00461,WS/MP673/2026-2027/193060,Maharashtra,SOLAPUR(DISTRICT COLLECTOR SOLAPUR_IDA),Omprakash Bhupalsinh Alias Pawan Rajenimbalkar,OSMANABAD,"Construction of roads, link roads, pathways or any other road with or without drainage system",2026-06-29,HANUMAN MAJUR SAH STY GADEGAON,Payment Success,498172.0,MPLADS eSAKSHI Public Dashboard
PAY-00462,WS/MP18280/2025-2026/186636,Maharashtra,SOLAPUR(DISTRICT COLLECTOR SOLAPUR_IDA),MOHITE PATIL DHAIRYASHEEL RAJSINH,MADHA,Lighting of public spaces,2026-03-11,Seva Engineers Solapur,Payment Success,215332.0,MPLADS eSAKSHI Public Dashboard
PAY-00463,WS/MP18280/2025-2026/186637,Maharashtra,SOLAPUR(DISTRICT COLLECTOR SOLAPUR_IDA),MOHITE PATIL DHAIRYASHEEL RAJSINH,MADHA,Lighting of public spaces,2026-03-04,ABHIJEET AGENCIES SOLAPUR,Payment Success,215332.0,MPLADS eSAKSHI Public Dashboard
PAY-00464,WS/MP18280/2025-2026/186638,Maharashtra,SOLAPUR(DISTRICT COLLECTOR SOLAPUR_IDA),MOHITE PATIL DHAIRYASHEEL RAJSINH,MADHA,Lighting of public spaces,2026-03-04,ABHIJEET AGENCIES SOLAPUR,Payment Success,215332.0,MPLADS eSAKSHI Public Dashboard
PAY-00465,WS/MP18280/2025-2026/186639,Maharashtra,SOLAPUR(DISTRICT COLLECTOR SOLAPUR_IDA),MOHITE PATIL DHAIRYASHEEL RAJSINH,MADHA,Lighting of public spaces,2026-03-04,ABHIJEET AGENCIES SOLAPUR,Payment Success,215332.0,MPLADS eSAKSHI Public Dashboard
PAY-00466,WS/MP18280/2025-2026/186712,Maharashtra,SOLAPUR(DISTRICT COLLECTOR SOLAPUR_IDA),MOHITE PATIL DHAIRYASHEEL RAJSINH,MADHA,Lighting of public spaces,2026-03-04,ABHIJEET AGENCIES SOLAPUR,Payment Success,215332.0,MPLADS eSAKSHI Public Dashboard
PAY-00467,WS/MP18280/2025-2026/186713,Maharashtra,SOLAPUR(DISTRICT COLLECTOR SOLAPUR_IDA),MOHITE PATIL DHAIRYASHEEL RAJSINH,MADHA,Lighting of public spaces,2026-03-04,ABHIJEET AGENCIES SOLAPUR,Payment Success,215332.0,MPLADS eSAKSHI Public Dashboard
PAY-00468,WS/MP18280/2025-2026/186714,Maharashtra,SOLAPUR(DISTRICT COLLECTOR SOLAPUR_IDA),MOHITE PATIL DHAIRYASHEEL RAJSINH,MADHA,Lighting of public spaces,2026-03-04,ABHIJEET AGENCIES SOLAPUR,Payment Success,215332.0,MPLADS eSAKSHI Public Dashboard
PAY-00469,WS/MP18280/2025-2026/186715,Maharashtra,SOLAPUR(DISTRICT COLLECTOR SOLAPUR_IDA),MOHITE PATIL DHAIRYASHEEL RAJSINH,MADHA,Lighting of public spaces,2026-02-28,ABHIJEET AGENCIES SOLAPUR,Payment Success,215332.0,MPLADS eSAKSHI Public Dashboard
PAY-00470,WS/MP18280/2025-2026/186716,Maharashtra,SOLAPUR(DISTRICT COLLECTOR SOLAPUR_IDA),MOHITE PATIL DHAIRYASHEEL RAJSINH,MADHA,Lighting of public spaces,2026-02-28,ABHIJEET AGENCIES SOLAPUR,Payment Success,215332.0,MPLADS eSAKSHI Public Dashboard
PAY-00471,WS/MP18280/2025-2026/186717,Maharashtra,SOLAPUR(DISTRICT COLLECTOR SOLAPUR_IDA),MOHITE PATIL DHAIRYASHEEL RAJSINH,MADHA,Lighting of public spaces,2026-02-28,ABHIJEET AGENCIES SOLAPUR,Payment Success,215332.0,MPLADS eSAKSHI Public Dashboard
PAY-00472,WS/MP18280/2025-2026/187601,Maharashtra,SOLAPUR(DISTRICT COLLECTOR SOLAPUR_IDA),MOHITE PATIL DHAIRYASHEEL RAJSINH,MADHA,Lighting of public spaces,2026-03-04,ABHIJEET AGENCIES SOLAPUR,Payment Success,215332.0,MPLADS eSAKSHI Public Dashboard
PAY-00473,WS/MP18280/2025-2026/187602,Maharashtra,SOLAPUR(DISTRICT COLLECTOR SOLAPUR_IDA),MOHITE PATIL DHAIRYASHEEL RAJSINH,MADHA,Lighting of public spaces,2026-03-04,ABHIJEET AGENCIES SOLAPUR,Payment Success,215332.0,MPLADS eSAKSHI Public Dashboard
PAY-00474,WS/MP18280/2025-2026/187603,Maharashtra,SOLAPUR(DISTRICT COLLECTOR SOLAPUR_IDA),MOHITE PATIL DHAIRYASHEEL RAJSINH,MADHA,Lighting of public spaces,2026-04-29,ABHIJEET AGENCIES SOLAPUR,Payment Success,215332.0,MPLADS eSAKSHI Public Dashboard
PAY-00475,WS/MP18280/2025-2026/187604,Maharashtra,SOLAPUR(DISTRICT COLLECTOR SOLAPUR_IDA),MOHITE PATIL DHAIRYASHEEL RAJSINH,MADHA,Lighting of public spaces,2026-03-04,ABHIJEET AGENCIES SOLAPUR,Payment Success,215332.0,MPLADS eSAKSHI Public Dashboard
PAY-00476,WS/MP18280/2025-2026/187605,Maharashtra,SOLAPUR(DISTRICT COLLECTOR SOLAPUR_IDA),MOHITE PATIL DHAIRYASHEEL RAJSINH,MADHA,Lighting of public spaces,2026-03-04,ABHIJEET AGENCIES SOLAPUR,Payment Success,215332.0,MPLADS eSAKSHI Public Dashboard
PAY-00477,WS/MP18280/2025-2026/187606,Maharashtra,SOLAPUR(DISTRICT COLLECTOR SOLAPUR_IDA),MOHITE PATIL DHAIRYASHEEL RAJSINH,MADHA,Lighting of public spaces,2026-02-28,ABHIJEET AGENCIES SOLAPUR,Payment Success,215332.0,MPLADS eSAKSHI Public Dashboard
PAY-00478,WS/MP18280/2025-2026/187607,Maharashtra,SOLAPUR(DISTRICT COLLECTOR SOLAPUR_IDA),MOHITE PATIL DHAIRYASHEEL RAJSINH,MADHA,Lighting of public spaces,2026-02-27,ABHIJEET AGENCIES SOLAPUR,Payment Success,215332.0,MPLADS eSAKSHI Public Dashboard
PAY-00479,WS/MP18280/2025-2026/186814,Maharashtra,SOLAPUR(DISTRICT COLLECTOR SOLAPUR_IDA),MOHITE PATIL DHAIRYASHEEL RAJSINH,MADHA,Lighting of public spaces,2026-03-04,ABHIJEET AGENCIES SOLAPUR,Payment Success,215332.0,MPLADS eSAKSHI Public Dashboard
PAY-00480,WS/MP18280/2025-2026/186965,Maharashtra,SOLAPUR(DISTRICT COLLECTOR SOLAPUR_IDA),MOHITE PATIL DHAIRYASHEEL RAJSINH,MADHA,Lighting of public spaces,2026-02-28,ABHIJEET AGENCIES SOLAPUR,Payment Success,215332.0,MPLADS eSAKSHI Public Dashboard
PAY-00481,WS/MP18280/2025-2026/186966,Maharashtra,SOLAPUR(DISTRICT COLLECTOR SOLAPUR_IDA),MOHITE PATIL DHAIRYASHEEL RAJSINH,MADHA,Lighting of public spaces,2026-03-04,ABHIJEET AGENCIES SOLAPUR,Payment Success,215332.0,MPLADS eSAKSHI Public Dashboard
PAY-00482,WS/MP18280/2025-2026/186967,Maharashtra,SOLAPUR(DISTRICT COLLECTOR SOLAPUR_IDA),MOHITE PATIL DHAIRYASHEEL RAJSINH,MADHA,Lighting of public spaces,2026-03-04,ABHIJEET AGENCIES SOLAPUR,Payment Success,215332.0,MPLADS eSAKSHI Public Dashboard
PAY-00483,WS/MP18280/2025-2026/186968,Maharashtra,SOLAPUR(DISTRICT COLLECTOR SOLAPUR_IDA),MOHITE PATIL DHAIRYASHEEL RAJSINH,MADHA,Lighting of public spaces,2026-02-27,ABHIJEET AGENCIES SOLAPUR,Payment Success,215332.0,MPLADS eSAKSHI Public Dashboard
PAY-00484,WS/MP18280/2025-2026/186969,Maharashtra,SOLAPUR(DISTRICT COLLECTOR SOLAPUR_IDA),MOHITE PATIL DHAIRYASHEEL RAJSINH,MADHA,Lighting of public spaces,2026-03-11,Seva Engineers Solapur,Payment Success,215332.0,MPLADS eSAKSHI Public Dashboard
PAY-00485,WS/MP18280/2025-2026/186971,Maharashtra,SOLAPUR(DISTRICT COLLECTOR SOLAPUR_IDA),MOHITE PATIL DHAIRYASHEEL RAJSINH,MADHA,Lighting of public spaces,2026-02-28,ABHIJEET AGENCIES SOLAPUR,Payment Success,215332.0,MPLADS eSAKSHI Public Dashboard
PAY-00486,WS/MP18280/2025-2026/186972,Maharashtra,SOLAPUR(DISTRICT COLLECTOR SOLAPUR_IDA),MOHITE PATIL DHAIRYASHEEL RAJSINH,MADHA,Lighting of public spaces,2026-03-04,ABHIJEET AGENCIES SOLAPUR,Payment Success,215332.0,MPLADS eSAKSHI Public Dashboard
PAY-00487,WS/MP18280/2025-2026/186973,Maharashtra,SOLAPUR(DISTRICT COLLECTOR SOLAPUR_IDA),MOHITE PATIL DHAIRYASHEEL RAJSINH,MADHA,Lighting of public spaces,2026-02-28,ABHIJEET AGENCIES SOLAPUR,Payment Success,215332.0,MPLADS eSAKSHI Public Dashboard
PAY-00488,WS/MP18280/2025-2026/186974,Maharashtra,SOLAPUR(DISTRICT COLLECTOR SOLAPUR_IDA),MOHITE PATIL DHAIRYASHEEL RAJSINH,MADHA,Lighting of public spaces,2026-03-04,ABHIJEET AGENCIES SOLAPUR,Payment Success,215332.0,MPLADS eSAKSHI Public Dashboard
PAY-00489,WS/MP18280/2025-2026/186976,Maharashtra,SOLAPUR(DISTRICT COLLECTOR SOLAPUR_IDA),MOHITE PATIL DHAIRYASHEEL RAJSINH,MADHA,Lighting of public spaces,2026-03-04,ABHIJEET AGENCIES SOLAPUR,Payment Success,215332.0,MPLADS eSAKSHI Public Dashboard
PAY-00490,WS/MP18280/2025-2026/186977,Maharashtra,SOLAPUR(DISTRICT COLLECTOR SOLAPUR_IDA),MOHITE PATIL DHAIRYASHEEL RAJSINH,MADHA,Lighting of public spaces,2026-02-27,ABHIJEET AGENCIES SOLAPUR,Payment Success,215332.0,MPLADS eSAKSHI Public Dashboard
PAY-00491,WS/MP18280/2025-2026/186978,Maharashtra,SOLAPUR(DISTRICT COLLECTOR SOLAPUR_IDA),MOHITE PATIL DHAIRYASHEEL RAJSINH,MADHA,Lighting of public spaces,2026-02-28,ABHIJEET AGENCIES SOLAPUR,Payment Success,215332.0,MPLADS eSAKSHI Public Dashboard
PAY-00492,WS/MP18280/2025-2026/186979,Maharashtra,SOLAPUR(DISTRICT COLLECTOR SOLAPUR_IDA),MOHITE PATIL DHAIRYASHEEL RAJSINH,MADHA,Lighting of public spaces,2026-03-04,ABHIJEET AGENCIES SOLAPUR,Payment Success,215332.0,MPLADS eSAKSHI Public Dashboard
PAY-00493,WS/MP18280/2025-2026/186994,Maharashtra,SOLAPUR(DISTRICT COLLECTOR SOLAPUR_IDA),MOHITE PATIL DHAIRYASHEEL RAJSINH,MADHA,Lighting of public spaces,2026-02-27,ABHIJEET AGENCIES SOLAPUR,Payment Success,215332.0,MPLADS eSAKSHI Public Dashboard
PAY-00494,WS/MP18280/2025-2026/186995,Maharashtra,SOLAPUR(DISTRICT COLLECTOR SOLAPUR_IDA),MOHITE PATIL DHAIRYASHEEL RAJSINH,MADHA,Lighting of public spaces,2026-02-28,ABHIJEET AGENCIES SOLAPUR,Payment Success,215332.0,MPLADS eSAKSHI Public Dashboard
PAY-00495,WS/MP18280/2025-2026/186996,Maharashtra,SOLAPUR(DISTRICT COLLECTOR SOLAPUR_IDA),MOHITE PATIL DHAIRYASHEEL RAJSINH,MADHA,Lighting of public spaces,2026-02-27,ABHIJEET AGENCIES SOLAPUR,Payment Success,215332.0,MPLADS eSAKSHI Public Dashboard
PAY-00496,WS/MP18280/2025-2026/186997,Maharashtra,SOLAPUR(DISTRICT COLLECTOR SOLAPUR_IDA),MOHITE PATIL DHAIRYASHEEL RAJSINH,MADHA,Lighting of public spaces,2026-02-27,ABHIJEET AGENCIES SOLAPUR,Payment Success,215332.0,MPLADS eSAKSHI Public Dashboard
PAY-00497,WS/MP18280/2025-2026/186998,Maharashtra,SOLAPUR(DISTRICT COLLECTOR SOLAPUR_IDA),MOHITE PATIL DHAIRYASHEEL RAJSINH,MADHA,Lighting of public spaces,2026-02-28,ABHIJEET AGENCIES SOLAPUR,Payment Success,215332.0,MPLADS eSAKSHI Public Dashboard
PAY-00498,WS/MP18280/2025-2026/186999,Maharashtra,SOLAPUR(DISTRICT COLLECTOR SOLAPUR_IDA),MOHITE PATIL DHAIRYASHEEL RAJSINH,MADHA,Lighting of public spaces,2026-03-04,ABHIJEET AGENCIES SOLAPUR,Payment Success,215332.0,MPLADS eSAKSHI Public Dashboard
PAY-00499,WS/MP18280/2025-2026/162290,Maharashtra,SOLAPUR(DISTRICT COLLECTOR SOLAPUR_IDA),MOHITE PATIL DHAIRYASHEEL RAJSINH,MADHA,Lighting of public spaces,2026-03-11,Seva Engineers Solapur,Payment Success,215332.0,MPLADS eSAKSHI Public Dashboard
PAY-00500,WS/MP18280/2025-2026/185070,Maharashtra,SOLAPUR(DISTRICT COLLECTOR SOLAPUR_IDA),MOHITE PATIL DHAIRYASHEEL RAJSINH,MADHA,Lighting of public spaces,2026-02-27,ABHIJEET AGENCIES SOLAPUR,Payment Success,215332.0,MPLADS eSAKSHI Public Dashboard
PAY-00501,WS/MP18280/2025-2026/185071,Maharashtra,SOLAPUR(DISTRICT COLLECTOR SOLAPUR_IDA),MOHITE PATIL DHAIRYASHEEL RAJSINH,MADHA,Lighting of public spaces,2026-02-27,ABHIJEET AGENCIES SOLAPUR,Payment Success,215332.0,MPLADS eSAKSHI Public Dashboard
PAY-00502,WS/MP18280/2025-2026/185072,Maharashtra,SOLAPUR(DISTRICT COLLECTOR SOLAPUR_IDA),MOHITE PATIL DHAIRYASHEEL RAJSINH,MADHA,Lighting of public spaces,2026-03-04,ABHIJEET AGENCIES SOLAPUR,Payment Success,215332.0,MPLADS eSAKSHI Public Dashboard
PAY-00503,WS/MP18115/2025-2026/188849,Maharashtra,BHANDARA(DISTRICT COLLECTOR BHANDARA_IDA),DR. PRASHANT YADAORAO PADOLE,BHANDARA-GONDIYA,"Construction of roads, link roads, pathways or any other road with or without drainage system",2026-02-20,GRAM PANCHAYAT LOBHI,Payment Success,1000000.0,MPLADS eSAKSHI Public Dashboard
PAY-00504,WS/MP18115/2026-2027/186414,Maharashtra,BHANDARA(DISTRICT COLLECTOR BHANDARA_IDA),DR. PRASHANT YADAORAO PADOLE,BHANDARA-GONDIYA,"Construction of roads, link roads, pathways or any other road with or without drainage system",2026-04-11,GRAM PANCHAYAT KHOKARLA,Payment Success,694967.0,MPLADS eSAKSHI Public Dashboard
PAY-00505,WS/MP18429/2026-2027/242891,Maharashtra,NANDED(DISTRICT COLLECTOR NANDED_IDA),Ravindra Vasantrao Chavan,NANDED,"Construction of roads, link roads, pathways or any other road with or without drainage system",2026-07-16,GRAM PANCHAYAT KOKALEGOAN TQ NAIGAON,Payment Success,696785.0,MPLADS eSAKSHI Public Dashboard
PAY-00506,WS/MP18429/2026-2027/242065,Maharashtra,NANDED(DISTRICT COLLECTOR NANDED_IDA),Ravindra Vasantrao Chavan,NANDED,"Construction of roads, link roads, pathways or any other road with or without drainage system",2026-06-30,GRAM PANCHAYAT SUJLEGOAN TQ NAIGAON,Payment Success,995385.0,MPLADS eSAKSHI Public Dashboard
PAY-00507,WS/MP18429/2025-2026/242066,Maharashtra,NANDED(DISTRICT COLLECTOR NANDED_IDA),Ravindra Vasantrao Chavan,NANDED,"Construction of roads, link roads, pathways or any other road with or without drainage system",2026-02-06,GRAM PANCHAYAT KRUSHNUR TQ NAIGAON,Payment Success,995786.0,MPLADS eSAKSHI Public Dashboard
PAY-00508,WS/MP18429/2026-2027/207496,Maharashtra,NANDED(DISTRICT COLLECTOR NANDED_IDA),Ravindra Vasantrao Chavan,NANDED,Street lights,2026-08-18,VED ELECTRICALS,Payment Success,499000.0,MPLADS eSAKSHI Public Dashboard
PAY-00509,WS/MP18429/2026-2027/207498,Maharashtra,NANDED(DISTRICT COLLECTOR NANDED_IDA),Ravindra Vasantrao Chavan,NANDED,Street lights,2026-08-18,MAROTI ELECTRICAL,Payment Success,499000.0,MPLADS eSAKSHI Public Dashboard
PAY-00510,WS/MP18429/2025-2026/223208,Maharashtra,NANDED(DISTRICT COLLECTOR NANDED_IDA),Ravindra Vasantrao Chavan,NANDED,"Construction of roads, link roads, pathways or any other road with or without drainage system",2026-02-18,GRAM PANCHAYAT KUNTUR TQ NAIGAON,Payment Success,496574.0,MPLADS eSAKSHI Public Dashboard
PAY-00511,WS/MP18429/2025-2026/223681,Maharashtra,NANDED(DISTRICT COLLECTOR NANDED_IDA),Ravindra Vasantrao Chavan,NANDED,Construction of community centers and community halls,2026-03-11,GRAM PANCHAYAT KARYALAYA BERALI BK,Payment Success,998000.0,MPLADS eSAKSHI Public Dashboard
PAY-00512,WS/MP18429/2026-2027/227299,Maharashtra,NANDED(DISTRICT COLLECTOR NANDED_IDA),Ravindra Vasantrao Chavan,NANDED,"Construction of roads, link roads, pathways or any other road with or without drainage system",2026-07-08,GRAM PANCHAYAT KARYALAY TAKBID TQ NAIGAON,Payment Success,1493374.0,MPLADS eSAKSHI Public Dashboard
PAY-00513,WS/MP18429/2026-2027/225915,Maharashtra,NANDED(DISTRICT COLLECTOR NANDED_IDA),Ravindra Vasantrao Chavan,NANDED,"Construction of roads, link roads, pathways or any other road with or without drainage system",2026-07-17,Shubham Shankar Gaikwad,Payment Success,499908.0,MPLADS eSAKSHI Public Dashboard
PAY-00514,WS/MP18429/2026-2027/212619,Maharashtra,NANDED(DISTRICT COLLECTOR NANDED_IDA),Ravindra Vasantrao Chavan,NANDED,Street lights,2026-06-22,City Light Electrical And Multi Services,Payment Success,999659.0,MPLADS eSAKSHI Public Dashboard
PAY-00515,WS/MP18429/2026-2027/237859,Maharashtra,NANDED(DISTRICT COLLECTOR NANDED_IDA),Ravindra Vasantrao Chavan,NANDED,"Construction of roads, link roads, pathways or any other road with or without drainage system",2026-08-03,Mohammed Mehrooz Farhan Md Muneer Ahmed,Payment Success,495937.0,MPLADS eSAKSHI Public Dashboard
PAY-00516,WS/MP18429/2026-2027/239006,Maharashtra,NANDED(DISTRICT COLLECTOR NANDED_IDA),Ravindra Vasantrao Chavan,NANDED,Lighting of public spaces,2026-06-23,City Light Electrical And Multi Services,Payment Success,1479521.0,MPLADS eSAKSHI Public Dashboard
PAY-00517,WS/MP18429/2026-2027/240743,Maharashtra,NANDED(DISTRICT COLLECTOR NANDED_IDA),Ravindra Vasantrao Chavan,NANDED,Lighting of public spaces,2026-06-23,City Light Electrical And Multi Services,Payment Success,1982148.0,MPLADS eSAKSHI Public Dashboard
PAY-00518,WS/MP18429/2025-2026/223139,Maharashtra,NANDED(DISTRICT COLLECTOR NANDED_IDA),Ravindra Vasantrao Chavan,NANDED,"Construction of roads, link roads, pathways or any other road with or without drainage system",2026-02-14,Gram Panchayat Samandarwadi tq Bhokar,Payment Success,492780.0,MPLADS eSAKSHI Public Dashboard
PAY-00519,WS/MP18429/2025-2026/223140,Maharashtra,NANDED(DISTRICT COLLECTOR NANDED_IDA),Ravindra Vasantrao Chavan,NANDED,"Construction of roads, link roads, pathways or any other road with or without drainage system",2026-02-14,Gram Panchayat Borwadi tq Bhokar,Payment Success,492775.0,MPLADS eSAKSHI Public Dashboard
PAY-00520,WS/MP18429/2025-2026/223141,Maharashtra,NANDED(DISTRICT COLLECTOR NANDED_IDA),Ravindra Vasantrao Chavan,NANDED,"Construction of roads, link roads, pathways or any other road with or without drainage system",2026-02-14,Gram Panchayat Dorli tq Bhokar,Payment Success,985780.0,MPLADS eSAKSHI Public Dashboard
PAY-00521,WS/MP18120/2026-2027/214157,Maharashtra,NANDED(DISTRICT COLLECTOR NANDED_IDA),AASHTIKAR PATIL NAGESH BAPURAO,HINGOLI,"Construction of roads, link roads, pathways or any other road with or without drainage system",2026-07-03,vividha vikas yojana grampanchyat mandavi,Payment Success,995277.0,MPLADS eSAKSHI Public Dashboard
PAY-00522,WS/MP18120/2026-2027/214158,Maharashtra,NANDED(DISTRICT COLLECTOR NANDED_IDA),AASHTIKAR PATIL NAGESH BAPURAO,HINGOLI,"Construction of roads, link roads, pathways or any other road with or without drainage system",2026-07-03,vividha vikas yojana grampanchyat mandavi,Payment Success,995277.0,MPLADS eSAKSHI Public Dashboard
PAY-00523,WS/MP18120/2026-2027/190399,Maharashtra,NANDED(DISTRICT COLLECTOR NANDED_IDA),AASHTIKAR PATIL NAGESH BAPURAO,HINGOLI,Construction of community centers and community halls,2026-07-13,gram panchayat ghogari tq hadgaon,Payment Success,1487075.0,MPLADS eSAKSHI Public Dashboard
PAY-00524,WS/MP18120/2025-2026/193720,Maharashtra,NANDED(DISTRICT COLLECTOR NANDED_IDA),AASHTIKAR PATIL NAGESH BAPURAO,HINGOLI,"Construction of roads, link roads, pathways or any other road with or without drainage system",2026-02-25,Vividh Vikas Yojana G P Ashti Tq Hadgaon,Payment Success,495040.0,MPLADS eSAKSHI Public Dashboard
PAY-00525,WS/MP18120/2025-2026/193721,Maharashtra,NANDED(DISTRICT COLLECTOR NANDED_IDA),AASHTIKAR PATIL NAGESH BAPURAO,HINGOLI,"Construction of roads, link roads, pathways or any other road with or without drainage system",2026-02-25,Vividh Vikas Yojana G P Ashti Tq Hadgaon,Payment Success,495123.0,MPLADS eSAKSHI Public Dashboard
PAY-00526,WS/MP18429/2026-2027/248642,Maharashtra,NANDED(DISTRICT COLLECTOR NANDED_IDA),Ravindra Vasantrao Chavan,NANDED,"Construction of roads, link roads, pathways or any other road with or without drainage system",2026-08-13,shubham ullewad,Payment Success,992531.0,MPLADS eSAKSHI Public Dashboard
PAY-00527,WS/MP18429/2026-2027/243636,Maharashtra,NANDED(DISTRICT COLLECTOR NANDED_IDA),Ravindra Vasantrao Chavan,NANDED,"Construction of roads, link roads, pathways or any other road with or without drainage system",2026-07-01,Gramsevk Gramnidhi G K MokHandi tq Umri,Payment Success,990463.0,MPLADS eSAKSHI Public Dashboard
PAY-00528,WS/MP18120/2025-2026/198957,Maharashtra,NANDED(DISTRICT COLLECTOR NANDED_IDA),AASHTIKAR PATIL NAGESH BAPURAO,HINGOLI,"Construction of roads, link roads, pathways or any other road with or without drainage system",2026-01-16,gram panchayat sapti tq hagaon,Payment Success,495904.0,MPLADS eSAKSHI Public Dashboard
PAY-00529,WS/MP18120/2025-2026/198958,Maharashtra,NANDED(DISTRICT COLLECTOR NANDED_IDA),AASHTIKAR PATIL NAGESH BAPURAO,HINGOLI,"Construction of roads, link roads, pathways or any other road with or without drainage system",2026-01-16,gram panchayat sapti tq hagaon,Payment Success,495277.0,MPLADS eSAKSHI Public Dashboard
PAY-00530,WS/MP18120/2025-2026/198963,Maharashtra,NANDED(DISTRICT COLLECTOR NANDED_IDA),AASHTIKAR PATIL NAGESH BAPURAO,HINGOLI,"Construction of roads, link roads, pathways or any other road with or without drainage system",2026-01-16,gram panchayat sapti tq hagaon,Payment Success,495556.0,MPLADS eSAKSHI Public Dashboard
PAY-00531,WS/MP18120/2026-2027/194822,Maharashtra,NANDED(DISTRICT COLLECTOR NANDED_IDA),AASHTIKAR PATIL NAGESH BAPURAO,HINGOLI,"Construction of roads, link roads, pathways or any other road with or without drainage system",2026-08-10,Gram Panchayat Sirapalli Tq Himayatnagar,Payment Success,986317.0,MPLADS eSAKSHI Public Dashboard
PAY-00532,WS/MP18120/2025-2026/190403,Maharashtra,NANDED(DISTRICT COLLECTOR NANDED_IDA),AASHTIKAR PATIL NAGESH BAPURAO,HINGOLI,"Construction of roads, link roads, pathways or any other road with or without drainage system",2025-12-23,gram panchayat chinchgavan,Payment Success,992440.0,MPLADS eSAKSHI Public Dashboard
PAY-00533,WS/MP18120/2026-2027/169230,Maharashtra,NANDED(DISTRICT COLLECTOR NANDED_IDA),AASHTIKAR PATIL NAGESH BAPURAO,HINGOLI,"Construction of roads, link roads, pathways or any other road with or without drainage system",2026-07-20,Jai hind penting plumber road v building works majur,Payment Success,1981405.0,MPLADS eSAKSHI Public Dashboard
PAY-00534,WS/MP18120/2026-2027/174640,Maharashtra,NANDED(DISTRICT COLLECTOR NANDED_IDA),AASHTIKAR PATIL NAGESH BAPURAO,HINGOLI,"Construction of roads, link roads, pathways or any other road with or without drainage system",2026-07-13,Gram Panchayat Karylay Talni Tq Hadgaon,Payment Success,495989.0,MPLADS eSAKSHI Public Dashboard
PAY-00535,WS/MP673/2024-2025/139059,Maharashtra,SOLAPUR(DISTRICT COLLECTOR SOLAPUR_IDA),Omprakash Bhupalsinh Alias Pawan Rajenimbalkar,OSMANABAD,Installing tube-wells and borewells,2025-07-23,Grampanchyat Hattij,Payment Success,299942.0,MPLADS eSAKSHI Public Dashboard
PAY-00536,WS/MP672/2024-2025/144101,Maharashtra,NAGPUR(DISTRICT COLLECTOR NAGPUR_IDA),Nitin Jairam Gadkari,NAGPUR,Purchase of hospital equipment,2024-10-04,Pro Ortho Perfect India Pvt Ltd,Payment Success,152300.0,MPLADS eSAKSHI Public Dashboard
PAY-00537,WS/MP672/2024-2025/144103,Maharashtra,NAGPUR(DISTRICT COLLECTOR NAGPUR_IDA),Nitin Jairam Gadkari,NAGPUR,Purchase of hospital equipment,2024-10-01,Andhra Pradesh Medtech zone Ltd,Payment Success,555000.0,MPLADS eSAKSHI Public Dashboard
PAY-00538,WS/MP672/2024-2025/144104,Maharashtra,NAGPUR(DISTRICT COLLECTOR NAGPUR_IDA),Nitin Jairam Gadkari,NAGPUR,Purchase of hospital equipment,2024-10-01,Voice Tech,Payment Success,670000.0,MPLADS eSAKSHI Public Dashboard
PAY-00539,WS/MP18120/2026-2027/218858,Maharashtra,HINGOLI(DISTRICT COLLECTOR HINGOLI_IDA),AASHTIKAR PATIL NAGESH BAPURAO,HINGOLI,"Construction of roads, link roads, pathways or any other road with or without drainage system",2026-08-07,KAPIL KESHAVRAO AMBHORE,Payment Success,2965232.0,MPLADS eSAKSHI Public Dashboard
PAY-00540,WS/MP18120/2026-2027/218864,Maharashtra,HINGOLI(DISTRICT COLLECTOR HINGOLI_IDA),AASHTIKAR PATIL NAGESH BAPURAO,HINGOLI,"Construction of roads, link roads, pathways or any other road with or without drainage system",2026-05-15,KAPIL KESHAVRAO AMBHORE,Payment Success,1493124.0,MPLADS eSAKSHI Public Dashboard
PAY-00541,WS/MP18120/2025-2026/174626,Maharashtra,HINGOLI(DISTRICT COLLECTOR HINGOLI_IDA),AASHTIKAR PATIL NAGESH BAPURAO,HINGOLI,"Construction of roads, link roads, pathways or any other road with or without drainage system",2026-03-09,GOVIND SHRIRAM MUNGAL,Payment Success,1485959.0,MPLADS eSAKSHI Public Dashboard
PAY-00542,WS/MP18120/2025-2026/189535,Maharashtra,HINGOLI(DISTRICT COLLECTOR HINGOLI_IDA),AASHTIKAR PATIL NAGESH BAPURAO,HINGOLI,"Construction of roads, link roads, pathways or any other road with or without drainage system",2026-03-02,SOPAN VITTHALRAO ZADE,Payment Success,998507.0,MPLADS eSAKSHI Public Dashboard
PAY-00543,WS/MP18327/2026-2027/213808,Maharashtra,SOLAPUR(DISTRICT COLLECTOR SOLAPUR_IDA),PRANITI SUSHILKUMAR SHINDE,SOLAPUR(SC),Construction of buildings for community cultural activities,2026-06-30,Revansidha majur sahakari sanstha,Payment Success,965905.0,MPLADS eSAKSHI Public Dashboard
PAY-00544,WS/MP18132/2025-2026/226543,Maharashtra,SANGLI(DISTRICT COLLECTOR SANGLI_IDA),VISHAL,SANGLI,Construction of buildings for community cultural activities,2026-07-14,SHAILESH DEEPAK PARAMANE,Payment Success,1000000.0,MPLADS eSAKSHI Public Dashboard
PAY-00545,WS/MP18132/2025-2026/226553,Maharashtra,SANGLI(DISTRICT COLLECTOR SANGLI_IDA),VISHAL,SANGLI,"Construction of roads, link roads, pathways or any other road with or without drainage system",2026-07-30,Janata Majur Sahakari Sanstha Maryadit Kupwad,Payment Success,1000000.0,MPLADS eSAKSHI Public Dashboard
PAY-00546,WS/MP18132/2025-2026/226566,Maharashtra,SANGLI(DISTRICT COLLECTOR SANGLI_IDA),VISHAL,SANGLI,"Construction of roads, link roads, pathways or any other road with or without drainage system",2026-07-14,SAVADH MAHADEV DUDHAL,Payment Success,1000000.0,MPLADS eSAKSHI Public Dashboard
PAY-00547,WS/MP18132/2025-2026/174561,Maharashtra,SANGLI(DISTRICT COLLECTOR SANGLI_IDA),VISHAL,SANGLI,Construction of buildings for community cultural activities,2026-07-14,SHRI MAHALAXMI MAJUR SAHAKARI SANSTHA LTD LAXMIWADI,Payment Success,992771.0,MPLADS eSAKSHI Public Dashboard
PAY-00548,WS/MP18132/2025-2026/174562,Maharashtra,SANGLI(DISTRICT COLLECTOR SANGLI_IDA),VISHAL,SANGLI,Construction of buildings for community cultural activities,2026-07-14,GANESH MAJUR SAHAKARI SANSTHALTD LINGNOOR,Payment Success,1000000.0,MPLADS eSAKSHI Public Dashboard
PAY-00549,WS/MP18132/2025-2026/174564,Maharashtra,SANGLI(DISTRICT COLLECTOR SANGLI_IDA),VISHAL,SANGLI,Construction of buildings for community cultural activities,2026-07-14,OM MAJUR SAHAKARI SANSTHA LTD,Payment Success,988619.0,MPLADS eSAKSHI Public Dashboard
PAY-00550,WS/MP18132/2025-2026/174565,Maharashtra,SANGLI(DISTRICT COLLECTOR SANGLI_IDA),VISHAL,SANGLI,Construction of buildings for community cultural activities,2026-03-23,SHRIMAN ABASAHEB MAZUR SAHKARI SOCIETY LTD MHAISAL,Payment Success,1000000.0,MPLADS eSAKSHI Public Dashboard
PAY-00551,WS/MP18132/2025-2026/174566,Maharashtra,SANGLI(DISTRICT COLLECTOR SANGLI_IDA),VISHAL,SANGLI,Construction of buildings for community cultural activities,2026-08-10,SHRI GANESH MAJUR SAHAKARI SANSTHA MARYADIT,Payment Success,873909.0,MPLADS eSAKSHI Public Dashboard
PAY-00552,WS/MP18132/2025-2026/174567,Maharashtra,SANGLI(DISTRICT COLLECTOR SANGLI_IDA),VISHAL,SANGLI,Construction of buildings for community cultural activities,2026-03-24,GANESH MAJUR SAHAKARI SANSTHALTD LINGNOOR,Payment Success,995413.0,MPLADS eSAKSHI Public Dashboard
PAY-00553,WS/MP18132/2025-2026/174568,Maharashtra,SANGLI(DISTRICT COLLECTOR SANGLI_IDA),VISHAL,SANGLI,Construction of buildings for community cultural activities,2026-03-24,SHRI BALAJI MAJUR SAHAKARI SANSTHA LTD,Payment Success,1000000.0,MPLADS eSAKSHI Public Dashboard
PAY-00554,WS/MP18132/2025-2026/174569,Maharashtra,SANGLI(DISTRICT COLLECTOR SANGLI_IDA),VISHAL,SANGLI,Construction of buildings for community cultural activities,2026-03-24,SHRI GANESH MAJUR SAHAKARI SANSTHA MARYADIT,Payment Success,1000000.0,MPLADS eSAKSHI Public Dashboard
PAY-00555,WS/MP18132/2025-2026/174580,Maharashtra,SANGLI(DISTRICT COLLECTOR SANGLI_IDA),VISHAL,SANGLI,"Construction of roads, link roads, pathways or any other road with or without drainage system",2026-07-15,PRAJWAL TUKARAM SHINDE,Payment Success,1000000.0,MPLADS eSAKSHI Public Dashboard
PAY-00556,WS/MP18132/2025-2026/174581,Maharashtra,SANGLI(DISTRICT COLLECTOR SANGLI_IDA),VISHAL,SANGLI,"Construction of roads, link roads, pathways or any other road with or without drainage system",2026-01-05,SHRI GANAPATI MAJUR SAHAKARI SOCIETY LTD ALAKUD S,Payment Success,997373.0,MPLADS eSAKSHI Public Dashboard
PAY-00557,WS/MP18132/2025-2026/179015,Maharashtra,SANGLI(DISTRICT COLLECTOR SANGLI_IDA),VISHAL,SANGLI,Construction of boundary walls of existing public and community buildings,2026-03-27,ARBAJ RAFIKAHAMAD INAMDAR,Payment Success,1000000.0,MPLADS eSAKSHI Public Dashboard
PAY-00558,WS/MP18132/2025-2026/179018,Maharashtra,SANGLI(DISTRICT COLLECTOR SANGLI_IDA),VISHAL,SANGLI,Construction of buildings for community cultural activities,2026-03-27,MOHIT EKANATH SHINDE,Payment Success,993126.0,MPLADS eSAKSHI Public Dashboard
PAY-00559,WS/MP18132/2025-2026/174575,Maharashtra,SANGLI(DISTRICT COLLECTOR SANGLI_IDA),VISHAL,SANGLI,"Construction of roads, link roads, pathways or any other road with or without drainage system",2026-03-20,GURUPRASAD CONSTRUCTION COMPANY,Payment Success,1000000.0,MPLADS eSAKSHI Public Dashboard
PAY-00560,WS/MP18132/2025-2026/174578,Maharashtra,SANGLI(DISTRICT COLLECTOR SANGLI_IDA),VISHAL,SANGLI,"Construction of roads, link roads, pathways or any other road with or without drainage system",2025-09-03,GURUPRASAD CONSTRUCTION COMPANY,Payment Success,987448.0,MPLADS eSAKSHI Public Dashboard
PAY-00561,WS/ MP667/2025-2026/159631,Maharashtra,SANGLI(DISTRICT COLLECTOR SANGLI_IDA),Dhairyasheel Sambhajirao Mane,HATKANANGLE,Construction of community centers and community halls,2026-03-10,SHRI DONGARI DEVI MAJUR SAHAKARI SANSTHA,Payment Success,1432750.0,MPLADS eSAKSHI Public Dashboard
PAY-00562,WS/MP18308/2025-2026/244680,Maharashtra,MUMBAI SUBURBAN(DISTRICT COLLECTOR MUMBAI SUBURBAN_IDA),RAVINDRA DATTARAM WAIKAR,MUMBAI NORTH WEST,Construction of community centers and community halls,2026-04-07,Krishna Construction Co,Payment Success,4971782.0,MPLADS eSAKSHI Public Dashboard
PAY-00563,WS/MP18308/2025-2026/244683,Maharashtra,MUMBAI SUBURBAN(DISTRICT COLLECTOR MUMBAI SUBURBAN_IDA),RAVINDRA DATTARAM WAIKAR,MUMBAI NORTH WEST,Construction of community centers and community halls,2026-04-07,Krishna Construction Co,Payment Success,2983069.0,MPLADS eSAKSHI Public Dashboard
PAY-00564,WS/MP18308/2025-2026/244692,Maharashtra,MUMBAI SUBURBAN(DISTRICT COLLECTOR MUMBAI SUBURBAN_IDA),RAVINDRA DATTARAM WAIKAR,MUMBAI NORTH WEST,Construction of community centers and community halls,2026-03-25,Mahendra Jagannath Lokhande,Payment Success,2983069.0,MPLADS eSAKSHI Public Dashboard
PAY-00565,WS/MP18308/2025-2026/244697,Maharashtra,MUMBAI SUBURBAN(DISTRICT COLLECTOR MUMBAI SUBURBAN_IDA),RAVINDRA DATTARAM WAIKAR,MUMBAI NORTH WEST,Construction of common work sheds/ common covered sitting area,2026-08-06,Kaveri Mazoor Sahakari Sanshan Maryadit,Payment Success,2497221.0,MPLADS eSAKSHI Public Dashboard
PAY-00566,WS/MP18308/2025-2026/244704,Maharashtra,MUMBAI SUBURBAN(DISTRICT COLLECTOR MUMBAI SUBURBAN_IDA),RAVINDRA DATTARAM WAIKAR,MUMBAI NORTH WEST,Construction of common work sheds/ common covered sitting area,2026-08-06,The Malad Cp Op Labour Society Ltd,Payment Success,1997775.0,MPLADS eSAKSHI Public Dashboard
PAY-00567,WS/MP18308/2025-2026/244705,Maharashtra,MUMBAI SUBURBAN(DISTRICT COLLECTOR MUMBAI SUBURBAN_IDA),RAVINDRA DATTARAM WAIKAR,MUMBAI NORTH WEST,Construction of community centers and community halls,2026-08-06,Om Sakthi Majoor Sahakari Sanstha Maryadit,Payment Success,1998481.0,MPLADS eSAKSHI Public Dashboard
PAY-00568,WS/MP18308/2025-2026/244717,Maharashtra,MUMBAI SUBURBAN(DISTRICT COLLECTOR MUMBAI SUBURBAN_IDA),RAVINDRA DATTARAM WAIKAR,MUMBAI NORTH WEST,Construction of common work sheds/ common covered sitting area,2026-03-25,Jarimari labour co op society ltd,Payment Success,1498335.0,MPLADS eSAKSHI Public Dashboard
PAY-00569,WS/MP18124/2025-2026/226092,Maharashtra,MUMBAI SUBURBAN(DISTRICT COLLECTOR MUMBAI SUBURBAN_IDA),GAIKWAD VARSHA EKNATH,MUMBAI NORTH-CENTRAL,"Construction of roads, link roads, pathways or any other road with or without drainage system",2026-03-20,SAMONA ENTERPRISES,Payment Success,1998282.0,MPLADS eSAKSHI Public Dashboard
PAY-00570,WS/MP18124/2025-2026/226093,Maharashtra,MUMBAI SUBURBAN(DISTRICT COLLECTOR MUMBAI SUBURBAN_IDA),GAIKWAD VARSHA EKNATH,MUMBAI NORTH-CENTRAL,Construction of community centers and community halls,2026-03-20,SAMONA ENTERPRISES,Payment Success,2497854.0,MPLADS eSAKSHI Public Dashboard
PAY-00571,WS/MP18307/2025-2026/231062,Maharashtra,MUMBAI SUBURBAN(DISTRICT COLLECTOR MUMBAI SUBURBAN_IDA),Piyush Vedprakash Goyal,MUMBAI NORTH,Development of public parks,2026-07-01,Samarth Infrastructure,Payment Success,2397497.0,MPLADS eSAKSHI Public Dashboard
PAY-00572,WS/MP18361/2025-2026/219015,Maharashtra,MUMBAI SUBURBAN(DISTRICT COLLECTOR MUMBAI SUBURBAN_IDA),SANJAY DINA PATIL,MUMBAI NORTH EAST,Construction of public toilets and bathrooms,2026-08-07,anurag urban tecinfra pvt ltd,Payment Success,1798634.0,MPLADS eSAKSHI Public Dashboard
PAY-00573,WS/MP18307/2025-2026/143606,Maharashtra,MUMBAI SUBURBAN(DISTRICT COLLECTOR MUMBAI SUBURBAN_IDA),Piyush Vedprakash Goyal,MUMBAI NORTH,Construction of public toilets and bathrooms,2026-08-04,Padmawati Mssm,Payment Success,1998482.0,MPLADS eSAKSHI Public Dashboard
PAY-00574,WS/MP18307/2025-2026/143607,Maharashtra,MUMBAI SUBURBAN(DISTRICT COLLECTOR MUMBAI SUBURBAN_IDA),Piyush Vedprakash Goyal,MUMBAI NORTH,"Construction of roads, link roads, pathways or any other road with or without drainage system",2026-07-03,Gangotri majoor sahakari sanstha maryadidt,Payment Success,1998481.0,MPLADS eSAKSHI Public Dashboard
PAY-00575,WS/MP18308/2025-2026/145431,Maharashtra,MUMBAI SUBURBAN(DISTRICT COLLECTOR MUMBAI SUBURBAN_IDA),RAVINDRA DATTARAM WAIKAR,MUMBAI NORTH WEST,"Construction of roads, link roads, pathways or any other road with or without drainage system",2026-01-23,Gautam Enterorises,Payment Success,3993959.0,MPLADS eSAKSHI Public Dashboard
PAY-00576,WS/MP18308/2025-2026/145433,Maharashtra,MUMBAI SUBURBAN(DISTRICT COLLECTOR MUMBAI SUBURBAN_IDA),RAVINDRA DATTARAM WAIKAR,MUMBAI NORTH WEST,Fitting of Sitting RCC Benches in Public Places,2025-10-14,Jivdani Mata Majoor Sahakari Sanstha,Payment Success,1498862.0,MPLADS eSAKSHI Public Dashboard
PAY-00577,WS/MP18307/2025-2026/143600,Maharashtra,MUMBAI SUBURBAN(DISTRICT COLLECTOR MUMBAI SUBURBAN_IDA),Piyush Vedprakash Goyal,MUMBAI NORTH,Tree plantation for community,2026-07-01,nandanvn majoor sahakari sanstha maryadit,Payment Success,1498862.0,MPLADS eSAKSHI Public Dashboard
PAY-00578,WS/MP18115/2025-2026/186646,Maharashtra,GONDIA(DISTRICT COLLECTOR GONDIA_IDA),DR. PRASHANT YADAORAO PADOLE,BHANDARA-GONDIYA,"Construction of roads, link roads, pathways or any other road with or without drainage system",2026-08-31,Gram panchayat Khadki,Payment Success,699871.0,MPLADS eSAKSHI Public Dashboard
PAY-00579,WS/MP18115/2026-2027/186677,Maharashtra,GONDIA(DISTRICT COLLECTOR GONDIA_IDA),DR. PRASHANT YADAORAO PADOLE,BHANDARA-GONDIYA,Construction of community centers and community halls,2026-08-27,GRAM PANCHAYAT ITKHEDA,Payment Success,699241.0,MPLADS eSAKSHI Public Dashboard
PAY-00580,WS/MP18115/2025-2026/186739,Maharashtra,GONDIA(DISTRICT COLLECTOR GONDIA_IDA),DR. PRASHANT YADAORAO PADOLE,BHANDARA-GONDIYA,Construction of community centers and community halls,2026-06-29,GRAM PANCHAYAT BORTOLA,Payment Success,997334.0,MPLADS eSAKSHI Public Dashboard
PAY-00581,WS/MP18115/2026-2027/186723,Maharashtra,GONDIA(DISTRICT COLLECTOR GONDIA_IDA),DR. PRASHANT YADAORAO PADOLE,BHANDARA-GONDIYA,Construction of community centers and community halls,2026-06-23,GRAM PANCHAYAT MUNDIPAR,Payment Success,999743.0,MPLADS eSAKSHI Public Dashboard
PAY-00582,WS/MP18115/2025-2026/186731,Maharashtra,GONDIA(DISTRICT COLLECTOR GONDIA_IDA),DR. PRASHANT YADAORAO PADOLE,BHANDARA-GONDIYA,"Construction of roads, link roads, pathways or any other road with or without drainage system",2026-07-06,Bhavesh Ajay Kuthe,Payment Success,697088.0,MPLADS eSAKSHI Public Dashboard
PAY-00583,WS/MP18119/2025-2026/163469,Maharashtra,GONDIA(DISTRICT COLLECTOR GONDIA_IDA),DR. KIRSAN NAMDEO,GADCHIROLI-CHIMUR(ST),Construction of community centers and community halls,2026-03-09,Samanya Fund Gram Panchayat Tigaon,Payment Success,599950.0,MPLADS eSAKSHI Public Dashboard
PAY-00584,WS/MP18119/2025-2026/163470,Maharashtra,GONDIA(DISTRICT COLLECTOR GONDIA_IDA),DR. KIRSAN NAMDEO,GADCHIROLI-CHIMUR(ST),Construction of public libraries and reading rooms,2026-01-12,AMEY SUBHASH NINAWE,Payment Success,795506.0,MPLADS eSAKSHI Public Dashboard
PAY-00585,WS/MP18119/2025-2026/163471,Maharashtra,GONDIA(DISTRICT COLLECTOR GONDIA_IDA),DR. KIRSAN NAMDEO,GADCHIROLI-CHIMUR(ST),Construction of public libraries and reading rooms,2026-06-22,GRAM PANCHAYAT SONEKHARI,Payment Success,799992.0,MPLADS eSAKSHI Public Dashboard
PAY-00586,WS/MP18119/2025-2026/163473,Maharashtra,GONDIA(DISTRICT COLLECTOR GONDIA_IDA),DR. KIRSAN NAMDEO,GADCHIROLI-CHIMUR(ST),"Construction of roads, link roads, pathways or any other road with or without drainage system",2026-01-12,AMEY SUBHASH NINAWE,Payment Success,298168.0,MPLADS eSAKSHI Public Dashboard
PAY-00587,WS/MP18119/2025-2026/163475,Maharashtra,GONDIA(DISTRICT COLLECTOR GONDIA_IDA),DR. KIRSAN NAMDEO,GADCHIROLI-CHIMUR(ST),Construction of public libraries and reading rooms,2026-05-05,SANJOG BHUWANLAL NARWARE,Payment Success,796440.0,MPLADS eSAKSHI Public Dashboard
PAY-00588,WS/MP18119/2025-2026/163478,Maharashtra,GONDIA(DISTRICT COLLECTOR GONDIA_IDA),DR. KIRSAN NAMDEO,GADCHIROLI-CHIMUR(ST),Construction of public libraries and reading rooms,2026-02-24,AMEY SUBHASH NINAWE,Payment Success,697850.0,MPLADS eSAKSHI Public Dashboard
PAY-00589,WS/MP18119/2025-2026/163479,Maharashtra,GONDIA(DISTRICT COLLECTOR GONDIA_IDA),DR. KIRSAN NAMDEO,GADCHIROLI-CHIMUR(ST),Construction of community centers and community halls,2026-06-23,GRAM PANCHAYAT GANDHITOLA,Payment Success,499970.0,MPLADS eSAKSHI Public Dashboard
PAY-00590,WS/MP18119/2025-2026/163482,Maharashtra,GONDIA(DISTRICT COLLECTOR GONDIA_IDA),DR. KIRSAN NAMDEO,GADCHIROLI-CHIMUR(ST),Construction of public libraries and reading rooms,2026-07-01,GRAM PANCHAYAT JAMAKUDO,Payment Success,698488.0,MPLADS eSAKSHI Public Dashboard
PAY-00591,WS/MP18119/2025-2026/163577,Maharashtra,GONDIA(DISTRICT COLLECTOR GONDIA_IDA),DR. KIRSAN NAMDEO,GADCHIROLI-CHIMUR(ST),Development of playground,2026-01-19,ADITYA RAJU DONODE,Payment Success,299369.0,MPLADS eSAKSHI Public Dashboard
PAY-00592,WS/MP18119/2026-2027/256532,Maharashtra,GONDIA(DISTRICT COLLECTOR GONDIA_IDA),DR. KIRSAN NAMDEO,GADCHIROLI-CHIMUR(ST),"Construction of roads, link roads, pathways or any other road with or without drainage system",2026-06-29,Rajesh Ghanshyam Girhepunje,Payment Success,398445.0,MPLADS eSAKSHI Public Dashboard
PAY-00593,WS/MP18119/2026-2027/256533,Maharashtra,GONDIA(DISTRICT COLLECTOR GONDIA_IDA),DR. KIRSAN NAMDEO,GADCHIROLI-CHIMUR(ST),Providing drains and gutters for public drainage,2026-06-29,Rajesh Ghanshyam Girhepunje,Payment Success,347698.0,MPLADS eSAKSHI Public Dashboard
PAY-00594,WS/MP18110/2026-2027/242057,Maharashtra,Ahilyanagar(DISTRICT COLLECTOR AHMEDNAGAR_IDA),NILESH DNYANDEV LANKE,AHMEDNAGAR,Construction of community centers and community halls,2026-06-24,Sachin Nandram Karale,Payment Success,1486985.0,MPLADS eSAKSHI Public Dashboard
PAY-00595,WS/MP18110/2026-2027/242058,Maharashtra,Ahilyanagar(DISTRICT COLLECTOR AHMEDNAGAR_IDA),NILESH DNYANDEV LANKE,AHMEDNAGAR,Construction of community centers and community halls,2026-07-03,Sachin Nandram Karale,Payment Success,2500000.0,MPLADS eSAKSHI Public Dashboard
PAY-00596,WS/MP18110/2025-2026/242059,Maharashtra,Ahilyanagar(DISTRICT COLLECTOR AHMEDNAGAR_IDA),NILESH DNYANDEV LANKE,AHMEDNAGAR,Construction of community centers and community halls,2026-02-25,SUYOG M S S LTD A NAGAR,Payment Success,1000000.0,MPLADS eSAKSHI Public Dashboard
PAY-00597,WS/MP18110/2026-2027/248579,Maharashtra,Ahilyanagar(DISTRICT COLLECTOR AHMEDNAGAR_IDA),NILESH DNYANDEV LANKE,AHMEDNAGAR,Construction of community centers and community halls,2026-06-25,SAISRADHA MAJUR SAHA SANSTHA MARYADIT ALKUTI,Payment Success,993116.0,MPLADS eSAKSHI Public Dashboard
PAY-00598,WS/MP18110/2025-2026/209772,Maharashtra,Ahilyanagar(DISTRICT COLLECTOR AHMEDNAGAR_IDA),NILESH DNYANDEV LANKE,AHMEDNAGAR,Construction of community centers and community halls,2026-01-01,SUNIL DATTATRAY KUDALE,Payment Success,4776925.0,MPLADS eSAKSHI Public Dashboard
PAY-00599,WS/MP18110/2025-2026/209773,Maharashtra,Ahilyanagar(DISTRICT COLLECTOR AHMEDNAGAR_IDA),NILESH DNYANDEV LANKE,AHMEDNAGAR,Construction of community centers and community halls,2025-10-17,JIJAI MAJUR SAH SOCIETY,Payment Success,1000000.0,MPLADS eSAKSHI Public Dashboard
PAY-00600,WS/MP18110/2025-2026/209774,Maharashtra,Ahilyanagar(DISTRICT COLLECTOR AHMEDNAGAR_IDA),NILESH DNYANDEV LANKE,AHMEDNAGAR,Construction of community centers and community halls,2026-01-09,APURVA MAJOOR SH SANSTHA LTD RUICHHATISHI,Payment Success,1000000.0,MPLADS eSAKSHI Public Dashboard
PAY-00601,WS/MP18110/2025-2026/209775,Maharashtra,Ahilyanagar(DISTRICT COLLECTOR AHMEDNAGAR_IDA),NILESH DNYANDEV LANKE,AHMEDNAGAR,Construction of community centers and community halls,2025-10-17,JIJAI MAJUR SAH SOCIETY,Payment Success,700000.0,MPLADS eSAKSHI Public Dashboard
PAY-00602,WS/MP18110/2025-2026/209776,Maharashtra,Ahilyanagar(DISTRICT COLLECTOR AHMEDNAGAR_IDA),NILESH DNYANDEV LANKE,AHMEDNAGAR,Development of playfields and sports grounds,2025-12-19,SURAJKUMAR SARJERAO RASKAR,Payment Success,1493825.0,MPLADS eSAKSHI Public Dashboard
PAY-00603,WS/MP18110/2025-2026/209777,Maharashtra,Ahilyanagar(DISTRICT COLLECTOR AHMEDNAGAR_IDA),NILESH DNYANDEV LANKE,AHMEDNAGAR,Construction of community centers and community halls,2026-04-07,SANKET BHAUSAHEB VYAVAHARE,Payment Success,1474746.0,MPLADS eSAKSHI Public Dashboard
PAY-00604,WS/MP18110/2025-2026/209780,Maharashtra,Ahilyanagar(DISTRICT COLLECTOR AHMEDNAGAR_IDA),NILESH DNYANDEV LANKE,AHMEDNAGAR,Construction of community centers and community halls,2026-06-24,SANKET BHAUSAHEB VYAVAHARE,Payment Success,1483976.0,MPLADS eSAKSHI Public Dashboard
PAY-00605,WS/MP18110/2025-2026/209782,Maharashtra,Ahilyanagar(DISTRICT COLLECTOR AHMEDNAGAR_IDA),NILESH DNYANDEV LANKE,AHMEDNAGAR,Construction of community centers and community halls,2026-02-25,JIJAI MAJUR SAH SOCIETY,Payment Success,995411.0,MPLADS eSAKSHI Public Dashboard
PAY-00606,WS/MP18110/2025-2026/209784,Maharashtra,Ahilyanagar(DISTRICT COLLECTOR AHMEDNAGAR_IDA),NILESH DNYANDEV LANKE,AHMEDNAGAR,Construction of common work sheds/ common covered sitting area,2026-01-19,RANGDAS SWAMI M S S LTD POKHARI,Payment Success,971493.0,MPLADS eSAKSHI Public Dashboard
PAY-00607,WS/MP18110/2025-2026/209785,Maharashtra,Ahilyanagar(DISTRICT COLLECTOR AHMEDNAGAR_IDA),NILESH DNYANDEV LANKE,AHMEDNAGAR,Construction of common work sheds/ common covered sitting area,2026-04-09,Ch Panchmukhi Maruti MSS Ltd,Payment Success,999962.0,MPLADS eSAKSHI Public Dashboard
PAY-00608,WS/MP18110/2025-2026/209786,Maharashtra,Ahilyanagar(DISTRICT COLLECTOR AHMEDNAGAR_IDA),NILESH DNYANDEV LANKE,AHMEDNAGAR,Crematoriums/energy efficient crematoriums or structures on burial/cremation ground,2026-07-10,Ch Panchmukhi Maruti MSS Ltd,Payment Success,990652.0,MPLADS eSAKSHI Public Dashboard
PAY-00609,WS/MP18128/2026-2027/217799,Maharashtra,PALGHAR(DISTRICT COLLECTOR PALGHAR_IDA),DR. HEMANT VISHNU SAVARA,PALGHAR(ST),Construction of community centers and community halls,2026-04-09,GANESH MADHUKAR MORE,Payment Success,991449.0,MPLADS eSAKSHI Public Dashboard
PAY-00610,WS/MP18128/2026-2027/217811,Maharashtra,PALGHAR(DISTRICT COLLECTOR PALGHAR_IDA),DR. HEMANT VISHNU SAVARA,PALGHAR(ST),Fitting of Sitting RCC Benches in Public Places,2026-09-01,HARSHAL ANANTA SAMBARE,Payment Success,992591.0,MPLADS eSAKSHI Public Dashboard
PAY-00611,WS/MP18128/2026-2027/217820,Maharashtra,PALGHAR(DISTRICT COLLECTOR PALGHAR_IDA),DR. HEMANT VISHNU SAVARA,PALGHAR(ST),Crematoriums/energy efficient crematoriums or structures on burial/cremation ground,2026-09-01,JATIN V PATIL,Payment Success,992657.0,MPLADS eSAKSHI Public Dashboard
PAY-00612,WS/MP18128/2026-2027/217863,Maharashtra,PALGHAR(DISTRICT COLLECTOR PALGHAR_IDA),DR. HEMANT VISHNU SAVARA,PALGHAR(ST),Construction of common work sheds/ common covered sitting area,2026-09-01,TEERTHRAJ VISHWANATH PATIL,Payment Success,892176.0,MPLADS eSAKSHI Public Dashboard
PAY-00613,WS/MP18128/2026-2027/217864,Maharashtra,PALGHAR(DISTRICT COLLECTOR PALGHAR_IDA),DR. HEMANT VISHNU SAVARA,PALGHAR(ST),"Construction of roads, link roads, pathways or any other road with or without drainage system",2026-09-01,TEERTHRAJ VISHWANATH PATIL,Payment Success,981824.0,MPLADS eSAKSHI Public Dashboard
PAY-00614,WS/MP18116/2026-2027/220965,Maharashtra,PALGHAR(DISTRICT COLLECTOR PALGHAR_IDA),BALYA MAMA SURESH GOPINATH MHATRE,BHIWANDI,Construction of footpaths and pedestrian ways,2026-06-18,KASHTKARI M K SAHA STY LTD,Payment Success,997326.0,MPLADS eSAKSHI Public Dashboard
PAY-00615,WS/MP18116/2026-2027/220968,Maharashtra,PALGHAR(DISTRICT COLLECTOR PALGHAR_IDA),BALYA MAMA SURESH GOPINATH MHATRE,BHIWANDI,Construction of footpaths and pedestrian ways,2026-06-18,KASHTKARI M K SAHA STY LTD,Payment Success,995979.0,MPLADS eSAKSHI Public Dashboard
PAY-00616,WS/MP18116/2026-2027/220975,Maharashtra,PALGHAR(DISTRICT COLLECTOR PALGHAR_IDA),BALYA MAMA SURESH GOPINATH MHATRE,BHIWANDI,Security gates in streets/public place for safety purpose,2026-07-02,SNEHA MAJUR KAMGAR CO OP SOCIETY LTD,Payment Success,997448.0,MPLADS eSAKSHI Public Dashboard
PAY-00617,WS/MP18128/2026-2027/220027,Maharashtra,PALGHAR(DISTRICT COLLECTOR PALGHAR_IDA),DR. HEMANT VISHNU SAVARA,PALGHAR(ST),Construction of community centers and community halls,2026-06-25,PRATIK MANGESH KAJALE,Payment Success,987716.0,MPLADS eSAKSHI Public Dashboard
PAY-00618,WS/MP18128/2026-2027/231485,Maharashtra,PALGHAR(DISTRICT COLLECTOR PALGHAR_IDA),DR. HEMANT VISHNU SAVARA,PALGHAR(ST),Construction of community centers and community halls,2026-06-19,UMESH ANANTA NAYKAR,Payment Success,483185.0,MPLADS eSAKSHI Public Dashboard
PAY-00619,WS/MP18128/2026-2027/231487,Maharashtra,PALGHAR(DISTRICT COLLECTOR PALGHAR_IDA),DR. HEMANT VISHNU SAVARA,PALGHAR(ST),Construction of community centers and community halls,2026-06-22,UMESH ANANTA NAYKAR,Payment Success,496216.0,MPLADS eSAKSHI Public Dashboard
PAY-00620,WS/MP18128/2026-2027/231489,Maharashtra,PALGHAR(DISTRICT COLLECTOR PALGHAR_IDA),DR. HEMANT VISHNU SAVARA,PALGHAR(ST),Construction of community centers and community halls,2026-06-19,UMESH ANANTA NAYKAR,Payment Success,494553.0,MPLADS eSAKSHI Public Dashboard
PAY-00621,WS/MP18128/2026-2027/238452,Maharashtra,PALGHAR(DISTRICT COLLECTOR PALGHAR_IDA),DR. HEMANT VISHNU SAVARA,PALGHAR(ST),Construction of common work sheds/ common covered sitting area,2026-05-20,SHREE SANKALP KRUPAMKSSM,Payment Success,631070.0,MPLADS eSAKSHI Public Dashboard
PAY-00622,WS/MP18128/2026-2027/238454,Maharashtra,PALGHAR(DISTRICT COLLECTOR PALGHAR_IDA),DR. HEMANT VISHNU SAVARA,PALGHAR(ST),Construction of common work sheds/ common covered sitting area,2026-05-20,SHREE SANKALP KRUPAMKSSM,Payment Success,427061.0,MPLADS eSAKSHI Public Dashboard
PAY-00623,WS/MP18128/2026-2027/235609,Maharashtra,PALGHAR(DISTRICT COLLECTOR PALGHAR_IDA),DR. HEMANT VISHNU SAVARA,PALGHAR(ST),"Construction of roads, link roads, pathways or any other road with or without drainage system",2026-07-15,Ganga Majoor Kamgar Sahakari Sanstha Marya Biloshi,Payment Success,993381.0,MPLADS eSAKSHI Public Dashboard
PAY-00624,WS/MP18128/2026-2027/211848,Maharashtra,PALGHAR(DISTRICT COLLECTOR PALGHAR_IDA),DR. HEMANT VISHNU SAVARA,PALGHAR(ST),Construction of common work sheds/ common covered sitting area,2026-07-02,TEJASHRI VITTHAL PATIL,Payment Success,928874.0,MPLADS eSAKSHI Public Dashboard
PAY-00625,WS/MP681/2024-2025/143650,Maharashtra,JALNA(DISTRICT COLLECTOR JALNA_IDA),Sanjay Haribhau Jadhav,PARBHANI,"Construction of roads, link roads, pathways or any other road with or without drainage system",2025-03-24,Renuka Devi Majur Co Oprative Society Limited,Payment Success,798769.0,MPLADS eSAKSHI Public Dashboard
PAY-00626,WS/MP681/2024-2025/143651,Maharashtra,JALNA(DISTRICT COLLECTOR JALNA_IDA),Sanjay Haribhau Jadhav,PARBHANI,"Construction of roads, link roads, pathways or any other road with or without drainage system",2025-03-06,Ajit Mss Jalna,Payment Success,880849.0,MPLADS eSAKSHI Public Dashboard
PAY-00627,WS/MP681/2024-2025/143652,Maharashtra,JALNA(DISTRICT COLLECTOR JALNA_IDA),Sanjay Haribhau Jadhav,PARBHANI,Construction of community centers and community halls,2025-06-04,Mastsyodari Majur Sahakari Sanstha Maryadit Ambad,Payment Success,793754.0,MPLADS eSAKSHI Public Dashboard
PAY-00628,WS/MP681/2024-2025/143654,Maharashtra,JALNA(DISTRICT COLLECTOR JALNA_IDA),Sanjay Haribhau Jadhav,PARBHANI,Construction of community centers and community halls,2025-04-29,Mastsyodari Majur Sahakari Sanstha Maryadit Ambad,Payment Success,991457.0,MPLADS eSAKSHI Public Dashboard
PAY-00629,WS/MP681/2024-2025/143655,Maharashtra,JALNA(DISTRICT COLLECTOR JALNA_IDA),Sanjay Haribhau Jadhav,PARBHANI,"Construction of roads, link roads, pathways or any other road with or without drainage system",2025-03-26,Yamuna Majur Sahakari Sanstha Ltd Sonak Pimpalgaon,Payment Success,985348.0,MPLADS eSAKSHI Public Dashboard
PAY-00630,WS/MP681/2024-2025/143658,Maharashtra,JALNA(DISTRICT COLLECTOR JALNA_IDA),Sanjay Haribhau Jadhav,PARBHANI,"Construction of roads, link roads, pathways or any other road with or without drainage system",2026-01-21,Yamuna Majur Sahakari Sanstha Ltd Sonak Pimpalgaon,Payment Success,991116.0,MPLADS eSAKSHI Public Dashboard
PAY-00631,WS/MP18122/2024-2025/184151,Maharashtra,JALNA(DISTRICT COLLECTOR JALNA_IDA),KALYAN VAIJINATHRAO KALE,JALNA,"Construction of roads, link roads, pathways or any other road with or without drainage system",2026-01-26,PRIYA MAJUR SHAKARI SANSTHA MARYADIT JALNA,Payment Success,979149.0,MPLADS eSAKSHI Public Dashboard
PAY-00632,WS/MP18122/2024-2025/186322,Maharashtra,JALNA(DISTRICT COLLECTOR JALNA_IDA),KALYAN VAIJINATHRAO KALE,JALNA,Crematoriums/energy efficient crematoriums or structures on burial/cremation ground,2026-08-10,PRIYA MAJUR SHAKARI SANSTHA MARYADIT JALNA,Payment Success,497013.0,MPLADS eSAKSHI Public Dashboard
PAY-00633,WS/MP681/2024-2025/144038,Maharashtra,JALNA(DISTRICT COLLECTOR JALNA_IDA),Sanjay Haribhau Jadhav,PARBHANI,"Construction of roads, link roads, pathways or any other road with or without drainage system",2025-04-30,Ganga Bharti Lebor CO OP Society Partur LTD Partur,Payment Success,957000.0,MPLADS eSAKSHI Public Dashboard
PAY-00634,WS/MP681/2025-2026/144039,Maharashtra,JALNA(DISTRICT COLLECTOR JALNA_IDA),Sanjay Haribhau Jadhav,PARBHANI,"Construction of roads, link roads, pathways or any other road with or without drainage system",2025-06-20,Anusaya Mahila MSS,Payment Success,995260.0,MPLADS eSAKSHI Public Dashboard
PAY-00635,WS/MP681/2024-2025/144040,Maharashtra,JALNA(DISTRICT COLLECTOR JALNA_IDA),Sanjay Haribhau Jadhav,PARBHANI,"Construction of roads, link roads, pathways or any other road with or without drainage system",2026-02-02,Gajanan Majur Sahakari Sanstha Soyanjana,Payment Success,696205.0,MPLADS eSAKSHI Public Dashboard
PAY-00636,WS/MP681/2024-2025/144041,Maharashtra,JALNA(DISTRICT COLLECTOR JALNA_IDA),Sanjay Haribhau Jadhav,PARBHANI,"Construction of roads, link roads, pathways or any other road with or without drainage system",2026-03-02,Renuka Mata MSS Salegaon Ner,Payment Success,990568.0,MPLADS eSAKSHI Public Dashboard
PAY-00637,WS/MP681/2024-2025/144067,Maharashtra,JALNA(DISTRICT COLLECTOR JALNA_IDA),Sanjay Haribhau Jadhav,PARBHANI,"Construction of roads, link roads, pathways or any other road with or without drainage system",2025-11-11,Ganga Bharti Lebor CO OP Society Partur LTD Partur,Payment Success,494879.0,MPLADS eSAKSHI Public Dashboard
PAY-00638,WS/MP681/2025-2026/144068,Maharashtra,JALNA(DISTRICT COLLECTOR JALNA_IDA),Sanjay Haribhau Jadhav,PARBHANI,"Construction of roads, link roads, pathways or any other road with or without drainage system",2025-11-11,Ganga Bharti Lebor CO OP Society Partur LTD Partur,Payment Success,696704.0,MPLADS eSAKSHI Public Dashboard
PAY-00639,WS/MP681/2024-2025/143646,Maharashtra,JALNA(DISTRICT COLLECTOR JALNA_IDA),Sanjay Haribhau Jadhav,PARBHANI,"Construction of roads, link roads, pathways or any other road with or without drainage system",2025-07-14,Jambuwant Labour Co Op Society Ltd Ambad,Payment Success,797176.0,MPLADS eSAKSHI Public Dashboard
PAY-00640,WS/MP681/2024-2025/143647,Maharashtra,JALNA(DISTRICT COLLECTOR JALNA_IDA),Sanjay Haribhau Jadhav,PARBHANI,"Construction of roads, link roads, pathways or any other road with or without drainage system",2025-06-12,Jambuwant Labour Co Op Society Ltd Ambad,Payment Success,791961.0,MPLADS eSAKSHI Public Dashboard
PAY-00641,WS/MP18134/2025-2026/183099,Maharashtra,Ahilyanagar(DISTRICT COLLECTOR AHMEDNAGAR_IDA),BHAUSAHEB RAJARAM WAKCHAURE,SHIRDI(SC),Crematoriums/energy efficient crematoriums or structures on burial/cremation ground,2026-07-21,Ch Saptshrungi Mata Wadar MSS Ltd Akole,Payment Success,696134.0,MPLADS eSAKSHI Public Dashboard
PAY-00642,WS/MP18134/2025-2026/183654,Maharashtra,Ahilyanagar(DISTRICT COLLECTOR AHMEDNAGAR_IDA),BHAUSAHEB RAJARAM WAKCHAURE,SHIRDI(SC),Construction of community centers and community halls,2026-05-15,Kalsubai Adi Majour Sah STY LTD Waki,Payment Success,686339.0,MPLADS eSAKSHI Public Dashboard
PAY-00643,WS/MP18134/2025-2026/184183,Maharashtra,Ahilyanagar(DISTRICT COLLECTOR AHMEDNAGAR_IDA),BHAUSAHEB RAJARAM WAKCHAURE,SHIRDI(SC),Construction of boundary walls of existing public and community buildings,2026-03-04,ADHVIKA MAJUR SAHKARI SANSTH MARYA MEHENDURI,Payment Success,490467.0,MPLADS eSAKSHI Public Dashboard
PAY-00644,WS/MP18134/2025-2026/184242,Maharashtra,Ahilyanagar(DISTRICT COLLECTOR AHMEDNAGAR_IDA),BHAUSAHEB RAJARAM WAKCHAURE,SHIRDI(SC),Construction of community centers and community halls,2026-06-17,Kailas Majur STY Ghoyagaon,Payment Success,492854.0,MPLADS eSAKSHI Public Dashboard
PAY-00645,WS/MP18134/2025-2026/184248,Maharashtra,Ahilyanagar(DISTRICT COLLECTOR AHMEDNAGAR_IDA),BHAUSAHEB RAJARAM WAKCHAURE,SHIRDI(SC),Construction of community centers and community halls,2026-06-18,Shree Moraya Majur Sahakari Santha Maryadit Kotul,Payment Success,693684.0,MPLADS eSAKSHI Public Dashboard
PAY-00646,WS/MP18134/2025-2026/184304,Maharashtra,Ahilyanagar(DISTRICT COLLECTOR AHMEDNAGAR_IDA),BHAUSAHEB RAJARAM WAKCHAURE,SHIRDI(SC),Construction of common work sheds/ common covered sitting area,2026-05-11,MALUNJA BDK WADR MAJUR SAH SANSTHA MAR YADIT,Payment Success,495321.0,MPLADS eSAKSHI Public Dashboard
PAY-00647,WS/MP18134/2025-2026/185004,Maharashtra,Ahilyanagar(DISTRICT COLLECTOR AHMEDNAGAR_IDA),BHAUSAHEB RAJARAM WAKCHAURE,SHIRDI(SC),Construction of common work sheds/ common covered sitting area,2026-06-17,Kailas Majur STY Ghoyagaon,Payment Success,493994.0,MPLADS eSAKSHI Public Dashboard
PAY-00648,WS/MP18134/2025-2026/185069,Maharashtra,Ahilyanagar(DISTRICT COLLECTOR AHMEDNAGAR_IDA),BHAUSAHEB RAJARAM WAKCHAURE,SHIRDI(SC),Construction of common work sheds/ common covered sitting area,2026-06-26,Sai Ganesh Majur Sah Sanstha Ltd Khambe,Payment Success,499060.0,MPLADS eSAKSHI Public Dashboard
PAY-00649,WS/MP18134/2025-2026/185101,Maharashtra,Ahilyanagar(DISTRICT COLLECTOR AHMEDNAGAR_IDA),BHAUSAHEB RAJARAM WAKCHAURE,SHIRDI(SC),Construction of community centers and community halls,2026-05-11,MALUNJA BDK WADR MAJUR SAH SANSTHA MAR YADIT,Payment Success,488701.0,MPLADS eSAKSHI Public Dashboard
PAY-00650,WS/MP18134/2025-2026/185446,Maharashtra,Ahilyanagar(DISTRICT COLLECTOR AHMEDNAGAR_IDA),BHAUSAHEB RAJARAM WAKCHAURE,SHIRDI(SC),Construction of community centers and community halls,2026-06-17,Shree Moraya Majur Sahakari Santha Maryadit Kotul,Payment Success,493593.0,MPLADS eSAKSHI Public Dashboard
PAY-00651,WS/MP18134/2025-2026/185488,Maharashtra,Ahilyanagar(DISTRICT COLLECTOR AHMEDNAGAR_IDA),BHAUSAHEB RAJARAM WAKCHAURE,SHIRDI(SC),Construction of community centers and community halls,2026-06-20,Ch Shramik MSS Ltd Nawalewadi,Payment Success,492457.0,MPLADS eSAKSHI Public Dashboard
PAY-00652,WS/MP18134/2025-2026/186606,Maharashtra,Ahilyanagar(DISTRICT COLLECTOR AHMEDNAGAR_IDA),BHAUSAHEB RAJARAM WAKCHAURE,SHIRDI(SC),Construction of community centers and community halls,2026-08-17,Ch Swapnil MSS Ltd,Payment Success,673946.0,MPLADS eSAKSHI Public Dashboard
PAY-00653,WS/MP18134/2025-2026/187742,Maharashtra,Ahilyanagar(DISTRICT COLLECTOR AHMEDNAGAR_IDA),BHAUSAHEB RAJARAM WAKCHAURE,SHIRDI(SC),Construction of community centers and community halls,2026-06-30,Ch Shramshakti MSS Ltd Wakadi,Payment Success,499215.0,MPLADS eSAKSHI Public Dashboard
PAY-00654,WS/MP18134/2025-2026/188588,Maharashtra,Ahilyanagar(DISTRICT COLLECTOR AHMEDNAGAR_IDA),BHAUSAHEB RAJARAM WAKCHAURE,SHIRDI(SC),Construction of boundary walls of existing public and community buildings,2026-06-15,ADHVIKA MAJUR SAHKARI SANSTH MARYA MEHENDURI,Payment Success,471833.0,MPLADS eSAKSHI Public Dashboard
PAY-00655,WS/MP18134/2025-2026/208873,Maharashtra,Ahilyanagar(DISTRICT COLLECTOR AHMEDNAGAR_IDA),BHAUSAHEB RAJARAM WAKCHAURE,SHIRDI(SC),Construction of community centers and community halls,2026-03-17,Ch Deepali MSS Ltd,Payment Success,986613.0,MPLADS eSAKSHI Public Dashboard
PAY-00656,WS/MP18134/2026-2027/237134,Maharashtra,Ahilyanagar(DISTRICT COLLECTOR AHMEDNAGAR_IDA),BHAUSAHEB RAJARAM WAKCHAURE,SHIRDI(SC),Construction of community centers and community halls,2026-06-20,MALUNJA BDK WADR MAJUR SAH SANSTHA MAR YADIT,Payment Success,499992.0,MPLADS eSAKSHI Public Dashboard
PAY-00657,WS/MP18134/2025-2026/245261,Maharashtra,Ahilyanagar(DISTRICT COLLECTOR AHMEDNAGAR_IDA),BHAUSAHEB RAJARAM WAKCHAURE,SHIRDI(SC),Construction of community centers and community halls,2026-06-15,Ch Panchkeshwar Majur bandhkam sah sanstha,Payment Success,693321.0,MPLADS eSAKSHI Public Dashboard
PAY-00658,WS/MP18134/2025-2026/246039,Maharashtra,Ahilyanagar(DISTRICT COLLECTOR AHMEDNAGAR_IDA),BHAUSAHEB RAJARAM WAKCHAURE,SHIRDI(SC),Construction of community centers and community halls,2026-03-24,Ganesh Majoor Sahakari Sanstha Ltd,Payment Success,497764.0,MPLADS eSAKSHI Public Dashboard
PAY-00659,WS/MP18134/2025-2026/247447,Maharashtra,Ahilyanagar(DISTRICT COLLECTOR AHMEDNAGAR_IDA),BHAUSAHEB RAJARAM WAKCHAURE,SHIRDI(SC),Construction of community centers and community halls,2026-06-12,Ganesh Majoor Sahakari Sanstha Ltd,Payment Success,999560.0,MPLADS eSAKSHI Public Dashboard
PAY-00660,WS/MP18110/2025-2026/242056,Maharashtra,Ahilyanagar(DISTRICT COLLECTOR AHMEDNAGAR_IDA),NILESH DNYANDEV LANKE,AHMEDNAGAR,Construction of community centers and community halls,2026-07-08,Malewadi MSS Ltd Malewadi Tal Pathardi,Payment Success,968030.0,MPLADS eSAKSHI Public Dashboard
PAY-00661,WS/MP18134/2025-2026/181927,Maharashtra,Ahilyanagar(DISTRICT COLLECTOR AHMEDNAGAR_IDA),BHAUSAHEB RAJARAM WAKCHAURE,SHIRDI(SC),Construction of community centers and community halls,2026-07-31,SHIVSHANKAR MAJOOR SAHAKARI SANSTHA LIMITED,Payment Success,423406.0,MPLADS eSAKSHI Public Dashboard
PAY-00662,WS/MP18134/2025-2026/181929,Maharashtra,Ahilyanagar(DISTRICT COLLECTOR AHMEDNAGAR_IDA),BHAUSAHEB RAJARAM WAKCHAURE,SHIRDI(SC),Construction of community centers and community halls,2026-08-04,Sanjay Majur Sahkari Sanstha Maryadit,Payment Success,413099.0,MPLADS eSAKSHI Public Dashboard
PAY-00663,WS/MP18134/2025-2026/182697,Maharashtra,Ahilyanagar(DISTRICT COLLECTOR AHMEDNAGAR_IDA),BHAUSAHEB RAJARAM WAKCHAURE,SHIRDI(SC),Construction of community centers and community halls,2026-08-03,Pavan Ganesh Majur Sah Sanstha LTD Kharwandi,Payment Success,593193.0,MPLADS eSAKSHI Public Dashboard
PAY-00664,WS/MP18122/2026-2027/246015,Maharashtra,JALNA(DISTRICT COLLECTOR JALNA_IDA),KALYAN VAIJINATHRAO KALE,JALNA,Construction of community centers and community halls,2026-07-03,SARPANCH GRAMSVEAK GRAMPANCHAYAT KADEGAON,Payment Success,692232.0,MPLADS eSAKSHI Public Dashboard
PAY-00665,WS/MP18122/2026-2027/246058,Maharashtra,JALNA(DISTRICT COLLECTOR JALNA_IDA),KALYAN VAIJINATHRAO KALE,JALNA,"Construction of roads, link roads, pathways or any other road with or without drainage system",2026-06-24,SARPANCH GRAMPANCHAYAT DHOPTESHWAR,Payment Success,495234.0,MPLADS eSAKSHI Public Dashboard
PAY-00666,WS/MP18122/2024-2025/186311,Maharashtra,JALNA(DISTRICT COLLECTOR JALNA_IDA),KALYAN VAIJINATHRAO KALE,JALNA,Providing drains and gutters for public drainage,2026-07-02,SARPANCH GRAMPANCHAYAT GONDHANKHEDA KAMKHEDA,Payment Success,1487715.0,MPLADS eSAKSHI Public Dashboard
PAY-00667,WS/MP18122/2026-2027/168812,Maharashtra,JALNA(DISTRICT COLLECTOR JALNA_IDA),KALYAN VAIJINATHRAO KALE,JALNA,Construction of community centers and community halls,2026-05-20,Aadhar Mss ltd Dhoksal,Payment Success,973654.0,MPLADS eSAKSHI Public Dashboard
PAY-00668,WS/MP18122/2024-2025/168729,Maharashtra,JALNA(DISTRICT COLLECTOR JALNA_IDA),KALYAN VAIJINATHRAO KALE,JALNA,"Construction of roads, link roads, pathways or any other road with or without drainage system",2026-02-26,priyamitra MSS ltd jalna,Payment Success,996088.0,MPLADS eSAKSHI Public Dashboard
PAY-00669,WS/MP18122/2024-2025/168730,Maharashtra,JALNA(DISTRICT COLLECTOR JALNA_IDA),KALYAN VAIJINATHRAO KALE,JALNA,"Construction of roads, link roads, pathways or any other road with or without drainage system",2025-11-02,Shiveshwar Majoor Sahakari Sanstha Maryadit Javkheda Thombre,Payment Success,997186.0,MPLADS eSAKSHI Public Dashboard
PAY-00670,WS/MP18122/2025-2026/168731,Maharashtra,JALNA(DISTRICT COLLECTOR JALNA_IDA),KALYAN VAIJINATHRAO KALE,JALNA,"Construction of roads, link roads, pathways or any other road with or without drainage system",2025-11-10,Sanjay Tarachand Jadhav,Payment Success,988035.0,MPLADS eSAKSHI Public Dashboard
PAY-00671,WS/MP18122/2024-2025/168753,Maharashtra,JALNA(DISTRICT COLLECTOR JALNA_IDA),KALYAN VAIJINATHRAO KALE,JALNA,"Construction of roads, link roads, pathways or any other road with or without drainage system",2026-04-07,Dnyaneshwar Pandurang Sahane,Payment Success,984633.0,MPLADS eSAKSHI Public Dashboard
PAY-00672,WS/MP18122/2024-2025/168762,Maharashtra,JALNA(DISTRICT COLLECTOR JALNA_IDA),KALYAN VAIJINATHRAO KALE,JALNA,Construction of community centers and community halls,2026-05-15,Dnyaneshwar Pandurang Sahane,Payment Success,996860.0,MPLADS eSAKSHI Public Dashboard
PAY-00673,WS/MP18122/2025-2026/186337,Maharashtra,JALNA(DISTRICT COLLECTOR JALNA_IDA),KALYAN VAIJINATHRAO KALE,JALNA,"Construction of roads, link roads, pathways or any other road with or without drainage system",2026-01-18,Bhagwan Baba Mss Ltd Manepuri,Payment Success,939770.0,MPLADS eSAKSHI Public Dashboard
PAY-00674,WS/MP681/2024-2025/143648,Maharashtra,JALNA(DISTRICT COLLECTOR JALNA_IDA),Sanjay Haribhau Jadhav,PARBHANI,Construction of community centers and community halls,2025-06-03,Mastsyodari Majur Sahakari Sanstha Maryadit Ambad,Payment Success,893869.0,MPLADS eSAKSHI Public Dashboard
PAY-00675,WS/MP681/2024-2025/143649,Maharashtra,JALNA(DISTRICT COLLECTOR JALNA_IDA),Sanjay Haribhau Jadhav,PARBHANI,Construction of community centers and community halls,2025-06-03,Jambuwant Labour Co Op Society Ltd Ambad,Payment Success,991855.0,MPLADS eSAKSHI Public Dashboard
PAY-00676,WS/MP18122/2024-2025/181790,Maharashtra,JALNA(DISTRICT COLLECTOR JALNA_IDA),KALYAN VAIJINATHRAO KALE,JALNA,"Construction of roads, link roads, pathways or any other road with or without drainage system",2025-12-16,Dnyaneshwar Pandurang Sahane,Payment Success,991657.0,MPLADS eSAKSHI Public Dashboard
PAY-00677,WS/MP18122/2024-2025/181792,Maharashtra,JALNA(DISTRICT COLLECTOR JALNA_IDA),KALYAN VAIJINATHRAO KALE,JALNA,"Construction of roads, link roads, pathways or any other road with or without drainage system",2025-12-04,Pungale Kailas Dattatray,Payment Success,997136.0,MPLADS eSAKSHI Public Dashboard
PAY-00678,WS/MP18122/2024-2025/181794,Maharashtra,JALNA(DISTRICT COLLECTOR JALNA_IDA),KALYAN VAIJINATHRAO KALE,JALNA,"Construction of roads, link roads, pathways or any other road with or without drainage system",2026-03-22,Atmanand Mss ltd Avana,Payment Success,989553.0,MPLADS eSAKSHI Public Dashboard
PAY-00679,WS/MP18122/2025-2026/181765,Maharashtra,JALNA(DISTRICT COLLECTOR JALNA_IDA),KALYAN VAIJINATHRAO KALE,JALNA,"Construction of roads, link roads, pathways or any other road with or without drainage system",2025-11-11,ONKAR MAJUR SAHKARI SANSTHA MYDT JALNA,Payment Success,991254.0,MPLADS eSAKSHI Public Dashboard
PAY-00680,WS/MP18122/2024-2025/181771,Maharashtra,JALNA(DISTRICT COLLECTOR JALNA_IDA),KALYAN VAIJINATHRAO KALE,JALNA,"Construction of roads, link roads, pathways or any other road with or without drainage system",2026-01-21,Totaram Baba Mss Ltd,Payment Success,992989.0,MPLADS eSAKSHI Public Dashboard
PAY-00681,WS/MP18122/2024-2025/181774,Maharashtra,JALNA(DISTRICT COLLECTOR JALNA_IDA),KALYAN VAIJINATHRAO KALE,JALNA,"Construction of roads, link roads, pathways or any other road with or without drainage system",2026-01-19,Totaram Baba Mss Ltd,Payment Success,995101.0,MPLADS eSAKSHI Public Dashboard
PAY-00682,WS/MP18122/2024-2025/181777,Maharashtra,JALNA(DISTRICT COLLECTOR JALNA_IDA),KALYAN VAIJINATHRAO KALE,JALNA,"Construction of roads, link roads, pathways or any other road with or without drainage system",2026-01-20,Totaram Baba Mss Ltd,Payment Success,995883.0,MPLADS eSAKSHI Public Dashboard
PAY-00683,WS/MP18122/2024-2025/181785,Maharashtra,JALNA(DISTRICT COLLECTOR JALNA_IDA),KALYAN VAIJINATHRAO KALE,JALNA,"Construction of roads, link roads, pathways or any other road with or without drainage system",2026-06-15,Moreshwar mss Ltd Rajur,Payment Success,996665.0,MPLADS eSAKSHI Public Dashboard
PAY-00684,WS/MP18122/2024-2025/181787,Maharashtra,JALNA(DISTRICT COLLECTOR JALNA_IDA),KALYAN VAIJINATHRAO KALE,JALNA,Crematoriums/energy efficient crematoriums or structures on burial/cremation ground,2026-04-17,Chetak Mss ltd Borgaon bu,Payment Success,995470.0,MPLADS eSAKSHI Public Dashboard
PAY-00685,WS/MP18128/2026-2027/217789,Maharashtra,PALGHAR(DISTRICT COLLECTOR PALGHAR_IDA),DR. HEMANT VISHNU SAVARA,PALGHAR(ST),Installation of fixed garden gym equipment,2026-08-17,JAY SHREE KRUSHNA MAJUR KAMGAR SANSTHA,Payment Success,994243.0,MPLADS eSAKSHI Public Dashboard
PAY-00686,WS/MP18118/2025-2026/160495,Maharashtra,AZAMGARH(DISTRICT MAGISTRATE AZAMGARH_IDA),BHASKAR MURLIDHAR BHAGARE,DINDORI(ST),Construction of rooms and halls in school and colleges,2025-09-03,ULTRA MODERN GIRLS DEGREE COLLEGE MEHNAGER AZAMGARG,Payment Success,1000000.0,MPLADS eSAKSHI Public Dashboard
PAY-00687,WS/MP667/2025-2026/175141,Maharashtra,KOLHAPUR(DISTRICT COLLECTOR KOLHAPUR_IDA),Dhairyasheel Sambhajirao Mane,HATKANANGLE,"Construction of roads, link roads, pathways or any other road with or without drainage system",2025-12-10,Nikhil Prakash Nikam,Payment Success,1000000.0,MPLADS eSAKSHI Public Dashboard
PAY-00688,WS/MP667/2025-2026/175160,Maharashtra,KOLHAPUR(DISTRICT COLLECTOR KOLHAPUR_IDA),Dhairyasheel Sambhajirao Mane,HATKANANGLE,"Construction of roads, link roads, pathways or any other road with or without drainage system",2025-09-25,Abhijeet Anandrao Gaikwad,Payment Success,1000000.0,MPLADS eSAKSHI Public Dashboard
PAY-00689,WS/MP18123/2026-2027/238129,Maharashtra,KOLHAPUR(DISTRICT COLLECTOR KOLHAPUR_IDA),CHHATRAPATI SHAHU SHAHAJI,KOLHAPUR,"Construction of roads, link roads, pathways or any other road with or without drainage system",2026-04-07,Swaroop Bhauso More,Payment Success,500000.0,MPLADS eSAKSHI Public Dashboard
PAY-00690,WS/MP18117/2025-2026/164512,Maharashtra,DHULE(DISTRICT COLLECTOR DHULE_IDA),BACHHAV SHOBHA DINESH,DHULE,"Construction of roads, link roads, pathways or any other road with or without drainage system",2026-07-08,GRAMNIDHI GRAMPANCHAYAT KAUTHAL,Payment Success,989166.0,MPLADS eSAKSHI Public Dashboard
PAY-00691,WS/MP18117/2025-2026/164520,Maharashtra,DHULE(DISTRICT COLLECTOR DHULE_IDA),BACHHAV SHOBHA DINESH,DHULE,"Construction of roads, link roads, pathways or any other road with or without drainage system",2026-07-09,SARPANCH GRAMPANCHAYAT ANCHALE TANDA,Payment Success,899164.0,MPLADS eSAKSHI Public Dashboard
PAY-00692,WS/MP18117/2025-2026/164364,Maharashtra,DHULE(DISTRICT COLLECTOR DHULE_IDA),BACHHAV SHOBHA DINESH,DHULE,"Construction of roads, link roads, pathways or any other road with or without drainage system",2026-07-01,GRAMNIDHI GRAMPANCHAYAT WARUD,Payment Success,987710.0,MPLADS eSAKSHI Public Dashboard
PAY-00693,WS/MP18120/2026-2027/192782,Maharashtra,NANDED(DISTRICT COLLECTOR NANDED_IDA),AASHTIKAR PATIL NAGESH BAPURAO,HINGOLI,"Construction of roads, link roads, pathways or any other road with or without drainage system",2026-08-03,TIRUPATI cONSTRUCTION,Payment Success,299757.0,MPLADS eSAKSHI Public Dashboard
PAY-00694,WS/MP18120/2026-2027/192783,Maharashtra,NANDED(DISTRICT COLLECTOR NANDED_IDA),AASHTIKAR PATIL NAGESH BAPURAO,HINGOLI,"Construction of roads, link roads, pathways or any other road with or without drainage system",2026-08-03,TIRUPATI cONSTRUCTION,Payment Success,699707.0,MPLADS eSAKSHI Public Dashboard
PAY-00695,WS/MP18120/2025-2026/174636,Maharashtra,NANDED(DISTRICT COLLECTOR NANDED_IDA),AASHTIKAR PATIL NAGESH BAPURAO,HINGOLI,Construction of culverts and bridges,2026-02-10,SAIBABA STONE CRUSHER AND CONSTRUCTION,Payment Success,7938332.0,MPLADS eSAKSHI Public Dashboard
PAY-00696,WS/MP18120/2025-2026/174642,Maharashtra,NANDED(DISTRICT COLLECTOR NANDED_IDA),AASHTIKAR PATIL NAGESH BAPURAO,HINGOLI,"Construction of roads, link roads, pathways or any other road with or without drainage system",2025-07-21,Venkatrao Narsingrao Madpelliwar,Payment Success,996314.0,MPLADS eSAKSHI Public Dashboard
PAY-00697,WS/MP18120/2025-2026/169208,Maharashtra,NANDED(DISTRICT COLLECTOR NANDED_IDA),AASHTIKAR PATIL NAGESH BAPURAO,HINGOLI,"Construction of roads, link roads, pathways or any other road with or without drainage system",2026-02-20,SAIBABA STONE CRUSHER AND CONSTRUCTION,Payment Success,4978547.0,MPLADS eSAKSHI Public Dashboard
PAY-00698,WS/MP18120/2025-2026/169210,Maharashtra,NANDED(DISTRICT COLLECTOR NANDED_IDA),AASHTIKAR PATIL NAGESH BAPURAO,HINGOLI,"Construction of roads, link roads, pathways or any other road with or without drainage system",2026-02-20,SAIBABA STONE CRUSHER AND CONSTRUCTION,Payment Success,4974167.0,MPLADS eSAKSHI Public Dashboard
PAY-00699,WS/MP18120/2026-2027/169217,Maharashtra,NANDED(DISTRICT COLLECTOR NANDED_IDA),AASHTIKAR PATIL NAGESH BAPURAO,HINGOLI,"Construction of roads, link roads, pathways or any other road with or without drainage system",2026-08-03,TIRUPATI cONSTRUCTION,Payment Success,699588.0,MPLADS eSAKSHI Public Dashboard
PAY-00700,WS/MP18120/2026-2027/169218,Maharashtra,NANDED(DISTRICT COLLECTOR NANDED_IDA),AASHTIKAR PATIL NAGESH BAPURAO,HINGOLI,"Construction of roads, link roads, pathways or any other road with or without drainage system",2026-06-29,SAIBABA STONE CRUSHER AND CONSTRUCTION,Payment Success,999656.0,MPLADS eSAKSHI Public Dashboard
PAY-00701,WS/MP18120/2026-2027/169231,Maharashtra,NANDED(DISTRICT COLLECTOR NANDED_IDA),AASHTIKAR PATIL NAGESH BAPURAO,HINGOLI,"Construction of roads, link roads, pathways or any other road with or without drainage system",2026-06-29,SAIBABA STONE CRUSHER AND CONSTRUCTION,Payment Success,1771411.0,MPLADS eSAKSHI Public Dashboard
PAY-00702,WS/MP691/2025-2026/175514,Maharashtra,JALGAON(DISTRICT COLLECTOR JALGAON_IDA),Smt Raksha Nikhil Khadse,RAVER,Purchase of furniture and fixtures for educational purposes,2025-12-10,Harshal Agencies,Payment Success,914736.0,MPLADS eSAKSHI Public Dashboard
PAY-00703,WS/MP691/2024-2025/140096,Maharashtra,JALGAON(DISTRICT COLLECTOR JALGAON_IDA),Smt Raksha Nikhil Khadse,RAVER,Fitting of Sitting RCC Benches in Public Places,2024-10-07,GopiKrishana Majoor Sahakari Sanstha Ruikheda,Payment Success,2974718.0,MPLADS eSAKSHI Public Dashboard
PAY-00704,WS/MP691/2025-2026/237152,Maharashtra,JALGAON(DISTRICT COLLECTOR JALGAON_IDA),Smt Raksha Nikhil Khadse,RAVER,Construction of footpaths and pedestrian ways,2026-01-07,SHAIKH FARID SAMAD,Payment Success,1982519.0,MPLADS eSAKSHI Public Dashboard
PAY-00705,WS/MP18121/2024-2025/163148,Maharashtra,JALGAON(DISTRICT COLLECTOR JALGAON_IDA),SMITA UDAY WAGH,JALGAON,Construction of boundary walls of existing public and community buildings,2026-03-10,Ch Shrikrupa Majur Co Op Society,Payment Success,1499900.0,MPLADS eSAKSHI Public Dashboard
PAY-00706,WS/MP18121/2024-2025/163230,Maharashtra,JALGAON(DISTRICT COLLECTOR JALGAON_IDA),SMITA UDAY WAGH,JALGAON,"Construction of Government office buildings (Post office, Police station, Police chauki, etc.)",2025-11-18,Ch Dnyaneshwar Majoor Sahakari Soc LDT,Payment Success,2490157.0,MPLADS eSAKSHI Public Dashboard
PAY-00707,WS/MP18121/2024-2025/146766,Maharashtra,JALGAON(DISTRICT COLLECTOR JALGAON_IDA),SMITA UDAY WAGH,JALGAON,Construction of community centers and community halls,2025-03-12,GURUDATTA GAWANDI KAMGAR MAJOOR SAHAKARI SOCIETY LIMITED,Payment Success,1998833.0,MPLADS eSAKSHI Public Dashboard
PAY-00708,WS/MP18121/2024-2025/146767,Maharashtra,JALGAON(DISTRICT COLLECTOR JALGAON_IDA),SMITA UDAY WAGH,JALGAON,Construction of boundary walls of existing public and community buildings,2025-07-23,GURUDATTA GAWANDI KAMGAR MAJOOR SAHAKARI SOCIETY LIMITED,Payment Success,1999472.0,MPLADS eSAKSHI Public Dashboard
PAY-00709,WS/MP18121/2024-2025/146782,Maharashtra,JALGAON(DISTRICT COLLECTOR JALGAON_IDA),SMITA UDAY WAGH,JALGAON,"Construction of roads, link roads, pathways or any other road with or without drainage system",2025-05-19,Manoj Murlidhar Gujar,Payment Success,998933.0,MPLADS eSAKSHI Public Dashboard
PAY-00710,WS/MP18121/2024-2025/146636,Maharashtra,JALGAON(DISTRICT COLLECTOR JALGAON_IDA),SMITA UDAY WAGH,JALGAON,"Construction of roads, link roads, pathways or any other road with or without drainage system",2025-12-04,Satyajeet Sanjay Patil,Payment Success,699511.0,MPLADS eSAKSHI Public Dashboard
PAY-00711,WS/MP18121/2024-2025/146649,Maharashtra,JALGAON(DISTRICT COLLECTOR JALGAON_IDA),SMITA UDAY WAGH,JALGAON,Providing drains and gutters for public drainage,2025-01-29,Deepak Bhausaheb Deshmukh,Payment Success,699000.0,MPLADS eSAKSHI Public Dashboard
PAY-00712,WS/MP18121/2024-2025/146654,Maharashtra,JALGAON(DISTRICT COLLECTOR JALGAON_IDA),SMITA UDAY WAGH,JALGAON,Providing drains and gutters for public drainage,2025-03-18,GAURAV SUNIL MORE,Payment Success,699551.0,MPLADS eSAKSHI Public Dashboard
PAY-00713,WS/MP18121/2024-2025/146671,Maharashtra,JALGAON(DISTRICT COLLECTOR JALGAON_IDA),SMITA UDAY WAGH,JALGAON,"Construction of roads, link roads, pathways or any other road with or without drainage system",2025-01-09,KISHOR RAGHO PATIL,Payment Success,2945320.0,MPLADS eSAKSHI Public Dashboard
PAY-00714,WS/MP18134/2025-2026/178488,Maharashtra,Ahilyanagar(DISTRICT COLLECTOR AHMEDNAGAR_IDA),BHAUSAHEB RAJARAM WAKCHAURE,SHIRDI(SC),Construction of community centers and community halls,2026-01-29,Ch Panchkeshwar Majur bandhkam sah sanstha,Payment Success,993759.0,MPLADS eSAKSHI Public Dashboard
PAY-00715,WS/MP18134/2025-2026/178853,Maharashtra,Ahilyanagar(DISTRICT COLLECTOR AHMEDNAGAR_IDA),BHAUSAHEB RAJARAM WAKCHAURE,SHIRDI(SC),Construction of common work sheds/ common covered sitting area,2026-06-17,Kailas Majur STY Ghoyagaon,Payment Success,489626.0,MPLADS eSAKSHI Public Dashboard
PAY-00716,WS/MP18134/2025-2026/178855,Maharashtra,Ahilyanagar(DISTRICT COLLECTOR AHMEDNAGAR_IDA),BHAUSAHEB RAJARAM WAKCHAURE,SHIRDI(SC),Construction of boundary walls of existing public and community buildings,2026-06-17,Kailas Majur STY Ghoyagaon,Payment Success,494686.0,MPLADS eSAKSHI Public Dashboard
PAY-00717,WS/MP18134/2025-2026/179141,Maharashtra,Ahilyanagar(DISTRICT COLLECTOR AHMEDNAGAR_IDA),BHAUSAHEB RAJARAM WAKCHAURE,SHIRDI(SC),Construction of community centers and community halls,2026-06-26,Ch Sankalp Majur Society Pohegaon,Payment Success,695177.0,MPLADS eSAKSHI Public Dashboard
PAY-00718,WS/MP18134/2025-2026/179433,Maharashtra,Ahilyanagar(DISTRICT COLLECTOR AHMEDNAGAR_IDA),BHAUSAHEB RAJARAM WAKCHAURE,SHIRDI(SC),Construction of community centers and community halls,2026-07-29,Ch Shramlaxmi Majur Sah Sanstha Ltd Waladgaon,Payment Success,496027.0,MPLADS eSAKSHI Public Dashboard
PAY-00719,WS/MP18134/2025-2026/180596,Maharashtra,Ahilyanagar(DISTRICT COLLECTOR AHMEDNAGAR_IDA),BHAUSAHEB RAJARAM WAKCHAURE,SHIRDI(SC),Construction of community centers and community halls,2026-06-17,Kailas Majur STY Ghoyagaon,Payment Success,488636.0,MPLADS eSAKSHI Public Dashboard
PAY-00720,WS/MP18134/2026-2027/181726,Maharashtra,Ahilyanagar(DISTRICT COLLECTOR AHMEDNAGAR_IDA),BHAUSAHEB RAJARAM WAKCHAURE,SHIRDI(SC),Construction of community centers and community halls,2026-06-30,Ch Saptshrungi Mata Wadar MSS Ltd Akole,Payment Success,496201.0,MPLADS eSAKSHI Public Dashboard
PAY-00721,WS/MP18124/2025-2026/226110,Maharashtra,MUMBAI SUBURBAN(DISTRICT COLLECTOR MUMBAI SUBURBAN_IDA),GAIKWAD VARSHA EKNATH,MUMBAI NORTH-CENTRAL,Construction of community centers and community halls,2026-03-20,K K Enterprises,Payment Success,1848596.0,MPLADS eSAKSHI Public Dashboard
PAY-00722,WS/MP18124/2025-2026/226116,Maharashtra,MUMBAI SUBURBAN(DISTRICT COLLECTOR MUMBAI SUBURBAN_IDA),GAIKWAD VARSHA EKNATH,MUMBAI NORTH-CENTRAL,Construction of common work sheds/ common covered sitting area,2026-08-03,Samona Enterprises,Payment Success,1898368.0,MPLADS eSAKSHI Public Dashboard
PAY-00723,WS/MP18124/2025-2026/226117,Maharashtra,MUMBAI SUBURBAN(DISTRICT COLLECTOR MUMBAI SUBURBAN_IDA),GAIKWAD VARSHA EKNATH,MUMBAI NORTH-CENTRAL,"Construction of roads, link roads, pathways or any other road with or without drainage system",2026-02-25,siddheshwar enterprises,Payment Success,1848228.0,MPLADS eSAKSHI Public Dashboard
PAY-00724,WS/MP18124/2025-2026/226118,Maharashtra,MUMBAI SUBURBAN(DISTRICT COLLECTOR MUMBAI SUBURBAN_IDA),GAIKWAD VARSHA EKNATH,MUMBAI NORTH-CENTRAL,"Construction of roads, link roads, pathways or any other road with or without drainage system",2026-03-25,A K JAISH ENTERPRISES,Payment Success,1998480.0,MPLADS eSAKSHI Public Dashboard
PAY-00725,WS/MP18124/2025-2026/226119,Maharashtra,MUMBAI SUBURBAN(DISTRICT COLLECTOR MUMBAI SUBURBAN_IDA),GAIKWAD VARSHA EKNATH,MUMBAI NORTH-CENTRAL,"Construction of roads, link roads, pathways or any other road with or without drainage system",2026-01-23,United aviation labour co operative society,Payment Success,1998480.0,MPLADS eSAKSHI Public Dashboard
PAY-00726,WS/MP18124/2025-2026/226120,Maharashtra,MUMBAI SUBURBAN(DISTRICT COLLECTOR MUMBAI SUBURBAN_IDA),GAIKWAD VARSHA EKNATH,MUMBAI NORTH-CENTRAL,"Construction of roads, link roads, pathways or any other road with or without drainage system",2026-04-09,K K Enterprises,Payment Success,2498102.0,MPLADS eSAKSHI Public Dashboard
PAY-00727,WS/MP18124/2025-2026/226149,Maharashtra,MUMBAI SUBURBAN(DISTRICT COLLECTOR MUMBAI SUBURBAN_IDA),GAIKWAD VARSHA EKNATH,MUMBAI NORTH-CENTRAL,"Construction of roads, link roads, pathways or any other road with or without drainage system",2026-03-25,Shailendra Hindurao Umbarkar,Payment Success,1798633.0,MPLADS eSAKSHI Public Dashboard
PAY-00728,WS/MP18124/2025-2026/226150,Maharashtra,MUMBAI SUBURBAN(DISTRICT COLLECTOR MUMBAI SUBURBAN_IDA),GAIKWAD VARSHA EKNATH,MUMBAI NORTH-CENTRAL,"Construction of roads, link roads, pathways or any other road with or without drainage system",2026-01-30,Amina M S S M,Payment Success,1498862.0,MPLADS eSAKSHI Public Dashboard
PAY-00729,WS/MP18124/2025-2026/226155,Maharashtra,MUMBAI SUBURBAN(DISTRICT COLLECTOR MUMBAI SUBURBAN_IDA),GAIKWAD VARSHA EKNATH,MUMBAI NORTH-CENTRAL,"Construction of roads, link roads, pathways or any other road with or without drainage system",2026-03-20,Shyam co operative labour society ltd,Payment Success,1798633.0,MPLADS eSAKSHI Public Dashboard
PAY-00730,WS/MP18124/2025-2026/226159,Maharashtra,MUMBAI SUBURBAN(DISTRICT COLLECTOR MUMBAI SUBURBAN_IDA),GAIKWAD VARSHA EKNATH,MUMBAI NORTH-CENTRAL,"Construction of roads, link roads, pathways or any other road with or without drainage system",2026-07-01,ADITYA VISHWAKARMA,Payment Success,1848595.0,MPLADS eSAKSHI Public Dashboard
PAY-00731,WS/MP18124/2025-2026/226161,Maharashtra,MUMBAI SUBURBAN(DISTRICT COLLECTOR MUMBAI SUBURBAN_IDA),GAIKWAD VARSHA EKNATH,MUMBAI NORTH-CENTRAL,"Construction of roads, link roads, pathways or any other road with or without drainage system",2026-03-20,Pushkar sahakari majoor sanstha maryadit,Payment Success,1748671.0,MPLADS eSAKSHI Public Dashboard
PAY-00732,WS/MP18124/2025-2026/226166,Maharashtra,MUMBAI SUBURBAN(DISTRICT COLLECTOR MUMBAI SUBURBAN_IDA),GAIKWAD VARSHA EKNATH,MUMBAI NORTH-CENTRAL,"Construction of roads, link roads, pathways or any other road with or without drainage system",2026-07-01,SAikrupa Construction,Payment Success,1947550.0,MPLADS eSAKSHI Public Dashboard
PAY-00733,WS/MP18361/2025-2026/226175,Maharashtra,MUMBAI SUBURBAN(DISTRICT COLLECTOR MUMBAI SUBURBAN_IDA),SANJAY DINA PATIL,MUMBAI NORTH EAST,Construction of common work sheds/ common covered sitting area,2026-04-09,Shirish Majoor sahakari sanstha maryadit,Payment Success,1559790.0,MPLADS eSAKSHI Public Dashboard
PAY-00734,WS/MP18124/2025-2026/226178,Maharashtra,MUMBAI SUBURBAN(DISTRICT COLLECTOR MUMBAI SUBURBAN_IDA),GAIKWAD VARSHA EKNATH,MUMBAI NORTH-CENTRAL,"Construction of roads, link roads, pathways or any other road with or without drainage system",2026-03-23,MAHENDRA ENTERPRISES,Payment Success,2147297.0,MPLADS eSAKSHI Public Dashboard
PAY-00735,WS/MP18124/2025-2026/226179,Maharashtra,MUMBAI SUBURBAN(DISTRICT COLLECTOR MUMBAI SUBURBAN_IDA),GAIKWAD VARSHA EKNATH,MUMBAI NORTH-CENTRAL,"Construction of roads, link roads, pathways or any other road with or without drainage system",2026-03-20,SAMONA ENTERPRISES,Payment Success,2298024.0,MPLADS eSAKSHI Public Dashboard
PAY-00736,WS/MP18124/2025-2026/226181,Maharashtra,MUMBAI SUBURBAN(DISTRICT COLLECTOR MUMBAI SUBURBAN_IDA),GAIKWAD VARSHA EKNATH,MUMBAI NORTH-CENTRAL,"Construction of roads, link roads, pathways or any other road with or without drainage system",2026-03-23,MAHENDRA ENTERPRISES,Payment Success,2447164.0,MPLADS eSAKSHI Public Dashboard
PAY-00737,WS/MP18124/2025-2026/226184,Maharashtra,MUMBAI SUBURBAN(DISTRICT COLLECTOR MUMBAI SUBURBAN_IDA),GAIKWAD VARSHA EKNATH,MUMBAI NORTH-CENTRAL,"Construction of roads, link roads, pathways or any other road with or without drainage system",2026-03-20,SAMONA ENTERPRISES,Payment Success,2897509.0,MPLADS eSAKSHI Public Dashboard
PAY-00738,WS/MP18124/2025-2026/226193,Maharashtra,MUMBAI SUBURBAN(DISTRICT COLLECTOR MUMBAI SUBURBAN_IDA),GAIKWAD VARSHA EKNATH,MUMBAI NORTH-CENTRAL,"Construction of roads, link roads, pathways or any other road with or without drainage system",2026-03-20,Ashok Construction Co,Payment Success,1998481.0,MPLADS eSAKSHI Public Dashboard
PAY-00739,WS/MP18124/2025-2026/226195,Maharashtra,MUMBAI SUBURBAN(DISTRICT COLLECTOR MUMBAI SUBURBAN_IDA),GAIKWAD VARSHA EKNATH,MUMBAI NORTH-CENTRAL,"Construction of roads, link roads, pathways or any other road with or without drainage system",2026-03-20,Om Construction,Payment Success,1498115.0,MPLADS eSAKSHI Public Dashboard
PAY-00740,WS/MP18124/2025-2026/226197,Maharashtra,MUMBAI SUBURBAN(DISTRICT COLLECTOR MUMBAI SUBURBAN_IDA),GAIKWAD VARSHA EKNATH,MUMBAI NORTH-CENTRAL,"Construction of roads, link roads, pathways or any other road with or without drainage system",2026-03-20,Pushkar sahakari majoor sanstha maryadit,Payment Success,799392.0,MPLADS eSAKSHI Public Dashboard
PAY-00741,WS/MP18308/2025-2026/145410,Maharashtra,MUMBAI SUBURBAN(DISTRICT COLLECTOR MUMBAI SUBURBAN_IDA),RAVINDRA DATTARAM WAIKAR,MUMBAI NORTH WEST,"Construction of roads, link roads, pathways or any other road with or without drainage system",2026-01-23,M s Anshika Enterprises,Payment Success,1998481.0,MPLADS eSAKSHI Public Dashboard
PAY-00742,WS/MP18308/2025-2026/145411,Maharashtra,MUMBAI SUBURBAN(DISTRICT COLLECTOR MUMBAI SUBURBAN_IDA),RAVINDRA DATTARAM WAIKAR,MUMBAI NORTH WEST,"Construction of roads, link roads, pathways or any other road with or without drainage system",2025-10-14,Shri Swami Samarth Majoor Sahakari Sanstha Maryadit,Payment Success,1498862.0,MPLADS eSAKSHI Public Dashboard
PAY-00743,WS/MP18308/2025-2026/145414,Maharashtra,MUMBAI SUBURBAN(DISTRICT COLLECTOR MUMBAI SUBURBAN_IDA),RAVINDRA DATTARAM WAIKAR,MUMBAI NORTH WEST,"Construction of roads, link roads, pathways or any other road with or without drainage system",2026-04-07,M s Anshika Enterprises,Payment Success,1998482.0,MPLADS eSAKSHI Public Dashboard
PAY-00744,WS/MP18308/2025-2026/145418,Maharashtra,MUMBAI SUBURBAN(DISTRICT COLLECTOR MUMBAI SUBURBAN_IDA),RAVINDRA DATTARAM WAIKAR,MUMBAI NORTH WEST,"Construction of roads, link roads, pathways or any other road with or without drainage system",2025-07-02,M s Anshika Enterprises,Payment Success,1998481.0,MPLADS eSAKSHI Public Dashboard
PAY-00745,WS/MP18308/2025-2026/145419,Maharashtra,MUMBAI SUBURBAN(DISTRICT COLLECTOR MUMBAI SUBURBAN_IDA),RAVINDRA DATTARAM WAIKAR,MUMBAI NORTH WEST,"Construction of roads, link roads, pathways or any other road with or without drainage system",2025-08-01,Jayant Constructions,Payment Success,1498862.0,MPLADS eSAKSHI Public Dashboard
PAY-00746,WS/MP18308/2025-2026/145420,Maharashtra,MUMBAI SUBURBAN(DISTRICT COLLECTOR MUMBAI SUBURBAN_IDA),RAVINDRA DATTARAM WAIKAR,MUMBAI NORTH WEST,"Construction of roads, link roads, pathways or any other road with or without drainage system",2025-10-14,Sneha Majour Sahakari Sanstha Mayadit,Payment Success,1998481.0,MPLADS eSAKSHI Public Dashboard
PAY-00747,WS/MP18308/2025-2026/145422,Maharashtra,MUMBAI SUBURBAN(DISTRICT COLLECTOR MUMBAI SUBURBAN_IDA),RAVINDRA DATTARAM WAIKAR,MUMBAI NORTH WEST,Construction of community centers and community halls,2025-07-28,Gautam Enterorises,Payment Success,2498103.0,MPLADS eSAKSHI Public Dashboard
PAY-00748,WS/MP18308/2025-2026/145424,Maharashtra,MUMBAI SUBURBAN(DISTRICT COLLECTOR MUMBAI SUBURBAN_IDA),RAVINDRA DATTARAM WAIKAR,MUMBAI NORTH WEST,Construction of community centers and community halls,2026-01-23,RAJ DINESH PANDIRKAR,Payment Success,1798634.0,MPLADS eSAKSHI Public Dashboard
PAY-00749,WS/MP18308/2025-2026/145425,Maharashtra,MUMBAI SUBURBAN(DISTRICT COLLECTOR MUMBAI SUBURBAN_IDA),RAVINDRA DATTARAM WAIKAR,MUMBAI NORTH WEST,Construction of toilet blocks,2026-08-05,Jai Bholenath Majoor Sahakari Sanstha Maryadit,Payment Success,2098407.0,MPLADS eSAKSHI Public Dashboard
PAY-00750,WS/MP18308/2025-2026/145426,Maharashtra,MUMBAI SUBURBAN(DISTRICT COLLECTOR MUMBAI SUBURBAN_IDA),RAVINDRA DATTARAM WAIKAR,MUMBAI NORTH WEST,Fitting of Sitting RCC Benches in Public Places,2025-07-28,Mahendra Jagannath Lokhande,Payment Success,1498862.0,MPLADS eSAKSHI Public Dashboard
PAY-00751,WS/MP18308/2025-2026/145427,Maharashtra,MUMBAI SUBURBAN(DISTRICT COLLECTOR MUMBAI SUBURBAN_IDA),RAVINDRA DATTARAM WAIKAR,MUMBAI NORTH WEST,"Construction of roads, link roads, pathways or any other road with or without drainage system",2026-01-27,SHRI MUKUNDRAJ MAJOOR SAHAKARI SANSTHA,Payment Success,2995469.0,MPLADS eSAKSHI Public Dashboard
PAY-00752,WS/MP18308/2025-2026/145428,Maharashtra,MUMBAI SUBURBAN(DISTRICT COLLECTOR MUMBAI SUBURBAN_IDA),RAVINDRA DATTARAM WAIKAR,MUMBAI NORTH WEST,"Construction of roads, link roads, pathways or any other road with or without drainage system",2025-07-01,Gautam LCS Ltd,Payment Success,1498861.0,MPLADS eSAKSHI Public Dashboard
PAY-00753,WS/MP18116/2025-2026/210953,Maharashtra,THANE(DISTRICT COLLECTOR THANE_IDA),BALYA MAMA SURESH GOPINATH MHATRE,BHIWANDI,Construction of community centers and community halls,2026-05-15,Hindustan Enterprises,Payment Success,792080.0,MPLADS eSAKSHI Public Dashboard
PAY-00754,WS/MP18116/2025-2026/185875,Maharashtra,THANE(DISTRICT COLLECTOR THANE_IDA),BALYA MAMA SURESH GOPINATH MHATRE,BHIWANDI,"Construction of roads, link roads, pathways or any other road with or without drainage system",2025-10-07,Sahayog MKSS,Payment Success,2100000.0,MPLADS eSAKSHI Public Dashboard
PAY-00755,WS/MP18116/2025-2026/240280,Maharashtra,THANE(DISTRICT COLLECTOR THANE_IDA),BALYA MAMA SURESH GOPINATH MHATRE,BHIWANDI,"Construction of roads, link roads, pathways or any other road with or without drainage system",2026-07-02,Rahul Ashok Mhatre,Payment Success,1000000.0,MPLADS eSAKSHI Public Dashboard
PAY-00756,WS/MP18116/2025-2026/228144,Maharashtra,THANE(DISTRICT COLLECTOR THANE_IDA),BALYA MAMA SURESH GOPINATH MHATRE,BHIWANDI,"Construction of roads, link roads, pathways or any other road with or without drainage system",2026-04-22,Sandeep Maj Kam Sah Sty Ltd,Payment Success,499939.0,MPLADS eSAKSHI Public Dashboard
PAY-00757,WS/MP18116/2025-2026/228146,Maharashtra,THANE(DISTRICT COLLECTOR THANE_IDA),BALYA MAMA SURESH GOPINATH MHATRE,BHIWANDI,"Construction of roads, link roads, pathways or any other road with or without drainage system",2026-04-21,Sandeep Maj Kam Sah Sty Ltd,Payment Success,499545.0,MPLADS eSAKSHI Public Dashboard
PAY-00758,WS/MP18116/2025-2026/192298,Maharashtra,THANE(DISTRICT COLLECTOR THANE_IDA),BALYA MAMA SURESH GOPINATH MHATRE,BHIWANDI,Construction of footpaths and pedestrian ways,2025-11-06,Kishor Eknath GIte,Payment Success,999000.0,MPLADS eSAKSHI Public Dashboard
PAY-00759,WS/MP18116/2025-2026/192299,Maharashtra,THANE(DISTRICT COLLECTOR THANE_IDA),BALYA MAMA SURESH GOPINATH MHATRE,BHIWANDI,Construction of footpaths and pedestrian ways,2025-11-06,Kishor Eknath GIte,Payment Success,999000.0,MPLADS eSAKSHI Public Dashboard
PAY-00760,WS/MP18116/2025-2026/192300,Maharashtra,THANE(DISTRICT COLLECTOR THANE_IDA),BALYA MAMA SURESH GOPINATH MHATRE,BHIWANDI,Construction of footpaths and pedestrian ways,2025-11-06,Kishor Eknath GIte,Payment Success,999000.0,MPLADS eSAKSHI Public Dashboard
PAY-00761,WS/MP18116/2025-2026/202759,Maharashtra,THANE(DISTRICT COLLECTOR THANE_IDA),BALYA MAMA SURESH GOPINATH MHATRE,BHIWANDI,Construction of footpaths and pedestrian ways,2026-02-02,MANTHAN MORESHWAR JADHAV,Payment Success,498270.0,MPLADS eSAKSHI Public Dashboard
PAY-00762,WS/MP18116/2025-2026/202771,Maharashtra,THANE(DISTRICT COLLECTOR THANE_IDA),BALYA MAMA SURESH GOPINATH MHATRE,BHIWANDI,"Construction of roads, link roads, pathways or any other road with or without drainage system",2026-02-02,MANTHAN MORESHWAR JADHAV,Payment Success,499237.0,MPLADS eSAKSHI Public Dashboard
PAY-00763,WS/MP18116/2025-2026/227495,Maharashtra,THANE(DISTRICT COLLECTOR THANE_IDA),BALYA MAMA SURESH GOPINATH MHATRE,BHIWANDI,Construction of footpaths and pedestrian ways,2026-07-10,Kishor Eknath GIte,Payment Success,999300.0,MPLADS eSAKSHI Public Dashboard
PAY-00764,WS/MP18116/2025-2026/186699,Maharashtra,THANE(DISTRICT COLLECTOR THANE_IDA),BALYA MAMA SURESH GOPINATH MHATRE,BHIWANDI,"Construction of roads, link roads, pathways or any other road with or without drainage system",2026-04-08,PANKAJ TULSHIRAM NAIK,Payment Success,996428.0,MPLADS eSAKSHI Public Dashboard
PAY-00765,WS/MP18307/2025-2026/143611,Maharashtra,MUMBAI SUBURBAN(DISTRICT COLLECTOR MUMBAI SUBURBAN_IDA),Piyush Vedprakash Goyal,MUMBAI NORTH,Tree plantation for community,2026-02-17,ANIKET ANIL SHINDE,Payment Success,1485428.0,MPLADS eSAKSHI Public Dashboard
PAY-00766,WS/MP18307/2025-2026/143612,Maharashtra,MUMBAI SUBURBAN(DISTRICT COLLECTOR MUMBAI SUBURBAN_IDA),Piyush Vedprakash Goyal,MUMBAI NORTH,Tree plantation for community,2026-07-01,ANIKET ANIL SHINDE,Payment Success,1485428.0,MPLADS eSAKSHI Public Dashboard
PAY-00767,WS/MP18307/2025-2026/143613,Maharashtra,MUMBAI SUBURBAN(DISTRICT COLLECTOR MUMBAI SUBURBAN_IDA),Piyush Vedprakash Goyal,MUMBAI NORTH,"Construction of roads, link roads, pathways or any other road with or without drainage system",2026-08-04,New Era Co Op Lcs Ltd,Payment Success,1498861.0,MPLADS eSAKSHI Public Dashboard
PAY-00768,WS/MP18124/2025-2026/165749,Maharashtra,MUMBAI SUBURBAN(DISTRICT COLLECTOR MUMBAI SUBURBAN_IDA),GAIKWAD VARSHA EKNATH,MUMBAI NORTH-CENTRAL,"Construction of roads, link roads, pathways or any other road with or without drainage system",2025-07-25,Samona Enterprises,Payment Success,998245.0,MPLADS eSAKSHI Public Dashboard
PAY-00769,WS/MP18124/2025-2026/165767,Maharashtra,MUMBAI SUBURBAN(DISTRICT COLLECTOR MUMBAI SUBURBAN_IDA),GAIKWAD VARSHA EKNATH,MUMBAI NORTH-CENTRAL,"Construction of roads, link roads, pathways or any other road with or without drainage system",2025-08-21,MS SHRI AMBIKA MATA,Payment Success,999240.0,MPLADS eSAKSHI Public Dashboard
PAY-00770,WS/MP18124/2025-2026/165771,Maharashtra,MUMBAI SUBURBAN(DISTRICT COLLECTOR MUMBAI SUBURBAN_IDA),GAIKWAD VARSHA EKNATH,MUMBAI NORTH-CENTRAL,"Construction of roads, link roads, pathways or any other road with or without drainage system",2025-08-21,Rahul Co Operative Labour Society Ltd,Payment Success,999240.0,MPLADS eSAKSHI Public Dashboard
PAY-00771,WS/MP18124/2025-2026/165777,Maharashtra,MUMBAI SUBURBAN(DISTRICT COLLECTOR MUMBAI SUBURBAN_IDA),GAIKWAD VARSHA EKNATH,MUMBAI NORTH-CENTRAL,"Construction of roads, link roads, pathways or any other road with or without drainage system",2025-08-21,Chandrarup Majoor Sahakari Sanstha,Payment Success,999240.0,MPLADS eSAKSHI Public Dashboard
PAY-00772,WS/MP18124/2025-2026/165779,Maharashtra,MUMBAI SUBURBAN(DISTRICT COLLECTOR MUMBAI SUBURBAN_IDA),GAIKWAD VARSHA EKNATH,MUMBAI NORTH-CENTRAL,"Construction of roads, link roads, pathways or any other road with or without drainage system",2025-07-10,GEETA CO OP LABOUR SOCIETY LTD,Payment Success,999240.0,MPLADS eSAKSHI Public Dashboard
PAY-00773,WS/MP18124/2025-2026/165781,Maharashtra,MUMBAI SUBURBAN(DISTRICT COLLECTOR MUMBAI SUBURBAN_IDA),GAIKWAD VARSHA EKNATH,MUMBAI NORTH-CENTRAL,"Construction of roads, link roads, pathways or any other road with or without drainage system",2025-07-10,RENUKA CO OP LABOUR SOCIETY LIMITED,Payment Success,999240.0,MPLADS eSAKSHI Public Dashboard
PAY-00774,WS/MP18124/2025-2026/165785,Maharashtra,MUMBAI SUBURBAN(DISTRICT COLLECTOR MUMBAI SUBURBAN_IDA),GAIKWAD VARSHA EKNATH,MUMBAI NORTH-CENTRAL,"Construction of roads, link roads, pathways or any other road with or without drainage system",2025-08-21,Dagad kamgar coop labour society ltd,Payment Success,999240.0,MPLADS eSAKSHI Public Dashboard
PAY-00775,WS/MP18124/2025-2026/165786,Maharashtra,MUMBAI SUBURBAN(DISTRICT COLLECTOR MUMBAI SUBURBAN_IDA),GAIKWAD VARSHA EKNATH,MUMBAI NORTH-CENTRAL,"Construction of roads, link roads, pathways or any other road with or without drainage system",2025-12-11,KHIJRIL KHOKAR,Payment Success,999241.0,MPLADS eSAKSHI Public Dashboard
PAY-00776,WS/MP18124/2025-2026/165789,Maharashtra,MUMBAI SUBURBAN(DISTRICT COLLECTOR MUMBAI SUBURBAN_IDA),GAIKWAD VARSHA EKNATH,MUMBAI NORTH-CENTRAL,"Construction of roads, link roads, pathways or any other road with or without drainage system",2025-07-14,Samona Enterprises,Payment Success,999140.0,MPLADS eSAKSHI Public Dashboard
PAY-00777,WS/MP18124/2025-2026/165816,Maharashtra,MUMBAI SUBURBAN(DISTRICT COLLECTOR MUMBAI SUBURBAN_IDA),GAIKWAD VARSHA EKNATH,MUMBAI NORTH-CENTRAL,"Construction of roads, link roads, pathways or any other road with or without drainage system",2025-07-14,Samona Enterprises,Payment Success,999140.0,MPLADS eSAKSHI Public Dashboard
PAY-00778,WS/MP18124/2025-2026/165820,Maharashtra,MUMBAI SUBURBAN(DISTRICT COLLECTOR MUMBAI SUBURBAN_IDA),GAIKWAD VARSHA EKNATH,MUMBAI NORTH-CENTRAL,Construction of community centers and community halls,2025-07-14,Samona Enterprises,Payment Success,1998282.0,MPLADS eSAKSHI Public Dashboard
PAY-00779,WS/MP18124/2025-2026/161223,Maharashtra,MUMBAI SUBURBAN(DISTRICT COLLECTOR MUMBAI SUBURBAN_IDA),GAIKWAD VARSHA EKNATH,MUMBAI NORTH-CENTRAL,"Construction of roads, link roads, pathways or any other road with or without drainage system",2026-02-24,Whitestar Infrastructure,Payment Success,2498104.0,MPLADS eSAKSHI Public Dashboard
PAY-00780,WS/MP18124/2025-2026/161241,Maharashtra,MUMBAI SUBURBAN(DISTRICT COLLECTOR MUMBAI SUBURBAN_IDA),GAIKWAD VARSHA EKNATH,MUMBAI NORTH-CENTRAL,"Construction of roads, link roads, pathways or any other road with or without drainage system",2025-07-10,MAHENDRA ENTERPRISES,Payment Success,2497109.0,MPLADS eSAKSHI Public Dashboard
PAY-00781,WS/MP18124/2025-2026/162301,Maharashtra,MUMBAI SUBURBAN(DISTRICT COLLECTOR MUMBAI SUBURBAN_IDA),GAIKWAD VARSHA EKNATH,MUMBAI NORTH-CENTRAL,"Construction of roads, link roads, pathways or any other road with or without drainage system",2025-07-24,SUDHIR BABU DHOTRE,Payment Success,1498862.0,MPLADS eSAKSHI Public Dashboard
PAY-00782,WS/MP18124/2025-2026/162319,Maharashtra,MUMBAI SUBURBAN(DISTRICT COLLECTOR MUMBAI SUBURBAN_IDA),GAIKWAD VARSHA EKNATH,MUMBAI NORTH-CENTRAL,"Construction of roads, link roads, pathways or any other road with or without drainage system",2025-07-10,MAHENDRA ENTERPRISES,Payment Success,1997685.0,MPLADS eSAKSHI Public Dashboard
PAY-00783,WS/MP18124/2025-2026/162323,Maharashtra,MUMBAI SUBURBAN(DISTRICT COLLECTOR MUMBAI SUBURBAN_IDA),GAIKWAD VARSHA EKNATH,MUMBAI NORTH-CENTRAL,"Construction of roads, link roads, pathways or any other road with or without drainage system",2025-07-10,Abhay Shankar Kambali,Payment Success,1998083.0,MPLADS eSAKSHI Public Dashboard
PAY-00784,WS/MP18124/2025-2026/162328,Maharashtra,MUMBAI SUBURBAN(DISTRICT COLLECTOR MUMBAI SUBURBAN_IDA),GAIKWAD VARSHA EKNATH,MUMBAI NORTH-CENTRAL,"Construction of roads, link roads, pathways or any other road with or without drainage system",2025-07-24,Om Construction,Payment Success,2496860.0,MPLADS eSAKSHI Public Dashboard
PAY-00785,WS/MP18124/2025-2026/162339,Maharashtra,MUMBAI SUBURBAN(DISTRICT COLLECTOR MUMBAI SUBURBAN_IDA),GAIKWAD VARSHA EKNATH,MUMBAI NORTH-CENTRAL,"Construction of roads, link roads, pathways or any other road with or without drainage system",2025-12-06,SAikrupa Construction,Payment Success,1498861.0,MPLADS eSAKSHI Public Dashboard
PAY-00786,WS/MP18124/2025-2026/162344,Maharashtra,MUMBAI SUBURBAN(DISTRICT COLLECTOR MUMBAI SUBURBAN_IDA),GAIKWAD VARSHA EKNATH,MUMBAI NORTH-CENTRAL,Construction of community centers and community halls,2026-01-23,Shrusha Enterprises,Payment Success,1996492.0,MPLADS eSAKSHI Public Dashboard
PAY-00787,WS/MP18124/2025-2026/162349,Maharashtra,MUMBAI SUBURBAN(DISTRICT COLLECTOR MUMBAI SUBURBAN_IDA),GAIKWAD VARSHA EKNATH,MUMBAI NORTH-CENTRAL,"Construction of roads, link roads, pathways or any other road with or without drainage system",2025-07-10,MAHENDRA ENTERPRISES,Payment Success,2497109.0,MPLADS eSAKSHI Public Dashboard
PAY-00788,WS/MP18124/2025-2026/162358,Maharashtra,MUMBAI SUBURBAN(DISTRICT COLLECTOR MUMBAI SUBURBAN_IDA),GAIKWAD VARSHA EKNATH,MUMBAI NORTH-CENTRAL,"Construction of roads, link roads, pathways or any other road with or without drainage system",2025-07-25,siddheshwar enterprises,Payment Success,1998183.0,MPLADS eSAKSHI Public Dashboard
PAY-00789,WS/MP18124/2025-2026/162363,Maharashtra,MUMBAI SUBURBAN(DISTRICT COLLECTOR MUMBAI SUBURBAN_IDA),GAIKWAD VARSHA EKNATH,MUMBAI NORTH-CENTRAL,"Construction of roads, link roads, pathways or any other road with or without drainage system",2025-09-25,A K JAISH ENTERPRISES,Payment Success,2497854.0,MPLADS eSAKSHI Public Dashboard
PAY-00790,WS/MP18124/2025-2026/162368,Maharashtra,MUMBAI SUBURBAN(DISTRICT COLLECTOR MUMBAI SUBURBAN_IDA),GAIKWAD VARSHA EKNATH,MUMBAI NORTH-CENTRAL,"Construction of roads, link roads, pathways or any other road with or without drainage system",2025-08-21,K K Enterprises,Payment Success,1498861.0,MPLADS eSAKSHI Public Dashboard
PAY-00791,WS/MP18124/2025-2026/162371,Maharashtra,MUMBAI SUBURBAN(DISTRICT COLLECTOR MUMBAI SUBURBAN_IDA),GAIKWAD VARSHA EKNATH,MUMBAI NORTH-CENTRAL,"Construction of roads, link roads, pathways or any other road with or without drainage system",2025-07-24,Saikrupa Enterprises,Payment Success,2497854.0,MPLADS eSAKSHI Public Dashboard
PAY-00792,WS/MP18124/2025-2026/162373,Maharashtra,MUMBAI SUBURBAN(DISTRICT COLLECTOR MUMBAI SUBURBAN_IDA),GAIKWAD VARSHA EKNATH,MUMBAI NORTH-CENTRAL,Providing drains and gutters for public drainage,2025-07-11,M S SOFIA ENTERPRISES,Payment Success,2498101.0,MPLADS eSAKSHI Public Dashboard
PAY-00793,WS/MP18124/2025-2026/162376,Maharashtra,MUMBAI SUBURBAN(DISTRICT COLLECTOR MUMBAI SUBURBAN_IDA),GAIKWAD VARSHA EKNATH,MUMBAI NORTH-CENTRAL,"Construction of roads, link roads, pathways or any other road with or without drainage system",2025-07-24,Shahjad alimohd samiulla raeen,Payment Success,999240.0,MPLADS eSAKSHI Public Dashboard
PAY-00794,WS/MP18124/2025-2026/162401,Maharashtra,MUMBAI SUBURBAN(DISTRICT COLLECTOR MUMBAI SUBURBAN_IDA),GAIKWAD VARSHA EKNATH,MUMBAI NORTH-CENTRAL,"Construction of roads, link roads, pathways or any other road with or without drainage system",2025-08-21,Andheri Wadari Labour Contract Sahakari,Payment Success,999240.0,MPLADS eSAKSHI Public Dashboard
PAY-00795,WS/MP18124/2025-2026/162402,Maharashtra,MUMBAI SUBURBAN(DISTRICT COLLECTOR MUMBAI SUBURBAN_IDA),GAIKWAD VARSHA EKNATH,MUMBAI NORTH-CENTRAL,"Construction of roads, link roads, pathways or any other road with or without drainage system",2025-08-21,Shivneri Coop Labour Society ltd,Payment Success,999240.0,MPLADS eSAKSHI Public Dashboard
PAY-00796,WS/MP18124/2025-2026/162403,Maharashtra,MUMBAI SUBURBAN(DISTRICT COLLECTOR MUMBAI SUBURBAN_IDA),GAIKWAD VARSHA EKNATH,MUMBAI NORTH-CENTRAL,Construction of passage at unmanned railway crossings,2025-08-21,Bharat Co Op Labour Society Limeted,Payment Success,999240.0,MPLADS eSAKSHI Public Dashboard
PAY-00797,WS/MP18124/2025-2026/162416,Maharashtra,MUMBAI SUBURBAN(DISTRICT COLLECTOR MUMBAI SUBURBAN_IDA),GAIKWAD VARSHA EKNATH,MUMBAI NORTH-CENTRAL,"Construction of roads, link roads, pathways or any other road with or without drainage system",2025-07-25,Samona Enterprises,Payment Success,998245.0,MPLADS eSAKSHI Public Dashboard
PAY-00798,WS/MP18124/2025-2026/162417,Maharashtra,MUMBAI SUBURBAN(DISTRICT COLLECTOR MUMBAI SUBURBAN_IDA),GAIKWAD VARSHA EKNATH,MUMBAI NORTH-CENTRAL,Providing drains and gutters for public drainage,2025-12-12,Samona Enterprises,Payment Success,998245.0,MPLADS eSAKSHI Public Dashboard
PAY-00799,WS/MP18307/2025-2026/180114,Maharashtra,MUMBAI SUBURBAN(DISTRICT COLLECTOR MUMBAI SUBURBAN_IDA),Piyush Vedprakash Goyal,MUMBAI NORTH,Providing drains and gutters for public drainage,2025-11-06,PARSHURAM UDO COOP LABOUR SOCIETY LTD,Payment Success,1798633.0,MPLADS eSAKSHI Public Dashboard
PAY-00800,WS/MP18307/2025-2026/180126,Maharashtra,MUMBAI SUBURBAN(DISTRICT COLLECTOR MUMBAI SUBURBAN_IDA),Piyush Vedprakash Goyal,MUMBAI NORTH,Construction of public toilets and bathrooms,2025-11-06,SWASTIK SAHAKAR S M,Payment Success,1798633.0,MPLADS eSAKSHI Public Dashboard
PAY-00801,WS/MP18307/2025-2026/180169,Maharashtra,MUMBAI SUBURBAN(DISTRICT COLLECTOR MUMBAI SUBURBAN_IDA),Piyush Vedprakash Goyal,MUMBAI NORTH,"Construction of roads, link roads, pathways or any other road with or without drainage system",2026-01-23,GANGA MATA CO OP LABOUR SOCIETY LIMITED,Payment Success,1898558.0,MPLADS eSAKSHI Public Dashboard
PAY-00802,WS/MP18307/2025-2026/180170,Maharashtra,MUMBAI SUBURBAN(DISTRICT COLLECTOR MUMBAI SUBURBAN_IDA),Piyush Vedprakash Goyal,MUMBAI NORTH,Construction of public toilets and bathrooms,2026-01-23,SAHYADRI SHRAMSAFALYA MAJOOR SAAKARI,Payment Success,2498103.0,MPLADS eSAKSHI Public Dashboard
PAY-00803,WS/MP18307/2025-2026/178216,Maharashtra,MUMBAI SUBURBAN(DISTRICT COLLECTOR MUMBAI SUBURBAN_IDA),Piyush Vedprakash Goyal,MUMBAI NORTH,Development of public parks,2026-01-23,GEETA CO OP LABOUR SOCIETY LTD,Payment Success,1498862.0,MPLADS eSAKSHI Public Dashboard
PAY-00804,WS/MP18307/2025-2026/178219,Maharashtra,MUMBAI SUBURBAN(DISTRICT COLLECTOR MUMBAI SUBURBAN_IDA),Piyush Vedprakash Goyal,MUMBAI NORTH,Construction of common work sheds/ common covered sitting area,2026-03-20,Sharvari Shrikarishana Deshpande,Payment Success,999241.0,MPLADS eSAKSHI Public Dashboard
PAY-00805,WS/MP18131/2025-2026/188629,Maharashtra,SINDHUDURG(DISTRICT COLLECTOR SINDHUDURG_IDA),NARAYAN TATU RANE,RATNAGIRI-SINDHUDURG,"Construction of roads, link roads, pathways or any other road with or without drainage system",2026-03-24,Manoj Madhukar Waingankar,Payment Success,474974.0,MPLADS eSAKSHI Public Dashboard
PAY-00806,WS/MP18131/2025-2026/188630,Maharashtra,SINDHUDURG(DISTRICT COLLECTOR SINDHUDURG_IDA),NARAYAN TATU RANE,RATNAGIRI-SINDHUDURG,"Construction of roads, link roads, pathways or any other road with or without drainage system",2026-03-24,Manoj Madhukar Waingankar,Payment Success,496905.0,MPLADS eSAKSHI Public Dashboard
PAY-00807,WS/MP18131/2025-2026/186418,Maharashtra,SINDHUDURG(DISTRICT COLLECTOR SINDHUDURG_IDA),NARAYAN TATU RANE,RATNAGIRI-SINDHUDURG,Construction of platforms and passenger sheds at railway stations,2025-08-21,AKHIL ANIL PALKAR,Payment Success,641236.0,MPLADS eSAKSHI Public Dashboard
PAY-00808,WS/MP18131/2025-2026/186418,Maharashtra,SINDHUDURG(DISTRICT COLLECTOR SINDHUDURG_IDA),NARAYAN TATU RANE,RATNAGIRI-SINDHUDURG,Construction of platforms and passenger sheds at railway stations,2026-07-31,Akhil Anil Palkar,Payment Success,348794.0,MPLADS eSAKSHI Public Dashboard
PAY-00809,WS/MP18131/2025-2026/248909,Maharashtra,SINDHUDURG(DISTRICT COLLECTOR SINDHUDURG_IDA),NARAYAN TATU RANE,RATNAGIRI-SINDHUDURG,Construction of toilet blocks,2026-07-23,DINDAYAL MAJUR SAHKARI SANSTHA MARYADIT,Payment Success,500000.0,MPLADS eSAKSHI Public Dashboard
PAY-00810,WS/MP18131/2026-2027/188632,Maharashtra,SINDHUDURG(DISTRICT COLLECTOR SINDHUDURG_IDA),NARAYAN TATU RANE,RATNAGIRI-SINDHUDURG,Development of public parks,2026-05-19,SHIVARI MAJOOR SAHAKARI SANSTHA MARYADIT OROS,Payment Success,973750.0,MPLADS eSAKSHI Public Dashboard
PAY-00811,WS/MP18118/2025-2026/252880,Maharashtra,NASHIK(DISTRICT COLLECTOR NASHIK_IDA),BHASKAR MURLIDHAR BHAGARE,DINDORI(ST),Construction of community centers and community halls,2026-02-09,NIKITA RATAN TAMBE,Payment Success,991372.0,MPLADS eSAKSHI Public Dashboard
PAY-00812,WS/MP18118/2025-2026/252881,Maharashtra,NASHIK(DISTRICT COLLECTOR NASHIK_IDA),BHASKAR MURLIDHAR BHAGARE,DINDORI(ST),"Construction of roads, link roads, pathways or any other road with or without drainage system",2026-02-24,NIKITA RATAN TAMBE,Payment Success,1000000.0,MPLADS eSAKSHI Public Dashboard
PAY-00813,WS/MP18118/2025-2026/252882,Maharashtra,NASHIK(DISTRICT COLLECTOR NASHIK_IDA),BHASKAR MURLIDHAR BHAGARE,DINDORI(ST),Construction of community centers and community halls,2026-03-04,SURAJ ASHOK SONWANE,Payment Success,999197.0,MPLADS eSAKSHI Public Dashboard
PAY-00814,WS/MP18118/2026-2027/252853,Maharashtra,NASHIK(DISTRICT COLLECTOR NASHIK_IDA),BHASKAR MURLIDHAR BHAGARE,DINDORI(ST),"Construction of roads, link roads, pathways or any other road with or without drainage system",2026-07-14,DIPESH DAYARAM DALAVI,Payment Success,499415.0,MPLADS eSAKSHI Public Dashboard
PAY-00815,WS/MP18118/2025-2026/252854,Maharashtra,NASHIK(DISTRICT COLLECTOR NASHIK_IDA),BHASKAR MURLIDHAR BHAGARE,DINDORI(ST),Construction of community centers and community halls,2026-07-01,MAYUR DINESH CHAVAN,Payment Success,998878.0,MPLADS eSAKSHI Public Dashboard
PAY-00816,WS/MP18118/2025-2026/252855,Maharashtra,NASHIK(DISTRICT COLLECTOR NASHIK_IDA),BHASKAR MURLIDHAR BHAGARE,DINDORI(ST),Construction of community centers and community halls,2026-02-24,MAYUR DINESH CHAVAN,Payment Success,995872.0,MPLADS eSAKSHI Public Dashboard
PAY-00817,WS/MP18118/2025-2026/252857,Maharashtra,NASHIK(DISTRICT COLLECTOR NASHIK_IDA),BHASKAR MURLIDHAR BHAGARE,DINDORI(ST),Construction of community centers and community halls,2026-03-04,NIKITA RATAN TAMBE,Payment Success,993579.0,MPLADS eSAKSHI Public Dashboard
PAY-00818,WS/MP18118/2026-2027/252860,Maharashtra,NASHIK(DISTRICT COLLECTOR NASHIK_IDA),BHASKAR MURLIDHAR BHAGARE,DINDORI(ST),Construction of community centers and community halls,2026-07-07,VATESHWAR MAJOOR AND BANDHKAM SAHAKARI SANSTHA,Payment Success,1493673.0,MPLADS eSAKSHI Public Dashboard
PAY-00819,WS/MP18118/2025-2026/252861,Maharashtra,NASHIK(DISTRICT COLLECTOR NASHIK_IDA),BHASKAR MURLIDHAR BHAGARE,DINDORI(ST),Construction of culverts and bridges,2026-07-01,NIKITA RATAN TAMBE,Payment Success,1000000.0,MPLADS eSAKSHI Public Dashboard
PAY-00820,WS/MP18118/2025-2026/252862,Maharashtra,NASHIK(DISTRICT COLLECTOR NASHIK_IDA),BHASKAR MURLIDHAR BHAGARE,DINDORI(ST),Crematoriums/energy efficient crematoriums or structures on burial/cremation ground,2026-02-24,SHRI GAJANAN MAJOOR VA BANDHKAM SAHKARI SANSTHA MARYADIT MHALSAKORE,Payment Success,996836.0,MPLADS eSAKSHI Public Dashboard
PAY-00821,WS/MP18118/2026-2027/271607,Maharashtra,NASHIK(DISTRICT COLLECTOR NASHIK_IDA),BHASKAR MURLIDHAR BHAGARE,DINDORI(ST),Construction of culverts and bridges,2026-07-24,TALEGAON ROHI MAJOOR SAHAKARI SANSTHA LTD,Payment Success,499500.0,MPLADS eSAKSHI Public Dashboard
PAY-00822,WS/MP18118/2026-2027/188288,Maharashtra,NASHIK(DISTRICT COLLECTOR NASHIK_IDA),BHASKAR MURLIDHAR BHAGARE,DINDORI(ST),Lighting of public spaces,2026-07-10,Suraj Balasaheb Khapare,Payment Success,748000.0,MPLADS eSAKSHI Public Dashboard
PAY-00823,WS/MP18118/2025-2026/188305,Maharashtra,NASHIK(DISTRICT COLLECTOR NASHIK_IDA),BHASKAR MURLIDHAR BHAGARE,DINDORI(ST),Construction of community centers and community halls,2026-07-16,TRIMURTI MAJUR BANDHKAM SAHAKARI SANSTHA,Payment Success,992018.0,MPLADS eSAKSHI Public Dashboard
PAY-00824,WS/MP18118/2025-2026/188306,Maharashtra,NASHIK(DISTRICT COLLECTOR NASHIK_IDA),BHASKAR MURLIDHAR BHAGARE,DINDORI(ST),Construction of community centers and community halls,2026-03-23,NIKITA RATAN TAMBE,Payment Success,800000.0,MPLADS eSAKSHI Public Dashboard
PAY-00825,WS/MP18118/2025-2026/188310,Maharashtra,NASHIK(DISTRICT COLLECTOR NASHIK_IDA),BHASKAR MURLIDHAR BHAGARE,DINDORI(ST),Crematoriums/energy efficient crematoriums or structures on burial/cremation ground,2026-02-02,PRASAD SHANTARAM DARADE,Payment Success,800000.0,MPLADS eSAKSHI Public Dashboard
PAY-00826,WS/MP18118/2025-2026/188300,Maharashtra,NASHIK(DISTRICT COLLECTOR NASHIK_IDA),BHASKAR MURLIDHAR BHAGARE,DINDORI(ST),Construction of community centers and community halls,2025-12-16,NIKITA RATAN TAMBE,Payment Success,990001.0,MPLADS eSAKSHI Public Dashboard
PAY-00827,WS/MP18131/2025-2026/188631,Maharashtra,SINDHUDURG(DISTRICT COLLECTOR SINDHUDURG_IDA),NARAYAN TATU RANE,RATNAGIRI-SINDHUDURG,Installing tube-wells and borewells,2026-04-16,SARPANCH GRAMPANCHAYAT RONAPAL,Payment Success,500000.0,MPLADS eSAKSHI Public Dashboard
PAY-00828,WS/MP18131/2025-2026/188631,Maharashtra,SINDHUDURG(DISTRICT COLLECTOR SINDHUDURG_IDA),NARAYAN TATU RANE,RATNAGIRI-SINDHUDURG,Installing tube-wells and borewells,2026-07-24,SARPANCH GRAMPANCHAYAT RONAPAL,Payment Success,499563.0,MPLADS eSAKSHI Public Dashboard
PAY-00829,WS/MP18131/2025-2026/188628,Maharashtra,SINDHUDURG(DISTRICT COLLECTOR SINDHUDURG_IDA),NARAYAN TATU RANE,RATNAGIRI-SINDHUDURG,Installing tube-wells and borewells,2026-04-09,GRAMPANCHAYAT PHONDAGHAT,Payment Success,999798.0,MPLADS eSAKSHI Public Dashboard
PAY-00830,WS/MP18131/2025-2026/245063,Maharashtra,SINDHUDURG(DISTRICT COLLECTOR SINDHUDURG_IDA),NARAYAN TATU RANE,RATNAGIRI-SINDHUDURG,"Construction of roads, link roads, pathways or any other road with or without drainage system",2026-03-20,SHASHANK PRAMOD LINGRAS,Payment Success,999000.0,MPLADS eSAKSHI Public Dashboard
PAY-00831,WS/MP18131/2025-2026/255343,Maharashtra,SINDHUDURG(DISTRICT COLLECTOR SINDHUDURG_IDA),NARAYAN TATU RANE,RATNAGIRI-SINDHUDURG,Crematoriums/energy efficient crematoriums or structures on burial/cremation ground,2026-04-08,Mandar Sunil Mestry,Payment Success,499000.0,MPLADS eSAKSHI Public Dashboard
PAY-00832,WS/MP18131/2026-2027/255345,Maharashtra,SINDHUDURG(DISTRICT COLLECTOR SINDHUDURG_IDA),NARAYAN TATU RANE,RATNAGIRI-SINDHUDURG,Construction of community centers and community halls,2026-04-08,Mandar Sunil Mestry,Payment Success,499000.0,MPLADS eSAKSHI Public Dashboard
PAY-00833,WS/MP18131/2025-2026/188623,Maharashtra,SINDHUDURG(DISTRICT COLLECTOR SINDHUDURG_IDA),NARAYAN TATU RANE,RATNAGIRI-SINDHUDURG,"Construction of roads, link roads, pathways or any other road with or without drainage system",2025-07-21,ANIRUDDHA ARVIND MAHADIK,Payment Success,999000.0,MPLADS eSAKSHI Public Dashboard
PAY-00834,WS/MP18131/2026-2027/273604,Maharashtra,SINDHUDURG(DISTRICT COLLECTOR SINDHUDURG_IDA),NARAYAN TATU RANE,RATNAGIRI-SINDHUDURG,"Construction of roads, link roads, pathways or any other road with or without drainage system",2026-07-29,SWAMI VIVEKANANDMAJUR SAHAKARI SANSTHA MARYA KERVADE TARF MANGAON,Payment Success,799728.0,MPLADS eSAKSHI Public Dashboard
PAY-00835,WS/MP18131/2025-2026/191833,Maharashtra,SINDHUDURG(DISTRICT COLLECTOR SINDHUDURG_IDA),NARAYAN TATU RANE,RATNAGIRI-SINDHUDURG,Providing drains and gutters for public drainage,2026-08-10,GRAMPANCHAYAT WAGADE,Payment Success,999686.0,MPLADS eSAKSHI Public Dashboard
PAY-00836,WS/MP18131/2025-2026/193711,Maharashtra,SINDHUDURG(DISTRICT COLLECTOR SINDHUDURG_IDA),NARAYAN TATU RANE,RATNAGIRI-SINDHUDURG,"Construction of roads, link roads, pathways or any other road with or without drainage system",2026-02-18,Jitesh,Payment Success,250000.0,MPLADS eSAKSHI Public Dashboard
PAY-00837,WS/MP18131/2025-2026/193711,Maharashtra,SINDHUDURG(DISTRICT COLLECTOR SINDHUDURG_IDA),NARAYAN TATU RANE,RATNAGIRI-SINDHUDURG,"Construction of roads, link roads, pathways or any other road with or without drainage system",2026-04-08,Jitesh,Payment Success,249868.0,MPLADS eSAKSHI Public Dashboard
PAY-00838,WS/MP18131/2025-2026/200889,Maharashtra,SINDHUDURG(DISTRICT COLLECTOR SINDHUDURG_IDA),NARAYAN TATU RANE,RATNAGIRI-SINDHUDURG,Construction of footpaths and pedestrian ways,2026-02-18,DIPESH SUDHIR PARAB,Payment Success,999000.0,MPLADS eSAKSHI Public Dashboard
PAY-00839,WS/MP18131/2025-2026/200890,Maharashtra,SINDHUDURG(DISTRICT COLLECTOR SINDHUDURG_IDA),NARAYAN TATU RANE,RATNAGIRI-SINDHUDURG,Construction of culverts and bridges,2026-08-24,NINAD VIKHALE,Payment Success,999000.0,MPLADS eSAKSHI Public Dashboard
PAY-00840,WS/MP18131/2025-2026/253008,Maharashtra,RATNAGIRI(District Collector Ratnagiri_IDA),NARAYAN TATU RANE,RATNAGIRI-SINDHUDURG,"Construction of roads, link roads, pathways or any other road with or without drainage system",2026-05-19,RUSHIKESH SUJIT SALVI,Payment Success,250000.0,MPLADS eSAKSHI Public Dashboard
PAY-00841,WS/MP18131/2025-2026/253008,Maharashtra,RATNAGIRI(District Collector Ratnagiri_IDA),NARAYAN TATU RANE,RATNAGIRI-SINDHUDURG,"Construction of roads, link roads, pathways or any other road with or without drainage system",2026-08-20,RUSHIKESH SUJIT SALVI,Payment Success,238647.0,MPLADS eSAKSHI Public Dashboard
PAY-00842,WS/MP18120/2025-2026/180360,Maharashtra,HINGOLI(DISTRICT COLLECTOR HINGOLI_IDA),AASHTIKAR PATIL NAGESH BAPURAO,HINGOLI,"Construction of roads, link roads, pathways or any other road with or without drainage system",2025-09-15,PATHAN FURQAN ABDULLA KHAN,Payment Success,1498945.0,MPLADS eSAKSHI Public Dashboard
PAY-00843,WS/MP18120/2025-2026/174627,Maharashtra,HINGOLI(DISTRICT COLLECTOR HINGOLI_IDA),AASHTIKAR PATIL NAGESH BAPURAO,HINGOLI,"Construction of roads, link roads, pathways or any other road with or without drainage system",2025-10-10,PATHAN FURQAN ABDULLA KHAN,Payment Success,1498207.0,MPLADS eSAKSHI Public Dashboard
PAY-00844,WS/MP18120/2025-2026/169206,Maharashtra,HINGOLI(DISTRICT COLLECTOR HINGOLI_IDA),AASHTIKAR PATIL NAGESH BAPURAO,HINGOLI,"Construction of roads, link roads, pathways or any other road with or without drainage system",2025-10-10,PATHAN FURQAN ABDULLA KHAN,Payment Success,4994258.0,MPLADS eSAKSHI Public Dashboard
PAY-00845,WS/MP18120/2025-2026/190401,Maharashtra,HINGOLI(DISTRICT COLLECTOR HINGOLI_IDA),AASHTIKAR PATIL NAGESH BAPURAO,HINGOLI,"Construction of roads, link roads, pathways or any other road with or without drainage system",2026-03-23,Jay Ambika Enterprises,Payment Success,2798862.0,MPLADS eSAKSHI Public Dashboard
PAY-00846,WS/MP18120/2025-2026/190402,Maharashtra,HINGOLI(DISTRICT COLLECTOR HINGOLI_IDA),AASHTIKAR PATIL NAGESH BAPURAO,HINGOLI,"Construction of roads, link roads, pathways or any other road with or without drainage system",2026-01-15,Jay Ambika Enterprises,Payment Success,2483886.0,MPLADS eSAKSHI Public Dashboard
PAY-00847,WS/MP18120/2025-2026/190402,Maharashtra,HINGOLI(DISTRICT COLLECTOR HINGOLI_IDA),AASHTIKAR PATIL NAGESH BAPURAO,HINGOLI,"Construction of roads, link roads, pathways or any other road with or without drainage system",2026-03-23,Jay Ambika Enterprises,Payment Success,350655.0,MPLADS eSAKSHI Public Dashboard
PAY-00848,WS/MP18120/2025-2026/194147,Maharashtra,HINGOLI(DISTRICT COLLECTOR HINGOLI_IDA),AASHTIKAR PATIL NAGESH BAPURAO,HINGOLI,"Construction of roads, link roads, pathways or any other road with or without drainage system",2026-03-16,RAHUL SAHEBRAO CHAVAN,Payment Success,146213.0,MPLADS eSAKSHI Public Dashboard
PAY-00849,WS/MP18120/2025-2026/194147,Maharashtra,HINGOLI(DISTRICT COLLECTOR HINGOLI_IDA),AASHTIKAR PATIL NAGESH BAPURAO,HINGOLI,"Construction of roads, link roads, pathways or any other road with or without drainage system",2026-07-17,RAHUL SAHEBRAO CHAVAN,Payment Success,515644.0,MPLADS eSAKSHI Public Dashboard
PAY-00850,WS/MP18120/2025-2026/213059,Maharashtra,HINGOLI(DISTRICT COLLECTOR HINGOLI_IDA),AASHTIKAR PATIL NAGESH BAPURAO,HINGOLI,"Construction of roads, link roads, pathways or any other road with or without drainage system",2026-04-20,Ram Dnyanadev Bhalerao,Payment Success,994661.0,MPLADS eSAKSHI Public Dashboard
PAY-00851,WS/MP18117/2025-2026/170204,Maharashtra,NASHIK(DISTRICT COLLECTOR NASHIK_IDA),BACHHAV SHOBHA DINESH,DHULE,Crematoriums/energy efficient crematoriums or structures on burial/cremation ground,2026-02-26,RAHUL SANTOSH BACHHAV,Payment Success,923569.0,MPLADS eSAKSHI Public Dashboard
PAY-00852,WS/MP18126/2026-2027/256589,Maharashtra,NANDURBAR(DISTRICT COLLECTOR NANDURBAR_IDA),ADV GOWAAL KAGADA PADAVI,NANDURBAR(ST),Street lights,2026-07-15,SWAMI POWERTECH,Payment Success,169529.0,MPLADS eSAKSHI Public Dashboard
PAY-00853,WS/MP18126/2025-2026/256590,Maharashtra,NANDURBAR(DISTRICT COLLECTOR NANDURBAR_IDA),ADV GOWAAL KAGADA PADAVI,NANDURBAR(ST),Street lights,2026-07-15,SWAMI POWERTECH,Payment Success,169529.0,MPLADS eSAKSHI Public Dashboard
PAY-00854,WS/MP18126/2026-2027/256591,Maharashtra,NANDURBAR(DISTRICT COLLECTOR NANDURBAR_IDA),ADV GOWAAL KAGADA PADAVI,NANDURBAR(ST),Street lights,2026-07-15,SWAMI POWERTECH,Payment Success,169529.0,MPLADS eSAKSHI Public Dashboard
PAY-00855,WS/MP18126/2025-2026/256630,Maharashtra,NANDURBAR(DISTRICT COLLECTOR NANDURBAR_IDA),ADV GOWAAL KAGADA PADAVI,NANDURBAR(ST),Street lights,2026-08-03,SHRI GANESH ELECTRICAL AND CONTRACTER,Payment Success,169529.0,MPLADS eSAKSHI Public Dashboard
PAY-00856,WS/MP18126/2025-2026/256631,Maharashtra,NANDURBAR(DISTRICT COLLECTOR NANDURBAR_IDA),ADV GOWAAL KAGADA PADAVI,NANDURBAR(ST),Street lights,2026-07-15,SHRI GANESH ELECTRICAL AND CONTRACTER,Payment Success,169529.0,MPLADS eSAKSHI Public Dashboard
PAY-00857,WS/MP18126/2025-2026/256632,Maharashtra,NANDURBAR(DISTRICT COLLECTOR NANDURBAR_IDA),ADV GOWAAL KAGADA PADAVI,NANDURBAR(ST),Street lights,2026-07-15,SHRI GANESH ELECTRICAL AND CONTRACTER,Payment Success,169529.0,MPLADS eSAKSHI Public Dashboard
PAY-00858,WS/MP18126/2025-2026/256633,Maharashtra,NANDURBAR(DISTRICT COLLECTOR NANDURBAR_IDA),ADV GOWAAL KAGADA PADAVI,NANDURBAR(ST),Street lights,2026-07-15,SHRI GANESH ELECTRICAL AND CONTRACTER,Payment Success,169529.0,MPLADS eSAKSHI Public Dashboard
PAY-00859,WS/MP18126/2025-2026/256634,Maharashtra,NANDURBAR(DISTRICT COLLECTOR NANDURBAR_IDA),ADV GOWAAL KAGADA PADAVI,NANDURBAR(ST),Street lights,2026-07-15,SHRI GANESH ELECTRICAL AND CONTRACTER,Payment Success,169529.0,MPLADS eSAKSHI Public Dashboard
PAY-00860,WS/MP18126/2025-2026/256635,Maharashtra,NANDURBAR(DISTRICT COLLECTOR NANDURBAR_IDA),ADV GOWAAL KAGADA PADAVI,NANDURBAR(ST),Street lights,2026-07-15,SHRI GANESH ELECTRICAL AND CONTRACTER,Payment Success,169529.0,MPLADS eSAKSHI Public Dashboard
PAY-00861,WS/MP18126/2025-2026/256636,Maharashtra,NANDURBAR(DISTRICT COLLECTOR NANDURBAR_IDA),ADV GOWAAL KAGADA PADAVI,NANDURBAR(ST),Street lights,2026-07-15,SHRI GANESH ELECTRICAL AND CONTRACTER,Payment Success,169529.0,MPLADS eSAKSHI Public Dashboard
PAY-00862,WS/MP18126/2025-2026/256637,Maharashtra,NANDURBAR(DISTRICT COLLECTOR NANDURBAR_IDA),ADV GOWAAL KAGADA PADAVI,NANDURBAR(ST),Street lights,2026-07-15,SHRI GANESH ELECTRICAL AND CONTRACTER,Payment Success,169529.0,MPLADS eSAKSHI Public Dashboard
PAY-00863,WS/MP18126/2025-2026/256638,Maharashtra,NANDURBAR(DISTRICT COLLECTOR NANDURBAR_IDA),ADV GOWAAL KAGADA PADAVI,NANDURBAR(ST),Street lights,2026-07-15,SHRI GANESH ELECTRICAL AND CONTRACTER,Payment Success,169529.0,MPLADS eSAKSHI Public Dashboard
PAY-00864,WS/MP18126/2025-2026/256639,Maharashtra,NANDURBAR(DISTRICT COLLECTOR NANDURBAR_IDA),ADV GOWAAL KAGADA PADAVI,NANDURBAR(ST),Street lights,2026-07-15,SHRI GANESH ELECTRICAL AND CONTRACTER,Payment Success,169529.0,MPLADS eSAKSHI Public Dashboard
PAY-00865,WS/MP18126/2025-2026/256640,Maharashtra,NANDURBAR(DISTRICT COLLECTOR NANDURBAR_IDA),ADV GOWAAL KAGADA PADAVI,NANDURBAR(ST),Street lights,2026-07-15,SHRI GANESH ELECTRICAL AND CONTRACTER,Payment Success,169529.0,MPLADS eSAKSHI Public Dashboard
PAY-00866,WS/MP18126/2025-2026/256641,Maharashtra,NANDURBAR(DISTRICT COLLECTOR NANDURBAR_IDA),ADV GOWAAL KAGADA PADAVI,NANDURBAR(ST),Street lights,2026-07-15,SHRI GANESH ELECTRICAL AND CONTRACTER,Payment Success,169529.0,MPLADS eSAKSHI Public Dashboard
PAY-00867,WS/MP18126/2025-2026/256642,Maharashtra,NANDURBAR(DISTRICT COLLECTOR NANDURBAR_IDA),ADV GOWAAL KAGADA PADAVI,NANDURBAR(ST),Street lights,2026-07-15,SHRI GANESH ELECTRICAL AND CONTRACTER,Payment Success,169529.0,MPLADS eSAKSHI Public Dashboard
PAY-00868,WS/MP18126/2025-2026/256643,Maharashtra,NANDURBAR(DISTRICT COLLECTOR NANDURBAR_IDA),ADV GOWAAL KAGADA PADAVI,NANDURBAR(ST),Street lights,2026-07-15,SHRI GANESH ELECTRICAL AND CONTRACTER,Payment Success,169529.0,MPLADS eSAKSHI Public Dashboard
PAY-00869,WS/MP18126/2025-2026/256644,Maharashtra,NANDURBAR(DISTRICT COLLECTOR NANDURBAR_IDA),ADV GOWAAL KAGADA PADAVI,NANDURBAR(ST),Street lights,2026-07-15,SWAMI POWERTECH,Payment Success,169529.0,MPLADS eSAKSHI Public Dashboard
PAY-00870,WS/MP18126/2025-2026/256645,Maharashtra,NANDURBAR(DISTRICT COLLECTOR NANDURBAR_IDA),ADV GOWAAL KAGADA PADAVI,NANDURBAR(ST),Street lights,2026-07-15,SWAMI POWERTECH,Payment Success,169529.0,MPLADS eSAKSHI Public Dashboard
PAY-00871,WS/MP18126/2025-2026/256646,Maharashtra,NANDURBAR(DISTRICT COLLECTOR NANDURBAR_IDA),ADV GOWAAL KAGADA PADAVI,NANDURBAR(ST),Street lights,2026-07-15,SWAMI POWERTECH,Payment Success,169529.0,MPLADS eSAKSHI Public Dashboard
PAY-00872,WS/MP18126/2025-2026/256647,Maharashtra,NANDURBAR(DISTRICT COLLECTOR NANDURBAR_IDA),ADV GOWAAL KAGADA PADAVI,NANDURBAR(ST),Street lights,2026-07-15,SWAMI POWERTECH,Payment Success,169529.0,MPLADS eSAKSHI Public Dashboard
PAY-00873,WS/MP18126/2025-2026/256648,Maharashtra,NANDURBAR(DISTRICT COLLECTOR NANDURBAR_IDA),ADV GOWAAL KAGADA PADAVI,NANDURBAR(ST),Street lights,2026-07-15,SWAMI POWERTECH,Payment Success,169529.0,MPLADS eSAKSHI Public Dashboard
PAY-00874,WS/MP18126/2025-2026/256649,Maharashtra,NANDURBAR(DISTRICT COLLECTOR NANDURBAR_IDA),ADV GOWAAL KAGADA PADAVI,NANDURBAR(ST),Street lights,2026-07-15,SWAMI POWERTECH,Payment Success,169529.0,MPLADS eSAKSHI Public Dashboard
PAY-00875,WS/MP18126/2025-2026/256650,Maharashtra,NANDURBAR(DISTRICT COLLECTOR NANDURBAR_IDA),ADV GOWAAL KAGADA PADAVI,NANDURBAR(ST),Street lights,2026-07-15,SWAMI POWERTECH,Payment Success,169529.0,MPLADS eSAKSHI Public Dashboard
PAY-00876,WS/MP18126/2025-2026/256651,Maharashtra,NANDURBAR(DISTRICT COLLECTOR NANDURBAR_IDA),ADV GOWAAL KAGADA PADAVI,NANDURBAR(ST),Street lights,2026-07-15,SWAMI POWERTECH,Payment Success,169529.0,MPLADS eSAKSHI Public Dashboard
PAY-00877,WS/MP18126/2025-2026/256652,Maharashtra,NANDURBAR(DISTRICT COLLECTOR NANDURBAR_IDA),ADV GOWAAL KAGADA PADAVI,NANDURBAR(ST),Street lights,2026-07-15,SWAMI POWERTECH,Payment Success,169529.0,MPLADS eSAKSHI Public Dashboard
PAY-00878,WS/MP18126/2025-2026/256653,Maharashtra,NANDURBAR(DISTRICT COLLECTOR NANDURBAR_IDA),ADV GOWAAL KAGADA PADAVI,NANDURBAR(ST),Street lights,2026-07-15,SWAMI POWERTECH,Payment Success,169529.0,MPLADS eSAKSHI Public Dashboard
PAY-00879,WS/MP18126/2025-2026/256654,Maharashtra,NANDURBAR(DISTRICT COLLECTOR NANDURBAR_IDA),ADV GOWAAL KAGADA PADAVI,NANDURBAR(ST),Street lights,2026-07-15,SWAMI POWERTECH,Payment Success,169529.0,MPLADS eSAKSHI Public Dashboard
PAY-00880,WS/MP18126/2025-2026/256655,Maharashtra,NANDURBAR(DISTRICT COLLECTOR NANDURBAR_IDA),ADV GOWAAL KAGADA PADAVI,NANDURBAR(ST),Street lights,2026-07-15,SWAMI POWERTECH,Payment Success,169529.0,MPLADS eSAKSHI Public Dashboard
PAY-00881,WS/MP18126/2025-2026/256656,Maharashtra,NANDURBAR(DISTRICT COLLECTOR NANDURBAR_IDA),ADV GOWAAL KAGADA PADAVI,NANDURBAR(ST),Street lights,2026-07-15,SHRI GANESH ELECTRICAL AND CONTRACTER,Payment Success,169529.0,MPLADS eSAKSHI Public Dashboard
PAY-00882,WS/MP18126/2025-2026/236326,Maharashtra,NANDURBAR(DISTRICT COLLECTOR NANDURBAR_IDA),ADV GOWAAL KAGADA PADAVI,NANDURBAR(ST),Street lights,2026-07-15,SWAMI POWERTECH,Payment Success,169529.0,MPLADS eSAKSHI Public Dashboard
PAY-00883,WS/MP18126/2025-2026/236327,Maharashtra,NANDURBAR(DISTRICT COLLECTOR NANDURBAR_IDA),ADV GOWAAL KAGADA PADAVI,NANDURBAR(ST),Street lights,2026-07-15,SWAMI POWERTECH,Payment Success,169529.0,MPLADS eSAKSHI Public Dashboard
PAY-00884,WS/MP18126/2025-2026/236328,Maharashtra,NANDURBAR(DISTRICT COLLECTOR NANDURBAR_IDA),ADV GOWAAL KAGADA PADAVI,NANDURBAR(ST),Street lights,2026-07-15,SWAMI POWERTECH,Payment Success,169529.0,MPLADS eSAKSHI Public Dashboard
PAY-00885,WS/MP18126/2025-2026/236329,Maharashtra,NANDURBAR(DISTRICT COLLECTOR NANDURBAR_IDA),ADV GOWAAL KAGADA PADAVI,NANDURBAR(ST),Street lights,2026-07-15,SWAMI POWERTECH,Payment Success,169529.0,MPLADS eSAKSHI Public Dashboard
PAY-00886,WS/MP18126/2025-2026/236330,Maharashtra,NANDURBAR(DISTRICT COLLECTOR NANDURBAR_IDA),ADV GOWAAL KAGADA PADAVI,NANDURBAR(ST),Street lights,2026-07-15,SWAMI POWERTECH,Payment Success,169529.0,MPLADS eSAKSHI Public Dashboard
PAY-00887,WS/MP18126/2025-2026/236331,Maharashtra,NANDURBAR(DISTRICT COLLECTOR NANDURBAR_IDA),ADV GOWAAL KAGADA PADAVI,NANDURBAR(ST),Street lights,2026-07-15,SWAMI POWERTECH,Payment Success,169529.0,MPLADS eSAKSHI Public Dashboard
PAY-00888,WS/MP18126/2025-2026/236332,Maharashtra,NANDURBAR(DISTRICT COLLECTOR NANDURBAR_IDA),ADV GOWAAL KAGADA PADAVI,NANDURBAR(ST),Street lights,2026-07-15,SWAMI POWERTECH,Payment Success,169529.0,MPLADS eSAKSHI Public Dashboard
PAY-00889,WS/MP18126/2025-2026/236142,Maharashtra,NANDURBAR(DISTRICT COLLECTOR NANDURBAR_IDA),ADV GOWAAL KAGADA PADAVI,NANDURBAR(ST),Street lights,2026-07-15,SWAMI POWERTECH,Payment Success,169529.0,MPLADS eSAKSHI Public Dashboard
PAY-00890,WS/MP18126/2025-2026/236143,Maharashtra,NANDURBAR(DISTRICT COLLECTOR NANDURBAR_IDA),ADV GOWAAL KAGADA PADAVI,NANDURBAR(ST),Street lights,2026-07-15,SWAMI POWERTECH,Payment Success,169529.0,MPLADS eSAKSHI Public Dashboard
PAY-00891,WS/MP18126/2025-2026/236144,Maharashtra,NANDURBAR(DISTRICT COLLECTOR NANDURBAR_IDA),ADV GOWAAL KAGADA PADAVI,NANDURBAR(ST),Street lights,2026-07-15,SWAMI POWERTECH,Payment Success,169529.0,MPLADS eSAKSHI Public Dashboard
PAY-00892,WS/MP18126/2025-2026/236145,Maharashtra,NANDURBAR(DISTRICT COLLECTOR NANDURBAR_IDA),ADV GOWAAL KAGADA PADAVI,NANDURBAR(ST),Street lights,2026-07-15,SWAMI POWERTECH,Payment Success,169529.0,MPLADS eSAKSHI Public Dashboard
PAY-00893,WS/MP18126/2025-2026/236146,Maharashtra,NANDURBAR(DISTRICT COLLECTOR NANDURBAR_IDA),ADV GOWAAL KAGADA PADAVI,NANDURBAR(ST),Street lights,2026-07-15,SWAMI POWERTECH,Payment Success,169529.0,MPLADS eSAKSHI Public Dashboard
PAY-00894,WS/MP18126/2026-2027/236147,Maharashtra,NANDURBAR(DISTRICT COLLECTOR NANDURBAR_IDA),ADV GOWAAL KAGADA PADAVI,NANDURBAR(ST),Street lights,2026-07-15,SWAMI POWERTECH,Payment Success,169529.0,MPLADS eSAKSHI Public Dashboard
PAY-00895,WS/MP18126/2025-2026/236148,Maharashtra,NANDURBAR(DISTRICT COLLECTOR NANDURBAR_IDA),ADV GOWAAL KAGADA PADAVI,NANDURBAR(ST),Street lights,2026-07-15,SWAMI POWERTECH,Payment Success,169529.0,MPLADS eSAKSHI Public Dashboard
PAY-00896,WS/MP18126/2025-2026/236149,Maharashtra,NANDURBAR(DISTRICT COLLECTOR NANDURBAR_IDA),ADV GOWAAL KAGADA PADAVI,NANDURBAR(ST),Street lights,2026-07-15,SWAMI POWERTECH,Payment Success,169529.0,MPLADS eSAKSHI Public Dashboard
PAY-00897,WS/MP18126/2025-2026/236150,Maharashtra,NANDURBAR(DISTRICT COLLECTOR NANDURBAR_IDA),ADV GOWAAL KAGADA PADAVI,NANDURBAR(ST),Street lights,2026-07-15,SWAMI POWERTECH,Payment Success,169529.0,MPLADS eSAKSHI Public Dashboard
PAY-00898,WS/MP18126/2025-2026/236151,Maharashtra,NANDURBAR(DISTRICT COLLECTOR NANDURBAR_IDA),ADV GOWAAL KAGADA PADAVI,NANDURBAR(ST),Street lights,2026-07-15,SWAMI POWERTECH,Payment Success,169529.0,MPLADS eSAKSHI Public Dashboard
PAY-00899,WS/MP18126/2025-2026/236155,Maharashtra,NANDURBAR(DISTRICT COLLECTOR NANDURBAR_IDA),ADV GOWAAL KAGADA PADAVI,NANDURBAR(ST),Street lights,2026-07-16,SWAMI POWERTECH,Payment Success,169529.0,MPLADS eSAKSHI Public Dashboard
PAY-00900,WS/MP18126/2025-2026/236156,Maharashtra,NANDURBAR(DISTRICT COLLECTOR NANDURBAR_IDA),ADV GOWAAL KAGADA PADAVI,NANDURBAR(ST),Street lights,2026-07-16,SWAMI POWERTECH,Payment Success,169529.0,MPLADS eSAKSHI Public Dashboard
PAY-00901,WS/MP18126/2025-2026/236157,Maharashtra,NANDURBAR(DISTRICT COLLECTOR NANDURBAR_IDA),ADV GOWAAL KAGADA PADAVI,NANDURBAR(ST),Street lights,2026-07-16,SWAMI POWERTECH,Payment Success,169529.0,MPLADS eSAKSHI Public Dashboard
PAY-00902,WS/MP18126/2025-2026/236158,Maharashtra,NANDURBAR(DISTRICT COLLECTOR NANDURBAR_IDA),ADV GOWAAL KAGADA PADAVI,NANDURBAR(ST),Street lights,2026-07-16,SWAMI POWERTECH,Payment Success,169529.0,MPLADS eSAKSHI Public Dashboard
PAY-00903,WS/MP18126/2025-2026/236159,Maharashtra,NANDURBAR(DISTRICT COLLECTOR NANDURBAR_IDA),ADV GOWAAL KAGADA PADAVI,NANDURBAR(ST),Street lights,2026-07-16,SWAMI POWERTECH,Payment Success,169529.0,MPLADS eSAKSHI Public Dashboard
PAY-00904,WS/MP18126/2025-2026/236160,Maharashtra,NANDURBAR(DISTRICT COLLECTOR NANDURBAR_IDA),ADV GOWAAL KAGADA PADAVI,NANDURBAR(ST),Street lights,2026-07-16,SWAMI POWERTECH,Payment Success,169529.0,MPLADS eSAKSHI Public Dashboard
PAY-00905,WS/MP18126/2025-2026/236161,Maharashtra,NANDURBAR(DISTRICT COLLECTOR NANDURBAR_IDA),ADV GOWAAL KAGADA PADAVI,NANDURBAR(ST),Street lights,2026-07-16,SWAMI POWERTECH,Payment Success,169529.0,MPLADS eSAKSHI Public Dashboard
PAY-00906,WS/MP18126/2025-2026/236162,Maharashtra,NANDURBAR(DISTRICT COLLECTOR NANDURBAR_IDA),ADV GOWAAL KAGADA PADAVI,NANDURBAR(ST),Street lights,2026-07-16,SWAMI POWERTECH,Payment Success,169529.0,MPLADS eSAKSHI Public Dashboard
PAY-00907,WS/MP18126/2025-2026/236163,Maharashtra,NANDURBAR(DISTRICT COLLECTOR NANDURBAR_IDA),ADV GOWAAL KAGADA PADAVI,NANDURBAR(ST),Street lights,2026-07-16,SWAMI POWERTECH,Payment Success,169529.0,MPLADS eSAKSHI Public Dashboard
PAY-00908,WS/MP18126/2025-2026/236164,Maharashtra,NANDURBAR(DISTRICT COLLECTOR NANDURBAR_IDA),ADV GOWAAL KAGADA PADAVI,NANDURBAR(ST),Street lights,2026-07-16,SWAMI POWERTECH,Payment Success,169529.0,MPLADS eSAKSHI Public Dashboard
PAY-00909,WS/MP18126/2025-2026/236165,Maharashtra,NANDURBAR(DISTRICT COLLECTOR NANDURBAR_IDA),ADV GOWAAL KAGADA PADAVI,NANDURBAR(ST),Street lights,2026-07-16,SWAMI POWERTECH,Payment Success,169529.0,MPLADS eSAKSHI Public Dashboard
PAY-00910,WS/MP18126/2025-2026/236166,Maharashtra,NANDURBAR(DISTRICT COLLECTOR NANDURBAR_IDA),ADV GOWAAL KAGADA PADAVI,NANDURBAR(ST),Street lights,2026-07-16,SWAMI POWERTECH,Payment Success,169529.0,MPLADS eSAKSHI Public Dashboard
PAY-00911,WS/MP18126/2025-2026/236167,Maharashtra,NANDURBAR(DISTRICT COLLECTOR NANDURBAR_IDA),ADV GOWAAL KAGADA PADAVI,NANDURBAR(ST),Street lights,2026-07-16,SWAMI POWERTECH,Payment Success,169529.0,MPLADS eSAKSHI Public Dashboard
PAY-00912,WS/MP18126/2025-2026/236168,Maharashtra,NANDURBAR(DISTRICT COLLECTOR NANDURBAR_IDA),ADV GOWAAL KAGADA PADAVI,NANDURBAR(ST),Street lights,2026-07-16,SWAMI POWERTECH,Payment Success,169529.0,MPLADS eSAKSHI Public Dashboard
PAY-00913,WS/MP18126/2025-2026/236169,Maharashtra,NANDURBAR(DISTRICT COLLECTOR NANDURBAR_IDA),ADV GOWAAL KAGADA PADAVI,NANDURBAR(ST),Street lights,2026-07-16,SWAMI POWERTECH,Payment Success,169529.0,MPLADS eSAKSHI Public Dashboard
PAY-00914,WS/MP18126/2025-2026/236170,Maharashtra,NANDURBAR(DISTRICT COLLECTOR NANDURBAR_IDA),ADV GOWAAL KAGADA PADAVI,NANDURBAR(ST),Street lights,2026-07-16,SWAMI POWERTECH,Payment Success,169529.0,MPLADS eSAKSHI Public Dashboard
PAY-00915,WS/MP18126/2025-2026/236171,Maharashtra,NANDURBAR(DISTRICT COLLECTOR NANDURBAR_IDA),ADV GOWAAL KAGADA PADAVI,NANDURBAR(ST),Street lights,2026-07-16,SWAMI POWERTECH,Payment Success,169529.0,MPLADS eSAKSHI Public Dashboard
PAY-00916,WS/MP18126/2025-2026/236172,Maharashtra,NANDURBAR(DISTRICT COLLECTOR NANDURBAR_IDA),ADV GOWAAL KAGADA PADAVI,NANDURBAR(ST),Street lights,2026-07-16,SWAMI POWERTECH,Payment Success,169529.0,MPLADS eSAKSHI Public Dashboard
PAY-00917,WS/MP18126/2025-2026/236173,Maharashtra,NANDURBAR(DISTRICT COLLECTOR NANDURBAR_IDA),ADV GOWAAL KAGADA PADAVI,NANDURBAR(ST),Street lights,2026-07-16,SWAMI POWERTECH,Payment Success,169529.0,MPLADS eSAKSHI Public Dashboard
PAY-00918,WS/MP18126/2025-2026/236174,Maharashtra,NANDURBAR(DISTRICT COLLECTOR NANDURBAR_IDA),ADV GOWAAL KAGADA PADAVI,NANDURBAR(ST),Street lights,2026-07-16,SWAMI POWERTECH,Payment Success,169529.0,MPLADS eSAKSHI Public Dashboard
PAY-00919,WS/MP18126/2025-2026/236184,Maharashtra,NANDURBAR(DISTRICT COLLECTOR NANDURBAR_IDA),ADV GOWAAL KAGADA PADAVI,NANDURBAR(ST),Street lights,2026-07-20,SWAMI POWERTECH,Payment Success,169529.0,MPLADS eSAKSHI Public Dashboard
PAY-00920,WS/MP18126/2025-2026/236185,Maharashtra,NANDURBAR(DISTRICT COLLECTOR NANDURBAR_IDA),ADV GOWAAL KAGADA PADAVI,NANDURBAR(ST),Street lights,2026-07-20,SWAMI POWERTECH,Payment Success,169529.0,MPLADS eSAKSHI Public Dashboard
PAY-00921,WS/MP18126/2025-2026/236186,Maharashtra,NANDURBAR(DISTRICT COLLECTOR NANDURBAR_IDA),ADV GOWAAL KAGADA PADAVI,NANDURBAR(ST),Street lights,2026-07-20,SWAMI POWERTECH,Payment Success,169529.0,MPLADS eSAKSHI Public Dashboard
PAY-00922,WS/MP18126/2025-2026/236187,Maharashtra,NANDURBAR(DISTRICT COLLECTOR NANDURBAR_IDA),ADV GOWAAL KAGADA PADAVI,NANDURBAR(ST),Street lights,2026-07-20,SWAMI POWERTECH,Payment Success,169529.0,MPLADS eSAKSHI Public Dashboard
PAY-00923,WS/MP18126/2025-2026/236188,Maharashtra,NANDURBAR(DISTRICT COLLECTOR NANDURBAR_IDA),ADV GOWAAL KAGADA PADAVI,NANDURBAR(ST),Street lights,2026-07-20,SWAMI POWERTECH,Payment Success,169529.0,MPLADS eSAKSHI Public Dashboard
PAY-00924,WS/MP18126/2025-2026/236189,Maharashtra,NANDURBAR(DISTRICT COLLECTOR NANDURBAR_IDA),ADV GOWAAL KAGADA PADAVI,NANDURBAR(ST),Street lights,2026-07-20,SWAMI POWERTECH,Payment Success,169529.0,MPLADS eSAKSHI Public Dashboard
PAY-00925,WS/MP18126/2025-2026/236190,Maharashtra,NANDURBAR(DISTRICT COLLECTOR NANDURBAR_IDA),ADV GOWAAL KAGADA PADAVI,NANDURBAR(ST),Street lights,2026-07-20,SWAMI POWERTECH,Payment Success,169529.0,MPLADS eSAKSHI Public Dashboard
PAY-00926,WS/MP18126/2025-2026/236191,Maharashtra,NANDURBAR(DISTRICT COLLECTOR NANDURBAR_IDA),ADV GOWAAL KAGADA PADAVI,NANDURBAR(ST),Street lights,2026-07-20,SWAMI POWERTECH,Payment Success,169529.0,MPLADS eSAKSHI Public Dashboard
PAY-00927,WS/MP18126/2025-2026/236192,Maharashtra,NANDURBAR(DISTRICT COLLECTOR NANDURBAR_IDA),ADV GOWAAL KAGADA PADAVI,NANDURBAR(ST),Street lights,2026-07-20,SWAMI POWERTECH,Payment Success,169529.0,MPLADS eSAKSHI Public Dashboard
PAY-00928,WS/MP18126/2025-2026/236193,Maharashtra,NANDURBAR(DISTRICT COLLECTOR NANDURBAR_IDA),ADV GOWAAL KAGADA PADAVI,NANDURBAR(ST),Street lights,2026-07-20,SWAMI POWERTECH,Payment Success,169529.0,MPLADS eSAKSHI Public Dashboard
PAY-00929,WS/MP18126/2025-2026/236194,Maharashtra,NANDURBAR(DISTRICT COLLECTOR NANDURBAR_IDA),ADV GOWAAL KAGADA PADAVI,NANDURBAR(ST),Street lights,2026-07-20,SWAMI POWERTECH,Payment Success,169529.0,MPLADS eSAKSHI Public Dashboard
PAY-00930,WS/MP18126/2025-2026/236195,Maharashtra,NANDURBAR(DISTRICT COLLECTOR NANDURBAR_IDA),ADV GOWAAL KAGADA PADAVI,NANDURBAR(ST),Street lights,2026-07-20,SWAMI POWERTECH,Payment Success,169529.0,MPLADS eSAKSHI Public Dashboard
PAY-00931,WS/MP18126/2025-2026/236196,Maharashtra,NANDURBAR(DISTRICT COLLECTOR NANDURBAR_IDA),ADV GOWAAL KAGADA PADAVI,NANDURBAR(ST),Street lights,2026-07-20,SWAMI POWERTECH,Payment Success,169529.0,MPLADS eSAKSHI Public Dashboard
PAY-00932,WS/MP18126/2025-2026/236197,Maharashtra,NANDURBAR(DISTRICT COLLECTOR NANDURBAR_IDA),ADV GOWAAL KAGADA PADAVI,NANDURBAR(ST),Street lights,2026-07-20,SWAMI POWERTECH,Payment Success,169529.0,MPLADS eSAKSHI Public Dashboard
PAY-00933,WS/MP18126/2025-2026/236198,Maharashtra,NANDURBAR(DISTRICT COLLECTOR NANDURBAR_IDA),ADV GOWAAL KAGADA PADAVI,NANDURBAR(ST),Street lights,2026-07-20,SWAMI POWERTECH,Payment Success,169529.0,MPLADS eSAKSHI Public Dashboard
PAY-00934,WS/MP18126/2025-2026/236199,Maharashtra,NANDURBAR(DISTRICT COLLECTOR NANDURBAR_IDA),ADV GOWAAL KAGADA PADAVI,NANDURBAR(ST),Street lights,2026-07-20,SWAMI POWERTECH,Payment Success,169529.0,MPLADS eSAKSHI Public Dashboard
PAY-00935,WS/MP18126/2025-2026/236200,Maharashtra,NANDURBAR(DISTRICT COLLECTOR NANDURBAR_IDA),ADV GOWAAL KAGADA PADAVI,NANDURBAR(ST),Street lights,2026-07-20,SWAMI POWERTECH,Payment Success,169529.0,MPLADS eSAKSHI Public Dashboard
PAY-00936,WS/MP18126/2025-2026/236201,Maharashtra,NANDURBAR(DISTRICT COLLECTOR NANDURBAR_IDA),ADV GOWAAL KAGADA PADAVI,NANDURBAR(ST),Street lights,2026-07-20,SWAMI POWERTECH,Payment Success,169529.0,MPLADS eSAKSHI Public Dashboard
PAY-00937,WS/MP18126/2025-2026/236202,Maharashtra,NANDURBAR(DISTRICT COLLECTOR NANDURBAR_IDA),ADV GOWAAL KAGADA PADAVI,NANDURBAR(ST),Street lights,2026-07-20,SWAMI POWERTECH,Payment Success,169529.0,MPLADS eSAKSHI Public Dashboard
PAY-00938,WS/MP18126/2025-2026/236203,Maharashtra,NANDURBAR(DISTRICT COLLECTOR NANDURBAR_IDA),ADV GOWAAL KAGADA PADAVI,NANDURBAR(ST),Street lights,2026-07-20,SWAMI POWERTECH,Payment Success,169529.0,MPLADS eSAKSHI Public Dashboard
PAY-00939,WS/MP18126/2025-2026/236204,Maharashtra,NANDURBAR(DISTRICT COLLECTOR NANDURBAR_IDA),ADV GOWAAL KAGADA PADAVI,NANDURBAR(ST),Street lights,2026-07-20,SWAMI POWERTECH,Payment Success,169529.0,MPLADS eSAKSHI Public Dashboard
PAY-00940,WS/MP18126/2025-2026/236205,Maharashtra,NANDURBAR(DISTRICT COLLECTOR NANDURBAR_IDA),ADV GOWAAL KAGADA PADAVI,NANDURBAR(ST),Street lights,2026-07-20,SWAMI POWERTECH,Payment Success,169529.0,MPLADS eSAKSHI Public Dashboard
PAY-00941,WS/MP18126/2025-2026/236206,Maharashtra,NANDURBAR(DISTRICT COLLECTOR NANDURBAR_IDA),ADV GOWAAL KAGADA PADAVI,NANDURBAR(ST),Street lights,2026-07-20,SWAMI POWERTECH,Payment Success,169529.0,MPLADS eSAKSHI Public Dashboard
PAY-00942,WS/MP18126/2025-2026/236207,Maharashtra,NANDURBAR(DISTRICT COLLECTOR NANDURBAR_IDA),ADV GOWAAL KAGADA PADAVI,NANDURBAR(ST),Street lights,2026-07-20,SWAMI POWERTECH,Payment Success,169529.0,MPLADS eSAKSHI Public Dashboard
PAY-00943,WS/MP18126/2025-2026/236208,Maharashtra,NANDURBAR(DISTRICT COLLECTOR NANDURBAR_IDA),ADV GOWAAL KAGADA PADAVI,NANDURBAR(ST),Street lights,2026-07-20,SWAMI POWERTECH,Payment Success,169529.0,MPLADS eSAKSHI Public Dashboard
PAY-00944,WS/MP18126/2025-2026/236209,Maharashtra,NANDURBAR(DISTRICT COLLECTOR NANDURBAR_IDA),ADV GOWAAL KAGADA PADAVI,NANDURBAR(ST),Street lights,2026-07-20,SWAMI POWERTECH,Payment Success,169529.0,MPLADS eSAKSHI Public Dashboard
PAY-00945,WS/MP18126/2025-2026/236210,Maharashtra,NANDURBAR(DISTRICT COLLECTOR NANDURBAR_IDA),ADV GOWAAL KAGADA PADAVI,NANDURBAR(ST),Street lights,2026-07-20,SWAMI POWERTECH,Payment Success,169529.0,MPLADS eSAKSHI Public Dashboard
PAY-00946,WS/MP18126/2025-2026/236211,Maharashtra,NANDURBAR(DISTRICT COLLECTOR NANDURBAR_IDA),ADV GOWAAL KAGADA PADAVI,NANDURBAR(ST),Street lights,2026-07-20,SWAMI POWERTECH,Payment Success,169529.0,MPLADS eSAKSHI Public Dashboard
PAY-00947,WS/MP18126/2025-2026/236212,Maharashtra,NANDURBAR(DISTRICT COLLECTOR NANDURBAR_IDA),ADV GOWAAL KAGADA PADAVI,NANDURBAR(ST),Street lights,2026-07-20,SWAMI POWERTECH,Payment Success,169529.0,MPLADS eSAKSHI Public Dashboard
PAY-00948,WS/MP18126/2025-2026/236213,Maharashtra,NANDURBAR(DISTRICT COLLECTOR NANDURBAR_IDA),ADV GOWAAL KAGADA PADAVI,NANDURBAR(ST),Street lights,2026-07-20,SWAMI POWERTECH,Payment Success,169529.0,MPLADS eSAKSHI Public Dashboard
PAY-00949,WS/MP18126/2025-2026/236214,Maharashtra,NANDURBAR(DISTRICT COLLECTOR NANDURBAR_IDA),ADV GOWAAL KAGADA PADAVI,NANDURBAR(ST),Street lights,2026-07-20,SWAMI POWERTECH,Payment Success,169529.0,MPLADS eSAKSHI Public Dashboard
PAY-00950,WS/MP18126/2025-2026/236215,Maharashtra,NANDURBAR(DISTRICT COLLECTOR NANDURBAR_IDA),ADV GOWAAL KAGADA PADAVI,NANDURBAR(ST),Street lights,2026-07-20,SWAMI POWERTECH,Payment Success,169529.0,MPLADS eSAKSHI Public Dashboard
PAY-00951,WS/MP18126/2025-2026/236216,Maharashtra,NANDURBAR(DISTRICT COLLECTOR NANDURBAR_IDA),ADV GOWAAL KAGADA PADAVI,NANDURBAR(ST),Street lights,2026-07-20,SWAMI POWERTECH,Payment Success,169529.0,MPLADS eSAKSHI Public Dashboard
PAY-00952,WS/MP18126/2025-2026/236217,Maharashtra,NANDURBAR(DISTRICT COLLECTOR NANDURBAR_IDA),ADV GOWAAL KAGADA PADAVI,NANDURBAR(ST),Street lights,2026-07-20,SWAMI POWERTECH,Payment Success,169529.0,MPLADS eSAKSHI Public Dashboard
PAY-00953,WS/MP18126/2025-2026/236218,Maharashtra,NANDURBAR(DISTRICT COLLECTOR NANDURBAR_IDA),ADV GOWAAL KAGADA PADAVI,NANDURBAR(ST),Street lights,2026-07-20,SWAMI POWERTECH,Payment Success,169529.0,MPLADS eSAKSHI Public Dashboard
PAY-00954,WS/MP18126/2025-2026/236219,Maharashtra,NANDURBAR(DISTRICT COLLECTOR NANDURBAR_IDA),ADV GOWAAL KAGADA PADAVI,NANDURBAR(ST),Street lights,2026-07-20,SWAMI POWERTECH,Payment Success,169529.0,MPLADS eSAKSHI Public Dashboard
PAY-00955,WS/MP18126/2025-2026/236220,Maharashtra,NANDURBAR(DISTRICT COLLECTOR NANDURBAR_IDA),ADV GOWAAL KAGADA PADAVI,NANDURBAR(ST),Street lights,2026-07-20,SWAMI POWERTECH,Payment Success,169529.0,MPLADS eSAKSHI Public Dashboard
PAY-00956,WS/MP18126/2025-2026/236243,Maharashtra,DHULE(DISTRICT COLLECTOR DHULE_IDA),ADV GOWAAL KAGADA PADAVI,NANDURBAR(ST),Street lights,2026-07-30,SHRI GANESH ELECTRICAL AND CONTRACTER,Payment Success,169530.0,MPLADS eSAKSHI Public Dashboard
PAY-00957,WS/MP18126/2025-2026/236244,Maharashtra,DHULE(DISTRICT COLLECTOR DHULE_IDA),ADV GOWAAL KAGADA PADAVI,NANDURBAR(ST),Street lights,2026-07-30,SHRI GANESH ELECTRICAL AND CONTRACTER,Payment Success,169530.0,MPLADS eSAKSHI Public Dashboard
PAY-00958,WS/MP18126/2025-2026/236245,Maharashtra,DHULE(DISTRICT COLLECTOR DHULE_IDA),ADV GOWAAL KAGADA PADAVI,NANDURBAR(ST),Street lights,2026-08-04,SHRI GANESH ELECTRICAL AND CONTRACTER,Payment Success,169530.0,MPLADS eSAKSHI Public Dashboard
PAY-00959,WS/MP18126/2025-2026/236246,Maharashtra,DHULE(DISTRICT COLLECTOR DHULE_IDA),ADV GOWAAL KAGADA PADAVI,NANDURBAR(ST),Street lights,2026-07-30,SHRI GANESH ELECTRICAL AND CONTRACTER,Payment Success,169530.0,MPLADS eSAKSHI Public Dashboard
PAY-00960,WS/MP18126/2025-2026/236247,Maharashtra,DHULE(DISTRICT COLLECTOR DHULE_IDA),ADV GOWAAL KAGADA PADAVI,NANDURBAR(ST),Street lights,2026-07-30,SHRI GANESH ELECTRICAL AND CONTRACTER,Payment Success,169530.0,MPLADS eSAKSHI Public Dashboard
PAY-00961,WS/MP18126/2025-2026/236248,Maharashtra,DHULE(DISTRICT COLLECTOR DHULE_IDA),ADV GOWAAL KAGADA PADAVI,NANDURBAR(ST),Street lights,2026-07-30,SHRI GANESH ELECTRICAL AND CONTRACTER,Payment Success,169530.0,MPLADS eSAKSHI Public Dashboard
PAY-00962,WS/MP18126/2025-2026/236249,Maharashtra,DHULE(DISTRICT COLLECTOR DHULE_IDA),ADV GOWAAL KAGADA PADAVI,NANDURBAR(ST),Street lights,2026-07-30,SHRI GANESH ELECTRICAL AND CONTRACTER,Payment Success,169530.0,MPLADS eSAKSHI Public Dashboard
PAY-00963,WS/MP18126/2025-2026/236250,Maharashtra,DHULE(DISTRICT COLLECTOR DHULE_IDA),ADV GOWAAL KAGADA PADAVI,NANDURBAR(ST),Street lights,2026-07-30,SWAMI POWERTECH,Payment Success,169530.0,MPLADS eSAKSHI Public Dashboard
PAY-00964,WS/MP18126/2025-2026/236251,Maharashtra,DHULE(DISTRICT COLLECTOR DHULE_IDA),ADV GOWAAL KAGADA PADAVI,NANDURBAR(ST),Street lights,2026-07-30,SWAMI POWERTECH,Payment Success,169530.0,MPLADS eSAKSHI Public Dashboard
PAY-00965,WS/MP18126/2025-2026/236252,Maharashtra,DHULE(DISTRICT COLLECTOR DHULE_IDA),ADV GOWAAL KAGADA PADAVI,NANDURBAR(ST),Street lights,2026-07-30,SWAMI POWERTECH,Payment Success,169530.0,MPLADS eSAKSHI Public Dashboard
PAY-00966,WS/MP18126/2025-2026/236253,Maharashtra,DHULE(DISTRICT COLLECTOR DHULE_IDA),ADV GOWAAL KAGADA PADAVI,NANDURBAR(ST),Street lights,2026-07-30,SWAMI POWERTECH,Payment Success,169530.0,MPLADS eSAKSHI Public Dashboard
PAY-00967,WS/MP18126/2025-2026/236254,Maharashtra,DHULE(DISTRICT COLLECTOR DHULE_IDA),ADV GOWAAL KAGADA PADAVI,NANDURBAR(ST),Street lights,2026-07-30,SWAMI POWERTECH,Payment Success,169530.0,MPLADS eSAKSHI Public Dashboard
PAY-00968,WS/MP18126/2025-2026/236255,Maharashtra,DHULE(DISTRICT COLLECTOR DHULE_IDA),ADV GOWAAL KAGADA PADAVI,NANDURBAR(ST),Street lights,2026-07-30,SWAMI POWERTECH,Payment Success,169530.0,MPLADS eSAKSHI Public Dashboard
PAY-00969,WS/MP18126/2025-2026/236256,Maharashtra,DHULE(DISTRICT COLLECTOR DHULE_IDA),ADV GOWAAL KAGADA PADAVI,NANDURBAR(ST),Street lights,2026-07-30,SWAMI POWERTECH,Payment Success,169530.0,MPLADS eSAKSHI Public Dashboard
PAY-00970,WS/MP18126/2025-2026/236257,Maharashtra,DHULE(DISTRICT COLLECTOR DHULE_IDA),ADV GOWAAL KAGADA PADAVI,NANDURBAR(ST),Street lights,2026-07-30,SWAMI POWERTECH,Payment Success,169530.0,MPLADS eSAKSHI Public Dashboard
PAY-00971,WS/MP18126/2025-2026/236258,Maharashtra,DHULE(DISTRICT COLLECTOR DHULE_IDA),ADV GOWAAL KAGADA PADAVI,NANDURBAR(ST),Street lights,2026-07-30,SWAMI POWERTECH,Payment Success,169530.0,MPLADS eSAKSHI Public Dashboard
PAY-00972,WS/MP18126/2025-2026/236259,Maharashtra,DHULE(DISTRICT COLLECTOR DHULE_IDA),ADV GOWAAL KAGADA PADAVI,NANDURBAR(ST),Street lights,2026-07-30,SWAMI POWERTECH,Payment Success,169530.0,MPLADS eSAKSHI Public Dashboard
PAY-00973,WS/MP18126/2025-2026/236260,Maharashtra,DHULE(DISTRICT COLLECTOR DHULE_IDA),ADV GOWAAL KAGADA PADAVI,NANDURBAR(ST),Street lights,2026-07-30,SWAMI POWERTECH,Payment Success,169530.0,MPLADS eSAKSHI Public Dashboard
PAY-00974,WS/MP18126/2025-2026/236261,Maharashtra,DHULE(DISTRICT COLLECTOR DHULE_IDA),ADV GOWAAL KAGADA PADAVI,NANDURBAR(ST),Street lights,2026-07-30,SWAMI POWERTECH,Payment Success,169530.0,MPLADS eSAKSHI Public Dashboard
PAY-00975,WS/MP18126/2025-2026/236262,Maharashtra,DHULE(DISTRICT COLLECTOR DHULE_IDA),ADV GOWAAL KAGADA PADAVI,NANDURBAR(ST),Street lights,2026-07-30,SWAMI POWERTECH,Payment Success,169530.0,MPLADS eSAKSHI Public Dashboard
PAY-00976,WS/MP18126/2025-2026/236263,Maharashtra,DHULE(DISTRICT COLLECTOR DHULE_IDA),ADV GOWAAL KAGADA PADAVI,NANDURBAR(ST),Street lights,2026-07-30,SWAMI POWERTECH,Payment Success,169530.0,MPLADS eSAKSHI Public Dashboard
PAY-00977,WS/MP18126/2025-2026/236264,Maharashtra,DHULE(DISTRICT COLLECTOR DHULE_IDA),ADV GOWAAL KAGADA PADAVI,NANDURBAR(ST),Street lights,2026-07-30,SWAMI POWERTECH,Payment Success,169530.0,MPLADS eSAKSHI Public Dashboard
PAY-00978,WS/MP18126/2025-2026/236265,Maharashtra,DHULE(DISTRICT COLLECTOR DHULE_IDA),ADV GOWAAL KAGADA PADAVI,NANDURBAR(ST),Street lights,2026-07-30,SWAMI POWERTECH,Payment Success,169530.0,MPLADS eSAKSHI Public Dashboard
PAY-00979,WS/MP18126/2025-2026/236266,Maharashtra,DHULE(DISTRICT COLLECTOR DHULE_IDA),ADV GOWAAL KAGADA PADAVI,NANDURBAR(ST),Street lights,2026-07-30,SWAMI POWERTECH,Payment Success,169530.0,MPLADS eSAKSHI Public Dashboard
PAY-00980,WS/MP18126/2025-2026/236267,Maharashtra,DHULE(DISTRICT COLLECTOR DHULE_IDA),ADV GOWAAL KAGADA PADAVI,NANDURBAR(ST),Street lights,2026-07-30,SWAMI POWERTECH,Payment Success,169530.0,MPLADS eSAKSHI Public Dashboard
PAY-00981,WS/MP18126/2025-2026/236268,Maharashtra,DHULE(DISTRICT COLLECTOR DHULE_IDA),ADV GOWAAL KAGADA PADAVI,NANDURBAR(ST),Street lights,2026-07-30,SWAMI POWERTECH,Payment Success,169530.0,MPLADS eSAKSHI Public Dashboard
PAY-00982,WS/MP18126/2025-2026/236269,Maharashtra,DHULE(DISTRICT COLLECTOR DHULE_IDA),ADV GOWAAL KAGADA PADAVI,NANDURBAR(ST),Street lights,2026-07-30,SWAMI POWERTECH,Payment Success,169530.0,MPLADS eSAKSHI Public Dashboard
PAY-00983,WS/MP18126/2025-2026/236270,Maharashtra,DHULE(DISTRICT COLLECTOR DHULE_IDA),ADV GOWAAL KAGADA PADAVI,NANDURBAR(ST),Street lights,2026-07-30,VISHWESHWARI ELECTRICALS,Payment Success,169530.0,MPLADS eSAKSHI Public Dashboard
PAY-00984,WS/MP18126/2025-2026/236271,Maharashtra,DHULE(DISTRICT COLLECTOR DHULE_IDA),ADV GOWAAL KAGADA PADAVI,NANDURBAR(ST),Street lights,2026-08-04,VISHWESHWARI ELECTRICALS,Payment Success,169530.0,MPLADS eSAKSHI Public Dashboard
PAY-00985,WS/MP18126/2025-2026/236272,Maharashtra,DHULE(DISTRICT COLLECTOR DHULE_IDA),ADV GOWAAL KAGADA PADAVI,NANDURBAR(ST),Street lights,2026-07-30,VISHWESHWARI ELECTRICALS,Payment Success,169530.0,MPLADS eSAKSHI Public Dashboard
PAY-00986,WS/MP18126/2025-2026/236273,Maharashtra,DHULE(DISTRICT COLLECTOR DHULE_IDA),ADV GOWAAL KAGADA PADAVI,NANDURBAR(ST),Street lights,2026-07-30,VISHWESHWARI ELECTRICALS,Payment Success,169530.0,MPLADS eSAKSHI Public Dashboard
PAY-00987,WS/MP18126/2025-2026/236274,Maharashtra,DHULE(DISTRICT COLLECTOR DHULE_IDA),ADV GOWAAL KAGADA PADAVI,NANDURBAR(ST),Street lights,2026-07-30,VISHWESHWARI ELECTRICALS,Payment Success,169530.0,MPLADS eSAKSHI Public Dashboard
PAY-00988,WS/MP18126/2025-2026/236275,Maharashtra,DHULE(DISTRICT COLLECTOR DHULE_IDA),ADV GOWAAL KAGADA PADAVI,NANDURBAR(ST),Street lights,2026-07-30,VISHWESHWARI ELECTRICALS,Payment Success,169530.0,MPLADS eSAKSHI Public Dashboard
PAY-00989,WS/MP18126/2025-2026/236276,Maharashtra,DHULE(DISTRICT COLLECTOR DHULE_IDA),ADV GOWAAL KAGADA PADAVI,NANDURBAR(ST),Street lights,2026-07-30,VISHWESHWARI ELECTRICALS,Payment Success,169530.0,MPLADS eSAKSHI Public Dashboard
PAY-00990,WS/MP18126/2025-2026/236277,Maharashtra,DHULE(DISTRICT COLLECTOR DHULE_IDA),ADV GOWAAL KAGADA PADAVI,NANDURBAR(ST),Street lights,2026-08-04,VISHWESHWARI ELECTRICALS,Payment Success,169530.0,MPLADS eSAKSHI Public Dashboard
PAY-00991,WS/MP18126/2025-2026/236278,Maharashtra,DHULE(DISTRICT COLLECTOR DHULE_IDA),ADV GOWAAL KAGADA PADAVI,NANDURBAR(ST),Street lights,2026-07-30,VISHWESHWARI ELECTRICALS,Payment Success,169530.0,MPLADS eSAKSHI Public Dashboard
PAY-00992,WS/MP18126/2025-2026/236279,Maharashtra,DHULE(DISTRICT COLLECTOR DHULE_IDA),ADV GOWAAL KAGADA PADAVI,NANDURBAR(ST),Street lights,2026-07-30,VISHWESHWARI ELECTRICALS,Payment Success,169530.0,MPLADS eSAKSHI Public Dashboard
PAY-00993,WS/MP18126/2025-2026/236280,Maharashtra,DHULE(DISTRICT COLLECTOR DHULE_IDA),ADV GOWAAL KAGADA PADAVI,NANDURBAR(ST),Street lights,2026-07-30,VISHWESHWARI ELECTRICALS,Payment Success,169530.0,MPLADS eSAKSHI Public Dashboard
PAY-00994,WS/MP18126/2025-2026/236281,Maharashtra,DHULE(DISTRICT COLLECTOR DHULE_IDA),ADV GOWAAL KAGADA PADAVI,NANDURBAR(ST),Street lights,2026-07-30,VISHWESHWARI ELECTRICALS,Payment Success,169530.0,MPLADS eSAKSHI Public Dashboard
PAY-00995,WS/MP18126/2025-2026/236282,Maharashtra,DHULE(DISTRICT COLLECTOR DHULE_IDA),ADV GOWAAL KAGADA PADAVI,NANDURBAR(ST),Street lights,2026-07-30,VISHWESHWARI ELECTRICALS,Payment Success,169530.0,MPLADS eSAKSHI Public Dashboard
PAY-00996,WS/MP18126/2025-2026/236283,Maharashtra,DHULE(DISTRICT COLLECTOR DHULE_IDA),ADV GOWAAL KAGADA PADAVI,NANDURBAR(ST),Street lights,2026-07-30,VISHWESHWARI ELECTRICALS,Payment Success,169530.0,MPLADS eSAKSHI Public Dashboard
PAY-00997,WS/MP18126/2025-2026/236284,Maharashtra,DHULE(DISTRICT COLLECTOR DHULE_IDA),ADV GOWAAL KAGADA PADAVI,NANDURBAR(ST),Street lights,2026-07-30,VISHWESHWARI ELECTRICALS,Payment Success,169530.0,MPLADS eSAKSHI Public Dashboard
PAY-00998,WS/MP18126/2025-2026/236285,Maharashtra,DHULE(DISTRICT COLLECTOR DHULE_IDA),ADV GOWAAL KAGADA PADAVI,NANDURBAR(ST),Street lights,2026-08-04,VISHWESHWARI ELECTRICALS,Payment Success,169530.0,MPLADS eSAKSHI Public Dashboard
PAY-00999,WS/MP18126/2025-2026/236286,Maharashtra,DHULE(DISTRICT COLLECTOR DHULE_IDA),ADV GOWAAL KAGADA PADAVI,NANDURBAR(ST),Street lights,2026-08-05,VISHWESHWARI ELECTRICALS,Payment Success,169530.0,MPLADS eSAKSHI Public Dashboard
PAY-01000,WS/MP18126/2025-2026/236292,Maharashtra,DHULE(DISTRICT COLLECTOR DHULE_IDA),ADV GOWAAL KAGADA PADAVI,NANDURBAR(ST),Street lights,2026-07-30,SHRI GANESH ELECTRICAL AND CONTRACTER,Payment Success,169530.0,MPLADS eSAKSHI Public Dashboard
PAY-01001,WS/MP18126/2025-2026/236293,Maharashtra,DHULE(DISTRICT COLLECTOR DHULE_IDA),ADV GOWAAL KAGADA PADAVI,NANDURBAR(ST),Street lights,2026-07-30,SHRI GANESH ELECTRICAL AND CONTRACTER,Payment Success,169530.0,MPLADS eSAKSHI Public Dashboard
PAY-01002,WS/MP18126/2025-2026/236294,Maharashtra,DHULE(DISTRICT COLLECTOR DHULE_IDA),ADV GOWAAL KAGADA PADAVI,NANDURBAR(ST),Street lights,2026-07-30,SHRI GANESH ELECTRICAL AND CONTRACTER,Payment Success,169530.0,MPLADS eSAKSHI Public Dashboard
PAY-01003,WS/MP18126/2025-2026/236295,Maharashtra,DHULE(DISTRICT COLLECTOR DHULE_IDA),ADV GOWAAL KAGADA PADAVI,NANDURBAR(ST),Street lights,2026-07-30,SHRI GANESH ELECTRICAL AND CONTRACTER,Payment Success,169530.0,MPLADS eSAKSHI Public Dashboard
PAY-01004,WS/MP18126/2025-2026/236296,Maharashtra,DHULE(DISTRICT COLLECTOR DHULE_IDA),ADV GOWAAL KAGADA PADAVI,NANDURBAR(ST),Street lights,2026-07-30,SHRI GANESH ELECTRICAL AND CONTRACTER,Payment Success,169530.0,MPLADS eSAKSHI Public Dashboard
PAY-01005,WS/MP18126/2025-2026/236297,Maharashtra,DHULE(DISTRICT COLLECTOR DHULE_IDA),ADV GOWAAL KAGADA PADAVI,NANDURBAR(ST),Street lights,2026-07-30,SHRI GANESH ELECTRICAL AND CONTRACTER,Payment Success,169530.0,MPLADS eSAKSHI Public Dashboard
PAY-01006,WS/MP18126/2025-2026/236298,Maharashtra,DHULE(DISTRICT COLLECTOR DHULE_IDA),ADV GOWAAL KAGADA PADAVI,NANDURBAR(ST),Street lights,2026-07-30,SHRI GANESH ELECTRICAL AND CONTRACTER,Payment Success,169530.0,MPLADS eSAKSHI Public Dashboard
PAY-01007,WS/MP18126/2025-2026/236299,Maharashtra,DHULE(DISTRICT COLLECTOR DHULE_IDA),ADV GOWAAL KAGADA PADAVI,NANDURBAR(ST),Street lights,2026-07-30,SHRI GANESH ELECTRICAL AND CONTRACTER,Payment Success,169530.0,MPLADS eSAKSHI Public Dashboard
PAY-01008,WS/MP18126/2025-2026/236300,Maharashtra,DHULE(DISTRICT COLLECTOR DHULE_IDA),ADV GOWAAL KAGADA PADAVI,NANDURBAR(ST),Street lights,2026-07-30,SHRI GANESH ELECTRICAL AND CONTRACTER,Payment Success,169530.0,MPLADS eSAKSHI Public Dashboard
PAY-01009,WS/MP18126/2025-2026/236301,Maharashtra,DHULE(DISTRICT COLLECTOR DHULE_IDA),ADV GOWAAL KAGADA PADAVI,NANDURBAR(ST),Street lights,2026-07-30,SHRI GANESH ELECTRICAL AND CONTRACTER,Payment Success,169530.0,MPLADS eSAKSHI Public Dashboard
PAY-01010,WS/MP18126/2025-2026/236302,Maharashtra,DHULE(DISTRICT COLLECTOR DHULE_IDA),ADV GOWAAL KAGADA PADAVI,NANDURBAR(ST),Street lights,2026-07-30,SHRI GANESH ELECTRICAL AND CONTRACTER,Payment Success,169530.0,MPLADS eSAKSHI Public Dashboard
PAY-01011,WS/MP18126/2025-2026/236303,Maharashtra,DHULE(DISTRICT COLLECTOR DHULE_IDA),ADV GOWAAL KAGADA PADAVI,NANDURBAR(ST),Street lights,2026-07-30,SHRI GANESH ELECTRICAL AND CONTRACTER,Payment Success,169530.0,MPLADS eSAKSHI Public Dashboard
PAY-01012,WS/MP18126/2025-2026/236304,Maharashtra,DHULE(DISTRICT COLLECTOR DHULE_IDA),ADV GOWAAL KAGADA PADAVI,NANDURBAR(ST),Street lights,2026-07-30,SHRI GANESH ELECTRICAL AND CONTRACTER,Payment Success,169530.0,MPLADS eSAKSHI Public Dashboard
PAY-01013,WS/MP18126/2025-2026/236305,Maharashtra,DHULE(DISTRICT COLLECTOR DHULE_IDA),ADV GOWAAL KAGADA PADAVI,NANDURBAR(ST),Street lights,2026-07-30,SHRI GANESH ELECTRICAL AND CONTRACTER,Payment Success,169530.0,MPLADS eSAKSHI Public Dashboard
PAY-01014,WS/MP18126/2025-2026/236306,Maharashtra,DHULE(DISTRICT COLLECTOR DHULE_IDA),ADV GOWAAL KAGADA PADAVI,NANDURBAR(ST),Street lights,2026-08-05,VISHWESHWARI ELECTRICALS,Payment Success,169530.0,MPLADS eSAKSHI Public Dashboard
PAY-01015,WS/MP18126/2025-2026/236307,Maharashtra,DHULE(DISTRICT COLLECTOR DHULE_IDA),ADV GOWAAL KAGADA PADAVI,NANDURBAR(ST),Street lights,2026-07-30,SHRI GANESH ELECTRICAL AND CONTRACTER,Payment Success,169530.0,MPLADS eSAKSHI Public Dashboard
PAY-01016,WS/MP18126/2025-2026/236308,Maharashtra,DHULE(DISTRICT COLLECTOR DHULE_IDA),ADV GOWAAL KAGADA PADAVI,NANDURBAR(ST),Street lights,2026-07-30,SHRI GANESH ELECTRICAL AND CONTRACTER,Payment Success,169530.0,MPLADS eSAKSHI Public Dashboard
PAY-01017,WS/MP18126/2025-2026/236309,Maharashtra,DHULE(DISTRICT COLLECTOR DHULE_IDA),ADV GOWAAL KAGADA PADAVI,NANDURBAR(ST),Street lights,2026-07-30,SHRI GANESH ELECTRICAL AND CONTRACTER,Payment Success,169530.0,MPLADS eSAKSHI Public Dashboard
PAY-01018,WS/MP18126/2025-2026/236310,Maharashtra,DHULE(DISTRICT COLLECTOR DHULE_IDA),ADV GOWAAL KAGADA PADAVI,NANDURBAR(ST),Street lights,2026-07-30,SHRI GANESH ELECTRICAL AND CONTRACTER,Payment Success,169530.0,MPLADS eSAKSHI Public Dashboard
PAY-01019,WS/MP18126/2025-2026/236311,Maharashtra,DHULE(DISTRICT COLLECTOR DHULE_IDA),ADV GOWAAL KAGADA PADAVI,NANDURBAR(ST),Street lights,2026-07-30,SHRI GANESH ELECTRICAL AND CONTRACTER,Payment Success,169530.0,MPLADS eSAKSHI Public Dashboard
PAY-01020,WS/MP18126/2025-2026/236312,Maharashtra,DHULE(DISTRICT COLLECTOR DHULE_IDA),ADV GOWAAL KAGADA PADAVI,NANDURBAR(ST),Street lights,2026-07-30,SHRI GANESH ELECTRICAL AND CONTRACTER,Payment Success,169530.0,MPLADS eSAKSHI Public Dashboard
PAY-01021,WS/MP18126/2025-2026/236313,Maharashtra,DHULE(DISTRICT COLLECTOR DHULE_IDA),ADV GOWAAL KAGADA PADAVI,NANDURBAR(ST),Street lights,2026-07-30,SHRI GANESH ELECTRICAL AND CONTRACTER,Payment Success,169530.0,MPLADS eSAKSHI Public Dashboard
PAY-01022,WS/MP18126/2025-2026/236314,Maharashtra,DHULE(DISTRICT COLLECTOR DHULE_IDA),ADV GOWAAL KAGADA PADAVI,NANDURBAR(ST),Street lights,2026-07-30,SHRI GANESH ELECTRICAL AND CONTRACTER,Payment Success,169530.0,MPLADS eSAKSHI Public Dashboard
PAY-01023,WS/MP18126/2025-2026/236315,Maharashtra,DHULE(DISTRICT COLLECTOR DHULE_IDA),ADV GOWAAL KAGADA PADAVI,NANDURBAR(ST),Street lights,2026-07-30,SHRI GANESH ELECTRICAL AND CONTRACTER,Payment Success,169530.0,MPLADS eSAKSHI Public Dashboard
PAY-01024,WS/MP18126/2025-2026/236316,Maharashtra,DHULE(DISTRICT COLLECTOR DHULE_IDA),ADV GOWAAL KAGADA PADAVI,NANDURBAR(ST),Street lights,2026-07-30,SHRI GANESH ELECTRICAL AND CONTRACTER,Payment Success,169530.0,MPLADS eSAKSHI Public Dashboard
PAY-01025,WS/MP18126/2025-2026/236317,Maharashtra,DHULE(DISTRICT COLLECTOR DHULE_IDA),ADV GOWAAL KAGADA PADAVI,NANDURBAR(ST),Street lights,2026-07-30,SHRI GANESH ELECTRICAL AND CONTRACTER,Payment Success,169530.0,MPLADS eSAKSHI Public Dashboard
PAY-01026,WS/MP18126/2025-2026/236318,Maharashtra,DHULE(DISTRICT COLLECTOR DHULE_IDA),ADV GOWAAL KAGADA PADAVI,NANDURBAR(ST),Street lights,2026-07-30,SHRI GANESH ELECTRICAL AND CONTRACTER,Payment Success,169530.0,MPLADS eSAKSHI Public Dashboard
PAY-01027,WS/MP18126/2025-2026/236319,Maharashtra,DHULE(DISTRICT COLLECTOR DHULE_IDA),ADV GOWAAL KAGADA PADAVI,NANDURBAR(ST),Street lights,2026-07-30,SHRI GANESH ELECTRICAL AND CONTRACTER,Payment Success,169530.0,MPLADS eSAKSHI Public Dashboard
PAY-01028,WS/MP18126/2025-2026/236320,Maharashtra,DHULE(DISTRICT COLLECTOR DHULE_IDA),ADV GOWAAL KAGADA PADAVI,NANDURBAR(ST),Street lights,2026-07-30,SHRI GANESH ELECTRICAL AND CONTRACTER,Payment Success,169530.0,MPLADS eSAKSHI Public Dashboard
PAY-01029,WS/MP18126/2025-2026/236321,Maharashtra,DHULE(DISTRICT COLLECTOR DHULE_IDA),ADV GOWAAL KAGADA PADAVI,NANDURBAR(ST),Street lights,2026-07-30,SHRI GANESH ELECTRICAL AND CONTRACTER,Payment Success,169530.0,MPLADS eSAKSHI Public Dashboard
PAY-01030,WS/MP18126/2025-2026/236325,Maharashtra,DHULE(DISTRICT COLLECTOR DHULE_IDA),ADV GOWAAL KAGADA PADAVI,NANDURBAR(ST),Street lights,2026-07-30,SHRI GANESH ELECTRICAL AND CONTRACTER,Payment Success,169530.0,MPLADS eSAKSHI Public Dashboard
PAY-01031,WS/MP18126/2025-2026/266929,Maharashtra,DHULE(DISTRICT COLLECTOR DHULE_IDA),ADV GOWAAL KAGADA PADAVI,NANDURBAR(ST),Street lights,2026-07-30,VISHWESHWARI ELECTRICALS,Payment Success,169530.0,MPLADS eSAKSHI Public Dashboard
PAY-01032,WS/MP18126/2025-2026/266930,Maharashtra,DHULE(DISTRICT COLLECTOR DHULE_IDA),ADV GOWAAL KAGADA PADAVI,NANDURBAR(ST),Street lights,2026-07-30,VISHWESHWARI ELECTRICALS,Payment Success,169530.0,MPLADS eSAKSHI Public Dashboard
PAY-01033,WS/MP18126/2025-2026/266931,Maharashtra,DHULE(DISTRICT COLLECTOR DHULE_IDA),ADV GOWAAL KAGADA PADAVI,NANDURBAR(ST),Street lights,2026-07-30,VISHWESHWARI ELECTRICALS,Payment Success,169530.0,MPLADS eSAKSHI Public Dashboard
PAY-01034,WS/MP18126/2025-2026/266932,Maharashtra,DHULE(DISTRICT COLLECTOR DHULE_IDA),ADV GOWAAL KAGADA PADAVI,NANDURBAR(ST),Street lights,2026-07-30,VISHWESHWARI ELECTRICALS,Payment Success,169530.0,MPLADS eSAKSHI Public Dashboard
PAY-01035,WS/MP18126/2025-2026/266933,Maharashtra,DHULE(DISTRICT COLLECTOR DHULE_IDA),ADV GOWAAL KAGADA PADAVI,NANDURBAR(ST),Street lights,2026-07-30,VISHWESHWARI ELECTRICALS,Payment Success,169530.0,MPLADS eSAKSHI Public Dashboard
PAY-01036,WS/MP18126/2025-2026/266934,Maharashtra,DHULE(DISTRICT COLLECTOR DHULE_IDA),ADV GOWAAL KAGADA PADAVI,NANDURBAR(ST),Street lights,2026-07-30,SHRI GANESH ELECTRICAL AND CONTRACTER,Payment Success,169530.0,MPLADS eSAKSHI Public Dashboard
PAY-01037,WS/MP18126/2025-2026/266935,Maharashtra,DHULE(DISTRICT COLLECTOR DHULE_IDA),ADV GOWAAL KAGADA PADAVI,NANDURBAR(ST),Street lights,2026-07-30,VISHWESHWARI ELECTRICALS,Payment Success,169530.0,MPLADS eSAKSHI Public Dashboard
PAY-01038,WS/MP18126/2025-2026/266936,Maharashtra,DHULE(DISTRICT COLLECTOR DHULE_IDA),ADV GOWAAL KAGADA PADAVI,NANDURBAR(ST),Street lights,2026-07-30,VISHWESHWARI ELECTRICALS,Payment Success,169530.0,MPLADS eSAKSHI Public Dashboard
PAY-01039,WS/MP18126/2025-2026/266937,Maharashtra,DHULE(DISTRICT COLLECTOR DHULE_IDA),ADV GOWAAL KAGADA PADAVI,NANDURBAR(ST),Street lights,2026-07-30,VISHWESHWARI ELECTRICALS,Payment Success,169530.0,MPLADS eSAKSHI Public Dashboard
PAY-01040,WS/MP18126/2025-2026/266938,Maharashtra,DHULE(DISTRICT COLLECTOR DHULE_IDA),ADV GOWAAL KAGADA PADAVI,NANDURBAR(ST),Street lights,2026-07-30,VISHWESHWARI ELECTRICALS,Payment Success,169530.0,MPLADS eSAKSHI Public Dashboard
PAY-01041,WS/MP18117/2025-2026/166250,Maharashtra,DHULE(DISTRICT COLLECTOR DHULE_IDA),BACHHAV SHOBHA DINESH,DHULE,Installing tube-wells and borewells,2026-04-24,RADIANCE ELECTRICALS,Payment Success,878646.0,MPLADS eSAKSHI Public Dashboard
PAY-01042,WS/MP18117/2025-2026/166251,Maharashtra,DHULE(DISTRICT COLLECTOR DHULE_IDA),BACHHAV SHOBHA DINESH,DHULE,"Construction of roads, link roads, pathways or any other road with or without drainage system",2026-03-06,tushar satish rawale,Payment Success,985048.0,MPLADS eSAKSHI Public Dashboard
PAY-01043,WS/MP18117/2025-2026/166253,Maharashtra,DHULE(DISTRICT COLLECTOR DHULE_IDA),BACHHAV SHOBHA DINESH,DHULE,"Construction of roads, link roads, pathways or any other road with or without drainage system",2026-03-06,tushar satish rawale,Payment Success,493028.0,MPLADS eSAKSHI Public Dashboard
PAY-01044,WS/MP18116/2026-2027/229732,Maharashtra,THANE(DISTRICT COLLECTOR THANE_IDA),BALYA MAMA SURESH GOPINATH MHATRE,BHIWANDI,Construction of footpaths and pedestrian ways,2026-07-03,Kiran shashikant Gaikwad,Payment Success,996904.0,MPLADS eSAKSHI Public Dashboard
PAY-01045,WS/MP18116/2026-2027/211811,Maharashtra,THANE(DISTRICT COLLECTOR THANE_IDA),BALYA MAMA SURESH GOPINATH MHATRE,BHIWANDI,Street lights,2026-07-02,jagdamb industries,Payment Success,498686.0,MPLADS eSAKSHI Public Dashboard
PAY-01046,WS/MP18116/2026-2027/211813,Maharashtra,THANE(DISTRICT COLLECTOR THANE_IDA),BALYA MAMA SURESH GOPINATH MHATRE,BHIWANDI,Street lights,2026-07-02,jagdamb industries,Payment Success,498686.0,MPLADS eSAKSHI Public Dashboard
PAY-01047,WS/MP18116/2026-2027/209822,Maharashtra,THANE(DISTRICT COLLECTOR THANE_IDA),BALYA MAMA SURESH GOPINATH MHATRE,BHIWANDI,Lighting of public spaces,2026-07-02,Sachin Shahaji Londhe,Payment Success,498686.0,MPLADS eSAKSHI Public Dashboard
PAY-01048,WS/MP18116/2026-2027/209824,Maharashtra,THANE(DISTRICT COLLECTOR THANE_IDA),BALYA MAMA SURESH GOPINATH MHATRE,BHIWANDI,Lighting of public spaces,2026-07-02,jagdamb industries,Payment Success,498686.0,MPLADS eSAKSHI Public Dashboard
PAY-01049,WS/MP18131/2025-2026/206353,Maharashtra,RATNAGIRI(District Collector Ratnagiri_IDA),NARAYAN TATU RANE,RATNAGIRI-SINDHUDURG,"Construction of roads, link roads, pathways or any other road with or without drainage system",2026-03-24,animesh narendra keer,Payment Success,500000.0,MPLADS eSAKSHI Public Dashboard
PAY-01050,WS/MP18131/2025-2026/206354,Maharashtra,RATNAGIRI(District Collector Ratnagiri_IDA),NARAYAN TATU RANE,RATNAGIRI-SINDHUDURG,"Construction of roads, link roads, pathways or any other road with or without drainage system",2026-06-18,Shramik Kalyan majur sahakari sanstha ltd,Payment Success,750000.0,MPLADS eSAKSHI Public Dashboard
PAY-01051,WS/MP18131/2025-2026/206355,Maharashtra,RATNAGIRI(District Collector Ratnagiri_IDA),NARAYAN TATU RANE,RATNAGIRI-SINDHUDURG,"Construction of roads, link roads, pathways or any other road with or without drainage system",2026-08-06,Bhushan Ramdas Tulsavadekar,Payment Success,500000.0,MPLADS eSAKSHI Public Dashboard
PAY-01052,WS/MP18131/2025-2026/206356,Maharashtra,RATNAGIRI(District Collector Ratnagiri_IDA),NARAYAN TATU RANE,RATNAGIRI-SINDHUDURG,"Construction of roads, link roads, pathways or any other road with or without drainage system",2026-04-13,shantaram vitthal shelke,Payment Success,75000.0,MPLADS eSAKSHI Public Dashboard
PAY-01053,WS/MP18131/2025-2026/206357,Maharashtra,RATNAGIRI(District Collector Ratnagiri_IDA),NARAYAN TATU RANE,RATNAGIRI-SINDHUDURG,"Construction of roads, link roads, pathways or any other road with or without drainage system",2026-04-25,Bhushan Ramdas Tulsavadekar,Payment Success,500000.0,MPLADS eSAKSHI Public Dashboard
PAY-01054,WS/MP18131/2025-2026/206358,Maharashtra,RATNAGIRI(District Collector Ratnagiri_IDA),NARAYAN TATU RANE,RATNAGIRI-SINDHUDURG,"Construction of roads, link roads, pathways or any other road with or without drainage system",2026-06-23,anup narendra gunijan,Payment Success,1000000.0,MPLADS eSAKSHI Public Dashboard
PAY-01055,WS/MP18131/2025-2026/206359,Maharashtra,RATNAGIRI(District Collector Ratnagiri_IDA),NARAYAN TATU RANE,RATNAGIRI-SINDHUDURG,"Construction of roads, link roads, pathways or any other road with or without drainage system",2026-07-02,Bhushan Ramdas Tulsavadekar,Payment Success,500000.0,MPLADS eSAKSHI Public Dashboard
PAY-01056,WS/MP18131/2025-2026/206360,Maharashtra,RATNAGIRI(District Collector Ratnagiri_IDA),NARAYAN TATU RANE,RATNAGIRI-SINDHUDURG,"Construction of roads, link roads, pathways or any other road with or without drainage system",2026-04-25,Bhushan Ramdas Tulsavadekar,Payment Success,500000.0,MPLADS eSAKSHI Public Dashboard
PAY-01057,WS/MP18131/2025-2026/206361,Maharashtra,RATNAGIRI(District Collector Ratnagiri_IDA),NARAYAN TATU RANE,RATNAGIRI-SINDHUDURG,"Construction of roads, link roads, pathways or any other road with or without drainage system",2026-05-04,shramjivi majur sahakari sanstha maryadit raipatan,Payment Success,500000.0,MPLADS eSAKSHI Public Dashboard
PAY-01058,WS/MP18131/2025-2026/206363,Maharashtra,RATNAGIRI(District Collector Ratnagiri_IDA),NARAYAN TATU RANE,RATNAGIRI-SINDHUDURG,"Construction of roads, link roads, pathways or any other road with or without drainage system",2026-07-02,Bhushan Ramdas Tulsavadekar,Payment Success,500000.0,MPLADS eSAKSHI Public Dashboard
PAY-01059,WS/MP18131/2025-2026/206367,Maharashtra,RATNAGIRI(District Collector Ratnagiri_IDA),NARAYAN TATU RANE,RATNAGIRI-SINDHUDURG,Construction of toilet blocks,2026-05-04,siddhesh sadanand vibhute,Payment Success,150000.0,MPLADS eSAKSHI Public Dashboard
PAY-01060,WS/MP18131/2025-2026/200905,Maharashtra,RATNAGIRI(District Collector Ratnagiri_IDA),NARAYAN TATU RANE,RATNAGIRI-SINDHUDURG,"Construction of roads, link roads, pathways or any other road with or without drainage system",2026-02-23,Sunil Shrimant Nadure,Payment Success,750000.0,MPLADS eSAKSHI Public Dashboard
PAY-01061,WS/MP18131/2025-2026/200905,Maharashtra,RATNAGIRI(District Collector Ratnagiri_IDA),NARAYAN TATU RANE,RATNAGIRI-SINDHUDURG,"Construction of roads, link roads, pathways or any other road with or without drainage system",2026-08-21,Sunil Shrimant Nadure,Payment Success,744025.0,MPLADS eSAKSHI Public Dashboard
PAY-01062,WS/MP18131/2026-2027/200906,Maharashtra,RATNAGIRI(District Collector Ratnagiri_IDA),NARAYAN TATU RANE,RATNAGIRI-SINDHUDURG,"Construction of roads, link roads, pathways or any other road with or without drainage system",2026-07-13,arjun pomu pawar,Payment Success,500000.0,MPLADS eSAKSHI Public Dashboard
PAY-01063,WS/MP18131/2025-2026/200907,Maharashtra,RATNAGIRI(District Collector Ratnagiri_IDA),NARAYAN TATU RANE,RATNAGIRI-SINDHUDURG,"Construction of roads, link roads, pathways or any other road with or without drainage system",2026-08-06,sunil ganpat padyar,Payment Success,250000.0,MPLADS eSAKSHI Public Dashboard
PAY-01064,WS/MP18116/2025-2026/251303,Maharashtra,THANE(DISTRICT COLLECTOR THANE_IDA),BALYA MAMA SURESH GOPINATH MHATRE,BHIWANDI,Construction of footpaths and pedestrian ways,2026-05-12,Hindustan Enterprises,Payment Success,391730.0,MPLADS eSAKSHI Public Dashboard
PAY-01065,WS/MP18116/2025-2026/240779,Maharashtra,THANE(DISTRICT COLLECTOR THANE_IDA),BALYA MAMA SURESH GOPINATH MHATRE,BHIWANDI,Providing supply pipelines for drinking water,2026-02-10,Bubere and Associates,Payment Success,396643.0,MPLADS eSAKSHI Public Dashboard
PAY-01066,WS/MP18116/2025-2026/235830,Maharashtra,THANE(DISTRICT COLLECTOR THANE_IDA),BALYA MAMA SURESH GOPINATH MHATRE,BHIWANDI,Fitting of Sitting RCC Benches in Public Places,2026-01-29,Prem Enterprises,Payment Success,483483.0,MPLADS eSAKSHI Public Dashboard
PAY-01067,WS/MP18116/2026-2027/248969,Maharashtra,THANE(DISTRICT COLLECTOR THANE_IDA),BALYA MAMA SURESH GOPINATH MHATRE,BHIWANDI,"Construction of roads, link roads, pathways or any other road with or without drainage system",2026-07-31,A Cube Enterprise,Payment Success,977041.0,MPLADS eSAKSHI Public Dashboard
PAY-01068,WS/MP18111/2026-2027/273202,Maharashtra,AKOLA(DISTRICT COLLECTOR AKOLA_IDA),ANUP SANJAY DHOTRE,AKOLA,"Construction of roads, link roads, pathways or any other road with or without drainage system",2026-08-24,GRAM PANCHAYAT DURGWADA,Payment Success,972077.0,MPLADS eSAKSHI Public Dashboard
PAY-01069,WS/MP18111/2026-2027/273222,Maharashtra,AKOLA(DISTRICT COLLECTOR AKOLA_IDA),ANUP SANJAY DHOTRE,AKOLA,Construction of community centers and community halls,2026-08-19,GP KHERDA BK STHANIK VIKAS NIDHI,Payment Success,986945.0,MPLADS eSAKSHI Public Dashboard
PAY-01070,WS/MP18111/2026-2027/276689,Maharashtra,AKOLA(DISTRICT COLLECTOR AKOLA_IDA),ANUP SANJAY DHOTRE,AKOLA,"Construction of roads, link roads, pathways or any other road with or without drainage system",2026-08-10,PM ADARSHGRAM YOJNA G P SAMSHERPUR,Payment Success,972751.0,MPLADS eSAKSHI Public Dashboard
PAY-01071,WS/MP18136/2025-2026/218115,Maharashtra,AMRAVATI(DISTRICT COLLECTOR AMRAVATI_IDA),AMAR SHARADRAO KALE,WARDHA,Construction of community centers and community halls,2026-01-06,SARPANCH SACHIV GRAM BHATKULI RENU,Payment Success,984594.0,MPLADS eSAKSHI Public Dashboard
PAY-01072,WS/MP18112/2024-2025/143947,Maharashtra,AMRAVATI(DISTRICT COLLECTOR AMRAVATI_IDA),BALWANT BASWANT WANKHADE,AMRAVATI(SC),Construction of community centers and community halls,2025-11-13,VIPUL VIJAY CHAWARE,Payment Success,1441000.0,MPLADS eSAKSHI Public Dashboard
PAY-01073,WS/MP18112/2025-2026/211417,Maharashtra,AMRAVATI(DISTRICT COLLECTOR AMRAVATI_IDA),BALWANT BASWANT WANKHADE,AMRAVATI(SC),Construction of community centers and community halls,2026-08-04,MOHD ANIS MOHD SHAFI,Payment Success,842346.0,MPLADS eSAKSHI Public Dashboard
PAY-01074,WS/MP18112/2025-2026/217109,Maharashtra,AMRAVATI(DISTRICT COLLECTOR AMRAVATI_IDA),BALWANT BASWANT WANKHADE,AMRAVATI(SC),"Construction of roads, link roads, pathways or any other road with or without drainage system",2025-10-16,ANKIT MAHESH AGRAWAL,Payment Success,693022.0,MPLADS eSAKSHI Public Dashboard
PAY-01075,WS/MP18112/2025-2026/217118,Maharashtra,AMRAVATI(DISTRICT COLLECTOR AMRAVATI_IDA),BALWANT BASWANT WANKHADE,AMRAVATI(SC),"Construction of roads, link roads, pathways or any other road with or without drainage system",2025-11-14,ANKIT MAHESH AGRAWAL,Payment Success,640526.0,MPLADS eSAKSHI Public Dashboard
PAY-01076,WS/MP18112/2025-2026/217119,Maharashtra,AMRAVATI(DISTRICT COLLECTOR AMRAVATI_IDA),BALWANT BASWANT WANKHADE,AMRAVATI(SC),"Construction of roads, link roads, pathways or any other road with or without drainage system",2025-11-26,ANKIT MAHESH AGRAWAL,Payment Success,606753.0,MPLADS eSAKSHI Public Dashboard
PAY-01077,WS/MP18112/2025-2026/217119,Maharashtra,AMRAVATI(DISTRICT COLLECTOR AMRAVATI_IDA),BALWANT BASWANT WANKHADE,AMRAVATI(SC),"Construction of roads, link roads, pathways or any other road with or without drainage system",2026-08-03,ANKIT MAHESH AGRAWAL,Payment Success,75354.0,MPLADS eSAKSHI Public Dashboard
PAY-01078,WS/MP18116/2025-2026/224081,Maharashtra,THANE(DISTRICT COLLECTOR THANE_IDA),BALYA MAMA SURESH GOPINATH MHATRE,BHIWANDI,Construction of community centers and community halls,2026-05-05,Dhiraj Ananta Ghodvinde,Payment Success,989838.0,MPLADS eSAKSHI Public Dashboard
PAY-01079,WS/MP18116/2025-2026/229118,Maharashtra,THANE(DISTRICT COLLECTOR THANE_IDA),BALYA MAMA SURESH GOPINATH MHATRE,BHIWANDI,"Construction of roads, link roads, pathways or any other road with or without drainage system",2026-02-25,Devidas Keshav Vishe,Payment Success,973636.0,MPLADS eSAKSHI Public Dashboard
PAY-01080,WS/MP18116/2025-2026/232156,Maharashtra,THANE(DISTRICT COLLECTOR THANE_IDA),BALYA MAMA SURESH GOPINATH MHATRE,BHIWANDI,Construction of community centers and community halls,2026-02-26,Pallavi Anant Ghude,Payment Success,692379.0,MPLADS eSAKSHI Public Dashboard
PAY-01081,WS/MP18116/2025-2026/232158,Maharashtra,THANE(DISTRICT COLLECTOR THANE_IDA),BALYA MAMA SURESH GOPINATH MHATRE,BHIWANDI,"Construction of roads, link roads, pathways or any other road with or without drainage system",2026-02-03,Pallavi Anant Ghude,Payment Success,759683.0,MPLADS eSAKSHI Public Dashboard
PAY-01082,WS/MP18116/2025-2026/232160,Maharashtra,THANE(DISTRICT COLLECTOR THANE_IDA),BALYA MAMA SURESH GOPINATH MHATRE,BHIWANDI,"Construction of roads, link roads, pathways or any other road with or without drainage system",2026-02-03,Pallavi Anant Ghude,Payment Success,494588.0,MPLADS eSAKSHI Public Dashboard
PAY-01083,WS/MP18116/2026-2027/232199,Maharashtra,THANE(DISTRICT COLLECTOR THANE_IDA),BALYA MAMA SURESH GOPINATH MHATRE,BHIWANDI,"Construction of roads, link roads, pathways or any other road with or without drainage system",2026-04-09,yogesh suresh farde,Payment Success,1463967.0,MPLADS eSAKSHI Public Dashboard
PAY-01084,WS/MP18116/2025-2026/235496,Maharashtra,THANE(DISTRICT COLLECTOR THANE_IDA),BALYA MAMA SURESH GOPINATH MHATRE,BHIWANDI,"Construction of roads, link roads, pathways or any other road with or without drainage system",2026-02-14,Dinesh Water Proofing,Payment Success,492714.0,MPLADS eSAKSHI Public Dashboard
PAY-01085,WS/MP18116/2025-2026/235500,Maharashtra,THANE(DISTRICT COLLECTOR THANE_IDA),BALYA MAMA SURESH GOPINATH MHATRE,BHIWANDI,"Construction of roads, link roads, pathways or any other road with or without drainage system",2026-04-09,pradip arun shinde,Payment Success,471677.0,MPLADS eSAKSHI Public Dashboard
PAY-01086,WS/MP18116/2026-2027/186732,Maharashtra,THANE(DISTRICT COLLECTOR THANE_IDA),BALYA MAMA SURESH GOPINATH MHATRE,BHIWANDI,Fitting of Sitting RCC Benches in Public Places,2026-04-09,Aditya Santosh Deshmukh,Payment Success,492538.0,MPLADS eSAKSHI Public Dashboard
PAY-01087,WS/MP18116/2025-2026/186722,Maharashtra,THANE(DISTRICT COLLECTOR THANE_IDA),BALYA MAMA SURESH GOPINATH MHATRE,BHIWANDI,Fitting of Sitting RCC Benches in Public Places,2025-09-30,vaibhav m k sah soc lenad,Payment Success,979651.0,MPLADS eSAKSHI Public Dashboard
PAY-01088,WS/MP18116/2025-2026/186741,Maharashtra,THANE(DISTRICT COLLECTOR THANE_IDA),BALYA MAMA SURESH GOPINATH MHATRE,BHIWANDI,Construction of bus-sheds or bus-stops,2025-07-05,kalpesh harishchandra pawar,Payment Success,295624.0,MPLADS eSAKSHI Public Dashboard
PAY-01089,WS/MP18116/2025-2026/186744,Maharashtra,THANE(DISTRICT COLLECTOR THANE_IDA),BALYA MAMA SURESH GOPINATH MHATRE,BHIWANDI,Construction of bus-sheds or bus-stops,2025-07-05,kalpesh harishchandra pawar,Payment Success,296098.0,MPLADS eSAKSHI Public Dashboard
PAY-01090,WS/MP18116/2025-2026/186747,Maharashtra,THANE(DISTRICT COLLECTOR THANE_IDA),BALYA MAMA SURESH GOPINATH MHATRE,BHIWANDI,Construction of bus-sheds or bus-stops,2025-07-05,kalpesh harishchandra pawar,Payment Success,296098.0,MPLADS eSAKSHI Public Dashboard
PAY-01091,WS/MP18116/2026-2027/186750,Maharashtra,THANE(DISTRICT COLLECTOR THANE_IDA),BALYA MAMA SURESH GOPINATH MHATRE,BHIWANDI,Fitting of Sitting RCC Benches in Public Places,2026-04-09,Aditya Santosh Deshmukh,Payment Success,492538.0,MPLADS eSAKSHI Public Dashboard
PAY-01092,WS/MP18116/2026-2027/230996,Maharashtra,THANE(DISTRICT COLLECTOR THANE_IDA),BALYA MAMA SURESH GOPINATH MHATRE,BHIWANDI,"Construction of roads, link roads, pathways or any other road with or without drainage system",2026-04-09,Bubere and Associates,Payment Success,1481986.0,MPLADS eSAKSHI Public Dashboard
PAY-01093,WS/MP18116/2026-2027/230997,Maharashtra,THANE(DISTRICT COLLECTOR THANE_IDA),BALYA MAMA SURESH GOPINATH MHATRE,BHIWANDI,"Construction of roads, link roads, pathways or any other road with or without drainage system",2026-04-09,Bubere and Associates,Payment Success,1481828.0,MPLADS eSAKSHI Public Dashboard
PAY-01094,WS/MP18116/2025-2026/186719,Maharashtra,THANE(DISTRICT COLLECTOR THANE_IDA),BALYA MAMA SURESH GOPINATH MHATRE,BHIWANDI,Providing supply pipelines for drinking water,2026-03-27,Hindustan Enterprises,Payment Success,997000.0,MPLADS eSAKSHI Public Dashboard
PAY-01095,WS/MP18116/2025-2026/202343,Maharashtra,THANE(DISTRICT COLLECTOR THANE_IDA),BALYA MAMA SURESH GOPINATH MHATRE,BHIWANDI,Construction of footpaths and pedestrian ways,2025-11-18,Hindustan Enterprises,Payment Success,1498932.0,MPLADS eSAKSHI Public Dashboard
PAY-01096,WS/MP18116/2025-2026/186710,Maharashtra,THANE(DISTRICT COLLECTOR THANE_IDA),BALYA MAMA SURESH GOPINATH MHATRE,BHIWANDI,Providing drains and gutters for public drainage,2026-01-29,Hindustan Enterprises,Payment Success,987471.0,MPLADS eSAKSHI Public Dashboard
PAY-01097,WS/MP18116/2025-2026/192284,Maharashtra,THANE(DISTRICT COLLECTOR THANE_IDA),BALYA MAMA SURESH GOPINATH MHATRE,BHIWANDI,Construction of footpaths and pedestrian ways,2025-12-02,Bubere and Associates,Payment Success,1463606.0,MPLADS eSAKSHI Public Dashboard
PAY-01098,WS/MP18116/2025-2026/209814,Maharashtra,THANE(DISTRICT COLLECTOR THANE_IDA),BALYA MAMA SURESH GOPINATH MHATRE,BHIWANDI,Construction of footpaths and pedestrian ways,2026-05-15,Hindustan Enterprises,Payment Success,296167.0,MPLADS eSAKSHI Public Dashboard
PAY-01099,WS/MP18116/2025-2026/221635,Maharashtra,THANE(DISTRICT COLLECTOR THANE_IDA),BALYA MAMA SURESH GOPINATH MHATRE,BHIWANDI,"Construction of roads, link roads, pathways or any other road with or without drainage system",2026-01-29,Hindustan Enterprises,Payment Success,1487406.0,MPLADS eSAKSHI Public Dashboard
PAY-01100,WS/MP18116/2025-2026/221636,Maharashtra,THANE(DISTRICT COLLECTOR THANE_IDA),BALYA MAMA SURESH GOPINATH MHATRE,BHIWANDI,Providing drains and gutters for public drainage,2026-04-06,Bubere and Associates,Payment Success,1474069.0,MPLADS eSAKSHI Public Dashboard
PAY-01101,WS/MP18116/2025-2026/224073,Maharashtra,THANE(DISTRICT COLLECTOR THANE_IDA),BALYA MAMA SURESH GOPINATH MHATRE,BHIWANDI,"Construction of roads, link roads, pathways or any other road with or without drainage system",2026-04-10,Rahul Enterprises,Payment Success,1435102.0,MPLADS eSAKSHI Public Dashboard
PAY-01102,WS/MP18116/2025-2026/235747,Maharashtra,THANE(DISTRICT COLLECTOR THANE_IDA),BALYA MAMA SURESH GOPINATH MHATRE,BHIWANDI,Fitting of Sitting RCC Benches in Public Places,2026-07-07,Bubere and Associates,Payment Success,492000.0,MPLADS eSAKSHI Public Dashboard
PAY-01103,WS/MP18116/2025-2026/235750,Maharashtra,THANE(DISTRICT COLLECTOR THANE_IDA),BALYA MAMA SURESH GOPINATH MHATRE,BHIWANDI,"Construction of roads, link roads, pathways or any other road with or without drainage system",2026-07-07,Bubere and Associates,Payment Success,992529.0,MPLADS eSAKSHI Public Dashboard
PAY-01104,WS/MP18116/2025-2026/235800,Maharashtra,THANE(DISTRICT COLLECTOR THANE_IDA),BALYA MAMA SURESH GOPINATH MHATRE,BHIWANDI,Fitting of Sitting RCC Benches in Public Places,2026-01-29,Prem Enterprises,Payment Success,483483.0,MPLADS eSAKSHI Public Dashboard
PAY-01105,WS/MP18116/2025-2026/235814,Maharashtra,THANE(DISTRICT COLLECTOR THANE_IDA),BALYA MAMA SURESH GOPINATH MHATRE,BHIWANDI,"Construction of roads, link roads, pathways or any other road with or without drainage system",2026-01-29,Hindustan Enterprises,Payment Success,985926.0,MPLADS eSAKSHI Public Dashboard
PAY-01106,WS/MP18116/2025-2026/235815,Maharashtra,THANE(DISTRICT COLLECTOR THANE_IDA),BALYA MAMA SURESH GOPINATH MHATRE,BHIWANDI,Installing tube-wells and borewells,2026-05-20,Bubere and Associates,Payment Success,296645.0,MPLADS eSAKSHI Public Dashboard
PAY-01107,WS/MP18116/2025-2026/235820,Maharashtra,THANE(DISTRICT COLLECTOR THANE_IDA),BALYA MAMA SURESH GOPINATH MHATRE,BHIWANDI,"Construction of roads, link roads, pathways or any other road with or without drainage system",2026-01-29,Hindustan Enterprises,Payment Success,972190.0,MPLADS eSAKSHI Public Dashboard
PAY-01108,WS/MP18127/2025-2026/253707,Maharashtra,NASHIK(DISTRICT COLLECTOR NASHIK_IDA),RAJABHAU,NASHIK,"Construction of roads, link roads, pathways or any other road with or without drainage system",2026-08-24,SAGAR BHASKAR KOLHE,Payment Success,948000.0,MPLADS eSAKSHI Public Dashboard
PAY-01109,WS/MP18127/2025-2026/253709,Maharashtra,NASHIK(DISTRICT COLLECTOR NASHIK_IDA),RAJABHAU,NASHIK,Construction of community centers and community halls,2026-08-21,Santkrupa Majur V Bandhkam Sahkari Sanstha Maryadit Vadgaon,Payment Success,987742.0,MPLADS eSAKSHI Public Dashboard
PAY-01110,WS/MP18127/2025-2026/253710,Maharashtra,NASHIK(DISTRICT COLLECTOR NASHIK_IDA),RAJABHAU,NASHIK,Construction of community centers and community halls,2026-08-20,CHAITALI DNYANESHWAR SANGALE,Payment Success,988000.0,MPLADS eSAKSHI Public Dashboard
PAY-01111,WS/MP18127/2025-2026/253711,Maharashtra,NASHIK(DISTRICT COLLECTOR NASHIK_IDA),RAJABHAU,NASHIK,Setting up of kitchen and pantries,2026-07-16,GANESH SOMNATH AVHAD,Payment Success,978000.0,MPLADS eSAKSHI Public Dashboard
PAY-01112,WS/MP18127/2025-2026/253712,Maharashtra,NASHIK(DISTRICT COLLECTOR NASHIK_IDA),RAJABHAU,NASHIK,"Construction of roads, link roads, pathways or any other road with or without drainage system",2026-07-06,adityavijaywaje,Payment Success,898000.0,MPLADS eSAKSHI Public Dashboard
PAY-01113,WS/MP18127/2026-2027/274226,Maharashtra,NASHIK(DISTRICT COLLECTOR NASHIK_IDA),RAJABHAU,NASHIK,"Construction of roads, link roads, pathways or any other road with or without drainage system",2026-08-21,SAGAR RAJARAM MATALE,Payment Success,986000.0,MPLADS eSAKSHI Public Dashboard
PAY-01114,WS/MP18118/2025-2026/252894,Maharashtra,NASHIK(DISTRICT COLLECTOR NASHIK_IDA),BHASKAR MURLIDHAR BHAGARE,DINDORI(ST),Crematoriums/energy efficient crematoriums or structures on burial/cremation ground,2026-07-16,MAYUR DINESH CHAVAN,Payment Success,698000.0,MPLADS eSAKSHI Public Dashboard
PAY-01115,WS/MP18123/2025-2026/200542,Maharashtra,KOLHAPUR(DISTRICT COLLECTOR KOLHAPUR_IDA),CHHATRAPATI SHAHU SHAHAJI,KOLHAPUR,Construction of buildings for community cultural activities,2025-11-06,Ujendra Udayrao Ingawale,Payment Success,1000000.0,MPLADS eSAKSHI Public Dashboard
PAY-01116,WS/MP18123/2026-2027/186339,Maharashtra,KOLHAPUR(DISTRICT COLLECTOR KOLHAPUR_IDA),CHHATRAPATI SHAHU SHAHAJI,KOLHAPUR,Construction of public libraries and reading rooms,2026-04-20,Nilesh Shivaji Kadam,Payment Success,999824.0,MPLADS eSAKSHI Public Dashboard
PAY-01117,WS/MP18123/2025-2026/186340,Maharashtra,KOLHAPUR(DISTRICT COLLECTOR KOLHAPUR_IDA),CHHATRAPATI SHAHU SHAHAJI,KOLHAPUR,"Construction of roads, link roads, pathways or any other road with or without drainage system",2026-03-13,AKSHAY VILAS KALMAKAR,Payment Success,999000.0,MPLADS eSAKSHI Public Dashboard
PAY-01118,WS/MP18123/2025-2026/186341,Maharashtra,KOLHAPUR(DISTRICT COLLECTOR KOLHAPUR_IDA),CHHATRAPATI SHAHU SHAHAJI,KOLHAPUR,"Construction of roads, link roads, pathways or any other road with or without drainage system",2026-02-09,Parth Ravindra Patil,Payment Success,749000.0,MPLADS eSAKSHI Public Dashboard
PAY-01119,WS/MP18123/2025-2026/186342,Maharashtra,KOLHAPUR(DISTRICT COLLECTOR KOLHAPUR_IDA),CHHATRAPATI SHAHU SHAHAJI,KOLHAPUR,"Construction of roads, link roads, pathways or any other road with or without drainage system",2026-02-09,Parth Ravindra Patil,Payment Success,995437.0,MPLADS eSAKSHI Public Dashboard
PAY-01120,WS/MP18123/2025-2026/238167,Maharashtra,KOLHAPUR(DISTRICT COLLECTOR KOLHAPUR_IDA),CHHATRAPATI SHAHU SHAHAJI,KOLHAPUR,"Construction of roads, link roads, pathways or any other road with or without drainage system",2026-03-11,Avadhut Gundu Halave,Payment Success,800000.0,MPLADS eSAKSHI Public Dashboard
PAY-01121,WS/MP18123/2026-2027/242705,Maharashtra,KOLHAPUR(DISTRICT COLLECTOR KOLHAPUR_IDA),CHHATRAPATI SHAHU SHAHAJI,KOLHAPUR,"Construction of roads, link roads, pathways or any other road with or without drainage system",2026-04-17,Vishal Pandit Shinde,Payment Success,1499618.0,MPLADS eSAKSHI Public Dashboard
PAY-01122,WS/MP18123/2025-2026/241950,Maharashtra,KOLHAPUR(DISTRICT COLLECTOR KOLHAPUR_IDA),CHHATRAPATI SHAHU SHAHAJI,KOLHAPUR,"Construction of roads, link roads, pathways or any other road with or without drainage system",2026-02-18,Kshatriya Constructions,Payment Success,1497956.0,MPLADS eSAKSHI Public Dashboard
PAY-01123,WS/MP18123/2025-2026/255167,Maharashtra,KOLHAPUR(DISTRICT COLLECTOR KOLHAPUR_IDA),CHHATRAPATI SHAHU SHAHAJI,KOLHAPUR,Construction of buildings for multi-gym,2026-03-04,Arjunsinh Deepak Atigre,Payment Success,999298.0,MPLADS eSAKSHI Public Dashboard
PAY-01124,WS/MP18123/2026-2027/253333,Maharashtra,KOLHAPUR(DISTRICT COLLECTOR KOLHAPUR_IDA),CHHATRAPATI SHAHU SHAHAJI,KOLHAPUR,"Construction of roads, link roads, pathways or any other road with or without drainage system",2026-05-27,Sohan Shivaji Mote,Payment Success,1500000.0,MPLADS eSAKSHI Public Dashboard
PAY-01125,WS/MP18123/2025-2026/226877,Maharashtra,KOLHAPUR(DISTRICT COLLECTOR KOLHAPUR_IDA),CHHATRAPATI SHAHU SHAHAJI,KOLHAPUR,"Construction of roads, link roads, pathways or any other road with or without drainage system",2026-02-09,Ujendra Udayrao Ingawale,Payment Success,1000000.0,MPLADS eSAKSHI Public Dashboard
PAY-01126,WS/MP18123/2026-2027/207781,Maharashtra,KOLHAPUR(DISTRICT COLLECTOR KOLHAPUR_IDA),CHHATRAPATI SHAHU SHAHAJI,KOLHAPUR,"Construction of roads, link roads, pathways or any other road with or without drainage system",2026-08-05,Arjunsinh Deepak Atigre,Payment Success,1476022.0,MPLADS eSAKSHI Public Dashboard
PAY-01127,WS/MP18123/2025-2026/220022,Maharashtra,KOLHAPUR(DISTRICT COLLECTOR KOLHAPUR_IDA),CHHATRAPATI SHAHU SHAHAJI,KOLHAPUR,"Construction of roads, link roads, pathways or any other road with or without drainage system",2026-02-02,Vishwvijay Bhagwan Rote,Payment Success,1500000.0,MPLADS eSAKSHI Public Dashboard
PAY-01128,WS/MP18123/2026-2027/228594,Maharashtra,KOLHAPUR(DISTRICT COLLECTOR KOLHAPUR_IDA),CHHATRAPATI SHAHU SHAHAJI,KOLHAPUR,"Construction of roads, link roads, pathways or any other road with or without drainage system",2026-04-17,Ashwini Sanjeev Patil,Payment Success,1000000.0,MPLADS eSAKSHI Public Dashboard
PAY-01129,WS/MP18123/2025-2026/226864,Maharashtra,KOLHAPUR(DISTRICT COLLECTOR KOLHAPUR_IDA),CHHATRAPATI SHAHU SHAHAJI,KOLHAPUR,"Construction of roads, link roads, pathways or any other road with or without drainage system",2026-02-18,Kshatriya Constructions,Payment Success,1488133.0,MPLADS eSAKSHI Public Dashboard
PAY-01130,WS/MP18123/2025-2026/224468,Maharashtra,KOLHAPUR(DISTRICT COLLECTOR KOLHAPUR_IDA),CHHATRAPATI SHAHU SHAHAJI,KOLHAPUR,"Construction of roads, link roads, pathways or any other road with or without drainage system",2026-03-17,SUSHANT DINKAR PATIL,Payment Success,999000.0,MPLADS eSAKSHI Public Dashboard
PAY-01131,WS/MP18123/2026-2027/224469,Maharashtra,KOLHAPUR(DISTRICT COLLECTOR KOLHAPUR_IDA),CHHATRAPATI SHAHU SHAHAJI,KOLHAPUR,"Construction of roads, link roads, pathways or any other road with or without drainage system",2026-08-11,Sohan Shivaji Mote,Payment Success,999000.0,MPLADS eSAKSHI Public Dashboard
PAY-01132,WS/MP18118/2025-2026/252915,Maharashtra,NASHIK(DISTRICT COLLECTOR NASHIK_IDA),BHASKAR MURLIDHAR BHAGARE,DINDORI(ST),"Construction of roads, link roads, pathways or any other road with or without drainage system",2026-08-24,shramsaphalya majur bandhkam sah soc ltd dolhare,Payment Success,998000.0,MPLADS eSAKSHI Public Dashboard
PAY-01133,WS/MP18118/2025-2026/188284,Maharashtra,NASHIK(DISTRICT COLLECTOR NASHIK_IDA),BHASKAR MURLIDHAR BHAGARE,DINDORI(ST),Crematoriums/energy efficient crematoriums or structures on burial/cremation ground,2026-01-27,AMOL SHANKAR HAMBRE,Payment Success,698000.0,MPLADS eSAKSHI Public Dashboard
PAY-01134,WS/MP18118/2025-2026/188286,Maharashtra,NASHIK(DISTRICT COLLECTOR NASHIK_IDA),BHASKAR MURLIDHAR BHAGARE,DINDORI(ST),Construction of buildings for community cultural activities,2026-01-27,AMOL SHANKAR HAMBRE,Payment Success,699000.0,MPLADS eSAKSHI Public Dashboard
PAY-01135,WS/MP18118/2025-2026/188317,Maharashtra,NASHIK(DISTRICT COLLECTOR NASHIK_IDA),BHASKAR MURLIDHAR BHAGARE,DINDORI(ST),"Construction of roads, link roads, pathways or any other road with or without drainage system",2026-08-06,VISHAL SUBHASH BAGUL,Payment Success,992892.0,MPLADS eSAKSHI Public Dashboard
PAY-01136,WS/MP18111/2025-2026/144098,Maharashtra,AKOLA(DISTRICT COLLECTOR AKOLA_IDA),ANUP SANJAY DHOTRE,AKOLA,"Construction of roads, link roads, pathways or any other road with or without drainage system",2025-04-03,SANDEEP VASANT GOKHALE,Payment Success,396568.0,MPLADS eSAKSHI Public Dashboard
PAY-01137,WS/MP18111/2025-2026/194803,Maharashtra,AKOLA(DISTRICT COLLECTOR AKOLA_IDA),ANUP SANJAY DHOTRE,AKOLA,"Construction of roads, link roads, pathways or any other road with or without drainage system",2025-12-30,BHUPENDRASINGH BALWATSINGH BINDRA,Payment Success,992464.0,MPLADS eSAKSHI Public Dashboard
PAY-01138,WS/MP18111/2025-2026/194804,Maharashtra,AKOLA(DISTRICT COLLECTOR AKOLA_IDA),ANUP SANJAY DHOTRE,AKOLA,"Construction of roads, link roads, pathways or any other road with or without drainage system",2026-01-23,JYOTI CONSTRUCTION CO,Payment Success,994261.0,MPLADS eSAKSHI Public Dashboard
PAY-01139,WS/MP18111/2025-2026/194805,Maharashtra,AKOLA(DISTRICT COLLECTOR AKOLA_IDA),ANUP SANJAY DHOTRE,AKOLA,"Construction of roads, link roads, pathways or any other road with or without drainage system",2025-12-04,NARENDRA SOPANRAO THOKAL,Payment Success,977091.0,MPLADS eSAKSHI Public Dashboard
PAY-01140,WS/MP18111/2025-2026/194806,Maharashtra,AKOLA(DISTRICT COLLECTOR AKOLA_IDA),ANUP SANJAY DHOTRE,AKOLA,"Construction of roads, link roads, pathways or any other road with or without drainage system",2025-12-30,JYOTI CONSTRUCTION CO,Payment Success,972138.0,MPLADS eSAKSHI Public Dashboard
PAY-01141,WS/MP18111/2026-2027/194807,Maharashtra,AKOLA(DISTRICT COLLECTOR AKOLA_IDA),ANUP SANJAY DHOTRE,AKOLA,"Construction of roads, link roads, pathways or any other road with or without drainage system",2026-06-24,ASHISH DEVRAO MASNE,Payment Success,990124.0,MPLADS eSAKSHI Public Dashboard
PAY-01142,WS/MP18111/2025-2026/187541,Maharashtra,AKOLA(DISTRICT COLLECTOR AKOLA_IDA),ANUP SANJAY DHOTRE,AKOLA,"Construction of roads, link roads, pathways or any other road with or without drainage system",2025-12-04,NARENDRA SOPANRAO THOKAL,Payment Success,992607.0,MPLADS eSAKSHI Public Dashboard
PAY-01143,WS/MP18111/2025-2026/187543,Maharashtra,AKOLA(DISTRICT COLLECTOR AKOLA_IDA),ANUP SANJAY DHOTRE,AKOLA,"Construction of roads, link roads, pathways or any other road with or without drainage system",2025-12-05,NARENDRA SOPANRAO THOKAL,Payment Success,992728.0,MPLADS eSAKSHI Public Dashboard
PAY-01144,WS/MP18120/2025-2026/174629,Maharashtra,HINGOLI(DISTRICT COLLECTOR HINGOLI_IDA),AASHTIKAR PATIL NAGESH BAPURAO,HINGOLI,"Construction of roads, link roads, pathways or any other road with or without drainage system",2026-01-19,KABRA CONSTRUCTION,Payment Success,1492857.0,MPLADS eSAKSHI Public Dashboard
PAY-01145,WS/MP18127/2026-2027/253698,Maharashtra,NASHIK(DISTRICT COLLECTOR NASHIK_IDA),RAJABHAU,NASHIK,"Construction of roads, link roads, pathways or any other road with or without drainage system",2026-04-09,NEW SAGAR MAJOOR VA BHANDHKAM SAHAKARI SANSTHA MARYADIT,Payment Success,989500.0,MPLADS eSAKSHI Public Dashboard
PAY-01146,WS/MP18127/2026-2027/253700,Maharashtra,NASHIK(DISTRICT COLLECTOR NASHIK_IDA),RAJABHAU,NASHIK,Construction of community centers and community halls,2026-06-30,SHREE YOGESHWAR SAHAKARI MAJOOR BANDHKAM SANSTHA LTD,Payment Success,1489900.0,MPLADS eSAKSHI Public Dashboard
PAY-01147,WS/MP18127/2025-2026/188405,Maharashtra,NASHIK(DISTRICT COLLECTOR NASHIK_IDA),RAJABHAU,NASHIK,"Construction of roads, link roads, pathways or any other road with or without drainage system",2026-01-20,SHRI BALAJI MAJUR VA BANDHKAM SAHAKARI SANSTHA,Payment Success,985764.0,MPLADS eSAKSHI Public Dashboard
PAY-01148,WS/MP18127/2026-2027/188406,Maharashtra,NASHIK(DISTRICT COLLECTOR NASHIK_IDA),RAJABHAU,NASHIK,Construction of public libraries and reading rooms,2026-07-06,SAMRUDDHI MAJOOR SAHAKARI SANSTHA MARYADIT NASHIK,Payment Success,995650.0,MPLADS eSAKSHI Public Dashboard
PAY-01149,WS/MP18127/2025-2026/188380,Maharashtra,NASHIK(DISTRICT COLLECTOR NASHIK_IDA),RAJABHAU,NASHIK,Development of playfields and sports grounds,2025-10-10,SARVESH SURYAKANT FOKANE,Payment Success,995092.0,MPLADS eSAKSHI Public Dashboard
PAY-01150,WS/MP18127/2025-2026/188382,Maharashtra,NASHIK(DISTRICT COLLECTOR NASHIK_IDA),RAJABHAU,NASHIK,Construction of community centers and community halls,2025-12-16,DATTATRAYA ASHOK SHELAR,Payment Success,799000.0,MPLADS eSAKSHI Public Dashboard
PAY-01151,WS/MP18127/2025-2026/188399,Maharashtra,NASHIK(DISTRICT COLLECTOR NASHIK_IDA),RAJABHAU,NASHIK,Construction of community centers and community halls,2026-04-11,Shivraj Vidut Mazur V Badhkam Sanstha Ma,Payment Success,979000.0,MPLADS eSAKSHI Public Dashboard
PAY-01152,WS/MP18127/2025-2026/188400,Maharashtra,NASHIK(DISTRICT COLLECTOR NASHIK_IDA),RAJABHAU,NASHIK,"Construction of roads, link roads, pathways or any other road with or without drainage system",2026-01-27,SHRI PANDURANG HARI MAJOOR VA BANDHKAM SAH SSANSTHA,Payment Success,751178.0,MPLADS eSAKSHI Public Dashboard
PAY-01153,WS/MP18127/2026-2027/274228,Maharashtra,NASHIK(DISTRICT COLLECTOR NASHIK_IDA),RAJABHAU,NASHIK,"Construction of roads, link roads, pathways or any other road with or without drainage system",2026-08-27,ROSHAN PANDURANG BODKE,Payment Success,999000.0,MPLADS eSAKSHI Public Dashboard
PAY-01154,WS/MP18127/2026-2027/274229,Maharashtra,NASHIK(DISTRICT COLLECTOR NASHIK_IDA),RAJABHAU,NASHIK,"Construction of roads, link roads, pathways or any other road with or without drainage system",2026-08-27,ROSHAN PANDURANG BODKE,Payment Success,699852.0,MPLADS eSAKSHI Public Dashboard
PAY-01155,WS/MP18127/2026-2027/274231,Maharashtra,NASHIK(DISTRICT COLLECTOR NASHIK_IDA),RAJABHAU,NASHIK,Construction of boundary walls of existing public and community buildings,2026-06-30,ROHIT PRAKASH PORJE,Payment Success,949600.0,MPLADS eSAKSHI Public Dashboard
PAY-01156,WS/MP18127/2026-2027/274232,Maharashtra,NASHIK(DISTRICT COLLECTOR NASHIK_IDA),RAJABHAU,NASHIK,Construction of community centers and community halls,2026-06-30,ROHIT PRAKASH PORJE,Payment Success,949900.0,MPLADS eSAKSHI Public Dashboard
PAY-01157,WS/MP18127/2026-2027/274233,Maharashtra,NASHIK(DISTRICT COLLECTOR NASHIK_IDA),RAJABHAU,NASHIK,"Construction of roads, link roads, pathways or any other road with or without drainage system",2026-07-02,GOKUL VASANT ILAG,Payment Success,941382.0,MPLADS eSAKSHI Public Dashboard
PAY-01158,WS/MP18127/2026-2027/274234,Maharashtra,NASHIK(DISTRICT COLLECTOR NASHIK_IDA),RAJABHAU,NASHIK,Crematoriums/energy efficient crematoriums or structures on burial/cremation ground,2026-07-02,GOKUL VASANT ILAG,Payment Success,949700.0,MPLADS eSAKSHI Public Dashboard
PAY-01159,WS/MP18127/2026-2027/253708,Maharashtra,NASHIK(DISTRICT COLLECTOR NASHIK_IDA),RAJABHAU,NASHIK,Construction of community centers and community halls,2026-08-06,SHRAMIK MAJOOR BANDHKAM SAHAKARI SANSTHA MARYA,Payment Success,989000.0,MPLADS eSAKSHI Public Dashboard
PAY-01160,WS/MP18127/2025-2026/188389,Maharashtra,NASHIK(DISTRICT COLLECTOR NASHIK_IDA),RAJABHAU,NASHIK,"Construction of roads, link roads, pathways or any other road with or without drainage system",2025-11-04,SONALI RAJARAM KAPADI,Payment Success,989000.0,MPLADS eSAKSHI Public Dashboard
PAY-01161,WS/MP18127/2025-2026/188390,Maharashtra,NASHIK(DISTRICT COLLECTOR NASHIK_IDA),RAJABHAU,NASHIK,Construction of boundary walls of existing public and community buildings,2025-11-04,ROHIT PRAKASH PORJE,Payment Success,989000.0,MPLADS eSAKSHI Public Dashboard
PAY-01162,WS/MP18127/2025-2026/188375,Maharashtra,NASHIK(DISTRICT COLLECTOR NASHIK_IDA),RAJABHAU,NASHIK,Construction of community centers and community halls,2025-11-10,SATHI SAYYAD BABA MAJOOR SAH SAN MARY,Payment Success,999500.0,MPLADS eSAKSHI Public Dashboard
PAY-01163,WS/MP18127/2025-2026/188376,Maharashtra,NASHIK(DISTRICT COLLECTOR NASHIK_IDA),RAJABHAU,NASHIK,Construction of community centers and community halls,2026-07-02,Shivshankar Majoor Sahkari Sanstha Maryadit,Payment Success,1499500.0,MPLADS eSAKSHI Public Dashboard
PAY-01164,WS/MP18127/2025-2026/188377,Maharashtra,NASHIK(DISTRICT COLLECTOR NASHIK_IDA),RAJABHAU,NASHIK,Construction of community centers and community halls,2025-12-04,NILESH KISAN AVHAD,Payment Success,990000.0,MPLADS eSAKSHI Public Dashboard
PAY-01165,WS/MP18127/2025-2026/188369,Maharashtra,NASHIK(DISTRICT COLLECTOR NASHIK_IDA),RAJABHAU,NASHIK,"Construction of roads, link roads, pathways or any other road with or without drainage system",2025-12-05,DINKAR SOPAN JAGTAP,Payment Success,989500.0,MPLADS eSAKSHI Public Dashboard
PAY-01166,WS/MP18127/2025-2026/188371,Maharashtra,NASHIK(DISTRICT COLLECTOR NASHIK_IDA),RAJABHAU,NASHIK,Development of public parks,2026-07-15,AKSHAY MAJOOR SAHAKARI SANSTHA MARYADIT,Payment Success,989000.0,MPLADS eSAKSHI Public Dashboard
PAY-01167,WS/MP18116/2025-2026/236537,Maharashtra,THANE(DISTRICT COLLECTOR THANE_IDA),BALYA MAMA SURESH GOPINATH MHATRE,BHIWANDI,Construction of water tanks,2026-04-07,Arif Ishtiyak Sheikh,Payment Success,499752.0,MPLADS eSAKSHI Public Dashboard
PAY-01168,WS/MP18116/2025-2026/236540,Maharashtra,THANE(DISTRICT COLLECTOR THANE_IDA),BALYA MAMA SURESH GOPINATH MHATRE,BHIWANDI,Fitting of Sitting RCC Benches in Public Places,2026-08-07,GOLDEN CONSTRUCTION,Payment Success,499976.0,MPLADS eSAKSHI Public Dashboard
PAY-01169,WS/MP18116/2025-2026/241509,Maharashtra,THANE(DISTRICT COLLECTOR THANE_IDA),BALYA MAMA SURESH GOPINATH MHATRE,BHIWANDI,"Construction of roads, link roads, pathways or any other road with or without drainage system",2026-04-27,Suraj Nandkumar Mogre,Payment Success,984512.0,MPLADS eSAKSHI Public Dashboard
PAY-01170,WS/MP18116/2025-2026/240788,Maharashtra,THANE(DISTRICT COLLECTOR THANE_IDA),BALYA MAMA SURESH GOPINATH MHATRE,BHIWANDI,Construction of community centers and community halls,2026-07-22,Khutal Vibhag Mkss,Payment Success,491992.0,MPLADS eSAKSHI Public Dashboard
PAY-01171,WS/MP18116/2025-2026/240789,Maharashtra,THANE(DISTRICT COLLECTOR THANE_IDA),BALYA MAMA SURESH GOPINATH MHATRE,BHIWANDI,Construction of community centers and community halls,2026-07-22,Khutal Vibhag Mkss,Payment Success,474594.0,MPLADS eSAKSHI Public Dashboard
PAY-01172,WS/MP18116/2025-2026/240791,Maharashtra,THANE(DISTRICT COLLECTOR THANE_IDA),BALYA MAMA SURESH GOPINATH MHATRE,BHIWANDI,"Construction of roads, link roads, pathways or any other road with or without drainage system",2026-05-05,Khutal Vibhag Mkss,Payment Success,488072.0,MPLADS eSAKSHI Public Dashboard
PAY-01173,WS/MP18116/2025-2026/240795,Maharashtra,THANE(DISTRICT COLLECTOR THANE_IDA),BALYA MAMA SURESH GOPINATH MHATRE,BHIWANDI,"Construction of roads, link roads, pathways or any other road with or without drainage system",2026-05-05,Khutal Vibhag Mkss,Payment Success,488072.0,MPLADS eSAKSHI Public Dashboard
PAY-01174,WS/MP18116/2025-2026/210170,Maharashtra,THANE(DISTRICT COLLECTOR THANE_IDA),BALYA MAMA SURESH GOPINATH MHATRE,BHIWANDI,Construction of footpaths and pedestrian ways,2026-02-12,pushpa majoor k s sty,Payment Success,973886.0,MPLADS eSAKSHI Public Dashboard
PAY-01175,WS/MP18116/2025-2026/220948,Maharashtra,THANE(DISTRICT COLLECTOR THANE_IDA),BALYA MAMA SURESH GOPINATH MHATRE,BHIWANDI,Construction of footpaths and pedestrian ways,2026-02-14,Dinesh Water Proofing,Payment Success,488225.0,MPLADS eSAKSHI Public Dashboard
PAY-01176,WS/MP18116/2025-2026/220949,Maharashtra,THANE(DISTRICT COLLECTOR THANE_IDA),BALYA MAMA SURESH GOPINATH MHATRE,BHIWANDI,Construction of footpaths and pedestrian ways,2026-02-14,Dinesh Water Proofing,Payment Success,488004.0,MPLADS eSAKSHI Public Dashboard
PAY-01177,WS/MP18116/2025-2026/220950,Maharashtra,THANE(DISTRICT COLLECTOR THANE_IDA),BALYA MAMA SURESH GOPINATH MHATRE,BHIWANDI,Construction of footpaths and pedestrian ways,2026-03-13,Manas Ramesh Desale,Payment Success,492617.0,MPLADS eSAKSHI Public Dashboard
PAY-01178,WS/MP18116/2025-2026/220951,Maharashtra,THANE(DISTRICT COLLECTOR THANE_IDA),BALYA MAMA SURESH GOPINATH MHATRE,BHIWANDI,Construction of footpaths and pedestrian ways,2026-03-13,Manas Ramesh Desale,Payment Success,492695.0,MPLADS eSAKSHI Public Dashboard
PAY-01179,WS/MP18116/2025-2026/220954,Maharashtra,THANE(DISTRICT COLLECTOR THANE_IDA),BALYA MAMA SURESH GOPINATH MHATRE,BHIWANDI,Construction of footpaths and pedestrian ways,2026-08-06,bhushan raghunath gharat,Payment Success,492080.0,MPLADS eSAKSHI Public Dashboard
PAY-01180,WS/MP18116/2025-2026/220956,Maharashtra,THANE(DISTRICT COLLECTOR THANE_IDA),BALYA MAMA SURESH GOPINATH MHATRE,BHIWANDI,Construction of footpaths and pedestrian ways,2026-02-14,Dinesh Water Proofing,Payment Success,487287.0,MPLADS eSAKSHI Public Dashboard
PAY-01181,WS/MP18116/2025-2026/208376,Maharashtra,THANE(DISTRICT COLLECTOR THANE_IDA),BALYA MAMA SURESH GOPINATH MHATRE,BHIWANDI,Construction of footpaths and pedestrian ways,2026-02-09,vishal vilas gholap,Payment Success,483899.0,MPLADS eSAKSHI Public Dashboard
PAY-01182,WS/MP18116/2025-2026/208377,Maharashtra,THANE(DISTRICT COLLECTOR THANE_IDA),BALYA MAMA SURESH GOPINATH MHATRE,BHIWANDI,Construction of footpaths and pedestrian ways,2026-02-09,vishal vilas gholap,Payment Success,483571.0,MPLADS eSAKSHI Public Dashboard
PAY-01183,WS/MP18123/2026-2027/228593,Maharashtra,KOLHAPUR(DISTRICT COLLECTOR KOLHAPUR_IDA),CHHATRAPATI SHAHU SHAHAJI,KOLHAPUR,Providing drains and gutters for public drainage,2026-06-23,SUHAS SHIVAJI CHAVAN,Payment Success,1000000.0,MPLADS eSAKSHI Public Dashboard
PAY-01184,WS/MP18123/2026-2027/226878,Maharashtra,KOLHAPUR(DISTRICT COLLECTOR KOLHAPUR_IDA),CHHATRAPATI SHAHU SHAHAJI,KOLHAPUR,"Construction of roads, link roads, pathways or any other road with or without drainage system",2026-07-10,Kedarnath Basvant Manurkar Kolhapur,Payment Success,981834.0,MPLADS eSAKSHI Public Dashboard
PAY-01185,WS/MP18123/2025-2026/169714,Maharashtra,KOLHAPUR(DISTRICT COLLECTOR KOLHAPUR_IDA),CHHATRAPATI SHAHU SHAHAJI,KOLHAPUR,"Construction of roads, link roads, pathways or any other road with or without drainage system",2025-08-08,SAMEER SHANKARAO PATIL,Payment Success,500000.0,MPLADS eSAKSHI Public Dashboard
PAY-01186,WS/MP18123/2025-2026/169715,Maharashtra,KOLHAPUR(DISTRICT COLLECTOR KOLHAPUR_IDA),CHHATRAPATI SHAHU SHAHAJI,KOLHAPUR,"Construction of roads, link roads, pathways or any other road with or without drainage system",2025-11-20,Dayanand Suresh Savardekar,Payment Success,640680.0,MPLADS eSAKSHI Public Dashboard
PAY-01187,WS/MP18123/2025-2026/169715,Maharashtra,KOLHAPUR(DISTRICT COLLECTOR KOLHAPUR_IDA),CHHATRAPATI SHAHU SHAHAJI,KOLHAPUR,"Construction of roads, link roads, pathways or any other road with or without drainage system",2025-12-02,Dayanand Suresh Savardekar,Payment Success,301384.0,MPLADS eSAKSHI Public Dashboard
PAY-01188,WS/MP18123/2025-2026/169723,Maharashtra,KOLHAPUR(DISTRICT COLLECTOR KOLHAPUR_IDA),CHHATRAPATI SHAHU SHAHAJI,KOLHAPUR,Crematoriums/energy efficient crematoriums or structures on burial/cremation ground,2025-12-15,AMOL MARUTI PATIL ADAMAPUR TAL BHUDARGAD,Payment Success,500000.0,MPLADS eSAKSHI Public Dashboard
PAY-01189,WS/MP18123/2025-2026/169737,Maharashtra,KOLHAPUR(DISTRICT COLLECTOR KOLHAPUR_IDA),CHHATRAPATI SHAHU SHAHAJI,KOLHAPUR,Crematoriums/energy efficient crematoriums or structures on burial/cremation ground,2025-10-14,Shailesh Udaysingh Bhosale,Payment Success,1000000.0,MPLADS eSAKSHI Public Dashboard
PAY-01190,WS/MP18123/2026-2027/224470,Maharashtra,KOLHAPUR(DISTRICT COLLECTOR KOLHAPUR_IDA),CHHATRAPATI SHAHU SHAHAJI,KOLHAPUR,"Construction of roads, link roads, pathways or any other road with or without drainage system",2026-06-19,Kunal Yuvraj Rasal,Payment Success,1000000.0,MPLADS eSAKSHI Public Dashboard
PAY-01191,WS/MP18123/2025-2026/186346,Maharashtra,KOLHAPUR(DISTRICT COLLECTOR KOLHAPUR_IDA),CHHATRAPATI SHAHU SHAHAJI,KOLHAPUR,Crematoriums/energy efficient crematoriums or structures on burial/cremation ground,2026-03-13,Sagar Pandurang Patil,Payment Success,597025.0,MPLADS eSAKSHI Public Dashboard
PAY-01192,WS/MP18118/2025-2026/252879,Maharashtra,NASHIK(DISTRICT COLLECTOR NASHIK_IDA),BHASKAR MURLIDHAR BHAGARE,DINDORI(ST),"Purchase of IT systems, including hardware and software for educational purposes",2026-03-18,YADNYESH ENTERPRISES NASHIK,Payment Success,3000000.0,MPLADS eSAKSHI Public Dashboard
PAY-01193,WS/MP18117/2025-2026/168713,Maharashtra,NASHIK(DISTRICT COLLECTOR NASHIK_IDA),BACHHAV SHOBHA DINESH,DHULE,"Purchase of smart boards, visual display units and projectors",2025-06-19,YADNYESH ENTERPRISES NASHIK,Payment Success,1000000.0,MPLADS eSAKSHI Public Dashboard
PAY-01194,WS/MP18117/2025-2026/168715,Maharashtra,NASHIK(DISTRICT COLLECTOR NASHIK_IDA),BACHHAV SHOBHA DINESH,DHULE,"Purchase of smart boards, visual display units and projectors",2025-06-19,YADNYESH ENTERPRISES NASHIK,Payment Success,1000000.0,MPLADS eSAKSHI Public Dashboard
PAY-01195,WS/MP18429/2026-2027/217228,Maharashtra,NANDED(DISTRICT COLLECTOR NANDED_IDA),Ravindra Vasantrao Chavan,NANDED,"Construction of roads, link roads, pathways or any other road with or without drainage system",2026-07-09,H H INFRASTRUCTURE,Payment Success,999696.0,MPLADS eSAKSHI Public Dashboard
PAY-01196,WS/MP18429/2026-2027/227298,Maharashtra,NANDED(DISTRICT COLLECTOR NANDED_IDA),Ravindra Vasantrao Chavan,NANDED,"Construction of roads, link roads, pathways or any other road with or without drainage system",2026-04-10,Narayan Ramrao Tamanna,Payment Success,999238.0,MPLADS eSAKSHI Public Dashboard
PAY-01197,WS/MP18429/2025-2026/227018,Maharashtra,NANDED(DISTRICT COLLECTOR NANDED_IDA),Ravindra Vasantrao Chavan,NANDED,"Construction of roads, link roads, pathways or any other road with or without drainage system",2026-04-02,Baliram Uttamrao Puyad,Payment Success,995712.0,MPLADS eSAKSHI Public Dashboard
PAY-01198,WS/MP18429/2026-2027/225932,Maharashtra,NANDED(DISTRICT COLLECTOR NANDED_IDA),Ravindra Vasantrao Chavan,NANDED,"Construction of roads, link roads, pathways or any other road with or without drainage system",2026-04-10,Narayan Ramrao Tamanna,Payment Success,998790.0,MPLADS eSAKSHI Public Dashboard
PAY-01199,WS/MP18429/2026-2027/242399,Maharashtra,NANDED(DISTRICT COLLECTOR NANDED_IDA),Ravindra Vasantrao Chavan,NANDED,"Construction of roads, link roads, pathways or any other road with or without drainage system",2026-07-09,H H INFRASTRUCTURE,Payment Success,991949.0,MPLADS eSAKSHI Public Dashboard
PAY-01200,WS/MP18127/2025-2026/188372,Maharashtra,NASHIK(DISTRICT COLLECTOR NASHIK_IDA),RAJABHAU,NASHIK,"Construction of roads, link roads, pathways or any other road with or without drainage system",2026-03-07,khandarkar yash kashinath,Payment Success,745000.0,MPLADS eSAKSHI Public Dashboard
PAY-01201,WS/MP18127/2025-2026/188373,Maharashtra,NASHIK(DISTRICT COLLECTOR NASHIK_IDA),RAJABHAU,NASHIK,Construction of community centers and community halls,2026-01-21,SUJAY SUNIL AROTE,Payment Success,988000.0,MPLADS eSAKSHI Public Dashboard
PAY-01202,WS/MP18127/2025-2026/188385,Maharashtra,NASHIK(DISTRICT COLLECTOR NASHIK_IDA),RAJABHAU,NASHIK,Construction of public irrigation facilities,2025-11-19,RAHUL WAGH,Payment Success,988000.0,MPLADS eSAKSHI Public Dashboard
PAY-01203,WS/MP18127/2025-2026/188388,Maharashtra,NASHIK(DISTRICT COLLECTOR NASHIK_IDA),RAJABHAU,NASHIK,Construction of community centers and community halls,2026-08-21,Santkrupa Majur V Bandhkam Sahkari Sanstha Maryadit Vadgaon,Payment Success,988000.0,MPLADS eSAKSHI Public Dashboard
PAY-01204,WS/MP18118/2025-2026/188292,Maharashtra,NASHIK(DISTRICT COLLECTOR NASHIK_IDA),BHASKAR MURLIDHAR BHAGARE,DINDORI(ST),Construction of community centers and community halls,2025-12-23,MAYUR DINESH CHAVAN,Payment Success,998000.0,MPLADS eSAKSHI Public Dashboard
PAY-01205,WS/MP18118/2025-2026/188299,Maharashtra,NASHIK(DISTRICT COLLECTOR NASHIK_IDA),BHASKAR MURLIDHAR BHAGARE,DINDORI(ST),Crematoriums/energy efficient crematoriums or structures on burial/cremation ground,2025-11-25,ROHIT BHARAT SAWANT,Payment Success,998000.0,MPLADS eSAKSHI Public Dashboard
PAY-01206,WS/MP18118/2025-2026/188314,Maharashtra,NASHIK(DISTRICT COLLECTOR NASHIK_IDA),BHASKAR MURLIDHAR BHAGARE,DINDORI(ST),Crematoriums/energy efficient crematoriums or structures on burial/cremation ground,2025-12-23,MAYUR DINESH CHAVAN,Payment Success,699000.0,MPLADS eSAKSHI Public Dashboard
PAY-01207,WS/MP18118/2025-2026/188316,Maharashtra,NASHIK(DISTRICT COLLECTOR NASHIK_IDA),BHASKAR MURLIDHAR BHAGARE,DINDORI(ST),"Construction of roads, link roads, pathways or any other road with or without drainage system",2026-07-20,Om Deepak Deshmukh,Payment Success,998000.0,MPLADS eSAKSHI Public Dashboard
PAY-01208,WS/MP18118/2025-2026/188318,Maharashtra,NASHIK(DISTRICT COLLECTOR NASHIK_IDA),BHASKAR MURLIDHAR BHAGARE,DINDORI(ST),"Construction of Government office buildings (Post office, Police station, Police chauki, etc.)",2026-02-03,NUTAN DNYANESHWAR JADHAV,Payment Success,499000.0,MPLADS eSAKSHI Public Dashboard
PAY-01209,WS/MP18127/2025-2026/188393,Maharashtra,NASHIK(DISTRICT COLLECTOR NASHIK_IDA),RAJABHAU,NASHIK,"Construction of roads, link roads, pathways or any other road with or without drainage system",2025-12-15,RUSHIKESH SHIVAJI IGHE,Payment Success,991830.0,MPLADS eSAKSHI Public Dashboard
PAY-01210,WS/MP18127/2025-2026/188394,Maharashtra,NASHIK(DISTRICT COLLECTOR NASHIK_IDA),RAJABHAU,NASHIK,Construction of public libraries and reading rooms,2026-07-15,MANOJ BALKRISHNA SONAVANE,Payment Success,986000.0,MPLADS eSAKSHI Public Dashboard
PAY-01211,WS/MP18127/2025-2026/188398,Maharashtra,NASHIK(DISTRICT COLLECTOR NASHIK_IDA),RAJABHAU,NASHIK,Construction of public irrigation facilities,2026-01-21,JAYESH SHAHAJI GHUGE,Payment Success,986993.0,MPLADS eSAKSHI Public Dashboard
PAY-01212,WS/MP18127/2025-2026/188378,Maharashtra,NASHIK(DISTRICT COLLECTOR NASHIK_IDA),RAJABHAU,NASHIK,"Construction of roads, link roads, pathways or any other road with or without drainage system",2025-08-13,vishwakarma majoor sahakari sanstha mary,Payment Success,692500.0,MPLADS eSAKSHI Public Dashboard
PAY-01213,WS/MP18127/2025-2026/188401,Maharashtra,NASHIK(DISTRICT COLLECTOR NASHIK_IDA),RAJABHAU,NASHIK,Construction of public libraries and reading rooms,2025-08-14,adityavijaywaje,Payment Success,748000.0,MPLADS eSAKSHI Public Dashboard
PAY-01214,WS/MP18127/2025-2026/188407,Maharashtra,NASHIK(DISTRICT COLLECTOR NASHIK_IDA),RAJABHAU,NASHIK,Construction of community centers and community halls,2025-10-29,SARVESHWAR VIDYUT MAJOOR VA BANDHKAM SAHAKARI SANSTHA MARYA,Payment Success,500000.0,MPLADS eSAKSHI Public Dashboard
PAY-01215,WS/MP18118/2025-2026/188445,Maharashtra,NASHIK(DISTRICT COLLECTOR NASHIK_IDA),BHASKAR MURLIDHAR BHAGARE,DINDORI(ST),"Construction of roads, link roads, pathways or any other road with or without drainage system",2026-01-08,MAYUR DINESH CHAVAN,Payment Success,999000.0,MPLADS eSAKSHI Public Dashboard
PAY-01216,WS/MP18118/2025-2026/188302,Maharashtra,NASHIK(DISTRICT COLLECTOR NASHIK_IDA),BHASKAR MURLIDHAR BHAGARE,DINDORI(ST),Crematoriums/energy efficient crematoriums or structures on burial/cremation ground,2026-07-20,Om Deepak Deshmukh,Payment Success,998000.0,MPLADS eSAKSHI Public Dashboard
PAY-01217,WS/MP18127/2025-2026/253702,Maharashtra,NASHIK(DISTRICT COLLECTOR NASHIK_IDA),RAJABHAU,NASHIK,"Construction of roads, link roads, pathways or any other road with or without drainage system",2026-07-10,MATOSHRI MAJUR SAH SANSTHA MARYADIT,Payment Success,997000.0,MPLADS eSAKSHI Public Dashboard
PAY-01218,WS/MP18112/2025-2026/177511,Maharashtra,AMRAVATI(DISTRICT COLLECTOR AMRAVATI_IDA),BALWANT BASWANT WANKHADE,AMRAVATI(SC),Construction of community centers and community halls,2026-08-05,VIKRANT RAJENDRA INGOLE,Payment Success,894209.0,MPLADS eSAKSHI Public Dashboard
PAY-01219,WS/MP18112/2025-2026/144100,Maharashtra,AMRAVATI(DISTRICT COLLECTOR AMRAVATI_IDA),BALWANT BASWANT WANKHADE,AMRAVATI(SC),"Construction of roads, link roads, pathways or any other road with or without drainage system",2026-07-16,Mahatma Fule lcs markanda,Payment Success,694428.0,MPLADS eSAKSHI Public Dashboard
PAY-01220,WS/MP18112/2025-2026/213849,Maharashtra,AMRAVATI(DISTRICT COLLECTOR AMRAVATI_IDA),BALWANT BASWANT WANKHADE,AMRAVATI(SC),Setting up public non-conventional energy plants,2026-06-18,Disha Enterprises,Payment Success,784170.0,MPLADS eSAKSHI Public Dashboard
PAY-01221,WS/MP18369/2026-2027/237126,Maharashtra,WASHIM(DISTRICT COLLECTOR WASHIM_IDA),Sanjay Uttamrao Deshmukh,YAVATMAL-WASHIM,"Construction of roads, link roads, pathways or any other road with or without drainage system",2026-07-03,Krushna Ramdas Surve,Payment Success,745795.0,MPLADS eSAKSHI Public Dashboard
PAY-01222,WS/MP18111/2025-2026/187509,Maharashtra,AKOLA(DISTRICT COLLECTOR AKOLA_IDA),ANUP SANJAY DHOTRE,AKOLA,"Construction of roads, link roads, pathways or any other road with or without drainage system",2025-08-29,Rashtriya Majur Kamgar Sah Sanstha Telhara,Payment Success,500000.0,MPLADS eSAKSHI Public Dashboard
PAY-01223,WS/MP18111/2025-2026/187509,Maharashtra,AKOLA(DISTRICT COLLECTOR AKOLA_IDA),ANUP SANJAY DHOTRE,AKOLA,"Construction of roads, link roads, pathways or any other road with or without drainage system",2025-10-09,Rashtriya Majur Kamgar Sah Sanstha Telhara,Payment Success,458282.0,MPLADS eSAKSHI Public Dashboard
PAY-01224,WS/MP18111/2025-2026/187122,Maharashtra,AKOLA(DISTRICT COLLECTOR AKOLA_IDA),ANUP SANJAY DHOTRE,AKOLA,"Construction of roads, link roads, pathways or any other road with or without drainage system",2025-10-29,TIRUPATI MAJUR KAMGAR SAHAKARI SANSTHA MARY,Payment Success,500000.0,MPLADS eSAKSHI Public Dashboard
PAY-01225,WS/MP18111/2025-2026/187122,Maharashtra,AKOLA(DISTRICT COLLECTOR AKOLA_IDA),ANUP SANJAY DHOTRE,AKOLA,"Construction of roads, link roads, pathways or any other road with or without drainage system",2026-03-28,TIRUPATI MAJUR KAMGAR SAHAKARI SANSTHA MARY,Payment Success,476441.0,MPLADS eSAKSHI Public Dashboard
PAY-01226,WS/MP18111/2025-2026/187092,Maharashtra,AKOLA(DISTRICT COLLECTOR AKOLA_IDA),ANUP SANJAY DHOTRE,AKOLA,Construction of community centers and community halls,2026-03-04,Gajanan Gangadharrao Barke,Payment Success,433252.0,MPLADS eSAKSHI Public Dashboard
PAY-01227,WS/MP18111/2025-2026/187092,Maharashtra,AKOLA(DISTRICT COLLECTOR AKOLA_IDA),ANUP SANJAY DHOTRE,AKOLA,Construction of community centers and community halls,2026-06-19,Gajanan Gangadharrao Barke,Payment Success,545492.0,MPLADS eSAKSHI Public Dashboard
PAY-01228,WS/MP18111/2025-2026/187119,Maharashtra,AKOLA(DISTRICT COLLECTOR AKOLA_IDA),ANUP SANJAY DHOTRE,AKOLA,"Construction of roads, link roads, pathways or any other road with or without drainage system",2025-10-30,TIRUPATI MAJUR KAMGAR SAHAKARI SANSTHA MARY,Payment Success,981707.0,MPLADS eSAKSHI Public Dashboard
PAY-01229,WS/MP18111/2025-2026/269009,Maharashtra,AKOLA(DISTRICT COLLECTOR AKOLA_IDA),ANUP SANJAY DHOTRE,AKOLA,"Construction of roads, link roads, pathways or any other road with or without drainage system",2026-04-03,NARENDRA SOPANRAO THOKAL,Payment Success,500000.0,MPLADS eSAKSHI Public Dashboard
PAY-01230,WS/MP18111/2026-2027/188362,Maharashtra,AKOLA(DISTRICT COLLECTOR AKOLA_IDA),ANUP SANJAY DHOTRE,AKOLA,Construction of community centers and community halls,2026-04-07,ANUPSINGH VIJAYSINGH RAJPUT,Payment Success,586926.0,MPLADS eSAKSHI Public Dashboard
PAY-01231,WS/MP18111/2025-2026/188364,Maharashtra,AKOLA(DISTRICT COLLECTOR AKOLA_IDA),ANUP SANJAY DHOTRE,AKOLA,"Construction of roads, link roads, pathways or any other road with or without drainage system",2025-08-29,Rashtriya Majur Kamgar Sah Sanstha Telhara,Payment Success,150000.0,MPLADS eSAKSHI Public Dashboard
PAY-01232,WS/MP18111/2025-2026/188364,Maharashtra,AKOLA(DISTRICT COLLECTOR AKOLA_IDA),ANUP SANJAY DHOTRE,AKOLA,"Construction of roads, link roads, pathways or any other road with or without drainage system",2025-10-09,Rashtriya Majur Kamgar Sah Sanstha Telhara,Payment Success,137286.0,MPLADS eSAKSHI Public Dashboard
PAY-01233,WS/MP685/2026-2027/254563,Maharashtra,RAIGAD(DISTRICT COLLECTOR RAIGAD_IDA),Shrirang Appa Barne,MAVAL,Construction of water tanks,2026-06-22,Devidas Sambhaji chavan,Payment Success,750000.0,MPLADS eSAKSHI Public Dashboard
PAY-01234,WS/MP18111/2026-2027/188367,Maharashtra,AKOLA(DISTRICT COLLECTOR AKOLA_IDA),ANUP SANJAY DHOTRE,AKOLA,"Construction of roads, link roads, pathways or any other road with or without drainage system",2026-07-27,Pre Swawalambi Majoor Kamgar Sahakari Sanstha Murtizaour,Payment Success,1000000.0,MPLADS eSAKSHI Public Dashboard
PAY-01235,WS/MP18111/2025-2026/187074,Maharashtra,AKOLA(DISTRICT COLLECTOR AKOLA_IDA),ANUP SANJAY DHOTRE,AKOLA,"Construction of roads, link roads, pathways or any other road with or without drainage system",2025-12-08,Nishant Gulab Rathod,Payment Success,990061.0,MPLADS eSAKSHI Public Dashboard
PAY-01236,WS/MP18111/2026-2027/224225,Maharashtra,AKOLA(DISTRICT COLLECTOR AKOLA_IDA),ANUP SANJAY DHOTRE,AKOLA,"Construction of roads, link roads, pathways or any other road with or without drainage system",2026-05-21,HARISH PRALHAD SHINDKHEDKAR,Payment Success,520557.0,MPLADS eSAKSHI Public Dashboard
PAY-01237,WS/MP18111/2025-2026/194800,Maharashtra,AKOLA(DISTRICT COLLECTOR AKOLA_IDA),ANUP SANJAY DHOTRE,AKOLA,"Construction of roads, link roads, pathways or any other road with or without drainage system",2025-12-05,Nishant Gulab Rathod,Payment Success,873496.0,MPLADS eSAKSHI Public Dashboard
PAY-01238,WS/MP18111/2025-2026/194801,Maharashtra,AKOLA(DISTRICT COLLECTOR AKOLA_IDA),ANUP SANJAY DHOTRE,AKOLA,"Construction of roads, link roads, pathways or any other road with or without drainage system",2025-12-08,Nishant Gulab Rathod,Payment Success,900000.0,MPLADS eSAKSHI Public Dashboard
PAY-01239,WS/MP18111/2025-2026/194802,Maharashtra,AKOLA(DISTRICT COLLECTOR AKOLA_IDA),ANUP SANJAY DHOTRE,AKOLA,"Construction of roads, link roads, pathways or any other road with or without drainage system",2025-12-08,Nishant Gulab Rathod,Payment Success,950000.0,MPLADS eSAKSHI Public Dashboard
PAY-01240,WS/MP18111/2026-2027/269037,Maharashtra,AKOLA(DISTRICT COLLECTOR AKOLA_IDA),ANUP SANJAY DHOTRE,AKOLA,"Construction of roads, link roads, pathways or any other road with or without drainage system",2026-08-17,Nishant Gulab Rathod,Payment Success,984839.0,MPLADS eSAKSHI Public Dashboard
PAY-01241,WS/MP18111/2026-2027/187121,Maharashtra,AKOLA(DISTRICT COLLECTOR AKOLA_IDA),ANUP SANJAY DHOTRE,AKOLA,Construction of platforms and passenger sheds at railway stations,2026-06-15,Gajanan Gangadharrao Barke,Payment Success,1000000.0,MPLADS eSAKSHI Public Dashboard
PAY-01242,WS/MP18111/2025-2026/144099,Maharashtra,AKOLA(DISTRICT COLLECTOR AKOLA_IDA),ANUP SANJAY DHOTRE,AKOLA,"Construction of roads, link roads, pathways or any other road with or without drainage system",2025-05-29,JAY SHRIKRUSHNA MAJOOR KAMGAR SAHKARI SANSTHA,Payment Success,483603.0,MPLADS eSAKSHI Public Dashboard
PAY-01243,WS/MP18123/2026-2027/238158,Maharashtra,KOLHAPUR(DISTRICT COLLECTOR KOLHAPUR_IDA),CHHATRAPATI SHAHU SHAHAJI,KOLHAPUR,"Construction of roads, link roads, pathways or any other road with or without drainage system",2026-06-14,Ch Shri Bhaveswari MSS Ltd Uttur,Payment Success,999696.0,MPLADS eSAKSHI Public Dashboard
PAY-01244,WS/MP18123/2025-2026/190896,Maharashtra,KOLHAPUR(DISTRICT COLLECTOR KOLHAPUR_IDA),CHHATRAPATI SHAHU SHAHAJI,KOLHAPUR,"Construction of roads, link roads, pathways or any other road with or without drainage system",2025-10-07,ADITYA SURYAKANT GHEVADE,Payment Success,1500000.0,MPLADS eSAKSHI Public Dashboard
PAY-01245,WS/MP18123/2026-2027/226874,Maharashtra,KOLHAPUR(DISTRICT COLLECTOR KOLHAPUR_IDA),CHHATRAPATI SHAHU SHAHAJI,KOLHAPUR,"Construction of roads, link roads, pathways or any other road with or without drainage system",2026-06-23,ANIL BASAWANI KHANNA,Payment Success,1000000.0,MPLADS eSAKSHI Public Dashboard
PAY-01246,WS/MP18123/2026-2027/232859,Maharashtra,KOLHAPUR(DISTRICT COLLECTOR KOLHAPUR_IDA),CHHATRAPATI SHAHU SHAHAJI,KOLHAPUR,"Construction of roads, link roads, pathways or any other road with or without drainage system",2026-07-02,SAMEER SHANKARAO PATIL,Payment Success,997486.0,MPLADS eSAKSHI Public Dashboard
PAY-01247,WS/MP18123/2026-2027/220023,Maharashtra,KOLHAPUR(DISTRICT COLLECTOR KOLHAPUR_IDA),CHHATRAPATI SHAHU SHAHAJI,KOLHAPUR,"Construction of roads, link roads, pathways or any other road with or without drainage system",2026-07-03,Abhishek Sanjay Patil Kasaba Tarale Tal Radhanagari,Payment Success,1200000.0,MPLADS eSAKSHI Public Dashboard
PAY-01248,WS/MP18123/2026-2027/224466,Maharashtra,KOLHAPUR(DISTRICT COLLECTOR KOLHAPUR_IDA),CHHATRAPATI SHAHU SHAHAJI,KOLHAPUR,"Construction of roads, link roads, pathways or any other road with or without drainage system",2026-06-23,KARNA GURUNATH MORE,Payment Success,1000000.0,MPLADS eSAKSHI Public Dashboard
PAY-01249,WS/MP18112/2025-2026/259059,Maharashtra,AMRAVATI(DISTRICT COLLECTOR AMRAVATI_IDA),BALWANT BASWANT WANKHADE,AMRAVATI(SC),"Construction of roads, link roads, pathways or any other road with or without drainage system",2026-05-22,Mahatma Fule lcs markanda,Payment Success,479000.0,MPLADS eSAKSHI Public Dashboard
PAY-01250,WS/MP18112/2025-2026/259060,Maharashtra,AMRAVATI(DISTRICT COLLECTOR AMRAVATI_IDA),BALWANT BASWANT WANKHADE,AMRAVATI(SC),"Construction of roads, link roads, pathways or any other road with or without drainage system",2026-05-17,AMIT NAGORAO MULE,Payment Success,498287.0,MPLADS eSAKSHI Public Dashboard
PAY-01251,WS/MP18112/2026-2027/259061,Maharashtra,AMRAVATI(DISTRICT COLLECTOR AMRAVATI_IDA),BALWANT BASWANT WANKHADE,AMRAVATI(SC),Construction of community centers and community halls,2026-08-20,AMIT NAGORAO MULE,Payment Success,975465.0,MPLADS eSAKSHI Public Dashboard
PAY-01252,WS/MP18112/2025-2026/243544,Maharashtra,AMRAVATI(DISTRICT COLLECTOR AMRAVATI_IDA),BALWANT BASWANT WANKHADE,AMRAVATI(SC),Construction of boundary walls of existing public and community buildings,2025-10-29,NILESH SHRIVANT WANKHADE,Payment Success,847036.0,MPLADS eSAKSHI Public Dashboard
PAY-01253,WS/MP18112/2025-2026/243544,Maharashtra,AMRAVATI(DISTRICT COLLECTOR AMRAVATI_IDA),BALWANT BASWANT WANKHADE,AMRAVATI(SC),Construction of boundary walls of existing public and community buildings,2025-12-22,NILESH SHRIVANT WANKHADE,Payment Success,151719.0,MPLADS eSAKSHI Public Dashboard
PAY-01254,WS/MP18112/2024-2025/164640,Maharashtra,AMRAVATI(DISTRICT COLLECTOR AMRAVATI_IDA),BALWANT BASWANT WANKHADE,AMRAVATI(SC),"Construction of flood control embankments/ protection walls along riverbanks, hilltops, roadsides",2025-06-27,MAHATMA FULE MAJOOR SAH SANTHA HASANAPUR PARDI,Payment Success,999205.0,MPLADS eSAKSHI Public Dashboard
PAY-01255,WS/MP18112/2025-2026/164644,Maharashtra,AMRAVATI(DISTRICT COLLECTOR AMRAVATI_IDA),BALWANT BASWANT WANKHADE,AMRAVATI(SC),Construction of community centers and community halls,2026-05-27,Navnit Sudhirrao Toley,Payment Success,1102688.0,MPLADS eSAKSHI Public Dashboard
PAY-01256,WS/MP18112/2025-2026/188633,Maharashtra,AMRAVATI(DISTRICT COLLECTOR AMRAVATI_IDA),BALWANT BASWANT WANKHADE,AMRAVATI(SC),Construction of boundary walls of existing public and community buildings,2026-07-31,LAXMIKANT ANIL SOMANI,Payment Success,1199641.0,MPLADS eSAKSHI Public Dashboard
PAY-01257,WS/MP18112/2025-2026/188842,Maharashtra,AMRAVATI(DISTRICT COLLECTOR AMRAVATI_IDA),BALWANT BASWANT WANKHADE,AMRAVATI(SC),Construction of boundary walls of existing public and community buildings,2026-06-15,Aditya Ganeshrao Gawande27AWDPT5004E1ZQ,Payment Success,1499601.0,MPLADS eSAKSHI Public Dashboard
PAY-01258,WS/MP18112/2025-2026/189777,Maharashtra,AMRAVATI(DISTRICT COLLECTOR AMRAVATI_IDA),BALWANT BASWANT WANKHADE,AMRAVATI(SC),"Construction of roads, link roads, pathways or any other road with or without drainage system",2025-10-18,shree dharmaji adivasi society,Payment Success,781671.0,MPLADS eSAKSHI Public Dashboard
PAY-01259,WS/MP18112/2025-2026/233385,Maharashtra,AMRAVATI(DISTRICT COLLECTOR AMRAVATI_IDA),BALWANT BASWANT WANKHADE,AMRAVATI(SC),Construction of community centers and community halls,2026-05-20,Daryapur Majoor Kamgar sahakari sanstha,Payment Success,823515.0,MPLADS eSAKSHI Public Dashboard
PAY-01260,WS/MP18112/2025-2026/233385,Maharashtra,AMRAVATI(DISTRICT COLLECTOR AMRAVATI_IDA),BALWANT BASWANT WANKHADE,AMRAVATI(SC),Construction of community centers and community halls,2026-07-22,Daryapur Majoor Kamgar sahakari sanstha,Payment Success,374826.0,MPLADS eSAKSHI Public Dashboard
PAY-01261,WS/MP18112/2025-2026/233391,Maharashtra,AMRAVATI(DISTRICT COLLECTOR AMRAVATI_IDA),BALWANT BASWANT WANKHADE,AMRAVATI(SC),"Construction of roads, link roads, pathways or any other road with or without drainage system",2026-03-20,MOHD RIZWAN MOHD NAZIM,Payment Success,498615.0,MPLADS eSAKSHI Public Dashboard
PAY-01262,WS/MP18112/2025-2026/233398,Maharashtra,AMRAVATI(DISTRICT COLLECTOR AMRAVATI_IDA),BALWANT BASWANT WANKHADE,AMRAVATI(SC),Construction of community centers and community halls,2026-06-10,JWALAMUKHI JAGDAMBA MAJUR KAMGAR SAHAKARI SANSTHA,Payment Success,853761.0,MPLADS eSAKSHI Public Dashboard
PAY-01263,WS/MP18112/2025-2026/233404,Maharashtra,AMRAVATI(DISTRICT COLLECTOR AMRAVATI_IDA),BALWANT BASWANT WANKHADE,AMRAVATI(SC),Construction of community centers and community halls,2026-07-17,shree dharmaji adivasi society,Payment Success,1499496.0,MPLADS eSAKSHI Public Dashboard
PAY-01264,WS/MP18112/2025-2026/233405,Maharashtra,AMRAVATI(DISTRICT COLLECTOR AMRAVATI_IDA),BALWANT BASWANT WANKHADE,AMRAVATI(SC),Construction of culverts and bridges,2026-06-15,MAHATMA FULE MAJOOR SAH SANTHA HASANAPUR PARDI,Payment Success,566690.0,MPLADS eSAKSHI Public Dashboard
PAY-01265,WS/MP18112/2025-2026/233406,Maharashtra,AMRAVATI(DISTRICT COLLECTOR AMRAVATI_IDA),BALWANT BASWANT WANKHADE,AMRAVATI(SC),Construction of community centers and community halls,2026-08-17,SHRIGANESH MAJOOR SAH SANTHA,Payment Success,1199662.0,MPLADS eSAKSHI Public Dashboard
PAY-01266,WS/MP18112/2025-2026/233407,Maharashtra,AMRAVATI(DISTRICT COLLECTOR AMRAVATI_IDA),BALWANT BASWANT WANKHADE,AMRAVATI(SC),Construction of community centers and community halls,2026-08-20,SHRIGANESH MAJOOR SAH SANTHA,Payment Success,1199810.0,MPLADS eSAKSHI Public Dashboard
PAY-01267,WS/MP18112/2025-2026/233410,Maharashtra,AMRAVATI(DISTRICT COLLECTOR AMRAVATI_IDA),BALWANT BASWANT WANKHADE,AMRAVATI(SC),"Construction of roads, link roads, pathways or any other road with or without drainage system",2026-07-03,SYED YASEER ZAMA SYED ZAFAR ALI,Payment Success,990844.0,MPLADS eSAKSHI Public Dashboard
PAY-01268,WS/MP18112/2025-2026/217148,Maharashtra,AMRAVATI(DISTRICT COLLECTOR AMRAVATI_IDA),BALWANT BASWANT WANKHADE,AMRAVATI(SC),"Construction of roads, link roads, pathways or any other road with or without drainage system",2025-11-21,ANAND PRAVIN WARUDKAR,Payment Success,692605.0,MPLADS eSAKSHI Public Dashboard
PAY-01269,WS/MP18112/2025-2026/258916,Maharashtra,AMRAVATI(DISTRICT COLLECTOR AMRAVATI_IDA),BALWANT BASWANT WANKHADE,AMRAVATI(SC),"Construction of roads, link roads, pathways or any other road with or without drainage system",2026-01-16,VARSHA MAJOOR SAH SANTHA AMRAVATI,Payment Success,951150.0,MPLADS eSAKSHI Public Dashboard
PAY-01270,WS/MP18112/2025-2026/189000,Maharashtra,AMRAVATI(DISTRICT COLLECTOR AMRAVATI_IDA),BALWANT BASWANT WANKHADE,AMRAVATI(SC),Construction of community centers and community halls,2026-06-23,Dipak Mahadeorao Padolkar,Payment Success,970479.0,MPLADS eSAKSHI Public Dashboard
PAY-01271,WS/MP18112/2025-2026/243760,Maharashtra,AMRAVATI(DISTRICT COLLECTOR AMRAVATI_IDA),BALWANT BASWANT WANKHADE,AMRAVATI(SC),"Construction of roads, link roads, pathways or any other road with or without drainage system",2026-08-11,Akash Rajendra Kharode,Payment Success,992500.0,MPLADS eSAKSHI Public Dashboard
PAY-01272,WS/MP18111/2026-2027/269014,Maharashtra,AKOLA(DISTRICT COLLECTOR AKOLA_IDA),ANUP SANJAY DHOTRE,AKOLA,"Construction of roads, link roads, pathways or any other road with or without drainage system",2026-06-18,SACHIV SARPANCH VISHESH NIDHI GRAMPANCHAYAT KURANKHED,Payment Success,150000.0,MPLADS eSAKSHI Public Dashboard
PAY-01273,WS/MP18111/2026-2027/269014,Maharashtra,AKOLA(DISTRICT COLLECTOR AKOLA_IDA),ANUP SANJAY DHOTRE,AKOLA,"Construction of roads, link roads, pathways or any other road with or without drainage system",2026-06-23,SACHIV SARPANCH VISHESH NIDHI GRAMPANCHAYAT KURANKHED,Payment Success,144791.0,MPLADS eSAKSHI Public Dashboard
PAY-01274,WS/MP18111/2026-2027/269017,Maharashtra,AKOLA(DISTRICT COLLECTOR AKOLA_IDA),ANUP SANJAY DHOTRE,AKOLA,"Construction of roads, link roads, pathways or any other road with or without drainage system",2026-05-27,GENERAL FUND GRAM PANCHAYAT SAVARKHED,Payment Success,500000.0,MPLADS eSAKSHI Public Dashboard
PAY-01275,WS/MP18111/2026-2027/269017,Maharashtra,AKOLA(DISTRICT COLLECTOR AKOLA_IDA),ANUP SANJAY DHOTRE,AKOLA,"Construction of roads, link roads, pathways or any other road with or without drainage system",2026-06-18,GENERAL FUND GRAM PANCHAYAT SAVARKHED,Payment Success,487461.0,MPLADS eSAKSHI Public Dashboard
PAY-01276,WS/MP18111/2026-2027/269023,Maharashtra,AKOLA(DISTRICT COLLECTOR AKOLA_IDA),ANUP SANJAY DHOTRE,AKOLA,"Construction of roads, link roads, pathways or any other road with or without drainage system",2026-05-27,GRAM PACNHAYAT PINJAR,Payment Success,500000.0,MPLADS eSAKSHI Public Dashboard
PAY-01277,WS/MP18111/2026-2027/269023,Maharashtra,AKOLA(DISTRICT COLLECTOR AKOLA_IDA),ANUP SANJAY DHOTRE,AKOLA,"Construction of roads, link roads, pathways or any other road with or without drainage system",2026-06-18,GRAM PACNHAYAT PINJAR,Payment Success,487685.0,MPLADS eSAKSHI Public Dashboard
PAY-01278,WS/MP661/2025-2026/241892,Maharashtra,PUNE(DISTRICT COLLECTOR PUNE_IDA),Amol Ramsing Kolhe,SHIRUR,"Construction of roads, link roads, pathways or any other road with or without drainage system",2025-11-11,SHRI YASHWANTRAYA MAJUR SAHAKARI SANSTHA MARYADIT,Payment Success,1000000.0,MPLADS eSAKSHI Public Dashboard
PAY-01279,WS/MP18323/2024-2025/167218,Maharashtra,LATUR(DISTRICT COLLECTOR LATUR_IDA),DR KALGE SHIVAJI BANDAPPA,LATUR(SC),"Construction of roads, link roads, pathways or any other road with or without drainage system",2025-04-01,TAMBOLI MOSIDDHIK,Payment Success,999189.0,MPLADS eSAKSHI Public Dashboard
PAY-01280,WS/MP18323/2025-2026/146716,Maharashtra,LATUR(DISTRICT COLLECTOR LATUR_IDA),DR KALGE SHIVAJI BANDAPPA,LATUR(SC),"Construction of roads, link roads, pathways or any other road with or without drainage system",2026-04-13,Venkatesh Majoor Sahakari Sanstha Ltd,Payment Success,797573.0,MPLADS eSAKSHI Public Dashboard
PAY-01281,WS/MP18429/2026-2027/245752,Maharashtra,NANDED(DISTRICT COLLECTOR NANDED_IDA),Ravindra Vasantrao Chavan,NANDED,"Construction of roads, link roads, pathways or any other road with or without drainage system",2026-07-15,GRAM PANCHAYAT KARYALAYA KHANDGAON HAMID,Payment Success,494000.0,MPLADS eSAKSHI Public Dashboard
PAY-01282,WS/MP692/2026-2027/183598,Maharashtra,PUNE(DISTRICT COLLECTOR PUNE_IDA),Smt Supriya Sadanand Sule,BARAMATI,"Construction of roads, link roads, pathways or any other road with or without drainage system",2026-07-03,GRAMPANCHAYAT KAMBARE BUDRAK,Payment Success,297993.0,MPLADS eSAKSHI Public Dashboard
PAY-01283,WS/MP692/2026-2027/183611,Maharashtra,PUNE(DISTRICT COLLECTOR PUNE_IDA),Smt Supriya Sadanand Sule,BARAMATI,"Construction of roads, link roads, pathways or any other road with or without drainage system",2026-08-18,SHUBHAM SUDHAKAR MOHITE,Payment Success,497140.0,MPLADS eSAKSHI Public Dashboard
PAY-01284,WS/MP685/2026-2027/182019,Maharashtra,PUNE(DISTRICT COLLECTOR PUNE_IDA),Shrirang Appa Barne,MAVAL,Installation of fixed garden gym equipment,2026-05-25,ASHUTOSH HANUMANT BALKAVADE,Payment Success,298756.0,MPLADS eSAKSHI Public Dashboard
PAY-01285,WS/MP685/2026-2027/182025,Maharashtra,PUNE(DISTRICT COLLECTOR PUNE_IDA),Shrirang Appa Barne,MAVAL,Construction of common work sheds/ common covered sitting area,2026-05-26,ASHUTOSH HANUMANT BALKAVADE,Payment Success,698025.0,MPLADS eSAKSHI Public Dashboard
PAY-01286,WS/MP673/2025-2026/176580,Maharashtra,LATUR(DISTRICT COLLECTOR LATUR_IDA),Omprakash Bhupalsinh Alias Pawan Rajenimbalkar,OSMANABAD,"Construction of roads, link roads, pathways or any other road with or without drainage system",2025-12-04,BALAJI MAZUR SAHAKARI SANSTHA LTD FATTEPUR,Payment Success,697913.0,MPLADS eSAKSHI Public Dashboard
PAY-01287,WS/MP18323/2025-2026/168809,Maharashtra,LATUR(DISTRICT COLLECTOR LATUR_IDA),DR KALGE SHIVAJI BANDAPPA,LATUR(SC),"Construction of roads, link roads, pathways or any other road with or without drainage system",2025-08-08,SAMBHAJI MADHUKAR KUMBHAR,Payment Success,999782.0,MPLADS eSAKSHI Public Dashboard
PAY-01288,WS/MP673/2026-2027/227541,Maharashtra,LATUR(DISTRICT COLLECTOR LATUR_IDA),Omprakash Bhupalsinh Alias Pawan Rajenimbalkar,OSMANABAD,Construction of community centers and community halls,2026-04-09,Veerbhadreshwar Majoor Sahakari Sanstha Maryadit,Payment Success,310438.0,MPLADS eSAKSHI Public Dashboard
PAY-01289,WS/MP673/2026-2027/210708,Maharashtra,LATUR(DISTRICT COLLECTOR LATUR_IDA),Omprakash Bhupalsinh Alias Pawan Rajenimbalkar,OSMANABAD,Construction of community centers and community halls,2026-06-29,GANESH DHANRAJ SAGAR,Payment Success,686896.0,MPLADS eSAKSHI Public Dashboard
PAY-01290,WS/MP18112/2025-2026/233019,Maharashtra,AMRAVATI(DISTRICT COLLECTOR AMRAVATI_IDA),BALWANT BASWANT WANKHADE,AMRAVATI(SC),Construction of community centers and community halls,2026-08-07,RAKESH KUNJILAL ZADKHANDE,Payment Success,614325.0,MPLADS eSAKSHI Public Dashboard
PAY-01291,WS/MP18112/2025-2026/233021,Maharashtra,AMRAVATI(DISTRICT COLLECTOR AMRAVATI_IDA),BALWANT BASWANT WANKHADE,AMRAVATI(SC),Construction of boundary walls of existing public and community buildings,2026-03-25,THAKUR CONSTRUCTIONS,Payment Success,999340.0,MPLADS eSAKSHI Public Dashboard
PAY-01292,WS/MP18112/2025-2026/188584,Maharashtra,AMRAVATI(DISTRICT COLLECTOR AMRAVATI_IDA),BALWANT BASWANT WANKHADE,AMRAVATI(SC),Construction of boundary walls of existing public and community buildings,2026-03-30,NIVRUTTI RAGHUNATHRAO BOBDE,Payment Success,999878.0,MPLADS eSAKSHI Public Dashboard
PAY-01293,WS/MP18112/2025-2026/188585,Maharashtra,AMRAVATI(DISTRICT COLLECTOR AMRAVATI_IDA),BALWANT BASWANT WANKHADE,AMRAVATI(SC),Construction of community centers and community halls,2026-03-31,NIVRUTTI RAGHUNATHRAO BOBDE,Payment Success,992544.0,MPLADS eSAKSHI Public Dashboard
PAY-01294,WS/MP18112/2025-2026/188586,Maharashtra,AMRAVATI(DISTRICT COLLECTOR AMRAVATI_IDA),BALWANT BASWANT WANKHADE,AMRAVATI(SC),Construction of community centers and community halls,2026-08-05,HRISHIKESH VIJAY CHORE,Payment Success,576472.0,MPLADS eSAKSHI Public Dashboard
PAY-01295,WS/MP18112/2025-2026/188954,Maharashtra,AMRAVATI(DISTRICT COLLECTOR AMRAVATI_IDA),BALWANT BASWANT WANKHADE,AMRAVATI(SC),"Construction of roads, link roads, pathways or any other road with or without drainage system",2025-08-18,ANKIT MAHESH AGRAWAL,Payment Success,793137.0,MPLADS eSAKSHI Public Dashboard
PAY-01296,WS/MP18112/2025-2026/188955,Maharashtra,AMRAVATI(DISTRICT COLLECTOR AMRAVATI_IDA),BALWANT BASWANT WANKHADE,AMRAVATI(SC),"Construction of roads, link roads, pathways or any other road with or without drainage system",2025-09-02,ANKIT MAHESH AGRAWAL,Payment Success,494649.0,MPLADS eSAKSHI Public Dashboard
PAY-01297,WS/MP18112/2025-2026/188956,Maharashtra,AMRAVATI(DISTRICT COLLECTOR AMRAVATI_IDA),BALWANT BASWANT WANKHADE,AMRAVATI(SC),"Construction of roads, link roads, pathways or any other road with or without drainage system",2025-07-19,ANKIT MAHESH AGRAWAL,Payment Success,687463.0,MPLADS eSAKSHI Public Dashboard
PAY-01298,WS/MP18112/2025-2026/199853,Maharashtra,AMRAVATI(DISTRICT COLLECTOR AMRAVATI_IDA),BALWANT BASWANT WANKHADE,AMRAVATI(SC),Construction of boundary walls of existing public and community buildings,2026-04-10,SAHEB KHA HAMID KHAN,Payment Success,952000.0,MPLADS eSAKSHI Public Dashboard
PAY-01299,WS/MP18112/2025-2026/199855,Maharashtra,AMRAVATI(DISTRICT COLLECTOR AMRAVATI_IDA),BALWANT BASWANT WANKHADE,AMRAVATI(SC),Construction of community centers and community halls,2026-03-17,BHUSHAN PRADIPRAO DESHMUKH,Payment Success,800604.0,MPLADS eSAKSHI Public Dashboard
PAY-01300,WS/MP18112/2025-2026/199855,Maharashtra,AMRAVATI(DISTRICT COLLECTOR AMRAVATI_IDA),BALWANT BASWANT WANKHADE,AMRAVATI(SC),Construction of community centers and community halls,2026-06-18,BHUSHAN PRADIPRAO DESHMUKH,Payment Success,197593.0,MPLADS eSAKSHI Public Dashboard
PAY-01301,WS/MP18112/2025-2026/233412,Maharashtra,AMRAVATI(DISTRICT COLLECTOR AMRAVATI_IDA),BALWANT BASWANT WANKHADE,AMRAVATI(SC),Construction of community centers and community halls,2026-06-20,AJ CONSTRUCTION PROP ATUL J NAGAPURE,Payment Success,813957.0,MPLADS eSAKSHI Public Dashboard
PAY-01302,WS/MP18112/2025-2026/233412,Maharashtra,AMRAVATI(DISTRICT COLLECTOR AMRAVATI_IDA),BALWANT BASWANT WANKHADE,AMRAVATI(SC),Construction of community centers and community halls,2026-08-10,AJ CONSTRUCTION PROP ATUL J NAGAPURE,Payment Success,185713.0,MPLADS eSAKSHI Public Dashboard
PAY-01303,WS/MP18112/2025-2026/233413,Maharashtra,AMRAVATI(DISTRICT COLLECTOR AMRAVATI_IDA),BALWANT BASWANT WANKHADE,AMRAVATI(SC),"Construction of roads, link roads, pathways or any other road with or without drainage system",2026-03-22,TUSHAR SUBHASHRAO THAKARE,Payment Success,998775.0,MPLADS eSAKSHI Public Dashboard
PAY-01304,WS/MP18112/2025-2026/233414,Maharashtra,AMRAVATI(DISTRICT COLLECTOR AMRAVATI_IDA),BALWANT BASWANT WANKHADE,AMRAVATI(SC),Construction of community centers and community halls,2026-08-03,SHUBHAM VIJAYRAO GADBAIL,Payment Success,966044.0,MPLADS eSAKSHI Public Dashboard
PAY-01305,WS/MP18112/2025-2026/188589,Maharashtra,AMRAVATI(DISTRICT COLLECTOR AMRAVATI_IDA),BALWANT BASWANT WANKHADE,AMRAVATI(SC),Construction of boundary walls of existing public and community buildings,2026-02-18,PAWAN ANANTU JARIYE,Payment Success,961000.0,MPLADS eSAKSHI Public Dashboard
PAY-01306,WS/MP18112/2025-2026/188591,Maharashtra,AMRAVATI(DISTRICT COLLECTOR AMRAVATI_IDA),BALWANT BASWANT WANKHADE,AMRAVATI(SC),Construction of community centers and community halls,2026-03-24,NIVRUTTI RAGHUNATHRAO BOBDE,Payment Success,960000.0,MPLADS eSAKSHI Public Dashboard
PAY-01307,WS/MP18112/2025-2026/188592,Maharashtra,AMRAVATI(DISTRICT COLLECTOR AMRAVATI_IDA),BALWANT BASWANT WANKHADE,AMRAVATI(SC),"Construction of roads, link roads, pathways or any other road with or without drainage system",2026-04-12,MOHD IMRAN MOHD USMAN,Payment Success,2872795.0,MPLADS eSAKSHI Public Dashboard
PAY-01308,WS/MP18112/2024-2025/136716,Maharashtra,AMRAVATI(DISTRICT COLLECTOR AMRAVATI_IDA),BALWANT BASWANT WANKHADE,AMRAVATI(SC),Construction of boundary walls of existing public and community buildings,2025-10-11,SWAPNIL WASUDEO BHAKTE,Payment Success,994082.0,MPLADS eSAKSHI Public Dashboard
PAY-01309,WS/MP18112/2024-2025/136975,Maharashtra,AMRAVATI(DISTRICT COLLECTOR AMRAVATI_IDA),BALWANT BASWANT WANKHADE,AMRAVATI(SC),Crematoriums/energy efficient crematoriums or structures on burial/cremation ground,2025-12-08,NAVYUWAK MAJOOR SAH SANTHA,Payment Success,441519.0,MPLADS eSAKSHI Public Dashboard
PAY-01310,WS/MP18112/2024-2025/136975,Maharashtra,AMRAVATI(DISTRICT COLLECTOR AMRAVATI_IDA),BALWANT BASWANT WANKHADE,AMRAVATI(SC),Crematoriums/energy efficient crematoriums or structures on burial/cremation ground,2026-03-11,NAVYUWAK MAJOOR SAH SANTHA,Payment Success,157231.0,MPLADS eSAKSHI Public Dashboard
PAY-01311,WS/MP18112/2024-2025/136983,Maharashtra,AMRAVATI(DISTRICT COLLECTOR AMRAVATI_IDA),BALWANT BASWANT WANKHADE,AMRAVATI(SC),Crematoriums/energy efficient crematoriums or structures on burial/cremation ground,2026-05-29,Milind Majoor Sah Santha,Payment Success,600000.0,MPLADS eSAKSHI Public Dashboard
PAY-01312,WS/MP18112/2024-2025/136984,Maharashtra,AMRAVATI(DISTRICT COLLECTOR AMRAVATI_IDA),BALWANT BASWANT WANKHADE,AMRAVATI(SC),Construction of community centers and community halls,2026-04-11,ANKUSH PRADIPRAO NACHONE,Payment Success,1128447.0,MPLADS eSAKSHI Public Dashboard
PAY-01313,WS/MP18112/2024-2025/136984,Maharashtra,AMRAVATI(DISTRICT COLLECTOR AMRAVATI_IDA),BALWANT BASWANT WANKHADE,AMRAVATI(SC),Construction of community centers and community halls,2026-07-12,ANKUSH PRADIPRAO NACHONE,Payment Success,368087.0,MPLADS eSAKSHI Public Dashboard
PAY-01314,WS/MP18112/2024-2025/136991,Maharashtra,AMRAVATI(DISTRICT COLLECTOR AMRAVATI_IDA),BALWANT BASWANT WANKHADE,AMRAVATI(SC),"Construction of roads, link roads, pathways or any other road with or without drainage system",2025-12-18,ANKIT MAHESH AGRAWAL,Payment Success,1164258.0,MPLADS eSAKSHI Public Dashboard
PAY-01315,WS/MP18112/2024-2025/136991,Maharashtra,AMRAVATI(DISTRICT COLLECTOR AMRAVATI_IDA),BALWANT BASWANT WANKHADE,AMRAVATI(SC),"Construction of roads, link roads, pathways or any other road with or without drainage system",2026-05-27,ANKIT MAHESH AGRAWAL,Payment Success,34729.0,MPLADS eSAKSHI Public Dashboard
PAY-01316,WS/MP18112/2024-2025/136992,Maharashtra,AMRAVATI(DISTRICT COLLECTOR AMRAVATI_IDA),BALWANT BASWANT WANKHADE,AMRAVATI(SC),Construction of boundary walls of existing public and community buildings,2025-06-09,GOVINDA SHANTILAL UPADHYAY,Payment Success,1999127.0,MPLADS eSAKSHI Public Dashboard
PAY-01317,WS/MP18112/2024-2025/136993,Maharashtra,AMRAVATI(DISTRICT COLLECTOR AMRAVATI_IDA),BALWANT BASWANT WANKHADE,AMRAVATI(SC),Providing drains and gutters for public drainage,2025-06-13,TAJ MAJUR KAMGAR SAHAKARI SANTHA AT BABHALI,Payment Success,999362.0,MPLADS eSAKSHI Public Dashboard
PAY-01318,WS/MP18112/2024-2025/136994,Maharashtra,AMRAVATI(DISTRICT COLLECTOR AMRAVATI_IDA),BALWANT BASWANT WANKHADE,AMRAVATI(SC),"Construction of roads, link roads, pathways or any other road with or without drainage system",2025-05-30,LOKVIKAS MAJOOR SAH SANT LTD,Payment Success,747006.0,MPLADS eSAKSHI Public Dashboard
PAY-01319,WS/MP18112/2024-2025/136994,Maharashtra,AMRAVATI(DISTRICT COLLECTOR AMRAVATI_IDA),BALWANT BASWANT WANKHADE,AMRAVATI(SC),"Construction of roads, link roads, pathways or any other road with or without drainage system",2025-12-13,LOKVIKAS MAJOOR SAH SANT LTD,Payment Success,47709.0,MPLADS eSAKSHI Public Dashboard
PAY-01320,WS/MP18112/2024-2025/145331,Maharashtra,AMRAVATI(DISTRICT COLLECTOR AMRAVATI_IDA),BALWANT BASWANT WANKHADE,AMRAVATI(SC),"Construction of roads, link roads, pathways or any other road with or without drainage system",2025-10-24,ALOK SHRIPATRAO PARDE,Payment Success,638558.0,MPLADS eSAKSHI Public Dashboard
PAY-01321,WS/MP18112/2024-2025/145331,Maharashtra,AMRAVATI(DISTRICT COLLECTOR AMRAVATI_IDA),BALWANT BASWANT WANKHADE,AMRAVATI(SC),"Construction of roads, link roads, pathways or any other road with or without drainage system",2026-01-17,ALOK SHRIPATRAO PARDE,Payment Success,55799.0,MPLADS eSAKSHI Public Dashboard
PAY-01322,WS/MP18112/2024-2025/136522,Maharashtra,AMRAVATI(DISTRICT COLLECTOR AMRAVATI_IDA),BALWANT BASWANT WANKHADE,AMRAVATI(SC),Construction of community centers and community halls,2025-05-30,Mauli Vighnaharta Construction Company,Payment Success,1159946.0,MPLADS eSAKSHI Public Dashboard
PAY-01323,WS/MP18112/2024-2025/136522,Maharashtra,AMRAVATI(DISTRICT COLLECTOR AMRAVATI_IDA),BALWANT BASWANT WANKHADE,AMRAVATI(SC),Construction of community centers and community halls,2025-12-15,Navnit Sudhirrao Toley,Payment Success,231276.0,MPLADS eSAKSHI Public Dashboard
PAY-01324,WS/MP18112/2024-2025/136522,Maharashtra,AMRAVATI(DISTRICT COLLECTOR AMRAVATI_IDA),BALWANT BASWANT WANKHADE,AMRAVATI(SC),Construction of community centers and community halls,2026-05-27,Navnit Sudhirrao Toley,Payment Success,106334.0,MPLADS eSAKSHI Public Dashboard
PAY-01325,WS/MP18112/2024-2025/136532,Maharashtra,AMRAVATI(DISTRICT COLLECTOR AMRAVATI_IDA),BALWANT BASWANT WANKHADE,AMRAVATI(SC),Construction of community centers and community halls,2025-10-01,Mauli Vighnaharta Construction Company,Payment Success,337606.0,MPLADS eSAKSHI Public Dashboard
PAY-01326,WS/MP18112/2024-2025/136532,Maharashtra,AMRAVATI(DISTRICT COLLECTOR AMRAVATI_IDA),BALWANT BASWANT WANKHADE,AMRAVATI(SC),Construction of community centers and community halls,2025-12-15,Navnit Sudhirrao Toley,Payment Success,1162390.0,MPLADS eSAKSHI Public Dashboard
PAY-01327,WS/MP18112/2025-2026/188607,Maharashtra,AMRAVATI(DISTRICT COLLECTOR AMRAVATI_IDA),BALWANT BASWANT WANKHADE,AMRAVATI(SC),Crematoriums/energy efficient crematoriums or structures on burial/cremation ground,2026-04-16,GAURAV GAJANAN INGALE,Payment Success,694648.0,MPLADS eSAKSHI Public Dashboard
PAY-01328,WS/MP18112/2025-2026/188608,Maharashtra,AMRAVATI(DISTRICT COLLECTOR AMRAVATI_IDA),BALWANT BASWANT WANKHADE,AMRAVATI(SC),Construction of community centers and community halls,2026-06-30,Aditya Ganeshrao Gawande27AWDPT5004E1ZQ,Payment Success,1496344.0,MPLADS eSAKSHI Public Dashboard
PAY-01329,WS/MP18112/2025-2026/188616,Maharashtra,AMRAVATI(DISTRICT COLLECTOR AMRAVATI_IDA),BALWANT BASWANT WANKHADE,AMRAVATI(SC),Construction of boundary walls of existing public and community buildings,2026-03-10,AKASH DHYANESWAR RATHOD,Payment Success,1192287.0,MPLADS eSAKSHI Public Dashboard
PAY-01330,WS/MP18112/2025-2026/188617,Maharashtra,AMRAVATI(DISTRICT COLLECTOR AMRAVATI_IDA),BALWANT BASWANT WANKHADE,AMRAVATI(SC),"Construction of roads, link roads, pathways or any other road with or without drainage system",2026-07-20,BHOJRAJ MAJOOR SAH SANTHA SAWNER,Payment Success,397004.0,MPLADS eSAKSHI Public Dashboard
PAY-01331,WS/MP18112/2025-2026/188618,Maharashtra,AMRAVATI(DISTRICT COLLECTOR AMRAVATI_IDA),BALWANT BASWANT WANKHADE,AMRAVATI(SC),Construction of community centers and community halls,2026-03-10,Navnit Sudhirrao Toley,Payment Success,1497356.0,MPLADS eSAKSHI Public Dashboard
PAY-01332,WS/MP18112/2025-2026/188619,Maharashtra,AMRAVATI(DISTRICT COLLECTOR AMRAVATI_IDA),BALWANT BASWANT WANKHADE,AMRAVATI(SC),Construction of community centers and community halls,2026-02-26,Mauli Vighnaharta Construction Company,Payment Success,1107622.0,MPLADS eSAKSHI Public Dashboard
PAY-01333,WS/MP18112/2025-2026/188619,Maharashtra,AMRAVATI(DISTRICT COLLECTOR AMRAVATI_IDA),BALWANT BASWANT WANKHADE,AMRAVATI(SC),Construction of community centers and community halls,2026-07-17,Mauli Vighnaharta Construction Company,Payment Success,391548.0,MPLADS eSAKSHI Public Dashboard
PAY-01334,WS/MP18112/2024-2025/178885,Maharashtra,AMRAVATI(DISTRICT COLLECTOR AMRAVATI_IDA),BALWANT BASWANT WANKHADE,AMRAVATI(SC),Construction of community centers and community halls,2025-07-03,NILESH SHRIVANT WANKHADE,Payment Success,686579.0,MPLADS eSAKSHI Public Dashboard
PAY-01335,WS/MP18112/2024-2025/178885,Maharashtra,AMRAVATI(DISTRICT COLLECTOR AMRAVATI_IDA),BALWANT BASWANT WANKHADE,AMRAVATI(SC),Construction of community centers and community halls,2025-08-26,NILESH SHRIVANT WANKHADE,Payment Success,312265.0,MPLADS eSAKSHI Public Dashboard
PAY-01336,WS/MP18112/2025-2026/177510,Maharashtra,AMRAVATI(DISTRICT COLLECTOR AMRAVATI_IDA),BALWANT BASWANT WANKHADE,AMRAVATI(SC),Construction of community centers and community halls,2026-05-12,Navnit Sudhirrao Toley,Payment Success,1996461.0,MPLADS eSAKSHI Public Dashboard
PAY-01337,WS/MP18112/2024-2025/180045,Maharashtra,AMRAVATI(DISTRICT COLLECTOR AMRAVATI_IDA),BALWANT BASWANT WANKHADE,AMRAVATI(SC),"Construction of roads, link roads, pathways or any other road with or without drainage system",2025-10-24,SHRIGANESH MAJOOR SAH SANTHA,Payment Success,734827.0,MPLADS eSAKSHI Public Dashboard
PAY-01338,WS/MP18112/2024-2025/180045,Maharashtra,AMRAVATI(DISTRICT COLLECTOR AMRAVATI_IDA),BALWANT BASWANT WANKHADE,AMRAVATI(SC),"Construction of roads, link roads, pathways or any other road with or without drainage system",2026-01-17,SHRIGANESH MAJOOR SAH SANTHA,Payment Success,65173.0,MPLADS eSAKSHI Public Dashboard
PAY-01339,WS/MP18112/2025-2026/177326,Maharashtra,AMRAVATI(DISTRICT COLLECTOR AMRAVATI_IDA),BALWANT BASWANT WANKHADE,AMRAVATI(SC),Construction of community centers and community halls,2026-07-03,Magasvargiya Suyash tantrik majoor sah santha,Payment Success,999338.0,MPLADS eSAKSHI Public Dashboard
PAY-01340,WS/MP18112/2025-2026/177328,Maharashtra,AMRAVATI(DISTRICT COLLECTOR AMRAVATI_IDA),BALWANT BASWANT WANKHADE,AMRAVATI(SC),Construction of community centers and community halls,2026-06-15,ANIKET GAJANAN DHENGALE,Payment Success,996059.0,MPLADS eSAKSHI Public Dashboard
PAY-01341,WS/MP18112/2025-2026/233585,Maharashtra,AMRAVATI(DISTRICT COLLECTOR AMRAVATI_IDA),BALWANT BASWANT WANKHADE,AMRAVATI(SC),Construction of boundary walls of existing public and community buildings,2026-08-05,VIJAY RAMESHRAO BELAGE,Payment Success,855259.0,MPLADS eSAKSHI Public Dashboard
PAY-01342,WS/MP692/2026-2027/183348,Maharashtra,PUNE(DISTRICT COLLECTOR PUNE_IDA),Smt Supriya Sadanand Sule,BARAMATI,"Construction of roads, link roads, pathways or any other road with or without drainage system",2026-06-23,MAYUR GANPAT UBHE,Payment Success,500000.0,MPLADS eSAKSHI Public Dashboard
PAY-01343,WS/MP661/2025-2026/180258,Maharashtra,PUNE(DISTRICT COLLECTOR PUNE_IDA),Amol Ramsing Kolhe,SHIRUR,"Construction of roads, link roads, pathways or any other road with or without drainage system",2025-11-24,Saif Ali F Hamdule,Payment Success,1000000.0,MPLADS eSAKSHI Public Dashboard
PAY-01344,WS/MP661/2025-2026/180259,Maharashtra,PUNE(DISTRICT COLLECTOR PUNE_IDA),Amol Ramsing Kolhe,SHIRUR,"Construction of roads, link roads, pathways or any other road with or without drainage system",2025-11-24,Saif Ali F Hamdule,Payment Success,1000000.0,MPLADS eSAKSHI Public Dashboard
PAY-01345,WS/MP661/2025-2026/146563,Maharashtra,PUNE(DISTRICT COLLECTOR PUNE_IDA),Amol Ramsing Kolhe,SHIRUR,"Construction of roads, link roads, pathways or any other road with or without drainage system",2025-07-21,Pankaj Majur Sahkari sanstha maryadit,Payment Success,995405.0,MPLADS eSAKSHI Public Dashboard
PAY-01346,WS/MP661/2025-2026/146564,Maharashtra,PUNE(DISTRICT COLLECTOR PUNE_IDA),Amol Ramsing Kolhe,SHIRUR,"Construction of roads, link roads, pathways or any other road with or without drainage system",2025-05-26,SHRI YASHWANTRAYA MAJUR SAHAKARI SANSTHA MARYADIT,Payment Success,1000000.0,MPLADS eSAKSHI Public Dashboard
PAY-01347,WS/MP661/2025-2026/146565,Maharashtra,PUNE(DISTRICT COLLECTOR PUNE_IDA),Amol Ramsing Kolhe,SHIRUR,"Construction of roads, link roads, pathways or any other road with or without drainage system",2025-07-21,Pankaj Majur Sahkari sanstha maryadit,Payment Success,1000000.0,MPLADS eSAKSHI Public Dashboard
PAY-01348,WS/MP661/2025-2026/146566,Maharashtra,PUNE(DISTRICT COLLECTOR PUNE_IDA),Amol Ramsing Kolhe,SHIRUR,"Construction of roads, link roads, pathways or any other road with or without drainage system",2025-05-26,SHRI YASHWANTRAYA MAJUR SAHAKARI SANSTHA MARYADIT,Payment Success,1000000.0,MPLADS eSAKSHI Public Dashboard
PAY-01349,WS/MP685/2024-2025/143363,Maharashtra,PUNE(DISTRICT COLLECTOR PUNE_IDA),Shrirang Appa Barne,MAVAL,"Providing sports equipment, except consumable items",2025-04-22,ASHUTOSH HANUMANT BALKAVADE,Payment Success,998243.0,MPLADS eSAKSHI Public Dashboard
PAY-01350,WS/MP685/2024-2025/143365,Maharashtra,PUNE(DISTRICT COLLECTOR PUNE_IDA),Shrirang Appa Barne,MAVAL,"Providing sports equipment, except consumable items",2025-04-22,ASHUTOSH HANUMANT BALKAVADE,Payment Success,995777.0,MPLADS eSAKSHI Public Dashboard
PAY-01351,WS/MP685/2024-2025/143366,Maharashtra,PUNE(DISTRICT COLLECTOR PUNE_IDA),Shrirang Appa Barne,MAVAL,"Providing sports equipment, except consumable items",2025-04-22,ASHUTOSH HANUMANT BALKAVADE,Payment Success,996227.0,MPLADS eSAKSHI Public Dashboard
PAY-01352,WS/MP685/2024-2025/143367,Maharashtra,PUNE(DISTRICT COLLECTOR PUNE_IDA),Shrirang Appa Barne,MAVAL,"Providing sports equipment, except consumable items",2025-04-22,ASHUTOSH HANUMANT BALKAVADE,Payment Success,996227.0,MPLADS eSAKSHI Public Dashboard
PAY-01353,WS/MP685/2024-2025/143368,Maharashtra,PUNE(DISTRICT COLLECTOR PUNE_IDA),Shrirang Appa Barne,MAVAL,"Providing sports equipment, except consumable items",2025-04-22,ASHUTOSH HANUMANT BALKAVADE,Payment Success,997319.0,MPLADS eSAKSHI Public Dashboard
PAY-01354,WS/MP685/2024-2025/143369,Maharashtra,PUNE(DISTRICT COLLECTOR PUNE_IDA),Shrirang Appa Barne,MAVAL,"Providing sports equipment, except consumable items",2025-04-22,ASHUTOSH HANUMANT BALKAVADE,Payment Success,996227.0,MPLADS eSAKSHI Public Dashboard
PAY-01355,WS/MP685/2024-2025/143370,Maharashtra,PUNE(DISTRICT COLLECTOR PUNE_IDA),Shrirang Appa Barne,MAVAL,"Providing sports equipment, except consumable items",2025-04-22,ASHUTOSH HANUMANT BALKAVADE,Payment Success,996010.0,MPLADS eSAKSHI Public Dashboard
PAY-01356,WS/MP685/2025-2026/143374,Maharashtra,PUNE(DISTRICT COLLECTOR PUNE_IDA),Shrirang Appa Barne,MAVAL,"Providing sports equipment, except consumable items",2025-09-16,ASHUTOSH HANUMANT BALKAVADE,Payment Success,996226.0,MPLADS eSAKSHI Public Dashboard
PAY-01357,WS/MP692/2025-2026/184032,Maharashtra,PUNE(DISTRICT COLLECTOR PUNE_IDA),Smt Supriya Sadanand Sule,BARAMATI,Construction of common work sheds/ common covered sitting area,2026-01-05,Prasad Ananta Nivangune,Payment Success,500000.0,MPLADS eSAKSHI Public Dashboard
PAY-01358,WS/MP692/2026-2027/184035,Maharashtra,PUNE(DISTRICT COLLECTOR PUNE_IDA),Smt Supriya Sadanand Sule,BARAMATI,"Construction of roads, link roads, pathways or any other road with or without drainage system",2026-07-16,ABHILASH BALKRUSHNA DARWATKAR,Payment Success,496034.0,MPLADS eSAKSHI Public Dashboard
PAY-01359,WS/MP692/2026-2027/184037,Maharashtra,PUNE(DISTRICT COLLECTOR PUNE_IDA),Smt Supriya Sadanand Sule,BARAMATI,"Construction of roads, link roads, pathways or any other road with or without drainage system",2026-07-16,ABHILASH BALKRUSHNA DARWATKAR,Payment Success,494481.0,MPLADS eSAKSHI Public Dashboard
PAY-01360,WS/MP692/2026-2027/184040,Maharashtra,PUNE(DISTRICT COLLECTOR PUNE_IDA),Smt Supriya Sadanand Sule,BARAMATI,"Construction of roads, link roads, pathways or any other road with or without drainage system",2026-05-19,ABHILASH BALKRUSHNA DARWATKAR,Payment Success,497855.0,MPLADS eSAKSHI Public Dashboard
PAY-01361,WS/MP692/2026-2027/184071,Maharashtra,PUNE(DISTRICT COLLECTOR PUNE_IDA),Smt Supriya Sadanand Sule,BARAMATI,Construction of common work sheds/ common covered sitting area,2026-06-30,Ch Sai prasad majur sahakari sanstha maryadit,Payment Success,498330.0,MPLADS eSAKSHI Public Dashboard
PAY-01362,WS/MP692/2025-2026/183601,Maharashtra,PUNE(DISTRICT COLLECTOR PUNE_IDA),Smt Supriya Sadanand Sule,BARAMATI,"Construction of roads, link roads, pathways or any other road with or without drainage system",2026-02-10,SURYAKANT MAJUR SAHAKARI SANSTHA LTD,Payment Success,300000.0,MPLADS eSAKSHI Public Dashboard
PAY-01363,WS/MP685/2025-2026/187645,Maharashtra,PUNE(DISTRICT COLLECTOR PUNE_IDA),Shrirang Appa Barne,MAVAL,"Construction of roads, link roads, pathways or any other road with or without drainage system",2026-03-06,SHREYAS CONTRACTORS,Payment Success,1000000.0,MPLADS eSAKSHI Public Dashboard
PAY-01364,WS/MP685/2025-2026/187646,Maharashtra,PUNE(DISTRICT COLLECTOR PUNE_IDA),Shrirang Appa Barne,MAVAL,"Construction of roads, link roads, pathways or any other road with or without drainage system",2026-03-10,SHREYAS CONTRACTORS,Payment Success,1000000.0,MPLADS eSAKSHI Public Dashboard
PAY-01365,WS/MP692/2026-2027/185176,Maharashtra,PUNE(DISTRICT COLLECTOR PUNE_IDA),Smt Supriya Sadanand Sule,BARAMATI,"Construction of roads, link roads, pathways or any other road with or without drainage system",2026-07-21,Supriya Ashok Bhosale,Payment Success,798957.0,MPLADS eSAKSHI Public Dashboard
PAY-01366,WS/MP692/2026-2027/185183,Maharashtra,PUNE(DISTRICT COLLECTOR PUNE_IDA),Smt Supriya Sadanand Sule,BARAMATI,"Construction of roads, link roads, pathways or any other road with or without drainage system",2026-06-24,KHAIRE SHAILESH BABAN,Payment Success,995482.0,MPLADS eSAKSHI Public Dashboard
PAY-01367,WS/MP692/2026-2027/250945,Maharashtra,PUNE(DISTRICT COLLECTOR PUNE_IDA),Smt Supriya Sadanand Sule,BARAMATI,"Construction of roads, link roads, pathways or any other road with or without drainage system",2026-07-06,MAYUR GANPAT UBHE,Payment Success,999255.0,MPLADS eSAKSHI Public Dashboard
PAY-01368,WS/MP685/2026-2027/257924,Maharashtra,RAIGAD(DISTRICT COLLECTOR RAIGAD_IDA),Shrirang Appa Barne,MAVAL,"Construction of roads, link roads, pathways or any other road with or without drainage system",2026-07-13,Ajnkya Avinash Tawade,Payment Success,500000.0,MPLADS eSAKSHI Public Dashboard
PAY-01369,WS/MP685/2026-2027/187654,Maharashtra,RAIGAD(DISTRICT COLLECTOR RAIGAD_IDA),Shrirang Appa Barne,MAVAL,"Construction of roads, link roads, pathways or any other road with or without drainage system",2026-07-16,Kalpesh Ram Goje,Payment Success,250000.0,MPLADS eSAKSHI Public Dashboard
PAY-01370,WS/MP687/2025-2026/187643,Maharashtra,RAIGAD(DISTRICT COLLECTOR RAIGAD_IDA),Sunil Dattatray Tatkare,RAIGAD,Construction of rooms and halls in school and colleges,2026-02-17,Abhishek Prakash Jain,Payment Success,1250000.0,MPLADS eSAKSHI Public Dashboard
PAY-01371,WS/MP685/2025-2026/187994,Maharashtra,RAIGAD(DISTRICT COLLECTOR RAIGAD_IDA),Shrirang Appa Barne,MAVAL,"Construction of roads, link roads, pathways or any other road with or without drainage system",2026-02-16,MAHENDRA HARI PATIL,Payment Success,750000.0,MPLADS eSAKSHI Public Dashboard
PAY-01372,WS/MP685/2025-2026/187994,Maharashtra,RAIGAD(DISTRICT COLLECTOR RAIGAD_IDA),Shrirang Appa Barne,MAVAL,"Construction of roads, link roads, pathways or any other road with or without drainage system",2026-02-27,MAHENDRA HARI PATIL,Payment Success,748219.0,MPLADS eSAKSHI Public Dashboard
PAY-01373,WS/MP685/2025-2026/187995,Maharashtra,RAIGAD(DISTRICT COLLECTOR RAIGAD_IDA),Shrirang Appa Barne,MAVAL,"Construction of roads, link roads, pathways or any other road with or without drainage system",2026-03-26,shreyash bandhu patil,Payment Success,500000.0,MPLADS eSAKSHI Public Dashboard
PAY-01374,WS/MP685/2025-2026/187995,Maharashtra,RAIGAD(DISTRICT COLLECTOR RAIGAD_IDA),Shrirang Appa Barne,MAVAL,"Construction of roads, link roads, pathways or any other road with or without drainage system",2026-04-09,shreyash bandhu patil,Payment Success,499000.0,MPLADS eSAKSHI Public Dashboard
PAY-01375,WS/MP687/2025-2026/199486,Maharashtra,RAIGAD(DISTRICT COLLECTOR RAIGAD_IDA),Sunil Dattatray Tatkare,RAIGAD,Construction of community centers and community halls,2026-03-12,Abhishek Prakash Jain,Payment Success,1500000.0,MPLADS eSAKSHI Public Dashboard
PAY-01376,WS/MP687/2025-2026/219009,Maharashtra,RAIGAD(DISTRICT COLLECTOR RAIGAD_IDA),Sunil Dattatray Tatkare,RAIGAD,Construction of community centers and community halls,2025-07-18,Rhutik Anant Dhene,Payment Success,400000.0,MPLADS eSAKSHI Public Dashboard
PAY-01377,WS/MP687/2025-2026/219009,Maharashtra,RAIGAD(DISTRICT COLLECTOR RAIGAD_IDA),Sunil Dattatray Tatkare,RAIGAD,Construction of community centers and community halls,2025-11-28,Rhutik Anant Dhene,Payment Success,350000.0,MPLADS eSAKSHI Public Dashboard
PAY-01378,WS/MP685/2026-2027/174726,Maharashtra,RAIGAD(DISTRICT COLLECTOR RAIGAD_IDA),Shrirang Appa Barne,MAVAL,Crematoriums/energy efficient crematoriums or structures on burial/cremation ground,2026-06-22,shreyash bandhu patil,Payment Success,500000.0,MPLADS eSAKSHI Public Dashboard
PAY-01379,WS/MP685/2025-2026/171729,Maharashtra,RAIGAD(DISTRICT COLLECTOR RAIGAD_IDA),Shrirang Appa Barne,MAVAL,"Construction of roads, link roads, pathways or any other road with or without drainage system",2025-11-27,Dilesh Ashok Waskar,Payment Success,250000.0,MPLADS eSAKSHI Public Dashboard
PAY-01380,WS/MP685/2025-2026/171729,Maharashtra,RAIGAD(DISTRICT COLLECTOR RAIGAD_IDA),Shrirang Appa Barne,MAVAL,"Construction of roads, link roads, pathways or any other road with or without drainage system",2026-02-27,Dilesh Ashok Waskar,Payment Success,249000.0,MPLADS eSAKSHI Public Dashboard
PAY-01381,WS/MP685/2026-2027/170392,Maharashtra,RAIGAD(DISTRICT COLLECTOR RAIGAD_IDA),Shrirang Appa Barne,MAVAL,Crematoriums/energy efficient crematoriums or structures on burial/cremation ground,2026-08-07,Mayur Narayan Lale,Payment Success,750000.0,MPLADS eSAKSHI Public Dashboard
PAY-01382,WS/MP685/2025-2026/170394,Maharashtra,RAIGAD(DISTRICT COLLECTOR RAIGAD_IDA),Shrirang Appa Barne,MAVAL,"Construction of roads, link roads, pathways or any other road with or without drainage system",2025-11-21,DEVESH ANESH DHAVLE,Payment Success,250000.0,MPLADS eSAKSHI Public Dashboard
PAY-01383,WS/MP685/2026-2027/170395,Maharashtra,RAIGAD(DISTRICT COLLECTOR RAIGAD_IDA),Shrirang Appa Barne,MAVAL,"Construction of roads, link roads, pathways or any other road with or without drainage system",2026-04-10,Rohit Ramdas Medage,Payment Success,500000.0,MPLADS eSAKSHI Public Dashboard
PAY-01384,WS/MP687/2024-2025/181205,Maharashtra,RAIGAD(DISTRICT COLLECTOR RAIGAD_IDA),Sunil Dattatray Tatkare,RAIGAD,Construction of community centers and community halls,2025-04-02,TRUPTI JITENDRA PAWAR,Payment Success,1091222.0,MPLADS eSAKSHI Public Dashboard
PAY-01385,WS/MP685/2025-2026/176775,Maharashtra,RAIGAD(DISTRICT COLLECTOR RAIGAD_IDA),Shrirang Appa Barne,MAVAL,Crematoriums/energy efficient crematoriums or structures on burial/cremation ground,2025-11-21,abhishek suresh sathe,Payment Success,500000.0,MPLADS eSAKSHI Public Dashboard
PAY-01386,WS/MP18323/2025-2026/146706,Maharashtra,NANDED(DISTRICT COLLECTOR NANDED_IDA),DR KALGE SHIVAJI BANDAPPA,LATUR(SC),"Construction of roads, link roads, pathways or any other road with or without drainage system",2025-05-13,GRAM PANCHAYAT KARYALAYA NANDANVAN KANDHAR,Payment Success,494000.0,MPLADS eSAKSHI Public Dashboard
PAY-01387,WS/MP18323/2025-2026/146707,Maharashtra,NANDED(DISTRICT COLLECTOR NANDED_IDA),DR KALGE SHIVAJI BANDAPPA,LATUR(SC),"Construction of roads, link roads, pathways or any other road with or without drainage system",2025-07-04,GRAM PANCHAYAT KARYALAYA SHEKAPUR KANDHAR NANDED,Payment Success,589894.0,MPLADS eSAKSHI Public Dashboard
PAY-01388,WS/MP18323/2025-2026/146708,Maharashtra,NANDED(DISTRICT COLLECTOR NANDED_IDA),DR KALGE SHIVAJI BANDAPPA,LATUR(SC),"Construction of roads, link roads, pathways or any other road with or without drainage system",2025-10-10,GRAM PANCHAYAT KARYALAYA BALANTWADI,Payment Success,494297.0,MPLADS eSAKSHI Public Dashboard
PAY-01389,WS/MP18323/2026-2027/146709,Maharashtra,NANDED(DISTRICT COLLECTOR NANDED_IDA),DR KALGE SHIVAJI BANDAPPA,LATUR(SC),"Construction of roads, link roads, pathways or any other road with or without drainage system",2026-07-24,CHAIRMAN NAMDEO MAHARAJ MAJOOR SAHKARI SANSTHA LIMITED LIMBOLI,Payment Success,292053.0,MPLADS eSAKSHI Public Dashboard
PAY-01390,WS/MP18323/2025-2026/146710,Maharashtra,NANDED(DISTRICT COLLECTOR NANDED_IDA),DR KALGE SHIVAJI BANDAPPA,LATUR(SC),Construction of community centers and community halls,2025-07-16,GRAMPANCHAYAT KARYALAYA SANGUCHIWADI,Payment Success,691689.0,MPLADS eSAKSHI Public Dashboard
PAY-01391,WS/MP18323/2025-2026/146867,Maharashtra,NANDED(DISTRICT COLLECTOR NANDED_IDA),DR KALGE SHIVAJI BANDAPPA,LATUR(SC),"Construction of roads, link roads, pathways or any other road with or without drainage system",2026-03-26,GRAM PANCHAYAT KARYALAYA NAVRANGPURA KANDHAR NANDED,Payment Success,990848.0,MPLADS eSAKSHI Public Dashboard
PAY-01392,WS/MP18429/2026-2027/226795,Maharashtra,NANDED(DISTRICT COLLECTOR NANDED_IDA),Ravindra Vasantrao Chavan,NANDED,"Construction of roads, link roads, pathways or any other road with or without drainage system",2026-06-27,GRAM PANCHAYAT KARYALAY SAYAL BHADRA,Payment Success,994928.0,MPLADS eSAKSHI Public Dashboard
PAY-01393,WS/MP18429/2025-2026/227019,Maharashtra,NANDED(DISTRICT COLLECTOR NANDED_IDA),Ravindra Vasantrao Chavan,NANDED,Construction of community centers and community halls,2026-03-10,GRAM PANCHAYAT KARYALAYA SONKHED LOHA NANDED,Payment Success,497913.0,MPLADS eSAKSHI Public Dashboard
PAY-01394,WS/MP18429/2025-2026/226340,Maharashtra,NANDED(DISTRICT COLLECTOR NANDED_IDA),Ravindra Vasantrao Chavan,NANDED,"Construction of roads, link roads, pathways or any other road with or without drainage system",2025-12-24,GRAM PANCHAYAT ZARI,Payment Success,995623.0,MPLADS eSAKSHI Public Dashboard
PAY-01395,WS/MP18429/2025-2026/242067,Maharashtra,NANDED(DISTRICT COLLECTOR NANDED_IDA),Ravindra Vasantrao Chavan,NANDED,"Construction of roads, link roads, pathways or any other road with or without drainage system",2026-04-07,GRAM PANCHAYAT KARYALAYA MANGNALI,Payment Success,495000.0,MPLADS eSAKSHI Public Dashboard
PAY-01396,WS/MP18429/2026-2027/244440,Maharashtra,NANDED(DISTRICT COLLECTOR NANDED_IDA),Ravindra Vasantrao Chavan,NANDED,Construction of community centers and community halls,2026-04-16,GRAM PANCHAYAT KARYALAYA JAWALA DE LOHA,Payment Success,991949.0,MPLADS eSAKSHI Public Dashboard
PAY-01397,WS/MP18429/2026-2027/248061,Maharashtra,NANDED(DISTRICT COLLECTOR NANDED_IDA),Ravindra Vasantrao Chavan,NANDED,"Construction of roads, link roads, pathways or any other road with or without drainage system",2026-05-12,GRAM PANCHAYAT KARYALAYA LIMBGAON,Payment Success,985937.0,MPLADS eSAKSHI Public Dashboard
PAY-01398,WS/MP661/2026-2027/188107,Maharashtra,PUNE(DISTRICT COLLECTOR PUNE_IDA),Amol Ramsing Kolhe,SHIRUR,Lighting of public spaces,2026-05-19,Shri Suvishwa Electricals,Payment Success,457374.0,MPLADS eSAKSHI Public Dashboard
PAY-01399,WS/MP661/2026-2027/188108,Maharashtra,PUNE(DISTRICT COLLECTOR PUNE_IDA),Amol Ramsing Kolhe,SHIRUR,Lighting of public spaces,2026-05-19,Shri Suvishwa Electricals,Payment Success,438594.0,MPLADS eSAKSHI Public Dashboard
PAY-01400,WS/MP661/2026-2027/188109,Maharashtra,PUNE(DISTRICT COLLECTOR PUNE_IDA),Amol Ramsing Kolhe,SHIRUR,Lighting of public spaces,2026-05-19,Meerai Electricals,Payment Success,462962.0,MPLADS eSAKSHI Public Dashboard
PAY-01401,WS/MP661/2026-2027/188110,Maharashtra,PUNE(DISTRICT COLLECTOR PUNE_IDA),Amol Ramsing Kolhe,SHIRUR,Lighting of public spaces,2026-05-19,Meerai Electricals,Payment Success,470341.0,MPLADS eSAKSHI Public Dashboard
PAY-01402,WS/MP661/2026-2027/188111,Maharashtra,PUNE(DISTRICT COLLECTOR PUNE_IDA),Amol Ramsing Kolhe,SHIRUR,Lighting of public spaces,2026-05-19,Meerai Electricals,Payment Success,450472.0,MPLADS eSAKSHI Public Dashboard
PAY-01403,WS/MP661/2026-2027/188117,Maharashtra,PUNE(DISTRICT COLLECTOR PUNE_IDA),Amol Ramsing Kolhe,SHIRUR,Lighting of public spaces,2026-05-19,Vibha Electricals,Payment Success,454290.0,MPLADS eSAKSHI Public Dashboard
PAY-01404,WS/MP661/2026-2027/188118,Maharashtra,PUNE(DISTRICT COLLECTOR PUNE_IDA),Amol Ramsing Kolhe,SHIRUR,Lighting of public spaces,2026-05-19,Vibha Electricals,Payment Success,450747.0,MPLADS eSAKSHI Public Dashboard
PAY-01405,WS/MP661/2026-2027/147464,Maharashtra,PUNE(DISTRICT COLLECTOR PUNE_IDA),Amol Ramsing Kolhe,SHIRUR,Lighting of public spaces,2026-05-19,Shri Suvishwa Electricals,Payment Success,482614.0,MPLADS eSAKSHI Public Dashboard
PAY-01406,WS/MP661/2025-2026/147465,Maharashtra,PUNE(DISTRICT COLLECTOR PUNE_IDA),Amol Ramsing Kolhe,SHIRUR,Construction of community centers and community halls,2025-10-29,Sandeep Maruti Narhe,Payment Success,999694.0,MPLADS eSAKSHI Public Dashboard
PAY-01407,WS/MP661/2025-2026/147480,Maharashtra,PUNE(DISTRICT COLLECTOR PUNE_IDA),Amol Ramsing Kolhe,SHIRUR,"Construction of roads, link roads, pathways or any other road with or without drainage system",2025-09-26,Jay Gajanan Majur Sahakari Sanstha LTD,Payment Success,995639.0,MPLADS eSAKSHI Public Dashboard
PAY-01408,WS/MP661/2025-2026/147453,Maharashtra,PUNE(DISTRICT COLLECTOR PUNE_IDA),Amol Ramsing Kolhe,SHIRUR,Construction of footpaths and pedestrian ways,2025-08-25,Indrayani Majur Sahakari Sanstha Maryadit,Payment Success,990415.0,MPLADS eSAKSHI Public Dashboard
PAY-01409,WS/MP661/2025-2026/147454,Maharashtra,PUNE(DISTRICT COLLECTOR PUNE_IDA),Amol Ramsing Kolhe,SHIRUR,Construction of community centers and community halls,2026-07-22,Laxmanrao Dhobale Majur Sahakari Sanstha Ltd,Payment Success,919303.0,MPLADS eSAKSHI Public Dashboard
PAY-01410,WS/MP685/2025-2026/182072,Maharashtra,PUNE(DISTRICT COLLECTOR PUNE_IDA),Shrirang Appa Barne,MAVAL,Installing community drinking water plants,2026-03-17,Versatile Enterprises,Payment Success,697697.0,MPLADS eSAKSHI Public Dashboard
PAY-01411,WS/MP685/2025-2026/175373,Maharashtra,PUNE(DISTRICT COLLECTOR PUNE_IDA),Shrirang Appa Barne,MAVAL,"Construction of roads, link roads, pathways or any other road with or without drainage system",2026-02-11,PARAG BALIRAM SHIRSATH,Payment Success,994543.0,MPLADS eSAKSHI Public Dashboard
PAY-01412,WS/MP685/2026-2027/233088,Maharashtra,PUNE(DISTRICT COLLECTOR PUNE_IDA),Shrirang Appa Barne,MAVAL,"Construction of roads, link roads, pathways or any other road with or without drainage system",2026-05-18,Ganesh Laxman Rakshe,Payment Success,999182.0,MPLADS eSAKSHI Public Dashboard
PAY-01413,WS/MP685/2026-2027/233089,Maharashtra,PUNE(DISTRICT COLLECTOR PUNE_IDA),Shrirang Appa Barne,MAVAL,"Construction of roads, link roads, pathways or any other road with or without drainage system",2026-07-01,Ganesh Laxman Rakshe,Payment Success,994234.0,MPLADS eSAKSHI Public Dashboard
PAY-01414,WS/MP685/2026-2027/194546,Maharashtra,PUNE(DISTRICT COLLECTOR PUNE_IDA),Shrirang Appa Barne,MAVAL,"Construction of roads, link roads, pathways or any other road with or without drainage system",2026-05-18,Shree Venkateshwara Construction,Payment Success,999946.0,MPLADS eSAKSHI Public Dashboard
PAY-01415,WS/MP685/2025-2026/194548,Maharashtra,PUNE(DISTRICT COLLECTOR PUNE_IDA),Shrirang Appa Barne,MAVAL,"Construction of roads, link roads, pathways or any other road with or without drainage system",2026-02-11,Ganesh Laxman Rakshe,Payment Success,999565.0,MPLADS eSAKSHI Public Dashboard
PAY-01416,WS/MP685/2025-2026/194549,Maharashtra,PUNE(DISTRICT COLLECTOR PUNE_IDA),Shrirang Appa Barne,MAVAL,"Construction of roads, link roads, pathways or any other road with or without drainage system",2026-02-11,Ganesh Laxman Rakshe,Payment Success,991771.0,MPLADS eSAKSHI Public Dashboard
PAY-01417,WS/MP685/2025-2026/194555,Maharashtra,PUNE(DISTRICT COLLECTOR PUNE_IDA),Shrirang Appa Barne,MAVAL,"Construction of roads, link roads, pathways or any other road with or without drainage system",2026-02-11,Ganesh Laxman Rakshe,Payment Success,994791.0,MPLADS eSAKSHI Public Dashboard
PAY-01418,WS/MP685/2026-2027/182017,Maharashtra,PUNE(DISTRICT COLLECTOR PUNE_IDA),Shrirang Appa Barne,MAVAL,"Construction of roads, link roads, pathways or any other road with or without drainage system",2026-05-21,Sangram Ramdas Pawar,Payment Success,696248.0,MPLADS eSAKSHI Public Dashboard
PAY-01419,WS/MP685/2026-2027/182018,Maharashtra,PUNE(DISTRICT COLLECTOR PUNE_IDA),Shrirang Appa Barne,MAVAL,"Construction of roads, link roads, pathways or any other road with or without drainage system",2026-05-21,Sangram Ramdas Pawar,Payment Success,496562.0,MPLADS eSAKSHI Public Dashboard
PAY-01420,WS/MP661/2026-2027/246048,Maharashtra,PUNE(DISTRICT COLLECTOR PUNE_IDA),Amol Ramsing Kolhe,SHIRUR,Crematoriums/energy efficient crematoriums or structures on burial/cremation ground,2026-09-02,Omkar Suresh Bhagwat,Payment Success,995843.0,MPLADS eSAKSHI Public Dashboard
PAY-01421,WS/MP661/2026-2027/246081,Maharashtra,PUNE(DISTRICT COLLECTOR PUNE_IDA),Amol Ramsing Kolhe,SHIRUR,Crematoriums/energy efficient crematoriums or structures on burial/cremation ground,2026-08-18,Pratik Arun Satkar,Payment Success,993920.0,MPLADS eSAKSHI Public Dashboard
PAY-01422,WS/MP685/2026-2027/187647,Maharashtra,PUNE(DISTRICT COLLECTOR PUNE_IDA),Shrirang Appa Barne,MAVAL,Construction of community centers and community halls,2026-05-21,Chirayu Prakash Mungad,Payment Success,999992.0,MPLADS eSAKSHI Public Dashboard
PAY-01423,WS/MP685/2026-2027/187648,Maharashtra,PUNE(DISTRICT COLLECTOR PUNE_IDA),Shrirang Appa Barne,MAVAL,Construction of buildings for community cultural activities,2026-08-18,Chirayu Prakash Mungad,Payment Success,999992.0,MPLADS eSAKSHI Public Dashboard
PAY-01424,WS/MP685/2026-2027/176774,Maharashtra,PUNE(DISTRICT COLLECTOR PUNE_IDA),Shrirang Appa Barne,MAVAL,"Construction of roads, link roads, pathways or any other road with or without drainage system",2026-05-20,Ganesh Laxman Rakshe,Payment Success,991160.0,MPLADS eSAKSHI Public Dashboard
PAY-01425,WS/MP692/2026-2027/290008,Maharashtra,PUNE(DISTRICT COLLECTOR PUNE_IDA),Smt Supriya Sadanand Sule,BARAMATI,"Construction of roads, link roads, pathways or any other road with or without drainage system",2026-07-20,RUSHABH RAMESH JAGTAP,Payment Success,985879.0,MPLADS eSAKSHI Public Dashboard
PAY-01426,WS/MP692/2026-2027/183448,Maharashtra,PUNE(DISTRICT COLLECTOR PUNE_IDA),Smt Supriya Sadanand Sule,BARAMATI,"Construction of roads, link roads, pathways or any other road with or without drainage system",2026-07-08,shivshakti majoor co op society ltd,Payment Success,500000.0,MPLADS eSAKSHI Public Dashboard
PAY-01427,WS/MP692/2026-2027/183452,Maharashtra,PUNE(DISTRICT COLLECTOR PUNE_IDA),Smt Supriya Sadanand Sule,BARAMATI,"Construction of roads, link roads, pathways or any other road with or without drainage system",2026-07-20,TUKAI GHADAI MAJUR SAH SANATHA LTD,Payment Success,499596.0,MPLADS eSAKSHI Public Dashboard
PAY-01428,WS/MP692/2026-2027/183466,Maharashtra,PUNE(DISTRICT COLLECTOR PUNE_IDA),Smt Supriya Sadanand Sule,BARAMATI,"Construction of roads, link roads, pathways or any other road with or without drainage system",2026-07-20,TUKAI GHADAI MAJUR SAH SANATHA LTD,Payment Success,494585.0,MPLADS eSAKSHI Public Dashboard
PAY-01429,WS/MP692/2026-2027/183473,Maharashtra,PUNE(DISTRICT COLLECTOR PUNE_IDA),Smt Supriya Sadanand Sule,BARAMATI,"Construction of roads, link roads, pathways or any other road with or without drainage system",2026-07-20,jay khanderiya majur sahakari sanstha ltd,Payment Success,499596.0,MPLADS eSAKSHI Public Dashboard
PAY-01430,WS/MP692/2026-2027/183477,Maharashtra,PUNE(DISTRICT COLLECTOR PUNE_IDA),Smt Supriya Sadanand Sule,BARAMATI,"Construction of roads, link roads, pathways or any other road with or without drainage system",2026-06-23,jay khanderiya majur sahakari sanstha ltd,Payment Success,981670.0,MPLADS eSAKSHI Public Dashboard
PAY-01431,WS/MP692/2026-2027/183481,Maharashtra,PUNE(DISTRICT COLLECTOR PUNE_IDA),Smt Supriya Sadanand Sule,BARAMATI,"Construction of roads, link roads, pathways or any other road with or without drainage system",2026-05-21,SARASWATI MAJOOR SAHAKARI SANSTHA LTD,Payment Success,993417.0,MPLADS eSAKSHI Public Dashboard
PAY-01432,WS/MP692/2026-2027/183613,Maharashtra,PUNE(DISTRICT COLLECTOR PUNE_IDA),Smt Supriya Sadanand Sule,BARAMATI,Construction of footpaths and pedestrian ways,2026-06-30,Omkar Navnath Thorat,Payment Success,497364.0,MPLADS eSAKSHI Public Dashboard
PAY-01433,WS/MP692/2025-2026/183615,Maharashtra,PUNE(DISTRICT COLLECTOR PUNE_IDA),Smt Supriya Sadanand Sule,BARAMATI,"Construction of roads, link roads, pathways or any other road with or without drainage system",2025-09-25,DIGAMBAR MAJUR SAHAKARI SANSTHA MARYADIT,Payment Success,981634.0,MPLADS eSAKSHI Public Dashboard
PAY-01434,WS/MP692/2025-2026/183617,Maharashtra,PUNE(DISTRICT COLLECTOR PUNE_IDA),Smt Supriya Sadanand Sule,BARAMATI,"Construction of roads, link roads, pathways or any other road with or without drainage system",2026-02-25,SAGAR NIVRUTTI KHUTWAD,Payment Success,994056.0,MPLADS eSAKSHI Public Dashboard
PAY-01435,WS/MP692/2026-2027/183619,Maharashtra,PUNE(DISTRICT COLLECTOR PUNE_IDA),Smt Supriya Sadanand Sule,BARAMATI,"Construction of roads, link roads, pathways or any other road with or without drainage system",2026-06-29,AVINASH TATYASAHEB KHAMGAL,Payment Success,979222.0,MPLADS eSAKSHI Public Dashboard
PAY-01436,WS/MP692/2025-2026/183620,Maharashtra,PUNE(DISTRICT COLLECTOR PUNE_IDA),Smt Supriya Sadanand Sule,BARAMATI,"Construction of roads, link roads, pathways or any other road with or without drainage system",2025-12-02,DIGAMBAR MAJUR SAHAKARI SANSTHA MARYADIT,Payment Success,499986.0,MPLADS eSAKSHI Public Dashboard
PAY-01437,WS/MP692/2025-2026/183624,Maharashtra,PUNE(DISTRICT COLLECTOR PUNE_IDA),Smt Supriya Sadanand Sule,BARAMATI,Development of playground,2025-12-02,SUMIT SADASHIV GORE,Payment Success,995586.0,MPLADS eSAKSHI Public Dashboard
PAY-01438,WS/MP692/2025-2026/183628,Maharashtra,PUNE(DISTRICT COLLECTOR PUNE_IDA),Smt Supriya Sadanand Sule,BARAMATI,Construction of footpaths and pedestrian ways,2026-02-18,NITIN DNYANDEV RADE,Payment Success,993957.0,MPLADS eSAKSHI Public Dashboard
PAY-01439,WS/MP692/2026-2027/185159,Maharashtra,PUNE(DISTRICT COLLECTOR PUNE_IDA),Smt Supriya Sadanand Sule,BARAMATI,Providing drains and gutters for public drainage,2026-07-03,TUSHAR DNYANDEO RASAL,Payment Success,936871.0,MPLADS eSAKSHI Public Dashboard
PAY-01440,WS/MP692/2026-2027/185120,Maharashtra,PUNE(DISTRICT COLLECTOR PUNE_IDA),Smt Supriya Sadanand Sule,BARAMATI,"Construction of roads, link roads, pathways or any other road with or without drainage system",2026-05-22,SANDIP BALU THOMBARE,Payment Success,869664.0,MPLADS eSAKSHI Public Dashboard
PAY-01441,WS/MP692/2025-2026/185134,Maharashtra,PUNE(DISTRICT COLLECTOR PUNE_IDA),Smt Supriya Sadanand Sule,BARAMATI,"Construction of roads, link roads, pathways or any other road with or without drainage system",2025-10-17,Atul Ashok Kadam,Payment Success,984726.0,MPLADS eSAKSHI Public Dashboard
PAY-01442,WS/MP692/2026-2027/185934,Maharashtra,PUNE(DISTRICT COLLECTOR PUNE_IDA),Smt Supriya Sadanand Sule,BARAMATI,Construction of boundary walls of existing public and community buildings,2026-06-30,Omkar Navnath Thorat,Payment Success,994940.0,MPLADS eSAKSHI Public Dashboard
PAY-01443,WS/MP692/2025-2026/164328,Maharashtra,PUNE(DISTRICT COLLECTOR PUNE_IDA),Smt Supriya Sadanand Sule,BARAMATI,Construction of community centers and community halls,2025-07-09,SHRI YASHWANTRAYA MAJUR SAHAKARI SANSTHA MARYADIT,Payment Success,498057.0,MPLADS eSAKSHI Public Dashboard
PAY-01444,WS/MP661/2025-2026/146558,Maharashtra,PUNE(DISTRICT COLLECTOR PUNE_IDA),Amol Ramsing Kolhe,SHIRUR,"Construction of roads, link roads, pathways or any other road with or without drainage system",2025-08-22,NAGSHWAR MAJOOR SAHKARI SANSTHA LTD,Payment Success,1000000.0,MPLADS eSAKSHI Public Dashboard
PAY-01445,WS/MP661/2025-2026/146559,Maharashtra,PUNE(DISTRICT COLLECTOR PUNE_IDA),Amol Ramsing Kolhe,SHIRUR,"Construction of roads, link roads, pathways or any other road with or without drainage system",2025-08-22,Shri Samarth Majur Sahakari Sanstha Maryadit,Payment Success,1000000.0,MPLADS eSAKSHI Public Dashboard
PAY-01446,WS/MP661/2025-2026/146560,Maharashtra,PUNE(DISTRICT COLLECTOR PUNE_IDA),Amol Ramsing Kolhe,SHIRUR,"Construction of roads, link roads, pathways or any other road with or without drainage system",2025-06-10,Shri Saikrupa Majur Sahakari Sanstha Ltd,Payment Success,1000000.0,MPLADS eSAKSHI Public Dashboard
PAY-01447,WS/MP661/2025-2026/146561,Maharashtra,PUNE(DISTRICT COLLECTOR PUNE_IDA),Amol Ramsing Kolhe,SHIRUR,"Construction of roads, link roads, pathways or any other road with or without drainage system",2025-06-10,NAGSHWAR MAJOOR SAHKARI SANSTHA LTD,Payment Success,1000000.0,MPLADS eSAKSHI Public Dashboard
PAY-01448,WS/MP661/2025-2026/146562,Maharashtra,PUNE(DISTRICT COLLECTOR PUNE_IDA),Amol Ramsing Kolhe,SHIRUR,"Construction of roads, link roads, pathways or any other road with or without drainage system",2025-07-08,NAGSHWAR MAJOOR SAHKARI SANSTHA LTD,Payment Success,1000000.0,MPLADS eSAKSHI Public Dashboard
PAY-01449,WS/MP18111/2025-2026/177759,Maharashtra,AKOLA(DISTRICT COLLECTOR AKOLA_IDA),ANUP SANJAY DHOTRE,AKOLA,"Construction of roads, link roads, pathways or any other road with or without drainage system",2025-10-16,SANDEEP ARJUN PATIL,Payment Success,500000.0,MPLADS eSAKSHI Public Dashboard
PAY-01450,WS/MP18111/2025-2026/177759,Maharashtra,AKOLA(DISTRICT COLLECTOR AKOLA_IDA),ANUP SANJAY DHOTRE,AKOLA,"Construction of roads, link roads, pathways or any other road with or without drainage system",2025-11-04,SANDEEP ARJUN PATIL,Payment Success,468831.0,MPLADS eSAKSHI Public Dashboard
PAY-01451,WS/MP18111/2025-2026/177761,Maharashtra,AKOLA(DISTRICT COLLECTOR AKOLA_IDA),ANUP SANJAY DHOTRE,AKOLA,"Construction of roads, link roads, pathways or any other road with or without drainage system",2026-02-10,SUHAS GULBRAO GOTMARE,Payment Success,985293.0,MPLADS eSAKSHI Public Dashboard
PAY-01452,WS/MP18111/2025-2026/177808,Maharashtra,AKOLA(DISTRICT COLLECTOR AKOLA_IDA),ANUP SANJAY DHOTRE,AKOLA,Construction of community centers and community halls,2025-10-01,GRAM PANCHAYAT BHENDIMAHAL,Payment Success,500000.0,MPLADS eSAKSHI Public Dashboard
PAY-01453,WS/MP18111/2025-2026/177808,Maharashtra,AKOLA(DISTRICT COLLECTOR AKOLA_IDA),ANUP SANJAY DHOTRE,AKOLA,Construction of community centers and community halls,2025-10-15,GRAM PANCHAYAT BHENDIMAHAL,Payment Success,485659.0,MPLADS eSAKSHI Public Dashboard
PAY-01454,WS/MP18111/2025-2026/177978,Maharashtra,AKOLA(DISTRICT COLLECTOR AKOLA_IDA),ANUP SANJAY DHOTRE,AKOLA,"Construction of roads, link roads, pathways or any other road with or without drainage system",2025-10-12,SARPANCH SACHIV G P DANAPUR SAMAYNA FUND,Payment Success,971247.0,MPLADS eSAKSHI Public Dashboard
PAY-01455,WS/MP18111/2025-2026/187100,Maharashtra,AKOLA(DISTRICT COLLECTOR AKOLA_IDA),ANUP SANJAY DHOTRE,AKOLA,"Construction of roads, link roads, pathways or any other road with or without drainage system",2025-10-12,SANTOSH SHAMRAO INGALE,Payment Success,500000.0,MPLADS eSAKSHI Public Dashboard
PAY-01456,WS/MP18111/2025-2026/187100,Maharashtra,AKOLA(DISTRICT COLLECTOR AKOLA_IDA),ANUP SANJAY DHOTRE,AKOLA,"Construction of roads, link roads, pathways or any other road with or without drainage system",2025-10-17,SANTOSH SHAMRAO INGALE,Payment Success,488046.0,MPLADS eSAKSHI Public Dashboard
PAY-01457,WS/MP18111/2025-2026/187101,Maharashtra,AKOLA(DISTRICT COLLECTOR AKOLA_IDA),ANUP SANJAY DHOTRE,AKOLA,"Construction of roads, link roads, pathways or any other road with or without drainage system",2025-10-06,GRAMPANCHAYAT S F NIMBHA,Payment Success,970750.0,MPLADS eSAKSHI Public Dashboard
PAY-01458,WS/MP18111/2025-2026/187103,Maharashtra,AKOLA(DISTRICT COLLECTOR AKOLA_IDA),ANUP SANJAY DHOTRE,AKOLA,Construction of community centers and community halls,2026-01-12,GRAM PANCHAYAT DHANORA GEN FUND JOIN,Payment Success,984417.0,MPLADS eSAKSHI Public Dashboard
PAY-01459,WS/MP18111/2025-2026/187104,Maharashtra,AKOLA(DISTRICT COLLECTOR AKOLA_IDA),ANUP SANJAY DHOTRE,AKOLA,"Construction of roads, link roads, pathways or any other road with or without drainage system",2025-08-29,SAMANYA FUND G P PIWANDAL,Payment Success,500000.0,MPLADS eSAKSHI Public Dashboard
PAY-01460,WS/MP18111/2025-2026/187104,Maharashtra,AKOLA(DISTRICT COLLECTOR AKOLA_IDA),ANUP SANJAY DHOTRE,AKOLA,"Construction of roads, link roads, pathways or any other road with or without drainage system",2025-09-16,SAMANYA FUND G P PIWANDAL,Payment Success,487554.0,MPLADS eSAKSHI Public Dashboard
PAY-01461,WS/MP18111/2025-2026/187111,Maharashtra,AKOLA(DISTRICT COLLECTOR AKOLA_IDA),ANUP SANJAY DHOTRE,AKOLA,"Construction of roads, link roads, pathways or any other road with or without drainage system",2025-07-31,GRAMPANCHAYAT RUSTAMABAD,Payment Success,500000.0,MPLADS eSAKSHI Public Dashboard
PAY-01462,WS/MP18111/2025-2026/187111,Maharashtra,AKOLA(DISTRICT COLLECTOR AKOLA_IDA),ANUP SANJAY DHOTRE,AKOLA,"Construction of roads, link roads, pathways or any other road with or without drainage system",2025-08-25,GRAMPANCHAYAT RUSTAMABAD,Payment Success,487502.0,MPLADS eSAKSHI Public Dashboard
PAY-01463,WS/MP18111/2025-2026/187113,Maharashtra,AKOLA(DISTRICT COLLECTOR AKOLA_IDA),ANUP SANJAY DHOTRE,AKOLA,"Construction of roads, link roads, pathways or any other road with or without drainage system",2025-10-06,SAMANYA NIDHI SAR SACHIV GP KANHERI SARA,Payment Success,986385.0,MPLADS eSAKSHI Public Dashboard
PAY-01464,WS/MP18111/2025-2026/187116,Maharashtra,AKOLA(DISTRICT COLLECTOR AKOLA_IDA),ANUP SANJAY DHOTRE,AKOLA,"Construction of roads, link roads, pathways or any other road with or without drainage system",2026-02-13,SUMIT DEEPAKRAO DESHMUKH,Payment Success,986782.0,MPLADS eSAKSHI Public Dashboard
PAY-01465,WS/MP18111/2025-2026/187118,Maharashtra,AKOLA(DISTRICT COLLECTOR AKOLA_IDA),ANUP SANJAY DHOTRE,AKOLA,"Construction of roads, link roads, pathways or any other road with or without drainage system",2026-02-05,GRAMPANCHAYAT KOTHA SARPANCH SACHIV,Payment Success,984714.0,MPLADS eSAKSHI Public Dashboard
PAY-01466,WS/MP18111/2025-2026/187078,Maharashtra,AKOLA(DISTRICT COLLECTOR AKOLA_IDA),ANUP SANJAY DHOTRE,AKOLA,"Construction of roads, link roads, pathways or any other road with or without drainage system",2025-10-14,GRAM PANCHAYAT GHOTA,Payment Success,986977.0,MPLADS eSAKSHI Public Dashboard
PAY-01467,WS/MP18111/2025-2026/187082,Maharashtra,AKOLA(DISTRICT COLLECTOR AKOLA_IDA),ANUP SANJAY DHOTRE,AKOLA,"Construction of roads, link roads, pathways or any other road with or without drainage system",2025-11-21,ANIRUDDHA KISANRAO PATIL,Payment Success,983626.0,MPLADS eSAKSHI Public Dashboard
PAY-01468,WS/MP18111/2025-2026/187087,Maharashtra,AKOLA(DISTRICT COLLECTOR AKOLA_IDA),ANUP SANJAY DHOTRE,AKOLA,"Construction of roads, link roads, pathways or any other road with or without drainage system",2025-10-14,GRAM PANCHAYAT JALALABAD GEN FUND,Payment Success,986905.0,MPLADS eSAKSHI Public Dashboard
PAY-01469,WS/MP18111/2025-2026/187088,Maharashtra,AKOLA(DISTRICT COLLECTOR AKOLA_IDA),ANUP SANJAY DHOTRE,AKOLA,"Construction of roads, link roads, pathways or any other road with or without drainage system",2025-10-14,SARPANCH GRAM PANCHAYAT WADGAON,Payment Success,986743.0,MPLADS eSAKSHI Public Dashboard
PAY-01470,WS/MP18111/2025-2026/187508,Maharashtra,AKOLA(DISTRICT COLLECTOR AKOLA_IDA),ANUP SANJAY DHOTRE,AKOLA,"Construction of roads, link roads, pathways or any other road with or without drainage system",2025-11-22,SEC GR PAN TALEGAON BK,Payment Success,985973.0,MPLADS eSAKSHI Public Dashboard
PAY-01471,WS/MP18111/2026-2027/268993,Maharashtra,AKOLA(DISTRICT COLLECTOR AKOLA_IDA),ANUP SANJAY DHOTRE,AKOLA,"Construction of roads, link roads, pathways or any other road with or without drainage system",2026-08-27,GRAMPANCHAYAT KARYALAY LAKHPURI,Payment Success,982424.0,MPLADS eSAKSHI Public Dashboard
PAY-01472,WS/MP18111/2026-2027/187511,Maharashtra,AKOLA(DISTRICT COLLECTOR AKOLA_IDA),ANUP SANJAY DHOTRE,AKOLA,"Construction of roads, link roads, pathways or any other road with or without drainage system",2026-04-29,ANIRUDDHA KISANRAO PATIL,Payment Success,990840.0,MPLADS eSAKSHI Public Dashboard
PAY-01473,WS/MP18111/2025-2026/187532,Maharashtra,AKOLA(DISTRICT COLLECTOR AKOLA_IDA),ANUP SANJAY DHOTRE,AKOLA,"Construction of roads, link roads, pathways or any other road with or without drainage system",2025-10-12,GRAMPANCHAYAT S F GADEGAON,Payment Success,970977.0,MPLADS eSAKSHI Public Dashboard
PAY-01474,WS/MP18111/2025-2026/187534,Maharashtra,AKOLA(DISTRICT COLLECTOR AKOLA_IDA),ANUP SANJAY DHOTRE,AKOLA,"Construction of roads, link roads, pathways or any other road with or without drainage system",2025-12-09,SARPANCHA SACHIV G P KARALA BK,Payment Success,987005.0,MPLADS eSAKSHI Public Dashboard
PAY-01475,WS/MP18111/2025-2026/187050,Maharashtra,AKOLA(DISTRICT COLLECTOR AKOLA_IDA),ANUP SANJAY DHOTRE,AKOLA,"Construction of roads, link roads, pathways or any other road with or without drainage system",2026-01-28,SUMIT DEEPAKRAO DESHMUKH,Payment Success,500000.0,MPLADS eSAKSHI Public Dashboard
PAY-01476,WS/MP18111/2025-2026/187050,Maharashtra,AKOLA(DISTRICT COLLECTOR AKOLA_IDA),ANUP SANJAY DHOTRE,AKOLA,"Construction of roads, link roads, pathways or any other road with or without drainage system",2026-02-17,SUMIT DEEPAKRAO DESHMUKH,Payment Success,479216.0,MPLADS eSAKSHI Public Dashboard
PAY-01477,WS/MP18111/2025-2026/187053,Maharashtra,AKOLA(DISTRICT COLLECTOR AKOLA_IDA),ANUP SANJAY DHOTRE,AKOLA,"Construction of roads, link roads, pathways or any other road with or without drainage system",2025-12-15,GRAMPANCHAYAT PATHARDI,Payment Success,988642.0,MPLADS eSAKSHI Public Dashboard
PAY-01478,WS/MP18111/2025-2026/187060,Maharashtra,AKOLA(DISTRICT COLLECTOR AKOLA_IDA),ANUP SANJAY DHOTRE,AKOLA,"Construction of roads, link roads, pathways or any other road with or without drainage system",2025-10-31,GRAMPANCHAYAT WADGSAON MENDHE TAJNAPUR,Payment Success,972537.0,MPLADS eSAKSHI Public Dashboard
PAY-01479,WS/MP18111/2025-2026/187064,Maharashtra,AKOLA(DISTRICT COLLECTOR AKOLA_IDA),ANUP SANJAY DHOTRE,AKOLA,"Construction of roads, link roads, pathways or any other road with or without drainage system",2026-03-10,NARENDRA SOPAN THOKAL,Payment Success,987534.0,MPLADS eSAKSHI Public Dashboard
PAY-01480,WS/MP18111/2025-2026/187068,Maharashtra,AKOLA(DISTRICT COLLECTOR AKOLA_IDA),ANUP SANJAY DHOTRE,AKOLA,"Construction of roads, link roads, pathways or any other road with or without drainage system",2026-02-05,SUHAS GULBRAO GOTMARE,Payment Success,987455.0,MPLADS eSAKSHI Public Dashboard
PAY-01481,WS/MP687/2026-2027/295798,Maharashtra,RAIGAD(DISTRICT COLLECTOR RAIGAD_IDA),Sunil Dattatray Tatkare,RAIGAD,Construction of community centers and community halls,2026-08-03,Sanket Sudhakar Khedekar,Payment Success,500000.0,MPLADS eSAKSHI Public Dashboard
PAY-01482,WS/MP687/2026-2027/268167,Maharashtra,RAIGAD(DISTRICT COLLECTOR RAIGAD_IDA),Sunil Dattatray Tatkare,RAIGAD,Construction of community centers and community halls,2026-06-22,VIVEK VINOD PAKHAD,Payment Success,500000.0,MPLADS eSAKSHI Public Dashboard
PAY-01483,WS/MP687/2025-2026/268168,Maharashtra,RAIGAD(DISTRICT COLLECTOR RAIGAD_IDA),Sunil Dattatray Tatkare,RAIGAD,"Construction of roads, link roads, pathways or any other road with or without drainage system",2026-02-18,Sarvesh Gajanan Chorge,Payment Success,750000.0,MPLADS eSAKSHI Public Dashboard
PAY-01484,WS/MP687/2026-2027/268169,Maharashtra,RAIGAD(DISTRICT COLLECTOR RAIGAD_IDA),Sunil Dattatray Tatkare,RAIGAD,Construction of community centers and community halls,2026-07-23,Sunil Namdev Chavhan,Payment Success,1250000.0,MPLADS eSAKSHI Public Dashboard
PAY-01485,WS/MP687/2026-2027/268170,Maharashtra,RAIGAD(DISTRICT COLLECTOR RAIGAD_IDA),Sunil Dattatray Tatkare,RAIGAD,Construction of community centers and community halls,2026-06-25,ARADHYA VISHNU BAPAT,Payment Success,750000.0,MPLADS eSAKSHI Public Dashboard
PAY-01486,WS/MP687/2026-2027/268171,Maharashtra,RAIGAD(DISTRICT COLLECTOR RAIGAD_IDA),Sunil Dattatray Tatkare,RAIGAD,Construction of community centers and community halls,2026-08-03,SIDDHESH GHANSHAM ADHIKARI,Payment Success,300000.0,MPLADS eSAKSHI Public Dashboard
PAY-01487,WS/MP687/2026-2027/243661,Maharashtra,RAIGAD(DISTRICT COLLECTOR RAIGAD_IDA),Sunil Dattatray Tatkare,RAIGAD,Construction of community centers and community halls,2026-07-23,Amol Malu Lambore,Payment Success,750000.0,MPLADS eSAKSHI Public Dashboard
PAY-01488,WS/MP687/2025-2026/243670,Maharashtra,RAIGAD(DISTRICT COLLECTOR RAIGAD_IDA),Sunil Dattatray Tatkare,RAIGAD,Construction of community centers and community halls,2025-11-04,SURAJ CHANDRAKANT NALAWADE,Payment Success,749850.0,MPLADS eSAKSHI Public Dashboard
PAY-01489,WS/MP687/2025-2026/243670,Maharashtra,RAIGAD(DISTRICT COLLECTOR RAIGAD_IDA),Sunil Dattatray Tatkare,RAIGAD,Construction of community centers and community halls,2026-08-19,SURAJ CHANDRAKANT NALAWADE,Payment Success,743000.0,MPLADS eSAKSHI Public Dashboard
PAY-01490,WS/MP687/2025-2026/243673,Maharashtra,RAIGAD(DISTRICT COLLECTOR RAIGAD_IDA),Sunil Dattatray Tatkare,RAIGAD,Construction of community centers and community halls,2026-03-25,SURAJ CHANDRAKANT NALAWADE,Payment Success,750000.0,MPLADS eSAKSHI Public Dashboard
PAY-01491,WS/MP687/2025-2026/243675,Maharashtra,RAIGAD(DISTRICT COLLECTOR RAIGAD_IDA),Sunil Dattatray Tatkare,RAIGAD,Construction of community centers and community halls,2025-10-30,Saurabh Sanjay bakkam,Payment Success,500000.0,MPLADS eSAKSHI Public Dashboard
PAY-01492,WS/MP687/2025-2026/243675,Maharashtra,RAIGAD(DISTRICT COLLECTOR RAIGAD_IDA),Sunil Dattatray Tatkare,RAIGAD,Construction of community centers and community halls,2026-08-04,Saurabh Sanjay bakkam,Payment Success,498000.0,MPLADS eSAKSHI Public Dashboard
PAY-01493,WS/MP687/2025-2026/243678,Maharashtra,RAIGAD(DISTRICT COLLECTOR RAIGAD_IDA),Sunil Dattatray Tatkare,RAIGAD,Construction of community centers and community halls,2026-04-06,Suyog Suresh Thakur,Payment Success,1213485.0,MPLADS eSAKSHI Public Dashboard
PAY-01494,WS/MP687/2026-2027/243689,Maharashtra,RAIGAD(DISTRICT COLLECTOR RAIGAD_IDA),Sunil Dattatray Tatkare,RAIGAD,Construction of community centers and community halls,2026-04-21,Amol Malu Lambore,Payment Success,750000.0,MPLADS eSAKSHI Public Dashboard
PAY-01495,WS/MP687/2025-2026/243692,Maharashtra,RAIGAD(DISTRICT COLLECTOR RAIGAD_IDA),Sunil Dattatray Tatkare,RAIGAD,Construction of community centers and community halls,2026-01-08,Sunil Namdev Chavhan,Payment Success,1500000.0,MPLADS eSAKSHI Public Dashboard
PAY-01496,WS/MP687/2025-2026/243695,Maharashtra,RAIGAD(DISTRICT COLLECTOR RAIGAD_IDA),Sunil Dattatray Tatkare,RAIGAD,Construction of community centers and community halls,2026-01-06,PRASAD PRAKASH KETKAR,Payment Success,1250000.0,MPLADS eSAKSHI Public Dashboard
PAY-01497,WS/MP687/2025-2026/243695,Maharashtra,RAIGAD(DISTRICT COLLECTOR RAIGAD_IDA),Sunil Dattatray Tatkare,RAIGAD,Construction of community centers and community halls,2026-07-21,PRASAD PRAKASH KETKAR,Payment Success,1204195.0,MPLADS eSAKSHI Public Dashboard
PAY-01498,WS/MP687/2025-2026/243701,Maharashtra,RAIGAD(DISTRICT COLLECTOR RAIGAD_IDA),Sunil Dattatray Tatkare,RAIGAD,Construction of community centers and community halls,2026-03-16,Sunil Namdev Chavhan,Payment Success,1000000.0,MPLADS eSAKSHI Public Dashboard
PAY-01499,WS/MP687/2025-2026/243704,Maharashtra,RAIGAD(DISTRICT COLLECTOR RAIGAD_IDA),Sunil Dattatray Tatkare,RAIGAD,Construction of community centers and community halls,2026-02-23,Abhishek Prakash Jain,Payment Success,750000.0,MPLADS eSAKSHI Public Dashboard
PAY-01500,WS/MP687/2025-2026/243712,Maharashtra,RAIGAD(DISTRICT COLLECTOR RAIGAD_IDA),Sunil Dattatray Tatkare,RAIGAD,Construction of community centers and community halls,2025-12-18,SURAJ CHANDRAKANT NALAWADE,Payment Success,1250000.0,MPLADS eSAKSHI Public Dashboard
PAY-01501,WS/MP687/2025-2026/243712,Maharashtra,RAIGAD(DISTRICT COLLECTOR RAIGAD_IDA),Sunil Dattatray Tatkare,RAIGAD,Construction of community centers and community halls,2026-06-25,SURAJ CHANDRAKANT NALAWADE,Payment Success,1249000.0,MPLADS eSAKSHI Public Dashboard
PAY-01502,WS/MP687/2025-2026/243729,Maharashtra,RAIGAD(DISTRICT COLLECTOR RAIGAD_IDA),Sunil Dattatray Tatkare,RAIGAD,Construction of rooms and halls in school and colleges,2026-03-12,Abhishek Prakash Jain,Payment Success,1250000.0,MPLADS eSAKSHI Public Dashboard
PAY-01503,WS/MP687/2025-2026/243731,Maharashtra,RAIGAD(DISTRICT COLLECTOR RAIGAD_IDA),Sunil Dattatray Tatkare,RAIGAD,Construction of community centers and community halls,2025-11-17,vishal rajendra mande,Payment Success,750000.0,MPLADS eSAKSHI Public Dashboard
PAY-01504,WS/MP687/2025-2026/243731,Maharashtra,RAIGAD(DISTRICT COLLECTOR RAIGAD_IDA),Sunil Dattatray Tatkare,RAIGAD,Construction of community centers and community halls,2026-03-09,vishal rajendra mande,Payment Success,748000.0,MPLADS eSAKSHI Public Dashboard
PAY-01505,WS/MP687/2025-2026/243734,Maharashtra,RAIGAD(DISTRICT COLLECTOR RAIGAD_IDA),Sunil Dattatray Tatkare,RAIGAD,Construction of community centers and community halls,2025-12-15,SIDDHESH GHANSHAM ADHIKARI,Payment Success,350000.0,MPLADS eSAKSHI Public Dashboard
PAY-01506,WS/MP687/2025-2026/243734,Maharashtra,RAIGAD(DISTRICT COLLECTOR RAIGAD_IDA),Sunil Dattatray Tatkare,RAIGAD,Construction of community centers and community halls,2026-01-08,SIDDHESH GHANSHAM ADHIKARI,Payment Success,324000.0,MPLADS eSAKSHI Public Dashboard
PAY-01507,WS/MP687/2025-2026/243737,Maharashtra,RAIGAD(DISTRICT COLLECTOR RAIGAD_IDA),Sunil Dattatray Tatkare,RAIGAD,Construction of community centers and community halls,2026-01-05,Saurabh Sanjay bakkam,Payment Success,350000.0,MPLADS eSAKSHI Public Dashboard
PAY-01508,WS/MP18136/2026-2027/231461,Maharashtra,WARDHA(DISTRICT COLLECTOR WARDHA_IDA),AMAR SHARADRAO KALE,WARDHA,"Construction of roads, link roads, pathways or any other road with or without drainage system",2026-07-01,President Pragati Majoor Sahakari Sanstha Ltd,Payment Success,267697.0,MPLADS eSAKSHI Public Dashboard
PAY-01509,WS/MP18136/2026-2027/211192,Maharashtra,WARDHA(DISTRICT COLLECTOR WARDHA_IDA),AMAR SHARADRAO KALE,WARDHA,Construction of bus-sheds or bus-stops,2026-07-01,President Pragati Majoor Sahakari Sanstha Ltd,Payment Success,207630.0,MPLADS eSAKSHI Public Dashboard
PAY-01510,WS/MP18136/2026-2027/190037,Maharashtra,WARDHA(DISTRICT COLLECTOR WARDHA_IDA),AMAR SHARADRAO KALE,WARDHA,Construction of community centers and community halls,2026-05-04,President Pragati Majoor Sahakari Sanstha Ltd,Payment Success,1799000.0,MPLADS eSAKSHI Public Dashboard
PAY-01511,WS/MP673/2025-2026/200173,Maharashtra,Dharashiv(DISTRICT COLLECTOR OSMANABAD_IDA),Omprakash Bhupalsinh Alias Pawan Rajenimbalkar,OSMANABAD,Construction of community centers and community halls,2026-03-09,Ch Onkar Majur Sahakari Sanstha LTD Bhoom Tq Bhoom Dist Dharashiv,Payment Success,673517.0,MPLADS eSAKSHI Public Dashboard
PAY-01512,WS/MP673/2026-2027/218587,Maharashtra,Dharashiv(DISTRICT COLLECTOR OSMANABAD_IDA),Omprakash Bhupalsinh Alias Pawan Rajenimbalkar,OSMANABAD,"Construction of roads, link roads, pathways or any other road with or without drainage system",2026-04-09,Ch Jijamata Mahila MSS Ltd,Payment Success,296176.0,MPLADS eSAKSHI Public Dashboard
PAY-01513,WS/MP673/2025-2026/214098,Maharashtra,Dharashiv(DISTRICT COLLECTOR OSMANABAD_IDA),Omprakash Bhupalsinh Alias Pawan Rajenimbalkar,OSMANABAD,"Construction of roads, link roads, pathways or any other road with or without drainage system",2026-02-02,Ch Jijamata Mahila MSS Ltd,Payment Success,497555.0,MPLADS eSAKSHI Public Dashboard
PAY-01514,WS/MP673/2025-2026/181028,Maharashtra,Dharashiv(DISTRICT COLLECTOR OSMANABAD_IDA),Omprakash Bhupalsinh Alias Pawan Rajenimbalkar,OSMANABAD,"Construction of roads, link roads, pathways or any other road with or without drainage system",2026-01-23,Yeshwant Majoor Sahakari Sanstha Maryadit Pathrud Taluka Bhoom Dist Dharashiv,Payment Success,500000.0,MPLADS eSAKSHI Public Dashboard
PAY-01515,WS/MP673/2025-2026/176951,Maharashtra,Dharashiv(DISTRICT COLLECTOR OSMANABAD_IDA),Omprakash Bhupalsinh Alias Pawan Rajenimbalkar,OSMANABAD,Construction of bus-sheds or bus-stops,2026-01-02,Ch Siddheshwar Majur Sahakari Sanstha Wadgaon S Tq Dist Dharashiv,Payment Success,298963.0,MPLADS eSAKSHI Public Dashboard
PAY-01516,WS/MP673/2026-2027/176952,Maharashtra,Dharashiv(DISTRICT COLLECTOR OSMANABAD_IDA),Omprakash Bhupalsinh Alias Pawan Rajenimbalkar,OSMANABAD,Construction of bus-sheds or bus-stops,2026-05-25,Ch Siddheshwar Majur Sahakari Sanstha Wadgaon S Tq Dist Dharashiv,Payment Success,298283.0,MPLADS eSAKSHI Public Dashboard
PAY-01517,WS/MP673/2026-2027/176956,Maharashtra,Dharashiv(DISTRICT COLLECTOR OSMANABAD_IDA),Omprakash Bhupalsinh Alias Pawan Rajenimbalkar,OSMANABAD,Construction of community centers and community halls,2026-08-19,Ch Bhoom Taluka Majur Sahakari Santha M Washi Tq Washi Dist Dharashiv,Payment Success,694535.0,MPLADS eSAKSHI Public Dashboard
PAY-01518,WS/MP673/2025-2026/193049,Maharashtra,Dharashiv(DISTRICT COLLECTOR OSMANABAD_IDA),Omprakash Bhupalsinh Alias Pawan Rajenimbalkar,OSMANABAD,"Construction of roads, link roads, pathways or any other road with or without drainage system",2025-09-02,Ch Jijamata Mahila MSS Ltd,Payment Success,494997.0,MPLADS eSAKSHI Public Dashboard
PAY-01519,WS/MP673/2025-2026/199029,Maharashtra,Dharashiv(DISTRICT COLLECTOR OSMANABAD_IDA),Omprakash Bhupalsinh Alias Pawan Rajenimbalkar,OSMANABAD,"Construction of roads, link roads, pathways or any other road with or without drainage system",2026-01-03,Ch Ingonda Majur Sahakari Sanstha M Ingonda Tq Paranda Dist Dharashiv,Payment Success,693895.0,MPLADS eSAKSHI Public Dashboard
PAY-01520,WS/MP673/2024-2025/139034,Maharashtra,Dharashiv(DISTRICT COLLECTOR OSMANABAD_IDA),Omprakash Bhupalsinh Alias Pawan Rajenimbalkar,OSMANABAD,Construction of bus-sheds or bus-stops,2025-03-11,Shri Ganesh Majoor Sahakari Sanstha Maryadit Khamaswadi Taluka Kallam Dist Dharashiv,Payment Success,300000.0,MPLADS eSAKSHI Public Dashboard
PAY-01521,WS/MP673/2025-2026/143160,Maharashtra,Dharashiv(DISTRICT COLLECTOR OSMANABAD_IDA),Omprakash Bhupalsinh Alias Pawan Rajenimbalkar,OSMANABAD,"Construction of roads, link roads, pathways or any other road with or without drainage system",2025-05-16,Yeshwant Majoor Sahakari Sanstha Maryadit Pathrud Taluka Bhoom Dist Dharashiv,Payment Success,500000.0,MPLADS eSAKSHI Public Dashboard
PAY-01522,WS/MP673/2025-2026/202437,Maharashtra,Dharashiv(DISTRICT COLLECTOR OSMANABAD_IDA),Omprakash Bhupalsinh Alias Pawan Rajenimbalkar,OSMANABAD,"Construction of roads, link roads, pathways or any other road with or without drainage system",2026-01-23,Ch Jijamata Mahila MSS Ltd,Payment Success,498630.0,MPLADS eSAKSHI Public Dashboard
PAY-01523,WS/MP673/2026-2027/202474,Maharashtra,Dharashiv(DISTRICT COLLECTOR OSMANABAD_IDA),Omprakash Bhupalsinh Alias Pawan Rajenimbalkar,OSMANABAD,Construction of community centers and community halls,2026-08-08,vishwabhushan magasvargiya Majur Sahakari Sanstha M Tuljapur,Payment Success,497237.0,MPLADS eSAKSHI Public Dashboard
PAY-01524,WS/MP673/2026-2027/259050,Maharashtra,Dharashiv(DISTRICT COLLECTOR OSMANABAD_IDA),Omprakash Bhupalsinh Alias Pawan Rajenimbalkar,OSMANABAD,"Construction of roads, link roads, pathways or any other road with or without drainage system",2026-05-29,Chairman Shramjivi Majoor Sahakari Sanstha Tuljapur,Payment Success,696980.0,MPLADS eSAKSHI Public Dashboard
PAY-01525,WS/MP673/2026-2027/240864,Maharashtra,Dharashiv(DISTRICT COLLECTOR OSMANABAD_IDA),Omprakash Bhupalsinh Alias Pawan Rajenimbalkar,OSMANABAD,"Construction of roads, link roads, pathways or any other road with or without drainage system",2026-08-17,chairman siddeshwar Majur Sah Sanstha Wadgaon S,Payment Success,696292.0,MPLADS eSAKSHI Public Dashboard
PAY-01526,WS/MP673/2025-2026/199040,Maharashtra,Dharashiv(DISTRICT COLLECTOR OSMANABAD_IDA),Omprakash Bhupalsinh Alias Pawan Rajenimbalkar,OSMANABAD,Construction of community centers and community halls,2026-03-09,Sai Datta Majoor Sahakari Sanstha Ltd Bhatambri,Payment Success,696803.0,MPLADS eSAKSHI Public Dashboard
PAY-01527,WS/MP673/2025-2026/199064,Maharashtra,Dharashiv(DISTRICT COLLECTOR OSMANABAD_IDA),Omprakash Bhupalsinh Alias Pawan Rajenimbalkar,OSMANABAD,"Construction of roads, link roads, pathways or any other road with or without drainage system",2025-10-16,Ch Siddheshwar Majur Sahakari Sanstha Wadgaon S Tq Dist Dharashiv,Payment Success,696907.0,MPLADS eSAKSHI Public Dashboard
PAY-01528,WS/MP673/2025-2026/201929,Maharashtra,Dharashiv(DISTRICT COLLECTOR OSMANABAD_IDA),Omprakash Bhupalsinh Alias Pawan Rajenimbalkar,OSMANABAD,Construction of community centers and community halls,2026-02-27,Chairman Shramjivi Majoor Sahakari Sanstha Tuljapur,Payment Success,696250.0,MPLADS eSAKSHI Public Dashboard
PAY-01529,WS/MP673/2026-2027/201963,Maharashtra,Dharashiv(DISTRICT COLLECTOR OSMANABAD_IDA),Omprakash Bhupalsinh Alias Pawan Rajenimbalkar,OSMANABAD,"Construction of roads, link roads, pathways or any other road with or without drainage system",2026-05-25,Jai Hanuman MSSL Lonarwadi,Payment Success,995416.0,MPLADS eSAKSHI Public Dashboard
PAY-01530,WS/MP18136/2026-2027/257200,Maharashtra,WARDHA(DISTRICT COLLECTOR WARDHA_IDA),AMAR SHARADRAO KALE,WARDHA,"Construction of roads, link roads, pathways or any other road with or without drainage system",2026-07-09,FOR SEVA CONSTRUCTION,Payment Success,995588.0,MPLADS eSAKSHI Public Dashboard
PAY-01531,WS/MP18136/2025-2026/216856,Maharashtra,WARDHA(DISTRICT COLLECTOR WARDHA_IDA),AMAR SHARADRAO KALE,WARDHA,Construction of community centers and community halls,2026-01-22,GAJANAN DEVAJI HATWAR,Payment Success,995210.0,MPLADS eSAKSHI Public Dashboard
PAY-01532,WS/MP18136/2025-2026/185985,Maharashtra,WARDHA(DISTRICT COLLECTOR WARDHA_IDA),AMAR SHARADRAO KALE,WARDHA,"Construction of roads, link roads, pathways or any other road with or without drainage system",2026-07-09,PANKAJ NAMDEVRAO GAVHALE,Payment Success,992449.0,MPLADS eSAKSHI Public Dashboard
PAY-01533,WS/MP18136/2025-2026/185986,Maharashtra,WARDHA(DISTRICT COLLECTOR WARDHA_IDA),AMAR SHARADRAO KALE,WARDHA,"Construction of roads, link roads, pathways or any other road with or without drainage system",2026-06-18,SARANG BUILDING MATERIAL SUPPLIERS AND CONSTRUCTION,Payment Success,991420.0,MPLADS eSAKSHI Public Dashboard
PAY-01534,WS/MP18136/2025-2026/185987,Maharashtra,WARDHA(DISTRICT COLLECTOR WARDHA_IDA),AMAR SHARADRAO KALE,WARDHA,Providing drains and gutters for public drainage,2026-03-20,PANKAJ NAMDEVRAO GAVHALE,Payment Success,982179.0,MPLADS eSAKSHI Public Dashboard
PAY-01535,WS/MP18136/2025-2026/185988,Maharashtra,WARDHA(DISTRICT COLLECTOR WARDHA_IDA),AMAR SHARADRAO KALE,WARDHA,"Construction of roads, link roads, pathways or any other road with or without drainage system",2026-01-15,PANKAJ NAMDEVRAO GAVHALE,Payment Success,991408.0,MPLADS eSAKSHI Public Dashboard
PAY-01536,WS/MP18136/2025-2026/179020,Maharashtra,WARDHA(DISTRICT COLLECTOR WARDHA_IDA),AMAR SHARADRAO KALE,WARDHA,"Construction of roads, link roads, pathways or any other road with or without drainage system",2026-02-10,UTKARSH UNEEMPLOYED ENGINEERS SEVA CO-OP SOCIETY,Payment Success,297851.0,MPLADS eSAKSHI Public Dashboard
PAY-01537,WS/MP18136/2025-2026/180113,Maharashtra,WARDHA(DISTRICT COLLECTOR WARDHA_IDA),AMAR SHARADRAO KALE,WARDHA,"Construction of roads, link roads, pathways or any other road with or without drainage system",2025-11-28,UTKARSH UNEEMPLOYED ENGINEERS SEVA CO-OP SOCIETY,Payment Success,148628.0,MPLADS eSAKSHI Public Dashboard
PAY-01538,WS/MP18136/2025-2026/179863,Maharashtra,WARDHA(DISTRICT COLLECTOR WARDHA_IDA),AMAR SHARADRAO KALE,WARDHA,"Construction of roads, link roads, pathways or any other road with or without drainage system",2026-02-10,UTKARSH UNEEMPLOYED ENGINEERS SEVA CO-OP SOCIETY,Payment Success,997211.0,MPLADS eSAKSHI Public Dashboard
PAY-01539,WS/MP18136/2025-2026/176829,Maharashtra,WARDHA(DISTRICT COLLECTOR WARDHA_IDA),AMAR SHARADRAO KALE,WARDHA,Fitting of Sitting RCC Benches in Public Places,2025-11-28,UTKARSH UNEEMPLOYED ENGINEERS SEVA CO-OP SOCIETY,Payment Success,695805.0,MPLADS eSAKSHI Public Dashboard
PAY-01540,WS/MP18136/2025-2026/195313,Maharashtra,WARDHA(DISTRICT COLLECTOR WARDHA_IDA),AMAR SHARADRAO KALE,WARDHA,"Construction of roads, link roads, pathways or any other road with or without drainage system",2026-02-16,UTKARSH UNEEMPLOYED ENGINEERS SEVA CO-OP SOCIETY,Payment Success,990689.0,MPLADS eSAKSHI Public Dashboard
PAY-01541,WS/MP18136/2025-2026/186384,Maharashtra,WARDHA(DISTRICT COLLECTOR WARDHA_IDA),AMAR SHARADRAO KALE,WARDHA,"Construction of roads, link roads, pathways or any other road with or without drainage system",2025-10-17,SARANG BUILDING MATERIAL SUPPLIERS AND CONSTRUCTION,Payment Success,988064.0,MPLADS eSAKSHI Public Dashboard
PAY-01542,WS/MP18136/2025-2026/204530,Maharashtra,WARDHA(DISTRICT COLLECTOR WARDHA_IDA),AMAR SHARADRAO KALE,WARDHA,"Construction of roads, link roads, pathways or any other road with or without drainage system",2026-02-03,VIKI VITHALRAO BHADE,Payment Success,991944.0,MPLADS eSAKSHI Public Dashboard
PAY-01543,WS/MP18136/2025-2026/199769,Maharashtra,WARDHA(DISTRICT COLLECTOR WARDHA_IDA),AMAR SHARADRAO KALE,WARDHA,"Construction of roads, link roads, pathways or any other road with or without drainage system",2026-03-20,GAJANAN DEVAJI HATWAR,Payment Success,997936.0,MPLADS eSAKSHI Public Dashboard
PAY-01544,WS/MP18136/2026-2027/199775,Maharashtra,WARDHA(DISTRICT COLLECTOR WARDHA_IDA),AMAR SHARADRAO KALE,WARDHA,"Construction of roads, link roads, pathways or any other road with or without drainage system",2026-05-05,GAJANAN DEVAJI HATWAR,Payment Success,498230.0,MPLADS eSAKSHI Public Dashboard
PAY-01545,WS/MP18136/2026-2027/195293,Maharashtra,WARDHA(DISTRICT COLLECTOR WARDHA_IDA),AMAR SHARADRAO KALE,WARDHA,Lighting of public spaces,2026-08-20,NINAD PRADIPRAO WANKHEDE,Payment Success,398363.0,MPLADS eSAKSHI Public Dashboard
PAY-01546,WS/MP18136/2026-2027/195294,Maharashtra,WARDHA(DISTRICT COLLECTOR WARDHA_IDA),AMAR SHARADRAO KALE,WARDHA,Providing drains and gutters for public drainage,2026-07-15,President Pragati Majoor Sahakari Sanstha Ltd,Payment Success,485866.0,MPLADS eSAKSHI Public Dashboard
PAY-01547,WS/MP18136/2026-2027/195297,Maharashtra,WARDHA(DISTRICT COLLECTOR WARDHA_IDA),AMAR SHARADRAO KALE,WARDHA,"Construction of roads, link roads, pathways or any other road with or without drainage system",2026-05-20,President Pragati Majoor Sahakari Sanstha Ltd,Payment Success,489099.0,MPLADS eSAKSHI Public Dashboard
PAY-01548,WS/MP18136/2026-2027/195300,Maharashtra,WARDHA(DISTRICT COLLECTOR WARDHA_IDA),AMAR SHARADRAO KALE,WARDHA,Providing drains and gutters for public drainage,2026-05-20,President Pragati Majoor Sahakari Sanstha Ltd,Payment Success,491863.0,MPLADS eSAKSHI Public Dashboard
PAY-01549,WS/MP18323/2025-2026/144115,Maharashtra,LATUR(DISTRICT COLLECTOR LATUR_IDA),DR KALGE SHIVAJI BANDAPPA,LATUR(SC),"Construction of roads, link roads, pathways or any other road with or without drainage system",2025-11-14,VISHWASAMRAT MAGASUARGIYA MAJOOR SAHAKARI SANSTHA MARYADIT,Payment Success,995673.0,MPLADS eSAKSHI Public Dashboard
PAY-01550,WS/MP18323/2025-2026/144116,Maharashtra,LATUR(DISTRICT COLLECTOR LATUR_IDA),DR KALGE SHIVAJI BANDAPPA,LATUR(SC),Providing drains and gutters for public drainage,2026-02-04,VISHWASAMRAT MAGASUARGIYA MAJOOR SAHAKARI SANSTHA MARYADIT,Payment Success,995696.0,MPLADS eSAKSHI Public Dashboard
PAY-01551,WS/MP18323/2026-2027/144117,Maharashtra,LATUR(DISTRICT COLLECTOR LATUR_IDA),DR KALGE SHIVAJI BANDAPPA,LATUR(SC),"Construction of roads, link roads, pathways or any other road with or without drainage system",2026-08-07,Jaybharat Majoor Sahakari Sanstha M Latur,Payment Success,1000000.0,MPLADS eSAKSHI Public Dashboard
PAY-01552,WS/MP18323/2026-2027/144120,Maharashtra,LATUR(DISTRICT COLLECTOR LATUR_IDA),DR KALGE SHIVAJI BANDAPPA,LATUR(SC),Construction of community centers and community halls,2026-05-22,SALGARE SUJIT MAHARUDRA,Payment Success,1991059.0,MPLADS eSAKSHI Public Dashboard
PAY-01553,WS/MP18323/2025-2026/167402,Maharashtra,LATUR(DISTRICT COLLECTOR LATUR_IDA),DR KALGE SHIVAJI BANDAPPA,LATUR(SC),"Construction of roads, link roads, pathways or any other road with or without drainage system",2025-08-13,Anusayadevi Majoor Sahakari Sanstha Maryadit,Payment Success,696742.0,MPLADS eSAKSHI Public Dashboard
PAY-01554,WS/MP18323/2025-2026/147142,Maharashtra,LATUR(DISTRICT COLLECTOR LATUR_IDA),DR KALGE SHIVAJI BANDAPPA,LATUR(SC),"Construction of roads, link roads, pathways or any other road with or without drainage system",2025-04-28,THE PATHARVAT LABOUR CONTRACT COOPERTIVE SOCIETY,Payment Success,991691.0,MPLADS eSAKSHI Public Dashboard
PAY-01555,WS/MP18323/2025-2026/144107,Maharashtra,LATUR(DISTRICT COLLECTOR LATUR_IDA),DR KALGE SHIVAJI BANDAPPA,LATUR(SC),Construction of community centers and community halls,2026-02-06,PRADDEP MANE,Payment Success,1494640.0,MPLADS eSAKSHI Public Dashboard
PAY-01556,WS/MP18323/2025-2026/181778,Maharashtra,LATUR(DISTRICT COLLECTOR LATUR_IDA),DR KALGE SHIVAJI BANDAPPA,LATUR(SC),"Construction of roads, link roads, pathways or any other road with or without drainage system",2026-02-18,Shrikant Majoor Sahakari Sanstha Maryadit Sonwala,Payment Success,995269.0,MPLADS eSAKSHI Public Dashboard
PAY-01557,WS/MP18323/2025-2026/167414,Maharashtra,LATUR(DISTRICT COLLECTOR LATUR_IDA),DR KALGE SHIVAJI BANDAPPA,LATUR(SC),"Construction of roads, link roads, pathways or any other road with or without drainage system",2025-10-07,SUDHIR SHIRISH DIVEKAR,Payment Success,996732.0,MPLADS eSAKSHI Public Dashboard
PAY-01558,WS/MP18323/2025-2026/167436,Maharashtra,LATUR(DISTRICT COLLECTOR LATUR_IDA),DR KALGE SHIVAJI BANDAPPA,LATUR(SC),"Construction of roads, link roads, pathways or any other road with or without drainage system",2025-10-07,SUDHIR SHIRISH DIVEKAR,Payment Success,994329.0,MPLADS eSAKSHI Public Dashboard
PAY-01559,WS/MP18323/2026-2027/167454,Maharashtra,LATUR(DISTRICT COLLECTOR LATUR_IDA),DR KALGE SHIVAJI BANDAPPA,LATUR(SC),"Construction of roads, link roads, pathways or any other road with or without drainage system",2026-07-23,TECHDRIVE ENGINEERING PRIVATE LIMITED,Payment Success,999897.0,MPLADS eSAKSHI Public Dashboard
PAY-01560,WS/MP18323/2025-2026/181739,Maharashtra,LATUR(DISTRICT COLLECTOR LATUR_IDA),DR KALGE SHIVAJI BANDAPPA,LATUR(SC),"Construction of roads, link roads, pathways or any other road with or without drainage system",2026-03-10,Grampanchayat Walsangavi Girakchal,Payment Success,497066.0,MPLADS eSAKSHI Public Dashboard
PAY-01561,WS/MP18323/2025-2026/181744,Maharashtra,LATUR(DISTRICT COLLECTOR LATUR_IDA),DR KALGE SHIVAJI BANDAPPA,LATUR(SC),"Construction of roads, link roads, pathways or any other road with or without drainage system",2026-02-26,Grampanchayat Karyalaya Tagarkheda,Payment Success,492464.0,MPLADS eSAKSHI Public Dashboard
PAY-01562,WS/MP18323/2025-2026/181753,Maharashtra,LATUR(DISTRICT COLLECTOR LATUR_IDA),DR KALGE SHIVAJI BANDAPPA,LATUR(SC),"Construction of roads, link roads, pathways or any other road with or without drainage system",2026-03-24,Grampanchayat Karyalaya Baspur,Payment Success,498425.0,MPLADS eSAKSHI Public Dashboard
PAY-01563,WS/MP18323/2026-2027/144111,Maharashtra,LATUR(DISTRICT COLLECTOR LATUR_IDA),DR KALGE SHIVAJI BANDAPPA,LATUR(SC),Construction of community centers and community halls,2026-05-25,Grampanchayat kharola,Payment Success,998705.0,MPLADS eSAKSHI Public Dashboard
PAY-01564,WS/MP673/2026-2027/193064,Maharashtra,Dharashiv(DISTRICT COLLECTOR OSMANABAD_IDA),Omprakash Bhupalsinh Alias Pawan Rajenimbalkar,OSMANABAD,"Construction of roads, link roads, pathways or any other road with or without drainage system",2026-04-17,Kancheshwar Majur Sahakari Sanstha Maryadit,Payment Success,995271.0,MPLADS eSAKSHI Public Dashboard
PAY-01565,WS/MP673/2025-2026/176955,Maharashtra,Dharashiv(DISTRICT COLLECTOR OSMANABAD_IDA),Omprakash Bhupalsinh Alias Pawan Rajenimbalkar,OSMANABAD,"Construction of roads, link roads, pathways or any other road with or without drainage system",2025-07-16,sudarshan sushikshit Bekar Majur Sahakari Sanstha Ma Barmgaon,Payment Success,696992.0,MPLADS eSAKSHI Public Dashboard
PAY-01566,WS/MP673/2025-2026/169929,Maharashtra,Dharashiv(DISTRICT COLLECTOR OSMANABAD_IDA),Omprakash Bhupalsinh Alias Pawan Rajenimbalkar,OSMANABAD,Construction of community centers and community halls,2026-03-10,Ganesh Samb Vharkat,Payment Success,1293928.0,MPLADS eSAKSHI Public Dashboard
PAY-01567,WS/MP673/2026-2027/204854,Maharashtra,Dharashiv(DISTRICT COLLECTOR OSMANABAD_IDA),Omprakash Bhupalsinh Alias Pawan Rajenimbalkar,OSMANABAD,Construction of community centers and community halls,2026-07-07,Kancheshwar Majur Sahakari Sanstha Maryadit,Payment Success,696991.0,MPLADS eSAKSHI Public Dashboard
PAY-01568,WS/MP673/2026-2027/225719,Maharashtra,Dharashiv(DISTRICT COLLECTOR OSMANABAD_IDA),Omprakash Bhupalsinh Alias Pawan Rajenimbalkar,OSMANABAD,Construction of community centers and community halls,2026-04-29,Ch Laxmi Jayshree Hari MSSL Wagholi,Payment Success,685572.0,MPLADS eSAKSHI Public Dashboard
PAY-01569,WS/MP673/2026-2027/207526,Maharashtra,Dharashiv(DISTRICT COLLECTOR OSMANABAD_IDA),Omprakash Bhupalsinh Alias Pawan Rajenimbalkar,OSMANABAD,"Construction of roads, link roads, pathways or any other road with or without drainage system",2026-05-04,Ch Pandurang MSSL Sundarwadi,Payment Success,995670.0,MPLADS eSAKSHI Public Dashboard
PAY-01570,WS/MP673/2026-2027/207539,Maharashtra,Dharashiv(DISTRICT COLLECTOR OSMANABAD_IDA),Omprakash Bhupalsinh Alias Pawan Rajenimbalkar,OSMANABAD,"Construction of roads, link roads, pathways or any other road with or without drainage system",2026-06-24,Chairman Shramjivi Majoor Sahakari Sanstha Tuljapur,Payment Success,497715.0,MPLADS eSAKSHI Public Dashboard
PAY-01571,WS/MP673/2026-2027/238949,Maharashtra,Dharashiv(DISTRICT COLLECTOR OSMANABAD_IDA),Omprakash Bhupalsinh Alias Pawan Rajenimbalkar,OSMANABAD,Street lights,2026-06-22,Supreme Electricals,Payment Success,999999.0,MPLADS eSAKSHI Public Dashboard
PAY-01572,WS/MP673/2025-2026/167817,Maharashtra,Dharashiv(DISTRICT COLLECTOR OSMANABAD_IDA),Omprakash Bhupalsinh Alias Pawan Rajenimbalkar,OSMANABAD,"Purchase of IT systems, including hardware and software for educational purposes",2026-03-04,Nath Enterprises Osmanabad,Payment Success,1635063.0,MPLADS eSAKSHI Public Dashboard
PAY-01573,WS/MP673/2025-2026/167817,Maharashtra,Dharashiv(DISTRICT COLLECTOR OSMANABAD_IDA),Omprakash Bhupalsinh Alias Pawan Rajenimbalkar,OSMANABAD,"Purchase of IT systems, including hardware and software for educational purposes",2026-03-04,Vikas Majur Sahakari Sanstha Maryadit Malkapur,Payment Success,864936.0,MPLADS eSAKSHI Public Dashboard
PAY-01574,WS/MP673/2025-2026/145399,Maharashtra,Dharashiv(DISTRICT COLLECTOR OSMANABAD_IDA),Omprakash Bhupalsinh Alias Pawan Rajenimbalkar,OSMANABAD,Installing tube-wells and borewells,2025-10-17,SARPANCH VILLAGE DEVLOPMENT OFFICER GRAM PANCHAYAT JEWALI,Payment Success,299674.0,MPLADS eSAKSHI Public Dashboard
PAY-01575,WS/MP673/2026-2027/193055,Maharashtra,Dharashiv(DISTRICT COLLECTOR OSMANABAD_IDA),Omprakash Bhupalsinh Alias Pawan Rajenimbalkar,OSMANABAD,Installing tube-wells and borewells,2026-07-30,grampanchayat sarola bk,Payment Success,299448.0,MPLADS eSAKSHI Public Dashboard
PAY-01576,WS/MP687/2025-2026/182068,Maharashtra,RAIGAD(DISTRICT COLLECTOR RAIGAD_IDA),Sunil Dattatray Tatkare,RAIGAD,Construction of community centers and community halls,2025-05-07,Akshata Ajit Khedekar,Payment Success,1200000.0,MPLADS eSAKSHI Public Dashboard
PAY-01577,WS/MP687/2026-2027/243715,Maharashtra,RAIGAD(DISTRICT COLLECTOR RAIGAD_IDA),Sunil Dattatray Tatkare,RAIGAD,Construction of community centers and community halls,2026-06-29,Sayali Deepak Kale,Payment Success,500000.0,MPLADS eSAKSHI Public Dashboard
PAY-01578,WS/MP18112/2025-2026/178905,Maharashtra,AMRAVATI(DISTRICT COLLECTOR AMRAVATI_IDA),BALWANT BASWANT WANKHADE,AMRAVATI(SC),"Construction of roads, link roads, pathways or any other road with or without drainage system",2026-03-21,MAHATMA FULE MAJOOR SAH SANTHA HASANAPUR PARDI,Payment Success,996941.0,MPLADS eSAKSHI Public Dashboard
PAY-01579,WS/MP18112/2025-2026/177331,Maharashtra,AMRAVATI(DISTRICT COLLECTOR AMRAVATI_IDA),BALWANT BASWANT WANKHADE,AMRAVATI(SC),Development of playfields and sports grounds,2026-05-18,AZHAR KHAN,Payment Success,787513.0,MPLADS eSAKSHI Public Dashboard
PAY-01580,WS/MP18112/2025-2026/177508,Maharashtra,AMRAVATI(DISTRICT COLLECTOR AMRAVATI_IDA),BALWANT BASWANT WANKHADE,AMRAVATI(SC),Construction of community centers and community halls,2026-05-27,ANIKET GAJANAN DHENGALE,Payment Success,951952.0,MPLADS eSAKSHI Public Dashboard
PAY-01581,WS/MP18112/2024-2025/175355,Maharashtra,AMRAVATI(DISTRICT COLLECTOR AMRAVATI_IDA),BALWANT BASWANT WANKHADE,AMRAVATI(SC),Installation of multi-gym equipment,2025-06-23,Om Sai Traders,Payment Success,499940.0,MPLADS eSAKSHI Public Dashboard
PAY-01582,WS/MP18112/2025-2026/166836,Maharashtra,AMRAVATI(DISTRICT COLLECTOR AMRAVATI_IDA),BALWANT BASWANT WANKHADE,AMRAVATI(SC),Lighting of public spaces,2025-07-09,Aditya Ganeshrao Gawande27AWDPT5004E1ZQ,Payment Success,299956.0,MPLADS eSAKSHI Public Dashboard
PAY-01583,WS/MP18112/2025-2026/166838,Maharashtra,AMRAVATI(DISTRICT COLLECTOR AMRAVATI_IDA),BALWANT BASWANT WANKHADE,AMRAVATI(SC),Lighting of public spaces,2025-07-09,Aditya Ganeshrao Gawande27AWDPT5004E1ZQ,Payment Success,299956.0,MPLADS eSAKSHI Public Dashboard
PAY-01584,WS/MP18112/2025-2026/166839,Maharashtra,AMRAVATI(DISTRICT COLLECTOR AMRAVATI_IDA),BALWANT BASWANT WANKHADE,AMRAVATI(SC),Lighting of public spaces,2025-07-09,Aditya Ganeshrao Gawande27AWDPT5004E1ZQ,Payment Success,299956.0,MPLADS eSAKSHI Public Dashboard
PAY-01585,WS/MP18112/2025-2026/166840,Maharashtra,AMRAVATI(DISTRICT COLLECTOR AMRAVATI_IDA),BALWANT BASWANT WANKHADE,AMRAVATI(SC),Lighting of public spaces,2025-07-09,Aditya Ganeshrao Gawande27AWDPT5004E1ZQ,Payment Success,299956.0,MPLADS eSAKSHI Public Dashboard
PAY-01586,WS/MP18112/2024-2025/136520,Maharashtra,AMRAVATI(DISTRICT COLLECTOR AMRAVATI_IDA),BALWANT BASWANT WANKHADE,AMRAVATI(SC),Construction of community centers and community halls,2025-07-02,VINIT GOVIND BHATIA,Payment Success,1272690.0,MPLADS eSAKSHI Public Dashboard
PAY-01587,WS/MP18112/2024-2025/136520,Maharashtra,AMRAVATI(DISTRICT COLLECTOR AMRAVATI_IDA),BALWANT BASWANT WANKHADE,AMRAVATI(SC),Construction of community centers and community halls,2025-09-02,VINIT GOVIND BHATIA,Payment Success,725952.0,MPLADS eSAKSHI Public Dashboard
PAY-01588,WS/MP18112/2025-2026/199856,Maharashtra,AMRAVATI(DISTRICT COLLECTOR AMRAVATI_IDA),BALWANT BASWANT WANKHADE,AMRAVATI(SC),"Construction of roads, link roads, pathways or any other road with or without drainage system",2026-01-07,ANIKET GAJANAN DHENGALE,Payment Success,787875.0,MPLADS eSAKSHI Public Dashboard
PAY-01589,WS/MP18112/2025-2026/200105,Maharashtra,AMRAVATI(DISTRICT COLLECTOR AMRAVATI_IDA),BALWANT BASWANT WANKHADE,AMRAVATI(SC),"Construction of roads, link roads, pathways or any other road with or without drainage system",2026-05-18,SHUBHAM SANJAY PATINGE,Payment Success,446796.0,MPLADS eSAKSHI Public Dashboard
PAY-01590,WS/MP18112/2025-2026/200107,Maharashtra,AMRAVATI(DISTRICT COLLECTOR AMRAVATI_IDA),BALWANT BASWANT WANKHADE,AMRAVATI(SC),Street lights,2026-01-22,Aditya Ganeshrao Gawande27AWDPT5004E1ZQ,Payment Success,299962.0,MPLADS eSAKSHI Public Dashboard
PAY-01591,WS/MP18112/2025-2026/200109,Maharashtra,AMRAVATI(DISTRICT COLLECTOR AMRAVATI_IDA),BALWANT BASWANT WANKHADE,AMRAVATI(SC),Street lights,2026-01-22,Aditya Ganeshrao Gawande27AWDPT5004E1ZQ,Payment Success,299962.0,MPLADS eSAKSHI Public Dashboard
PAY-01592,WS/MP18112/2025-2026/200115,Maharashtra,AMRAVATI(DISTRICT COLLECTOR AMRAVATI_IDA),BALWANT BASWANT WANKHADE,AMRAVATI(SC),Purchase of sports equipment,2025-10-01,Om Sai Traders,Payment Success,499860.0,MPLADS eSAKSHI Public Dashboard
PAY-01593,WS/MP18112/2025-2026/194085,Maharashtra,AMRAVATI(DISTRICT COLLECTOR AMRAVATI_IDA),BALWANT BASWANT WANKHADE,AMRAVATI(SC),"Construction of roads, link roads, pathways or any other road with or without drainage system",2026-03-21,SYED YASEER ZAMA SYED ZAFAR ALI,Payment Success,1000000.0,MPLADS eSAKSHI Public Dashboard
PAY-01594,WS/MP18112/2025-2026/200936,Maharashtra,AMRAVATI(DISTRICT COLLECTOR AMRAVATI_IDA),BALWANT BASWANT WANKHADE,AMRAVATI(SC),"Construction of roads, link roads, pathways or any other road with or without drainage system",2026-03-07,SYED YASEER ZAMA SYED ZAFAR ALI,Payment Success,985762.0,MPLADS eSAKSHI Public Dashboard
PAY-01595,WS/MP18112/2025-2026/203657,Maharashtra,AMRAVATI(DISTRICT COLLECTOR AMRAVATI_IDA),BALWANT BASWANT WANKHADE,AMRAVATI(SC),"Construction of roads, link roads, pathways or any other road with or without drainage system",2026-01-07,ANIKET GAJANAN DHENGALE,Payment Success,775116.0,MPLADS eSAKSHI Public Dashboard
PAY-01596,WS/MP18112/2024-2025/164632,Maharashtra,AMRAVATI(DISTRICT COLLECTOR AMRAVATI_IDA),BALWANT BASWANT WANKHADE,AMRAVATI(SC),"Construction of roads, link roads, pathways or any other road with or without drainage system",2025-05-26,BIDOLIWALA CONSTRUCTION COMPANY,Payment Success,2836162.0,MPLADS eSAKSHI Public Dashboard
PAY-01597,WS/MP18112/2025-2026/188982,Maharashtra,AMRAVATI(DISTRICT COLLECTOR AMRAVATI_IDA),BALWANT BASWANT WANKHADE,AMRAVATI(SC),"Construction of roads, link roads, pathways or any other road with or without drainage system",2026-02-18,SHRI DATTA LABOUR KAMGAR SAHAKARI SANSTHA,Payment Success,1492290.0,MPLADS eSAKSHI Public Dashboard
PAY-01598,WS/MP18112/2025-2026/188983,Maharashtra,AMRAVATI(DISTRICT COLLECTOR AMRAVATI_IDA),BALWANT BASWANT WANKHADE,AMRAVATI(SC),"Construction of roads, link roads, pathways or any other road with or without drainage system",2026-04-15,SHIVCHARAN SHRIRAM RATHOD,Payment Success,973361.0,MPLADS eSAKSHI Public Dashboard
PAY-01599,WS/MP18112/2025-2026/189005,Maharashtra,AMRAVATI(DISTRICT COLLECTOR AMRAVATI_IDA),BALWANT BASWANT WANKHADE,AMRAVATI(SC),Construction of boundary walls of existing public and community buildings,2026-05-18,SANKET ASHOKRAO BOKE,Payment Success,891074.0,MPLADS eSAKSHI Public Dashboard
PAY-01600,WS/MP18112/2025-2026/205148,Maharashtra,AMRAVATI(DISTRICT COLLECTOR AMRAVATI_IDA),BALWANT BASWANT WANKHADE,AMRAVATI(SC),Construction of boundary walls of existing public and community buildings,2026-05-29,DINESH RAMBHAU CHORE,Payment Success,986906.0,MPLADS eSAKSHI Public Dashboard
PAY-01601,WS/MP18112/2025-2026/233588,Maharashtra,AMRAVATI(DISTRICT COLLECTOR AMRAVATI_IDA),BALWANT BASWANT WANKHADE,AMRAVATI(SC),"Purchase of smart boards, visual display units and projectors",2026-03-07,NETWORLD TECHNOLOGIES,Payment Success,330990.0,MPLADS eSAKSHI Public Dashboard
PAY-01602,WS/MP18112/2025-2026/233589,Maharashtra,AMRAVATI(DISTRICT COLLECTOR AMRAVATI_IDA),BALWANT BASWANT WANKHADE,AMRAVATI(SC),"Purchase of smart boards, visual display units and projectors",2026-03-07,NETWORLD TECHNOLOGIES,Payment Success,330990.0,MPLADS eSAKSHI Public Dashboard
PAY-01603,WS/MP18112/2025-2026/233595,Maharashtra,AMRAVATI(DISTRICT COLLECTOR AMRAVATI_IDA),BALWANT BASWANT WANKHADE,AMRAVATI(SC),"Purchase of smart boards, visual display units and projectors",2026-03-07,NETWORLD TECHNOLOGIES,Payment Success,330990.0,MPLADS eSAKSHI Public Dashboard
PAY-01604,WS/MP18112/2025-2026/233599,Maharashtra,AMRAVATI(DISTRICT COLLECTOR AMRAVATI_IDA),BALWANT BASWANT WANKHADE,AMRAVATI(SC),"Purchase of smart boards, visual display units and projectors",2026-03-07,NETWORLD TECHNOLOGIES,Payment Success,330990.0,MPLADS eSAKSHI Public Dashboard
PAY-01605,WS/MP18112/2025-2026/233600,Maharashtra,AMRAVATI(DISTRICT COLLECTOR AMRAVATI_IDA),BALWANT BASWANT WANKHADE,AMRAVATI(SC),"Purchase of smart boards, visual display units and projectors",2026-03-07,NETWORLD TECHNOLOGIES,Payment Success,330990.0,MPLADS eSAKSHI Public Dashboard
PAY-01606,WS/MP18112/2025-2026/249985,Maharashtra,AMRAVATI(DISTRICT COLLECTOR AMRAVATI_IDA),BALWANT BASWANT WANKHADE,AMRAVATI(SC),"Construction of roads, link roads, pathways or any other road with or without drainage system",2026-01-07,ACHALPUR MAJOOR KAMGAR SAHAKARI SANSTHA,Payment Success,996015.0,MPLADS eSAKSHI Public Dashboard
PAY-01607,WS/MP18112/2025-2026/249987,Maharashtra,AMRAVATI(DISTRICT COLLECTOR AMRAVATI_IDA),BALWANT BASWANT WANKHADE,AMRAVATI(SC),"Construction of roads, link roads, pathways or any other road with or without drainage system",2026-01-07,ACHALPUR MAJOOR KAMGAR SAHAKARI SANSTHA,Payment Success,986321.0,MPLADS eSAKSHI Public Dashboard
PAY-01608,WS/MP18112/2025-2026/259047,Maharashtra,AMRAVATI(DISTRICT COLLECTOR AMRAVATI_IDA),BALWANT BASWANT WANKHADE,AMRAVATI(SC),"Purchase of smart boards, visual display units and projectors",2026-03-07,NETWORLD TECHNOLOGIES,Payment Success,330990.0,MPLADS eSAKSHI Public Dashboard
PAY-01609,WS/MP18112/2025-2026/236488,Maharashtra,AMRAVATI(DISTRICT COLLECTOR AMRAVATI_IDA),BALWANT BASWANT WANKHADE,AMRAVATI(SC),"Purchase of smart boards, visual display units and projectors",2026-03-07,NETWORLD TECHNOLOGIES,Payment Success,330990.0,MPLADS eSAKSHI Public Dashboard
PAY-01610,WS/MP18112/2025-2026/236489,Maharashtra,AMRAVATI(DISTRICT COLLECTOR AMRAVATI_IDA),BALWANT BASWANT WANKHADE,AMRAVATI(SC),"Purchase of smart boards, visual display units and projectors",2026-03-07,NETWORLD TECHNOLOGIES,Payment Success,330990.0,MPLADS eSAKSHI Public Dashboard
PAY-01611,WS/MP687/2025-2026/182080,Maharashtra,RAIGAD(DISTRICT COLLECTOR RAIGAD_IDA),Sunil Dattatray Tatkare,RAIGAD,Construction of community centers and community halls,2025-09-17,SIDDHESH GHANSHAM ADHIKARI,Payment Success,750000.0,MPLADS eSAKSHI Public Dashboard
PAY-01612,WS/MP687/2025-2026/182080,Maharashtra,RAIGAD(DISTRICT COLLECTOR RAIGAD_IDA),Sunil Dattatray Tatkare,RAIGAD,Construction of community centers and community halls,2025-10-15,SIDDHESH GHANSHAM ADHIKARI,Payment Success,747755.0,MPLADS eSAKSHI Public Dashboard
PAY-01613,WS/MP687/2025-2026/182081,Maharashtra,RAIGAD(DISTRICT COLLECTOR RAIGAD_IDA),Sunil Dattatray Tatkare,RAIGAD,Construction of community centers and community halls,2025-11-14,RAKESH RAJU MAGAR,Payment Success,1247446.0,MPLADS eSAKSHI Public Dashboard
PAY-01614,WS/MP687/2025-2026/182083,Maharashtra,RAIGAD(DISTRICT COLLECTOR RAIGAD_IDA),Sunil Dattatray Tatkare,RAIGAD,Construction of common work sheds/ common covered sitting area,2026-02-18,Sarvesh Gajanan Chorge,Payment Success,350000.0,MPLADS eSAKSHI Public Dashboard
PAY-01615,WS/MP687/2025-2026/182084,Maharashtra,RAIGAD(DISTRICT COLLECTOR RAIGAD_IDA),Sunil Dattatray Tatkare,RAIGAD,Development of public parks,2025-06-30,SIDDHESH GHANSHAM ADHIKARI,Payment Success,750000.0,MPLADS eSAKSHI Public Dashboard
PAY-01616,WS/MP687/2025-2026/182084,Maharashtra,RAIGAD(DISTRICT COLLECTOR RAIGAD_IDA),Sunil Dattatray Tatkare,RAIGAD,Development of public parks,2025-07-28,SIDDHESH GHANSHAM ADHIKARI,Payment Success,747402.0,MPLADS eSAKSHI Public Dashboard
PAY-01617,WS/MP687/2025-2026/182086,Maharashtra,RAIGAD(DISTRICT COLLECTOR RAIGAD_IDA),Sunil Dattatray Tatkare,RAIGAD,Construction of community centers and community halls,2025-07-01,SANJOG EKNATH MANKAR,Payment Success,1250000.0,MPLADS eSAKSHI Public Dashboard
PAY-01618,WS/MP687/2025-2026/182086,Maharashtra,RAIGAD(DISTRICT COLLECTOR RAIGAD_IDA),Sunil Dattatray Tatkare,RAIGAD,Construction of community centers and community halls,2025-12-08,SANJOG EKNATH MANKAR,Payment Success,1246670.0,MPLADS eSAKSHI Public Dashboard
PAY-01619,WS/MP687/2025-2026/182087,Maharashtra,RAIGAD(DISTRICT COLLECTOR RAIGAD_IDA),Sunil Dattatray Tatkare,RAIGAD,Construction of community centers and community halls,2025-06-10,Shubham Bhau Jagtap,Payment Success,400000.0,MPLADS eSAKSHI Public Dashboard
PAY-01620,WS/MP687/2025-2026/182087,Maharashtra,RAIGAD(DISTRICT COLLECTOR RAIGAD_IDA),Sunil Dattatray Tatkare,RAIGAD,Construction of community centers and community halls,2025-10-17,Shubham Bhau Jagtap,Payment Success,349000.0,MPLADS eSAKSHI Public Dashboard
PAY-01621,WS/MP687/2025-2026/182088,Maharashtra,RAIGAD(DISTRICT COLLECTOR RAIGAD_IDA),Sunil Dattatray Tatkare,RAIGAD,Construction of community centers and community halls,2025-07-29,VIVEK VINOD PAKHAD,Payment Success,750000.0,MPLADS eSAKSHI Public Dashboard
PAY-01622,WS/MP687/2025-2026/182088,Maharashtra,RAIGAD(DISTRICT COLLECTOR RAIGAD_IDA),Sunil Dattatray Tatkare,RAIGAD,Construction of community centers and community halls,2026-04-08,VIVEK VINOD PAKHAD,Payment Success,747654.0,MPLADS eSAKSHI Public Dashboard
PAY-01623,WS/MP687/2025-2026/182089,Maharashtra,RAIGAD(DISTRICT COLLECTOR RAIGAD_IDA),Sunil Dattatray Tatkare,RAIGAD,Construction of community centers and community halls,2025-06-14,VIVEK VINOD PAKHAD,Payment Success,500000.0,MPLADS eSAKSHI Public Dashboard
PAY-01624,WS/MP687/2025-2026/182089,Maharashtra,RAIGAD(DISTRICT COLLECTOR RAIGAD_IDA),Sunil Dattatray Tatkare,RAIGAD,Construction of community centers and community halls,2025-10-15,VIVEK VINOD PAKHAD,Payment Success,499000.0,MPLADS eSAKSHI Public Dashboard
PAY-01625,WS/MP687/2025-2026/182090,Maharashtra,RAIGAD(DISTRICT COLLECTOR RAIGAD_IDA),Sunil Dattatray Tatkare,RAIGAD,Construction of community centers and community halls,2025-07-01,Prathamesh Dilip Patil,Payment Success,1200000.0,MPLADS eSAKSHI Public Dashboard
PAY-01626,WS/MP687/2025-2026/182094,Maharashtra,RAIGAD(DISTRICT COLLECTOR RAIGAD_IDA),Sunil Dattatray Tatkare,RAIGAD,Construction of community centers and community halls,2025-08-17,VIVEK VINOD PAKHAD,Payment Success,750000.0,MPLADS eSAKSHI Public Dashboard
PAY-01627,WS/MP687/2025-2026/182094,Maharashtra,RAIGAD(DISTRICT COLLECTOR RAIGAD_IDA),Sunil Dattatray Tatkare,RAIGAD,Construction of community centers and community halls,2025-12-18,VIVEK VINOD PAKHAD,Payment Success,749000.0,MPLADS eSAKSHI Public Dashboard
PAY-01628,WS/MP687/2025-2026/182096,Maharashtra,RAIGAD(DISTRICT COLLECTOR RAIGAD_IDA),Sunil Dattatray Tatkare,RAIGAD,Construction of community centers and community halls,2025-07-22,Amol Malu Lambore,Payment Success,350000.0,MPLADS eSAKSHI Public Dashboard
PAY-01629,WS/MP687/2025-2026/182096,Maharashtra,RAIGAD(DISTRICT COLLECTOR RAIGAD_IDA),Sunil Dattatray Tatkare,RAIGAD,Construction of community centers and community halls,2026-01-12,Amol Malu Lambore,Payment Success,349000.0,MPLADS eSAKSHI Public Dashboard
PAY-01630,WS/MP687/2025-2026/182099,Maharashtra,RAIGAD(DISTRICT COLLECTOR RAIGAD_IDA),Sunil Dattatray Tatkare,RAIGAD,Construction of community centers and community halls,2026-02-13,Rupesh Anant Durgavale,Payment Success,1221090.0,MPLADS eSAKSHI Public Dashboard
PAY-01631,WS/MP687/2025-2026/182099,Maharashtra,RAIGAD(DISTRICT COLLECTOR RAIGAD_IDA),Sunil Dattatray Tatkare,RAIGAD,Construction of community centers and community halls,2026-04-02,Rupesh Anant Durgavale,Payment Success,1277910.0,MPLADS eSAKSHI Public Dashboard
PAY-01632,WS/MP687/2025-2026/182566,Maharashtra,RAIGAD(DISTRICT COLLECTOR RAIGAD_IDA),Sunil Dattatray Tatkare,RAIGAD,Construction of community centers and community halls,2025-06-17,ABHISHEK RAMESH PATIL,Payment Success,1167628.0,MPLADS eSAKSHI Public Dashboard
PAY-01633,WS/MP687/2025-2026/182566,Maharashtra,RAIGAD(DISTRICT COLLECTOR RAIGAD_IDA),Sunil Dattatray Tatkare,RAIGAD,Construction of community centers and community halls,2025-11-11,ABHISHEK RAMESH PATIL,Payment Success,1331372.0,MPLADS eSAKSHI Public Dashboard
PAY-01634,WS/MP687/2025-2026/182567,Maharashtra,RAIGAD(DISTRICT COLLECTOR RAIGAD_IDA),Sunil Dattatray Tatkare,RAIGAD,Construction of community centers and community halls,2025-09-25,RASHIKA RAMBHAU DHUMAL,Payment Success,1000000.0,MPLADS eSAKSHI Public Dashboard
PAY-01635,WS/MP687/2025-2026/182567,Maharashtra,RAIGAD(DISTRICT COLLECTOR RAIGAD_IDA),Sunil Dattatray Tatkare,RAIGAD,Construction of community centers and community halls,2026-07-13,RASHIKA RAMBHAU DHUMAL,Payment Success,993457.0,MPLADS eSAKSHI Public Dashboard
PAY-01636,WS/MP687/2025-2026/182568,Maharashtra,RAIGAD(DISTRICT COLLECTOR RAIGAD_IDA),Sunil Dattatray Tatkare,RAIGAD,Construction of community centers and community halls,2025-09-03,KIRAN ANIL BHAGAT,Payment Success,350000.0,MPLADS eSAKSHI Public Dashboard
PAY-01637,WS/MP687/2025-2026/182568,Maharashtra,RAIGAD(DISTRICT COLLECTOR RAIGAD_IDA),Sunil Dattatray Tatkare,RAIGAD,Construction of community centers and community halls,2026-03-23,KIRAN ANIL BHAGAT,Payment Success,349000.0,MPLADS eSAKSHI Public Dashboard
PAY-01638,WS/MP687/2025-2026/182569,Maharashtra,RAIGAD(DISTRICT COLLECTOR RAIGAD_IDA),Sunil Dattatray Tatkare,RAIGAD,Construction of community centers and community halls,2025-09-04,RASHIKA RAMBHAU DHUMAL,Payment Success,1200000.0,MPLADS eSAKSHI Public Dashboard
PAY-01639,WS/MP687/2025-2026/182569,Maharashtra,RAIGAD(DISTRICT COLLECTOR RAIGAD_IDA),Sunil Dattatray Tatkare,RAIGAD,Construction of community centers and community halls,2026-07-13,RASHIKA RAMBHAU DHUMAL,Payment Success,1293418.0,MPLADS eSAKSHI Public Dashboard
PAY-01640,WS/MP687/2025-2026/182570,Maharashtra,RAIGAD(DISTRICT COLLECTOR RAIGAD_IDA),Sunil Dattatray Tatkare,RAIGAD,Construction of community centers and community halls,2025-07-05,RASHIKA RAMBHAU DHUMAL,Payment Success,1000000.0,MPLADS eSAKSHI Public Dashboard
PAY-01641,WS/MP687/2025-2026/182570,Maharashtra,RAIGAD(DISTRICT COLLECTOR RAIGAD_IDA),Sunil Dattatray Tatkare,RAIGAD,Construction of community centers and community halls,2026-08-20,RASHIKA RAMBHAU DHUMAL,Payment Success,973574.0,MPLADS eSAKSHI Public Dashboard
PAY-01642,WS/MP687/2025-2026/182571,Maharashtra,RAIGAD(DISTRICT COLLECTOR RAIGAD_IDA),Sunil Dattatray Tatkare,RAIGAD,Construction of community centers and community halls,2025-07-01,Amol Malu Lambore,Payment Success,500000.0,MPLADS eSAKSHI Public Dashboard
PAY-01643,WS/MP687/2025-2026/182571,Maharashtra,RAIGAD(DISTRICT COLLECTOR RAIGAD_IDA),Sunil Dattatray Tatkare,RAIGAD,Construction of community centers and community halls,2025-11-13,Amol Malu Lambore,Payment Success,500000.0,MPLADS eSAKSHI Public Dashboard
PAY-01644,WS/MP687/2025-2026/182572,Maharashtra,RAIGAD(DISTRICT COLLECTOR RAIGAD_IDA),Sunil Dattatray Tatkare,RAIGAD,Construction of community centers and community halls,2025-09-17,RIDDHI VILAS PATIL,Payment Success,500000.0,MPLADS eSAKSHI Public Dashboard
PAY-01645,WS/MP687/2025-2026/182572,Maharashtra,RAIGAD(DISTRICT COLLECTOR RAIGAD_IDA),Sunil Dattatray Tatkare,RAIGAD,Construction of community centers and community halls,2026-07-02,RIDDHI VILAS PATIL,Payment Success,499000.0,MPLADS eSAKSHI Public Dashboard
PAY-01646,WS/MP687/2025-2026/182573,Maharashtra,RAIGAD(DISTRICT COLLECTOR RAIGAD_IDA),Sunil Dattatray Tatkare,RAIGAD,Construction of community centers and community halls,2025-06-11,Rhutik Anant Dhene,Payment Success,400000.0,MPLADS eSAKSHI Public Dashboard
PAY-01647,WS/MP687/2025-2026/182573,Maharashtra,RAIGAD(DISTRICT COLLECTOR RAIGAD_IDA),Sunil Dattatray Tatkare,RAIGAD,Construction of community centers and community halls,2025-07-23,Rhutik Anant Dhene,Payment Success,350000.0,MPLADS eSAKSHI Public Dashboard
PAY-01648,WS/MP687/2025-2026/182574,Maharashtra,RAIGAD(DISTRICT COLLECTOR RAIGAD_IDA),Sunil Dattatray Tatkare,RAIGAD,Construction of community centers and community halls,2026-02-17,Abhishek Prakash Jain,Payment Success,750000.0,MPLADS eSAKSHI Public Dashboard
PAY-01649,WS/MP18323/2025-2026/181800,Maharashtra,LATUR(DISTRICT COLLECTOR LATUR_IDA),DR KALGE SHIVAJI BANDAPPA,LATUR(SC),"Construction of roads, link roads, pathways or any other road with or without drainage system",2026-04-17,Grampanchyt Shivankhed Kh,Payment Success,999843.0,MPLADS eSAKSHI Public Dashboard
PAY-01650,WS/MP18323/2025-2026/181820,Maharashtra,LATUR(DISTRICT COLLECTOR LATUR_IDA),DR KALGE SHIVAJI BANDAPPA,LATUR(SC),"Construction of roads, link roads, pathways or any other road with or without drainage system",2025-12-05,Grampanchayat Karyalay Vilegaon Tq Deoni,Payment Success,988936.0,MPLADS eSAKSHI Public Dashboard
PAY-01651,WS/MP673/2026-2027/172568,Maharashtra,LATUR(DISTRICT COLLECTOR LATUR_IDA),Omprakash Bhupalsinh Alias Pawan Rajenimbalkar,OSMANABAD,Construction of community centers and community halls,2026-07-18,Grampanchayat Karyalaya Kininawre,Payment Success,287196.0,MPLADS eSAKSHI Public Dashboard
PAY-01652,WS/MP673/2026-2027/203683,Maharashtra,LATUR(DISTRICT COLLECTOR LATUR_IDA),Omprakash Bhupalsinh Alias Pawan Rajenimbalkar,OSMANABAD,Construction of community centers and community halls,2026-05-21,Dnyaneshwar Shinde,Payment Success,695987.0,MPLADS eSAKSHI Public Dashboard
PAY-01653,WS/MP18134/2025-2026/175361,Maharashtra,SAHARSA(DISTRICT PLANNING OFFICER SAHARSA_IDA),BHAUSAHEB RAJARAM WAKCHAURE,SHIRDI(SC),Providing CCTV camera system for security of public areas,2025-09-27,R K COMPUTER,Payment Success,198500.0,MPLADS eSAKSHI Public Dashboard
PAY-01654,WS/MP18323/2026-2027/244809,Maharashtra,LATUR(DISTRICT COLLECTOR LATUR_IDA),DR KALGE SHIVAJI BANDAPPA,LATUR(SC),"Construction of roads, link roads, pathways or any other road with or without drainage system",2026-06-30,YELGATTE NAMDEV TUKARAM,Payment Success,999000.0,MPLADS eSAKSHI Public Dashboard
PAY-01655,WS/MP18323/2026-2027/270930,Maharashtra,LATUR(DISTRICT COLLECTOR LATUR_IDA),DR KALGE SHIVAJI BANDAPPA,LATUR(SC),"Construction of roads, link roads, pathways or any other road with or without drainage system",2026-08-22,Kadubai Sidram Magasvargiya Majoor Sahakari S Limited Latur,Payment Success,499737.0,MPLADS eSAKSHI Public Dashboard
PAY-01656,WS/MP681/2026-2027/257816,Maharashtra,PARBHANI(DISTRICT COLLECTOR PARBHANI_IDA),Sanjay Haribhau Jadhav,PARBHANI,"Construction of roads, link roads, pathways or any other road with or without drainage system",2026-08-11,NITIN VISHNU SURWASE,Payment Success,699900.0,MPLADS eSAKSHI Public Dashboard
PAY-01657,WS/MP681/2025-2026/255341,Maharashtra,PARBHANI(DISTRICT COLLECTOR PARBHANI_IDA),Sanjay Haribhau Jadhav,PARBHANI,"Construction of roads, link roads, pathways or any other road with or without drainage system",2026-06-18,PANDURANG SITARAM BHALERAO,Payment Success,599674.0,MPLADS eSAKSHI Public Dashboard
PAY-01658,WS/MP681/2025-2026/255342,Maharashtra,PARBHANI(DISTRICT COLLECTOR PARBHANI_IDA),Sanjay Haribhau Jadhav,PARBHANI,"Construction of roads, link roads, pathways or any other road with or without drainage system",2026-06-18,PANDURANG SITARAM BHALERAO,Payment Success,999462.0,MPLADS eSAKSHI Public Dashboard
PAY-01659,WS/MP681/2025-2026/251026,Maharashtra,PARBHANI(DISTRICT COLLECTOR PARBHANI_IDA),Sanjay Haribhau Jadhav,PARBHANI,"Construction of roads, link roads, pathways or any other road with or without drainage system",2026-05-04,SHRIKANT BALASHEB KHATING PRO S B KHATING,Payment Success,495744.0,MPLADS eSAKSHI Public Dashboard
PAY-01660,WS/MP681/2025-2026/251028,Maharashtra,PARBHANI(DISTRICT COLLECTOR PARBHANI_IDA),Sanjay Haribhau Jadhav,PARBHANI,"Construction of roads, link roads, pathways or any other road with or without drainage system",2026-05-04,LALBAHADUR MAGAS VARGIY MAJOOR SAHAKARI SANTHA MARYA SELU,Payment Success,499735.0,MPLADS eSAKSHI Public Dashboard
PAY-01661,WS/MP681/2024-2025/134797,Maharashtra,PARBHANI(DISTRICT COLLECTOR PARBHANI_IDA),Sanjay Haribhau Jadhav,PARBHANI,Construction of community centers and community halls,2025-07-18,AMBADAS MAROTRAO KADAM,Payment Success,997623.0,MPLADS eSAKSHI Public Dashboard
PAY-01662,WS/MP681/2024-2025/134798,Maharashtra,PARBHANI(DISTRICT COLLECTOR PARBHANI_IDA),Sanjay Haribhau Jadhav,PARBHANI,Construction of community centers and community halls,2025-03-20,PRUTHIVRAJ PRAMOD BHAMBLE PRO PRUTHIVIRAJ BHAMBLE,Payment Success,998788.0,MPLADS eSAKSHI Public Dashboard
PAY-01663,WS/MP681/2024-2025/134799,Maharashtra,PARBHANI(DISTRICT COLLECTOR PARBHANI_IDA),Sanjay Haribhau Jadhav,PARBHANI,Construction of community centers and community halls,2026-04-18,PRUTHIVRAJ PRAMOD BHAMBLE PRO PRUTHIVIRAJ BHAMBLE,Payment Success,999356.0,MPLADS eSAKSHI Public Dashboard
PAY-01664,WS/MP681/2024-2025/134800,Maharashtra,PARBHANI(DISTRICT COLLECTOR PARBHANI_IDA),Sanjay Haribhau Jadhav,PARBHANI,Construction of community centers and community halls,2025-07-13,PRUTHIVRAJ PRAMOD BHAMBLE PRO PRUTHIVIRAJ BHAMBLE,Payment Success,999753.0,MPLADS eSAKSHI Public Dashboard
PAY-01665,WS/MP681/2024-2025/134801,Maharashtra,PARBHANI(DISTRICT COLLECTOR PARBHANI_IDA),Sanjay Haribhau Jadhav,PARBHANI,Construction of community centers and community halls,2025-06-23,PRUTHIVRAJ PRAMOD BHAMBLE PRO PRUTHIVIRAJ BHAMBLE,Payment Success,999978.0,MPLADS eSAKSHI Public Dashboard
PAY-01666,WS/MP681/2024-2025/134802,Maharashtra,PARBHANI(DISTRICT COLLECTOR PARBHANI_IDA),Sanjay Haribhau Jadhav,PARBHANI,Construction of community centers and community halls,2025-07-18,SACHIN VISHWANATHRAO RAUT,Payment Success,1493920.0,MPLADS eSAKSHI Public Dashboard
PAY-01667,WS/MP681/2024-2025/134803,Maharashtra,PARBHANI(DISTRICT COLLECTOR PARBHANI_IDA),Sanjay Haribhau Jadhav,PARBHANI,Construction of community centers and community halls,2025-05-04,PRUTHIVRAJ PRAMOD BHAMBLE PRO PRUTHIVIRAJ BHAMBLE,Payment Success,999904.0,MPLADS eSAKSHI Public Dashboard
PAY-01668,WS/MP681/2024-2025/134804,Maharashtra,PARBHANI(DISTRICT COLLECTOR PARBHANI_IDA),Sanjay Haribhau Jadhav,PARBHANI,Construction of community centers and community halls,2025-04-21,PRUTHIVRAJ PRAMOD BHAMBLE PRO PRUTHIVIRAJ BHAMBLE,Payment Success,999896.0,MPLADS eSAKSHI Public Dashboard
PAY-01669,WS/MP681/2024-2025/143971,Maharashtra,PARBHANI(DISTRICT COLLECTOR PARBHANI_IDA),Sanjay Haribhau Jadhav,PARBHANI,"Construction of roads, link roads, pathways or any other road with or without drainage system",2025-07-30,SHREE CONSTRUCTION PRO SHIRKANT VIKRAM GAIKWAD,Payment Success,498686.0,MPLADS eSAKSHI Public Dashboard
PAY-01670,WS/MP681/2024-2025/143974,Maharashtra,PARBHANI(DISTRICT COLLECTOR PARBHANI_IDA),Sanjay Haribhau Jadhav,PARBHANI,Construction of community centers and community halls,2025-07-07,PANDURANG SITARAM BHALERAO,Payment Success,699926.0,MPLADS eSAKSHI Public Dashboard
PAY-01671,WS/MP681/2024-2025/143975,Maharashtra,PARBHANI(DISTRICT COLLECTOR PARBHANI_IDA),Sanjay Haribhau Jadhav,PARBHANI,"Construction of roads, link roads, pathways or any other road with or without drainage system",2025-05-07,SHANTANU VASUDEVRAO NAVGHARE,Payment Success,699957.0,MPLADS eSAKSHI Public Dashboard
PAY-01672,WS/MP681/2024-2025/143976,Maharashtra,PARBHANI(DISTRICT COLLECTOR PARBHANI_IDA),Sanjay Haribhau Jadhav,PARBHANI,"Construction of roads, link roads, pathways or any other road with or without drainage system",2025-04-22,PANDURANG SITARAM BHALERAO,Payment Success,699760.0,MPLADS eSAKSHI Public Dashboard
PAY-01673,WS/MP681/2025-2026/143978,Maharashtra,PARBHANI(DISTRICT COLLECTOR PARBHANI_IDA),Sanjay Haribhau Jadhav,PARBHANI,"Construction of roads, link roads, pathways or any other road with or without drainage system",2026-01-05,AKASH VIJAY KARALE,Payment Success,699809.0,MPLADS eSAKSHI Public Dashboard
PAY-01674,WS/MP681/2024-2025/143979,Maharashtra,PARBHANI(DISTRICT COLLECTOR PARBHANI_IDA),Sanjay Haribhau Jadhav,PARBHANI,"Construction of roads, link roads, pathways or any other road with or without drainage system",2025-09-08,Motiram Dattarao Bobade,Payment Success,699426.0,MPLADS eSAKSHI Public Dashboard
PAY-01675,WS/MP681/2024-2025/143980,Maharashtra,PARBHANI(DISTRICT COLLECTOR PARBHANI_IDA),Sanjay Haribhau Jadhav,PARBHANI,"Construction of roads, link roads, pathways or any other road with or without drainage system",2025-09-08,Motiram Dattarao Bobade,Payment Success,699603.0,MPLADS eSAKSHI Public Dashboard
PAY-01676,WS/MP681/2024-2025/143981,Maharashtra,PARBHANI(DISTRICT COLLECTOR PARBHANI_IDA),Sanjay Haribhau Jadhav,PARBHANI,"Construction of roads, link roads, pathways or any other road with or without drainage system",2025-05-04,Khaja Garib nawaz Majoor Co Op Soc Ltd,Payment Success,694100.0,MPLADS eSAKSHI Public Dashboard
PAY-01677,WS/MP681/2024-2025/143982,Maharashtra,PARBHANI(DISTRICT COLLECTOR PARBHANI_IDA),Sanjay Haribhau Jadhav,PARBHANI,"Construction of roads, link roads, pathways or any other road with or without drainage system",2025-04-24,IMRAN GULABKHA PATHAN,Payment Success,694100.0,MPLADS eSAKSHI Public Dashboard
PAY-01678,WS/MP681/2024-2025/143983,Maharashtra,PARBHANI(DISTRICT COLLECTOR PARBHANI_IDA),Sanjay Haribhau Jadhav,PARBHANI,"Construction of roads, link roads, pathways or any other road with or without drainage system",2025-05-04,Deeplaxmi construction Pro Dilip Rajebhau Kale,Payment Success,699851.0,MPLADS eSAKSHI Public Dashboard
PAY-01679,WS/MP681/2024-2025/143809,Maharashtra,PARBHANI(DISTRICT COLLECTOR PARBHANI_IDA),Sanjay Haribhau Jadhav,PARBHANI,"Construction of roads, link roads, pathways or any other road with or without drainage system",2025-12-14,SHIVKRUPA CONSTRUCTION PROP ADESH HANUMANT MUSTAPURE,Payment Success,999464.0,MPLADS eSAKSHI Public Dashboard
PAY-01680,WS/MP681/2024-2025/145255,Maharashtra,PARBHANI(DISTRICT COLLECTOR PARBHANI_IDA),Sanjay Haribhau Jadhav,PARBHANI,Construction of community centers and community halls,2025-06-15,Pallavi harshal Darade,Payment Success,999768.0,MPLADS eSAKSHI Public Dashboard
PAY-01681,WS/MP681/2024-2025/158411,Maharashtra,PARBHANI(DISTRICT COLLECTOR PARBHANI_IDA),Sanjay Haribhau Jadhav,PARBHANI,Construction of community centers and community halls,2026-05-21,SHREE CONSTRUCTION PROP SHIVRAJ GYANDEVRAO GUTTE,Payment Success,999965.0,MPLADS eSAKSHI Public Dashboard
PAY-01682,WS/MP681/2024-2025/161539,Maharashtra,PARBHANI(DISTRICT COLLECTOR PARBHANI_IDA),Sanjay Haribhau Jadhav,PARBHANI,"Construction of roads, link roads, pathways or any other road with or without drainage system",2025-03-20,QUADRI SAYYAD JALAL ALI AHAMAD,Payment Success,499500.0,MPLADS eSAKSHI Public Dashboard
PAY-01683,WS/MP681/2024-2025/161563,Maharashtra,PARBHANI(DISTRICT COLLECTOR PARBHANI_IDA),Sanjay Haribhau Jadhav,PARBHANI,"Construction of roads, link roads, pathways or any other road with or without drainage system",2025-07-18,AMBADAS MAROTRAO KADAM,Payment Success,699821.0,MPLADS eSAKSHI Public Dashboard
PAY-01684,WS/MP681/2024-2025/161565,Maharashtra,PARBHANI(DISTRICT COLLECTOR PARBHANI_IDA),Sanjay Haribhau Jadhav,PARBHANI,Construction of common work sheds/ common covered sitting area,2026-02-04,ZUBER ALEEM SIDDIQUI,Payment Success,599968.0,MPLADS eSAKSHI Public Dashboard
PAY-01685,WS/MP681/2024-2025/163047,Maharashtra,PARBHANI(DISTRICT COLLECTOR PARBHANI_IDA),Sanjay Haribhau Jadhav,PARBHANI,"Construction of roads, link roads, pathways or any other road with or without drainage system",2025-08-18,RAJESH DNYANOBA NEVHAL,Payment Success,997697.0,MPLADS eSAKSHI Public Dashboard
PAY-01686,WS/MP681/2024-2025/163049,Maharashtra,PARBHANI(DISTRICT COLLECTOR PARBHANI_IDA),Sanjay Haribhau Jadhav,PARBHANI,Construction of community centers and community halls,2025-07-11,SHRIKANT MOHANRAO BURANGE,Payment Success,999478.0,MPLADS eSAKSHI Public Dashboard
PAY-01687,WS/MP681/2025-2026/163066,Maharashtra,PARBHANI(DISTRICT COLLECTOR PARBHANI_IDA),Sanjay Haribhau Jadhav,PARBHANI,Crematoriums/energy efficient crematoriums or structures on burial/cremation ground,2026-07-02,Omkareshwar Construction PRO DNYANOBA DHONDIRAM DHAS,Payment Success,888729.0,MPLADS eSAKSHI Public Dashboard
PAY-01688,WS/MP18120/2025-2026/225800,Maharashtra,ETAH(DISTRICT MAGISTRATE ETAH_IDA),AASHTIKAR PATIL NAGESH BAPURAO,HINGOLI,Lighting of public spaces,2025-11-11,UTTAM VENTURES,Payment Success,176949.0,MPLADS eSAKSHI Public Dashboard
PAY-01689,WS/MP18120/2025-2026/225800,Maharashtra,ETAH(DISTRICT MAGISTRATE ETAH_IDA),AASHTIKAR PATIL NAGESH BAPURAO,HINGOLI,Lighting of public spaces,2026-02-05,UTTAM VENTURES,Payment Success,63662.0,MPLADS eSAKSHI Public Dashboard
PAY-01690,WS/MP18120/2025-2026/225801,Maharashtra,ETAH(DISTRICT MAGISTRATE ETAH_IDA),AASHTIKAR PATIL NAGESH BAPURAO,HINGOLI,Lighting of public spaces,2025-11-11,UTTAM VENTURES,Payment Success,176949.0,MPLADS eSAKSHI Public Dashboard
PAY-01691,WS/MP18120/2025-2026/225801,Maharashtra,ETAH(DISTRICT MAGISTRATE ETAH_IDA),AASHTIKAR PATIL NAGESH BAPURAO,HINGOLI,Lighting of public spaces,2026-02-05,UTTAM VENTURES,Payment Success,63662.0,MPLADS eSAKSHI Public Dashboard
PAY-01692,WS/MP18120/2025-2026/225802,Maharashtra,ETAH(DISTRICT MAGISTRATE ETAH_IDA),AASHTIKAR PATIL NAGESH BAPURAO,HINGOLI,Lighting of public spaces,2025-11-11,UTTAM VENTURES,Payment Success,176949.0,MPLADS eSAKSHI Public Dashboard
PAY-01693,WS/MP18120/2025-2026/225802,Maharashtra,ETAH(DISTRICT MAGISTRATE ETAH_IDA),AASHTIKAR PATIL NAGESH BAPURAO,HINGOLI,Lighting of public spaces,2026-02-05,UTTAM VENTURES,Payment Success,63662.0,MPLADS eSAKSHI Public Dashboard
PAY-01694,WS/MP18120/2025-2026/225803,Maharashtra,ETAH(DISTRICT MAGISTRATE ETAH_IDA),AASHTIKAR PATIL NAGESH BAPURAO,HINGOLI,Lighting of public spaces,2025-11-11,UTTAM VENTURES,Payment Success,176949.0,MPLADS eSAKSHI Public Dashboard
PAY-01695,WS/MP18120/2025-2026/225803,Maharashtra,ETAH(DISTRICT MAGISTRATE ETAH_IDA),AASHTIKAR PATIL NAGESH BAPURAO,HINGOLI,Lighting of public spaces,2026-02-05,UTTAM VENTURES,Payment Success,63662.0,MPLADS eSAKSHI Public Dashboard
PAY-01696,WS/MP18120/2025-2026/225804,Maharashtra,ETAH(DISTRICT MAGISTRATE ETAH_IDA),AASHTIKAR PATIL NAGESH BAPURAO,HINGOLI,Lighting of public spaces,2025-11-11,UTTAM VENTURES,Payment Success,176949.0,MPLADS eSAKSHI Public Dashboard
PAY-01697,WS/MP18120/2025-2026/225804,Maharashtra,ETAH(DISTRICT MAGISTRATE ETAH_IDA),AASHTIKAR PATIL NAGESH BAPURAO,HINGOLI,Lighting of public spaces,2026-02-05,UTTAM VENTURES,Payment Success,63662.0,MPLADS eSAKSHI Public Dashboard
PAY-01698,WS/MP18120/2025-2026/225805,Maharashtra,ETAH(DISTRICT MAGISTRATE ETAH_IDA),AASHTIKAR PATIL NAGESH BAPURAO,HINGOLI,Lighting of public spaces,2025-11-11,UTTAM VENTURES,Payment Success,176949.0,MPLADS eSAKSHI Public Dashboard
PAY-01699,WS/MP18120/2025-2026/225805,Maharashtra,ETAH(DISTRICT MAGISTRATE ETAH_IDA),AASHTIKAR PATIL NAGESH BAPURAO,HINGOLI,Lighting of public spaces,2026-02-05,UTTAM VENTURES,Payment Success,63662.0,MPLADS eSAKSHI Public Dashboard
PAY-01700,WS/MP18120/2025-2026/225806,Maharashtra,ETAH(DISTRICT MAGISTRATE ETAH_IDA),AASHTIKAR PATIL NAGESH BAPURAO,HINGOLI,Lighting of public spaces,2025-11-11,UTTAM VENTURES,Payment Success,176949.0,MPLADS eSAKSHI Public Dashboard
PAY-01701,WS/MP18120/2025-2026/225806,Maharashtra,ETAH(DISTRICT MAGISTRATE ETAH_IDA),AASHTIKAR PATIL NAGESH BAPURAO,HINGOLI,Lighting of public spaces,2026-02-05,UTTAM VENTURES,Payment Success,63662.0,MPLADS eSAKSHI Public Dashboard
PAY-01702,WS/MP18120/2025-2026/225807,Maharashtra,ETAH(DISTRICT MAGISTRATE ETAH_IDA),AASHTIKAR PATIL NAGESH BAPURAO,HINGOLI,Lighting of public spaces,2025-11-11,UTTAM VENTURES,Payment Success,176949.0,MPLADS eSAKSHI Public Dashboard
PAY-01703,WS/MP18120/2025-2026/225807,Maharashtra,ETAH(DISTRICT MAGISTRATE ETAH_IDA),AASHTIKAR PATIL NAGESH BAPURAO,HINGOLI,Lighting of public spaces,2026-02-05,UTTAM VENTURES,Payment Success,63662.0,MPLADS eSAKSHI Public Dashboard
PAY-01704,WS/MP18120/2025-2026/225808,Maharashtra,ETAH(DISTRICT MAGISTRATE ETAH_IDA),AASHTIKAR PATIL NAGESH BAPURAO,HINGOLI,Lighting of public spaces,2025-11-11,UTTAM VENTURES,Payment Success,176949.0,MPLADS eSAKSHI Public Dashboard
PAY-01705,WS/MP18120/2025-2026/225808,Maharashtra,ETAH(DISTRICT MAGISTRATE ETAH_IDA),AASHTIKAR PATIL NAGESH BAPURAO,HINGOLI,Lighting of public spaces,2026-02-05,UTTAM VENTURES,Payment Success,63662.0,MPLADS eSAKSHI Public Dashboard
PAY-01706,WS/MP18120/2025-2026/225809,Maharashtra,ETAH(DISTRICT MAGISTRATE ETAH_IDA),AASHTIKAR PATIL NAGESH BAPURAO,HINGOLI,Lighting of public spaces,2025-11-11,UTTAM VENTURES,Payment Success,176949.0,MPLADS eSAKSHI Public Dashboard
PAY-01707,WS/MP18120/2025-2026/225809,Maharashtra,ETAH(DISTRICT MAGISTRATE ETAH_IDA),AASHTIKAR PATIL NAGESH BAPURAO,HINGOLI,Lighting of public spaces,2026-02-05,UTTAM VENTURES,Payment Success,63662.0,MPLADS eSAKSHI Public Dashboard
PAY-01708,WS/MP18120/2025-2026/225810,Maharashtra,ETAH(DISTRICT MAGISTRATE ETAH_IDA),AASHTIKAR PATIL NAGESH BAPURAO,HINGOLI,Lighting of public spaces,2025-11-11,UTTAM VENTURES,Payment Success,176949.0,MPLADS eSAKSHI Public Dashboard
PAY-01709,WS/MP18120/2025-2026/225810,Maharashtra,ETAH(DISTRICT MAGISTRATE ETAH_IDA),AASHTIKAR PATIL NAGESH BAPURAO,HINGOLI,Lighting of public spaces,2026-02-05,UTTAM VENTURES,Payment Success,63662.0,MPLADS eSAKSHI Public Dashboard
PAY-01710,WS/MP18120/2025-2026/225811,Maharashtra,ETAH(DISTRICT MAGISTRATE ETAH_IDA),AASHTIKAR PATIL NAGESH BAPURAO,HINGOLI,Lighting of public spaces,2025-11-11,UTTAM VENTURES,Payment Success,176949.0,MPLADS eSAKSHI Public Dashboard
PAY-01711,WS/MP18120/2025-2026/225811,Maharashtra,ETAH(DISTRICT MAGISTRATE ETAH_IDA),AASHTIKAR PATIL NAGESH BAPURAO,HINGOLI,Lighting of public spaces,2026-02-05,UTTAM VENTURES,Payment Success,63662.0,MPLADS eSAKSHI Public Dashboard
PAY-01712,WS/MP18120/2025-2026/225812,Maharashtra,ETAH(DISTRICT MAGISTRATE ETAH_IDA),AASHTIKAR PATIL NAGESH BAPURAO,HINGOLI,Lighting of public spaces,2025-11-11,UTTAM VENTURES,Payment Success,176949.0,MPLADS eSAKSHI Public Dashboard
PAY-01713,WS/MP18120/2025-2026/225812,Maharashtra,ETAH(DISTRICT MAGISTRATE ETAH_IDA),AASHTIKAR PATIL NAGESH BAPURAO,HINGOLI,Lighting of public spaces,2026-02-05,UTTAM VENTURES,Payment Success,63662.0,MPLADS eSAKSHI Public Dashboard
PAY-01714,WS/MP681/2024-2025/134805,Maharashtra,PARBHANI(DISTRICT COLLECTOR PARBHANI_IDA),Sanjay Haribhau Jadhav,PARBHANI,Construction of community centers and community halls,2025-02-07,santosh sharadrao bende,Payment Success,999711.0,MPLADS eSAKSHI Public Dashboard
PAY-01715,WS/MP18136/2025-2026/165205,Maharashtra,WARDHA(DISTRICT COLLECTOR WARDHA_IDA),AMAR SHARADRAO KALE,WARDHA,"Construction of roads, link roads, pathways or any other road with or without drainage system",2026-06-25,Shree Sainath Construction,Payment Success,530688.0,MPLADS eSAKSHI Public Dashboard
PAY-01716,WS/MP18136/2025-2026/165206,Maharashtra,WARDHA(DISTRICT COLLECTOR WARDHA_IDA),AMAR SHARADRAO KALE,WARDHA,"Construction of roads, link roads, pathways or any other road with or without drainage system",2026-06-25,Shree Sainath Construction,Payment Success,687849.0,MPLADS eSAKSHI Public Dashboard
PAY-01717,WS/MP18136/2025-2026/165207,Maharashtra,WARDHA(DISTRICT COLLECTOR WARDHA_IDA),AMAR SHARADRAO KALE,WARDHA,Construction of community centers and community halls,2026-05-07,President Pragati Majoor Sahakari Sanstha Ltd,Payment Success,1869606.0,MPLADS eSAKSHI Public Dashboard
PAY-01718,WS/MP18136/2025-2026/165240,Maharashtra,WARDHA(DISTRICT COLLECTOR WARDHA_IDA),AMAR SHARADRAO KALE,WARDHA,Construction of community centers and community halls,2026-03-19,Ajay Subhashrao Ghavghave,Payment Success,994179.0,MPLADS eSAKSHI Public Dashboard
PAY-01719,WS/MP18136/2025-2026/165241,Maharashtra,WARDHA(DISTRICT COLLECTOR WARDHA_IDA),AMAR SHARADRAO KALE,WARDHA,"Construction of roads, link roads, pathways or any other road with or without drainage system",2025-11-13,Ajay Subhashrao Ghavghave,Payment Success,697946.0,MPLADS eSAKSHI Public Dashboard
PAY-01720,WS/MP18136/2025-2026/165242,Maharashtra,WARDHA(DISTRICT COLLECTOR WARDHA_IDA),AMAR SHARADRAO KALE,WARDHA,"Construction of roads, link roads, pathways or any other road with or without drainage system",2025-11-13,Ajay Subhashrao Ghavghave,Payment Success,250000.0,MPLADS eSAKSHI Public Dashboard
PAY-01721,WS/MP18136/2025-2026/165243,Maharashtra,WARDHA(DISTRICT COLLECTOR WARDHA_IDA),AMAR SHARADRAO KALE,WARDHA,"Construction of roads, link roads, pathways or any other road with or without drainage system",2025-11-13,Ajay Subhashrao Ghavghave,Payment Success,745384.0,MPLADS eSAKSHI Public Dashboard
PAY-01722,WS/MP18136/2025-2026/165244,Maharashtra,WARDHA(DISTRICT COLLECTOR WARDHA_IDA),AMAR SHARADRAO KALE,WARDHA,"Construction of roads, link roads, pathways or any other road with or without drainage system",2025-11-13,Ajay Subhashrao Ghavghave,Payment Success,598131.0,MPLADS eSAKSHI Public Dashboard
PAY-01723,WS/MP18136/2025-2026/165692,Maharashtra,WARDHA(DISTRICT COLLECTOR WARDHA_IDA),AMAR SHARADRAO KALE,WARDHA,"Construction of roads, link roads, pathways or any other road with or without drainage system",2025-10-08,UTKARSH UNEEMPLOYED ENGINEERS SEVA CO-OP SOCIETY,Payment Success,946131.0,MPLADS eSAKSHI Public Dashboard
PAY-01724,WS/MP18136/2025-2026/165694,Maharashtra,WARDHA(DISTRICT COLLECTOR WARDHA_IDA),AMAR SHARADRAO KALE,WARDHA,"Construction of roads, link roads, pathways or any other road with or without drainage system",2025-11-14,FOR PRESIDENT VIJAY MAJOOR SAHAKARI SANSTHA,Payment Success,1195809.0,MPLADS eSAKSHI Public Dashboard
PAY-01725,WS/MP18136/2025-2026/167487,Maharashtra,WARDHA(DISTRICT COLLECTOR WARDHA_IDA),AMAR SHARADRAO KALE,WARDHA,"Construction of roads, link roads, pathways or any other road with or without drainage system",2025-09-19,PRATIK VINODRAO MANIKPURE,Payment Success,1000000.0,MPLADS eSAKSHI Public Dashboard
PAY-01726,WS/MP18136/2025-2026/167489,Maharashtra,WARDHA(DISTRICT COLLECTOR WARDHA_IDA),AMAR SHARADRAO KALE,WARDHA,"Construction of roads, link roads, pathways or any other road with or without drainage system",2025-08-29,TUSHAR DNYANESHWAR JOMDE,Payment Success,1000000.0,MPLADS eSAKSHI Public Dashboard
PAY-01727,WS/MP18136/2025-2026/167490,Maharashtra,WARDHA(DISTRICT COLLECTOR WARDHA_IDA),AMAR SHARADRAO KALE,WARDHA,"Construction of roads, link roads, pathways or any other road with or without drainage system",2026-01-30,TUSHAR DNYANESHWAR JOMDE,Payment Success,998218.0,MPLADS eSAKSHI Public Dashboard
PAY-01728,WS/MP18136/2025-2026/167491,Maharashtra,WARDHA(DISTRICT COLLECTOR WARDHA_IDA),AMAR SHARADRAO KALE,WARDHA,"Construction of roads, link roads, pathways or any other road with or without drainage system",2026-03-23,PRATIK VINODRAO MANIKPURE,Payment Success,964353.0,MPLADS eSAKSHI Public Dashboard
PAY-01729,WS/MP18136/2025-2026/167492,Maharashtra,WARDHA(DISTRICT COLLECTOR WARDHA_IDA),AMAR SHARADRAO KALE,WARDHA,"Construction of roads, link roads, pathways or any other road with or without drainage system",2025-09-19,PRATIK VINODRAO MANIKPURE,Payment Success,700000.0,MPLADS eSAKSHI Public Dashboard
PAY-01730,WS/MP18136/2025-2026/167493,Maharashtra,WARDHA(DISTRICT COLLECTOR WARDHA_IDA),AMAR SHARADRAO KALE,WARDHA,"Construction of roads, link roads, pathways or any other road with or without drainage system",2026-01-30,TUSHAR DNYANESHWAR JOMDE,Payment Success,998950.0,MPLADS eSAKSHI Public Dashboard
