"Sr. No.","Work Category","Work","State","IDA","Work Description","Hon'ble Members of Parliament","Constituency","Image","Completion Date","Amount Disbursed ( ₹ )"
"1","Normal/Others","WS/MP681/2024-2025/134797-Construction of community centers and community halls","Maharashtra","PARBHANI(DISTRICT COLLECTOR PARBHANI_IDA)","Construction of Sabhamandap at Simangaon Tal. Sailu Dist. Parbhani","Sanjay Haribhau Jadhav","PARBHANI","Images","18-Jul-2025","997623"
"2","Normal/Others","WS/MP681/2024-2025/134798-Construction of community centers and community halls","Maharashtra","PARBHANI(DISTRICT COLLECTOR PARBHANI_IDA)","Construction of Sabhamandap at Kawaddhan Tal. Sailu Dist. Parbhani (under SC fund)","Sanjay Haribhau Jadhav","PARBHANI","Images","20-Mar-2025","998788"
"3","Normal/Others","WS/MP681/2024-2025/134799-Construction of community centers and community halls","Maharashtra","PARBHANI(DISTRICT COLLECTOR PARBHANI_IDA)","Construction of Sabhamandap at Mhalsapur Tal. Sailu Dist. Parbhani","Sanjay Haribhau Jadhav","PARBHANI","Images","18-Apr-2026","999356"
"4","Normal/Others","WS/MP681/2024-2025/134800-Construction of community centers and community halls","Maharashtra","PARBHANI(DISTRICT COLLECTOR PARBHANI_IDA)","Construction of Sabhamandap at Nirwadi Khurd Tal. Sailu Dist. Parbhani","Sanjay Haribhau Jadhav","PARBHANI","Images","13-Jul-2025","999753"
"5","Normal/Others","WS/MP681/2024-2025/134801-Construction of community centers and community halls","Maharashtra","PARBHANI(DISTRICT COLLECTOR PARBHANI_IDA)","Construction of Sabhamandap at at Chicholi Kale Tal.Jintur Dist. Parbhani","Sanjay Haribhau Jadhav","PARBHANI","Images","23-Jun-2025","999978"
"6","Normal/Others","WS/MP681/2024-2025/134802-Construction of community centers and community halls","Maharashtra","PARBHANI(DISTRICT COLLECTOR PARBHANI_IDA)","Construction of Sabhamandap at Wassa Tal. Jintur Dist. Parbhani (under SC fund)","Sanjay Haribhau Jadhav","PARBHANI","Images","18-Jul-2025","1493920"
"7","Normal/Others","WS/MP681/2024-2025/134803-Construction of community centers and community halls","Maharashtra","PARBHANI(DISTRICT COLLECTOR PARBHANI_IDA)","Construction of Sabhamandap at Itoli  Tal. Jintur Dist. Parbhani (under SC fund)","Sanjay Haribhau Jadhav","PARBHANI","Images","04-May-2025","999904"
"8","Normal/Others","WS/MP681/2024-2025/134804-Construction of community centers and community halls","Maharashtra","PARBHANI(DISTRICT COLLECTOR PARBHANI_IDA)","Construction of Sabhamandap at Sakhartala Tal. Jintur  Dist. Parbhani (under ST fund)","Sanjay Haribhau Jadhav","PARBHANI","Images","11-Apr-2025","999896"
"9","Normal/Others","WS/MP18112/2024-2025/136520-Construction of community centers and community halls","Maharashtra","AMRAVATI(DISTRICT COLLECTOR AMRAVATI_IDA)","CONSTRUCTION OF COMMUNITY HALL , AT GAGLANI NAGAR , PRABHAG NO 9 AMRAVATI CITY","BALWANT BASWANT WANKHADE","AMRAVATI(SC)","N/A","02-Sep-2025","1998642"
"10","Normal/Others","WS/MP18112/2024-2025/136522-Construction of community centers and community halls","Maharashtra","AMRAVATI(DISTRICT COLLECTOR AMRAVATI_IDA)","CONSTRUCTION OF COMMUNITY HALL , AT RAMABAI AMBEDKAR NAGAR , DARYAPUR DIST AMRAVATI","BALWANT BASWANT WANKHADE","AMRAVATI(SC)","N/A","30-May-2025","1497556"
"11","Normal/Others","WS/MP18112/2024-2025/136532-Construction of community centers and community halls","Maharashtra","AMRAVATI(DISTRICT COLLECTOR AMRAVATI_IDA)","CONSTRUCTION COMMUNITY HALL AT  WARD NO 9 WALMIKI NAGAR , DARYAPUR , DIST AMRAVATI","BALWANT BASWANT WANKHADE","AMRAVATI(SC)","Images","01-Oct-2025","1499996"
"12","Normal/Others","WS/MP18112/2024-2025/136716-Construction of boundary walls of existing public and community buildings","Maharashtra","AMRAVATI(DISTRICT COLLECTOR AMRAVATI_IDA)","CONSTRUCTION OF BOUNDRY WALL AT KOTAMI GRAAMPANCHAYAT DAHENDRI TAQ. CHIKHALDARA DIST AMRAVATI","BALWANT BASWANT WANKHADE","AMRAVATI(SC)","Images","14-Oct-2025","994082"
"13","Normal/Others","WS/MP672/2024-2025/136731-Lighting of public spaces","Maharashtra","NAGPUR(DISTRICT COLLECTOR NAGPUR_IDA)","Installation of Highmast light and electric poles with light at Gosavi Ghat, Binaki, Nagpur","Nitin Jairam Gadkari","NAGPUR","Images","23-Aug-2024","963514"
"14","Normal/Others","WS/MP18112/2024-2025/136975-Crematoriums/energy efficient crematoriums or structures on burial/cremation ground","Maharashtra","AMRAVATI(DISTRICT COLLECTOR AMRAVATI_IDA)","Construction Of Cremation Shed At Dighi Ta. Daryapur Dist Amravati","BALWANT BASWANT WANKHADE","AMRAVATI(SC)","Images","11-Mar-2026","598750"
"15","Normal/Others","WS/MP18112/2024-2025/136984-Construction of community centers and community halls","Maharashtra","AMRAVATI(DISTRICT COLLECTOR AMRAVATI_IDA)","Construction Of Community Hall At Chincholi Rahimapur (Kh)Ta. Anjangaon Surji Dist Amravati","BALWANT BASWANT WANKHADE","AMRAVATI(SC)","Images","11-Apr-2026","1496534"
"16","Normal/Others","WS/MP18112/2024-2025/136992-Construction of boundary walls of existing public and community buildings","Maharashtra","AMRAVATI(DISTRICT COLLECTOR AMRAVATI_IDA)","Construction Of Boundry Wall Near Ekvira English School , Chandur Ta. Daryapur Dist Amravati","BALWANT BASWANT WANKHADE","AMRAVATI(SC)","N/A","09-Jun-2025","1999127"
"17","Normal/Others","WS/MP18112/2024-2025/136993-Providing drains and gutters for public drainage","Maharashtra","AMRAVATI(DISTRICT COLLECTOR AMRAVATI_IDA)","Construction Of Drain From Vishwanath Khope's house near Najma Patel Urdu School , ward no 8 daryapur dist amravati","BALWANT BASWANT WANKHADE","AMRAVATI(SC)","N/A","13-Jun-2025","999362"
"18","Normal/Others","WS/MP18112/2024-2025/136994-Construction of roads, link roads, pathways or any other road with or without drainage system","Maharashtra","AMRAVATI(DISTRICT COLLECTOR AMRAVATI_IDA)","Construction of road and drain leading from Ambadas Kshirsagar's house to Shamraoji Pawar's house at khartalegaon ta. Bhatkuli dist amravati","BALWANT BASWANT WANKHADE","AMRAVATI(SC)","N/A","30-May-2025","794715"
"19","Normal/Others","WS/MP18327/2025-2026/137670-Street lights","Maharashtra","SOLAPUR(DISTRICT COLLECTOR SOLAPUR_IDA)","Installation of Light in front of Khandoba Temple at Waluj Gaon in Mohol Taluka","PRANITI SUSHILKUMAR SHINDE","SOLAPUR(SC)","N/A","12-Mar-2026","498751"
"20","Normal/Others","WS/MP661/2024-2025/137790-Construction of community centers and community halls","Maharashtra","PUNE(DISTRICT COLLECTOR PUNE_IDA)","Construction of community hall near kalbhairv mandir At. Mandoshi Tq. Khed Dist. Pune.","Amol Ramsing Kolhe","SHIRUR","Images","24-Jan-2025",""
"21","Normal/Others","WS/MP661/2024-2025/137791-Construction of community centers and community halls","Maharashtra","PUNE(DISTRICT COLLECTOR PUNE_IDA)","Construction of community hall Near Maruti temple At Tokavade Tq. Khed Dist. Pune","Amol Ramsing Kolhe","SHIRUR","Images","23-Jan-2025",""
"22","Normal/Others","WS/MP673/2024-2025/139034-Construction of bus-sheds or bus-stops","Maharashtra","Dharashiv(DISTRICT COLLECTOR OSMANABAD_IDA)","Construction of bus shed opposite Janseva School.","Omprakash Bhupalsinh Alias Pawan Rajenimbalkar","OSMANABAD","Images","11-Mar-2025","300000"
"23","Normal/Others","WS/MP673/2024-2025/139059-Installing tube-wells and borewells","Maharashtra","SOLAPUR(DISTRICT COLLECTOR SOLAPUR_IDA)","Installing tube-wells and borewells","Omprakash Bhupalsinh Alias Pawan Rajenimbalkar","OSMANABAD","N/A","15-Jul-2025","299942"
"24","Normal/Others","WS/MP691/2024-2025/140096-Fitting of Sitting RCC Benches in Public Places","Maharashtra","JALGAON(DISTRICT COLLECTOR JALGAON_IDA)","Mauje Bodwad Bodwad District  Seating Arrangment at various places for inner city citizens in Jalgaon.","Smt Raksha Nikhil Khadse","RAVER","Images","11-Sep-2024","2974718"
"25","Normal/Others","WS/MP18117/2024-2025/142021-Purchase of smart boards, visual display units and projectors","Maharashtra","DHULE(DISTRICT COLLECTOR DHULE_IDA)","Supply interactive board , computer , vc camera (for two class room)  at   shri kapileshwar madhymik vidhyalay mudavad tal shindkheda","BACHHAV SHOBHA DINESH","DHULE","Images","19-Dec-2024","1000000"
"26","Normal/Others","WS/MP18117/2024-2025/142022-Purchase of smart boards, visual display units and projectors","Maharashtra","DHULE(DISTRICT COLLECTOR DHULE_IDA)","Supply interactive board , computer , vc camera (for two class room) at priyadarshani indira gandhi madhymik vidhyalay v kanisth mahavidhyaly betavad tal shindhkheda","BACHHAV SHOBHA DINESH","DHULE","Images","19-Dec-2024","1000000"
"27","Normal/Others","WS/MP673/2025-2026/143160-Construction of roads, link roads, pathways or any other road with or without drainage system","Maharashtra","Dharashiv(DISTRICT COLLECTOR OSMANABAD_IDA)","Construction of road in public space from Canal Road to Barate Vasti","Omprakash Bhupalsinh Alias Pawan Rajenimbalkar","OSMANABAD","N/A","07-May-2025","500000"
"28","Normal/Others","WS/MP685/2024-2025/143363- Providing sports equipment, except consumable items","Maharashtra","PUNE(DISTRICT COLLECTOR PUNE_IDA)","Installing Open Jim At Kivle Mamurdi Near PCMC Water Tank","Shrirang Appa Barne","MAVAL","Images","07-Apr-2025","998243"
"29","Normal/Others","WS/MP685/2024-2025/143365- Providing sports equipment, except consumable items","Maharashtra","PUNE(DISTRICT COLLECTOR PUNE_IDA)","Installing Open Jim At Ravaet BRT Road Near Ghoravdeshvar Pratishthan","Shrirang Appa Barne","MAVAL","Images","07-Apr-2025","995777"
"30","Normal/Others","WS/MP685/2024-2025/143366- Providing sports equipment, except consumable items","Maharashtra","PUNE(DISTRICT COLLECTOR PUNE_IDA)","Installing Open Jim At Nigdi Sec 24 In Dada Dadi Park Garden Pcmc","Shrirang Appa Barne","MAVAL","Images","07-Apr-2025","996227"
"31","Normal/Others","WS/MP685/2024-2025/143367- Providing sports equipment, except consumable items","Maharashtra","PUNE(DISTRICT COLLECTOR PUNE_IDA)","Installing Open Jim Nigdi Sec 24 Near chintamani Mandir Nigdi","Shrirang Appa Barne","MAVAL","Images","07-Apr-2025","996227"
"32","Normal/Others","WS/MP685/2024-2025/143368- Providing sports equipment, except consumable items","Maharashtra","PUNE(DISTRICT COLLECTOR PUNE_IDA)","Installing Open Jim At Ravet Mhaske Vasti Near DP Road","Shrirang Appa Barne","MAVAL","Images","07-Apr-2025","997319"
"33","Normal/Others","WS/MP685/2024-2025/143369- Providing sports equipment, except consumable items","Maharashtra","PUNE(DISTRICT COLLECTOR PUNE_IDA)","Installing Open Jim At Vikas Nagar Kiwale On Foot Path PCMC","Shrirang Appa Barne","MAVAL","Images","07-Apr-2025","996227"
"34","Normal/Others","WS/MP685/2024-2025/143370- Providing sports equipment, except consumable items","Maharashtra","PUNE(DISTRICT COLLECTOR PUNE_IDA)","Installing Open Jim At Near SB Patil School Ravet Pcmc","Shrirang Appa Barne","MAVAL","Images","07-Apr-2025","996010"
"35","Normal/Others","WS/MP685/2025-2026/143374- Providing sports equipment, except consumable items","Maharashtra","PUNE(DISTRICT COLLECTOR PUNE_IDA)","Installing Open Jim At Bophkhel Near Armi Public School","Shrirang Appa Barne","MAVAL","Images","16-Sep-2025","996226"
"36","Normal/Others","WS/MP681/2024-2025/143809-Construction of roads, link roads, pathways or any other road with or without drainage system","Maharashtra","PARBHANI(DISTRICT COLLECTOR PARBHANI_IDA)","Construction of CC road and drain from Manoj Soape's house to Ramesh Kadam's house in Ward No.01. at chatori, Tal.Palam ,Dist.Parbhani. (SC)","Sanjay Haribhau Jadhav","PARBHANI","Images","14-Dec-2025","999464"
"37","Normal/Others","WS/MP18112/2024-2025/143947-Construction of community centers and community halls","Maharashtra","AMRAVATI(DISTRICT COLLECTOR AMRAVATI_IDA)","Construction Of Community Hall At Hirur Purna Ta. Chandur Bazar","BALWANT BASWANT WANKHADE","AMRAVATI(SC)","Images","13-Nov-2025","1441000"
"38","Normal/Others","WS/MP681/2024-2025/143971-Construction of roads, link roads, pathways or any other road with or without drainage system","Maharashtra","PARBHANI(DISTRICT COLLECTOR PARBHANI_IDA)","Construction of CC Road at Wadi Kh. Tal.Palam. (SC)","Sanjay Haribhau Jadhav","PARBHANI","Images","30-Jul-2025","498686"
"39","Normal/Others","WS/MP681/2024-2025/143974-Construction of community centers and community halls","Maharashtra","PARBHANI(DISTRICT COLLECTOR PARBHANI_IDA)","Construction of sabha mandap at Suki, tal.purna. (ST)","Sanjay Haribhau Jadhav","PARBHANI","Images","07-Jul-2025","699926"
"40","Normal/Others","WS/MP681/2024-2025/143975-Construction of roads, link roads, pathways or any other road with or without drainage system","Maharashtra","PARBHANI(DISTRICT COLLECTOR PARBHANI_IDA)","Construction of CC road and Drains at Regaon, tal.Purna.","Sanjay Haribhau Jadhav","PARBHANI","Images","07-May-2025","699957"
"41","Normal/Others","WS/MP681/2024-2025/143976-Construction of roads, link roads, pathways or any other road with or without drainage system","Maharashtra","PARBHANI(DISTRICT COLLECTOR PARBHANI_IDA)","Construction of CC road and Drains at Mamdapur, tal.purna. (SC)","Sanjay Haribhau Jadhav","PARBHANI","Images","22-Apr-2025","699760"
"42","Normal/Others","WS/MP681/2025-2026/143978-Construction of roads, link roads, pathways or any other road with or without drainage system","Maharashtra","PARBHANI(DISTRICT COLLECTOR PARBHANI_IDA)","Construction of CC road and Drains at kantheshwar, tal.purna.","Sanjay Haribhau Jadhav","PARBHANI","Images","03-Jan-2026","699809"
"43","Normal/Others","WS/MP681/2024-2025/143979-Construction of roads, link roads, pathways or any other road with or without drainage system","Maharashtra","PARBHANI(DISTRICT COLLECTOR PARBHANI_IDA)","Construction of CC road and Drains at penur tal.purna. (SC)","Sanjay Haribhau Jadhav","PARBHANI","Images","07-Jul-2025","699426"
"44","Normal/Others","WS/MP681/2024-2025/143980-Construction of roads, link roads, pathways or any other road with or without drainage system","Maharashtra","PARBHANI(DISTRICT COLLECTOR PARBHANI_IDA)","Construction of CC road and Drains at satephal, tal.purna.","Sanjay Haribhau Jadhav","PARBHANI","Images","07-May-2025","699603"
"45","Normal/Others","WS/MP681/2024-2025/143981-Construction of roads, link roads, pathways or any other road with or without drainage system","Maharashtra","PARBHANI(DISTRICT COLLECTOR PARBHANI_IDA)","Construction of CC road and Drains at tadkalas, tal.purna","Sanjay Haribhau Jadhav","PARBHANI","Images","04-May-2025","694100"
"46","Normal/Others","WS/MP681/2024-2025/143982-Construction of roads, link roads, pathways or any other road with or without drainage system","Maharashtra","PARBHANI(DISTRICT COLLECTOR PARBHANI_IDA)","Construction of CC road and Drains at Khandala, tal.purna.","Sanjay Haribhau Jadhav","PARBHANI","Images","24-Apr-2025","694100"
"47","Normal/Others","WS/MP681/2024-2025/143983-Construction of roads, link roads, pathways or any other road with or without drainage system","Maharashtra","PARBHANI(DISTRICT COLLECTOR PARBHANI_IDA)","Construction of CC road and Drains at dhanora kale,tal.purna.","Sanjay Haribhau Jadhav","PARBHANI","Images","04-May-2025","699851"
"48","Normal/Others","WS/MP18111/2025-2026/144098-Construction of roads, link roads, pathways or any other road with or without drainage system","Maharashtra","AKOLA(DISTRICT COLLECTOR AKOLA_IDA)","Construction of Cement Concrete Road with iron grid and culvert at Kothari Vatika No.2 from Tayade's house to Kalaskar's house.","ANUP SANJAY DHOTRE","AKOLA","Images","03-Apr-2025","396568"
"49","Normal/Others","WS/MP18111/2025-2026/144099-Construction of roads, link roads, pathways or any other road with or without drainage system","Maharashtra","AKOLA(DISTRICT COLLECTOR AKOLA_IDA)","Construction of Cement Concrete Road from Mahendra Tayade's house to Sandip Tayade's house at Kaulkhed Jahagir.","ANUP SANJAY DHOTRE","AKOLA","Images","29-May-2025","483603"
"50","Normal/Others","WS/MP672/2024-2025/144101-Purchase of hospital equipment","Maharashtra","NAGPUR(DISTRICT COLLECTOR NAGPUR_IDA)","Upgrading of Prosthetic & Orthotics unit at CRC, Nagpur.","Nitin Jairam Gadkari","NAGPUR","Images","04-Oct-2024","152300"
"51","Normal/Others","WS/MP672/2024-2025/144103-Purchase of hospital equipment","Maharashtra","NAGPUR(DISTRICT COLLECTOR NAGPUR_IDA)","Purchasing of Solar (Battery Operated) tricycle at CRC, Nagpur.","Nitin Jairam Gadkari","NAGPUR","Images","01-Oct-2024","555000"
"52","Normal/Others","WS/MP672/2024-2025/144104-Purchase of hospital equipment","Maharashtra","NAGPUR(DISTRICT COLLECTOR NAGPUR_IDA)","Purchasing of Speech and Language disorder assesment and intervention software for speech and hearing disabilities.","Nitin Jairam Gadkari","NAGPUR","Images","30-Sep-2024","670000"
"53","Normal/Others","WS/MP672/2024-2025/144105-Construction of roads, link roads, pathways or any other road with or without drainage system","Maharashtra","NAGPUR(DISTRICT COLLECTOR NAGPUR_IDA)","Construction of Cement Concerete Road from house of Durga Vikas Dharange to house of Sunita Hedaoo at Galli No.24, Vinoba Bhave Nagar.","Nitin Jairam Gadkari","NAGPUR","Images","30-Sep-2024","458593"
"54","Normal/Others","WS/MP18323/2025-2026/144107-Construction of community centers and community halls","Maharashtra","LATUR(DISTRICT COLLECTOR LATUR_IDA)","Construction of Community Hall at Ward No.17,Lakshminagar,Chakur,District.Latur","DR KALGE SHIVAJI BANDAPPA","LATUR(SC)","Images","03-Feb-2026","1494640"
"55","Normal/Others","WS/MP18323/2025-2026/144115-Construction of roads, link roads, pathways or any other road with or without drainage system","Maharashtra","LATUR(DISTRICT COLLECTOR LATUR_IDA)","Construction of  road at Prbudhhanagar,Maharanapratap Nagar,Taluka Latur","DR KALGE SHIVAJI BANDAPPA","LATUR(SC)","Images","14-Nov-2025","995673"
"56","Normal/Others","WS/MP18323/2025-2026/144116-Providing drains and gutters for public drainage","Maharashtra","LATUR(DISTRICT COLLECTOR LATUR_IDA)","Construction of Public  Gutter /Drainage at Karimnagar,Maharanapratap Nagar,Taluka Latur","DR KALGE SHIVAJI BANDAPPA","LATUR(SC)","Images","04-Feb-2026","995696"
"57","Normal/Others","WS/MP681/2024-2025/145255-Construction of community centers and community halls","Maharashtra","PARBHANI(DISTRICT COLLECTOR PARBHANI_IDA)","Construction of cultural hall at deulgaon Dhudhate, tal.Purna.","Sanjay Haribhau Jadhav","PARBHANI","Images","15-Jun-2025","999768"
"58","Normal/Others","WS/MP18112/2024-2025/145331-Construction of roads, link roads, pathways or any other road with or without drainage system","Maharashtra","AMRAVATI(DISTRICT COLLECTOR AMRAVATI_IDA)","construction of road at Khartalegaon Ta.Bhatkuli From Gunwant Kuche Home To Dnyaneshvar Navare Home","BALWANT BASWANT WANKHADE","AMRAVATI(SC)","Images","24-Oct-2025","694357"
"59","Normal/Others","WS/MP673/2025-2026/145399-Installing tube-wells and borewells","Maharashtra","Dharashiv(DISTRICT COLLECTOR OSMANABAD_IDA)","Installing tube-wells and borewells Jewali ta. Lohara","Omprakash Bhupalsinh Alias Pawan Rajenimbalkar","OSMANABAD","N/A","17-Oct-2025","299674"
"60","Normal/Others","WS/MP664/2025-2026/146325-Construction of community centers and community halls","Maharashtra","MUMBAI(DISTRICT COLLECTOR MUMBAI CITY_IDA)","ahok mahadeo palwankar dighenagar socity community hall","Arvind Ganpat Sawant","MUMBAI SOUTH","Images","17-Sep-2025","1193715"
"61","Normal/Others","WS/MP664/2025-2026/146326-Construction of public toilets and bathrooms","Maharashtra","MUMBAI(DISTRICT COLLECTOR MUMBAI CITY_IDA)","aarunoday colony public toilet sewri","Arvind Ganpat Sawant","MUMBAI SOUTH","Images","17-Sep-2025","994762"
"62","Normal/Others","WS/MP664/2025-2026/146327-Construction of community centers and community halls","Maharashtra","MUMBAI(DISTRICT COLLECTOR MUMBAI CITY_IDA)","navkranti seva sangh t.j road sewri community hall","Arvind Ganpat Sawant","MUMBAI SOUTH","Images","17-Sep-2025","1094240"
"63","Normal/Others","WS/MP664/2025-2026/146328-Providing supply pipelines for drinking water","Maharashtra","MUMBAI(DISTRICT COLLECTOR MUMBAI CITY_IDA)","hasma jetha chwal zakeria bunder sewri water pipeline","Arvind Ganpat Sawant","MUMBAI SOUTH","Images","17-Sep-2025","1196940"
"64","Normal/Others","WS/MP664/2025-2026/146329-Construction of community centers and community halls","Maharashtra","MUMBAI(DISTRICT COLLECTOR MUMBAI CITY_IDA)","shivshankar seva mandal wadia road bhoiwada sewri community hall","Arvind Ganpat Sawant","MUMBAI SOUTH","Images","17-Sep-2025","1246813"
"65","Normal/Others","WS/MP664/2025-2026/146330-Construction of community centers and community halls","Maharashtra","MUMBAI(DISTRICT COLLECTOR MUMBAI CITY_IDA)","vikrant sadan gas pipeline lane sewri community hall","Arvind Ganpat Sawant","MUMBAI SOUTH","Images","17-Sep-2025","1496175"
"66","Normal/Others","WS/MP664/2025-2026/146335-Construction of community centers and community halls","Maharashtra","MUMBAI(DISTRICT COLLECTOR MUMBAI CITY_IDA)","jay bajrang krida mandal n.m joshi marg sewri community hall","Arvind Ganpat Sawant","MUMBAI SOUTH","Images","17-Sep-2025","1494831"
"67","Normal/Others","WS/MP664/2025-2026/146362-Construction of community centers and community halls","Maharashtra","MUMBAI(DISTRICT COLLECTOR MUMBAI CITY_IDA)","vishwakamal navratri utsav mandal senapati bapat marg worli community hall","Arvind Ganpat Sawant","MUMBAI SOUTH","Images","17-Sep-2025","1093255"
"68","Normal/Others","WS/MP664/2025-2026/146363-Construction of community centers and community halls","Maharashtra","MUMBAI(DISTRICT COLLECTOR MUMBAI CITY_IDA)","navhans krida mandal gm bhosle marg worli community hall","Arvind Ganpat Sawant","MUMBAI SOUTH","Images","17-Sep-2025","1590188"
"69","Normal/Others","WS/MP664/2025-2026/146364-Construction of roads, link roads, pathways or any other road with or without drainage system","Maharashtra","MUMBAI(DISTRICT COLLECTOR MUMBAI CITY_IDA)","bhiwandiwala building construction of road worli","Arvind Ganpat Sawant","MUMBAI SOUTH","Images","17-Sep-2025","994762"
"70","Normal/Others","WS/MP664/2025-2026/146365-Construction of community centers and community halls","Maharashtra","MUMBAI(DISTRICT COLLECTOR MUMBAI CITY_IDA)","engel seva mandal worli naka worli community hall","Arvind Ganpat Sawant","MUMBAI SOUTH","Images","17-Sep-2025","2089002"
"71","Normal/Others","WS/MP664/2025-2026/146367-Construction of community centers and community halls","Maharashtra","MUMBAI(DISTRICT COLLECTOR MUMBAI CITY_IDA)","janta rahiwasi seva sangh worlikoliwada worli community hall","Arvind Ganpat Sawant","MUMBAI SOUTH","Images","17-Sep-2025","2094646"
"72","Normal/Others","WS/MP664/2025-2026/146368-Construction of community centers and community halls","Maharashtra","MUMBAI(DISTRICT COLLECTOR MUMBAI CITY_IDA)","uday krida mandal janta colony worlikoliwada worli community hall","Arvind Ganpat Sawant","MUMBAI SOUTH","Images","17-Sep-2025","1795410"
"73","Normal/Others","WS/MP661/2025-2026/146558-Construction of roads, link roads, pathways or any other road with or without drainage system","Maharashtra","PUNE(DISTRICT COLLECTOR PUNE_IDA)","Construction of roads At. Pashan Mala towords Shivraj Residancy Society Tq. Shirur, Dist. Pune","Amol Ramsing Kolhe","SHIRUR","Images","22-Aug-2025","1000000"
"74","Normal/Others","WS/MP661/2025-2026/146559-Construction of roads, link roads, pathways or any other road with or without drainage system","Maharashtra","PUNE(DISTRICT COLLECTOR PUNE_IDA)","Construction of road At. Borhade Mala Water Ank To Ajay Poly Company","Amol Ramsing Kolhe","SHIRUR","Images","22-Aug-2025","1000000"
"75","Normal/Others","WS/MP661/2025-2026/146560-Construction of roads, link roads, pathways or any other road with or without drainage system","Maharashtra","PUNE(DISTRICT COLLECTOR PUNE_IDA)","Construction of road At. Shivratna Society From Mahajan Mala Road towords House of shaikh  Tq. Shirur, Dist. Pune","Amol Ramsing Kolhe","SHIRUR","Images","10-Jun-2025","1000000"
"76","Normal/Others","WS/MP661/2025-2026/146561-Construction of roads, link roads, pathways or any other road with or without drainage system","Maharashtra","PUNE(DISTRICT COLLECTOR PUNE_IDA)","Construction of road At. Jadhav Mala From House of Bhagat Chaudhari towards house of sandip gavade Tq. Shirur, Dist. Pune","Amol Ramsing Kolhe","SHIRUR","Images","10-Jun-2025","1000000"
"77","Normal/Others","WS/MP661/2025-2026/146562-Construction of roads, link roads, pathways or any other road with or without drainage system","Maharashtra","PUNE(DISTRICT COLLECTOR PUNE_IDA)","Construction of road At. Baburao nagar from Shevale major Bulding Towards Gurukul Society","Amol Ramsing Kolhe","SHIRUR","Images","08-Jul-2025","1000000"
"78","Normal/Others","WS/MP661/2025-2026/146563-Construction of roads, link roads, pathways or any other road with or without drainage system","Maharashtra","PUNE(DISTRICT COLLECTOR PUNE_IDA)","Construction of road  from Sanand road to bharti gold society At. Wagholi Tq. haveli, Dist. Pune","Amol Ramsing Kolhe","SHIRUR","Images","08-May-2025","995405"
"79","Normal/Others","WS/MP661/2025-2026/146564-Construction of roads, link roads, pathways or any other road with or without drainage system","Maharashtra","PUNE(DISTRICT COLLECTOR PUNE_IDA)","Construction of road from oxyi ultima society At. kesnand Road to Siddhant Dewine Society At. Wagholi, Tq. Haveli Dist. Pune","Amol Ramsing Kolhe","SHIRUR","Images","26-May-2025","1000000"
"80","Normal/Others","WS/MP661/2025-2026/146565-Construction of roads, link roads, pathways or any other road with or without drainage system","Maharashtra","PUNE(DISTRICT COLLECTOR PUNE_IDA)","Construction of road from Madhunanda Society to yash palace At. Wagholui Tq. Haveli Dist. Pune","Amol Ramsing Kolhe","SHIRUR","Images","08-May-2025","1000000"
"81","Normal/Others","WS/MP661/2025-2026/146566-Construction of roads, link roads, pathways or any other road with or without drainage system","Maharashtra","PUNE(DISTRICT COLLECTOR PUNE_IDA)","Construction of road from gerasrushti Society to towards chokhi Dhani At. Wagholi, Tq. Haveli Dist. Pune","Amol Ramsing Kolhe","SHIRUR","Images","26-May-2025","1000000"
"82","Normal/Others","WS/MP18121/2024-2025/146636-Construction of roads, link roads, pathways or any other road with or without drainage system","Maharashtra","JALGAON(DISTRICT COLLECTOR JALGAON_IDA)","Construction of Concrete road in Ward No.5,at Patonda,Ta. Chalisgaon","SMITA UDAY WAGH","JALGAON","Images","04-Dec-2025","699511"
"83","Normal/Others","WS/MP18121/2024-2025/146649-Providing drains and gutters for public drainage","Maharashtra","JALGAON(DISTRICT COLLECTOR JALGAON_IDA)","Construction of RCC drain from the house of Mr. Bapu Kamble to the house of Ayub Rasul Khan in the slum area on Ghat Road, Chalisgaon city","SMITA UDAY WAGH","JALGAON","Images","29-Jan-2025","699000"
"84","Normal/Others","WS/MP18121/2024-2025/146654-Providing drains and gutters for public drainage","Maharashtra","JALGAON(DISTRICT COLLECTOR JALGAON_IDA)","Construction of RCC drain from the house of Mr. Deepak Kumawat to the house of Mr. Manohar Patil in Shahunagar, Ward No. 3, Chalisgaon city","SMITA UDAY WAGH","JALGAON","Images","18-Mar-2025","699551"
"85","Normal/Others","WS/MP18121/2024-2025/146671-Construction of roads, link roads, pathways or any other road with or without drainage system","Maharashtra","JALGAON(DISTRICT COLLECTOR JALGAON_IDA)","Construction of the road from Nandra Bu. to Pilkheda to Nandgaon, Taluka Jalgaon","SMITA UDAY WAGH","JALGAON","Images","09-Jan-2025","2945320"
"86","Normal/Others","WS/MP18323/2025-2026/146706-Construction of roads, link roads, pathways or any other road with or without drainage system","Maharashtra","NANDED(DISTRICT COLLECTOR NANDED_IDA)","Construction of internal vilage cement road at Valsangwadi, Nandanwadi, Tq.Kandahar, District Nanded","DR KALGE SHIVAJI BANDAPPA","LATUR(SC)","Images","09-May-2025","494000"
"87","Normal/Others","WS/MP18323/2025-2026/146707-Construction of roads, link roads, pathways or any other road with or without drainage system","Maharashtra","NANDED(DISTRICT COLLECTOR NANDED_IDA)","Construction of internal cement concrete road at  Shekapur, Tq.Kandahar, District Nanded","DR KALGE SHIVAJI BANDAPPA","LATUR(SC)","Images","04-Jul-2025","589894"
"88","Normal/Others","WS/MP18323/2025-2026/146708-Construction of roads, link roads, pathways or any other road with or without drainage system","Maharashtra","NANDED(DISTRICT COLLECTOR NANDED_IDA)","Construction of  cement concrete internal road at Balantwadi, Tq.Kandahar, District Nanded","DR KALGE SHIVAJI BANDAPPA","LATUR(SC)","Images","24-Jul-2025","494297"
"89","Normal/Others","WS/MP18323/2025-2026/146710-Construction of community centers and community halls","Maharashtra","NANDED(DISTRICT COLLECTOR NANDED_IDA)","Construction of an auditorium in an open space owned by Gram Panchayat / Government at  Sanguchiwadi, Tq.Kandahar, District Nanded","DR KALGE SHIVAJI BANDAPPA","LATUR(SC)","Images","03-Jul-2025","691689"
"90","Normal/Others","WS/MP18323/2025-2026/146716-Construction of roads, link roads, pathways or any other road with or without drainage system","Maharashtra","LATUR(DISTRICT COLLECTOR LATUR_IDA)","Construction of cement road from Mohsin Sheikh's house, Gafar Sheikh's house to Pasha Attar's house at Pangaon, Tq.Renapur","DR KALGE SHIVAJI BANDAPPA","LATUR(SC)","Images","13-Apr-2026","797573"
"91","Normal/Others","WS/MP18121/2024-2025/146766-Construction of community centers and community halls","Maharashtra","JALGAON(DISTRICT COLLECTOR JALGAON_IDA)","Construction of a community hall at Pohare, Taluka Chalisgaon","SMITA UDAY WAGH","JALGAON","Images","12-Mar-2025","1998833"
"92","Normal/Others","WS/MP18121/2024-2025/146767-Construction of boundary walls of existing public and community buildings","Maharashtra","JALGAON(DISTRICT COLLECTOR JALGAON_IDA)","Construction of boundary  wall for the community building in front of the onion market on Nagad Road, Chalisgaon","SMITA UDAY WAGH","JALGAON","Images","06-Jun-2025","1999472"
"93","Normal/Others","WS/MP18121/2024-2025/146782-Construction of roads, link roads, pathways or any other road with or without drainage system","Maharashtra","JALGAON(DISTRICT COLLECTOR JALGAON_IDA)","Concreting work at Dhorwada in Ward No. 5 of Chalisgaon city","SMITA UDAY WAGH","JALGAON","Images","19-May-2025","998933"
"94","Normal/Others","WS/MP18323/2025-2026/146867-Construction of roads, link roads, pathways or any other road with or without drainage system","Maharashtra","NANDED(DISTRICT COLLECTOR NANDED_IDA)","Construction of cement concrete road from Balaji Ugle to Kantabai Chopwad house and from Bandu Pandilwad to Tanaji Vitthal Ugle house at Nurangpura Taluka Kandhar District Nanded","DR KALGE SHIVAJI BANDAPPA","LATUR(SC)","Images","26-Mar-2026","990848"
"95","Normal/Others","WS/MP673/2025-2026/147093-Construction of community centers and community halls","Maharashtra","SOLAPUR(DISTRICT COLLECTOR SOLAPUR_IDA)","Construction of community halls Surdi ta. barshi","Omprakash Bhupalsinh Alias Pawan Rajenimbalkar","OSMANABAD","Images","02-Sep-2025","699164"
"96","Normal/Others","WS/MP18323/2025-2026/147142-Construction of roads, link roads, pathways or any other road with or without drainage system","Maharashtra","LATUR(DISTRICT COLLECTOR LATUR_IDA)","Construction of cement road from Shivanand Aniba Jadhav's house to Trimbak Patwari's house at Tondar, Tq.Udgir, District Latur","DR KALGE SHIVAJI BANDAPPA","LATUR(SC)","Images","28-Apr-2025","991691"
"97","Normal/Others","WS/MP661/2025-2026/147453-Construction of footpaths and pedestrian ways","Maharashtra","PUNE(DISTRICT COLLECTOR PUNE_IDA)","installation of Paving Blocks at Kharpudi Bk","Amol Ramsing Kolhe","SHIRUR","Images","20-Aug-2025","990415"
"98","Normal/Others","WS/MP661/2025-2026/147465-Construction of community centers and community halls","Maharashtra","PUNE(DISTRICT COLLECTOR PUNE_IDA)","Construction of community hall at Khairenagar Tq. Ambegaon, Dist. Pune","Amol Ramsing Kolhe","SHIRUR","Images","28-Oct-2025","999694"
"99","Normal/Others","WS/MP661/2025-2026/147480-Construction of roads, link roads, pathways or any other road with or without drainage system","Maharashtra","PUNE(DISTRICT COLLECTOR PUNE_IDA)","construction of ghatrasta at parunde","Amol Ramsing Kolhe","SHIRUR","Images","20-Aug-2025","995639"
"100","Normal/Others","WS/MP18133/2025-2026/148457-Construction of roads, link roads, pathways or any other road with or without drainage system","Maharashtra","SATARA(DISTRICT COLLECTOR SATARA_IDA)","Construction of Road and Closed drainage Behind Vitthal Ward Mandir","SHRIMANT CHH UDAYANRAJE PRATAPSINHAMAHARAJ BHONSLE","SATARA","Images","11-Aug-2026","1000000"
"101","Normal/Others","WS/MP18133/2024-2025/148464-Construction of roads, link roads, pathways or any other road with or without drainage system","Maharashtra","SATARA(DISTRICT COLLECTOR SATARA_IDA)","Constructing of concrete road anc closed drainage at Beghar Vasti at Satara Road","SHRIMANT CHH UDAYANRAJE PRATAPSINHAMAHARAJ BHONSLE","SATARA","Images","22-Jul-2025","1000000"
"102","Normal/Others","WS/MP18133/2025-2026/148477-Construction of roads, link roads, pathways or any other road with or without drainage system","Maharashtra","SATARA(DISTRICT COLLECTOR SATARA_IDA)","Construction of concrete road at Andharwadi.","SHRIMANT CHH UDAYANRAJE PRATAPSINHAMAHARAJ BHONSLE","SATARA","Images","17-Aug-2026","693280"
"103","Normal/Others","WS/MP18133/2025-2026/148480-Providing drains and gutters for public drainage","Maharashtra","SATARA(DISTRICT COLLECTOR SATARA_IDA)","Construction of Closed drain at Hirai Garden at Shiwade","SHRIMANT CHH UDAYANRAJE PRATAPSINHAMAHARAJ BHONSLE","SATARA","Images","11-Aug-2026","694830"
"104","Normal/Others","WS/MP18133/2025-2026/148507-Construction of community centers and community halls","Maharashtra","SATARA(DISTRICT COLLECTOR SATARA_IDA)","Construction of community hall adjacent to Balsiddha Mandir","SHRIMANT CHH UDAYANRAJE PRATAPSINHAMAHARAJ BHONSLE","SATARA","N/A","16-Mar-2026","1489610"
"105","Normal/Others","WS/MP18133/2025-2026/148515-Construction of roads, link roads, pathways or any other road with or without drainage system","Maharashtra","SATARA(DISTRICT COLLECTOR SATARA_IDA)","creation of paver block road adjacent to Mahadev Mandir Khochrewadi","SHRIMANT CHH UDAYANRAJE PRATAPSINHAMAHARAJ BHONSLE","SATARA","N/A","27-Apr-2026","498180"
"106","Normal/Others","WS/MP18133/2025-2026/148516-Construction of roads, link roads, pathways or any other road with or without drainage system","Maharashtra","SATARA(DISTRICT COLLECTOR SATARA_IDA)","creation of paver block road adjacent to jyotirling mandir at Gharalwadi","SHRIMANT CHH UDAYANRAJE PRATAPSINHAMAHARAJ BHONSLE","SATARA","N/A","05-Mar-2026","497580"
"107","Normal/Others","WS/MP18133/2025-2026/148559-Construction of roads, link roads, pathways or any other road with or without drainage system","Maharashtra","SATARA(DISTRICT COLLECTOR SATARA_IDA)","creation of Concrete road at Vekhandwadi","SHRIMANT CHH UDAYANRAJE PRATAPSINHAMAHARAJ BHONSLE","SATARA","N/A","16-Feb-2026","664282"
"108","Normal/Others","WS/MP18133/2025-2026/148560-Construction of roads, link roads, pathways or any other road with or without drainage system","Maharashtra","SATARA(DISTRICT COLLECTOR SATARA_IDA)","creation of concrete road from Waghoshi Road to Bahgwat Kolekar Road","SHRIMANT CHH UDAYANRAJE PRATAPSINHAMAHARAJ BHONSLE","SATARA","Images","16-Dec-2025","999677"
"109","Normal/Others","WS/MP18133/2025-2026/148562-Construction of roads, link roads, pathways or any other road with or without drainage system","Maharashtra","SATARA(DISTRICT COLLECTOR SATARA_IDA)","Creation of Concrete road at Haripur","SHRIMANT CHH UDAYANRAJE PRATAPSINHAMAHARAJ BHONSLE","SATARA","Images","15-Jan-2026","999000"
"110","Normal/Others","WS/MP18133/2025-2026/148564-Construction of roads, link roads, pathways or any other road with or without drainage system","Maharashtra","SATARA(DISTRICT COLLECTOR SATARA_IDA)","creation of concrete road of janani Mata Mandir","SHRIMANT CHH UDAYANRAJE PRATAPSINHAMAHARAJ BHONSLE","SATARA","N/A","06-Mar-2026","500000"
"111","Normal/Others","WS/MP18133/2025-2026/148567-Construction of boundary walls of existing public and community buildings","Maharashtra","SATARA(DISTRICT COLLECTOR SATARA_IDA)","creation of retention wall from Main road to Cremation ground","SHRIMANT CHH UDAYANRAJE PRATAPSINHAMAHARAJ BHONSLE","SATARA","N/A","18-Mar-2026","948550"
"112","Normal/Others","WS/MP18133/2025-2026/148571-Construction of roads, link roads, pathways or any other road with or without drainage system","Maharashtra","SATARA(DISTRICT COLLECTOR SATARA_IDA)","creation of concrete road from house of Vamanrao Salunkhe to Prakash Thorat House","SHRIMANT CHH UDAYANRAJE PRATAPSINHAMAHARAJ BHONSLE","SATARA","N/A","12-Mar-2026","500000"
"113","Normal/Others","WS/MP18133/2025-2026/148572-Providing drains and gutters for public drainage","Maharashtra","SATARA(DISTRICT COLLECTOR SATARA_IDA)","Provision of RCC Drain at Sabalwadi","SHRIMANT CHH UDAYANRAJE PRATAPSINHAMAHARAJ BHONSLE","SATARA","Images","12-Aug-2026","493290"
"114","Normal/Others","WS/MP18133/2025-2026/148915-Construction of boundary walls of existing public and community buildings","Maharashtra","SATARA(DISTRICT COLLECTOR SATARA_IDA)","Construction of Boundary Wall and laying of Paver Block at Vithlai Mandir at Hanumantwadi (Yevati)","SHRIMANT CHH UDAYANRAJE PRATAPSINHAMAHARAJ BHONSLE","SATARA","N/A","06-May-2026","498370"
"115","Normal/Others","WS/MP18114/2025-2026/157436-Construction of community centers and community halls","Maharashtra","BEED(DISTRICT COLLECTOR BEED_IDA)","Construction of Sabhamandap on Gram Panchayat land near Sri Kshetra Mahadev Temple.","BAJRANG MANOHAR SONWANE","BEED","Images","01-Jan-2026","898906"
"116","Normal/Others","WS/MP18114/2025-2026/157437-Construction of community centers and community halls","Maharashtra","BEED(DISTRICT COLLECTOR BEED_IDA)","Construction of Sabhamandap on Gram Panchayat land near Sri Kshetra Birudev Temple.","BAJRANG MANOHAR SONWANE","BEED","Images","16-Sep-2025","999366"
"117","Normal/Others","WS/MP18114/2025-2026/157438-Construction of community centers and community halls","Maharashtra","BEED(DISTRICT COLLECTOR BEED_IDA)","Construction of Sabhamandap on Gram Panchayat land.","BAJRANG MANOHAR SONWANE","BEED","Images","28-Mar-2026","999556"
"118","Normal/Others","WS/MP18114/2025-2026/157440-Construction of community centers and community halls","Maharashtra","BEED(DISTRICT COLLECTOR BEED_IDA)","Construction of Sabhamandap on Gram Panchayat land near Sri Kshetra Biroba Temple.","BAJRANG MANOHAR SONWANE","BEED","Images","08-Oct-2025","999084"
"119","Normal/Others","WS/MP18114/2025-2026/157446-Construction of community centers and community halls","Maharashtra","BEED(DISTRICT COLLECTOR BEED_IDA)","Construction of Sabhamandap on Gram Panchayat land near Sri Kshetra Vitthal-Rukmini Temple.","BAJRANG MANOHAR SONWANE","BEED","Images","29-Jan-2026","994001"
"120","Normal/Others","WS/MP18114/2025-2026/157447-Construction of community centers and community halls","Maharashtra","BEED(DISTRICT COLLECTOR BEED_IDA)","Construction of Sabhamandap on Gram Panchayat land.","BAJRANG MANOHAR SONWANE","BEED","Images","11-Dec-2025","995218"
"121","Normal/Others","WS/MP18114/2025-2026/157450-Construction of community centers and community halls","Maharashtra","BEED(DISTRICT COLLECTOR BEED_IDA)","Construction of Sabhamandap on Gram Panchayat land near Sri Kshetra Tuljabhawani Temple.","BAJRANG MANOHAR SONWANE","BEED","Images","14-Aug-2025","995532"
"122","Normal/Others","WS/MP18114/2025-2026/157452-Construction of community centers and community halls","Maharashtra","BEED(DISTRICT COLLECTOR BEED_IDA)","Construction of Sabhamandap on Gram Panchayat land near Sri Kshetra Datta Temple.","BAJRANG MANOHAR SONWANE","BEED","Images","17-Mar-2026","997293"
"123","Normal/Others","WS/MP18114/2026-2027/157453-Construction of community centers and community halls","Maharashtra","BEED(DISTRICT COLLECTOR BEED_IDA)","Construction of Sabhamandap on Gram Panchayat land near Sri Swami Samarth Temple.","BAJRANG MANOHAR SONWANE","BEED","Images","08-Sep-2026","997213"
"124","Normal/Others","WS/MP18114/2025-2026/157454-Construction of community centers and community halls","Maharashtra","BEED(DISTRICT COLLECTOR BEED_IDA)","Construction of Sabhamandap on Gram Panchayat land.","BAJRANG MANOHAR SONWANE","BEED","Images","28-Mar-2026","997785"
"125","Normal/Others","WS/MP18114/2025-2026/157456-Construction of community centers and community halls","Maharashtra","BEED(DISTRICT COLLECTOR BEED_IDA)","Construction of Sabhamandap on Gram Panchayat land near Sri Swami Samarth Temple Ghadgewasti.","BAJRANG MANOHAR SONWANE","BEED","Images","11-Dec-2025","995370"
"126","Normal/Others","WS/MP18114/2025-2026/157475-Construction of community centers and community halls","Maharashtra","BEED(DISTRICT COLLECTOR BEED_IDA)","Construction of Sabhamandap on Gram Panchayat land near Sri Kshetra Mahadev Temple.","BAJRANG MANOHAR SONWANE","BEED","Images","16-Sep-2025","998532"
"127","Normal/Others","WS/MP18114/2025-2026/157479-Construction of community centers and community halls","Maharashtra","BEED(DISTRICT COLLECTOR BEED_IDA)","Construction of Sabhamandap on Gram Panchayat land near Sri Kshetra Narsih Temple.","BAJRANG MANOHAR SONWANE","BEED","Images","08-May-2025","699468"
"128","Normal/Others","WS/MP18114/2025-2026/157481-Construction of community centers and community halls","Maharashtra","BEED(DISTRICT COLLECTOR BEED_IDA)","Construction of Sabhamandap on Gram Panchayat land.","BAJRANG MANOHAR SONWANE","BEED","Images","28-Mar-2026","995204"
"129","Normal/Others","WS/MP18114/2025-2026/157492-Construction of community centers and community halls","Maharashtra","BEED(DISTRICT COLLECTOR BEED_IDA)","Construction of Sabhamandap on Gram Panchayat land near Sri Kshetra Ganpati Temple.","BAJRANG MANOHAR SONWANE","BEED","Images","04-Apr-2026","995447"
"130","Normal/Others","WS/MP18114/2025-2026/157541-Construction of community centers and community halls","Maharashtra","BEED(DISTRICT COLLECTOR BEED_IDA)","Construction of Sabhamandap on Gram Panchayat land near Sri Kshetra Laxman Baba Puri Temple.","BAJRANG MANOHAR SONWANE","BEED","Images","02-Feb-2026","998898"
"131","Repair and Renovation","WS/MP672/2024-2025/157560-Construction of additional rooms and halls in the existing public and community building","Maharashtra","NAGPUR(DISTRICT COLLECTOR NAGPUR_IDA)","Repair and renovation to Mira Datar Samaj Bhavan at Arvind Nagar.","Nitin Jairam Gadkari","NAGPUR","Images","19-Sep-2025","959212"
"132","Normal/Others","WS/MP18114/2025-2026/157616-Construction of community centers and community halls","Maharashtra","BEED(DISTRICT COLLECTOR BEED_IDA)","Construction of Sabhamandap on Gram Panchayat land near Sri Kshetra Bramhanath Temple.","BAJRANG MANOHAR SONWANE","BEED","Images","29-Jan-2026","996888"
"133","Normal/Others","WS/MP18114/2025-2026/157622-Construction of community centers and community halls","Maharashtra","BEED(DISTRICT COLLECTOR BEED_IDA)","Construction of Sabhamandap on Gram Panchayat land near Sri Kshetra Hanuman Temple.","BAJRANG MANOHAR SONWANE","BEED","Images","18-Dec-2025","994717"
"134","Normal/Others","WS/MP18114/2025-2026/157634-Construction of community centers and community halls","Maharashtra","BEED(DISTRICT COLLECTOR BEED_IDA)","Construction of Sabha Mandap in Dalit wasti on Gram Panchayat land. (Special Component Scheme)","BAJRANG MANOHAR SONWANE","BEED","Images","28-Mar-2026","996465"
"135","Normal/Others","WS/MP672/2024-2025/157636-Construction of roads, link roads, pathways or any other road with or without drainage system","Maharashtra","NAGPUR(DISTRICT COLLECTOR NAGPUR_IDA)","Installation of Paver Blocks (I Block) in Arvind Nagar from House of Viju Dahake to Ramjan Ul Haq.","Nitin Jairam Gadkari","NAGPUR","Images","04-Aug-2025","956902"
"136","Normal/Others","WS/MP18114/2025-2026/157656-Construction of community centers and community halls","Maharashtra","BEED(DISTRICT COLLECTOR BEED_IDA)","Construction of ?Cemetery and Protection Wall in Dalit wasti on Gram Panchayat land.(Special Component Scheme)","BAJRANG MANOHAR SONWANE","BEED","Images","09-Jul-2025","896192"
"137","Normal/Others","WS/MP18114/2025-2026/157658-Construction of community centers and community halls","Maharashtra","BEED(DISTRICT COLLECTOR BEED_IDA)","Construction of Sabha Mandap in Dalit wasti on Gram Panchayat land.(Special Component Scheme)","BAJRANG MANOHAR SONWANE","BEED","Images","13-Feb-2026","898526"
"138","Normal/Others","WS/MP681/2024-2025/158411-Construction of community centers and community halls","Maharashtra","PARBHANI(DISTRICT COLLECTOR PARBHANI_IDA)","Construction of Sabhamandap at khandali, Tal. Gangakhed, Dist. Parbhani.","Sanjay Haribhau Jadhav","PARBHANI","Images","04-May-2026","999965"
"139","Normal/Others","WS/	 MP667/2025-2026/159631-Construction of community centers and community halls","Maharashtra","SANGLI(DISTRICT COLLECTOR SANGLI_IDA)","Shirala at Aswalewadi Construction of rooms and halls","Dhairyasheel Sambhajirao Mane","HATKANANGLE","Images","10-Mar-2026","1432750"
"140","Normal/Others","WS/MP18258/2025-2026/159947-Construction of public irrigation facilities","Maharashtra","CHANDRAPUR(DISTRICT COLLECTOR CHANDRAPUR_IDA)","Construction of slab drain for protection of underground pipeline of Ordnance Factory Chanda Colony on Majri Deurwada Dhorvasa Pipri Mursa (M.D.R. 10) road between Dhorvasa and Pipri Pochmarg in Taluka Bhadravati District Chandrapur.","DHANORKAR PRATIBHA SURESH ALIAS BALUBHAU","CHANDRAPUR","N/A","26-Mar-2026","1806232"
"141","Trust and Society","WS/	 MP667/2025-2026/160975-Setting up public non-conventional energy plants","Maharashtra","SANGLI(DISTRICT COLLECTOR SANGLI_IDA)","AT Rethre dharan Setting up public non-conventional energy plants","Dhairyasheel Sambhajirao Mane","HATKANANGLE","Images","18-Mar-2026","3086456"
"142","Normal/Others","WS/MP681/2024-2025/161539-Construction of roads, link roads, pathways or any other road with or without drainage system","Maharashtra","PARBHANI(DISTRICT COLLECTOR PARBHANI_IDA)","Construction of CC Drainage at Dafwadi, tal.Parbhani.","Sanjay Haribhau Jadhav","PARBHANI","Images","20-Mar-2025","499500"
"143","Normal/Others","WS/MP681/2024-2025/161563-Construction of roads, link roads, pathways or any other road with or without drainage system","Maharashtra","PARBHANI(DISTRICT COLLECTOR PARBHANI_IDA)","Construction of CC road at Mohpuri under Aland Gram Panchayat,tal.parbhani.","Sanjay Haribhau Jadhav","PARBHANI","Images","18-Jul-2025","699821"
"144","Normal/Others","WS/MP681/2024-2025/161565-Construction of common work sheds/ common covered sitting area","Maharashtra","PARBHANI(DISTRICT COLLECTOR PARBHANI_IDA)","Construction of cemetery shed at dongargaon, tal.pathri.","Sanjay Haribhau Jadhav","PARBHANI","Images","04-Feb-2026","599968"
"145","Normal/Others","WS/MP18280/2025-2026/162290-Lighting of public spaces","Maharashtra","SOLAPUR(DISTRICT COLLECTOR SOLAPUR_IDA)","Installation of solar high mast lamp in Near Bhori Majjid at post Akluj","MOHITE PATIL DHAIRYASHEEL RAJSINH","MADHA","N/A","11-Mar-2026","215332"
"146","Normal/Others","WS/MP18113/2025-2026/162518-Construction of community centers and community halls","Maharashtra","Chhatrapati Sambhajinagar(DISTRICT COLLECTOR AURANGABAD_IDA)","GADHEGAON GANGAPUR TQ PAITHAN SHRIRAM DNYANDA WARKARI ASHRAM","BHUMARE SANDIPANRAO ASARAM","AURANGABAD_MH","N/A","12-Jun-2025","1491921"
"147","Normal/Others","WS/MP18113/2025-2026/162522-Construction of community centers and community halls","Maharashtra","Chhatrapati Sambhajinagar(DISTRICT COLLECTOR AURANGABAD_IDA)","VERUL SHRINATH ASHRAM PARISARAT COMMUNITY HALLS RS 25 LAKH","BHUMARE SANDIPANRAO ASARAM","AURANGABAD_MH","N/A","05-Aug-2025","2499612"
"148","Normal/Others","WS/MP681/2024-2025/163047-Construction of roads, link roads, pathways or any other road with or without drainage system","Maharashtra","PARBHANI(DISTRICT COLLECTOR PARBHANI_IDA)","Construction of CC road at Mauje Ilegaon Tahsil Gangakhed","Sanjay Haribhau Jadhav","PARBHANI","Images","18-Aug-2025","997697"
"149","Normal/Others","WS/MP681/2024-2025/163049-Construction of community centers and community halls","Maharashtra","PARBHANI(DISTRICT COLLECTOR PARBHANI_IDA)","Constructing a social hall at Mauje Pokharni Walkya Tahsil Gangakhed","Sanjay Haribhau Jadhav","PARBHANI","Images","10-Jul-2025","999478"
"150","Normal/Others","WS/MP18121/2024-2025/163148-Construction of boundary walls of existing public and community buildings","Maharashtra","JALGAON(DISTRICT COLLECTOR JALGAON_IDA)","Construction of protective walls and necessary structures at Jalgaon Officers Club Gymkhana","SMITA UDAY WAGH","JALGAON","Images","10-Mar-2026","1499900"
"151","Normal/Others","WS/MP18121/2024-2025/163230-Construction of Government office buildings (Post office, Police station, Police chauki, etc.)","Maharashtra","JALGAON(DISTRICT COLLECTOR JALGAON_IDA)","Construction of Juvenile Home (Balsudhar gruh) office building at Jalgaon","SMITA UDAY WAGH","JALGAON","Images","17-Nov-2025","2490157"
"152","Normal/Others","WS/MP18119/2025-2026/163395-Construction of public libraries and reading rooms","Maharashtra","GADCHIROLI(DISTRICT COLLECTOR GADCHIROLI_IDA)","Construction of a Library at Kurul under Grampanchayt Kurul Ta chamorshi Dist Gadchiroli","DR. KIRSAN NAMDEO","GADCHIROLI-CHIMUR(ST)","Images","15-May-2026","995416"
"153","Normal/Others","WS/MP18119/2025-2026/163398-Construction of public libraries and reading rooms","Maharashtra","GADCHIROLI(DISTRICT COLLECTOR GADCHIROLI_IDA)","Construction of a Library at Rani Durgavati School under nagarparishd Gadchiroli Dist Gadchiroli","DR. KIRSAN NAMDEO","GADCHIROLI-CHIMUR(ST)","Images","21-Apr-2026","692973"
"154","Normal/Others","WS/MP18119/2025-2026/163399-Construction of public libraries and reading rooms","Maharashtra","GADCHIROLI(DISTRICT COLLECTOR GADCHIROLI_IDA)","Construction of a Library at Murmali Ta Gadchiroli Dist Gadchiroli","DR. KIRSAN NAMDEO","GADCHIROLI-CHIMUR(ST)","Images","18-Mar-2026","980238"
"155","Normal/Others","WS/MP18119/2025-2026/163401-Construction of public libraries and reading rooms","Maharashtra","GADCHIROLI(DISTRICT COLLECTOR GADCHIROLI_IDA)","Construction of a Library at grampanchayt Rangi Ta Dhanora Dist Gadchiroli","DR. KIRSAN NAMDEO","GADCHIROLI-CHIMUR(ST)","Images","16-Jan-2026","1176184"
"156","Normal/Others","WS/MP18119/2025-2026/163402-Construction of community centers and community halls","Maharashtra","GADCHIROLI(DISTRICT COLLECTOR GADCHIROLI_IDA)","Construction of an meeting hall at Tukum Post Heti Ta Dhanora Dist Gadchiroli","DR. KIRSAN NAMDEO","GADCHIROLI-CHIMUR(ST)","Images","16-Jan-2026","978950"
"157","Normal/Others","WS/MP18119/2025-2026/163406-Construction of community centers and community halls","Maharashtra","GADCHIROLI(DISTRICT COLLECTOR GADCHIROLI_IDA)","Construction of an meeting hall  at Yengada Ta armori Dist Gadchiroli","DR. KIRSAN NAMDEO","GADCHIROLI-CHIMUR(ST)","Images","12-Feb-2026","495958"
"158","Normal/Others","WS/MP18119/2025-2026/163407-Construction of community centers and community halls","Maharashtra","GADCHIROLI(DISTRICT COLLECTOR GADCHIROLI_IDA)","onstruction of an meeting hall on the hill in ward no.8 under nagarpanchayat armori  Ta armori Dist Gadchiroli","DR. KIRSAN NAMDEO","GADCHIROLI-CHIMUR(ST)","Images","25-Mar-2026","991750"
"159","Normal/Others","WS/MP18119/2025-2026/163408-Construction of public libraries and reading rooms","Maharashtra","GADCHIROLI(DISTRICT COLLECTOR GADCHIROLI_IDA)","construction of a Laibrary at nagarpanchayat school (old colony) under nagarpanchayat Wadsa (Desaiganj) Dist Gadchiroli","DR. KIRSAN NAMDEO","GADCHIROLI-CHIMUR(ST)","Images","09-Mar-2026","1488757"
"160","Normal/Others","WS/MP18119/2025-2026/163436-Construction of public libraries and reading rooms","Maharashtra","CHANDRAPUR(DISTRICT COLLECTOR CHANDRAPUR_IDA)","Construction of a Library at Mangli Ta Nagbhid Dist Chandrapur","DR. KIRSAN NAMDEO","GADCHIROLI-CHIMUR(ST)","N/A","24-Mar-2026","1404544"
"161","Normal/Others","WS/MP18119/2025-2026/163439-Construction of public libraries and reading rooms","Maharashtra","CHANDRAPUR(DISTRICT COLLECTOR CHANDRAPUR_IDA)","Construction of a Library at N.J. Raut Vidyalaya Adegaon Ta Chimur Dist Chandrapur","DR. KIRSAN NAMDEO","GADCHIROLI-CHIMUR(ST)","N/A","11-Mar-2026","1394658"
"162","Normal/Others","WS/MP18119/2025-2026/163469-Construction of community centers and community halls","Maharashtra","GONDIA(DISTRICT COLLECTOR GONDIA_IDA)","Construction of a meeting hall at Mata Chowk under Grampanchayat Tigaon Ta Amgaon Dist Gondia","DR. KIRSAN NAMDEO","GADCHIROLI-CHIMUR(ST)","Images","09-Mar-2026","599950"
"163","Normal/Others","WS/MP18119/2025-2026/163470-Construction of public libraries and reading rooms","Maharashtra","GONDIA(DISTRICT COLLECTOR GONDIA_IDA)","Construction of a Reading room at Kumbhartoli Ta Amgaon Dist Gondiya","DR. KIRSAN NAMDEO","GADCHIROLI-CHIMUR(ST)","Images","12-Jan-2026","795506"
"164","Normal/Others","WS/MP18119/2025-2026/163473-Construction of roads, link roads, pathways or any other road with or without drainage system","Maharashtra","GONDIA(DISTRICT COLLECTOR GONDIA_IDA)","Construction of a cc Road from Noorchand Naik house to Bhart Kirsaan House at grampanchayat Paladur Tekari Ta Deori Dist Gondiya","DR. KIRSAN NAMDEO","GADCHIROLI-CHIMUR(ST)","Images","12-Jan-2026","298168"
"165","Normal/Others","WS/MP18119/2025-2026/163475-Construction of public libraries and reading rooms","Maharashtra","GONDIA(DISTRICT COLLECTOR GONDIA_IDA)","Construction of a Reading Room at grampanchayat Mulla Ta Deori Dist  Gondiya","DR. KIRSAN NAMDEO","GADCHIROLI-CHIMUR(ST)","Images","05-May-2026","796440"
"166","Normal/Others","WS/MP18119/2025-2026/163478-Construction of public libraries and reading rooms","Maharashtra","GONDIA(DISTRICT COLLECTOR GONDIA_IDA)","Construction of a Reading room at Grampanchayat Halbitola Ta Salekasa Dist Gondiya","DR. KIRSAN NAMDEO","GADCHIROLI-CHIMUR(ST)","Images","24-Feb-2026","697850"
"167","Normal/Others","WS/MP18119/2025-2026/163574-Construction of public toilets and bathrooms","Maharashtra","GADCHIROLI(DISTRICT COLLECTOR GADCHIROLI_IDA)","Construction of a Toilets and Room at the cemetery in gokulnagar under Nagar Panchayat gadchiroli Ta Gadchiroli Dist Gadchiroli","DR. KIRSAN NAMDEO","GADCHIROLI-CHIMUR(ST)","Images","25-Jul-2026","992595"
"168","Normal/Others","WS/MP18119/2025-2026/163575-Construction of roads, link roads, pathways or any other road with or without drainage system","Maharashtra","GADCHIROLI(DISTRICT COLLECTOR GADCHIROLI_IDA)","Construction of a CC Road at the ground in the Eidgah under Nagar Panchayat Wadsa Ta Wadsa Dist Gadchiroli","DR. KIRSAN NAMDEO","GADCHIROLI-CHIMUR(ST)","Images","18-Mar-2026","992900"
"169","Normal/Others","WS/MP18119/2025-2026/163577-Development of playground","Maharashtra","GONDIA(DISTRICT COLLECTOR GONDIA_IDA)","Construction of Paving Blocks at Z p Primary school, Amgaon, Jamidar Wada Taluka Amgon","DR. KIRSAN NAMDEO","GADCHIROLI-CHIMUR(ST)","Images","19-Jan-2026","299369"
"170","Repair and Renovation","WS/MP692/2025-2026/164328-Construction of community centers and community halls","Maharashtra","PUNE(DISTRICT COLLECTOR PUNE_IDA)","Beautification of Community Hall at Undawadi K.P.","Smt Supriya Sadanand Sule","BARAMATI","Images","09-Jul-2025","498057"
"171","Normal/Others","WS/MP18117/2026-2027/164338-Installation of fixed garden gym equipment","Maharashtra","NASHIK(DISTRICT COLLECTOR NASHIK_IDA)","Installation of green gym at ward no .4, sr.no. 124 2 a a in Satana MC Tel satana  dist nashik","BACHHAV SHOBHA DINESH","DHULE","Images","07-Aug-2026","989456"
"172","Normal/Others","WS/MP18117/2026-2027/164340-Installation of fixed garden gym equipment","Maharashtra","NASHIK(DISTRICT COLLECTOR NASHIK_IDA)","Installation of green gym at ward no 5 , sr.no.  138 3 a a in Satana Municipal Council","BACHHAV SHOBHA DINESH","DHULE","Images","05-Aug-2026","989456"
"173","Normal/Others","WS/MP18117/2025-2026/164364-Construction of roads, link roads, pathways or any other road with or without drainage system","Maharashtra","DHULE(DISTRICT COLLECTOR DHULE_IDA)","Concret road at  Warood road,  at warud tel. Shindkheda Dist. Dhule","BACHHAV SHOBHA DINESH","DHULE","Images","15-Jul-2026","987710"
"174","Normal/Others","WS/MP18117/2025-2026/164385-Construction of roads, link roads, pathways or any other road with or without drainage system","Maharashtra","DHULE(DISTRICT COLLECTOR DHULE_IDA)","Concrete road Ward no.18 at Lokre Nagar tel dist dhule","BACHHAV SHOBHA DINESH","DHULE","Images","25-Aug-2026","992586"
"175","Normal/Others","WS/MP18117/2025-2026/164393-Construction of community centers and community halls","Maharashtra","DHULE(DISTRICT COLLECTOR DHULE_IDA)","Construction of Assembly hall at Ekta Nagar, Biladi Road Devpur. Tel dist dhule","BACHHAV SHOBHA DINESH","DHULE","Images","25-Aug-2026","987617"
"176","Normal/Others","WS/MP18117/2025-2026/164512-Construction of roads, link roads, pathways or any other road with or without drainage system","Maharashtra","DHULE(DISTRICT COLLECTOR DHULE_IDA)","Concrete road at mauje Kauthal Dist. Dhule","BACHHAV SHOBHA DINESH","DHULE","Images","15-Jul-2026","989166"
"177","Normal/Others","WS/MP18117/2025-2026/164520-Construction of roads, link roads, pathways or any other road with or without drainage system","Maharashtra","DHULE(DISTRICT COLLECTOR DHULE_IDA)","Concrete Road and Sewerage at anchade tada","BACHHAV SHOBHA DINESH","DHULE","Images","15-Jul-2026","899164"
"178","Normal/Others","WS/MP18258/2025-2026/164630-Purchase of IT systems, including hardware and software for educational purposes","Maharashtra","CHANDRAPUR(DISTRICT COLLECTOR CHANDRAPUR_IDA)","Late Gopalrao Wankhede College at Nandgaon Pode, Distt. Chandrapur Providing 5 computer sets with printers.","DHANORKAR PRATIBHA SURESH ALIAS BALUBHAU","CHANDRAPUR","N/A","12-Jun-2025","449205"
"179","Normal/Others","WS/MP18112/2024-2025/164640-Construction of flood control embankments/ protection walls along riverbanks, hilltops, roadsides","Maharashtra","AMRAVATI(DISTRICT COLLECTOR AMRAVATI_IDA)","construction of drainage from shahadevrao ingle house to umari men rod at Wadalgavhan Ta. daryapur","BALWANT BASWANT WANKHADE","AMRAVATI(SC)","N/A","27-Jun-2025","999205"
"180","Normal/Others","WS/MP18136/2025-2026/165207-Construction of community centers and community halls","Maharashtra","WARDHA(DISTRICT COLLECTOR WARDHA_IDA)","Construction of public Community hall for women self-help group at Madani","AMAR SHARADRAO KALE","WARDHA","Images","07-May-2026","1869606"
"181","Normal/Others","WS/MP18136/2025-2026/165240-Construction of community centers and community halls","Maharashtra","WARDHA(DISTRICT COLLECTOR WARDHA_IDA)","Mauja Mahakal,  Dist. Wardha Construction of Community Hall at Wardha.","AMAR SHARADRAO KALE","WARDHA","Images","17-Mar-2026","994179"
"182","Normal/Others","WS/MP18136/2025-2026/165241-Construction of roads, link roads, pathways or any other road with or without drainage system","Maharashtra","WARDHA(DISTRICT COLLECTOR WARDHA_IDA)","Mauja Dahegaon (Gosavi)T Selu Dist At Wardha Mr.Bharat Bangde to Shri.Santosh Raut house Construction of cement road","AMAR SHARADRAO KALE","WARDHA","Images","13-Nov-2025","697946"
"183","Normal/Others","WS/MP18136/2025-2026/165242-Construction of roads, link roads, pathways or any other road with or without drainage system","Maharashtra","WARDHA(DISTRICT COLLECTOR WARDHA_IDA)","Mauja Alodi Dist Wardha  Cementing the road in front of Mr.Akhtar Pathan house","AMAR SHARADRAO KALE","WARDHA","Images","13-Nov-2025","250000"
"184","Normal/Others","WS/MP18136/2025-2026/165243-Construction of roads, link roads, pathways or any other road with or without drainage system","Maharashtra","WARDHA(DISTRICT COLLECTOR WARDHA_IDA)","Mauja Alodi, Dist.Wardha Mr. Dhanorkar to Shri.Baba Rao Phukte Construction of Cementing road","AMAR SHARADRAO KALE","WARDHA","Images","13-Nov-2025","745384"
"185","Normal/Others","WS/MP18136/2025-2026/165244-Construction of roads, link roads, pathways or any other road with or without drainage system","Maharashtra","WARDHA(DISTRICT COLLECTOR WARDHA_IDA)","Mauja Nalwadi, Dist. Wardha Construction of cement road Dilip Bokde to Chandrakant Tapase house","AMAR SHARADRAO KALE","WARDHA","Images","13-Nov-2025","598131"
"186","Normal/Others","WS/MP18136/2025-2026/165692-Construction of roads, link roads, pathways or any other road with or without drainage system","Maharashtra","WARDHA(DISTRICT COLLECTOR WARDHA_IDA)","Mauja Borgaon (Meghe) T. Dist. Ward No. 5 at Wardha.  Laying of paving blocks from Mangrulkar Complex to Chandan Mates house","AMAR SHARADRAO KALE","WARDHA","Images","01-Oct-2025","946131"
"187","Normal/Others","WS/MP18136/2025-2026/165694-Construction of roads, link roads, pathways or any other road with or without drainage system","Maharashtra","WARDHA(DISTRICT COLLECTOR WARDHA_IDA)","Mauja Deulgaon Selu Dist Wardha Construction of cement road from Hamdapur Road to Satish Sonpitale to Gajanan Patle house at Wardha","AMAR SHARADRAO KALE","WARDHA","Images","13-Nov-2025","1195809"
"188","Normal/Others","WS/MP18369/2026-2027/165950-Construction of common work sheds/ common covered sitting area","Maharashtra","YAVATMAL(DISTRICT COLLECTOR YAVATMAL_IDA)","Installation of paver block at open place Near Sanajay Bavne and Uttam Bavne house in Shrikrishn nagar, Umari tq.Kalamb","Sanjay Uttamrao Deshmukh","YAVATMAL-WASHIM","Images","17-Aug-2026","198998"
"189","Normal/Others","WS/MP18117/2025-2026/166250-Installing tube-wells and borewells","Maharashtra","DHULE(DISTRICT COLLECTOR DHULE_IDA)","Boring At Various Location in Dhule City","BACHHAV SHOBHA DINESH","DHULE","Images","15-Apr-2026","878646"
"190","Normal/Others","WS/MP18117/2025-2026/166251-Construction of roads, link roads, pathways or any other road with or without drainage system","Maharashtra","DHULE(DISTRICT COLLECTOR DHULE_IDA)","Concreting the road from jaywant patil house to nagai kirana in chandrodaya colony near borse nagar in ward no. 1","BACHHAV SHOBHA DINESH","DHULE","Images","17-Feb-2026","985048"
"191","Normal/Others","WS/MP18117/2025-2026/166253-Construction of roads, link roads, pathways or any other road with or without drainage system","Maharashtra","DHULE(DISTRICT COLLECTOR DHULE_IDA)","Construction Of Closed Sewer in ward no. 1 chandrodaya colony","BACHHAV SHOBHA DINESH","DHULE","Images","17-Feb-2026","493028"
"192","Normal/Others","WS/MP18113/2025-2026/166722-Construction of community centers and community halls","Maharashtra","Chhatrapati Sambhajinagar(DISTRICT COLLECTOR AURANGABAD_IDA)","construction of community centers and community halls and dom","BHUMARE SANDIPANRAO ASARAM","AURANGABAD_MH","N/A","07-Jan-2026","2482574"
"193","Normal/Others","WS/MP18112/2025-2026/166836-Lighting of public spaces","Maharashtra","AMRAVATI(DISTRICT COLLECTOR AMRAVATI_IDA)","Prabhag  No. 11. Supply of all in one integrated solar device to the playground at Siddharth Sports Club, frejarpura , Under Municipal Corporation Amravati,","BALWANT BASWANT WANKHADE","AMRAVATI(SC)","N/A","09-Jul-2025","299956"
"194","Normal/Others","WS/MP18112/2025-2026/166838-Lighting of public spaces","Maharashtra","AMRAVATI(DISTRICT COLLECTOR AMRAVATI_IDA)","Prabhag  No. 11. Supply of all in one integrated solar device in the auditorium of Siddharth Sports Club, Fraserpura. Under Amravati Municiple Corporation","BALWANT BASWANT WANKHADE","AMRAVATI(SC)","N/A","09-Jul-2025","299956"
"195","Normal/Others","WS/MP18112/2025-2026/166839-Lighting of public spaces","Maharashtra","AMRAVATI(DISTRICT COLLECTOR AMRAVATI_IDA)","Supply of all in one integrated solar device in the playground in Budh Vihar area in the open space of Anusya Colony, Shegaon Rahatgaon Road.Under Amravati Municiple Corporation","BALWANT BASWANT WANKHADE","AMRAVATI(SC)","N/A","09-Jul-2025","299956"
"196","Normal/Others","WS/MP18112/2025-2026/166840-Lighting of public spaces","Maharashtra","AMRAVATI(DISTRICT COLLECTOR AMRAVATI_IDA)","Prabhag  no. 4. To supply all in one integrated solar device to the playground at Jameel Colony , Under Amravati Municiple Corparation","BALWANT BASWANT WANKHADE","AMRAVATI(SC)","Images","09-Jul-2025","299956"
"197","Normal/Others","WS/MP18323/2024-2025/167218-Construction of roads, link roads, pathways or any other road with or without drainage system","Maharashtra","LATUR(DISTRICT COLLECTOR LATUR_IDA)","Construction of road from the house of Jagannath Somvanshi to the house of Prashant Deshmukh at  Dighol Deshmukh, Taluka-Renapur,Dist.Latur","DR KALGE SHIVAJI BANDAPPA","LATUR(SC)","Images","01-Apr-2025","999189"
"198","Normal/Others","WS/MP18110/2024-2025/167291-Purchase of IT systems, including hardware and software for educational purposes","Maharashtra","Ahilyanagar(DISTRICT COLLECTOR AHMEDNAGAR_IDA)","N/A","NILESH DNYANDEV LANKE","AHMEDNAGAR","Images","10-Jun-2025","974340"
"199","Normal/Others","WS/MP18323/2025-2026/167402-Construction of roads, link roads, pathways or any other road with or without drainage system","Maharashtra","LATUR(DISTRICT COLLECTOR LATUR_IDA)","Construction of cement concrete road from Talathi office to Latur Kalamb road at village  Gadhwad Dist Latur","DR KALGE SHIVAJI BANDAPPA","LATUR(SC)","Images","13-Aug-2025","696742"
"200","Normal/Others","WS/MP18323/2025-2026/167414-Construction of roads, link roads, pathways or any other road with or without drainage system","Maharashtra","LATUR(DISTRICT COLLECTOR LATUR_IDA)","Construction of cement concrete road from Hanuman Mandir to Raju Ghatmal house at Tuljabhawani Nagar (Bhoiwada) in Ward No 3 of Latur City","DR KALGE SHIVAJI BANDAPPA","LATUR(SC)","Images","07-Oct-2025","996732"
"201","Normal/Others","WS/MP18323/2025-2026/167436-Construction of roads, link roads, pathways or any other road with or without drainage system","Maharashtra","LATUR(DISTRICT COLLECTOR LATUR_IDA)","Cement concreting in Annabhau Sathe Auditorium area at Municipal Corporation Government land Ward No3 Latur City","DR KALGE SHIVAJI BANDAPPA","LATUR(SC)","Images","07-Oct-2025","994329"
"202","Normal/Others","WS/MP18136/2025-2026/167487-Construction of roads, link roads, pathways or any other road with or without drainage system","Maharashtra","WARDHA(DISTRICT COLLECTOR WARDHA_IDA)","Construction of cement road from Shri Sant Gajanan Maharaj Mandir to Shri Vikas Raut House in Court Colony at Mauja Navin Ashti, Ta Ashti","AMAR SHARADRAO KALE","WARDHA","Images","16-Sep-2025","1000000"
"203","Normal/Others","WS/MP18136/2025-2026/167489-Construction of roads, link roads, pathways or any other road with or without drainage system","Maharashtra","WARDHA(DISTRICT COLLECTOR WARDHA_IDA)","Construction of cement road and drain from Sri Prahlad Dhonge to Zilla Parishad School at Mauja Wadala Ta Ashti","AMAR SHARADRAO KALE","WARDHA","Images","26-Aug-2025","1000000"
"204","Normal/Others","WS/MP18136/2025-2026/167490-Construction of roads, link roads, pathways or any other road with or without drainage system","Maharashtra","WARDHA(DISTRICT COLLECTOR WARDHA_IDA)","Construction of cement road and drain from Shri Bharat Singh Bhada to Zilla Parishad School at Mauja Manikwada, Ta Ashti","AMAR SHARADRAO KALE","WARDHA","Images","29-Jan-2026","998218"
"205","Normal/Others","WS/MP18136/2025-2026/167491-Construction of roads, link roads, pathways or any other road with or without drainage system","Maharashtra","WARDHA(DISTRICT COLLECTOR WARDHA_IDA)","Construction of cement road from Shri Dinkarrao Khairkar to Shri Bapurao Kurwade house at Mauza Wagholi Ta Ashti","AMAR SHARADRAO KALE","WARDHA","Images","25-Feb-2026","964353"
"206","Normal/Others","WS/MP18136/2025-2026/167492-Construction of roads, link roads, pathways or any other road with or without drainage system","Maharashtra","WARDHA(DISTRICT COLLECTOR WARDHA_IDA)","Construction of cement road from Shri Shankarao Kuyte to Mrs. Padmabai Vidhale house at Mauja Tekoda Ta Ashti","AMAR SHARADRAO KALE","WARDHA","Images","16-Sep-2025","700000"
"207","Normal/Others","WS/MP18136/2025-2026/167493-Construction of roads, link roads, pathways or any other road with or without drainage system","Maharashtra","WARDHA(DISTRICT COLLECTOR WARDHA_IDA)","Construction of road from Shri Ghanshyam Mundada to Shri Gajanan Maharaj Temple at Mauja Talegaon Sha. Pan. Ta Ashti","AMAR SHARADRAO KALE","WARDHA","Images","29-Jan-2026","998950"
"208","Normal/Others","WS/MP673/2025-2026/167817-Purchase of IT systems, including hardware and software for educational purposes","Maharashtra","Dharashiv(DISTRICT COLLECTOR OSMANABAD_IDA)","Making video conference sets and related materials available at District and Sessions Court Dharashiv.","Omprakash Bhupalsinh Alias Pawan Rajenimbalkar","OSMANABAD","N/A","16-Feb-2026","2499999"
"209","Normal/Others","WS/MP18323/2025-2026/168679-Construction of roads, link roads, pathways or any other road with or without drainage system","Maharashtra","LATUR(DISTRICT COLLECTOR LATUR_IDA)","Construction of cement road from Nagargoje house to Gundre house at Ward No 5 Sri Colony in Ahmedpur city","DR KALGE SHIVAJI BANDAPPA","LATUR(SC)","Images","11-Aug-2025","677260"
"210","Normal/Others","WS/MP18323/2025-2026/168685-Construction of roads, link roads, pathways or any other road with or without drainage system","Maharashtra","LATUR(DISTRICT COLLECTOR LATUR_IDA)","Construction of cement road from Ward No 5 Tembhurni Road in Ahmedpur City to Sachin Gound House at Raj Sarthi Nagar","DR KALGE SHIVAJI BANDAPPA","LATUR(SC)","Images","11-Aug-2025","963776"
"211","Normal/Others","WS/MP18117/2025-2026/168713-Purchase of smart boards, visual display units and projectors","Maharashtra","NASHIK(DISTRICT COLLECTOR NASHIK_IDA)","Digital 2 classroom of utkarsh primary school dayane tal. malegaon 65inch. interactive board, Computer, VC Camera","BACHHAV SHOBHA DINESH","DHULE","Images","19-Jun-2025","1000000"
"212","Normal/Others","WS/MP18117/2025-2026/168715-Purchase of smart boards, visual display units and projectors","Maharashtra","NASHIK(DISTRICT COLLECTOR NASHIK_IDA)","Digitalization of 2 Classrooms of kino urdu primary school ramzanpura tal. malegaon dist. nashik","BACHHAV SHOBHA DINESH","DHULE","Images","19-Jun-2025","1000000"
"213","Normal/Others","WS/MP18323/2025-2026/168809-Construction of roads, link roads, pathways or any other road with or without drainage system","Maharashtra","LATUR(DISTRICT COLLECTOR LATUR_IDA)","Construction of cement concrete road from house of Sanjay Bhalerao to house of Rama Suravase at Parunagar in Murud District Latur","DR KALGE SHIVAJI BANDAPPA","LATUR(SC)","Images","08-Aug-2025","999782"
"214","Normal/Others","WS/MP18120/2025-2026/169206-Construction of roads, link roads, pathways or any other road with or without drainage system","Maharashtra","HINGOLI(DISTRICT COLLECTOR HINGOLI_IDA)","CC Road and Drainage Work from Nagendra Puri Maharaj Temple to Malegaon Road at Zara, TQ. Kalamnuri Dist Hingoli","AASHTIKAR PATIL NAGESH BAPURAO","HINGOLI","Images","10-Oct-2025","4994258"
"215","Normal/Others","WS/MP18120/2025-2026/169208-Construction of roads, link roads, pathways or any other road with or without drainage system","Maharashtra","NANDED(DISTRICT COLLECTOR NANDED_IDA)","CC Road And Drainage at Ashti Tq. Hadgaon Dist Nanded.","AASHTIKAR PATIL NAGESH BAPURAO","HINGOLI","Images","20-Feb-2026","4978547"
"216","Normal/Others","WS/MP18120/2025-2026/169210-Construction of roads, link roads, pathways or any other road with or without drainage system","Maharashtra","NANDED(DISTRICT COLLECTOR NANDED_IDA)","CC Road And Drainage at Ashti Tq. Hadgaon Dist Nanded.","AASHTIKAR PATIL NAGESH BAPURAO","HINGOLI","Images","20-Feb-2026","4974167"
"217","Normal/Others","WS/MP18120/2025-2026/169263-Construction of roads, link roads, pathways or any other road with or without drainage system","Maharashtra","HINGOLI(DISTRICT COLLECTOR HINGOLI_IDA)","C.C.Road at Bandu patil home to Oil mil at kalamnuri Tq.Kalamnuri","AASHTIKAR PATIL NAGESH BAPURAO","HINGOLI","N/A","15-Oct-2025","999444"
"218","Normal/Others","WS/MP18123/2025-2026/169714-Construction of roads, link roads, pathways or any other road with or without drainage system","Maharashtra","KOLHAPUR(DISTRICT COLLECTOR KOLHAPUR_IDA)","Road","CHHATRAPATI SHAHU SHAHAJI","KOLHAPUR","Images","08-Aug-2025","500000"
"219","Normal/Others","WS/MP18123/2025-2026/169715-Construction of roads, link roads, pathways or any other road with or without drainage system","Maharashtra","KOLHAPUR(DISTRICT COLLECTOR KOLHAPUR_IDA)","Road","CHHATRAPATI SHAHU SHAHAJI","KOLHAPUR","Images","02-Feb-2026","942064"
"220","Normal/Others","WS/MP18123/2025-2026/169723-Crematoriums/energy efficient crematoriums or structures on burial/cremation ground","Maharashtra","KOLHAPUR(DISTRICT COLLECTOR KOLHAPUR_IDA)","Cremation shed","CHHATRAPATI SHAHU SHAHAJI","KOLHAPUR","Images","15-Dec-2025","500000"
"221","Normal/Others","WS/MP18123/2025-2026/169737-Crematoriums/energy efficient crematoriums or structures on burial/cremation ground","Maharashtra","KOLHAPUR(DISTRICT COLLECTOR KOLHAPUR_IDA)","Cremation shed","CHHATRAPATI SHAHU SHAHAJI","KOLHAPUR","Images","14-Oct-2025","1000000"
"222","Normal/Others","WS/MP673/2025-2026/169929-Construction of community centers and community halls","Maharashtra","Dharashiv(DISTRICT COLLECTOR OSMANABAD_IDA)","01.001 - Construction of community centers   Wanewadi","Omprakash Bhupalsinh Alias Pawan Rajenimbalkar","OSMANABAD","Images","10-Mar-2026","1293928"
"223","Normal/Others","WS/MP18117/2024-2025/170214-Purchase of IT systems, including hardware and software for educational purposes","Maharashtra","DHULE(DISTRICT COLLECTOR DHULE_IDA)","Digitalis 2 classrooms at shri. Annasaheb D.V. Patil Secondary and Higher Secondary School Nagaon tal.Dist. Dhule","BACHHAV SHOBHA DINESH","DHULE","Images","14-Aug-2025","1000000"
"224","Normal/Others","WS/MP685/2025-2026/171729-Construction of roads, link roads, pathways or any other road with or without drainage system","Maharashtra","RAIGAD(DISTRICT COLLECTOR RAIGAD_IDA)","Construction of road at Nanoshi in Manghar Village between Manoj Patil to River Road","Shrirang Appa Barne","MAVAL","Images","27-Feb-2026","499000"
"225","Normal/Others","WS/MP672/2024-2025/172547-Construction of footpaths and pedestrian ways","Maharashtra","NAGPUR(DISTRICT COLLECTOR NAGPUR_IDA)","Installation of I-Block near Rehamania Masjid, Ramai Nagar, Nagpur.","Nitin Jairam Gadkari","NAGPUR","Images","17-Feb-2025","955761"
"226","Normal/Others","WS/MP673/2025-2026/172566-Construction of bus-sheds or bus-stops","Maharashtra","SOLAPUR(DISTRICT COLLECTOR SOLAPUR_IDA)","Construction of bus-sheds or bus-stops Undegaon ta. Barshi","Omprakash Bhupalsinh Alias Pawan Rajenimbalkar","OSMANABAD","N/A","02-Feb-2026","291682"
"227","Normal/Others","WS/MP18122/2025-2026/173902-Construction of roads, link roads, pathways or any other road with or without drainage system","Maharashtra","Chhatrapati Sambhajinagar(DISTRICT COLLECTOR AURANGABAD_IDA)","Construction of cement road at Santoshimata Nagar of Ward No.82 Ambika Nagar in Chhatrapati Sambhajinagar municipal limits.","KALYAN VAIJINATHRAO KALE","JALNA","N/A","26-Mar-2026","989809"
"228","Normal/Others","WS/MP18122/2025-2026/173903-Construction of roads, link roads, pathways or any other road with or without drainage system","Maharashtra","Chhatrapati Sambhajinagar(DISTRICT COLLECTOR AURANGABAD_IDA)","Construction of intra-village cement road at Gadhe Jalgaon in Chhatrapati Sambhajinagar taluka.","KALYAN VAIJINATHRAO KALE","JALNA","Images","19-Jun-2025","994942"
"229","Normal/Others","WS/MP18122/2025-2026/173942-Construction of roads, link roads, pathways or any other road with or without drainage system","Maharashtra","Chhatrapati Sambhajinagar(DISTRICT COLLECTOR AURANGABAD_IDA)","Cementing of road leading to Idgah from Primary Health Center Aland in Phulumbri Taluka.","KALYAN VAIJINATHRAO KALE","JALNA","N/A","20-Dec-2025","999205"
"230","Normal/Others","WS/MP18122/2025-2026/173944-Construction of roads, link roads, pathways or any other road with or without drainage system","Maharashtra","Chhatrapati Sambhajinagar(DISTRICT COLLECTOR AURANGABAD_IDA)","Construction of cement road from village panchayat to statue of Chhatrapati Shivaji Maharaj at Viramgaon in Phulumbri taluka.","KALYAN VAIJINATHRAO KALE","JALNA","Images","10-Sep-2025","1492450"
"231","Normal/Others","WS/MP18122/2025-2026/173945-Construction of roads, link roads, pathways or any other road with or without drainage system","Maharashtra","Chhatrapati Sambhajinagar(DISTRICT COLLECTOR AURANGABAD_IDA)","Strengthening of Apegaon to Nandar (Gondhal) Road VR-114 in Paithan Taluka.","KALYAN VAIJINATHRAO KALE","JALNA","N/A","05-Apr-2026","999563"
"232","Normal/Others","WS/MP18122/2025-2026/173947-Construction of roads, link roads, pathways or any other road with or without drainage system","Maharashtra","Chhatrapati Sambhajinagar(DISTRICT COLLECTOR AURANGABAD_IDA)","Construction of cement road at Navgaon in Paithan taluka.","KALYAN VAIJINATHRAO KALE","JALNA","N/A","22-Jan-2026","1000000"
"233","Normal/Others","WS/MP18132/2025-2026/174565-Construction of buildings for community cultural activities","Maharashtra","SANGLI(DISTRICT COLLECTOR SANGLI_IDA)","Construction of buildings for community cultural activities on Grampanchayat Property No.269","VISHAL","SANGLI","Images","23-Mar-2026","1000000"
"234","Normal/Others","WS/MP18132/2025-2026/174567-Construction of buildings for community cultural activities","Maharashtra","SANGLI(DISTRICT COLLECTOR SANGLI_IDA)","Construction of buildings for community cultural activities on Grampanchayat Property No.1417","VISHAL","SANGLI","Images","24-Mar-2026","995413"
"235","Normal/Others","WS/MP18132/2025-2026/174568-Construction of buildings for community cultural activities","Maharashtra","SANGLI(DISTRICT COLLECTOR SANGLI_IDA)","Construction of buildings for community cultural activities on Grampanchayat Property No.2","VISHAL","SANGLI","Images","24-Mar-2026","1000000"
"236","Normal/Others","WS/MP18132/2025-2026/174569-Construction of buildings for community cultural activities","Maharashtra","SANGLI(DISTRICT COLLECTOR SANGLI_IDA)","Construction of buildings for community cultural activities on Grampanchayat Property No.945 A","VISHAL","SANGLI","Images","24-Mar-2026","1000000"
"237","Normal/Others","WS/MP18132/2025-2026/174575-Construction of roads, link roads, pathways or any other road with or without drainage system","Maharashtra","SANGLI(DISTRICT COLLECTOR SANGLI_IDA)","Construction of road from Dr Gore house to Gore road","VISHAL","SANGLI","Images","20-Mar-2026","1000000"
"238","Normal/Others","WS/MP18132/2025-2026/174578-Construction of roads, link roads, pathways or any other road with or without drainage system","Maharashtra","SANGLI(DISTRICT COLLECTOR SANGLI_IDA)","Improvement of road at khude vasti","VISHAL","SANGLI","Images","03-Sep-2025","987448"
"239","Normal/Others","WS/MP18132/2025-2026/174581-Construction of roads, link roads, pathways or any other road with or without drainage system","Maharashtra","SANGLI(DISTRICT COLLECTOR SANGLI_IDA)","Construction of CD work and improvement of road","VISHAL","SANGLI","Images","05-Jan-2026","997373"
"240","Normal/Others","WS/MP18120/2025-2026/174626-Construction of roads, link roads, pathways or any other road with or without drainage system","Maharashtra","HINGOLI(DISTRICT COLLECTOR HINGOLI_IDA)","Construction of Cement concentrate Road and drainage At. Hiradgaon Tq. Vasmat Dist. Hingoli","AASHTIKAR PATIL NAGESH BAPURAO","HINGOLI","Images","09-Mar-2026","1485959"
"241","Normal/Others","WS/MP18120/2025-2026/174627-Construction of roads, link roads, pathways or any other road with or without drainage system","Maharashtra","HINGOLI(DISTRICT COLLECTOR HINGOLI_IDA)","Construction of Cement concentrate Road At. Shivani Kh. Tq. Kalamnuri Dist.  Hingoli","AASHTIKAR PATIL NAGESH BAPURAO","HINGOLI","Images","10-Oct-2025","1498207"
"242","Normal/Others","WS/MP18120/2025-2026/174629-Construction of roads, link roads, pathways or any other road with or without drainage system","Maharashtra","HINGOLI(DISTRICT COLLECTOR HINGOLI_IDA)","Construction of Cement concentrate Road At Mahatma Gandhinagar Ward No. 11 Wasmat Municipal Corporation Dist Hingoli","AASHTIKAR PATIL NAGESH BAPURAO","HINGOLI","Images","13-Jan-2026","1492857"
"243","Normal/Others","WS/MP18120/2025-2026/174636-Construction of culverts and bridges","Maharashtra","NANDED(DISTRICT COLLECTOR NANDED_IDA)","Construction of Bridge with approch Road towards Primary Health Cement At. Ashti Tq. Hadgaon Dist Nanded.","AASHTIKAR PATIL NAGESH BAPURAO","HINGOLI","Images","09-Feb-2026","7938332"
"244","Normal/Others","WS/MP18120/2025-2026/174642-Construction of roads, link roads, pathways or any other road with or without drainage system","Maharashtra","NANDED(DISTRICT COLLECTOR NANDED_IDA)","Construction of Cement concentrate Road from Keshav Nemmaniwar to Shaikh Afroz Home At. Gokunda Tq. Kinwat Dist. Nanded","AASHTIKAR PATIL NAGESH BAPURAO","HINGOLI","Images","21-Jul-2025","996314"
"245","Normal/Others","WS/MP667/2025-2026/175141-Construction of roads, link roads, pathways or any other road with or without drainage system","Maharashtra","KOLHAPUR(DISTRICT COLLECTOR KOLHAPUR_IDA)","Rukadi tal Hatkangle dist Kolhapur Construction of main village roads at Rukadi.","Dhairyasheel Sambhajirao Mane","HATKANANGLE","Images","10-Dec-2025","1000000"
"246","Normal/Others","WS/MP667/2025-2026/175160-Construction of roads, link roads, pathways or any other road with or without drainage system","Maharashtra","KOLHAPUR(DISTRICT COLLECTOR KOLHAPUR_IDA)","Construction of road from kisan Magdum house to Devtali at Ghunaki Tal Hatkangle Dist Kolhapur","Dhairyasheel Sambhajirao Mane","HATKANANGLE","Images","25-Sep-2025","1000000"
"247","Normal/Others","WS/MP18134/2025-2026/175361-Providing CCTV camera system for security of public areas","Maharashtra","SAHARSA(DISTRICT PLANNING OFFICER SAHARSA_IDA)","13 Camera for security purpose as per attched list","BHAUSAHEB RAJARAM WAKCHAURE","SHIRDI(SC)","N/A","27-Sep-2025","198500"
"248","Normal/Others","WS/MP18122/2025-2026/175363-Construction of roads, link roads, pathways or any other road with or without drainage system","Maharashtra","Chhatrapati Sambhajinagar(DISTRICT COLLECTOR AURANGABAD_IDA)","Construction of cement road at Pimpalgaon Gangdev in Phulumbri Taluka.","KALYAN VAIJINATHRAO KALE","JALNA","Images","16-Jun-2025","1492500"
"249","Normal/Others","WS/MP18122/2025-2026/175364-Construction of roads, link roads, pathways or any other road with or without drainage system","Maharashtra","Chhatrapati Sambhajinagar(DISTRICT COLLECTOR AURANGABAD_IDA)","Construction of cement road at Waregaon in Phulambri taluka.","KALYAN VAIJINATHRAO KALE","JALNA","N/A","13-Feb-2026","500000"
"250","Normal/Others","WS/MP18122/2025-2026/175365-Construction of community centers and community halls","Maharashtra","Chhatrapati Sambhajinagar(DISTRICT COLLECTOR AURANGABAD_IDA)","Construction of Social Hall at Waregaon in Phulumbri Taluka.","KALYAN VAIJINATHRAO KALE","JALNA","N/A","13-Feb-2026","1000000"
"251","Normal/Others","WS/MP18122/2025-2026/175369-Development of public parks","Maharashtra","Chhatrapati Sambhajinagar(DISTRICT COLLECTOR AURANGABAD_IDA)","Development of Public Parks at Ghatnandra in Sillod Taluka.","KALYAN VAIJINATHRAO KALE","JALNA","N/A","17-Dec-2025","1000000"
"252","Normal/Others","WS/MP18122/2025-2026/175370-Construction of roads, link roads, pathways or any other road with or without drainage system","Maharashtra","Chhatrapati Sambhajinagar(DISTRICT COLLECTOR AURANGABAD_IDA)","Construction of cement road at Borgaon Kasari in Sillod Taluka.","KALYAN VAIJINATHRAO KALE","JALNA","N/A","30-Jun-2025","1000000"
"253","Normal/Others","WS/MP685/2025-2026/175373-Construction of roads, link roads, pathways or any other road with or without drainage system","Maharashtra","PUNE(DISTRICT COLLECTOR PUNE_IDA)","Concrit At Grup Grampanchyt Ghondhet in Waund Village Tal Maval dist Pune","Shrirang Appa Barne","MAVAL","Images","11-Feb-2026","994543"
"254","Normal/Others","WS/MP691/2025-2026/175514-Purchase of furniture and fixtures for educational purposes","Maharashtra","JALGAON(DISTRICT COLLECTOR JALGAON_IDA)","Providing equipment (furniture) at Jawahar Navodaya Vidyalaya, Bhusawal","Smt Raksha Nikhil Khadse","RAVER","Images","10-Dec-2025","914736"
"255","Repair and Renovation","WS/MP18369/2024-2025/175546-Construction of roads, link roads, pathways or any other road with or without drainage system","Maharashtra","WASHIM(DISTRICT COLLECTOR WASHIM_IDA)","Nisha Sarkate yanchya shetapasun te vilas kolhe yanchya shetaparynt rastyache khadikarn karne","Sanjay Uttamrao Deshmukh","YAVATMAL-WASHIM","N/A","16-Jul-2025","1986447"
"256","Normal/Others","WS/MP18122/2025-2026/176399-Construction of roads, link roads, pathways or any other road with or without drainage system","Maharashtra","Chhatrapati Sambhajinagar(DISTRICT COLLECTOR AURANGABAD_IDA)","Construction of cement road at Virgaon in Sillod taluka.","KALYAN VAIJINATHRAO KALE","JALNA","N/A","10-Sep-2025","950247"
"257","Normal/Others","WS/MP673/2025-2026/176580-Construction of roads, link roads, pathways or any other road with or without drainage system","Maharashtra","LATUR(DISTRICT COLLECTOR LATUR_IDA)","Construction of roads jawli ta. ausa","Omprakash Bhupalsinh Alias Pawan Rajenimbalkar","OSMANABAD","Images","04-Dec-2025","697913"
"258","Normal/Others","WS/MP18113/2025-2026/176732-Construction of roads, link roads, pathways or any other road with or without drainage system","Maharashtra","Chhatrapati Sambhajinagar(DISTRICT COLLECTOR AURANGABAD_IDA)","SHANKARPUR CONSTRUCTION OF CC ROAD","BHUMARE SANDIPANRAO ASARAM","AURANGABAD_MH","N/A","10-Jul-2025","1991442"
"259","Normal/Others","WS/MP18113/2025-2026/176734-Construction of roads, link roads, pathways or any other road with or without drainage system","Maharashtra","Chhatrapati Sambhajinagar(DISTRICT COLLECTOR AURANGABAD_IDA)","work of Malkapur Main road to grampanchayat cc road","BHUMARE SANDIPANRAO ASARAM","AURANGABAD_MH","N/A","26-Aug-2025","1999000"
"260","Normal/Others","WS/MP18122/2025-2026/176795-Construction of roads, link roads, pathways or any other road with or without drainage system","Maharashtra","Chhatrapati Sambhajinagar(DISTRICT COLLECTOR AURANGABAD_IDA)","Construction of cement road at Mangrul in Chhatrapati Sambhajinagar taluka.","KALYAN VAIJINATHRAO KALE","JALNA","Images","04-Dec-2025","992819"
"261","Normal/Others","WS/MP18136/2025-2026/176829-Fitting of Sitting RCC Benches in Public Places","Maharashtra","WARDHA(DISTRICT COLLECTOR WARDHA_IDA)","Installation of cement concrete benches in open spaces at Mauja Savangi (Meghe), Sindi (Meghe), Nalvadi, Borgaon (Meghe), Alodi, Pipri (Meghe), Sevagram, Pawanar villages in Wardha","AMAR SHARADRAO KALE","WARDHA","Images","27-Nov-2025","695805"
"262","Normal/Others","WS/MP673/2025-2026/176951-Construction of bus-sheds or bus-stops","Maharashtra","Dharashiv(DISTRICT COLLECTOR OSMANABAD_IDA)","02.004 - Construction of bus-sheds Irachiwadi ta. Bhum","Omprakash Bhupalsinh Alias Pawan Rajenimbalkar","OSMANABAD","N/A","02-Jan-2026","298963"
"263","Normal/Others","WS/MP673/2026-2027/176952-Construction of bus-sheds or bus-stops","Maharashtra","Dharashiv(DISTRICT COLLECTOR OSMANABAD_IDA)","Construction of bus-sheds Dudhodi ta. bhum","Omprakash Bhupalsinh Alias Pawan Rajenimbalkar","OSMANABAD","Images","01-Sep-2026","298283"
"264","Normal/Others","WS/MP673/2025-2026/176955-Construction of roads, link roads, pathways or any other road with or without drainage system","Maharashtra","Dharashiv(DISTRICT COLLECTOR OSMANABAD_IDA)","Construction of road from Kachru Sheikh house to Anwar Sheikhs house here. at irla ta. Dharashiv dist. Dharashiv","Omprakash Bhupalsinh Alias Pawan Rajenimbalkar","OSMANABAD","Images","16-Jul-2025","696992"
"265","Normal/Others","WS/MP673/2026-2027/176956-Construction of community centers and community halls","Maharashtra","Dharashiv(DISTRICT COLLECTOR OSMANABAD_IDA)","Construction of community centers   Yashwandi ta. Washi","Omprakash Bhupalsinh Alias Pawan Rajenimbalkar","OSMANABAD","Images","19-Aug-2026","694535"
"266","Normal/Others","WS/MP18134/2025-2026/177373-Purchase of IT systems, including hardware and software for educational purposes","Maharashtra","Ahilyanagar(DISTRICT COLLECTOR AHMEDNAGAR_IDA)","Providing All in One Computer to Almijaan Urdu Primary School Qty 20 Nos","BHAUSAHEB RAJARAM WAKCHAURE","SHIRDI(SC)","Images","30-Sep-2025","1499440"
"267","Normal/Others","WS/MP18134/2025-2026/177379-Street lights","Maharashtra","Ahilyanagar(DISTRICT COLLECTOR AHMEDNAGAR_IDA)","To Erect Solar Street Light in Shrirampur Taluka at Belapur Takalibhan Ashoknagar Nimgaon Khairi Kanhegaon and Shrirampur City Total 7 Works","BHAUSAHEB RAJARAM WAKCHAURE","SHIRDI(SC)","Images","20-Feb-2026","793850"
"268","Normal/Others","WS/MP18369/2025-2026/177485-Construction of roads, link roads, pathways or any other road with or without drainage system","Maharashtra","YAVATMAL(DISTRICT COLLECTOR YAVATMAL_IDA)","Construction of Paathways, Paver block jilha Parishdechya khulya jaget at Wai Mendhi tq Digras Dist Yavatmal","Sanjay Uttamrao Deshmukh","YAVATMAL-WASHIM","Images","05-Feb-2026","492429"
"269","Normal/Others","WS/MP18112/2025-2026/177510-Construction of community centers and community halls","Maharashtra","AMRAVATI(DISTRICT COLLECTOR AMRAVATI_IDA)","Construction of Community hall at  shri datt mandir area at khartalegaon taluka Bhatkuli","BALWANT BASWANT WANKHADE","AMRAVATI(SC)","Images","12-May-2026","1996461"
"270","Normal/Others","WS/MP18369/2025-2026/177557-Lighting of public spaces","Maharashtra","YAVATMAL(DISTRICT COLLECTOR YAVATMAL_IDA)","At. Hatola Wai yethe solar high mast basvine","Sanjay Uttamrao Deshmukh","YAVATMAL-WASHIM","Images","25-Mar-2026","393430"
"271","Normal/Others","WS/MP18369/2025-2026/177558-Lighting of public spaces","Maharashtra","YAVATMAL(DISTRICT COLLECTOR YAVATMAL_IDA)","At.Nakapardi yethe solar high mast basvine Tq Yavatmal","Sanjay Uttamrao Deshmukh","YAVATMAL-WASHIM","Images","22-Mar-2026","393751"
"272","Normal/Others","WS/MP18369/2025-2026/177559-Lighting of public spaces","Maharashtra","YAVATMAL(DISTRICT COLLECTOR YAVATMAL_IDA)","Ward No. 28 yethe solar high mast basvine Tq Yavatmal","Sanjay Uttamrao Deshmukh","YAVATMAL-WASHIM","Images","25-Mar-2026","393554"
"273","Normal/Others","WS/MP18369/2025-2026/177560-Lighting of public spaces","Maharashtra","YAVATMAL(DISTRICT COLLECTOR YAVATMAL_IDA)","At.Hatgaon yethe solar high mast basvine Tq Yavatmal","Sanjay Uttamrao Deshmukh","YAVATMAL-WASHIM","Images","25-Mar-2026","393711"
"274","Normal/Others","WS/MP18369/2025-2026/177565-Lighting of public spaces","Maharashtra","YAVATMAL(DISTRICT COLLECTOR YAVATMAL_IDA)","At.Gawandi yethe solar high mast basvine Tq babhulgaon","Sanjay Uttamrao Deshmukh","YAVATMAL-WASHIM","Images","22-Mar-2026","393672"
"275","Normal/Others","WS/MP18369/2025-2026/177566-Lighting of public spaces","Maharashtra","YAVATMAL(DISTRICT COLLECTOR YAVATMAL_IDA)","At Pimpalkhuta yethe solar high mast basvine Tq Babhulgaon","Sanjay Uttamrao Deshmukh","YAVATMAL-WASHIM","Images","23-Mar-2026","393751"
"276","Normal/Others","WS/MP18369/2025-2026/177567-Lighting of public spaces","Maharashtra","YAVATMAL(DISTRICT COLLECTOR YAVATMAL_IDA)","At Parsodi yethe solar high mast basvine","Sanjay Uttamrao Deshmukh","YAVATMAL-WASHIM","Images","25-Mar-2026","393593"
"277","Normal/Others","WS/MP18369/2025-2026/177568-Lighting of public spaces","Maharashtra","YAVATMAL(DISTRICT COLLECTOR YAVATMAL_IDA)","At Falegaon yethe solar high mast basvine","Sanjay Uttamrao Deshmukh","YAVATMAL-WASHIM","Images","23-Mar-2026","393672"
"278","Normal/Others","WS/MP18369/2025-2026/177574-Lighting of public spaces","Maharashtra","YAVATMAL(DISTRICT COLLECTOR YAVATMAL_IDA)","At yavatmal Ward No 20 Aashirwad Society yethe solar high mast basvine","Sanjay Uttamrao Deshmukh","YAVATMAL-WASHIM","Images","25-Mar-2026","393593"
"279","Normal/Others","WS/MP18369/2025-2026/177575-Construction of public libraries and reading rooms","Maharashtra","YAVATMAL(DISTRICT COLLECTOR YAVATMAL_IDA)","Digras Ward no 4 bapunagar yethe Takpire Guruji vachnalay bandhkaam karne","Sanjay Uttamrao Deshmukh","YAVATMAL-WASHIM","Images","08-Apr-2026","976951"
"280","Normal/Others","WS/MP18369/2025-2026/177576-Construction of community centers and community halls","Maharashtra","YAVATMAL(DISTRICT COLLECTOR YAVATMAL_IDA)","At.Kopra jankar yethe open place madhye Sabha Mandap yanche Bandhkaam Karne","Sanjay Uttamrao Deshmukh","YAVATMAL-WASHIM","Images","16-Dec-2025","986561"
"281","Normal/Others","WS/MP18369/2025-2026/177577-Crematoriums/energy efficient crematoriums or structures on burial/cremation ground","Maharashtra","YAVATMAL(DISTRICT COLLECTOR YAVATMAL_IDA)","At Mubarakpur Tq Babhulgaon yethe smashanbhumi shed v saudaryikaran karne","Sanjay Uttamrao Deshmukh","YAVATMAL-WASHIM","Images","17-Dec-2025","990018"
"282","Normal/Others","WS/MP18369/2025-2026/177578-Lighting of public spaces","Maharashtra","YAVATMAL(DISTRICT COLLECTOR YAVATMAL_IDA)","At Yavatmal Ward No 15 Ambikanagar vit bhatti parisarat yethe solar high mast basvine","Sanjay Uttamrao Deshmukh","YAVATMAL-WASHIM","Images","25-Mar-2026","393551"
"283","Normal/Others","WS/MP18111/2025-2026/177759-Construction of roads, link roads, pathways or any other road with or without drainage system","Maharashtra","AKOLA(DISTRICT COLLECTOR AKOLA_IDA)","Construction of Cement Road from Prabhudas Nimokar to Ramdas Savikar and from Mugutrao Epar to Bajrang Guruji house","ANUP SANJAY DHOTRE","AKOLA","Images","16-Oct-2025","968831"
"284","Normal/Others","WS/MP18111/2025-2026/177761-Construction of roads, link roads, pathways or any other road with or without drainage system","Maharashtra","AKOLA(DISTRICT COLLECTOR AKOLA_IDA)","Construction of Cement Road from the house of Arun Metkar to house of Ganesh Khanderao","ANUP SANJAY DHOTRE","AKOLA","N/A","10-Feb-2026","985293"
"285","Normal/Others","WS/MP18111/2025-2026/177808-Construction of community centers and community halls","Maharashtra","AKOLA(DISTRICT COLLECTOR AKOLA_IDA)","Construction of Community Hall near Gajanan Maharaj Mandir at Bhendimahal","ANUP SANJAY DHOTRE","AKOLA","N/A","01-Oct-2025","985659"
"286","Normal/Others","WS/MP18111/2025-2026/177978-Construction of roads, link roads, pathways or any other road with or without drainage system","Maharashtra","AKOLA(DISTRICT COLLECTOR AKOLA_IDA)","Construction of Paver block road at Danapur Taluka Telhara from the house of Bhaskar Vikhe to Shiva Jamodkar","ANUP SANJAY DHOTRE","AKOLA","N/A","11-Oct-2025","971247"
"287","Normal/Others","WS/MP18134/2025-2026/178488-Construction of community centers and community halls","Maharashtra","Ahilyanagar(DISTRICT COLLECTOR AHMEDNAGAR_IDA)","Construction of community centers and community halls in g p property 1 vileage loni kh taluka rahata","BHAUSAHEB RAJARAM WAKCHAURE","SHIRDI(SC)","Images","22-Jan-2026","993759"
"288","Normal/Others","WS/MP18112/2024-2025/178885-Construction of community centers and community halls","Maharashtra","AMRAVATI(DISTRICT COLLECTOR AMRAVATI_IDA)","Construction of Community Hall at Ward No 6 , Wadner Gangai , ta Daryapur","BALWANT BASWANT WANKHADE","AMRAVATI(SC)","Images","03-Jul-2025","998844"
"289","Normal/Others","WS/MP18112/2025-2026/178905-Construction of roads, link roads, pathways or any other road with or without drainage system","Maharashtra","AMRAVATI(DISTRICT COLLECTOR AMRAVATI_IDA)","Construction Of Road At Shegaon Rahatgaon Road , Priya Township Lane no. 4 FAlake House To Dissendt Sanskruti Apartment , prabhag no 1 , amravati","BALWANT BASWANT WANKHADE","AMRAVATI(SC)","Images","21-Mar-2026","996941"
"290","Normal/Others","WS/MP18132/2025-2026/179015-Construction of boundary walls of existing public and community buildings","Maharashtra","SANGLI(DISTRICT COLLECTOR SANGLI_IDA)","Construction of wall compound to  Grampanchayat Property No.1252","VISHAL","SANGLI","Images","27-Mar-2026","1000000"
"291","Normal/Others","WS/MP18132/2025-2026/179018-Construction of buildings for community cultural activities","Maharashtra","SANGLI(DISTRICT COLLECTOR SANGLI_IDA)","Construction of buildings for community cultural activities on Grampanchayat Property No.180","VISHAL","SANGLI","Images","27-Mar-2026","993126"
"292","Normal/Others","WS/MP18136/2025-2026/179020-Construction of roads, link roads, pathways or any other road with or without drainage system","Maharashtra","WARDHA(DISTRICT COLLECTOR WARDHA_IDA)","Construction of a road from Mr. Swapnil Bhagat to Mr. Siddharth Nagarale house in Mouja Ganeshpur. Length 150 m (SC)","AMAR SHARADRAO KALE","WARDHA","Images","09-Feb-2026","297851"
"293","Normal/Others","WS/MP18136/2025-2026/179863-Construction of roads, link roads, pathways or any other road with or without drainage system","Maharashtra","WARDHA(DISTRICT COLLECTOR WARDHA_IDA)","Construction of road in Dalit settlement from Shri. Shuddhodhan Thul to Shri. Parankhade house in Sindi Meghe","AMAR SHARADRAO KALE","WARDHA","Images","09-Feb-2026","997211"
"294","Normal/Others","WS/MP18112/2024-2025/180045-Construction of roads, link roads, pathways or any other road with or without drainage system","Maharashtra","AMRAVATI(DISTRICT COLLECTOR AMRAVATI_IDA)","construction of road at ard no 2 purnanagar ta bhatkuli","BALWANT BASWANT WANKHADE","AMRAVATI(SC)","Images","17-Jan-2026","800000"
"295","Normal/Others","WS/MP18136/2025-2026/180113-Construction of roads, link roads, pathways or any other road with or without drainage system","Maharashtra","WARDHA(DISTRICT COLLECTOR WARDHA_IDA)","Installation of paving blocks on both sides of the road from Mr. Jha to Mr. Akhtar Pathan house in Padmavati Nagar, Mauja Alodi, Taluka Dist. Wardha","AMAR SHARADRAO KALE","WARDHA","Images","27-Nov-2025","148628"
"296","Normal/Others","WS/MP661/2025-2026/180258-Construction of roads, link roads, pathways or any other road with or without drainage system","Maharashtra","PUNE(DISTRICT COLLECTOR PUNE_IDA)","Construction of a road near Kadams house in Mauli Krupa Housing Society Talwade","Amol Ramsing Kolhe","SHIRUR","Images","24-Nov-2025","1000000"
"297","Normal/Others","WS/MP661/2025-2026/180259-Construction of roads, link roads, pathways or any other road with or without drainage system","Maharashtra","PUNE(DISTRICT COLLECTOR PUNE_IDA)","Concretization of Galli No. 04 in Mauli Kripa Housing Society, Talwade, Tal. Haveli, Dist. Pune.","Amol Ramsing Kolhe","SHIRUR","Images","24-Nov-2025","1000000"
"298","Normal/Others","WS/MP18113/2025-2026/180320-Construction of community centers and community halls","Maharashtra","Chhatrapati Sambhajinagar(DISTRICT COLLECTOR AURANGABAD_IDA)","GOKULWADI MAROTI MANDIR PARISARAT CONSTRUCTION OF COMMUNITY HALLS","BHUMARE SANDIPANRAO ASARAM","AURANGABAD_MH","N/A","08-Dec-2025","974667"
"299","Normal/Others","WS/MP18120/2025-2026/180360-Construction of roads, link roads, pathways or any other road with or without drainage system","Maharashtra","HINGOLI(DISTRICT COLLECTOR HINGOLI_IDA)","Construction of Cement Concrete Road At Dhudhala Tq Audha Nagnath Dist Hingoli from Shubhash Dharkar House to Kabrasthan Gate.","AASHTIKAR PATIL NAGESH BAPURAO","HINGOLI","Images","15-Sep-2025","1498945"
"300","Normal/Others","WS/MP673/2025-2026/181028-Construction of roads, link roads, pathways or any other road with or without drainage system","Maharashtra","Dharashiv(DISTRICT COLLECTOR OSMANABAD_IDA)","Construction of road on public space from national highway to shiralkar s farm adbandh at Pargaon block Washi Dist Dharashiv","Omprakash Bhupalsinh Alias Pawan Rajenimbalkar","OSMANABAD","N/A","21-Jan-2026","500000"
"301","Normal/Others","WS/MP672/2024-2025/181677-Purchase of IT systems, including hardware and software for educational purposes","Maharashtra","NAGPUR(DISTRICT COLLECTOR NAGPUR_IDA)","Providing 30 Computer Sets to Mahila Mahavidyalaya, Nandanvan, Nagpur.","Nitin Jairam Gadkari","NAGPUR","Images","08-May-2025","1949760"
"302","Normal/Others","WS/MP672/2025-2026/181697-Construction of cycle tracks, cycle stand and segregated non-motorized vehicle (NMV) lanes","Maharashtra","NAGPUR(DISTRICT COLLECTOR NAGPUR_IDA)","Construction of 4 Wheeler and 2 Wheeler Parking at Rashtra Sant Tukdoji Maharaj Cancer Hospital and Research Centre, Tukdoji Square, Nagpur for convenience of patients","Nitin Jairam Gadkari","NAGPUR","Images","14-Nov-2025","966539"
"303","Normal/Others","WS/MP672/2025-2026/181702-Construction of community centers and community halls","Maharashtra","NAGPUR(DISTRICT COLLECTOR NAGPUR_IDA)","Construction of Community Hall on Plot No.134 (Land of NIT) at Mahalgi Nagar.","Nitin Jairam Gadkari","NAGPUR","Images","27-Nov-2025","2232096"
"304","Normal/Others","WS/MP18323/2025-2026/181739-Construction of roads, link roads, pathways or any other road with or without drainage system","Maharashtra","LATUR(DISTRICT COLLECTOR LATUR_IDA)","Construction of cement concrete road in open land of Gram Panchayat Government within the village at Valsangvi, Taluka Nilanga","DR KALGE SHIVAJI BANDAPPA","LATUR(SC)","Images","10-Mar-2026","497066"
"305","Normal/Others","WS/MP18323/2025-2026/181744-Construction of roads, link roads, pathways or any other road with or without drainage system","Maharashtra","LATUR(DISTRICT COLLECTOR LATUR_IDA)","Construction of cement concrete road in open land of Gram Panchayat government in Tagarkheda Taluka Nilanga","DR KALGE SHIVAJI BANDAPPA","LATUR(SC)","Images","26-Feb-2026","492464"
"306","Normal/Others","WS/MP18323/2025-2026/181753-Construction of roads, link roads, pathways or any other road with or without drainage system","Maharashtra","LATUR(DISTRICT COLLECTOR LATUR_IDA)","Construction of cement concrete road in open land of Gram Panchayat government within village at Baspur Taluka Nilanga","DR KALGE SHIVAJI BANDAPPA","LATUR(SC)","Images","24-Mar-2026","498425"
"307","Normal/Others","WS/MP18323/2025-2026/181778-Construction of roads, link roads, pathways or any other road with or without drainage system","Maharashtra","LATUR(DISTRICT COLLECTOR LATUR_IDA)","Construction of cement concrete road in open land of Gram Panchayat or Government owned land within the village at Tiruka  Taluka Jalkot (Scheduled Caste or Tribe area component)","DR KALGE SHIVAJI BANDAPPA","LATUR(SC)","Images","17-Feb-2026","995269"
"308","Normal/Others","WS/MP18323/2025-2026/181788-Construction of roads, link roads, pathways or any other road with or without drainage system","Maharashtra","LATUR(DISTRICT COLLECTOR LATUR_IDA)","Construction of cement concrete road from the house of Mr. Waghambar Gaikwad at Shivajinagar to the house of Mr. Azhar Sheikh in Ward No. 4 of Nilanga city","DR KALGE SHIVAJI BANDAPPA","LATUR(SC)","Images","29-Jan-2026","496350"
"309","Normal/Others","WS/MP18323/2025-2026/181789-Construction of roads, link roads, pathways or any other road with or without drainage system","Maharashtra","LATUR(DISTRICT COLLECTOR LATUR_IDA)","Construction of drain from the house of Mr. Deshmukh Wajid to the house of Mr. Tamboli Zakir, next to Hibare Building in Shivajinagar, Ward No. 4 of Nilanga city","DR KALGE SHIVAJI BANDAPPA","LATUR(SC)","Images","29-Jan-2026","497870"
"310","Normal/Others","WS/MP18323/2026-2027/181798-Construction of roads, link roads, pathways or any other road with or without drainage system","Maharashtra","LATUR(DISTRICT COLLECTOR LATUR_IDA)","Construction of cement concrete road in open land owned by Gram Panchayat or Government from the house of Mr. Baburao Mugave to the houses of Mr. Ankush Mailare, Mr. Shekhar Dongre, Mr. Dongave under Jalkot Nagar Panchayat, Ward No. 1","DR KALGE SHIVAJI BANDAPPA","LATUR(SC)","Images","17-Apr-2026","941831"
"311","Normal/Others","WS/MP18323/2025-2026/181800-Construction of roads, link roads, pathways or any other road with or without drainage system","Maharashtra","LATUR(DISTRICT COLLECTOR LATUR_IDA)","Construction of cement concrete road in open land owned by Gram Panchayat or Government from Bus Stand (Chhatrapati Shivaji Maharaj Chowk to Hanuman Mandir and Jama Masjid) at Shivanked (Khu.), Taluka Ahmedpur","DR KALGE SHIVAJI BANDAPPA","LATUR(SC)","Images","17-Apr-2026","999843"
"312","Normal/Others","WS/MP18323/2025-2026/181820-Construction of roads, link roads, pathways or any other road with or without drainage system","Maharashtra","LATUR(DISTRICT COLLECTOR LATUR_IDA)","Construction of a cement road in the open space of the Gram Panchayat or Government in the Maroti Mandir area","DR KALGE SHIVAJI BANDAPPA","LATUR(SC)","Images","14-Nov-2025","988936"
"313","Normal/Others","WS/MP673/2026-2027/182071-Construction of community centers and community halls","Maharashtra","Dharashiv(DISTRICT COLLECTOR OSMANABAD_IDA)","Construction of community hall on open space (property no. 341) at Deolali Tq. And dist. Dharashiv","Omprakash Bhupalsinh Alias Pawan Rajenimbalkar","OSMANABAD","Images","17-Apr-2026","695930"
"314","Normal/Others","WS/MP685/2025-2026/182072-Installing community drinking water plants","Maharashtra","PUNE(DISTRICT COLLECTOR PUNE_IDA)","Installing RO Drinking Water Plant 500LPH With Chiler facility At Jambhavade Tal Maval Dist Pune","Shrirang Appa Barne","MAVAL","Images","13-Mar-2026","697697"
"315","Normal/Others","WS/MP687/2025-2026/182080-Construction of community centers and community halls","Maharashtra","RAIGAD(DISTRICT COLLECTOR RAIGAD_IDA)","Construction of social hall at Indapur, Grampanchyat Talashet, Tal-Mangaon, Dist-Raigad","Sunil Dattatray Tatkare","RAIGAD","Images","15-Oct-2025","1497755"
"316","Normal/Others","WS/MP687/2025-2026/182084-Development of public parks","Maharashtra","RAIGAD(DISTRICT COLLECTOR RAIGAD_IDA)","To develop the Udayan in Ghotwal, Group Gram Panchayat Bhuvan, Tal-Mangaon, Dist-Raigad","Sunil Dattatray Tatkare","RAIGAD","Images","28-Jul-2025","1497402"
"317","Normal/Others","WS/MP687/2025-2026/182086-Construction of community centers and community halls","Maharashtra","RAIGAD(DISTRICT COLLECTOR RAIGAD_IDA)","Construction of social hall at Mangaon, Tal-Mangaon, Dist-Raigad","Sunil Dattatray Tatkare","RAIGAD","Images","04-Dec-2025","2496670"
"318","Normal/Others","WS/MP687/2025-2026/182087-Construction of community centers and community halls","Maharashtra","RAIGAD(DISTRICT COLLECTOR RAIGAD_IDA)","Construction of Sabhamandap  Grampanchyat Veer, at Veer Dattawadi, Tal-Mahad, Dist-Raigad","Sunil Dattatray Tatkare","RAIGAD","Images","17-Oct-2025","749000"
"319","Normal/Others","WS/MP687/2025-2026/182088-Construction of community centers and community halls","Maharashtra","RAIGAD(DISTRICT COLLECTOR RAIGAD_IDA)","Construction of social hall  Grampanchya Tondsure, at Tondure, Tal-Mhasala, Dist-Raigad","Sunil Dattatray Tatkare","RAIGAD","Images","08-Apr-2026","1497654"
"320","Normal/Others","WS/MP687/2025-2026/182089-Construction of community centers and community halls","Maharashtra","RAIGAD(DISTRICT COLLECTOR RAIGAD_IDA)","Construction of social hall at Pashti Goulwadi, Tal-Mhasla, Dist-Raigad","Sunil Dattatray Tatkare","RAIGAD","Images","15-Oct-2025","999000"
"321","Normal/Others","WS/MP687/2025-2026/182094-Construction of community centers and community halls","Maharashtra","RAIGAD(DISTRICT COLLECTOR RAIGAD_IDA)","Construction of social hall at Mouje Kanghar, Tal- Mhasla, Dist-Raigad","Sunil Dattatray Tatkare","RAIGAD","Images","18-Dec-2025","1499000"
"322","Normal/Others","WS/MP687/2025-2026/182096-Construction of community centers and community halls","Maharashtra","RAIGAD(DISTRICT COLLECTOR RAIGAD_IDA)","Construction of a social hall at  Kelghar, Tal- Roha, Dist-Raigad","Sunil Dattatray Tatkare","RAIGAD","Images","12-Jan-2026","699000"
"323","Normal/Others","WS/MP687/2025-2026/182099-Construction of community centers and community halls","Maharashtra","RAIGAD(DISTRICT COLLECTOR RAIGAD_IDA)","Construction of social hall at Kandalwada, Tal- Mhasla, Dist-Raigad","Sunil Dattatray Tatkare","RAIGAD","Images","30-Mar-2026","2499000"
"324","Normal/Others","WS/MP687/2025-2026/182566-Construction of community centers and community halls","Maharashtra","RAIGAD(DISTRICT COLLECTOR RAIGAD_IDA)","Construction of a social hall at Masad Budruk, Tal-Pen, Dist-Raigad","Sunil Dattatray Tatkare","RAIGAD","Images","10-Nov-2025","2499000"
"325","Normal/Others","WS/MP687/2025-2026/182567-Construction of community centers and community halls","Maharashtra","RAIGAD(DISTRICT COLLECTOR RAIGAD_IDA)","Construction of a social hall at Adnale, Tal-Tala, Dist-Raigad","Sunil Dattatray Tatkare","RAIGAD","Images","30-Apr-2026","1993457"
"326","Normal/Others","WS/MP687/2025-2026/182568-Construction of community centers and community halls","Maharashtra","RAIGAD(DISTRICT COLLECTOR RAIGAD_IDA)","Construction of a social hall Gram Panchayat Vashi, at Landar, Tal-Roha, Dist-Raigad","Sunil Dattatray Tatkare","RAIGAD","Images","23-Mar-2026","699000"
"327","Normal/Others","WS/MP687/2025-2026/182569-Construction of community centers and community halls","Maharashtra","RAIGAD(DISTRICT COLLECTOR RAIGAD_IDA)","Construction of a multipurpose hall  Gram Panchayat Kharavali, Ta- Mangaon, Dist-Raigad","Sunil Dattatray Tatkare","RAIGAD","Images","04-May-2026","2493418"
"328","Normal/Others","WS/MP687/2025-2026/182571-Construction of community centers and community halls","Maharashtra","RAIGAD(DISTRICT COLLECTOR RAIGAD_IDA)","Construction of social hall at Medha, Tal-Roha, Dist-Raigad","Sunil Dattatray Tatkare","RAIGAD","Images","13-Nov-2025","1000000"
"329","Normal/Others","WS/MP687/2025-2026/182573-Construction of community centers and community halls","Maharashtra","RAIGAD(DISTRICT COLLECTOR RAIGAD_IDA)","Construction of a Samajmandir Gram Panchayat Koproli, at Koproli, Tal-Pen, Dist-Raigad","Sunil Dattatray Tatkare","RAIGAD","Images","23-Jul-2025","750000"
"330","Normal/Others","WS/MP692/2025-2026/183601-Construction of roads, link roads, pathways or any other road with or without drainage system","Maharashtra","PUNE(DISTRICT COLLECTOR PUNE_IDA)","Construction of Concrete Road at Backward class settlement, at Shind","Smt Supriya Sadanand Sule","BARAMATI","Images","06-Feb-2026","300000"
"331","Normal/Others","WS/MP692/2025-2026/183615-Construction of roads, link roads, pathways or any other road with or without drainage system","Maharashtra","PUNE(DISTRICT COLLECTOR PUNE_IDA)","Construction of road towards Patil Farm, at Patas","Smt Supriya Sadanand Sule","BARAMATI","Images","25-Sep-2025","981634"
"332","Normal/Others","WS/MP692/2025-2026/183617-Construction of roads, link roads, pathways or any other road with or without drainage system","Maharashtra","PUNE(DISTRICT COLLECTOR PUNE_IDA)","Construction of road at Khupte Vasti Aba Chormale House to Hiraman Kolpe House, at Yawat","Smt Supriya Sadanand Sule","BARAMATI","Images","25-Feb-2026","994056"
"333","Normal/Others","WS/MP692/2025-2026/183620-Construction of roads, link roads, pathways or any other road with or without drainage system","Maharashtra","PUNE(DISTRICT COLLECTOR PUNE_IDA)","Construction of road at Patharshet, Sadhu Bhau Varghade House, at Patas","Smt Supriya Sadanand Sule","BARAMATI","Images","02-Dec-2025","499986"
"334","Normal/Others","WS/MP692/2025-2026/183624-Development of playground","Maharashtra","PUNE(DISTRICT COLLECTOR PUNE_IDA)","Fitting of Paving Block at Jilha Parishad School Ground, Dhadawali (Wireless Fata), at Girim","Smt Supriya Sadanand Sule","BARAMATI","Images","02-Dec-2025","995586"
"335","Normal/Others","WS/MP692/2025-2026/183628-Construction of footpaths and pedestrian ways","Maharashtra","PUNE(DISTRICT COLLECTOR PUNE_IDA)","Fitting of Paving Blocks at Datta Mandir Chauk, Rade Vasti, at Betwadi","Smt Supriya Sadanand Sule","BARAMATI","Images","18-Feb-2026","993957"
"336","Normal/Others","WS/MP692/2025-2026/183629-Lighting of public spaces","Maharashtra","PUNE(DISTRICT COLLECTOR PUNE_IDA)","Installation of Solar Lamp Pole Lights at 1. Ramwadi Chauk, 2. Dattawadi Chauk, 3. Saraswati Chauk (Backward Class Settlement)","Smt Supriya Sadanand Sule","BARAMATI","N/A","15-Oct-2025","990000"
"337","Normal/Others","WS/MP18134/2025-2026/183654-Construction of community centers and community halls","Maharashtra","Ahilyanagar(DISTRICT COLLECTOR AHMEDNAGAR_IDA)","To construct community Hall in G P Property No 159  1 villege Sakirwadi Taluka Akole","BHAUSAHEB RAJARAM WAKCHAURE","SHIRDI(SC)","Images","09-Apr-2026","686339"
"338","Normal/Others","WS/MP18258/2025-2026/183814-Providing drains and gutters for public drainage","Maharashtra","CHANDRAPUR(DISTRICT COLLECTOR CHANDRAPUR_IDA)","Construction of a closed drain from the house of Mr. Yashwant Bodhe to the house of Mr. Rahul Tayde in Mouja Kosara, Taluka Chandrapur.","DHANORKAR PRATIBHA SURESH ALIAS BALUBHAU","CHANDRAPUR","N/A","10-Mar-2026","999828"
"339","Normal/Others","WS/MP18258/2025-2026/183816-Construction of roads, link roads, pathways or any other road with or without drainage system","Maharashtra","CHANDRAPUR(DISTRICT COLLECTOR CHANDRAPUR_IDA)","Construction of the remaining road from the house of Mr. Yashwant Bodhe in Mouja Kosara, Taluka Chandrapur to D.P. Road.","DHANORKAR PRATIBHA SURESH ALIAS BALUBHAU","CHANDRAPUR","N/A","10-Mar-2026","476962"
"340","Normal/Others","WS/MP18258/2025-2026/183824-Providing drains and gutters for public drainage","Maharashtra","CHANDRAPUR(DISTRICT COLLECTOR CHANDRAPUR_IDA)","Construction of a drain from the house of Shri Gangadhar Mekalwar in Korpana, Parsoda Taluka to the house of Dilip Pachbhai.","DHANORKAR PRATIBHA SURESH ALIAS BALUBHAU","CHANDRAPUR","N/A","17-Mar-2026","984502"
"341","Normal/Others","WS/MP18258/2025-2026/183834-Construction of roads, link roads, pathways or any other road with or without drainage system","Maharashtra","YAVATMAL(DISTRICT COLLECTOR YAVATMAL_IDA)","Construction of connecting road from Akola Bazar to Savali Taluka Ghatanji Main Road Pardi No. (Heti Tanda). 350 Mt.","DHANORKAR PRATIBHA SURESH ALIAS BALUBHAU","CHANDRAPUR","Images","03-Sep-2025","1966157"
"342","Normal/Others","WS/MP18258/2025-2026/183960-Construction of roads, link roads, pathways or any other road with or without drainage system","Maharashtra","YAVATMAL(DISTRICT COLLECTOR YAVATMAL_IDA)","Construction of cement concrete road from Nanaji Belekar house to Zilla Parishad School in Patharpur Township, Yavatmal District.","DHANORKAR PRATIBHA SURESH ALIAS BALUBHAU","CHANDRAPUR","Images","22-Jan-2026","1149003"
"343","Normal/Others","WS/MP692/2025-2026/184032-Construction of common work sheds/ common covered sitting area","Maharashtra","PUNE(DISTRICT COLLECTOR PUNE_IDA)","Construction of Common Covered Sitting Area at Kurtavadi","Smt Supriya Sadanand Sule","BARAMATI","Images","05-Jan-2026","500000"
"344","Normal/Others","WS/MP18122/2025-2026/184089-Construction of roads, link roads, pathways or any other road with or without drainage system","Maharashtra","Chhatrapati Sambhajinagar(DISTRICT COLLECTOR AURANGABAD_IDA)","Strengthening of VR-86 from Pachod to Zodegaon in Paithan taluka.","KALYAN VAIJINATHRAO KALE","JALNA","N/A","24-Mar-2026","970505"
"345","Normal/Others","WS/MP18134/2025-2026/184183-Construction of boundary walls of existing public and community buildings","Maharashtra","Ahilyanagar(DISTRICT COLLECTOR AHMEDNAGAR_IDA)","To construct community Hall Construction of boundary walls of existing public and community buildingsin G P property 1299 villege at Dhumalwadi Taluka Akole","BHAUSAHEB RAJARAM WAKCHAURE","SHIRDI(SC)","Images","01-Mar-2026","490467"
"346","Normal/Others","WS/MP18134/2025-2026/184304-Construction of common work sheds/ common covered sitting area","Maharashtra","Ahilyanagar(DISTRICT COLLECTOR AHMEDNAGAR_IDA)","To Construction of common work sheds  common covered sitting area in G P Property No 982 vileege at Bherdapur taluka Shrirampurr","BHAUSAHEB RAJARAM WAKCHAURE","SHIRDI(SC)","Images","09-Apr-2026","495321"
"347","Normal/Others","WS/MP18280/2025-2026/185070-Lighting of public spaces","Maharashtra","SOLAPUR(DISTRICT COLLECTOR SOLAPUR_IDA)","Installation of Solar Highmast pole near Satwai Farm, Karmala, Tal. Karmala, Dist. Solapur","MOHITE PATIL DHAIRYASHEEL RAJSINH","MADHA","N/A","27-Feb-2026","215332"
"348","Normal/Others","WS/MP18280/2025-2026/185071-Lighting of public spaces","Maharashtra","SOLAPUR(DISTRICT COLLECTOR SOLAPUR_IDA)","Installation of Solar Highmast pole, at S.T. Colony, near Satwai Farm House, Karmala, Tal. Karmala, Dist. Solapur","MOHITE PATIL DHAIRYASHEEL RAJSINH","MADHA","N/A","27-Feb-2026","215332"
"349","Normal/Others","WS/MP18280/2025-2026/185072-Lighting of public spaces","Maharashtra","SOLAPUR(DISTRICT COLLECTOR SOLAPUR_IDA)","Installation of Solar Highmast pole at Shri Shani Maruti Chowk, Jinti, Tal. Karmala, Dist. Solapur","MOHITE PATIL DHAIRYASHEEL RAJSINH","MADHA","N/A","04-Mar-2026","215332"
"350","Normal/Others","WS/MP18134/2025-2026/185101-Construction of community centers and community halls","Maharashtra","Ahilyanagar(DISTRICT COLLECTOR AHMEDNAGAR_IDA)","Installation of paving blocks in Mohta Devi area at Nipani vadgaon taluka shiriampur","BHAUSAHEB RAJARAM WAKCHAURE","SHIRDI(SC)","Images","09-Apr-2026","488701"
"351","Normal/Others","WS/MP692/2025-2026/185134-Construction of roads, link roads, pathways or any other road with or without drainage system","Maharashtra","PUNE(DISTRICT COLLECTOR PUNE_IDA)","Construction of internal road from Forest to Pilanewasti road, at Karanje","Smt Supriya Sadanand Sule","BARAMATI","Images","17-Oct-2025","984726"
"352","Normal/Others","WS/MP672/2024-2025/185152-Purchase of IT systems, including hardware and software for educational purposes","Maharashtra","NAGPUR(DISTRICT COLLECTOR NAGPUR_IDA)","Purchase of 6 Computers along with 3 Printers","Nitin Jairam Gadkari","NAGPUR","Images","30-Mar-2025","435000"
"353","Normal/Others","WS/MP672/2024-2025/185160-Development of playfields and sports grounds","Maharashtra","NAGPUR(DISTRICT COLLECTOR NAGPUR_IDA)","Installation of Li-Ning Matin at Badminton Court of NMC Badminton Hall at Vivekanand Nagar, Nagpur","Nitin Jairam Gadkari","NAGPUR","Images","25-Mar-2025","992000"
"354","Normal/Others","WS/MP18113/2025-2026/185620-Construction of roads, link roads, pathways or any other road with or without drainage system","Maharashtra","Chhatrapati Sambhajinagar(DISTRICT COLLECTOR AURANGABAD_IDA)","Talwada Tq Vaijapur Nagwadi Road","BHUMARE SANDIPANRAO ASARAM","AURANGABAD_MH","N/A","24-Feb-2026","1472317"
"355","Normal/Others","WS/MP18113/2025-2026/185622-Construction of roads, link roads, pathways or any other road with or without drainage system","Maharashtra","Chhatrapati Sambhajinagar(DISTRICT COLLECTOR AURANGABAD_IDA)","Sawkhedganga Tq Vaijapur Khatane Wasti Road","BHUMARE SANDIPANRAO ASARAM","AURANGABAD_MH","N/A","24-Feb-2026","1500000"
"356","Normal/Others","WS/MP18113/2025-2026/185623-Construction of roads, link roads, pathways or any other road with or without drainage system","Maharashtra","Chhatrapati Sambhajinagar(DISTRICT COLLECTOR AURANGABAD_IDA)","Nandurkhok Tq Vaijapur Hirade Wasti Raod 1.5 km","BHUMARE SANDIPANRAO ASARAM","AURANGABAD_MH","N/A","24-Feb-2026","1500000"
"357","Repair and Renovation","WS/MP18116/2025-2026/185875-Construction of roads, link roads, pathways or any other road with or without drainage system","Maharashtra","THANE(DISTRICT COLLECTOR THANE_IDA)","Construction internal Road,Khodiar mata mandir, at yewai naka, Tal.Bhiwandi.","BALYA MAMA SURESH GOPINATH MHATRE","BHIWANDI","N/A","04-Feb-2026","2100000"
"358","Normal/Others","WS/MP18136/2025-2026/185987-Providing drains and gutters for public drainage","Maharashtra","WARDHA(DISTRICT COLLECTOR WARDHA_IDA)","Construction of a drain from the Gram Panchayat to the Government Hospital (PHC) at Zadshi, Selu Taluka","AMAR SHARADRAO KALE","WARDHA","Images","20-Mar-2026","982179"
"359","Normal/Others","WS/MP18136/2025-2026/185988-Construction of roads, link roads, pathways or any other road with or without drainage system","Maharashtra","WARDHA(DISTRICT COLLECTOR WARDHA_IDA)","Earthworks and graveling work from Mr. Panse farm to Mr.Madhavrao Mude farm at Hingani, Taluka Selu, Junewani Shivar","AMAR SHARADRAO KALE","WARDHA","Images","12-Jan-2026","991408"
"360","Normal/Others","WS/MP18129/2025-2026/186051-Providing drains and gutters for public drainage","Maharashtra","PUNE(DISTRICT COLLECTOR PUNE_IDA)","Replacement of drainage line and concreting of road at Shivramdada Talim Ganesh Peth.","MURLIDHAR MOHOL","PUNE","Images","31-Jul-2025","999962"
"361","Normal/Others","WS/MP18129/2025-2026/186052-Construction of roads, link roads, pathways or any other road with or without drainage system","Maharashtra","PUNE(DISTRICT COLLECTOR PUNE_IDA)","To concretize the road from Ganeshpeth Hussain Bakery to Vegetable Market.","MURLIDHAR MOHOL","PUNE","Images","31-Jul-2025","999965"
"362","Normal/Others","WS/MP18129/2025-2026/186058-Construction of roads, link roads, pathways or any other road with or without drainage system","Maharashtra","PUNE(DISTRICT COLLECTOR PUNE_IDA)","To asphalt the road from Ganeshpeth, Mari Aai Mata Mandir to Pangul Ali.","MURLIDHAR MOHOL","PUNE","Images","31-Jul-2025","999337"
"363","Normal/Others","WS/MP18129/2025-2026/186060-Construction of roads, link roads, pathways or any other road with or without drainage system","Maharashtra","PUNE(DISTRICT COLLECTOR PUNE_IDA)","To asphalt the road from Pangul Ali to Jotyachi Talim.","MURLIDHAR MOHOL","PUNE","Images","31-Jul-2025","999812"
"364","Normal/Others","WS/MP18129/2025-2026/186061-Providing drains and gutters for public drainage","Maharashtra","PUNE(DISTRICT COLLECTOR PUNE_IDA)","To carry out drainage works in Shravandhara area, Kothrud.","MURLIDHAR MOHOL","PUNE","Images","06-Oct-2025","999199"
"365","Normal/Others","WS/MP18129/2025-2026/186062-Providing drains and gutters for public drainage","Maharashtra","PUNE(DISTRICT COLLECTOR PUNE_IDA)","To carry out drainage works in Shelar Complex, Kothrud area.","MURLIDHAR MOHOL","PUNE","Images","07-Oct-2025","999860"
"366","Normal/Others","WS/MP18129/2025-2026/186064-Construction of buildings for community cultural activities","Maharashtra","PUNE(DISTRICT COLLECTOR PUNE_IDA)","Construction of a social hall at Kelewadi, Rajiv Gandhi Park, S.N. Kothrud.","MURLIDHAR MOHOL","PUNE","Images","28-Nov-2025","999203"
"367","Normal/Others","WS/MP18129/2025-2026/186068-Providing drains and gutters for public drainage","Maharashtra","PUNE(DISTRICT COLLECTOR PUNE_IDA)","To carry out road and drainage line repair works in Kalasgaon, Survey No. 83, Khalsewasti.","MURLIDHAR MOHOL","PUNE","Images","07-Oct-2025","999992"
"368","Normal/Others","WS/MP18123/2026-2027/186339-Construction of public libraries and reading rooms","Maharashtra","KOLHAPUR(DISTRICT COLLECTOR KOLHAPUR_IDA)","Study Construction at Nigve Dumala (Abhyasika)","CHHATRAPATI SHAHU SHAHAJI","KOLHAPUR","Images","20-Apr-2026","999824"
"369","Normal/Others","WS/MP18123/2025-2026/186340-Construction of roads, link roads, pathways or any other road with or without drainage system","Maharashtra","KOLHAPUR(DISTRICT COLLECTOR KOLHAPUR_IDA)","Internal roads at Haldi","CHHATRAPATI SHAHU SHAHAJI","KOLHAPUR","Images","13-Mar-2026","999000"
"370","Normal/Others","WS/MP18123/2025-2026/186341-Construction of roads, link roads, pathways or any other road with or without drainage system","Maharashtra","KOLHAPUR(DISTRICT COLLECTOR KOLHAPUR_IDA)","Internal roads at Kanchanwadi","CHHATRAPATI SHAHU SHAHAJI","KOLHAPUR","Images","09-Feb-2026","749000"
"371","Normal/Others","WS/MP18123/2025-2026/186342-Construction of roads, link roads, pathways or any other road with or without drainage system","Maharashtra","KOLHAPUR(DISTRICT COLLECTOR KOLHAPUR_IDA)","Internal roads at Are","CHHATRAPATI SHAHU SHAHAJI","KOLHAPUR","Images","09-Feb-2026","995437"
"372","Normal/Others","WS/MP18123/2025-2026/186346-Crematoriums/energy efficient crematoriums or structures on burial/cremation ground","Maharashtra","KOLHAPUR(DISTRICT COLLECTOR KOLHAPUR_IDA)","Cremation shed at Aslaj","CHHATRAPATI SHAHU SHAHAJI","KOLHAPUR","Images","13-Mar-2026","597025"
"373","Normal/Others","WS/MP18136/2025-2026/186384-Construction of roads, link roads, pathways or any other road with or without drainage system","Maharashtra","WARDHA(DISTRICT COLLECTOR WARDHA_IDA)","Construction of Pandan road from the farm of Mr. Ganpat Masram to the farm of Dilip Vandile and Venutai Zade at Yelakeli Selu Road in Selu Taluka","AMAR SHARADRAO KALE","WARDHA","Images","14-Oct-2025","988064"
"374","Normal/Others","WS/MP18115/2026-2027/186414-Construction of roads, link roads, pathways or any other road with or without drainage system","Maharashtra","BHANDARA(DISTRICT COLLECTOR BHANDARA_IDA)","Construction of cement road","DR. PRASHANT YADAORAO PADOLE","BHANDARA-GONDIYA","Images","11-Apr-2026","694967"
"375","Normal/Others","WS/MP18131/2025-2026/186418-Construction of platforms and passenger sheds at railway stations","Maharashtra","SINDHUDURG(DISTRICT COLLECTOR SINDHUDURG_IDA)","Construction of a pickup shed at Sindhudurg Nagari, Konkan Railway Station in Kudal Taluka. FY 2024-25","NARAYAN TATU RANE","RATNAGIRI-SINDHUDURG","Images","21-Aug-2025","990030"
"376","Normal/Others","WS/MP18115/2025-2026/186458-Construction of roads, link roads, pathways or any other road with or without drainage system","Maharashtra","BHANDARA(DISTRICT COLLECTOR BHANDARA_IDA)","Construction of cement road","DR. PRASHANT YADAORAO PADOLE","BHANDARA-GONDIYA","Images","21-Mar-2026","697398"
"377","Normal/Others","WS/MP18115/2025-2026/186471-Construction of roads, link roads, pathways or any other road with or without drainage system","Maharashtra","BHANDARA(DISTRICT COLLECTOR BHANDARA_IDA)","Construction of Cement Concrete Road","DR. PRASHANT YADAORAO PADOLE","BHANDARA-GONDIYA","Images","27-Feb-2026","697787"
"378","Normal/Others","WS/MP18115/2025-2026/186476-Construction of boundary walls of existing public and community buildings","Maharashtra","BHANDARA(DISTRICT COLLECTOR BHANDARA_IDA)","Construction of Compound wall","DR. PRASHANT YADAORAO PADOLE","BHANDARA-GONDIYA","Images","27-Feb-2026","697396"
"379","Normal/Others","WS/MP18115/2025-2026/186488-Construction of roads, link roads, pathways or any other road with or without drainage system","Maharashtra","BHANDARA(DISTRICT COLLECTOR BHANDARA_IDA)","Construction of Cement Road","DR. PRASHANT YADAORAO PADOLE","BHANDARA-GONDIYA","Images","21-Mar-2026","687408"
"380","Normal/Others","WS/MP18115/2026-2027/186493-Construction of roads, link roads, pathways or any other road with or without drainage system","Maharashtra","BHANDARA(DISTRICT COLLECTOR BHANDARA_IDA)","Installation of Paver Block (Interlocking)","DR. PRASHANT YADAORAO PADOLE","BHANDARA-GONDIYA","Images","11-Apr-2026","299649"
"381","Normal/Others","WS/MP18115/2025-2026/186494-Construction of boundary walls of existing public and community buildings","Maharashtra","BHANDARA(DISTRICT COLLECTOR BHANDARA_IDA)","Construction of compound wall and beautification","DR. PRASHANT YADAORAO PADOLE","BHANDARA-GONDIYA","Images","21-Mar-2026","497428"
"382","Normal/Others","WS/MP18129/2025-2026/186530-Construction of roads, link roads, pathways or any other road with or without drainage system","Maharashtra","PUNE(DISTRICT COLLECTOR PUNE_IDA)","Sai Ganesh Park S.No. 122, Khandvenagar Lohegaon, road in front of Shri Aaij Niwas to Kokate Niwas to be concretized.","MURLIDHAR MOHOL","PUNE","Images","31-Jul-2025","999995"
"383","Normal/Others","WS/MP18129/2025-2026/186531-Construction of roads, link roads, pathways or any other road with or without drainage system","Maharashtra","PUNE(DISTRICT COLLECTOR PUNE_IDA)","Asphalting of roads in lane no. 01 and 02 at Sai Ganesh Park, S.N. 122, Khandwe Nagar, Lohegaon.","MURLIDHAR MOHOL","PUNE","Images","31-Jul-2025","999985"
"384","Normal/Others","WS/MP18129/2025-2026/186532-Construction of roads, link roads, pathways or any other road with or without drainage system","Maharashtra","PUNE(DISTRICT COLLECTOR PUNE_IDA)","Asphalting of roads in lane no. 03 and 04 at Sai Ganesh Park, S.N. 122, Khandwe Nagar, Lohegaon.","MURLIDHAR MOHOL","PUNE","Images","31-Jul-2025","999999"
"385","Normal/Others","WS/MP18129/2025-2026/186533-Construction of roads, link roads, pathways or any other road with or without drainage system","Maharashtra","PUNE(DISTRICT COLLECTOR PUNE_IDA)","Sai Ganesh Park S.N. 122 Khandvenagar Lohegaon Road from Arora Bungalow to Yogiraj Residency to be concretized.","MURLIDHAR MOHOL","PUNE","Images","01-Dec-2025","999348"
"386","Normal/Others","WS/MP18280/2025-2026/186636-Lighting of public spaces","Maharashtra","SOLAPUR(DISTRICT COLLECTOR SOLAPUR_IDA)","Implementation of Solar High Mast at Shri TuljaBhawani Temple, In front of Shri Mari Aaie Temple, at Pophalaj, Tal. Karmala, Dist. Solapur","MOHITE PATIL DHAIRYASHEEL RAJSINH","MADHA","N/A","11-Mar-2026","215332"
"387","Normal/Others","WS/MP18280/2025-2026/186637-Lighting of public spaces","Maharashtra","SOLAPUR(DISTRICT COLLECTOR SOLAPUR_IDA)","Implementation of Solar High Mast at Landa Hira Chowk, Ap. Chikhalthan, Tal. Karmala, Dist. Solapur","MOHITE PATIL DHAIRYASHEEL RAJSINH","MADHA","N/A","04-Mar-2026","215332"
"388","Normal/Others","WS/MP18280/2025-2026/186638-Lighting of public spaces","Maharashtra","SOLAPUR(DISTRICT COLLECTOR SOLAPUR_IDA)","Installation of Solar High Mast on Kem Road, Patil wasti, Garad Wasti Chowk, at Kandar, Tal. Karmala, Dist. Solapur","MOHITE PATIL DHAIRYASHEEL RAJSINH","MADHA","N/A","04-Mar-2026","215332"
"389","Normal/Others","WS/MP18280/2025-2026/186639-Lighting of public spaces","Maharashtra","SOLAPUR(DISTRICT COLLECTOR SOLAPUR_IDA)","Installation of Solar High Mast near Vikasnagar Vyayam Shala at Kem, Tal. Karmala, Dist. Solapur","MOHITE PATIL DHAIRYASHEEL RAJSINH","MADHA","N/A","04-Mar-2026","215332"
"390","Repair and Renovation","WS/MP18116/2025-2026/186699-Construction of roads, link roads, pathways or any other road with or without drainage system","Maharashtra","THANE(DISTRICT COLLECTOR THANE_IDA)","Fixing paver block at Karivali Village, Tal. Bhiwandi","BALYA MAMA SURESH GOPINATH MHATRE","BHIWANDI","N/A","15-Apr-2026","996428"
"391","Normal/Others","WS/MP18280/2025-2026/186712-Lighting of public spaces","Maharashtra","SOLAPUR(DISTRICT COLLECTOR SOLAPUR_IDA)","Installation of Solar High Mast at Nagoba Katta, ap. Parite, Tal. Madha, Dist. Solapur","MOHITE PATIL DHAIRYASHEEL RAJSINH","MADHA","N/A","04-Mar-2026","215332"
"392","Normal/Others","WS/MP18280/2025-2026/186713-Lighting of public spaces","Maharashtra","SOLAPUR(DISTRICT COLLECTOR SOLAPUR_IDA)","Installation of Solar High Mast at C.Shivaji Maharaj Chowk, Ap. Aran, Tal. Madha, Dist. Solapur","MOHITE PATIL DHAIRYASHEEL RAJSINH","MADHA","N/A","04-Mar-2026","215332"
"393","Normal/Others","WS/MP18280/2025-2026/186714-Lighting of public spaces","Maharashtra","SOLAPUR(DISTRICT COLLECTOR SOLAPUR_IDA)","Installation of Solar High Mast at Gavthan, Maske Wasti, ap. Manegav, Tal. Madha, Dist. Solapur","MOHITE PATIL DHAIRYASHEEL RAJSINH","MADHA","N/A","04-Mar-2026","215332"
"394","Normal/Others","WS/MP18280/2025-2026/186715-Lighting of public spaces","Maharashtra","SOLAPUR(DISTRICT COLLECTOR SOLAPUR_IDA)","Installation of Solar High Mast in front of Nagoba Katta, ap. Manegav, Tal.Madha, Dist. Solapur","MOHITE PATIL DHAIRYASHEEL RAJSINH","MADHA","N/A","28-Feb-2026","215332"
"395","Normal/Others","WS/MP18280/2025-2026/186716-Lighting of public spaces","Maharashtra","SOLAPUR(DISTRICT COLLECTOR SOLAPUR_IDA)","Installation of SolarHigh Mast at Aadhar Vrush Ashram ap. Wadachiwadi (U.Bu) Tal. Madha, Dist. Solapur","MOHITE PATIL DHAIRYASHEEL RAJSINH","MADHA","N/A","28-Feb-2026","215332"
"396","Normal/Others","WS/MP18280/2025-2026/186717-Lighting of public spaces","Maharashtra","SOLAPUR(DISTRICT COLLECTOR SOLAPUR_IDA)","Installation of Solar High Mast in More Wasti, ap. Tulshi, Tal. Madha, Dist. Solapur","MOHITE PATIL DHAIRYASHEEL RAJSINH","MADHA","N/A","28-Feb-2026","215332"
"397","Normal/Others","WS/MP18280/2025-2026/186814-Lighting of public spaces","Maharashtra","SOLAPUR(DISTRICT COLLECTOR SOLAPUR_IDA)","Installment of Solar High Mast at Pandharinath Dudhe Chowk, ap. Pande, Tal. Karmala, Dist. Solapur","MOHITE PATIL DHAIRYASHEEL RAJSINH","MADHA","N/A","04-Mar-2026","215332"
"398","Normal/Others","WS/MP18280/2025-2026/186965-Lighting of public spaces","Maharashtra","SOLAPUR(DISTRICT COLLECTOR SOLAPUR_IDA)","Installation of Solar High Mast Next to DCC Bank, near to Swami Samarth Mandir Wasti, Ap. Dahigav, Tal. Malshiras, Dist. Solapur","MOHITE PATIL DHAIRYASHEEL RAJSINH","MADHA","N/A","28-Feb-2026","215332"
"399","Normal/Others","WS/MP18280/2025-2026/186966-Lighting of public spaces","Maharashtra","SOLAPUR(DISTRICT COLLECTOR SOLAPUR_IDA)","Installation of Solar High Mast at Prabhag No.04, Near Sorte Wasti, At. Natepute, Tal. Malshiras, Dist. Solapur","MOHITE PATIL DHAIRYASHEEL RAJSINH","MADHA","N/A","04-Mar-2026","215332"
"400","Normal/Others","WS/MP18280/2025-2026/186967-Lighting of public spaces","Maharashtra","SOLAPUR(DISTRICT COLLECTOR SOLAPUR_IDA)","Installation of Solar High Mast in front of Shri Banling Mandir, near to Yogesh Dhobale House Zopadpatti, At. Fondshiras, Tal. Malshiras, Dist. Solapur","MOHITE PATIL DHAIRYASHEEL RAJSINH","MADHA","N/A","04-Mar-2026","215332"
"401","Normal/Others","WS/MP18280/2025-2026/186968-Lighting of public spaces","Maharashtra","SOLAPUR(DISTRICT COLLECTOR SOLAPUR_IDA)","Installation of Solar High Mast Near Lakshminagar Abhyasika, At. Mandve, Tal. Malshiras, Dist. Solapur","MOHITE PATIL DHAIRYASHEEL RAJSINH","MADHA","N/A","27-Feb-2026","215332"
"402","Normal/Others","WS/MP18280/2025-2026/186969-Lighting of public spaces","Maharashtra","SOLAPUR(DISTRICT COLLECTOR SOLAPUR_IDA)","Installation of Solar High Mast at Shri Ram Mandir, Ap. Girvi, Tal. Malshiras, Dist. Solapur","MOHITE PATIL DHAIRYASHEEL RAJSINH","MADHA","N/A","11-Mar-2026","215332"
"403","Normal/Others","WS/MP18280/2025-2026/186971-Lighting of public spaces","Maharashtra","SOLAPUR(DISTRICT COLLECTOR SOLAPUR_IDA)","Installation of Solar High Mast near Gorve Wasti, Sadabhaunagar, Navchari, Ap. Bagewadi, Tal. Malshiras, Dist. Solapur","MOHITE PATIL DHAIRYASHEEL RAJSINH","MADHA","N/A","28-Feb-2026","215332"
"404","Normal/Others","WS/MP18280/2025-2026/186972-Lighting of public spaces","Maharashtra","SOLAPUR(DISTRICT COLLECTOR SOLAPUR_IDA)","Installation of Solar High Mast in Gavthan, Raut-Kazi Wasti, Ap. Khudus, Tal. Malshiras, Dist. Solapur","MOHITE PATIL DHAIRYASHEEL RAJSINH","MADHA","N/A","04-Mar-2026","215332"
"405","Normal/Others","WS/MP18280/2025-2026/186973-Lighting of public spaces","Maharashtra","SOLAPUR(DISTRICT COLLECTOR SOLAPUR_IDA)","Installation of Solar High Mast in Shivkirtinagar, Ap. Malewadi (A), Tal. Malshiras, Dist. Solapur","MOHITE PATIL DHAIRYASHEEL RAJSINH","MADHA","N/A","28-Feb-2026","215332"
"406","Normal/Others","WS/MP18280/2025-2026/186974-Lighting of public spaces","Maharashtra","SOLAPUR(DISTRICT COLLECTOR SOLAPUR_IDA)","Installation of Solar High Mast Panchwati Bypass, Palkhi Marg, Ap. Akluj, Tal. Malshiras, Dist. Solapur","MOHITE PATIL DHAIRYASHEEL RAJSINH","MADHA","N/A","04-Mar-2026","215332"
"407","Normal/Others","WS/MP18280/2025-2026/186976-Lighting of public spaces","Maharashtra","SOLAPUR(DISTRICT COLLECTOR SOLAPUR_IDA)","Installation of Solar High Mast in Ramamata Colony, Ap. Malinagar, Tal. Malshiras, Dist. Solapur","MOHITE PATIL DHAIRYASHEEL RAJSINH","MADHA","N/A","04-Mar-2026","215332"
"408","Normal/Others","WS/MP18280/2025-2026/186977-Lighting of public spaces","Maharashtra","SOLAPUR(DISTRICT COLLECTOR SOLAPUR_IDA)","Installation of Solar High Mast near East side Pir Sahab Dargah, Ap. Maloli, Tal. Malshiras, Dist. Solapur","MOHITE PATIL DHAIRYASHEEL RAJSINH","MADHA","N/A","27-Feb-2026","215332"
"409","Normal/Others","WS/MP18280/2025-2026/186978-Lighting of public spaces","Maharashtra","SOLAPUR(DISTRICT COLLECTOR SOLAPUR_IDA)","Installation of Solar High Mast at the back of Shri Yamaie Devi Temples Main Chowk, Ap. Mahalung, Tal. Malshiras, Dist. Solapur","MOHITE PATIL DHAIRYASHEEL RAJSINH","MADHA","N/A","28-Feb-2026","215332"
"410","Normal/Others","WS/MP18280/2025-2026/186979-Lighting of public spaces","Maharashtra","SOLAPUR(DISTRICT COLLECTOR SOLAPUR_IDA)","Installation of Solar High Mast in front of old Grampanchaya office, Ap. Borgaon, Tal. Malshiras, Dist. Solapur","MOHITE PATIL DHAIRYASHEEL RAJSINH","MADHA","N/A","04-Mar-2026","215332"
"411","Normal/Others","WS/MP18280/2025-2026/186994-Lighting of public spaces","Maharashtra","SOLAPUR(DISTRICT COLLECTOR SOLAPUR_IDA)","Installation of Solar High Mast in front of Grampanchayat, Ap. Mahud, Tal. Sangole, Dist. Solapur","MOHITE PATIL DHAIRYASHEEL RAJSINH","MADHA","N/A","27-Feb-2026","215332"
"412","Normal/Others","WS/MP18280/2025-2026/186995-Lighting of public spaces","Maharashtra","SOLAPUR(DISTRICT COLLECTOR SOLAPUR_IDA)","Installation of Solar High Mast front of Shri Datta Mandir, Ch. Shivaji Maharaj Statue, Ap.Ekhatpur,  Tal. Sangole, Dist. Solapur","MOHITE PATIL DHAIRYASHEEL RAJSINH","MADHA","N/A","28-Feb-2026","215332"
"413","Normal/Others","WS/MP18280/2025-2026/186996-Lighting of public spaces","Maharashtra","SOLAPUR(DISTRICT COLLECTOR SOLAPUR_IDA)","Installation of Solar High Mast in Prabhag No.08, Koshti Galli In fron of Botres House, Ap. Sangola,  Tal. Sangole, Dist. Solapur","MOHITE PATIL DHAIRYASHEEL RAJSINH","MADHA","N/A","27-Feb-2026","215332"
"414","Normal/Others","WS/MP18280/2025-2026/186997-Lighting of public spaces","Maharashtra","SOLAPUR(DISTRICT COLLECTOR SOLAPUR_IDA)","Installation of Solar High Mast at Kola Road, in front of Junoni High School, Ap. Junoni,  Tal. Sangole, Dist. Solapur","MOHITE PATIL DHAIRYASHEEL RAJSINH","MADHA","N/A","27-Feb-2026","215332"
"415","Normal/Others","WS/MP18280/2025-2026/186998-Lighting of public spaces","Maharashtra","SOLAPUR(DISTRICT COLLECTOR SOLAPUR_IDA)","Installation of Solar High Mast in front of Grampanchayat Office, Ap. Gherdi,  Tal. Sangole, Dist. Solapur","MOHITE PATIL DHAIRYASHEEL RAJSINH","MADHA","N/A","28-Feb-2026","215332"
"416","Normal/Others","WS/MP18280/2025-2026/186999-Lighting of public spaces","Maharashtra","SOLAPUR(DISTRICT COLLECTOR SOLAPUR_IDA)","Installation of Solar High Mast in Beghar Wasti, Ap. Mahim, Tal. Sangole, Dist. Solapur","MOHITE PATIL DHAIRYASHEEL RAJSINH","MADHA","N/A","04-Mar-2026","215332"
"417","Normal/Others","WS/MP18111/2025-2026/187050-Construction of roads, link roads, pathways or any other road with or without drainage system","Maharashtra","AKOLA(DISTRICT COLLECTOR AKOLA_IDA)","Construction of Cement Road at Kheldeshpande from Raju Gotmare to Bharat Vidyalay to Anil Kalinge","ANUP SANJAY DHOTRE","AKOLA","N/A","28-Jan-2026","979216"
"418","Normal/Others","WS/MP18111/2025-2026/187053-Construction of roads, link roads, pathways or any other road with or without drainage system","Maharashtra","AKOLA(DISTRICT COLLECTOR AKOLA_IDA)","Construction of Cement Road at Pathardi from Mahadev Mandir to Prashant Shegokar house.","ANUP SANJAY DHOTRE","AKOLA","Images","15-Dec-2025","988642"
"419","Normal/Others","WS/MP18111/2025-2026/187060-Construction of roads, link roads, pathways or any other road with or without drainage system","Maharashtra","AKOLA(DISTRICT COLLECTOR AKOLA_IDA)","Construction of Cement Road atTajnapur from house of Rahul Dinkar Mendhe to house of Shriram Shamrao Tidke","ANUP SANJAY DHOTRE","AKOLA","N/A","31-Oct-2025","972537"
"420","Normal/Others","WS/MP18111/2025-2026/187064-Construction of roads, link roads, pathways or any other road with or without drainage system","Maharashtra","AKOLA(DISTRICT COLLECTOR AKOLA_IDA)","Construction of Cement Road at Amboda from house of Anil Sawarkar to house of Anil Deshmukh","ANUP SANJAY DHOTRE","AKOLA","Images","10-Mar-2026","987534"
"421","Normal/Others","WS/MP18111/2025-2026/187068-Construction of roads, link roads, pathways or any other road with or without drainage system","Maharashtra","AKOLA(DISTRICT COLLECTOR AKOLA_IDA)","Construction of Cement Road at Mundgaon from house of Pradip Sable to Nitin Gadge house.","ANUP SANJAY DHOTRE","AKOLA","N/A","05-Feb-2026","987455"
"422","Normal/Others","WS/MP18111/2025-2026/187074-Construction of roads, link roads, pathways or any other road with or without drainage system","Maharashtra","AKOLA(DISTRICT COLLECTOR AKOLA_IDA)","Construction of Cement Road at Patur Jirayat  Shikshak Colony from house of Sanjay Patil to house of Devidas Adolkar","ANUP SANJAY DHOTRE","AKOLA","Images","05-Dec-2025","990061"
"423","Normal/Others","WS/MP18111/2025-2026/187078-Construction of roads, link roads, pathways or any other road with or without drainage system","Maharashtra","AKOLA(DISTRICT COLLECTOR AKOLA_IDA)","Construction of Cement Road at Ghota from house of Pandhari Donode to house of Dinkar Tawade","ANUP SANJAY DHOTRE","AKOLA","N/A","14-Oct-2025","986977"
"424","Normal/Others","WS/MP18111/2025-2026/187082-Construction of roads, link roads, pathways or any other road with or without drainage system","Maharashtra","AKOLA(DISTRICT COLLECTOR AKOLA_IDA)","Construction of Cement Road at Rajanda from Shivaji Maharaj Chowk to Bandu Kaldate house to Gurudev Chowk","ANUP SANJAY DHOTRE","AKOLA","N/A","21-Nov-2025","983626"
"425","Normal/Others","WS/MP18111/2025-2026/187087-Construction of roads, link roads, pathways or any other road with or without drainage system","Maharashtra","AKOLA(DISTRICT COLLECTOR AKOLA_IDA)","Construction of Cement Road at Jalalabad from house of Prafulla Vasant Thorat to Mungsaji Maharaj Mandir","ANUP SANJAY DHOTRE","AKOLA","N/A","14-Oct-2025","986905"
"426","Normal/Others","WS/MP18111/2025-2026/187088-Construction of roads, link roads, pathways or any other road with or without drainage system","Maharashtra","AKOLA(DISTRICT COLLECTOR AKOLA_IDA)","Construction of Cement Road at Vadgaon from Durga Devi Mandir to house of Kishor Nilkhan","ANUP SANJAY DHOTRE","AKOLA","N/A","14-Oct-2025","986743"
"427","Normal/Others","WS/MP18111/2025-2026/187100-Construction of roads, link roads, pathways or any other road with or without drainage system","Maharashtra","AKOLA(DISTRICT COLLECTOR AKOLA_IDA)","Construction of Cement Road at Bhamberi from house of Manohar Umale to house of Gajanan Wankhade","ANUP SANJAY DHOTRE","AKOLA","N/A","12-Oct-2025","988046"
"428","Normal/Others","WS/MP18111/2025-2026/187101-Construction of roads, link roads, pathways or any other road with or without drainage system","Maharashtra","AKOLA(DISTRICT COLLECTOR AKOLA_IDA)","Construction of Cement Road at Nimbha from house of Jugalkishor Kedia to house of Umesh Kule","ANUP SANJAY DHOTRE","AKOLA","N/A","06-Oct-2025","970750"
"429","Normal/Others","WS/MP18111/2025-2026/187103-Construction of community centers and community halls","Maharashtra","AKOLA(DISTRICT COLLECTOR AKOLA_IDA)","Construction of Community Hall at Dhanora Tribal locality","ANUP SANJAY DHOTRE","AKOLA","N/A","12-Jan-2026","984417"
"430","Normal/Others","WS/MP18111/2025-2026/187104-Construction of roads, link roads, pathways or any other road with or without drainage system","Maharashtra","AKOLA(DISTRICT COLLECTOR AKOLA_IDA)","Construction of Cement Road at Nimbhora from house of Dayaram Vasatkar to house of Pankaj Kale","ANUP SANJAY DHOTRE","AKOLA","N/A","29-Aug-2025","987554"
"431","Normal/Others","WS/MP18111/2025-2026/187111-Construction of roads, link roads, pathways or any other road with or without drainage system","Maharashtra","AKOLA(DISTRICT COLLECTOR AKOLA_IDA)","Construction of Cement Road at Rustamabad from house of Balkrushna Kakad to house of Shriram Tupwade","ANUP SANJAY DHOTRE","AKOLA","N/A","31-Jul-2025","987502"
"432","Normal/Others","WS/MP18111/2025-2026/187113-Construction of roads, link roads, pathways or any other road with or without drainage system","Maharashtra","AKOLA(DISTRICT COLLECTOR AKOLA_IDA)","Construction of Cement Road at Kanheri Sarap from house of Amol Bhatkhede to Dnyaneshwar Gondal house","ANUP SANJAY DHOTRE","AKOLA","Images","06-Oct-2025","986385"
"433","Normal/Others","WS/MP18111/2025-2026/187116-Construction of roads, link roads, pathways or any other road with or without drainage system","Maharashtra","AKOLA(DISTRICT COLLECTOR AKOLA_IDA)","Construction of Cement Road at Bori from house of Ganeshrao Shanware to house of Narayanrao Bawaskar","ANUP SANJAY DHOTRE","AKOLA","Images","13-Feb-2026","986782"
"434","Normal/Others","WS/MP18111/2025-2026/187118-Construction of roads, link roads, pathways or any other road with or without drainage system","Maharashtra","AKOLA(DISTRICT COLLECTOR AKOLA_IDA)","Construction of Cement Road at kotha from Gajanan Maharaj Mandir to Gram Panchayat","ANUP SANJAY DHOTRE","AKOLA","Images","05-Feb-2026","984714"
"435","Normal/Others","WS/MP18111/2025-2026/187119-Construction of roads, link roads, pathways or any other road with or without drainage system","Maharashtra","AKOLA(DISTRICT COLLECTOR AKOLA_IDA)","Construction of Cement Road at Sawara from house of Ramrao Nage to Aasara Mata Mandir","ANUP SANJAY DHOTRE","AKOLA","Images","30-Oct-2025","981707"
"436","Normal/Others","WS/MP18111/2025-2026/187122-Construction of roads, link roads, pathways or any other road with or without drainage system","Maharashtra","AKOLA(DISTRICT COLLECTOR AKOLA_IDA)","Construction of Cement Road at Edlapur from house of Gajanan Kolhe to Sunil Paliwal house","ANUP SANJAY DHOTRE","AKOLA","Images","28-Mar-2026","976441"
"437","Normal/Others","WS/MP18369/2025-2026/187442-Installing tube-wells and borewells","Maharashtra","YAVATMAL(DISTRICT COLLECTOR YAVATMAL_IDA)","Grampanchayat Wanoli, Ward No2 khedi ya gavat navin Borewell , pump, taaki basavine.","Sanjay Uttamrao Deshmukh","YAVATMAL-WASHIM","Images","27-Nov-2025","199636"
"438","Normal/Others","WS/MP18369/2025-2026/187445-Construction of roads, link roads, pathways or any other road with or without drainage system","Maharashtra","YAVATMAL(DISTRICT COLLECTOR YAVATMAL_IDA)","Grampanchayat Shelu Kh tel.Pusad ward No.1 madhye Vikas Patil yanchya Ghara Pasun te Ganesh patil yanchya Gharaparynt Paver Block Basavine.","Sanjay Uttamrao Deshmukh","YAVATMAL-WASHIM","Images","18-Nov-2025","694759"
"439","Normal/Others","WS/MP18369/2026-2027/187446-Security gates in streets/public place for safety purpose","Maharashtra","YAVATMAL(DISTRICT COLLECTOR YAVATMAL_IDA)","Godhni Kota Yethe Pawan sut Vyayam Shalechya Bajune khulya jagevarti taar coumpound bandhne.","Sanjay Uttamrao Deshmukh","YAVATMAL-WASHIM","Images","07-May-2026","491821"
"440","Normal/Others","WS/MP18369/2025-2026/187447-Construction of roads, link roads, pathways or any other road with or without drainage system","Maharashtra","YAVATMAL(DISTRICT COLLECTOR YAVATMAL_IDA)","Grampanchayat Varud Yethil ashwinipur yethe Dharma chavan yanchya gharapasun te govind chavan yanchya gharaparynt cement concrete road bandhkam karne.","Sanjay Uttamrao Deshmukh","YAVATMAL-WASHIM","Images","31-Jul-2025","484924"
"441","Normal/Others","WS/MP18111/2025-2026/187508-Construction of roads, link roads, pathways or any other road with or without drainage system","Maharashtra","AKOLA(DISTRICT COLLECTOR AKOLA_IDA)","Construction of Cement Road at Talegaon Bajar from Gordha Road to Pundlik Mohe house","ANUP SANJAY DHOTRE","AKOLA","N/A","22-Nov-2025","985973"
"442","Normal/Others","WS/MP18111/2025-2026/187509-Construction of roads, link roads, pathways or any other road with or without drainage system","Maharashtra","AKOLA(DISTRICT COLLECTOR AKOLA_IDA)","Construction of Cement Road at Khaparkhed from house of Balu Pote to house of Daberao","ANUP SANJAY DHOTRE","AKOLA","Images","09-Oct-2025","958282"
"443","Normal/Others","WS/MP18111/2026-2027/187511-Construction of roads, link roads, pathways or any other road with or without drainage system","Maharashtra","AKOLA(DISTRICT COLLECTOR AKOLA_IDA)","Construction of Cement Road at Kurankhed from Mahadeo Mandir to house of Umesh Ingale and House of Subhash Malani to Main Road","ANUP SANJAY DHOTRE","AKOLA","Images","29-Apr-2026","990840"
"444","Normal/Others","WS/MP18111/2025-2026/187532-Construction of roads, link roads, pathways or any other road with or without drainage system","Maharashtra","AKOLA(DISTRICT COLLECTOR AKOLA_IDA)","Providing Paver blocks from the house of Keshavrao Tathod to house of Baburao Khole","ANUP SANJAY DHOTRE","AKOLA","N/A","12-Oct-2025","970977"
"445","Normal/Others","WS/MP18111/2025-2026/187534-Construction of roads, link roads, pathways or any other road with or without drainage system","Maharashtra","AKOLA(DISTRICT COLLECTOR AKOLA_IDA)","Construction of Cement Road at Karla from Aanganwadi to house of Anil Baburao Bajare","ANUP SANJAY DHOTRE","AKOLA","N/A","09-Dec-2025","987005"
"446","Normal/Others","WS/MP18111/2025-2026/187541-Construction of roads, link roads, pathways or any other road with or without drainage system","Maharashtra","AKOLA(DISTRICT COLLECTOR AKOLA_IDA)","Construction of Tar Road in Prabhag 15 Adarsh Colony from Balaji Medical to Dr Awade clinic","ANUP SANJAY DHOTRE","AKOLA","Images","04-Dec-2025","992607"
"447","Normal/Others","WS/MP18111/2025-2026/187543-Construction of roads, link roads, pathways or any other road with or without drainage system","Maharashtra","AKOLA(DISTRICT COLLECTOR AKOLA_IDA)","Constructionof Tar Road at Prabhag 20 from Ring road to house of Shri Dhole","ANUP SANJAY DHOTRE","AKOLA","Images","04-Dec-2025","992728"
"448","Normal/Others","WS/MP18280/2025-2026/187601-Lighting of public spaces","Maharashtra","SOLAPUR(DISTRICT COLLECTOR SOLAPUR_IDA)","Installation of Solar High Mast at Suste Road, in front MSEB office,Ap. Tungat, Tal. Pandharpur, Dist. Solapur","MOHITE PATIL DHAIRYASHEEL RAJSINH","MADHA","N/A","04-Mar-2026","215332"
"449","Normal/Others","WS/MP18280/2025-2026/187602-Lighting of public spaces","Maharashtra","SOLAPUR(DISTRICT COLLECTOR SOLAPUR_IDA)","Installation of Solar High Mast near Shri Tambda Maruti Temple, Ap. Babhulgaon,  Tal. Pandharpur, Dist. Solapur","MOHITE PATIL DHAIRYASHEEL RAJSINH","MADHA","N/A","04-Mar-2026","215332"
"450","Normal/Others","WS/MP18280/2025-2026/187603-Lighting of public spaces","Maharashtra","SOLAPUR(DISTRICT COLLECTOR SOLAPUR_IDA)","Installation of Solar High Mast in front of Grampanchayat Shoping Centre, Ap. Mendhapur, Tal. Pandharpur, Dist. Solapur","MOHITE PATIL DHAIRYASHEEL RAJSINH","MADHA","N/A","27-Feb-2026","215332"
"451","Normal/Others","WS/MP18280/2025-2026/187604-Lighting of public spaces","Maharashtra","SOLAPUR(DISTRICT COLLECTOR SOLAPUR_IDA)","Installation of Solar High Mast at Somwar Peth, near Shri ram Temple, Ap. Karkamb, Tal. Pandharpur, Dist. Solapur","MOHITE PATIL DHAIRYASHEEL RAJSINH","MADHA","N/A","04-Mar-2026","215332"
"452","Normal/Others","WS/MP18280/2025-2026/187605-Lighting of public spaces","Maharashtra","SOLAPUR(DISTRICT COLLECTOR SOLAPUR_IDA)","Installation of Solar High Mast near Shri Ganpati Temple, Ap. Suste, Tal. Pandharpur, Dist. Solapur","MOHITE PATIL DHAIRYASHEEL RAJSINH","MADHA","N/A","04-Mar-2026","215332"
"453","Normal/Others","WS/MP18280/2025-2026/187606-Lighting of public spaces","Maharashtra","SOLAPUR(DISTRICT COLLECTOR SOLAPUR_IDA)","Installation of Solar High Mast near Dattu Hanumant Shinde House, Ap. Kanhapuri Tal. Pandharpur, Dist. Solapur","MOHITE PATIL DHAIRYASHEEL RAJSINH","MADHA","N/A","28-Feb-2026","215332"
"454","Normal/Others","WS/MP18280/2025-2026/187607-Lighting of public spaces","Maharashtra","SOLAPUR(DISTRICT COLLECTOR SOLAPUR_IDA)","Installation of Solar High Mast near Shri Maruti Temple, Ap. Ropale, Tal. Pandharpur, Dist. Solapur","MOHITE PATIL DHAIRYASHEEL RAJSINH","MADHA","N/A","27-Feb-2026","215332"
"455","Normal/Others","WS/MP685/2025-2026/187645-Construction of roads, link roads, pathways or any other road with or without drainage system","Maharashtra","PUNE(DISTRICT COLLECTOR PUNE_IDA)","Construct a Road At Thergaon Ward 23 sandip Nagar near ashvini Mini Market In PCMC","Shrirang Appa Barne","MAVAL","Images","06-Mar-2026","1000000"
"456","Normal/Others","WS/MP685/2025-2026/187646-Construction of roads, link roads, pathways or any other road with or without drainage system","Maharashtra","PUNE(DISTRICT COLLECTOR PUNE_IDA)","Construct road At Thergaon PCmc Area in Sandip Nagar sainath colony","Shrirang Appa Barne","MAVAL","Images","06-Mar-2026","1000000"
"457","Normal/Others","WS/MP685/2025-2026/187994-Construction of roads, link roads, pathways or any other road with or without drainage system","Maharashtra","RAIGAD(DISTRICT COLLECTOR RAIGAD_IDA)","Construction Of Raod At Chiple Tal Panvel Dist Raigad Between Bhokarpada To Devad  Jod Rasta","Shrirang Appa Barne","MAVAL","Images","27-Feb-2026","1498219"
"458","Normal/Others","WS/MP685/2025-2026/187995-Construction of roads, link roads, pathways or any other road with or without drainage system","Maharashtra","RAIGAD(DISTRICT COLLECTOR RAIGAD_IDA)","Construction Of Road At Vakdi Tal Panvel Dist Raigad Between Gavdevi Mandir To Smashan Bhumi Road","Shrirang Appa Barne","MAVAL","Images","09-Apr-2026","999000"
"459","Normal/Others","WS/MP18118/2025-2026/188284-Crematoriums/energy efficient crematoriums or structures on burial/cremation ground","Maharashtra","NASHIK(DISTRICT COLLECTOR NASHIK_IDA)","Construction of a cemetery at Thavilpada, Surgana, Chikadi, Mouje (ST) (No. 418))","BHASKAR MURLIDHAR BHAGARE","DINDORI(ST)","Images","27-Jan-2026","698000"
"460","Normal/Others","WS/MP18118/2025-2026/188286-Construction of buildings for community cultural activities","Maharashtra","NASHIK(DISTRICT COLLECTOR NASHIK_IDA)","Construction of a meeting hall in the premises of the ZP Primary School in Mouje Pratapgad, Taluka Surgana. (M.No. 182)","BHASKAR MURLIDHAR BHAGARE","DINDORI(ST)","Images","27-Jan-2026","699000"
"461","Normal/Others","WS/MP18118/2025-2026/188292-Construction of community centers and community halls","Maharashtra","NASHIK(DISTRICT COLLECTOR NASHIK_IDA)","Construction of a meeting hall at Donwada. Tal. Peth Dist. Nashik (Property No. 353)","BHASKAR MURLIDHAR BHAGARE","DINDORI(ST)","Images","08-Dec-2025","998000"
"462","Normal/Others","WS/MP18118/2025-2026/188299-Crematoriums/energy efficient crematoriums or structures on burial/cremation ground","Maharashtra","NASHIK(DISTRICT COLLECTOR NASHIK_IDA)","Construction of Dashakriya ritual shed at Krishnagaon. Taluka Dindori District Nashik (Survey No. and Sub-Division-306)","BHASKAR MURLIDHAR BHAGARE","DINDORI(ST)","Images","25-Nov-2025","998000"
"463","Repair and Renovation","WS/MP18118/2025-2026/188300-Construction of community centers and community halls","Maharashtra","NASHIK(DISTRICT COLLECTOR NASHIK_IDA)","Construction of a meeting hall in front of Maruti Temple at Palkhed (Mirchi). Taluka Niphad, Dist. Nashik (Property No. 415)","BHASKAR MURLIDHAR BHAGARE","DINDORI(ST)","Images","16-Dec-2025","990001"
"464","Normal/Others","WS/MP18118/2025-2026/188306-Construction of community centers and community halls","Maharashtra","NASHIK(DISTRICT COLLECTOR NASHIK_IDA)","Construction of a pavilion at the Senior Citizens Building in Vadner Bhairav Chandwad, Village Property No. 208 1A","BHASKAR MURLIDHAR BHAGARE","DINDORI(ST)","Images","23-Mar-2026","800000"
"465","Normal/Others","WS/MP18118/2025-2026/188310-Crematoriums/energy efficient crematoriums or structures on burial/cremation ground","Maharashtra","NASHIK(DISTRICT COLLECTOR NASHIK_IDA)","Construction of a cemetery at Narayangaon, Malegaon (A) Taluka Nandgaon. (Group No. and Sub-Division 99)","BHASKAR MURLIDHAR BHAGARE","DINDORI(ST)","Images","02-Feb-2026","800000"
"466","Normal/Others","WS/MP18118/2025-2026/188312-Crematoriums/energy efficient crematoriums or structures on burial/cremation ground","Maharashtra","NASHIK(DISTRICT COLLECTOR NASHIK_IDA)","Construction of a cemetery at Mauje Mahaje, Dindori Taluka. (ST) (M.No.321)","BHASKAR MURLIDHAR BHAGARE","DINDORI(ST)","Images","26-Mar-2026",""
"467","Normal/Others","WS/MP18118/2025-2026/188314-Crematoriums/energy efficient crematoriums or structures on burial/cremation ground","Maharashtra","NASHIK(DISTRICT COLLECTOR NASHIK_IDA)","Construction of a crematorium at Lingavane, Taluka Peth, District Nashik (Group No. and Sub-Division 26 2)","BHASKAR MURLIDHAR BHAGARE","DINDORI(ST)","Images","08-Dec-2025","699000"
"468","Normal/Others","WS/MP18118/2025-2026/188318-Construction of Government office buildings (Post office, Police station, Police chauki, etc.)","Maharashtra","NASHIK(DISTRICT COLLECTOR NASHIK_IDA)","To carry out furniture and other ancillary works of Pade Gram Panchayat Office. Taluka Dindori District Nashik (M.No. 718)","BHASKAR MURLIDHAR BHAGARE","DINDORI(ST)","Images","08-Dec-2025","499000"
"469","Normal/Others","WS/MP18111/2025-2026/188364-Construction of roads, link roads, pathways or any other road with or without drainage system","Maharashtra","AKOLA(DISTRICT COLLECTOR AKOLA_IDA)","Providing Pavers at Mounibaba Sansthan Sirsoli","ANUP SANJAY DHOTRE","AKOLA","Images","03-Feb-2026","287286"
"470","Normal/Others","WS/MP18127/2025-2026/188369-Construction of roads, link roads, pathways or any other road with or without drainage system","Maharashtra","NASHIK(DISTRICT COLLECTOR NASHIK_IDA)","Concreting of road at Ward No. 4, Sansari. T.D. Nashik","RAJABHAU","NASHIK","Images","05-Dec-2025","989500"
"471","Normal/Others","WS/MP18127/2025-2026/188372-Construction of roads, link roads, pathways or any other road with or without drainage system","Maharashtra","NASHIK(DISTRICT COLLECTOR NASHIK_IDA)","Concreting the road in the Bhikanbaba Temple area of Dapur  Sinnar","RAJABHAU","NASHIK","Images","07-Mar-2026","745000"
"472","Normal/Others","WS/MP18127/2025-2026/188373-Construction of community centers and community halls","Maharashtra","NASHIK(DISTRICT COLLECTOR NASHIK_IDA)","Construction of a social hall at Annabhau Sathe Nagar, Gonde, Sinnar.","RAJABHAU","NASHIK","Images","30-Dec-2025","988000"
"473","Normal/Others","WS/MP18127/2025-2026/188375-Construction of community centers and community halls","Maharashtra","NASHIK(DISTRICT COLLECTOR NASHIK_IDA)","Construction of a hall  leaf shed at Satpur MIDC Plot No. 52 1 E A I Hospital within the limits of Nashik Municipal Corporation Survey No 1090","RAJABHAU","NASHIK","Images","10-Nov-2025","999500"
"474","Normal/Others","WS/MP18127/2025-2026/188377-Construction of community centers and community halls","Maharashtra","NASHIK(DISTRICT COLLECTOR NASHIK_IDA)","Construction of a meeting hall in the tribal settlement of Ashok Nagar, Dhamangaon Taluka Igatpuri District Nashik Property No 1024","RAJABHAU","NASHIK","Images","04-Dec-2025","990000"
"475","Normal/Others","WS/MP18127/2025-2026/188378-Construction of roads, link roads, pathways or any other road with or without drainage system","Maharashtra","NASHIK(DISTRICT COLLECTOR NASHIK_IDA)","To pave the road from Shri Baban Bhaskar Dhikles house to Shri. Sahebrao Dhikles house in Mauje Pimpri Saiyyad, Taluka Nashik","RAJABHAU","NASHIK","Images","13-Aug-2025","692500"
"476","Normal/Others","WS/MP18127/2025-2026/188380-Development of playfields and sports grounds","Maharashtra","NASHIK(DISTRICT COLLECTOR NASHIK_IDA)","Developing the school ground of the grain market in M.N.P. Ward No. 13. T.D. Nashik","RAJABHAU","NASHIK","Images","10-Oct-2025","995092"
"477","Normal/Others","WS/MP18127/2025-2026/188382-Construction of community centers and community halls","Maharashtra","NASHIK(DISTRICT COLLECTOR NASHIK_IDA)","Construction of a meeting hall at Mahalaxmi Nagar, Shilapur Taluka, Nashik. (Group No. and Sub-division 426 A 1","RAJABHAU","NASHIK","Images","04-Nov-2025","799000"
"478","Normal/Others","WS/MP18127/2025-2026/188385-Construction of public irrigation facilities","Maharashtra","NASHIK(DISTRICT COLLECTOR NASHIK_IDA)","Construction of Mori on Dodi B. to Datli road. Tal. Sinnar Dist. Nashik","RAJABHAU","NASHIK","Images","11-Sep-2025","988000"
"479","Normal/Others","WS/MP18127/2025-2026/188389-Construction of roads, link roads, pathways or any other road with or without drainage system","Maharashtra","NASHIK(DISTRICT COLLECTOR NASHIK_IDA)","Construction of pathway in Group No. 1 1A  Vadner Dumala Taluka Nashik","RAJABHAU","NASHIK","Images","04-Nov-2025","989000"
"480","Normal/Others","WS/MP18127/2025-2026/188390-Construction of boundary walls of existing public and community buildings","Maharashtra","NASHIK(DISTRICT COLLECTOR NASHIK_IDA)","Construction of protective wall in Swami Samarth Kendra area at Vadner Taluka Nashik  Survey number and subdivision 1 1 A","RAJABHAU","NASHIK","Images","04-Nov-2025","989000"
"481","Normal/Others","WS/MP18127/2026-2027/188391-Construction of boundary walls of existing public and community buildings","Maharashtra","NASHIK(DISTRICT COLLECTOR NASHIK_IDA)","Construction of protective wall along Shiv Nadis in Nageshwari area. Tal. Sinnar, Dist. Nashik","RAJABHAU","NASHIK","Images","14-May-2026","1426075"
"482","Normal/Others","WS/MP18127/2026-2027/188392-Construction of community centers and community halls","Maharashtra","NASHIK(DISTRICT COLLECTOR NASHIK_IDA)","Construction of a meeting hall in Nehru Chowk area within Sinnar Municipal Council limits","RAJABHAU","NASHIK","Images","30-Apr-2026","2788673"
"483","Normal/Others","WS/MP18127/2025-2026/188393-Construction of roads, link roads, pathways or any other road with or without drainage system","Maharashtra","NASHIK(DISTRICT COLLECTOR NASHIK_IDA)","Concreting at Pimpri Road Odha Shivar Taluka, Nashik.","RAJABHAU","NASHIK","Images","03-Nov-2025","991830"
"484","Normal/Others","WS/MP18127/2025-2026/188398-Construction of public irrigation facilities","Maharashtra","NASHIK(DISTRICT COLLECTOR NASHIK_IDA)","Construction of a sluice gate at Jadhav Vasti in Sonari Village Sinnar Taluka","RAJABHAU","NASHIK","Images","21-Jan-2026","986993"
"485","Normal/Others","WS/MP18127/2025-2026/188399-Construction of community centers and community halls","Maharashtra","NASHIK(DISTRICT COLLECTOR NASHIK_IDA)","Construction of a social hall in Plot No. 29 Group No. 494 2  Ashok Nagar Satpur T D Nashik","RAJABHAU","NASHIK","Images","11-Apr-2026","979000"
"486","Normal/Others","WS/MP18127/2025-2026/188400-Construction of roads, link roads, pathways or any other road with or without drainage system","Maharashtra","NASHIK(DISTRICT COLLECTOR NASHIK_IDA)","Concreting the road at  Takeghoti  Igatpuri Taluka","RAJABHAU","NASHIK","Images","27-Jan-2026","751178"
"487","Normal/Others","WS/MP18127/2025-2026/188401-Construction of public libraries and reading rooms","Maharashtra","NASHIK(DISTRICT COLLECTOR NASHIK_IDA)","Making furniture for students in Kirtangali Sinnar","RAJABHAU","NASHIK","N/A","11-Aug-2025","748000"
"488","Normal/Others","WS/MP18127/2025-2026/188405-Construction of roads, link roads, pathways or any other road with or without drainage system","Maharashtra","NASHIK(DISTRICT COLLECTOR NASHIK_IDA)","Concreting of road under Shevgedang (Phanswadi). Taluka Igatpuri Dist. Nashik","RAJABHAU","NASHIK","Images","26-Nov-2025","985764"
"489","Normal/Others","WS/MP18127/2025-2026/188407-Construction of community centers and community halls","Maharashtra","NASHIK(DISTRICT COLLECTOR NASHIK_IDA)","Electrification of the social hall at  Keru Patil Nagar Taluka Sinnar","RAJABHAU","NASHIK","Images","29-Oct-2025","500000"
"490","Normal/Others","WS/MP18118/2025-2026/188445-Construction of roads, link roads, pathways or any other road with or without drainage system","Maharashtra","NASHIK(DISTRICT COLLECTOR NASHIK_IDA)","Improvement of road toward crematorium way at Pimpalnare Tal Dindori Dist Nashik","BHASKAR MURLIDHAR BHAGARE","DINDORI(ST)","Images","08-Jan-2026","999000"
"491","Normal/Others","WS/MP18112/2025-2026/188585-Construction of community centers and community halls","Maharashtra","AMRAVATI(DISTRICT COLLECTOR AMRAVATI_IDA)","Construction of a  Community hall at Gram Panchayat Surali  Taluka Chandur ward no 2","BALWANT BASWANT WANKHADE","AMRAVATI(SC)","Images","30-Mar-2026","992544"
"492","Normal/Others","WS/MP18112/2025-2026/188589-Construction of boundary walls of existing public and community buildings","Maharashtra","AMRAVATI(DISTRICT COLLECTOR AMRAVATI_IDA)","Construction of a  Wall compound at Gram Panchayat sawali datura , kheltapmali , sanchit vihar  Taluka achalpur","BALWANT BASWANT WANKHADE","AMRAVATI(SC)","Images","18-Feb-2026","961000"
"493","Normal/Others","WS/MP18112/2025-2026/188591-Construction of community centers and community halls","Maharashtra","AMRAVATI(DISTRICT COLLECTOR AMRAVATI_IDA)","Construction of a  Community hall at Gram Panchayat sarfabad Taluka Chandur bajar","BALWANT BASWANT WANKHADE","AMRAVATI(SC)","Images","24-Mar-2026","960000"
"494","Normal/Others","WS/MP18112/2025-2026/188592-Construction of roads, link roads, pathways or any other road with or without drainage system","Maharashtra","AMRAVATI(DISTRICT COLLECTOR AMRAVATI_IDA)","construction of road towards mahanubhav smashanbhumi from bus stop tondgaon , at tondgaon ta chandur bajar","BALWANT BASWANT WANKHADE","AMRAVATI(SC)","Images","12-Apr-2026","2872795"
"495","Normal/Others","WS/MP18112/2025-2026/188607-Crematoriums/energy efficient crematoriums or structures on burial/cremation ground","Maharashtra","AMRAVATI(DISTRICT COLLECTOR AMRAVATI_IDA)","construction of crematoriums at ratnapur (kapustalni) ta. anjangav surji","BALWANT BASWANT WANKHADE","AMRAVATI(SC)","N/A","16-Apr-2026","694648"
"496","Normal/Others","WS/MP18112/2025-2026/188616-Construction of boundary walls of existing public and community buildings","Maharashtra","AMRAVATI(DISTRICT COLLECTOR AMRAVATI_IDA)","construction of wall compound at ward no 8 , near neharu statue , anjangaon surji","BALWANT BASWANT WANKHADE","AMRAVATI(SC)","Images","10-Mar-2026","1192287"
"497","Normal/Others","WS/MP18131/2025-2026/188623-Construction of roads, link roads, pathways or any other road with or without drainage system","Maharashtra","SINDHUDURG(DISTRICT COLLECTOR SINDHUDURG_IDA)","Concreting the road leading to Piyali Karmalkarwadi Shri Vitthal Rakhumai Temple FY 2024-25","NARAYAN TATU RANE","RATNAGIRI-SINDHUDURG","Images","21-Jul-2025","999000"
"498","Normal/Others","WS/MP18131/2025-2026/188624-Construction of roads, link roads, pathways or any other road with or without drainage system","Maharashtra","SINDHUDURG(DISTRICT COLLECTOR SINDHUDURG_IDA)","Road from Pendur Tondawalkarwadi to Talivadi to be gravelled and asphalted Tal-Malvan FY 2024-25","NARAYAN TATU RANE","RATNAGIRI-SINDHUDURG","Images","08-Jan-2026","600000"
"499","Normal/Others","WS/MP18131/2025-2026/188625-Construction of roads, link roads, pathways or any other road with or without drainage system","Maharashtra","SINDHUDURG(DISTRICT COLLECTOR SINDHUDURG_IDA)","Road leading from Pendur Ghadiwadi to Inderwadi to be gravelled and asphalted. FY 2024-25","NARAYAN TATU RANE","RATNAGIRI-SINDHUDURG","Images","08-Jan-2026","766000"
"500","Normal/Others","WS/MP18131/2025-2026/188626-Construction of roads, link roads, pathways or any other road with or without drainage system","Maharashtra","SINDHUDURG(DISTRICT COLLECTOR SINDHUDURG_IDA)","Gravel and asphalting of the road leading to Naikwadi in Pendur Talivadi. FY 2024-25","NARAYAN TATU RANE","RATNAGIRI-SINDHUDURG","Images","08-Jan-2026","692000"
"501","Normal/Others","WS/MP18131/2026-2027/188627-Construction of roads, link roads, pathways or any other road with or without drainage system","Maharashtra","SINDHUDURG(DISTRICT COLLECTOR SINDHUDURG_IDA)","Varad Shetyewadi to Shetyewadi and Madhliwadi Cemetery Road to be paved and asphalted. FY 2024-25","NARAYAN TATU RANE","RATNAGIRI-SINDHUDURG","Images","02-Apr-2026","496905"
"502","Normal/Others","WS/MP18131/2025-2026/188628-Installing tube-wells and borewells","Maharashtra","SINDHUDURG(DISTRICT COLLECTOR SINDHUDURG_IDA)","Construction of a public well at Fondaghat Boudhwadi. ( SC ) FY 2024-25","NARAYAN TATU RANE","RATNAGIRI-SINDHUDURG","Images","09-Apr-2026","999798"
"503","Normal/Others","WS/MP18131/2025-2026/188629-Construction of roads, link roads, pathways or any other road with or without drainage system","Maharashtra","SINDHUDURG(DISTRICT COLLECTOR SINDHUDURG_IDA)","Gravel and asphalting of Tirwade main road to Patadewadi main road. FY 2024-25","NARAYAN TATU RANE","RATNAGIRI-SINDHUDURG","Images","20-Mar-2026","474974"
"504","Normal/Others","WS/MP18131/2025-2026/188630-Construction of roads, link roads, pathways or any other road with or without drainage system","Maharashtra","SINDHUDURG(DISTRICT COLLECTOR SINDHUDURG_IDA)","To pave and asphalt the road leading to Kusarve Kusarvewadi Gosavi Temb.","NARAYAN TATU RANE","RATNAGIRI-SINDHUDURG","Images","20-Mar-2026","496905"
"505","Normal/Others","WS/MP18131/2025-2026/188631-Installing tube-wells and borewells","Maharashtra","SINDHUDURG(DISTRICT COLLECTOR SINDHUDURG_IDA)","Construction of a public drinking water well at Ronapal Dewulwadi. FY 2024-25","NARAYAN TATU RANE","RATNAGIRI-SINDHUDURG","Images","10-Apr-2026","999563"
"506","Normal/Others","WS/MP18115/2025-2026/188849-Construction of roads, link roads, pathways or any other road with or without drainage system","Maharashtra","BHANDARA(DISTRICT COLLECTOR BHANDARA_IDA)","Construction of cement road and cement drainage","DR. PRASHANT YADAORAO PADOLE","BHANDARA-GONDIYA","Images","20-Feb-2026","1000000"
"507","Normal/Others","WS/MP18112/2025-2026/188956-Construction of roads, link roads, pathways or any other road with or without drainage system","Maharashtra","AMRAVATI(DISTRICT COLLECTOR AMRAVATI_IDA)","Installation of paving blocks in front of Gulab Rao Zodpe house at Faizpura under N. P. Achalpur.","BALWANT BASWANT WANKHADE","AMRAVATI(SC)","Images","19-Jul-2025","687463"
"508","Normal/Others","WS/MP18112/2025-2026/188982-Construction of roads, link roads, pathways or any other road with or without drainage system","Maharashtra","AMRAVATI(DISTRICT COLLECTOR AMRAVATI_IDA)","Construction of roads from Kondeshwar Road to Buddha Vihara in Mouje Mhasala (Anjangaon Bari) Taluka Amravati.","BALWANT BASWANT WANKHADE","AMRAVATI(SC)","N/A","18-Feb-2026","1492290"
"509","Normal/Others","WS/MP18112/2025-2026/188983-Construction of roads, link roads, pathways or any other road with or without drainage system","Maharashtra","AMRAVATI(DISTRICT COLLECTOR AMRAVATI_IDA)","Installation of paving blocks at Police Station Kotwali, Amravati.","BALWANT BASWANT WANKHADE","AMRAVATI(SC)","N/A","15-Apr-2026","973361"
"510","Normal/Others","WS/MP18120/2025-2026/189535-Construction of roads, link roads, pathways or any other road with or without drainage system","Maharashtra","HINGOLI(DISTRICT COLLECTOR HINGOLI_IDA)","Construction of Cement Concrete Road from Balkishan Zade Home to Lodba Tale Home At Khudaj Tq. Sengaon Dist Hingoli","AASHTIKAR PATIL NAGESH BAPURAO","HINGOLI","Images","28-Feb-2026","998507"
"511","Normal/Others","WS/MP18120/2025-2026/189536-Construction of community centers and community halls","Maharashtra","YAVATMAL(DISTRICT COLLECTOR YAVATMAL_IDA)","Construction of Sabhamandap At Wanegaon Tq. Umarkhed Dist Nanded","AASHTIKAR PATIL NAGESH BAPURAO","HINGOLI","Images","16-Feb-2026","991576"
"512","Normal/Others","WS/MP18112/2025-2026/189777-Construction of roads, link roads, pathways or any other road with or without drainage system","Maharashtra","AMRAVATI(DISTRICT COLLECTOR AMRAVATI_IDA)","construction of road at waki ta. bhatkuli","BALWANT BASWANT WANKHADE","AMRAVATI(SC)","Images","18-Oct-2025","781671"
"513","Normal/Others","WS/MP18132/2025-2026/189855-Construction of roads, link roads, pathways or any other road with or without drainage system","Maharashtra","SANGLI(DISTRICT COLLECTOR SANGLI_IDA)","Construction of road from waghmode vasti to kamat boundary","VISHAL","SANGLI","Images","08-Jan-2026","991237"
"514","Normal/Others","WS/MP18132/2025-2026/189856-Construction of roads, link roads, pathways or any other road with or without drainage system","Maharashtra","SANGLI(DISTRICT COLLECTOR SANGLI_IDA)","Construction of road from talewadi road khatal vasti to karagani kalewadi road","VISHAL","SANGLI","Images","07-Apr-2026","1000000"
"515","Normal/Others","WS/MP18120/2025-2026/190401-Construction of roads, link roads, pathways or any other road with or without drainage system","Maharashtra","HINGOLI(DISTRICT COLLECTOR HINGOLI_IDA)","Construction of Cement Road and Drainage System from Amarnath Traders Nanded - Hingoli Road to Bypass Road At. Aakhada Balapur Tq. Kalamnuri Dist. Hingoli","AASHTIKAR PATIL NAGESH BAPURAO","HINGOLI","Images","23-Mar-2026","2798862"
"516","Normal/Others","WS/MP18120/2025-2026/190402-Construction of roads, link roads, pathways or any other road with or without drainage system","Maharashtra","HINGOLI(DISTRICT COLLECTOR HINGOLI_IDA)","Construction of Cement Concrete Road and Drainage System from Nanded - Hingoli Road to Balaji Patil Home At. Aakhada Balapur Tq. Kalamnuri Dist. Hingoli","AASHTIKAR PATIL NAGESH BAPURAO","HINGOLI","Images","23-Mar-2026","2834541"
"517","Normal/Others","WS/MP18120/2025-2026/190403-Construction of roads, link roads, pathways or any other road with or without drainage system","Maharashtra","NANDED(DISTRICT COLLECTOR NANDED_IDA)","Construction of Cement Concrete Road from Shaikh Ahmad Home to Pundlik Pate Home At Chinchgavhan Tq. Hadgaon Dist Nanded","AASHTIKAR PATIL NAGESH BAPURAO","HINGOLI","Images","23-Dec-2025","992440"
"518","Normal/Others","WS/MP18123/2025-2026/190896-Construction of roads, link roads, pathways or any other road with or without drainage system","Maharashtra","KOLHAPUR(DISTRICT COLLECTOR KOLHAPUR_IDA)","Construction of Internal Road","CHHATRAPATI SHAHU SHAHAJI","KOLHAPUR","Images","07-Oct-2025","1500000"
"519","Normal/Others","WS/MP18131/2025-2026/191833-Providing drains and gutters for public drainage","Maharashtra","SINDHUDURG(DISTRICT COLLECTOR SINDHUDURG_IDA)","Construction of Sewerage at Vagde Bauddhwadi Saipark Colony ( SC ) FY 2024-25","NARAYAN TATU RANE","RATNAGIRI-SINDHUDURG","Images","10-Aug-2026","999686"
"520","Normal/Others","WS/MP18120/2025-2026/192247-Construction of boundary walls of existing public and community buildings","Maharashtra","YAVATMAL(DISTRICT COLLECTOR YAVATMAL_IDA)","Construction of Compound Wall of Grampanchayat Karyalaya Tembhi At. Tembhi Tq. Mahagaon Dist Yavatmal","AASHTIKAR PATIL NAGESH BAPURAO","HINGOLI","Images","15-Dec-2025","994395"
"521","Normal/Others","WS/MP18116/2025-2026/192284-Construction of footpaths and pedestrian ways","Maharashtra","THANE(DISTRICT COLLECTOR THANE_IDA)","PAVER BLOCK AND FOOTHPATHS WORKS AT AKSHACHE ALUNR SCHOOL, MILLATNAGAR, WARD NO.2","BALYA MAMA SURESH GOPINATH MHATRE","BHIWANDI","Images","30-Jan-2026","1463606"
"522","Normal/Others","WS/MP18116/2025-2026/192298-Construction of footpaths and pedestrian ways","Maharashtra","THANE(DISTRICT COLLECTOR THANE_IDA)","Construction of Paver Block at Dada Saheb Dandekar Highschool front side ward no.9, Bhiwandi","BALYA MAMA SURESH GOPINATH MHATRE","BHIWANDI","N/A","04-Feb-2026","999000"
"523","Normal/Others","WS/MP18116/2025-2026/192299-Construction of footpaths and pedestrian ways","Maharashtra","THANE(DISTRICT COLLECTOR THANE_IDA)","Construction of Paver Block at Dada Saheb Dandekar Highschool Back side, Ward No.9, Bhiwandi","BALYA MAMA SURESH GOPINATH MHATRE","BHIWANDI","N/A","04-Feb-2026","999000"
"524","Normal/Others","WS/MP18116/2025-2026/192300-Construction of footpaths and pedestrian ways","Maharashtra","THANE(DISTRICT COLLECTOR THANE_IDA)","Compound wall at Dada Saheb Dandekar Highschool, Ward No.9, Bhiwandi","BALYA MAMA SURESH GOPINATH MHATRE","BHIWANDI","N/A","04-Feb-2026","999000"
"525","Normal/Others","WS/MP18113/2025-2026/192629-Construction of community centers and community halls","Maharashtra","Chhatrapati Sambhajinagar(DISTRICT COLLECTOR AURANGABAD_IDA)","Nagar Parishad Ward No 11 Vittal Nagar Community Halls","BHUMARE SANDIPANRAO ASARAM","AURANGABAD_MH","Images","16-Mar-2026","1972562"
"526","Normal/Others","WS/MP18113/2025-2026/192630-Construction of community centers and community halls","Maharashtra","Chhatrapati Sambhajinagar(DISTRICT COLLECTOR AURANGABAD_IDA)","VAIJAPUR DATTANAGAR WARD NO 8 COMMUNITY HALLS","BHUMARE SANDIPANRAO ASARAM","AURANGABAD_MH","Images","16-Mar-2026","1968229"
"527","Normal/Others","WS/MP18113/2025-2026/192641-Construction of community centers and community halls","Maharashtra","Chhatrapati Sambhajinagar(DISTRICT COLLECTOR AURANGABAD_IDA)","SHIRASGAON TQ KANNAD GUT NO 163 CONSTRUCTION OF COMMUNITY HALLS","BHUMARE SANDIPANRAO ASARAM","AURANGABAD_MH","Images","03-Oct-2025","994542"
"528","Normal/Others","WS/MP673/2025-2026/193049-Construction of roads, link roads, pathways or any other road with or without drainage system","Maharashtra","Dharashiv(DISTRICT COLLECTOR OSMANABAD_IDA)","Construction of cement road from Akshay Jogdand house to Nitin Gaikwad house on public space at Warewadgaon block Bhum Dist. Dharashiv. (SC)","Omprakash Bhupalsinh Alias Pawan Rajenimbalkar","OSMANABAD","N/A","29-Aug-2025","494997"
"529","Normal/Others","WS/MP673/2026-2027/193064-Construction of roads, link roads, pathways or any other road with or without drainage system","Maharashtra","Dharashiv(DISTRICT COLLECTOR OSMANABAD_IDA)","Construction of cement road from Anil More house to Crematoriums on public space at Bijanwadi block Tuljapur dist. Dharashiv.","Omprakash Bhupalsinh Alias Pawan Rajenimbalkar","OSMANABAD","Images","17-Apr-2026","995271"
"530","Normal/Others","WS/MP18113/2025-2026/193125-Construction of community centers and community halls","Maharashtra","Chhatrapati Sambhajinagar(DISTRICT COLLECTOR AURANGABAD_IDA)","PALASGAON TQ KANNAD CONSTRUCTION OF COMMUNITY HALLS","BHUMARE SANDIPANRAO ASARAM","AURANGABAD_MH","Images","13-Feb-2026","994421"
"531","Normal/Others","WS/MP18113/2025-2026/193132-Construction of roads, link roads, pathways or any other road with or without drainage system","Maharashtra","Chhatrapati Sambhajinagar(DISTRICT COLLECTOR AURANGABAD_IDA)","JALGAONGHAT KANNAD VAIJAPUR RAOD TO RAJPUT WASTI CONSTRUCTION OF ROAD","BHUMARE SANDIPANRAO ASARAM","AURANGABAD_MH","Images","12-Sep-2025","992820"
"532","Normal/Others","WS/MP18113/2025-2026/193577-Construction of community centers and community halls","Maharashtra","Chhatrapati Sambhajinagar(DISTRICT COLLECTOR AURANGABAD_IDA)","nagarparishan ward no 4 jagmatha construction of community halls","BHUMARE SANDIPANRAO ASARAM","AURANGABAD_MH","N/A","17-Oct-2025","2000000"
"533","Normal/Others","WS/MP18113/2025-2026/193579-Construction of community centers and community halls","Maharashtra","Chhatrapati Sambhajinagar(DISTRICT COLLECTOR AURANGABAD_IDA)","Nagar Parishad Ward No 4 Jakhamatha Construction Of Community Halls","BHUMARE SANDIPANRAO ASARAM","AURANGABAD_MH","N/A","17-Oct-2025","1997882"
"534","Normal/Others","WS/MP18131/2025-2026/193711-Construction of roads, link roads, pathways or any other road with or without drainage system","Maharashtra","SINDHUDURG(DISTRICT COLLECTOR SINDHUDURG_IDA)","Gravel and asphalting of the road from Kupwade Gawalgaon Prabhakar Shirsat Ghar to Torpwadi Gosaviwadi FY 2024-25","NARAYAN TATU RANE","RATNAGIRI-SINDHUDURG","Images","08-Apr-2026","499868"
"535","Normal/Others","WS/MP18120/2025-2026/193720-Construction of roads, link roads, pathways or any other road with or without drainage system","Maharashtra","NANDED(DISTRICT COLLECTOR NANDED_IDA)","Construction of Cement Concrete Road and Drainage in Shetewadi (Group Grampanchayat) At. Ashti Tq. Hadgaon Dist Nanded.","AASHTIKAR PATIL NAGESH BAPURAO","HINGOLI","Images","19-Jan-2026","495040"
"536","Normal/Others","WS/MP18120/2025-2026/193721-Construction of roads, link roads, pathways or any other road with or without drainage system","Maharashtra","NANDED(DISTRICT COLLECTOR NANDED_IDA)","Construction of Cement Concrete Road and Drainage in Shetewadi (Group Grampanchayat) At Ashti Tq Hadgaon Dist Nanded","AASHTIKAR PATIL NAGESH BAPURAO","HINGOLI","Images","19-Jan-2026","495123"
"537","Trust and Society","WS/MP18112/2025-2026/194085-Construction of roads, link roads, pathways or any other road with or without drainage system","Maharashtra","AMRAVATI(DISTRICT COLLECTOR AMRAVATI_IDA)","Installation of paving blocks at Agricultural Science Branch, Ruler Institute, Panchavati, Amravati, run by Shri Shivaji Educational Institution.","BALWANT BASWANT WANKHADE","AMRAVATI(SC)","Images","21-Mar-2026","1000000"
"538","Normal/Others","WS/MP18120/2025-2026/194147-Construction of roads, link roads, pathways or any other road with or without drainage system","Maharashtra","HINGOLI(DISTRICT COLLECTOR HINGOLI_IDA)","Construction of Cement Concrete Road and Drainage System AT. Bhategaon TQ. Kalamnuri DIST. Nanded.","AASHTIKAR PATIL NAGESH BAPURAO","HINGOLI","Images","23-Mar-2026","661857"
"539","Normal/Others","WS/MP18113/2025-2026/194151-Construction of community centers and community halls","Maharashtra","Chhatrapati Sambhajinagar(DISTRICT COLLECTOR AURANGABAD_IDA)","DHONGAON TQ KANNAD CONSTRUCTION OF COMMUNITY HALLS","BHUMARE SANDIPANRAO ASARAM","AURANGABAD_MH","Images","13-Feb-2026","1989626"
"540","Normal/Others","WS/MP685/2025-2026/194548-Construction of roads, link roads, pathways or any other road with or without drainage system","Maharashtra","PUNE(DISTRICT COLLECTOR PUNE_IDA)","Construction A Road At Divad Tal Maval Dist Pune Between Ramesh Rajivade to Malvadi Road","Shrirang Appa Barne","MAVAL","Images","11-Feb-2026","999565"
"541","Normal/Others","WS/MP685/2025-2026/194549-Construction of roads, link roads, pathways or any other road with or without drainage system","Maharashtra","PUNE(DISTRICT COLLECTOR PUNE_IDA)","Construction A Road At Adhale Kh Tal Maval Dist pune Between Chandkhed Main Road To Jagdale Vasti","Shrirang Appa Barne","MAVAL","Images","11-Feb-2026","991771"
"542","Normal/Others","WS/MP685/2025-2026/194555-Construction of roads, link roads, pathways or any other road with or without drainage system","Maharashtra","PUNE(DISTRICT COLLECTOR PUNE_IDA)","Construction A Road At Shivne Tal Maval Dist Pune Between Main Road To Walunj Vasti","Shrirang Appa Barne","MAVAL","Images","11-Feb-2026","994791"
"543","Normal/Others","WS/MP18111/2025-2026/194800-Construction of roads, link roads, pathways or any other road with or without drainage system","Maharashtra","AKOLA(DISTRICT COLLECTOR AKOLA_IDA)","Construction of Cement Road at Malsur from house of Sanjay Gaikwad to Gajanan Sampat Pande under Scheduled Tribes category","ANUP SANJAY DHOTRE","AKOLA","Images","05-Dec-2025","873496"
"544","Normal/Others","WS/MP18111/2025-2026/194801-Construction of roads, link roads, pathways or any other road with or without drainage system","Maharashtra","AKOLA(DISTRICT COLLECTOR AKOLA_IDA)","Construction of Cement Road at Zarandi under Scheduled Tribe category from house of Kisan Karwate to Jayram Sakhram Hande","ANUP SANJAY DHOTRE","AKOLA","N/A","05-Dec-2025","900000"
"545","Normal/Others","WS/MP18111/2025-2026/194802-Construction of roads, link roads, pathways or any other road with or without drainage system","Maharashtra","AKOLA(DISTRICT COLLECTOR AKOLA_IDA)","Construction of Cement Road at Gondhalwadi under Scheduled Tribe category from the house of Ulhas Bhokare to Rangnath Dhandhare","ANUP SANJAY DHOTRE","AKOLA","Images","05-Dec-2025","950000"
"546","Normal/Others","WS/MP18111/2025-2026/194803-Construction of roads, link roads, pathways or any other road with or without drainage system","Maharashtra","AKOLA(DISTRICT COLLECTOR AKOLA_IDA)","Construction of Tar Road at Prabhag 14, Shivani  under Scheduled Caste category from house of Jaydeo Jagtap to Prashant Raut to Shahid Chowk","ANUP SANJAY DHOTRE","AKOLA","Images","30-Dec-2025","992464"
"547","Normal/Others","WS/MP18111/2025-2026/194804-Construction of roads, link roads, pathways or any other road with or without drainage system","Maharashtra","AKOLA(DISTRICT COLLECTOR AKOLA_IDA)","Construction of Tar Road at Prabhag 20 Sainath Colony  under Scheduled Caste category from house of Borkar to Gawai to Khandare","ANUP SANJAY DHOTRE","AKOLA","Images","23-Jan-2026","994261"
"548","Normal/Others","WS/MP18111/2025-2026/194805-Construction of roads, link roads, pathways or any other road with or without drainage system","Maharashtra","AKOLA(DISTRICT COLLECTOR AKOLA_IDA)","Construction of Tar Road at Samyak Sambhodhi Bhavan Ranpise Nagar from the house of Wankhade to Sachin Kirana with both side culverts  under Scheduled caste category","ANUP SANJAY DHOTRE","AKOLA","Images","04-Dec-2025","977091"
"549","Normal/Others","WS/MP18111/2025-2026/194806-Construction of roads, link roads, pathways or any other road with or without drainage system","Maharashtra","AKOLA(DISTRICT COLLECTOR AKOLA_IDA)","Construction of Tar Road at Prabhag 19 Post Colony from house of Subhash Tayade to Sajan Sonone to Ahir under Scheduled caste category","ANUP SANJAY DHOTRE","AKOLA","Images","30-Dec-2025","972138"
"550","Normal/Others","WS/MP18136/2026-2027/195297-Construction of roads, link roads, pathways or any other road with or without drainage system","Maharashtra","WARDHA(DISTRICT COLLECTOR WARDHA_IDA)","Construction of cement road from Mr. Devkaran Baingane to Mr. Anil Khaire house at Mouja Chincholi Taluka Karanja, District Wardha","AMAR SHARADRAO KALE","WARDHA","N/A","16-Apr-2026","489099"
"551","Normal/Others","WS/MP18136/2026-2027/195300-Providing drains and gutters for public drainage","Maharashtra","WARDHA(DISTRICT COLLECTOR WARDHA_IDA)","Construction of underground drain From Sonegaon Primary School to Mr. Fakir Chand Diwase house at Mouja Ekarjun Taluka Karanja Gha, District Wardha","AMAR SHARADRAO KALE","WARDHA","Images","20-Apr-2026","491863"
"552","Normal/Others","WS/MP18136/2025-2026/195313-Construction of roads, link roads, pathways or any other road with or without drainage system","Maharashtra","WARDHA(DISTRICT COLLECTOR WARDHA_IDA)","Construction of road from Shri Shuddhodhan Thul to Devidas Jambhule house in Ward No. 1, Wardha, Mouja Sindi (Meghe)","AMAR SHARADRAO KALE","WARDHA","Images","09-Feb-2026","990689"
"553","Normal/Others","WS/MP685/2025-2026/196296-Street lights","Maharashtra","PUNE(DISTRICT COLLECTOR PUNE_IDA)","Fixing A Solar High Mast Lamp In mohitewadi And Bramhnawadi At Sate Grampanchayt Tal Maval Dist Pune","Shrirang Appa Barne","MAVAL","N/A","11-Oct-2025","600000"
"554","Normal/Others","WS/MP685/2025-2026/196297-Street lights","Maharashtra","PUNE(DISTRICT COLLECTOR PUNE_IDA)","Fixing A Solar High Mast Lamp In Dongarwadi At Chabsar  Grampanchayt Tal Maval Dist Pune","Shrirang Appa Barne","MAVAL","N/A","11-Oct-2025","300000"
"555","Normal/Others","WS/MP685/2025-2026/196299-Street lights","Maharashtra","PUNE(DISTRICT COLLECTOR PUNE_IDA)","Fixing A Solar High Mast Lamp In Javan 3 Umabarkar tupe vasti  At Ajivali Grampanchayt Tal Maval Dist Pune","Shrirang Appa Barne","MAVAL","N/A","11-Oct-2025","300000"
"556","Normal/Others","WS/MP685/2025-2026/196301-Street lights","Maharashtra","PUNE(DISTRICT COLLECTOR PUNE_IDA)","Fixing A Solar High Mast Lamp In Dahibhate Vasti At Karunj  Grampanchayt Tal Maval Dist Pune","Shrirang Appa Barne","MAVAL","N/A","11-Oct-2025","300000"
"557","Normal/Others","WS/MP685/2025-2026/196302-Street lights","Maharashtra","PUNE(DISTRICT COLLECTOR PUNE_IDA)","Fixing A Solar High Mast Lamp In Swami Samarth Nagar  AtTakve Bk Grampanchayt Tal Maval Dist Pune","Shrirang Appa Barne","MAVAL","N/A","11-Oct-2025","300000"
"558","Normal/Others","WS/MP685/2025-2026/196303-Street lights","Maharashtra","PUNE(DISTRICT COLLECTOR PUNE_IDA)","Fixing A Solar High Mast Lamp In waghmare Vastii At Shivli Grampanchayt Tal Maval Dist Pune","Shrirang Appa Barne","MAVAL","N/A","11-Oct-2025","300000"
"559","Normal/Others","WS/MP685/2025-2026/196305-Street lights","Maharashtra","PUNE(DISTRICT COLLECTOR PUNE_IDA)","Fixing A Solar High Mast Lamp In Chandekar Wadi And Ghotkule Vadi  At Adhale Kh Grampanchayt Tal Maval Dist Pune","Shrirang Appa Barne","MAVAL","N/A","10-Oct-2025","600000"
"560","Normal/Others","WS/MP685/2025-2026/196307-Street lights","Maharashtra","PUNE(DISTRICT COLLECTOR PUNE_IDA)","Fixing A 6 Solar Lamp pol  Towrds Kalubai  Road  At Kusgav P M  Grampanchayt Tal Maval Dist Pune","Shrirang Appa Barne","MAVAL","N/A","10-Oct-2025","299994"
"561","Normal/Others","WS/MP685/2025-2026/196308-Street lights","Maharashtra","PUNE(DISTRICT COLLECTOR PUNE_IDA)","Fixing A Solar High Mast Lamp In Pimploli Road near Jadhav House  At Pachane  Grampanchayt Tal Maval Dist Pune","Shrirang Appa Barne","MAVAL","N/A","10-Oct-2025","300000"
"562","Normal/Others","WS/MP685/2025-2026/196310-Street lights","Maharashtra","PUNE(DISTRICT COLLECTOR PUNE_IDA)","Fixing A Solar High Mast Lamp In Paiba chouk  At Pachane  Grampanchayt Tal Maval Dist Pune","Shrirang Appa Barne","MAVAL","N/A","10-Oct-2025","300000"
"563","Normal/Others","WS/MP685/2025-2026/196312-Street lights","Maharashtra","PUNE(DISTRICT COLLECTOR PUNE_IDA)","Fixing A  2 Solar High Mast Lamp In  At Sate Shivne Tal Maval Dist Pune","Shrirang Appa Barne","MAVAL","N/A","10-Oct-2025","600000"
"564","Normal/Others","WS/MP685/2025-2026/196313-Street lights","Maharashtra","PUNE(DISTRICT COLLECTOR PUNE_IDA)","Fixing A 10 Solar  Lamp In At Khandshi  Grampanchayt Tal Maval Dist Pune","Shrirang Appa Barne","MAVAL","N/A","10-Oct-2025","499990"
"565","Normal/Others","WS/MP685/2025-2026/196314-Street lights","Maharashtra","PUNE(DISTRICT COLLECTOR PUNE_IDA)","Fixing 2 Solar High Mast Lamp In  At Jambhavde  Grampanchayt Tal Maval Dist Pune","Shrirang Appa Barne","MAVAL","N/A","10-Oct-2025","600000"
"566","Normal/Others","WS/MP685/2025-2026/196341-Street lights","Maharashtra","PUNE(DISTRICT COLLECTOR PUNE_IDA)","Fixing A Solar High Mast Lamp And Solar Lamp Pol  In  At Salumbre Grampanchayt Tal Maval Dist Pune","Shrirang Appa Barne","MAVAL","N/A","10-Oct-2025","599988"
"567","Normal/Others","WS/MP18113/2025-2026/197037-Construction of community centers and community halls","Maharashtra","Chhatrapati Sambhajinagar(DISTRICT COLLECTOR AURANGABAD_IDA)","Domegaon Tq Gangapur Construction of Community Halls","BHUMARE SANDIPANRAO ASARAM","AURANGABAD_MH","N/A","21-Mar-2026","998112"
"568","Normal/Others","WS/MP672/2025-2026/198594-Construction of roads, link roads, pathways or any other road with or without drainage system","Maharashtra","NAGPUR(DISTRICT COLLECTOR NAGPUR_IDA)","Construction of road at Mouza - Zingabai Takli, Khasra No.110, Nasheman Society, Nagpur.","Nitin Jairam Gadkari","NAGPUR","Images","26-Feb-2026","943737"
"569","Normal/Others","WS/MP18120/2025-2026/198957-Construction of roads, link roads, pathways or any other road with or without drainage system","Maharashtra","NANDED(DISTRICT COLLECTOR NANDED_IDA)","Construction of Cement Concrete Road At Sapti TQ Hadgaon Dist Nanded.","AASHTIKAR PATIL NAGESH BAPURAO","HINGOLI","Images","16-Jan-2026","495904"
"570","Normal/Others","WS/MP18120/2025-2026/198958-Construction of roads, link roads, pathways or any other road with or without drainage system","Maharashtra","NANDED(DISTRICT COLLECTOR NANDED_IDA)","Construction of Cement Concrete Road At Sapti TQ Hadgaon Dist Nanded","AASHTIKAR PATIL NAGESH BAPURAO","HINGOLI","Images","16-Jan-2026","495277"
"571","Normal/Others","WS/MP18120/2025-2026/198963-Construction of roads, link roads, pathways or any other road with or without drainage system","Maharashtra","NANDED(DISTRICT COLLECTOR NANDED_IDA)","Construction of Cement Concrete Road At Sapti TQ Hadgaon Dist Nanded","AASHTIKAR PATIL NAGESH BAPURAO","HINGOLI","Images","16-Jan-2026","495556"
"572","Normal/Others","WS/MP673/2025-2026/199029-Construction of roads, link roads, pathways or any other road with or without drainage system","Maharashtra","Dharashiv(DISTRICT COLLECTOR OSMANABAD_IDA)","Construction of cement road from govardhan mote house to upto canal on public space at Girwali block bhum Dist. Dharashiv","Omprakash Bhupalsinh Alias Pawan Rajenimbalkar","OSMANABAD","N/A","03-Jan-2026","693895"
"573","Normal/Others","WS/MP673/2025-2026/199040-Construction of community centers and community halls","Maharashtra","Dharashiv(DISTRICT COLLECTOR OSMANABAD_IDA)","Construction of community centre on grampanchayat open space at Dindegaon block Tuljapur dist. Dharashiv","Omprakash Bhupalsinh Alias Pawan Rajenimbalkar","OSMANABAD","Images","09-Mar-2026","696803"
"574","Normal/Others","WS/MP673/2025-2026/199064-Construction of roads, link roads, pathways or any other road with or without drainage system","Maharashtra","Dharashiv(DISTRICT COLLECTOR OSMANABAD_IDA)","Construction of cement road from premnath gawali house to ramraje patil house in  Tambari area at Dharashiv block and dist. Dharashiv","Omprakash Bhupalsinh Alias Pawan Rajenimbalkar","OSMANABAD","Images","14-Oct-2025","696907"
"575","Normal/Others","WS/MP18136/2025-2026/199769-Construction of roads, link roads, pathways or any other road with or without drainage system","Maharashtra","WARDHA(DISTRICT COLLECTOR WARDHA_IDA)","Construction of cement road from the Dargah  to the house of Bhaktdas Thackeray at Mauja Tembha, Hinganghat","AMAR SHARADRAO KALE","WARDHA","Images","20-Mar-2026","997936"
"576","Normal/Others","WS/MP18136/2026-2027/199775-Construction of roads, link roads, pathways or any other road with or without drainage system","Maharashtra","WARDHA(DISTRICT COLLECTOR WARDHA_IDA)","Construction of a gravel road from Mr. Nitin Urkude to Jitendra Dadmal house in Mouja Ubda, Taluka Samudrapur","AMAR SHARADRAO KALE","WARDHA","Images","21-Apr-2026","498230"
"577","Normal/Others","WS/MP18112/2025-2026/199853-Construction of boundary walls of existing public and community buildings","Maharashtra","AMRAVATI(DISTRICT COLLECTOR AMRAVATI_IDA)","Construction of boundy wall at ward no 6 , near idgah at shirajgaon kasaba ta. chandur bajar","BALWANT BASWANT WANKHADE","AMRAVATI(SC)","Images","10-Apr-2026","952000"
"578","Normal/Others","WS/MP18112/2025-2026/199856-Construction of roads, link roads, pathways or any other road with or without drainage system","Maharashtra","AMRAVATI(DISTRICT COLLECTOR AMRAVATI_IDA)","Construction of drain at prabhag no 14 budhgwara shri fukate house to shree dhupatne house , amravati","BALWANT BASWANT WANKHADE","AMRAVATI(SC)","N/A","07-Jan-2026","787875"
"579","Normal/Others","WS/MP18112/2025-2026/200107-Street lights","Maharashtra","AMRAVATI(DISTRICT COLLECTOR AMRAVATI_IDA)","Supply of All in One Integrated Solar Device at the playground at Ward No. 4 Jamil Colony, under Amc Amravati.","BALWANT BASWANT WANKHADE","AMRAVATI(SC)","Images","22-Jan-2026","299962"
"580","Normal/Others","WS/MP18112/2025-2026/200109-Street lights","Maharashtra","AMRAVATI(DISTRICT COLLECTOR AMRAVATI_IDA)","Supply of All in One Integrated Solar Device at the playground at Rahatgaon Jetavan Nirvana Bhoomi, Ward No. 1, under M. N. Pa. Amravati.","BALWANT BASWANT WANKHADE","AMRAVATI(SC)","Images","22-Jan-2026","299962"
"581","Normal/Others","WS/MP18112/2025-2026/200115-Purchase of sports equipment","Maharashtra","AMRAVATI(DISTRICT COLLECTOR AMRAVATI_IDA)","Providing equipment in the gym at Janak Residency, Navi Wasti Badnera.","BALWANT BASWANT WANKHADE","AMRAVATI(SC)","N/A","01-Oct-2025","499860"
"582","Normal/Others","WS/MP673/2025-2026/200173-Construction of community centers and community halls","Maharashtra","Dharashiv(DISTRICT COLLECTOR OSMANABAD_IDA)","Construction of community centre on GP own open space (property no. 208) at Anandwadi block Bhum Dist. Dharashiv.","Omprakash Bhupalsinh Alias Pawan Rajenimbalkar","OSMANABAD","N/A","09-Mar-2026","673517"
"583","Normal/Others","WS/MP18123/2025-2026/200542-Construction of buildings for community cultural activities","Maharashtra","KOLHAPUR(DISTRICT COLLECTOR KOLHAPUR_IDA)","Construction of cultural hall at Sonali","CHHATRAPATI SHAHU SHAHAJI","KOLHAPUR","Images","06-Nov-2025","1000000"
"584","Normal/Others","WS/MP18131/2025-2026/200889-Construction of footpaths and pedestrian ways","Maharashtra","SINDHUDURG(DISTRICT COLLECTOR SINDHUDURG_IDA)","Concreting the footpath from Halwal Main Road to Krishna Jadhav House (Backward Class Work) FY 2024-25","NARAYAN TATU RANE","RATNAGIRI-SINDHUDURG","Images","18-Feb-2026","999000"
"585","Normal/Others","WS/MP18131/2025-2026/200890-Construction of culverts and bridges","Maharashtra","SINDHUDURG(DISTRICT COLLECTOR SINDHUDURG_IDA)","Construction of causeway at Pisekamte Bouddhavadi (Backward Class Work) FY 2024-25","NARAYAN TATU RANE","RATNAGIRI-SINDHUDURG","Images","11-Aug-2026","999000"
"586","Normal/Others","WS/MP18131/2025-2026/200905-Construction of roads, link roads, pathways or any other road with or without drainage system","Maharashtra","RATNAGIRI(District Collector Ratnagiri_IDA)","Construction Of road shivaji khanvilkar home to kondaskarwadi chinchwadi smashanbhumi FY 2024-25","NARAYAN TATU RANE","RATNAGIRI-SINDHUDURG","N/A","17-Feb-2026","1494025"
"587","Normal/Others","WS/MP18112/2025-2026/200936-Construction of roads, link roads, pathways or any other road with or without drainage system","Maharashtra","AMRAVATI(DISTRICT COLLECTOR AMRAVATI_IDA)","construction of road towards holyycross home for babies at camp area , amravati","BALWANT BASWANT WANKHADE","AMRAVATI(SC)","Images","04-Mar-2026","985762"
"588","Normal/Others","WS/MP673/2025-2026/201929-Construction of community centers and community halls","Maharashtra","Dharashiv(DISTRICT COLLECTOR OSMANABAD_IDA)","1. Construction of community centre on GP own open land (property no.610) at Pimpla (kh) block Tuljapur dist Dharashiv.","Omprakash Bhupalsinh Alias Pawan Rajenimbalkar","OSMANABAD","Images","27-Feb-2026","696250"
"589","Normal/Others","WS/MP673/2026-2027/201963-Construction of roads, link roads, pathways or any other road with or without drainage system","Maharashtra","Dharashiv(DISTRICT COLLECTOR OSMANABAD_IDA)","Construction of cement road on public space from waruda raod to mount litera english school at Upla (Ma) block and dist. Dharashiv.","Omprakash Bhupalsinh Alias Pawan Rajenimbalkar","OSMANABAD","Images","30-Apr-2026","995416"
"590","Normal/Others","WS/MP18113/2026-2027/201976-Construction of community centers and community halls","Maharashtra","Chhatrapati Sambhajinagar(DISTRICT COLLECTOR AURANGABAD_IDA)","Sawangi Tq Gangapur ward no 5 construction of community halls","BHUMARE SANDIPANRAO ASARAM","AURANGABAD_MH","Images","02-Sep-2026","1497230"
"591","Normal/Others","WS/MP18113/2025-2026/202118-Construction of roads, link roads, pathways or any other road with or without drainage system","Maharashtra","Chhatrapati Sambhajinagar(DISTRICT COLLECTOR AURANGABAD_IDA)","Mangegaon Tq Gangapur constructon of cc road","BHUMARE SANDIPANRAO ASARAM","AURANGABAD_MH","N/A","06-Nov-2025","1499882"
"592","Normal/Others","WS/MP18113/2025-2026/202192-Construction of community centers and community halls","Maharashtra","Chhatrapati Sambhajinagar(DISTRICT COLLECTOR AURANGABAD_IDA)","Bhildari Pishor Tq Kannad Construction of Community Halls","BHUMARE SANDIPANRAO ASARAM","AURANGABAD_MH","N/A","16-Mar-2026","1000000"
"593","Repair and Renovation","WS/MP18116/2025-2026/202343-Construction of footpaths and pedestrian ways","Maharashtra","THANE(DISTRICT COLLECTOR THANE_IDA)","Paver Block, Gutter and create pathway at ward no.4, near Nitin Apartment area.","BALYA MAMA SURESH GOPINATH MHATRE","BHIWANDI","Images","27-Jan-2026","1498932"
"594","Normal/Others","WS/MP673/2025-2026/202437-Construction of roads, link roads, pathways or any other road with or without drainage system","Maharashtra","Dharashiv(DISTRICT COLLECTOR OSMANABAD_IDA)","Construction of cement road on public space from  amol doke to baban gaykwad at shekhapur block bhum dist. Dharashiv.","Omprakash Bhupalsinh Alias Pawan Rajenimbalkar","OSMANABAD","N/A","21-Jan-2026","498630"
"595","Normal/Others","WS/MP673/2026-2027/202474-Construction of community centers and community halls","Maharashtra","Dharashiv(DISTRICT COLLECTOR OSMANABAD_IDA)","Construction of community centre on GP own open land (property no. 1) at Dhotri block Tuljapur dist Dharashiv.","Omprakash Bhupalsinh Alias Pawan Rajenimbalkar","OSMANABAD","Images","11-Aug-2026","497237"
"596","Repair and Renovation","WS/MP18116/2025-2026/202759-Construction of footpaths and pedestrian ways","Maharashtra","THANE(DISTRICT COLLECTOR THANE_IDA)","Construction of an internal village road at group grampanchayat Malbidi, Suryanagar.","BALYA MAMA SURESH GOPINATH MHATRE","BHIWANDI","N/A","02-Feb-2026","498270"
"597","Repair and Renovation","WS/MP18116/2025-2026/202771-Construction of roads, link roads, pathways or any other road with or without drainage system","Maharashtra","THANE(DISTRICT COLLECTOR THANE_IDA)","Construction of an internal village road at Suryanagar, Bhiwandi.","BALYA MAMA SURESH GOPINATH MHATRE","BHIWANDI","N/A","04-Feb-2026","499237"
"598","Normal/Others","WS/MP18112/2025-2026/203657-Construction of roads, link roads, pathways or any other road with or without drainage system","Maharashtra","AMRAVATI(DISTRICT COLLECTOR AMRAVATI_IDA)","construction of road at prabhag no 14 , budhawara infront of tuljagir wada , amravati","BALWANT BASWANT WANKHADE","AMRAVATI(SC)","N/A","07-Jan-2026","775116"
"599","Normal/Others","WS/MP18136/2025-2026/204530-Construction of roads, link roads, pathways or any other road with or without drainage system","Maharashtra","WARDHA(DISTRICT COLLECTOR WARDHA_IDA)","Under Nagar Panchayat Karanja, Ward No. 16, to carry out stone paving and asphalting from Gopal Kamble to Gangadhar Yavle houses.","AMAR SHARADRAO KALE","WARDHA","Images","02-Feb-2026","991944"
"600","Normal/Others","WS/MP18131/2025-2026/206353-Construction of roads, link roads, pathways or any other road with or without drainage system","Maharashtra","RATNAGIRI(District Collector Ratnagiri_IDA)","Concreting of internal road from Phansavale Madhliwadi Hanuman Temple to Laxman Londhe house. Taluka Ratnagiri FY 2024-25","NARAYAN TATU RANE","RATNAGIRI-SINDHUDURG","N/A","24-Mar-2026","500000"
"601","Normal/Others","WS/MP18131/2025-2026/206356-Construction of roads, link roads, pathways or any other road with or without drainage system","Maharashtra","RATNAGIRI(District Collector Ratnagiri_IDA)","RCC paving at Shindewadi. Taluka Lanja FY 2024-25","NARAYAN TATU RANE","RATNAGIRI-SINDHUDURG","N/A","13-Apr-2026","75000"
"602","Normal/Others","WS/MP18131/2025-2026/206357-Construction of roads, link roads, pathways or any other road with or without drainage system","Maharashtra","RATNAGIRI(District Collector Ratnagiri_IDA)","Asphalting of road from Saundal Ganesh Temple to Bhatade Ghar by Kondye. Tal. Rajapur FY 2024-25","NARAYAN TATU RANE","RATNAGIRI-SINDHUDURG","N/A","25-Apr-2026","500000"
"603","Normal/Others","WS/MP18131/2025-2026/206360-Construction of roads, link roads, pathways or any other road with or without drainage system","Maharashtra","RATNAGIRI(District Collector Ratnagiri_IDA)","To make gravel and asphalt of Pakhadi road from Shejavali Bhatwadi School to Varchiwadi Gangeshwar Temple. Rajapur Taluka FY 2024-25","NARAYAN TATU RANE","RATNAGIRI-SINDHUDURG","N/A","25-Apr-2026","500000"
"604","Normal/Others","WS/MP18131/2025-2026/206361-Construction of roads, link roads, pathways or any other road with or without drainage system","Maharashtra","RATNAGIRI(District Collector Ratnagiri_IDA)","Raipatan Takkewadi road gravelling and asphalting. Tal. Rajapur FY 2024-25","NARAYAN TATU RANE","RATNAGIRI-SINDHUDURG","N/A","04-May-2026","500000"
"605","Normal/Others","WS/MP18131/2025-2026/206367-Construction of toilet blocks","Maharashtra","RATNAGIRI(District Collector Ratnagiri_IDA)","Installing new flooring in the Anganwadi room at Mabhale Jadhavwadi. Tal. Sangameshwar FY 2024-25","NARAYAN TATU RANE","RATNAGIRI-SINDHUDURG","N/A","04-May-2026","150000"
"606","Normal/Others","WS/MP18429/2026-2027/207496-Street lights","Maharashtra","NANDED(DISTRICT COLLECTOR NANDED_IDA)","Installation of Heritage Light Poles (Street Lights) at Village Kolambi Tehsil Naigaon (Kh.) Dist. Nanded","Ravindra Vasantrao Chavan","NANDED","Images","14-Aug-2026","499000"
"607","Normal/Others","WS/MP18429/2026-2027/207498-Street lights","Maharashtra","NANDED(DISTRICT COLLECTOR NANDED_IDA)","Installation of Heritage light poles (Street Lights) on Gram panchayat owned land at Village Talbid (Ganganbid) Tehsil Naigaon (Kh.) Dist. Nanded","Ravindra Vasantrao Chavan","NANDED","Images","14-Aug-2026","499000"
"608","Normal/Others","WS/MP673/2026-2027/207526-Construction of roads, link roads, pathways or any other road with or without drainage system","Maharashtra","Dharashiv(DISTRICT COLLECTOR OSMANABAD_IDA)","Construction of cement road on public space from Sheshrao Fattepure house to Vaman Madane s house at bori block  omarga dist. Dharashiv.","Omprakash Bhupalsinh Alias Pawan Rajenimbalkar","OSMANABAD","Images","30-Apr-2026","995670"
"609","Normal/Others","WS/MP18134/2025-2026/208873-Construction of community centers and community halls","Maharashtra","Ahilyanagar(DISTRICT COLLECTOR AHMEDNAGAR_IDA)","Concreting the area around the memorial of Sir Senapati Balasaheb Thackeray in Kopargaon city","BHAUSAHEB RAJARAM WAKCHAURE","SHIRDI(SC)","Images","14-Mar-2026","986613"
"610","Normal/Others","WS/MP18110/2025-2026/209772-Construction of community centers and community halls","Maharashtra","Ahilyanagar(DISTRICT COLLECTOR AHMEDNAGAR_IDA)","Construction of a community centers and community halls at Hanga in GP property No 1045 Tal Parner","NILESH DNYANDEV LANKE","AHMEDNAGAR","Images","30-Dec-2025","4776925"
"611","Normal/Others","WS/MP18110/2025-2026/209773-Construction of community centers and community halls","Maharashtra","Ahilyanagar(DISTRICT COLLECTOR AHMEDNAGAR_IDA)","Construction of a community centers and community halls at Shirapur in front of Datta Mandir GP property No 4125 Tal Parner","NILESH DNYANDEV LANKE","AHMEDNAGAR","Images","17-Oct-2025","1000000"
"612","Normal/Others","WS/MP18110/2025-2026/209774-Construction of community centers and community halls","Maharashtra","Ahilyanagar(DISTRICT COLLECTOR AHMEDNAGAR_IDA)","Construction of a community centers and community halls at Shirapur in front of Kanifnath Mandir GP property No 546 Tal Parner","NILESH DNYANDEV LANKE","AHMEDNAGAR","Images","09-Jan-2026","1000000"
"613","Normal/Others","WS/MP18110/2025-2026/209775-Construction of community centers and community halls","Maharashtra","Ahilyanagar(DISTRICT COLLECTOR AHMEDNAGAR_IDA)","Construction of a community centers   and community halls at Nighoj (Morwadi) in front of Savta Maharaj Mandir GP property No 1507 Tal Parner","NILESH DNYANDEV LANKE","AHMEDNAGAR","Images","17-Oct-2025","700000"
"614","Normal/Others","WS/MP18110/2025-2026/209776-Development of playfields and sports grounds","Maharashtra","Ahilyanagar(DISTRICT COLLECTOR AHMEDNAGAR_IDA)","Development of playfields and sport ground GP property No 4485 Tal Parner","NILESH DNYANDEV LANKE","AHMEDNAGAR","Images","12-Dec-2025","1493825"
"615","Normal/Others","WS/MP18110/2025-2026/209777-Construction of community centers and community halls","Maharashtra","Ahilyanagar(DISTRICT COLLECTOR AHMEDNAGAR_IDA)","Construction of a community centers   and community halls at Khadakwadi in front of Sharanpuri Maharaj Mandir GP property No 82 Tal Parner","NILESH DNYANDEV LANKE","AHMEDNAGAR","Images","06-Apr-2026","1474746"
"616","Normal/Others","WS/MP18110/2025-2026/209782-Construction of community centers and community halls","Maharashtra","Ahilyanagar(DISTRICT COLLECTOR AHMEDNAGAR_IDA)","Construction of a community centers   and community halls at Karjule Harya in front of Swami Samarth Mandir GP property No 1468 Tal Parner","NILESH DNYANDEV LANKE","AHMEDNAGAR","Images","20-Feb-2026","995411"
"617","Normal/Others","WS/MP18110/2025-2026/209784-Construction of common work sheds/ common covered sitting area","Maharashtra","Ahilyanagar(DISTRICT COLLECTOR AHMEDNAGAR_IDA)","installing paver blocks at Varanwadi in front of Ganpati Mandir GP property No 691 4 Tal Parner","NILESH DNYANDEV LANKE","AHMEDNAGAR","Images","19-Jan-2026","971493"
"618","Normal/Others","WS/MP18110/2025-2026/209785-Construction of common work sheds/ common covered sitting area","Maharashtra","Ahilyanagar(DISTRICT COLLECTOR AHMEDNAGAR_IDA)","installing paver blocks at Mhasoba Zap in front of Maruti Mandir GP property No 95 Tal Parner","NILESH DNYANDEV LANKE","AHMEDNAGAR","Images","06-Apr-2026","999962"
"619","Normal/Others","WS/MP18120/2025-2026/213055-Construction of roads, link roads, pathways or any other road with or without drainage system","Maharashtra","YAVATMAL(DISTRICT COLLECTOR YAVATMAL_IDA)","Construction of CC Road from Baburao Gaikwad home to Sidhharth Khadse Home At. Mulawa TQ. Umarkhed Dist. Yavatmal","AASHTIKAR PATIL NAGESH BAPURAO","HINGOLI","Images","13-Mar-2026","986725"
"620","Normal/Others","WS/MP18120/2025-2026/213059-Construction of roads, link roads, pathways or any other road with or without drainage system","Maharashtra","HINGOLI(DISTRICT COLLECTOR HINGOLI_IDA)","construction of cc road from grampanchayat office to sawata mali temple at Dhanora tarfe Aral tq.Vasmat Dist. Hingoli","AASHTIKAR PATIL NAGESH BAPURAO","HINGOLI","Images","20-Apr-2026","994661"
"621","Normal/Others","WS/MP673/2025-2026/214098-Construction of roads, link roads, pathways or any other road with or without drainage system","Maharashtra","Dharashiv(DISTRICT COLLECTOR OSMANABAD_IDA)","Construction of road ravidra ggangavane houseto umakant garad houson public space at Sawargaon (Devangra) block bhum dist Dharashiv.","Omprakash Bhupalsinh Alias Pawan Rajenimbalkar","OSMANABAD","N/A","02-Feb-2026","497555"
"622","Normal/Others","WS/MP672/2026-2027/215081-Construction of roads, link roads, pathways or any other road with or without drainage system","Maharashtra","NAGPUR(DISTRICT COLLECTOR NAGPUR_IDA)","Construction of Cement Concrete Road at Malik Mouza Society Arya Nagar Prabhag No.1","Nitin Jairam Gadkari","NAGPUR","Images","14-May-2026","1203802"
"623","Normal/Others","WS/MP18136/2025-2026/216856-Construction of community centers and community halls","Maharashtra","WARDHA(DISTRICT COLLECTOR WARDHA_IDA)","Construction of hall in the open space at Ward No. 5, Ayodhya Nagar, Nandori Road, Samudrapur, Taluka.","AMAR SHARADRAO KALE","WARDHA","Images","22-Jan-2026","995210"
"624","Normal/Others","WS/MP18112/2025-2026/217109-Construction of roads, link roads, pathways or any other road with or without drainage system","Maharashtra","AMRAVATI(DISTRICT COLLECTOR AMRAVATI_IDA)","construction of road at mominpura  from ismail bhai house to ibrahim bal hous at achalpur municiple corporation","BALWANT BASWANT WANKHADE","AMRAVATI(SC)","N/A","16-Oct-2025","693022"
"625","Normal/Others","WS/MP18112/2025-2026/217148-Construction of roads, link roads, pathways or any other road with or without drainage system","Maharashtra","AMRAVATI(DISTRICT COLLECTOR AMRAVATI_IDA)","Instaalation Of peving block at rajebua tempale area darapur ta daryapur","BALWANT BASWANT WANKHADE","AMRAVATI(SC)","N/A","21-Nov-2025","692605"
"626","Normal/Others","WS/MP18128/2026-2027/217799-Construction of community centers and community halls","Maharashtra","PALGHAR(DISTRICT COLLECTOR PALGHAR_IDA)","Constructing a community hall at Jamshet Gorwadi, Taluka and District Palghar.","DR. HEMANT VISHNU SAVARA","PALGHAR(ST)","N/A","09-Apr-2026","991449"
"627","Normal/Others","WS/MP673/2025-2026/218083-Construction of roads, link roads, pathways or any other road with or without drainage system","Maharashtra","SOLAPUR(DISTRICT COLLECTOR SOLAPUR_IDA)","Here, a cement road should be constructed in public space from the main road to the cemetery Pandhari blok barshi","Omprakash Bhupalsinh Alias Pawan Rajenimbalkar","OSMANABAD","N/A","07-Mar-2026","500000"
"628","Normal/Others","WS/MP18136/2025-2026/218115-Construction of community centers and community halls","Maharashtra","AMRAVATI(DISTRICT COLLECTOR AMRAVATI_IDA)","Construction of a community Hall in Siddharth Nagar Colony, Mouja Bhatkuli Renkapur, Taluka Dhamangaon Railway","AMAR SHARADRAO KALE","WARDHA","Images","06-Jan-2026","984594"
"629","Normal/Others","WS/MP673/2026-2027/218587-Construction of roads, link roads, pathways or any other road with or without drainage system","Maharashtra","Dharashiv(DISTRICT COLLECTOR OSMANABAD_IDA)","Installation of paver block in front of Ram Temple on GP own open space at Hiwara block Bhum Dist. Dharashiv.","Omprakash Bhupalsinh Alias Pawan Rajenimbalkar","OSMANABAD","N/A","09-Apr-2026","296176"
"630","Normal/Others","WS/MP18120/2026-2027/218864-Construction of roads, link roads, pathways or any other road with or without drainage system","Maharashtra","HINGOLI(DISTRICT COLLECTOR HINGOLI_IDA)","Construction of Cement Concrete Road from Bhimrao Kote Home to Vitthal Kurude Home and from Shivaji Phole to Jayanta Gaikwad Home At Donwada TQ Wasmat DIST Hingoli.","AASHTIKAR PATIL NAGESH BAPURAO","HINGOLI","Images","15-May-2026","1493124"
"631","Normal/Others","WS/MP687/2025-2026/219009-Construction of community centers and community halls","Maharashtra","RAIGAD(DISTRICT COLLECTOR RAIGAD_IDA)","Construction of a social hall at Koproli, Gram Panchayat Koproli, Taluka Pen, Dist-Raigad","Sunil Dattatray Tatkare","RAIGAD","Images","28-Nov-2025","750000"
"632","Normal/Others","WS/MP18113/2025-2026/219628-Construction of roads, link roads, pathways or any other road with or without drainage system","Maharashtra","Chhatrapati Sambhajinagar(DISTRICT COLLECTOR AURANGABAD_IDA)","Jalgaon Ghat Tq Kannad HM 51 Kannad Vaijapur Road To Rajput Wasti Gut NO. 35 CC Road","BHUMARE SANDIPANRAO ASARAM","AURANGABAD_MH","Images","17-Oct-2025","989730"
"633","Normal/Others","WS/MP18113/2025-2026/219638-Construction of community centers and community halls","Maharashtra","Chhatrapati Sambhajinagar(DISTRICT COLLECTOR AURANGABAD_IDA)","INDRAKAMAL SHRI PANDURANG SEVA MANDAL BEED BYPASS PARISAR CONSTRUCTION OF COMMUNITY HALLS","BHUMARE SANDIPANRAO ASARAM","AURANGABAD_MH","N/A","12-Jan-2026","1498823"
"634","Normal/Others","WS/MP18113/2025-2026/219666-Construction of community centers and community halls","Maharashtra","Chhatrapati Sambhajinagar(DISTRICT COLLECTOR AURANGABAD_IDA)","SHIRASGAON GUT NO 163 TQ KANNAD CONSTRUCTION OF COMMUNITY HALLS","BHUMARE SANDIPANRAO ASARAM","AURANGABAD_MH","Images","17-Oct-2025","993175"
"635","Normal/Others","WS/MP18113/2025-2026/219691-Development of public parks","Maharashtra","Chhatrapati Sambhajinagar(DISTRICT COLLECTOR AURANGABAD_IDA)","Padampura Mochi Mohhala Development of Public Park","BHUMARE SANDIPANRAO ASARAM","AURANGABAD_MH","N/A","30-Dec-2025","999000"
"636","Normal/Others","WS/MP18123/2025-2026/220022-Construction of roads, link roads, pathways or any other road with or without drainage system","Maharashtra","KOLHAPUR(DISTRICT COLLECTOR KOLHAPUR_IDA)","Internal road at Gothan Vasti","CHHATRAPATI SHAHU SHAHAJI","KOLHAPUR","Images","02-Feb-2026","1500000"
"637","Normal/Others","WS/MP664/2026-2027/221410-Construction of public toilets and bathrooms","Maharashtra","MUMBAI(DISTRICT COLLECTOR MUMBAI CITY_IDA)","construction of public tiolet at budhani house khotachiwadi girgaon","Arvind Ganpat Sawant","MUMBAI SOUTH","Images","06-Apr-2026","2498104"
"638","Normal/Others","WS/MP18122/2025-2026/222581-Construction of roads, link roads, pathways or any other road with or without drainage system","Maharashtra","Chhatrapati Sambhajinagar(DISTRICT COLLECTOR AURANGABAD_IDA)","Construction of cement road from Gram Panchayat office to Rajendra Walurkar house at Hiradpuri in Paithan taluka.","KALYAN VAIJINATHRAO KALE","JALNA","Images","12-Dec-2025","993760"
"639","Normal/Others","WS/MP18122/2025-2026/222582-Construction of roads, link roads, pathways or any other road with or without drainage system","Maharashtra","Chhatrapati Sambhajinagar(DISTRICT COLLECTOR AURANGABAD_IDA)","Construction of a cement road from Maroti Temple Ganeshnagar to Faju Sheikh house in Hiradpuri Paithan taluka","KALYAN VAIJINATHRAO KALE","JALNA","Images","12-Dec-2025","492469"
"640","Normal/Others","WS/MP18429/2025-2026/223139-Construction of roads, link roads, pathways or any other road with or without drainage system","Maharashtra","NANDED(DISTRICT COLLECTOR NANDED_IDA)","Construction of C C road from Ganesh Taywade House to Vijay Taywade House of Grampanchayat owned land at Samandarwadi Tq.Bhokar Dist.Nanded.","Ravindra Vasantrao Chavan","NANDED","Images","10-Feb-2026","492780"
"641","Normal/Others","WS/MP18429/2025-2026/223140-Construction of roads, link roads, pathways or any other road with or without drainage system","Maharashtra","NANDED(DISTRICT COLLECTOR NANDED_IDA)","Construction of C C Road from Uttam Bulbule House to Smashan Bhumi Road on Grampanchayat owned land Borwadi Teh. Bhokar Dist.Nanded.","Ravindra Vasantrao Chavan","NANDED","Images","13-Feb-2026","492775"
"642","Normal/Others","WS/MP18429/2025-2026/223141-Construction of roads, link roads, pathways or any other road with or without drainage system","Maharashtra","NANDED(DISTRICT COLLECTOR NANDED_IDA)","Construction on C. C. Road from Adiwasi Ashram School Gate to Boys Hostel on Grampanchayat owned land Dorli (Sa.) Teh. Bhokar Dist.Nanded.","Ravindra Vasantrao Chavan","NANDED","Images","13-Feb-2026","985780"
"643","Normal/Others","WS/MP18429/2025-2026/223208-Construction of roads, link roads, pathways or any other road with or without drainage system","Maharashtra","NANDED(DISTRICT COLLECTOR NANDED_IDA)","Construction of C C Road on Grampanchayat owned land Near Shani Mandir at village Kuntoor Teh. Naigaon Dist.Nanded.","Ravindra Vasantrao Chavan","NANDED","Images","18-Feb-2026","496574"
"644","Normal/Others","WS/MP18429/2025-2026/223681-Construction of community centers and community halls","Maharashtra","NANDED(DISTRICT COLLECTOR NANDED_IDA)","Construction of community hall on Grampanchayat owned land at village Berli Bk. Teh. Mukhed Dist.Nanded.","Ravindra Vasantrao Chavan","NANDED","Images","09-Mar-2026","998000"
"645","Normal/Others","WS/MP18123/2025-2026/224468-Construction of roads, link roads, pathways or any other road with or without drainage system","Maharashtra","KOLHAPUR(DISTRICT COLLECTOR KOLHAPUR_IDA)","Internal road at Gaibi Galli","CHHATRAPATI SHAHU SHAHAJI","KOLHAPUR","Images","17-Mar-2026","999000"
"646","Normal/Others","WS/MP18123/2026-2027/224476-Construction of buildings for community cultural activities","Maharashtra","KOLHAPUR(DISTRICT COLLECTOR KOLHAPUR_IDA)","Cultural hall","CHHATRAPATI SHAHU SHAHAJI","KOLHAPUR","Images","07-Sep-2026","998137"
"647","Normal/Others","WS/MP18122/2025-2026/225414-Construction of roads, link roads, pathways or any other road with or without drainage system","Maharashtra","Chhatrapati Sambhajinagar(DISTRICT COLLECTOR AURANGABAD_IDA)","Construction of a cement road from Sitaram Hades house to Srijan School at Ganeshnagar Bidkin Paithan taluka","KALYAN VAIJINATHRAO KALE","JALNA","N/A","04-Jan-2026","999000"
"648","Normal/Others","WS/MP18122/2025-2026/225415-Construction of roads, link roads, pathways or any other road with or without drainage system","Maharashtra","Chhatrapati Sambhajinagar(DISTRICT COLLECTOR AURANGABAD_IDA)","Construction of cement road at Pundaliknagar Bidkin Paithan taluka","KALYAN VAIJINATHRAO KALE","JALNA","N/A","04-Jan-2026","999000"
"649","Normal/Others","WS/MP18122/2025-2026/225427-Construction of roads, link roads, pathways or any other road with or without drainage system","Maharashtra","Chhatrapati Sambhajinagar(DISTRICT COLLECTOR AURANGABAD_IDA)","Construction of a cement road leading to the Muslim cemetery at Hiradpuri in Paithan taluka","KALYAN VAIJINATHRAO KALE","JALNA","Images","12-Dec-2025","492485"
"650","Normal/Others","WS/MP673/2026-2027/225719-Construction of community centers and community halls","Maharashtra","Dharashiv(DISTRICT COLLECTOR OSMANABAD_IDA)","Construction of the community centre on gp own open land (property no 186) at Borgaon Raje block and dist Dharashiv","Omprakash Bhupalsinh Alias Pawan Rajenimbalkar","OSMANABAD","Images","17-Apr-2026","685572"
"651","Normal/Others","WS/MP18120/2025-2026/225800-Lighting of public spaces","Maharashtra","ETAH(DISTRICT MAGISTRATE ETAH_IDA)","Village Mohammadpur BLock Marhara jila Etah , Ramkailash ke Makaan Ke saamne high Mast Light","AASHTIKAR PATIL NAGESH BAPURAO","HINGOLI","N/A","04-Feb-2026","240611"
"652","Normal/Others","WS/MP18120/2025-2026/225801-Lighting of public spaces","Maharashtra","ETAH(DISTRICT MAGISTRATE ETAH_IDA)","Village Mohammadpur BLock Marhara jila Etah , Mini Hospital ke  Saamne High Mast Light .","AASHTIKAR PATIL NAGESH BAPURAO","HINGOLI","N/A","04-Feb-2026","240611"
"653","Normal/Others","WS/MP18120/2025-2026/225802-Lighting of public spaces","Maharashtra","ETAH(DISTRICT MAGISTRATE ETAH_IDA)","Village Mohammadpur BLock Marhara jila Etah ,Pratap singh ke Makaan ke saamne High Mast Light .","AASHTIKAR PATIL NAGESH BAPURAO","HINGOLI","N/A","04-Feb-2026","240611"
"654","Normal/Others","WS/MP18120/2025-2026/225803-Lighting of public spaces","Maharashtra","ETAH(DISTRICT MAGISTRATE ETAH_IDA)","Village Mohammadpur BLock Marhara jila Etah , Baraat Ghar ke saamne High Mast Light .","AASHTIKAR PATIL NAGESH BAPURAO","HINGOLI","N/A","04-Feb-2026","240611"
"655","Normal/Others","WS/MP18120/2025-2026/225804-Lighting of public spaces","Maharashtra","ETAH(DISTRICT MAGISTRATE ETAH_IDA)","Village Mohammadpur BLock Marhara jila Etah, Shamsham ke saamne High Mast Light","AASHTIKAR PATIL NAGESH BAPURAO","HINGOLI","N/A","04-Feb-2026","240611"
"656","Normal/Others","WS/MP18120/2025-2026/225805-Lighting of public spaces","Maharashtra","ETAH(DISTRICT MAGISTRATE ETAH_IDA)","Village Mohammadpur BLock Marhara jila Etah , Kailsham kumar Ke Makkan ke Saamne","AASHTIKAR PATIL NAGESH BAPURAO","HINGOLI","N/A","04-Feb-2026","240611"
"657","Normal/Others","WS/MP18120/2025-2026/225806-Lighting of public spaces","Maharashtra","ETAH(DISTRICT MAGISTRATE ETAH_IDA)","Village Mohammadpur BLock Marhara jila Etah ,Gulaab Singh Ke makaan ke saamne High Mast Light","AASHTIKAR PATIL NAGESH BAPURAO","HINGOLI","N/A","04-Feb-2026","240611"
"658","Normal/Others","WS/MP18120/2025-2026/225807-Lighting of public spaces","Maharashtra","ETAH(DISTRICT MAGISTRATE ETAH_IDA)","Village Mohammadpur BLock Marhara jila Etah , Holy Pani Tanki Ke saamne high Mast Light","AASHTIKAR PATIL NAGESH BAPURAO","HINGOLI","N/A","04-Feb-2026","240611"
"659","Normal/Others","WS/MP18120/2025-2026/225808-Lighting of public spaces","Maharashtra","ETAH(DISTRICT MAGISTRATE ETAH_IDA)","Village Mohammadpur BLock Marhara jila Etah Brajesh Kumar Ke ghar Ke saamne High Mast Light","AASHTIKAR PATIL NAGESH BAPURAO","HINGOLI","N/A","04-Feb-2026","240611"
"660","Normal/Others","WS/MP18120/2025-2026/225809-Lighting of public spaces","Maharashtra","ETAH(DISTRICT MAGISTRATE ETAH_IDA)","Village Mohammadpur BLock Marhara jila Etah OmPrakash Ke Makaan Ke saamne High Mast Light","AASHTIKAR PATIL NAGESH BAPURAO","HINGOLI","N/A","04-Feb-2026","240611"
"661","Normal/Others","WS/MP18120/2025-2026/225810-Lighting of public spaces","Maharashtra","ETAH(DISTRICT MAGISTRATE ETAH_IDA)","Village Mohammadpur BLock Marhara jila Etah Chhotey lal Ke Makaan ke Saamne High Mast Light","AASHTIKAR PATIL NAGESH BAPURAO","HINGOLI","N/A","04-Feb-2026","240611"
"662","Normal/Others","WS/MP18120/2025-2026/225811-Lighting of public spaces","Maharashtra","ETAH(DISTRICT MAGISTRATE ETAH_IDA)","Village Mohammadpur BLock Marhara jila Etah Suresh Chand Ke Makaan ke saamne High mast Light","AASHTIKAR PATIL NAGESH BAPURAO","HINGOLI","N/A","04-Feb-2026","240611"
"663","Normal/Others","WS/MP18120/2025-2026/225812-Lighting of public spaces","Maharashtra","ETAH(DISTRICT MAGISTRATE ETAH_IDA)","Village Mohammadpur BLock Marhara jila Etah Devesh Ke Makaan ke Saamne High Mast Light","AASHTIKAR PATIL NAGESH BAPURAO","HINGOLI","N/A","04-Feb-2026","240611"
"664","Normal/Others","WS/MP18429/2026-2027/225932-Construction of roads, link roads, pathways or any other road with or without drainage system","Maharashtra","NANDED(DISTRICT COLLECTOR NANDED_IDA)","Construction of C.C. Road on Grampanchayat owned land from Railway Station Road to Idgah Cremation ground at Limbgaon Tq. Dist.Nanded.","Ravindra Vasantrao Chavan","NANDED","Images","10-Apr-2026","998790"
"665","Normal/Others","WS/MP672/2025-2026/226219-Purchase of furniture and fixtures for educational purposes","Maharashtra","NAGPUR(DISTRICT COLLECTOR NAGPUR_IDA)","Setting up of E-Library at Dr.Babasaheb Ambedkar Law College, Nagpur.","Nitin Jairam Gadkari","NAGPUR","N/A","06-Apr-2026","9998850"
"666","Normal/Others","WS/MP18113/2025-2026/226247-Construction of community centers and community halls","Maharashtra","Chhatrapati Sambhajinagar(DISTRICT COLLECTOR AURANGABAD_IDA)","Wakad Tq Kannad Construction of Community Halls","BHUMARE SANDIPANRAO ASARAM","AURANGABAD_MH","Images","06-Apr-2026","1486882"
"667","Normal/Others","WS/MP18113/2026-2027/226266-Construction of community centers and community halls","Maharashtra","Chhatrapati Sambhajinagar(DISTRICT COLLECTOR AURANGABAD_IDA)","Ager Wadgaon Tq Gangapur Construction of Community Halls","BHUMARE SANDIPANRAO ASARAM","AURANGABAD_MH","Images","02-Sep-2026","987871"
"668","Normal/Others","WS/MP18113/2025-2026/226274-Construction of roads, link roads, pathways or any other road with or without drainage system","Maharashtra","Chhatrapati Sambhajinagar(DISTRICT COLLECTOR AURANGABAD_IDA)","Chhatrapati Sambhajingar Mahanagar Pailika Soujanyangar Balaji Nagar Shaikh Yusuf to Jamdhade Construction of CC Road","BHUMARE SANDIPANRAO ASARAM","AURANGABAD_MH","N/A","19-Mar-2026","999000"
"669","Normal/Others","WS/MP18113/2025-2026/226276-Construction of roads, link roads, pathways or any other road with or without drainage system","Maharashtra","Chhatrapati Sambhajinagar(DISTRICT COLLECTOR AURANGABAD_IDA)","Vaijapur Nagar Parishad Prabhag No 8 Survey NO 393 Construction of CC Road","BHUMARE SANDIPANRAO ASARAM","AURANGABAD_MH","N/A","23-Dec-2025","993562"
"670","Normal/Others","WS/MP18429/2025-2026/226340-Construction of roads, link roads, pathways or any other road with or without drainage system","Maharashtra","NANDED(DISTRICT COLLECTOR NANDED_IDA)","Construction of C.C. Road from Maroti Mokampalle House to Ashok Purbhaji Jadhav House on Grampanchayat owned land at village Zari Teh. Loha Dist.Nanded","Ravindra Vasantrao Chavan","NANDED","Images","20-Nov-2025","995623"
"671","Normal/Others","WS/MP18123/2025-2026/226864-Construction of roads, link roads, pathways or any other road with or without drainage system","Maharashtra","KOLHAPUR(DISTRICT COLLECTOR KOLHAPUR_IDA)","Internal road at Hanuman nagar, Shreyas Multi-speciality hospital","CHHATRAPATI SHAHU SHAHAJI","KOLHAPUR","Images","18-Feb-2026","1488133"
"672","Normal/Others","WS/MP18123/2025-2026/226877-Construction of roads, link roads, pathways or any other road with or without drainage system","Maharashtra","KOLHAPUR(DISTRICT COLLECTOR KOLHAPUR_IDA)","Internal road at Balinga","CHHATRAPATI SHAHU SHAHAJI","KOLHAPUR","Images","09-Feb-2026","1000000"
"673","Normal/Others","WS/MP18429/2025-2026/227018-Construction of roads, link roads, pathways or any other road with or without drainage system","Maharashtra","NANDED(DISTRICT COLLECTOR NANDED_IDA)","Construction of C.C. Road from Nagorao Kapase House to Nivrutti Pandurang Kapase House on Grampanchayat owned land at village Khadak Manjari Teh. Loha Dist.Nanded.","Ravindra Vasantrao Chavan","NANDED","Images","02-Apr-2026","995712"
"674","Normal/Others","WS/MP18429/2025-2026/227019-Construction of community centers and community halls","Maharashtra","NANDED(DISTRICT COLLECTOR NANDED_IDA)","Construction of Community Hall Near Shourya Police Academy in Tryambakeshwar Nagar at village Sonkhed Teh. Loha Dist.Nanded.","Ravindra Vasantrao Chavan","NANDED","Images","10-Mar-2026","497913"
"675","Normal/Others","WS/MP18429/2026-2027/227298-Construction of roads, link roads, pathways or any other road with or without drainage system","Maharashtra","NANDED(DISTRICT COLLECTOR NANDED_IDA)","Construction of C.C. Road from Baburao pawade House to Gajendra Kolbuddhe House on Grampanchayat owned land at village Wadi Bk. Tq. Dist.Nanded.","Ravindra Vasantrao Chavan","NANDED","Images","10-Apr-2026","999238"
"676","Normal/Others","WS/MP18116/2025-2026/228144-Construction of roads, link roads, pathways or any other road with or without drainage system","Maharashtra","THANE(DISTRICT COLLECTOR THANE_IDA)","Paver block work under groupgrampanchayat Pimpalghar ranjnoli.","BALYA MAMA SURESH GOPINATH MHATRE","BHIWANDI","N/A","22-Apr-2026","499939"
"677","Normal/Others","WS/MP18116/2025-2026/228146-Construction of roads, link roads, pathways or any other road with or without drainage system","Maharashtra","THANE(DISTRICT COLLECTOR THANE_IDA)","Paver block work under Grampanchayat Gove.","BALYA MAMA SURESH GOPINATH MHATRE","BHIWANDI","N/A","17-Apr-2026","499545"
"678","Normal/Others","WS/MP18123/2026-2027/228594-Construction of roads, link roads, pathways or any other road with or without drainage system","Maharashtra","KOLHAPUR(DISTRICT COLLECTOR KOLHAPUR_IDA)","Construction of road","CHHATRAPATI SHAHU SHAHAJI","KOLHAPUR","Images","17-Apr-2026","1000000"
"679","Normal/Others","WS/MP18112/2025-2026/233588-Purchase of smart boards, visual display units and projectors","Maharashtra","AMRAVATI(DISTRICT COLLECTOR AMRAVATI_IDA)","Establish digital class room at adarsh high school and junior college , daryapur","BALWANT BASWANT WANKHADE","AMRAVATI(SC)","Images","04-Mar-2026","330990"
"680","Normal/Others","WS/MP18112/2025-2026/233589-Purchase of smart boards, visual display units and projectors","Maharashtra","AMRAVATI(DISTRICT COLLECTOR AMRAVATI_IDA)","Establish Digital Classroom at Ratnabai Rathi Highschool , Daryapur","BALWANT BASWANT WANKHADE","AMRAVATI(SC)","N/A","04-Mar-2026","330990"
"681","Normal/Others","WS/MP18112/2025-2026/233595-Purchase of smart boards, visual display units and projectors","Maharashtra","AMRAVATI(DISTRICT COLLECTOR AMRAVATI_IDA)","Establish digital class room at late baburao kuberkar high school , saroj colony , amravati","BALWANT BASWANT WANKHADE","AMRAVATI(SC)","N/A","04-Mar-2026","330990"
"682","Normal/Others","WS/MP18112/2025-2026/233599-Purchase of smart boards, visual display units and projectors","Maharashtra","AMRAVATI(DISTRICT COLLECTOR AMRAVATI_IDA)","establish digital classroom at bhartiya mahavidyalay rajapeth  amravati","BALWANT BASWANT WANKHADE","AMRAVATI(SC)","N/A","04-Mar-2026","330990"
"683","Normal/Others","WS/MP18112/2025-2026/233600-Purchase of smart boards, visual display units and projectors","Maharashtra","AMRAVATI(DISTRICT COLLECTOR AMRAVATI_IDA)","establish digital classroom  at z.p. primary school dehani ta tiosa","BALWANT BASWANT WANKHADE","AMRAVATI(SC)","N/A","04-Mar-2026","330990"
"684","Normal/Others","WS/MP18327/2025-2026/235510-Construction of buildings for community cultural activities","Maharashtra","SOLAPUR(DISTRICT COLLECTOR SOLAPUR_IDA)","At Post Wadata North Solapur Shri Krishna Mandir somoril Gram Panchayat jage Madhya Sabha mandap bandhne","PRANITI SUSHILKUMAR SHINDE","SOLAPUR(SC)","N/A","07-Apr-2026","1000000"
"685","Normal/Others","WS/MP18126/2025-2026/236142-Street lights","Maharashtra","NANDURBAR(DISTRICT COLLECTOR NANDURBAR_IDA)","Install 2 set of street light","ADV GOWAAL KAGADA PADAVI","NANDURBAR(ST)","Images","13-Jul-2026","169529"
"686","Normal/Others","WS/MP18126/2025-2026/236143-Street lights","Maharashtra","NANDURBAR(DISTRICT COLLECTOR NANDURBAR_IDA)","Install 2 set of street light","ADV GOWAAL KAGADA PADAVI","NANDURBAR(ST)","Images","15-Jul-2026","169529"
"687","Normal/Others","WS/MP18126/2025-2026/236144-Street lights","Maharashtra","NANDURBAR(DISTRICT COLLECTOR NANDURBAR_IDA)","Install 2 set of street light","ADV GOWAAL KAGADA PADAVI","NANDURBAR(ST)","Images","15-Jul-2026","169529"
"688","Normal/Others","WS/MP18126/2025-2026/236145-Street lights","Maharashtra","NANDURBAR(DISTRICT COLLECTOR NANDURBAR_IDA)","Install 2 set of street light","ADV GOWAAL KAGADA PADAVI","NANDURBAR(ST)","Images","15-Jul-2026","169529"
"689","Normal/Others","WS/MP18126/2025-2026/236146-Street lights","Maharashtra","NANDURBAR(DISTRICT COLLECTOR NANDURBAR_IDA)","Install 2 set of street light","ADV GOWAAL KAGADA PADAVI","NANDURBAR(ST)","Images","15-Jul-2026","169529"
"690","Normal/Others","WS/MP18126/2026-2027/236147-Street lights","Maharashtra","NANDURBAR(DISTRICT COLLECTOR NANDURBAR_IDA)","Install 2 set of street light","ADV GOWAAL KAGADA PADAVI","NANDURBAR(ST)","Images","15-Jul-2026","169529"
"691","Normal/Others","WS/MP18126/2025-2026/236148-Street lights","Maharashtra","NANDURBAR(DISTRICT COLLECTOR NANDURBAR_IDA)","Install 2 set of street light","ADV GOWAAL KAGADA PADAVI","NANDURBAR(ST)","Images","15-Jul-2026","169529"
"692","Normal/Others","WS/MP18126/2025-2026/236149-Street lights","Maharashtra","NANDURBAR(DISTRICT COLLECTOR NANDURBAR_IDA)","Install 2 set of street light","ADV GOWAAL KAGADA PADAVI","NANDURBAR(ST)","Images","15-Jul-2026","169529"
"693","Normal/Others","WS/MP18126/2025-2026/236150-Street lights","Maharashtra","NANDURBAR(DISTRICT COLLECTOR NANDURBAR_IDA)","Install 2 set of street light","ADV GOWAAL KAGADA PADAVI","NANDURBAR(ST)","Images","15-Jul-2026","169529"
"694","Normal/Others","WS/MP18126/2025-2026/236151-Street lights","Maharashtra","NANDURBAR(DISTRICT COLLECTOR NANDURBAR_IDA)","Install 2 set of street light","ADV GOWAAL KAGADA PADAVI","NANDURBAR(ST)","Images","15-Jul-2026","169529"
"695","Normal/Others","WS/MP18126/2025-2026/236155-Street lights","Maharashtra","NANDURBAR(DISTRICT COLLECTOR NANDURBAR_IDA)","Install 2 set of Street lights","ADV GOWAAL KAGADA PADAVI","NANDURBAR(ST)","Images","16-Jul-2026","169529"
"696","Normal/Others","WS/MP18126/2025-2026/236156-Street lights","Maharashtra","NANDURBAR(DISTRICT COLLECTOR NANDURBAR_IDA)","Install 2 set of Street lights","ADV GOWAAL KAGADA PADAVI","NANDURBAR(ST)","Images","16-Jul-2026","169529"
"697","Normal/Others","WS/MP18126/2025-2026/236157-Street lights","Maharashtra","NANDURBAR(DISTRICT COLLECTOR NANDURBAR_IDA)","Install 2 set of Street lights","ADV GOWAAL KAGADA PADAVI","NANDURBAR(ST)","Images","16-Jul-2026","169529"
"698","Normal/Others","WS/MP18126/2025-2026/236158-Street lights","Maharashtra","NANDURBAR(DISTRICT COLLECTOR NANDURBAR_IDA)","Install 2 set of Street lights","ADV GOWAAL KAGADA PADAVI","NANDURBAR(ST)","Images","16-Jul-2026","169529"
"699","Normal/Others","WS/MP18126/2025-2026/236159-Street lights","Maharashtra","NANDURBAR(DISTRICT COLLECTOR NANDURBAR_IDA)","Install 2 set of Street lights","ADV GOWAAL KAGADA PADAVI","NANDURBAR(ST)","Images","16-Jul-2026","169529"
"700","Normal/Others","WS/MP18126/2025-2026/236160-Street lights","Maharashtra","NANDURBAR(DISTRICT COLLECTOR NANDURBAR_IDA)","Install 2 set of Street lights","ADV GOWAAL KAGADA PADAVI","NANDURBAR(ST)","Images","13-Jul-2026","169529"
"701","Normal/Others","WS/MP18126/2025-2026/236161-Street lights","Maharashtra","NANDURBAR(DISTRICT COLLECTOR NANDURBAR_IDA)","Install 2 set of Street lights","ADV GOWAAL KAGADA PADAVI","NANDURBAR(ST)","Images","16-Jul-2026","169529"
"702","Normal/Others","WS/MP18126/2025-2026/236162-Street lights","Maharashtra","NANDURBAR(DISTRICT COLLECTOR NANDURBAR_IDA)","Install 2 set of Street lights","ADV GOWAAL KAGADA PADAVI","NANDURBAR(ST)","Images","16-Jul-2026","169529"
"703","Normal/Others","WS/MP18126/2025-2026/236163-Street lights","Maharashtra","NANDURBAR(DISTRICT COLLECTOR NANDURBAR_IDA)","Install 2 set of Street lights","ADV GOWAAL KAGADA PADAVI","NANDURBAR(ST)","Images","16-Jul-2026","169529"
"704","Normal/Others","WS/MP18126/2025-2026/236164-Street lights","Maharashtra","NANDURBAR(DISTRICT COLLECTOR NANDURBAR_IDA)","Install 2 set of Street lights","ADV GOWAAL KAGADA PADAVI","NANDURBAR(ST)","Images","16-Jul-2026","169529"
"705","Normal/Others","WS/MP18126/2025-2026/236165-Street lights","Maharashtra","NANDURBAR(DISTRICT COLLECTOR NANDURBAR_IDA)","Install 2 set of Street lights","ADV GOWAAL KAGADA PADAVI","NANDURBAR(ST)","Images","16-Jul-2026","169529"
"706","Normal/Others","WS/MP18126/2025-2026/236166-Street lights","Maharashtra","NANDURBAR(DISTRICT COLLECTOR NANDURBAR_IDA)","Install 2 set of Street lights","ADV GOWAAL KAGADA PADAVI","NANDURBAR(ST)","Images","16-Jul-2026","169529"
"707","Normal/Others","WS/MP18126/2025-2026/236167-Street lights","Maharashtra","NANDURBAR(DISTRICT COLLECTOR NANDURBAR_IDA)","Install 2 set of Street lights","ADV GOWAAL KAGADA PADAVI","NANDURBAR(ST)","Images","16-Jul-2026","169529"
"708","Normal/Others","WS/MP18126/2025-2026/236168-Street lights","Maharashtra","NANDURBAR(DISTRICT COLLECTOR NANDURBAR_IDA)","Install 2 set of Street lights","ADV GOWAAL KAGADA PADAVI","NANDURBAR(ST)","Images","16-Jul-2026","169529"
"709","Normal/Others","WS/MP18126/2025-2026/236169-Street lights","Maharashtra","NANDURBAR(DISTRICT COLLECTOR NANDURBAR_IDA)","Install 2 set of Street lights","ADV GOWAAL KAGADA PADAVI","NANDURBAR(ST)","Images","16-Jul-2026","169529"
"710","Normal/Others","WS/MP18126/2025-2026/236170-Street lights","Maharashtra","NANDURBAR(DISTRICT COLLECTOR NANDURBAR_IDA)","Install 2 set of Street lights","ADV GOWAAL KAGADA PADAVI","NANDURBAR(ST)","Images","16-Jul-2026","169529"
"711","Normal/Others","WS/MP18126/2025-2026/236171-Street lights","Maharashtra","NANDURBAR(DISTRICT COLLECTOR NANDURBAR_IDA)","Install 2 set of Street lights","ADV GOWAAL KAGADA PADAVI","NANDURBAR(ST)","Images","16-Jul-2026","169529"
"712","Normal/Others","WS/MP18126/2025-2026/236172-Street lights","Maharashtra","NANDURBAR(DISTRICT COLLECTOR NANDURBAR_IDA)","Install 2 set of Street lights","ADV GOWAAL KAGADA PADAVI","NANDURBAR(ST)","Images","16-Jul-2026","169529"
"713","Normal/Others","WS/MP18126/2025-2026/236173-Street lights","Maharashtra","NANDURBAR(DISTRICT COLLECTOR NANDURBAR_IDA)","Install 2 set of Street lights","ADV GOWAAL KAGADA PADAVI","NANDURBAR(ST)","Images","16-Jul-2026","169529"
"714","Normal/Others","WS/MP18126/2025-2026/236174-Street lights","Maharashtra","NANDURBAR(DISTRICT COLLECTOR NANDURBAR_IDA)","Install 2 set of Street lights","ADV GOWAAL KAGADA PADAVI","NANDURBAR(ST)","Images","16-Jul-2026","169529"
"715","Normal/Others","WS/MP18126/2025-2026/236184-Street lights","Maharashtra","NANDURBAR(DISTRICT COLLECTOR NANDURBAR_IDA)","Install 2 set of Solar street light","ADV GOWAAL KAGADA PADAVI","NANDURBAR(ST)","Images","17-Jul-2026","169529"
"716","Normal/Others","WS/MP18126/2025-2026/236185-Street lights","Maharashtra","NANDURBAR(DISTRICT COLLECTOR NANDURBAR_IDA)","Install 2 set of Solar street light","ADV GOWAAL KAGADA PADAVI","NANDURBAR(ST)","Images","17-Jul-2026","169529"
"717","Normal/Others","WS/MP18126/2025-2026/236186-Street lights","Maharashtra","NANDURBAR(DISTRICT COLLECTOR NANDURBAR_IDA)","Install 2 set of Solar street light","ADV GOWAAL KAGADA PADAVI","NANDURBAR(ST)","Images","20-Jul-2026","169529"
"718","Normal/Others","WS/MP18126/2025-2026/236187-Street lights","Maharashtra","NANDURBAR(DISTRICT COLLECTOR NANDURBAR_IDA)","Install 2 set of Solar street light","ADV GOWAAL KAGADA PADAVI","NANDURBAR(ST)","Images","20-Jul-2026","169529"
"719","Normal/Others","WS/MP18126/2025-2026/236188-Street lights","Maharashtra","NANDURBAR(DISTRICT COLLECTOR NANDURBAR_IDA)","Install 2 set of Solar street light","ADV GOWAAL KAGADA PADAVI","NANDURBAR(ST)","Images","17-Jul-2026","169529"
"720","Normal/Others","WS/MP18126/2025-2026/236189-Street lights","Maharashtra","NANDURBAR(DISTRICT COLLECTOR NANDURBAR_IDA)","Install 2 set of Solar street light","ADV GOWAAL KAGADA PADAVI","NANDURBAR(ST)","Images","17-Jul-2026","169529"
"721","Normal/Others","WS/MP18126/2025-2026/236190-Street lights","Maharashtra","NANDURBAR(DISTRICT COLLECTOR NANDURBAR_IDA)","Install 2 set of Solar street light","ADV GOWAAL KAGADA PADAVI","NANDURBAR(ST)","Images","17-Jul-2026","169529"
"722","Normal/Others","WS/MP18126/2025-2026/236191-Street lights","Maharashtra","NANDURBAR(DISTRICT COLLECTOR NANDURBAR_IDA)","Install 2 set of Solar street light","ADV GOWAAL KAGADA PADAVI","NANDURBAR(ST)","Images","17-Jul-2026","169529"
"723","Normal/Others","WS/MP18126/2025-2026/236192-Street lights","Maharashtra","NANDURBAR(DISTRICT COLLECTOR NANDURBAR_IDA)","Install 2 set of Solar street light","ADV GOWAAL KAGADA PADAVI","NANDURBAR(ST)","Images","17-Jul-2026","169529"
"724","Normal/Others","WS/MP18126/2025-2026/236193-Street lights","Maharashtra","NANDURBAR(DISTRICT COLLECTOR NANDURBAR_IDA)","Install 2 set of Solar street light","ADV GOWAAL KAGADA PADAVI","NANDURBAR(ST)","Images","17-Jul-2026","169529"
"725","Normal/Others","WS/MP18126/2025-2026/236194-Street lights","Maharashtra","NANDURBAR(DISTRICT COLLECTOR NANDURBAR_IDA)","Install 2 set of Solar street light","ADV GOWAAL KAGADA PADAVI","NANDURBAR(ST)","Images","17-Jul-2026","169529"
"726","Normal/Others","WS/MP18126/2025-2026/236195-Street lights","Maharashtra","NANDURBAR(DISTRICT COLLECTOR NANDURBAR_IDA)","Install 2 set of Solar street light","ADV GOWAAL KAGADA PADAVI","NANDURBAR(ST)","Images","17-Jul-2026","169529"
"727","Normal/Others","WS/MP18126/2025-2026/236196-Street lights","Maharashtra","NANDURBAR(DISTRICT COLLECTOR NANDURBAR_IDA)","Install 2 set of Solar street light","ADV GOWAAL KAGADA PADAVI","NANDURBAR(ST)","Images","17-Jul-2026","169529"
"728","Normal/Others","WS/MP18126/2025-2026/236197-Street lights","Maharashtra","NANDURBAR(DISTRICT COLLECTOR NANDURBAR_IDA)","Install 2 set of Solar street light","ADV GOWAAL KAGADA PADAVI","NANDURBAR(ST)","Images","17-Jul-2026","169529"
"729","Normal/Others","WS/MP18126/2025-2026/236198-Street lights","Maharashtra","NANDURBAR(DISTRICT COLLECTOR NANDURBAR_IDA)","Install 2 set of Solar street light","ADV GOWAAL KAGADA PADAVI","NANDURBAR(ST)","Images","17-Jul-2026","169529"
"730","Normal/Others","WS/MP18126/2025-2026/236199-Street lights","Maharashtra","NANDURBAR(DISTRICT COLLECTOR NANDURBAR_IDA)","Install 2 set of Solar street light","ADV GOWAAL KAGADA PADAVI","NANDURBAR(ST)","Images","17-Jul-2026","169529"
"731","Normal/Others","WS/MP18126/2025-2026/236200-Street lights","Maharashtra","NANDURBAR(DISTRICT COLLECTOR NANDURBAR_IDA)","Install 2 set of Solar street light","ADV GOWAAL KAGADA PADAVI","NANDURBAR(ST)","Images","17-Jul-2026","169529"
"732","Normal/Others","WS/MP18126/2025-2026/236201-Street lights","Maharashtra","NANDURBAR(DISTRICT COLLECTOR NANDURBAR_IDA)","Install 2 set of Solar street light","ADV GOWAAL KAGADA PADAVI","NANDURBAR(ST)","Images","17-Jul-2026","169529"
"733","Normal/Others","WS/MP18126/2025-2026/236202-Street lights","Maharashtra","NANDURBAR(DISTRICT COLLECTOR NANDURBAR_IDA)","Install 2 set of Solar street light","ADV GOWAAL KAGADA PADAVI","NANDURBAR(ST)","Images","17-Jul-2026","169529"
"734","Normal/Others","WS/MP18126/2025-2026/236203-Street lights","Maharashtra","NANDURBAR(DISTRICT COLLECTOR NANDURBAR_IDA)","Install 2 set of Solar street light","ADV GOWAAL KAGADA PADAVI","NANDURBAR(ST)","Images","17-Jul-2026","169529"
"735","Normal/Others","WS/MP18126/2025-2026/236204-Street lights","Maharashtra","NANDURBAR(DISTRICT COLLECTOR NANDURBAR_IDA)","Install 2 set of Solar street light","ADV GOWAAL KAGADA PADAVI","NANDURBAR(ST)","Images","17-Jul-2026","169529"
"736","Normal/Others","WS/MP18126/2025-2026/236205-Street lights","Maharashtra","NANDURBAR(DISTRICT COLLECTOR NANDURBAR_IDA)","Install 2 set of Solar street light","ADV GOWAAL KAGADA PADAVI","NANDURBAR(ST)","Images","17-Jul-2026","169529"
"737","Normal/Others","WS/MP18126/2025-2026/236206-Street lights","Maharashtra","NANDURBAR(DISTRICT COLLECTOR NANDURBAR_IDA)","Install 2 set of Solar street light","ADV GOWAAL KAGADA PADAVI","NANDURBAR(ST)","Images","17-Jul-2026","169529"
"738","Normal/Others","WS/MP18126/2025-2026/236207-Street lights","Maharashtra","NANDURBAR(DISTRICT COLLECTOR NANDURBAR_IDA)","Install 2 set of Solar street light","ADV GOWAAL KAGADA PADAVI","NANDURBAR(ST)","Images","17-Jul-2026","169529"
"739","Normal/Others","WS/MP18126/2025-2026/236208-Street lights","Maharashtra","NANDURBAR(DISTRICT COLLECTOR NANDURBAR_IDA)","Install 2 set of Solar street light","ADV GOWAAL KAGADA PADAVI","NANDURBAR(ST)","Images","17-Jul-2026","169529"
"740","Normal/Others","WS/MP18126/2025-2026/236209-Street lights","Maharashtra","NANDURBAR(DISTRICT COLLECTOR NANDURBAR_IDA)","Install 2 set of Solar street light","ADV GOWAAL KAGADA PADAVI","NANDURBAR(ST)","Images","17-Jul-2026","169529"
"741","Normal/Others","WS/MP18126/2025-2026/236210-Street lights","Maharashtra","NANDURBAR(DISTRICT COLLECTOR NANDURBAR_IDA)","Install 2 set of Solar street light","ADV GOWAAL KAGADA PADAVI","NANDURBAR(ST)","Images","17-Jul-2026","169529"
"742","Normal/Others","WS/MP18126/2025-2026/236211-Street lights","Maharashtra","NANDURBAR(DISTRICT COLLECTOR NANDURBAR_IDA)","Install 2 set of Solar street light","ADV GOWAAL KAGADA PADAVI","NANDURBAR(ST)","Images","17-Jul-2026","169529"
"743","Normal/Others","WS/MP18126/2025-2026/236212-Street lights","Maharashtra","NANDURBAR(DISTRICT COLLECTOR NANDURBAR_IDA)","Install 2 set of Solar street light","ADV GOWAAL KAGADA PADAVI","NANDURBAR(ST)","Images","17-Jul-2026","169529"
"744","Normal/Others","WS/MP18126/2025-2026/236213-Street lights","Maharashtra","NANDURBAR(DISTRICT COLLECTOR NANDURBAR_IDA)","Install 2 set of Solar street lights","ADV GOWAAL KAGADA PADAVI","NANDURBAR(ST)","Images","17-Jul-2026","169529"
"745","Normal/Others","WS/MP18126/2025-2026/236214-Street lights","Maharashtra","NANDURBAR(DISTRICT COLLECTOR NANDURBAR_IDA)","Install 2 set of Solar street lights","ADV GOWAAL KAGADA PADAVI","NANDURBAR(ST)","Images","17-Jul-2026","169529"
"746","Normal/Others","WS/MP18126/2025-2026/236215-Street lights","Maharashtra","NANDURBAR(DISTRICT COLLECTOR NANDURBAR_IDA)","Install 2 set of Solar street lights","ADV GOWAAL KAGADA PADAVI","NANDURBAR(ST)","Images","17-Jul-2026","169529"
"747","Normal/Others","WS/MP18126/2025-2026/236216-Street lights","Maharashtra","NANDURBAR(DISTRICT COLLECTOR NANDURBAR_IDA)","Install 2 set of Solar street lights","ADV GOWAAL KAGADA PADAVI","NANDURBAR(ST)","Images","17-Jul-2026","169529"
"748","Normal/Others","WS/MP18126/2025-2026/236217-Street lights","Maharashtra","NANDURBAR(DISTRICT COLLECTOR NANDURBAR_IDA)","Install 2 set of Solar street lights","ADV GOWAAL KAGADA PADAVI","NANDURBAR(ST)","Images","17-Jul-2026","169529"
"749","Normal/Others","WS/MP18126/2025-2026/236218-Street lights","Maharashtra","NANDURBAR(DISTRICT COLLECTOR NANDURBAR_IDA)","Install 2 set of Solar street lights","ADV GOWAAL KAGADA PADAVI","NANDURBAR(ST)","Images","17-Jul-2026","169529"
"750","Normal/Others","WS/MP18126/2025-2026/236219-Street lights","Maharashtra","NANDURBAR(DISTRICT COLLECTOR NANDURBAR_IDA)","Install 2 set of Street lights","ADV GOWAAL KAGADA PADAVI","NANDURBAR(ST)","Images","17-Jul-2026","169529"
"751","Normal/Others","WS/MP18126/2025-2026/236220-Street lights","Maharashtra","NANDURBAR(DISTRICT COLLECTOR NANDURBAR_IDA)","Install 2 set of Street lights","ADV GOWAAL KAGADA PADAVI","NANDURBAR(ST)","Images","17-Jul-2026","169529"
"752","Normal/Others","WS/MP18126/2025-2026/236243-Street lights","Maharashtra","DHULE(DISTRICT COLLECTOR DHULE_IDA)","Install 2 set of Street lights","ADV GOWAAL KAGADA PADAVI","NANDURBAR(ST)","Images","30-Jul-2026","169530"
"753","Normal/Others","WS/MP18126/2025-2026/236244-Street lights","Maharashtra","DHULE(DISTRICT COLLECTOR DHULE_IDA)","Install 2 set of Street lights","ADV GOWAAL KAGADA PADAVI","NANDURBAR(ST)","Images","30-Jul-2026","169530"
"754","Normal/Others","WS/MP18126/2025-2026/236245-Street lights","Maharashtra","DHULE(DISTRICT COLLECTOR DHULE_IDA)","Install 2 set of Street lights","ADV GOWAAL KAGADA PADAVI","NANDURBAR(ST)","Images","30-Jul-2026","169530"
"755","Normal/Others","WS/MP18126/2025-2026/236246-Street lights","Maharashtra","DHULE(DISTRICT COLLECTOR DHULE_IDA)","Install 2 set of Street lights","ADV GOWAAL KAGADA PADAVI","NANDURBAR(ST)","Images","30-Jul-2026","169530"
"756","Normal/Others","WS/MP18126/2025-2026/236247-Street lights","Maharashtra","DHULE(DISTRICT COLLECTOR DHULE_IDA)","Install 2 set of Street lights","ADV GOWAAL KAGADA PADAVI","NANDURBAR(ST)","Images","30-Jul-2026","169530"
"757","Normal/Others","WS/MP18126/2025-2026/236248-Street lights","Maharashtra","DHULE(DISTRICT COLLECTOR DHULE_IDA)","Install 2 set of Street lights","ADV GOWAAL KAGADA PADAVI","NANDURBAR(ST)","Images","30-Jul-2026","169530"
"758","Normal/Others","WS/MP18126/2025-2026/236249-Street lights","Maharashtra","DHULE(DISTRICT COLLECTOR DHULE_IDA)","Install 2 set of Street lights","ADV GOWAAL KAGADA PADAVI","NANDURBAR(ST)","Images","30-Jul-2026","169530"
"759","Normal/Others","WS/MP18126/2025-2026/236250-Street lights","Maharashtra","DHULE(DISTRICT COLLECTOR DHULE_IDA)","Install 2 set of Street lights","ADV GOWAAL KAGADA PADAVI","NANDURBAR(ST)","Images","30-Jul-2026","169530"
"760","Normal/Others","WS/MP18126/2025-2026/236251-Street lights","Maharashtra","DHULE(DISTRICT COLLECTOR DHULE_IDA)","Install 2 set of Street lights","ADV GOWAAL KAGADA PADAVI","NANDURBAR(ST)","Images","30-Jul-2026","169530"
"761","Normal/Others","WS/MP18126/2025-2026/236252-Street lights","Maharashtra","DHULE(DISTRICT COLLECTOR DHULE_IDA)","Install 2 set of Street lights","ADV GOWAAL KAGADA PADAVI","NANDURBAR(ST)","Images","30-Jul-2026","169530"
"762","Normal/Others","WS/MP18126/2025-2026/236253-Street lights","Maharashtra","DHULE(DISTRICT COLLECTOR DHULE_IDA)","Install 2 set of Street lights","ADV GOWAAL KAGADA PADAVI","NANDURBAR(ST)","Images","30-Jul-2026","169530"
"763","Normal/Others","WS/MP18126/2025-2026/236254-Street lights","Maharashtra","DHULE(DISTRICT COLLECTOR DHULE_IDA)","Install 2 set of Street lights","ADV GOWAAL KAGADA PADAVI","NANDURBAR(ST)","Images","30-Jul-2026","169530"
"764","Normal/Others","WS/MP18126/2025-2026/236255-Street lights","Maharashtra","DHULE(DISTRICT COLLECTOR DHULE_IDA)","Install 2 set of Street lights","ADV GOWAAL KAGADA PADAVI","NANDURBAR(ST)","Images","30-Jul-2026","169530"
"765","Normal/Others","WS/MP18126/2025-2026/236256-Street lights","Maharashtra","DHULE(DISTRICT COLLECTOR DHULE_IDA)","Install 2 set of Street lights","ADV GOWAAL KAGADA PADAVI","NANDURBAR(ST)","Images","30-Jul-2026","169530"
"766","Normal/Others","WS/MP18126/2025-2026/236257-Street lights","Maharashtra","DHULE(DISTRICT COLLECTOR DHULE_IDA)","Install 2 set of Street lights","ADV GOWAAL KAGADA PADAVI","NANDURBAR(ST)","Images","30-Jul-2026","169530"
"767","Normal/Others","WS/MP18126/2025-2026/236258-Street lights","Maharashtra","DHULE(DISTRICT COLLECTOR DHULE_IDA)","Install 2 set of Street lights","ADV GOWAAL KAGADA PADAVI","NANDURBAR(ST)","Images","30-Jul-2026","169530"
"768","Normal/Others","WS/MP18126/2025-2026/236259-Street lights","Maharashtra","DHULE(DISTRICT COLLECTOR DHULE_IDA)","Install 2 set of Street lights","ADV GOWAAL KAGADA PADAVI","NANDURBAR(ST)","Images","30-Jul-2026","169530"
"769","Normal/Others","WS/MP18126/2025-2026/236260-Street lights","Maharashtra","DHULE(DISTRICT COLLECTOR DHULE_IDA)","Install 2 set of Street lights","ADV GOWAAL KAGADA PADAVI","NANDURBAR(ST)","Images","30-Jul-2026","169530"
"770","Normal/Others","WS/MP18126/2025-2026/236261-Street lights","Maharashtra","DHULE(DISTRICT COLLECTOR DHULE_IDA)","Install 2 set of Street lights","ADV GOWAAL KAGADA PADAVI","NANDURBAR(ST)","Images","30-Jul-2026","169530"
"771","Normal/Others","WS/MP18126/2025-2026/236262-Street lights","Maharashtra","DHULE(DISTRICT COLLECTOR DHULE_IDA)","Install 2 set of Street lights","ADV GOWAAL KAGADA PADAVI","NANDURBAR(ST)","Images","30-Jul-2026","169530"
"772","Normal/Others","WS/MP18126/2025-2026/236263-Street lights","Maharashtra","DHULE(DISTRICT COLLECTOR DHULE_IDA)","Install 2 set of Street lights","ADV GOWAAL KAGADA PADAVI","NANDURBAR(ST)","Images","30-Jul-2026","169530"
"773","Normal/Others","WS/MP18126/2025-2026/236264-Street lights","Maharashtra","DHULE(DISTRICT COLLECTOR DHULE_IDA)","Install 2 set of Street lights","ADV GOWAAL KAGADA PADAVI","NANDURBAR(ST)","Images","30-Jul-2026","169530"
"774","Normal/Others","WS/MP18126/2025-2026/236265-Street lights","Maharashtra","DHULE(DISTRICT COLLECTOR DHULE_IDA)","Install 2 set of Street lights","ADV GOWAAL KAGADA PADAVI","NANDURBAR(ST)","Images","30-Jul-2026","169530"
"775","Normal/Others","WS/MP18126/2025-2026/236266-Street lights","Maharashtra","DHULE(DISTRICT COLLECTOR DHULE_IDA)","Install 2 set of Street lights","ADV GOWAAL KAGADA PADAVI","NANDURBAR(ST)","Images","30-Jul-2026","169530"
"776","Normal/Others","WS/MP18126/2025-2026/236267-Street lights","Maharashtra","DHULE(DISTRICT COLLECTOR DHULE_IDA)","Install 2 set of Street lights","ADV GOWAAL KAGADA PADAVI","NANDURBAR(ST)","Images","30-Jul-2026","169530"
"777","Normal/Others","WS/MP18126/2025-2026/236268-Street lights","Maharashtra","DHULE(DISTRICT COLLECTOR DHULE_IDA)","Install 2 set of Street lights","ADV GOWAAL KAGADA PADAVI","NANDURBAR(ST)","Images","30-Jul-2026","169530"
"778","Normal/Others","WS/MP18126/2025-2026/236269-Street lights","Maharashtra","DHULE(DISTRICT COLLECTOR DHULE_IDA)","Install 2 set of Street lights","ADV GOWAAL KAGADA PADAVI","NANDURBAR(ST)","Images","30-Jul-2026","169530"
"779","Normal/Others","WS/MP18126/2025-2026/236270-Street lights","Maharashtra","DHULE(DISTRICT COLLECTOR DHULE_IDA)","Install 2 set of Street lights","ADV GOWAAL KAGADA PADAVI","NANDURBAR(ST)","Images","30-Jul-2026","169530"
"780","Normal/Others","WS/MP18126/2025-2026/236271-Street lights","Maharashtra","DHULE(DISTRICT COLLECTOR DHULE_IDA)","Install 2 set of Street lights","ADV GOWAAL KAGADA PADAVI","NANDURBAR(ST)","Images","30-Jul-2026","169530"
"781","Normal/Others","WS/MP18126/2025-2026/236272-Street lights","Maharashtra","DHULE(DISTRICT COLLECTOR DHULE_IDA)","Install 2 set of Street lights","ADV GOWAAL KAGADA PADAVI","NANDURBAR(ST)","Images","30-Jul-2026","169530"
"782","Normal/Others","WS/MP18126/2025-2026/236273-Street lights","Maharashtra","DHULE(DISTRICT COLLECTOR DHULE_IDA)","Install 2 set of Street lights","ADV GOWAAL KAGADA PADAVI","NANDURBAR(ST)","Images","30-Jul-2026","169530"
"783","Normal/Others","WS/MP18126/2025-2026/236274-Street lights","Maharashtra","DHULE(DISTRICT COLLECTOR DHULE_IDA)","Install 2 set of Street lights","ADV GOWAAL KAGADA PADAVI","NANDURBAR(ST)","Images","30-Jul-2026","169530"
"784","Normal/Others","WS/MP18126/2025-2026/236275-Street lights","Maharashtra","DHULE(DISTRICT COLLECTOR DHULE_IDA)","Install 2 set of Street lights","ADV GOWAAL KAGADA PADAVI","NANDURBAR(ST)","Images","30-Jul-2026","169530"
"785","Normal/Others","WS/MP18126/2025-2026/236276-Street lights","Maharashtra","DHULE(DISTRICT COLLECTOR DHULE_IDA)","Install 2 set of Street lights","ADV GOWAAL KAGADA PADAVI","NANDURBAR(ST)","Images","30-Jul-2026","169530"
"786","Normal/Others","WS/MP18126/2025-2026/236277-Street lights","Maharashtra","DHULE(DISTRICT COLLECTOR DHULE_IDA)","Install 2 set of Street lights","ADV GOWAAL KAGADA PADAVI","NANDURBAR(ST)","Images","30-Jul-2026","169530"
"787","Normal/Others","WS/MP18126/2025-2026/236278-Street lights","Maharashtra","DHULE(DISTRICT COLLECTOR DHULE_IDA)","Install 2 set of Street lights","ADV GOWAAL KAGADA PADAVI","NANDURBAR(ST)","Images","30-Jul-2026","169530"
"788","Normal/Others","WS/MP18126/2025-2026/236279-Street lights","Maharashtra","DHULE(DISTRICT COLLECTOR DHULE_IDA)","Install 2 set of Street lights","ADV GOWAAL KAGADA PADAVI","NANDURBAR(ST)","Images","30-Jul-2026","169530"
"789","Normal/Others","WS/MP18126/2025-2026/236280-Street lights","Maharashtra","DHULE(DISTRICT COLLECTOR DHULE_IDA)","Install 2 set of Street lights","ADV GOWAAL KAGADA PADAVI","NANDURBAR(ST)","Images","30-Jul-2026","169530"
"790","Normal/Others","WS/MP18126/2025-2026/236281-Street lights","Maharashtra","DHULE(DISTRICT COLLECTOR DHULE_IDA)","Install 2 set of Street lights","ADV GOWAAL KAGADA PADAVI","NANDURBAR(ST)","Images","30-Jul-2026","169530"
"791","Normal/Others","WS/MP18126/2025-2026/236282-Street lights","Maharashtra","DHULE(DISTRICT COLLECTOR DHULE_IDA)","Install 2 set of Street lights","ADV GOWAAL KAGADA PADAVI","NANDURBAR(ST)","Images","30-Jul-2026","169530"
"792","Normal/Others","WS/MP18126/2025-2026/236283-Street lights","Maharashtra","DHULE(DISTRICT COLLECTOR DHULE_IDA)","Install 2 set of Street lights","ADV GOWAAL KAGADA PADAVI","NANDURBAR(ST)","Images","30-Jul-2026","169530"
"793","Normal/Others","WS/MP18126/2025-2026/236284-Street lights","Maharashtra","DHULE(DISTRICT COLLECTOR DHULE_IDA)","Install 2 set of Street lights","ADV GOWAAL KAGADA PADAVI","NANDURBAR(ST)","Images","30-Jul-2026","169530"
"794","Normal/Others","WS/MP18126/2025-2026/236285-Street lights","Maharashtra","DHULE(DISTRICT COLLECTOR DHULE_IDA)","Install 2 set of Street lights","ADV GOWAAL KAGADA PADAVI","NANDURBAR(ST)","Images","30-Jul-2026","169530"
"795","Normal/Others","WS/MP18126/2025-2026/236286-Street lights","Maharashtra","DHULE(DISTRICT COLLECTOR DHULE_IDA)","Install 2 set of Street lights","ADV GOWAAL KAGADA PADAVI","NANDURBAR(ST)","Images","05-Aug-2026","169530"
"796","Normal/Others","WS/MP18126/2025-2026/236292-Street lights","Maharashtra","DHULE(DISTRICT COLLECTOR DHULE_IDA)","Install 2 set of solar street lights","ADV GOWAAL KAGADA PADAVI","NANDURBAR(ST)","Images","30-Jul-2026","169530"
"797","Normal/Others","WS/MP18126/2025-2026/236293-Street lights","Maharashtra","DHULE(DISTRICT COLLECTOR DHULE_IDA)","Install 2 set of solar street lights","ADV GOWAAL KAGADA PADAVI","NANDURBAR(ST)","Images","30-Jul-2026","169530"
"798","Normal/Others","WS/MP18126/2025-2026/236294-Street lights","Maharashtra","DHULE(DISTRICT COLLECTOR DHULE_IDA)","Install 2 set of solar street lights","ADV GOWAAL KAGADA PADAVI","NANDURBAR(ST)","Images","30-Jul-2026","169530"
"799","Normal/Others","WS/MP18126/2025-2026/236295-Street lights","Maharashtra","DHULE(DISTRICT COLLECTOR DHULE_IDA)","Install 2 set of solar street lights","ADV GOWAAL KAGADA PADAVI","NANDURBAR(ST)","Images","30-Jul-2026","169530"
"800","Normal/Others","WS/MP18126/2025-2026/236296-Street lights","Maharashtra","DHULE(DISTRICT COLLECTOR DHULE_IDA)","Install 2 set of solar street lights","ADV GOWAAL KAGADA PADAVI","NANDURBAR(ST)","Images","30-Jul-2026","169530"
"801","Normal/Others","WS/MP18126/2025-2026/236297-Street lights","Maharashtra","DHULE(DISTRICT COLLECTOR DHULE_IDA)","Install 2 set of solar street lights","ADV GOWAAL KAGADA PADAVI","NANDURBAR(ST)","Images","30-Jul-2026","169530"
"802","Normal/Others","WS/MP18126/2025-2026/236298-Street lights","Maharashtra","DHULE(DISTRICT COLLECTOR DHULE_IDA)","Install 2 set of solar street lights","ADV GOWAAL KAGADA PADAVI","NANDURBAR(ST)","Images","30-Jul-2026","169530"
"803","Normal/Others","WS/MP18126/2025-2026/236299-Street lights","Maharashtra","DHULE(DISTRICT COLLECTOR DHULE_IDA)","Install 2 set of solar street lights","ADV GOWAAL KAGADA PADAVI","NANDURBAR(ST)","Images","30-Jul-2026","169530"
"804","Normal/Others","WS/MP18126/2025-2026/236300-Street lights","Maharashtra","DHULE(DISTRICT COLLECTOR DHULE_IDA)","Install 2 set of solar street lights","ADV GOWAAL KAGADA PADAVI","NANDURBAR(ST)","Images","30-Jul-2026","169530"
"805","Normal/Others","WS/MP18126/2025-2026/236301-Street lights","Maharashtra","DHULE(DISTRICT COLLECTOR DHULE_IDA)","Install 2 set of solar street lights","ADV GOWAAL KAGADA PADAVI","NANDURBAR(ST)","Images","30-Jul-2026","169530"
"806","Normal/Others","WS/MP18126/2025-2026/236302-Street lights","Maharashtra","DHULE(DISTRICT COLLECTOR DHULE_IDA)","Install 2 set of solar street lights","ADV GOWAAL KAGADA PADAVI","NANDURBAR(ST)","Images","30-Jul-2026","169530"
"807","Normal/Others","WS/MP18126/2025-2026/236303-Street lights","Maharashtra","DHULE(DISTRICT COLLECTOR DHULE_IDA)","Install 2 set of solar street lights","ADV GOWAAL KAGADA PADAVI","NANDURBAR(ST)","Images","30-Jul-2026","169530"
"808","Normal/Others","WS/MP18126/2025-2026/236304-Street lights","Maharashtra","DHULE(DISTRICT COLLECTOR DHULE_IDA)","Install 2 set of solar street lights","ADV GOWAAL KAGADA PADAVI","NANDURBAR(ST)","Images","30-Jul-2026","169530"
"809","Normal/Others","WS/MP18126/2025-2026/236305-Street lights","Maharashtra","DHULE(DISTRICT COLLECTOR DHULE_IDA)","Install 2 set of solar street lights","ADV GOWAAL KAGADA PADAVI","NANDURBAR(ST)","Images","30-Jul-2026","169530"
"810","Normal/Others","WS/MP18126/2025-2026/236306-Street lights","Maharashtra","DHULE(DISTRICT COLLECTOR DHULE_IDA)","Install 2 set of solar street lights","ADV GOWAAL KAGADA PADAVI","NANDURBAR(ST)","Images","05-Aug-2026","169530"
"811","Normal/Others","WS/MP18126/2025-2026/236307-Street lights","Maharashtra","DHULE(DISTRICT COLLECTOR DHULE_IDA)","Install 2 set of solar street lights","ADV GOWAAL KAGADA PADAVI","NANDURBAR(ST)","Images","30-Jul-2026","169530"
"812","Normal/Others","WS/MP18126/2025-2026/236308-Street lights","Maharashtra","DHULE(DISTRICT COLLECTOR DHULE_IDA)","Install 2 set of solar street lights","ADV GOWAAL KAGADA PADAVI","NANDURBAR(ST)","Images","30-Jul-2026","169530"
"813","Normal/Others","WS/MP18126/2025-2026/236309-Street lights","Maharashtra","DHULE(DISTRICT COLLECTOR DHULE_IDA)","Install 2 set of solar street lights","ADV GOWAAL KAGADA PADAVI","NANDURBAR(ST)","Images","30-Jul-2026","169530"
"814","Normal/Others","WS/MP18126/2025-2026/236310-Street lights","Maharashtra","DHULE(DISTRICT COLLECTOR DHULE_IDA)","Install 2 set of solar street lights","ADV GOWAAL KAGADA PADAVI","NANDURBAR(ST)","Images","30-Jul-2026","169530"
"815","Normal/Others","WS/MP18126/2025-2026/236311-Street lights","Maharashtra","DHULE(DISTRICT COLLECTOR DHULE_IDA)","Install 2 set of solar street lights","ADV GOWAAL KAGADA PADAVI","NANDURBAR(ST)","Images","30-Jul-2026","169530"
"816","Normal/Others","WS/MP18126/2025-2026/236312-Street lights","Maharashtra","DHULE(DISTRICT COLLECTOR DHULE_IDA)","Install 2 set of solar street lights","ADV GOWAAL KAGADA PADAVI","NANDURBAR(ST)","Images","30-Jul-2026","169530"
"817","Normal/Others","WS/MP18126/2025-2026/236313-Street lights","Maharashtra","DHULE(DISTRICT COLLECTOR DHULE_IDA)","Install 2 set of solar street lights","ADV GOWAAL KAGADA PADAVI","NANDURBAR(ST)","Images","30-Jul-2026","169530"
"818","Normal/Others","WS/MP18126/2025-2026/236314-Street lights","Maharashtra","DHULE(DISTRICT COLLECTOR DHULE_IDA)","Install 2 set of solar street lights","ADV GOWAAL KAGADA PADAVI","NANDURBAR(ST)","Images","30-Jul-2026","169530"
"819","Normal/Others","WS/MP18126/2025-2026/236315-Street lights","Maharashtra","DHULE(DISTRICT COLLECTOR DHULE_IDA)","Install 2 set of solar street lights","ADV GOWAAL KAGADA PADAVI","NANDURBAR(ST)","Images","30-Jul-2026","169530"
"820","Normal/Others","WS/MP18126/2025-2026/236316-Street lights","Maharashtra","DHULE(DISTRICT COLLECTOR DHULE_IDA)","Install 2 set of solar street lights","ADV GOWAAL KAGADA PADAVI","NANDURBAR(ST)","Images","30-Jul-2026","169530"
"821","Normal/Others","WS/MP18126/2025-2026/236317-Street lights","Maharashtra","DHULE(DISTRICT COLLECTOR DHULE_IDA)","Install 2 set of solar street lights","ADV GOWAAL KAGADA PADAVI","NANDURBAR(ST)","Images","30-Jul-2026","169530"
"822","Normal/Others","WS/MP18126/2025-2026/236318-Street lights","Maharashtra","DHULE(DISTRICT COLLECTOR DHULE_IDA)","Install 2 set of solar street lights","ADV GOWAAL KAGADA PADAVI","NANDURBAR(ST)","Images","30-Jul-2026","169530"
"823","Normal/Others","WS/MP18126/2025-2026/236319-Street lights","Maharashtra","DHULE(DISTRICT COLLECTOR DHULE_IDA)","Install 2 set of solar street lights","ADV GOWAAL KAGADA PADAVI","NANDURBAR(ST)","Images","30-Jul-2026","169530"
"824","Normal/Others","WS/MP18126/2025-2026/236320-Street lights","Maharashtra","DHULE(DISTRICT COLLECTOR DHULE_IDA)","Install 2 set of solar street lights","ADV GOWAAL KAGADA PADAVI","NANDURBAR(ST)","Images","30-Jul-2026","169530"
"825","Normal/Others","WS/MP18126/2025-2026/236321-Street lights","Maharashtra","DHULE(DISTRICT COLLECTOR DHULE_IDA)","Install 2 set of solar street lights","ADV GOWAAL KAGADA PADAVI","NANDURBAR(ST)","Images","30-Jul-2026","169530"
"826","Normal/Others","WS/MP18126/2025-2026/236325-Street lights","Maharashtra","DHULE(DISTRICT COLLECTOR DHULE_IDA)","Install 2 set of solar street lights","ADV GOWAAL KAGADA PADAVI","NANDURBAR(ST)","Images","30-Jul-2026","169530"
"827","Normal/Others","WS/MP18126/2025-2026/236326-Street lights","Maharashtra","NANDURBAR(DISTRICT COLLECTOR NANDURBAR_IDA)","Install 2 set of solar street lights","ADV GOWAAL KAGADA PADAVI","NANDURBAR(ST)","Images","15-Jul-2026","169529"
"828","Normal/Others","WS/MP18126/2025-2026/236327-Street lights","Maharashtra","NANDURBAR(DISTRICT COLLECTOR NANDURBAR_IDA)","Install 2 set of solar street lights","ADV GOWAAL KAGADA PADAVI","NANDURBAR(ST)","Images","15-Jul-2026","169529"
"829","Normal/Others","WS/MP18126/2025-2026/236328-Street lights","Maharashtra","NANDURBAR(DISTRICT COLLECTOR NANDURBAR_IDA)","Install 2 set of solar street lights","ADV GOWAAL KAGADA PADAVI","NANDURBAR(ST)","Images","15-Jul-2026","169529"
"830","Normal/Others","WS/MP18126/2025-2026/236329-Street lights","Maharashtra","NANDURBAR(DISTRICT COLLECTOR NANDURBAR_IDA)","Install 2 set of solar street lights","ADV GOWAAL KAGADA PADAVI","NANDURBAR(ST)","Images","15-Jul-2026","169529"
"831","Normal/Others","WS/MP18126/2025-2026/236330-Street lights","Maharashtra","NANDURBAR(DISTRICT COLLECTOR NANDURBAR_IDA)","Install 2 set of solar street lights","ADV GOWAAL KAGADA PADAVI","NANDURBAR(ST)","Images","15-Jul-2026","169529"
"832","Normal/Others","WS/MP18126/2025-2026/236331-Street lights","Maharashtra","NANDURBAR(DISTRICT COLLECTOR NANDURBAR_IDA)","Install 2 set of solar street lights","ADV GOWAAL KAGADA PADAVI","NANDURBAR(ST)","Images","15-Jul-2026","169529"
"833","Normal/Others","WS/MP18126/2025-2026/236332-Street lights","Maharashtra","NANDURBAR(DISTRICT COLLECTOR NANDURBAR_IDA)","Install 2 set of solar street lights","ADV GOWAAL KAGADA PADAVI","NANDURBAR(ST)","Images","15-Jul-2026","169529"
"834","Normal/Others","WS/MP18112/2025-2026/236488-Purchase of smart boards, visual display units and projectors","Maharashtra","AMRAVATI(DISTRICT COLLECTOR AMRAVATI_IDA)","Establish Digital School At sidharth  College paratwada","BALWANT BASWANT WANKHADE","AMRAVATI(SC)","N/A","04-Mar-2026","330990"
"835","Normal/Others","WS/MP18112/2025-2026/236489-Purchase of smart boards, visual display units and projectors","Maharashtra","AMRAVATI(DISTRICT COLLECTOR AMRAVATI_IDA)","establish smart room at sidharth school paratwada","BALWANT BASWANT WANKHADE","AMRAVATI(SC)","Images","04-Mar-2026","330990"
"836","Normal/Others","WS/MP691/2025-2026/237152-Construction of footpaths and pedestrian ways","Maharashtra","JALGAON(DISTRICT COLLECTOR JALGAON_IDA)","Construction of paver blocks within the village at Mouje Chinchol, Taluka Muktainagar.","Smt Raksha Nikhil Khadse","RAVER","Images","07-Jan-2026","1982519"
"837","Repair and Renovation","WS/MP18123/2026-2027/238128-Providing supply pipelines for drinking water","Maharashtra","KOLHAPUR(DISTRICT COLLECTOR KOLHAPUR_IDA)","water pipeline repair","CHHATRAPATI SHAHU SHAHAJI","KOLHAPUR","Images","06-Apr-2026","476199"
"838","Normal/Others","WS/MP18123/2026-2027/238129-Construction of roads, link roads, pathways or any other road with or without drainage system","Maharashtra","KOLHAPUR(DISTRICT COLLECTOR KOLHAPUR_IDA)","Natha Chopde house to Ram Godse house","CHHATRAPATI SHAHU SHAHAJI","KOLHAPUR","Images","07-Apr-2026","500000"
"839","Normal/Others","WS/MP18123/2025-2026/238167-Construction of roads, link roads, pathways or any other road with or without drainage system","Maharashtra","KOLHAPUR(DISTRICT COLLECTOR KOLHAPUR_IDA)","Internal road","CHHATRAPATI SHAHU SHAHAJI","KOLHAPUR","Images","11-Mar-2026","800000"
"840","Normal/Others","WS/MP18369/2025-2026/239887-Construction of roads, link roads, pathways or any other road with or without drainage system","Maharashtra","WASHIM(DISTRICT COLLECTOR WASHIM_IDA)","Grampanchayt Karkheda Tal Manora Dist Yavatmal yethe Shivaji Deshmukh yanchya gharapasun te Raghvendra Rangrav Solanke yanchya Gharaparynt Paver Block Basavine","Sanjay Uttamrao Deshmukh","YAVATMAL-WASHIM","N/A","28-Apr-2026","999400"
"841","Normal/Others","WS/MP18369/2025-2026/240011-Construction of roads, link roads, pathways or any other road with or without drainage system","Maharashtra","YAVATMAL(DISTRICT COLLECTOR YAVATMAL_IDA)","Grampanchayt Naygaon Tal Darwha Dist Yavatmal Yethe aarambhi te Pandit Meshram Yanchya shetaparynt Cement rasta bandhkam karne","Sanjay Uttamrao Deshmukh","YAVATMAL-WASHIM","Images","06-Feb-2026","976825"
"842","Normal/Others","WS/MP18369/2025-2026/240012-Construction of roads, link roads, pathways or any other road with or without drainage system","Maharashtra","YAVATMAL(DISTRICT COLLECTOR YAVATMAL_IDA)","Grampanchayt Lakhkhind Tal Darwha Dist Yavatmal Yethe Namdev Dukre te Lokesh Kajle Yanchya Gharaparynt Cement Concrete Road banavine","Sanjay Uttamrao Deshmukh","YAVATMAL-WASHIM","Images","19-Mar-2026","974910"
"843","Normal/Others","WS/MP673/2026-2027/240864-Construction of roads, link roads, pathways or any other road with or without drainage system","Maharashtra","Dharashiv(DISTRICT COLLECTOR OSMANABAD_IDA)","Construction of road on public space from bhagwat nagu jamadar house to arjun gundiba jamadar house at Kond block and dist. Dharashiv. (ST)","Omprakash Bhupalsinh Alias Pawan Rajenimbalkar","OSMANABAD","Images","08-Aug-2026","696292"
"844","Normal/Others","WS/MP661/2025-2026/241892-Construction of roads, link roads, pathways or any other road with or without drainage system","Maharashtra","PUNE(DISTRICT COLLECTOR PUNE_IDA)","construction of road From the fire station in Wagholi to Rohan Abhila Corner At. wagholi, tq. haveli, Dist. Pune","Amol Ramsing Kolhe","SHIRUR","Images","10-Nov-2025","1000000"
"845","Normal/Others","WS/MP18123/2025-2026/241950-Construction of roads, link roads, pathways or any other road with or without drainage system","Maharashtra","KOLHAPUR(DISTRICT COLLECTOR KOLHAPUR_IDA)","Internal road at Chhatrapati park","CHHATRAPATI SHAHU SHAHAJI","KOLHAPUR","Images","18-Feb-2026","1497956"
"846","Normal/Others","WS/MP18110/2025-2026/242056-Construction of community centers and community halls","Maharashtra","Ahilyanagar(DISTRICT COLLECTOR AHMEDNAGAR_IDA)","Construction of a community centres and community halls at Dhakanwadi Morkhila Wasti in front of Mahadev Mandir in GP property No 15 3 D Khata No. 1383 Tal Pathardi","NILESH DNYANDEV LANKE","AHMEDNAGAR","Images","21-Jul-2026","968030"
"847","Normal/Others","WS/MP18110/2025-2026/242059-Construction of community centers and community halls","Maharashtra","Ahilyanagar(DISTRICT COLLECTOR AHMEDNAGAR_IDA)","Installing paver blocks at Nimgaon Ghana in front of Ahilyabai Holkar Samajik Sabhagruha GP property No 92 B Tal Nagar","NILESH DNYANDEV LANKE","AHMEDNAGAR","Images","23-Feb-2026","1000000"
"848","Normal/Others","WS/MP18429/2026-2027/242065-Construction of roads, link roads, pathways or any other road with or without drainage system","Maharashtra","NANDED(DISTRICT COLLECTOR NANDED_IDA)","Construction of CC roads and Drainage  in the village Mauje Sujlegaon, Taluka Naigaon (Khai), District Nanded under the Gram Panchayat.","Ravindra Vasantrao Chavan","NANDED","Images","30-Jul-2026","995385"
"849","Normal/Others","WS/MP18429/2025-2026/242066-Construction of roads, link roads, pathways or any other road with or without drainage system","Maharashtra","NANDED(DISTRICT COLLECTOR NANDED_IDA)","Construction of CC road on Gram Panchayat land in a public place from Vitthal Rukmini Mandir to Masjid, Kushnoor, Taluka Naigaon (Kh.), District Nanded.","Ravindra Vasantrao Chavan","NANDED","Images","06-Feb-2026","995786"
"850","Normal/Others","WS/MP18429/2025-2026/242067-Construction of roads, link roads, pathways or any other road with or without drainage system","Maharashtra","NANDED(DISTRICT COLLECTOR NANDED_IDA)","Construction of CC road on the land of the Gram Panchayat under the Dalit settlement in Manganali Taluka, Kandhar District, Nanded.","Ravindra Vasantrao Chavan","NANDED","Images","29-Mar-2026","495000"
"851","Normal/Others","WS/MP18429/2026-2027/242119-Street lights","Maharashtra","NANDED(DISTRICT COLLECTOR NANDED_IDA)","Street lighting and electrification in public places at Ijjatgaon (Bk) taluka, Naigaon (Kh) district, Nanded","Ravindra Vasantrao Chavan","NANDED","Images","10-Aug-2026","499947"
"852","Normal/Others","WS/MP18429/2026-2027/242465-Street lights","Maharashtra","NANDED(DISTRICT COLLECTOR NANDED_IDA)","Street Light or vidyutikaran  from  Main Road to the Village under the Gram Panchayat, Takali (T.M.), Taluka Naigaon, District Nanded.","Ravindra Vasantrao Chavan","NANDED","Images","08-Sep-2026","699923"
"853","Normal/Others","WS/MP18123/2026-2027/242705-Construction of roads, link roads, pathways or any other road with or without drainage system","Maharashtra","KOLHAPUR(DISTRICT COLLECTOR KOLHAPUR_IDA)","Construction of Road","CHHATRAPATI SHAHU SHAHAJI","KOLHAPUR","Images","17-Apr-2026","1499618"
"854","Normal/Others","WS/MP18429/2026-2027/242891-Construction of roads, link roads, pathways or any other road with or without drainage system","Maharashtra","NANDED(DISTRICT COLLECTOR NANDED_IDA)","Construction of CC Road and Drain at Koklegaon under Gram Panchayat jurisdiction, Village Naigaon (Khai.), District Nanded","Ravindra Vasantrao Chavan","NANDED","Images","23-Jul-2026","696785"
"855","Normal/Others","WS/MP18112/2025-2026/243544-Construction of boundary walls of existing public and community buildings","Maharashtra","AMRAVATI(DISTRICT COLLECTOR AMRAVATI_IDA)","Construction of wall compound at Banosa Memon Jamaat graveyard area under N.P. Daryapur.","BALWANT BASWANT WANKHADE","AMRAVATI(SC)","Images","29-Oct-2025","998755"
"856","Normal/Others","WS/MP18429/2026-2027/243634-Construction of roads, link roads, pathways or any other road with or without drainage system","Maharashtra","NANDED(DISTRICT COLLECTOR NANDED_IDA)","Construction of Road from Brahmadev Temple to Ganisaab Pinjaris House under Gram Panchayat Hangarga Taluka Naigaon District Nanded.","Ravindra Vasantrao Chavan","NANDED","Images","05-Aug-2026","695903"
"857","Normal/Others","WS/MP18429/2025-2026/243635-Construction of roads, link roads, pathways or any other road with or without drainage system","Maharashtra","NANDED(DISTRICT COLLECTOR NANDED_IDA)","Construction of C.C. Drainage from the house of Sambhaji Laxman Reddy to Anteshwar Gangadhar Reddy under Dalit Settlement Takali (Bk.) Taluka Naigaon Kh. District Nanded.","Ravindra Vasantrao Chavan","NANDED","Images","27-Feb-2026","497601"
"858","Normal/Others","WS/MP687/2025-2026/243731-Construction of community centers and community halls","Maharashtra","RAIGAD(DISTRICT COLLECTOR RAIGAD_IDA)","Construction of a social hall at Kalsamble Bouddhawadi, Gram Panchayat Kakadshet, Taluka Tala, Dist Raigad (S.C.)","Sunil Dattatray Tatkare","RAIGAD","Images","09-Mar-2026","1498000"
"859","Normal/Others","WS/MP687/2025-2026/243734-Construction of community centers and community halls","Maharashtra","RAIGAD(DISTRICT COLLECTOR RAIGAD_IDA)","Construction of a social hall at Rudravli Adivasiwadi, Taluka Mangaon, Dist Raigad (S.T)","Sunil Dattatray Tatkare","RAIGAD","Images","08-Jan-2026","674000"
"860","Normal/Others","WS/MP18429/2026-2027/244440-Construction of community centers and community halls","Maharashtra","NANDED(DISTRICT COLLECTOR NANDED_IDA)","Construction of a meeting pavilion on Gram Panchayat land near Hanuman Temple at Jawala, Taluka Loha, District Nanded","Ravindra Vasantrao Chavan","NANDED","Images","16-Apr-2026","991949"
"861","Normal/Others","WS/MP18131/2025-2026/245063-Construction of roads, link roads, pathways or any other road with or without drainage system","Maharashtra","SINDHUDURG(DISTRICT COLLECTOR SINDHUDURG_IDA)","Humbarth Titha to Ransthaliwadi road to be gravelled and asphalted - Kankavli FY 2025-26","NARAYAN TATU RANE","RATNAGIRI-SINDHUDURG","Images","20-Mar-2026","999000"
"862","Normal/Others","WS/MP18429/2026-2027/245249-Construction of roads, link roads, pathways or any other road with or without drainage system","Maharashtra","NANDED(DISTRICT COLLECTOR NANDED_IDA)","Construction of CC road in Dalit settlement under Gram Panchayat from Dr. Babasaheb Ambedkar Chowk to Lalsap Chowk in Barhali Taluka, Mukhed District, Nanded","Ravindra Vasantrao Chavan","NANDED","Images","23-Jul-2026","996000"
"863","Normal/Others","WS/MP18429/2026-2027/245668-Construction of roads, link roads, pathways or any other road with or without drainage system","Maharashtra","NANDED(DISTRICT COLLECTOR NANDED_IDA)","Construction of CC road from Chand Pashas house to Ahmed Moidins house in Chikna Taluka, Dharmabad District, Nanded","Ravindra Vasantrao Chavan","NANDED","Images","06-Apr-2026","496040"
"864","Normal/Others","WS/MP18429/2026-2027/245679-Construction of community centers and community halls","Maharashtra","NANDED(DISTRICT COLLECTOR NANDED_IDA)","Construction of a Sabha Mandap in a public place in front of Shri Datta Mandir, Golegaon Taluka, Naigaon (kh) District, Nanded","Ravindra Vasantrao Chavan","NANDED","Images","20-Aug-2026","696912"
"865","Normal/Others","WS/MP18429/2026-2027/245707-Construction of roads, link roads, pathways or any other road with or without drainage system","Maharashtra","NANDED(DISTRICT COLLECTOR NANDED_IDA)","Construction of CC road and drain at Shelgaon Chatri Taluka Naigaon (kh)District Nanded on the land of Gram Panchayat under the village","Ravindra Vasantrao Chavan","NANDED","Images","08-Sep-2026","973968"
"866","Normal/Others","WS/MP18134/2025-2026/246039-Construction of community centers and community halls","Maharashtra","Ahilyanagar(DISTRICT COLLECTOR AHMEDNAGAR_IDA)","INSTALATION PEVER BLOK AT HANUMAN MANDIR GAVTHAN KARAJGAON TALUKA RAHURI","BHAUSAHEB RAJARAM WAKCHAURE","SHIRDI(SC)","Images","24-Mar-2026","497764"
"867","Normal/Others","WS/MP672/2026-2027/247099-Construction of community centers and community halls","Maharashtra","NAGPUR(DISTRICT COLLECTOR NAGPUR_IDA)","Construction of Community Hall at Jagdish Nagar, Nagpur.","Nitin Jairam Gadkari","NAGPUR","Images","14-May-2026","1965693"
"868","Normal/Others","WS/MP18134/2025-2026/247447-Construction of community centers and community halls","Maharashtra","Ahilyanagar(DISTRICT COLLECTOR AHMEDNAGAR_IDA)","Paver block and beautification at Chandragiri Devasthan Gram Panchayat Property No. 268 1 Gram Panchayat Manjari Taluka Rahuri","BHAUSAHEB RAJARAM WAKCHAURE","SHIRDI(SC)","Images","20-Jul-2026","999560"
"869","Normal/Others","WS/MP18429/2026-2027/248061-Construction of roads, link roads, pathways or any other road with or without drainage system","Maharashtra","NANDED(DISTRICT COLLECTOR NANDED_IDA)","Construction of CC road from Railway Station Road to Manubhav Pant Cemetery in Village Limbgaon Taluka Dist Nanded within the Gram Panchayat area.","Ravindra Vasantrao Chavan","NANDED","Images","08-May-2026","985937"
"870","Normal/Others","WS/MP18429/2026-2027/248639-Construction of roads, link roads, pathways or any other road with or without drainage system","Maharashtra","NANDED(DISTRICT COLLECTOR NANDED_IDA)","Construction of CC road in Gram Panchayat area under village at Adampur Taluka Biloli Dist. Nanded","Ravindra Vasantrao Chavan","NANDED","Images","23-Jul-2026","992255"
"871","Normal/Others","WS/MP18112/2025-2026/249985-Construction of roads, link roads, pathways or any other road with or without drainage system","Maharashtra","AMRAVATI(DISTRICT COLLECTOR AMRAVATI_IDA)","construction of road at prabhag no 4 jamil colony rashidiya masjid to mobin master house","BALWANT BASWANT WANKHADE","AMRAVATI(SC)","N/A","07-Jan-2026","996015"
"872","Normal/Others","WS/MP18112/2025-2026/249987-Construction of roads, link roads, pathways or any other road with or without drainage system","Maharashtra","AMRAVATI(DISTRICT COLLECTOR AMRAVATI_IDA)","construction of road at prabhag no 4 jamil colony from mobin master house to meraj khan pathan house","BALWANT BASWANT WANKHADE","AMRAVATI(SC)","N/A","07-Jan-2026","986321"
"873","Normal/Others","WS/MP18429/2026-2027/250362-Lighting of public spaces","Maharashtra","NANDED(DISTRICT COLLECTOR NANDED_IDA)","Installation of street lights with poles as required in the vegetable market area of  Manjaram Taluka Naigaon Dist. Nanded","Ravindra Vasantrao Chavan","NANDED","Images","14-Aug-2026","998848"
"874","Normal/Others","WS/MP681/2025-2026/251026-Construction of roads, link roads, pathways or any other road with or without drainage system","Maharashtra","PARBHANI(DISTRICT COLLECTOR PARBHANI_IDA)","Construction of CC Road under Ukhald Village, Parbhani Taluka Gram Panchayat","Sanjay Haribhau Jadhav","PARBHANI","Images","04-May-2026","495744"
"875","Normal/Others","WS/MP681/2025-2026/251028-Construction of roads, link roads, pathways or any other road with or without drainage system","Maharashtra","PARBHANI(DISTRICT COLLECTOR PARBHANI_IDA)","Construction of CC Road under Pimpala, Village, Parbhani Taluka Gram Panchayat","Sanjay Haribhau Jadhav","PARBHANI","Images","04-May-2026","499735"
"876","Normal/Others","WS/MP18118/2025-2026/252855-Construction of community centers and community halls","Maharashtra","NASHIK(DISTRICT COLLECTOR NASHIK_IDA)","Construction of a hall near Maruti Temple at Group Gram Panchayat Gujarkhede (Dhanakwadi), Taluka Yeola (Survey Number and Sub-Division 149)","BHASKAR MURLIDHAR BHAGARE","DINDORI(ST)","Images","20-Feb-2026","995872"
"877","Normal/Others","WS/MP18118/2025-2026/252857-Construction of community centers and community halls","Maharashtra","NASHIK(DISTRICT COLLECTOR NASHIK_IDA)","Construction of hall at Umbarkhed, Taluka Niphad. (Property No. 7, Gat No. 213)","BHASKAR MURLIDHAR BHAGARE","DINDORI(ST)","Images","04-Mar-2026","993579"
"878","Normal/Others","WS/MP18118/2025-2026/252862-Crematoriums/energy efficient crematoriums or structures on burial/cremation ground","Maharashtra","NASHIK(DISTRICT COLLECTOR NASHIK_IDA)","Construction of Dashakriya vidhi shed at Manjargaon, Tal. Niphad (Property No. 330 Gat No. 115)","BHASKAR MURLIDHAR BHAGARE","DINDORI(ST)","Images","23-Feb-2026","996836"
"879","Normal/Others","WS/MP18118/2025-2026/252879-Purchase of IT systems, including hardware and software for educational purposes","Maharashtra","NASHIK(DISTRICT COLLECTOR NASHIK_IDA)","Providing 50 schools, junior and senior colleges, ashram schools with other teaching materials in Nashik district, including 1 ASL-3000R PA Lectern System-Podium 5 Years Warranty with Additional neck band with Speaker, a total of 50 Podiums.","BHASKAR MURLIDHAR BHAGARE","DINDORI(ST)","Images","18-Mar-2026","3000000"
"880","Normal/Others","WS/MP18118/2025-2026/252880-Construction of community centers and community halls","Maharashtra","NASHIK(DISTRICT COLLECTOR NASHIK_IDA)","Construction of a community hall near Prati Bhadra Maruti Temple at Mouje Savargaon, Tal. Niphad  (Gat  No. 346)","BHASKAR MURLIDHAR BHAGARE","DINDORI(ST)","Images","09-Feb-2026","991372"
"881","Normal/Others","WS/MP18118/2025-2026/252881-Construction of roads, link roads, pathways or any other road with or without drainage system","Maharashtra","NASHIK(DISTRICT COLLECTOR NASHIK_IDA)","Improvement of the road from Nimgavhan Road to Nilesh Thakare vasti, at Mouje Ganur Tal. Chandwad","BHASKAR MURLIDHAR BHAGARE","DINDORI(ST)","Images","20-Feb-2026","1000000"
"882","Normal/Others","WS/MP18118/2025-2026/252882-Construction of community centers and community halls","Maharashtra","NASHIK(DISTRICT COLLECTOR NASHIK_IDA)","Construction of a community hall near the cemetery at Gram Panchayat Dhulgaon,  Tal. Yeola (Property No. 857)","BHASKAR MURLIDHAR BHAGARE","DINDORI(ST)","Images","04-Mar-2026","999197"
"883","Normal/Others","WS/MP18118/2025-2026/252883-Construction of community centers and community halls","Maharashtra","NASHIK(DISTRICT COLLECTOR NASHIK_IDA)","Construction of a community hall in open space under Pimpalgaon Baswant Municipal Council, Tal. Niphad (Survey No. and Subdivision 530-1-1-Plot-19)","BHASKAR MURLIDHAR BHAGARE","DINDORI(ST)","Images","23-Mar-2026","963785"
"884","Normal/Others","WS/MP18118/2025-2026/252884-Development of public parks","Maharashtra","NASHIK(DISTRICT COLLECTOR NASHIK_IDA)","Improvement of open space area in NDCC Colony area under Pimpalgaon Baswant Municipal Council, Taluka Niphad (Survey No. and Subdivision 530-1-1-Plot-19)","BHASKAR MURLIDHAR BHAGARE","DINDORI(ST)","Images","23-Mar-2026","936103"
"885","Normal/Others","WS/MP18131/2025-2026/253008-Construction of roads, link roads, pathways or any other road with or without drainage system","Maharashtra","RATNAGIRI(District Collector Ratnagiri_IDA)","Mouzhe Kaluste B. Mavalatwadi to water pond Pakhari FY 2024-25","NARAYAN TATU RANE","RATNAGIRI-SINDHUDURG","Images","13-May-2026","488647"
"886","Normal/Others","WS/MP18130/2025-2026/253453-Construction of community centers and community halls","Maharashtra","NAGPUR(DISTRICT COLLECTOR NAGPUR_IDA)","CONSTRUCTION OF COMMUNITY HALL AT CHANKAPUR WARD NO. 2 OPPOSITE SHIV MANDIR, TA. SAONER","Shyamkumar","RAMTEK(SC)","Images","23-Dec-2025","981253"
"887","Normal/Others","WS/MP18127/2026-2027/253698-Construction of roads, link roads, pathways or any other road with or without drainage system","Maharashtra","NASHIK(DISTRICT COLLECTOR NASHIK_IDA)","Concreting of road at Ekta Nagar, Panchak, Jail Road, Taluka. Dist. Nashik","RAJABHAU","NASHIK","Images","09-Apr-2026","989500"
"888","Normal/Others","WS/MP18133/2025-2026/253823-Construction of roads, link roads, pathways or any other road with or without drainage system","Maharashtra","SATARA(DISTRICT COLLECTOR SATARA_IDA)","Construction or creation of road with drainage at Village Varye","SHRIMANT CHH UDAYANRAJE PRATAPSINHAMAHARAJ BHONSLE","SATARA","Images","04-Sep-2026","499480"
"889","Normal/Others","WS/MP18133/2025-2026/253828-Construction of roads, link roads, pathways or any other road with or without drainage system","Maharashtra","SATARA(DISTRICT COLLECTOR SATARA_IDA)","Creation of concrete road from house of Prashant Deshmukh to House of Yuvraj Phadtare","SHRIMANT CHH UDAYANRAJE PRATAPSINHAMAHARAJ BHONSLE","SATARA","Images","03-Sep-2026","497769"
"890","Normal/Others","WS/MP18133/2025-2026/254602-Construction of roads, link roads, pathways or any other road with or without drainage system","Maharashtra","SATARA(DISTRICT COLLECTOR SATARA_IDA)","Construction of Internal Road at Village Renavale","SHRIMANT CHH UDAYANRAJE PRATAPSINHAMAHARAJ BHONSLE","SATARA","Images","06-Aug-2026","500000"
"891","Normal/Others","WS/MP18123/2025-2026/255167-Construction of buildings for multi-gym","Maharashtra","KOLHAPUR(DISTRICT COLLECTOR KOLHAPUR_IDA)","Construction of gymnasium building","CHHATRAPATI SHAHU SHAHAJI","KOLHAPUR","Images","04-Mar-2026","999298"
"892","Normal/Others","WS/MP18131/2025-2026/255343-Crematoriums/energy efficient crematoriums or structures on burial/cremation ground","Maharashtra","SINDHUDURG(DISTRICT COLLECTOR SINDHUDURG_IDA)","Construction of cremation shed at Kalmath Gawdewadi crematorium - Kankavli FY 2025-26","NARAYAN TATU RANE","RATNAGIRI-SINDHUDURG","Images","08-Apr-2026","499000"
"893","Normal/Others","WS/MP18131/2026-2027/255345-Construction of community centers and community halls","Maharashtra","SINDHUDURG(DISTRICT COLLECTOR SINDHUDURG_IDA)","Construction of Cultural Hall at Kalamath Sutarwadi Ta - Kankavali FY 2025-26","NARAYAN TATU RANE","RATNAGIRI-SINDHUDURG","Images","08-Apr-2026","499000"
"894","Normal/Others","WS/MP18126/2026-2027/256589-Street lights","Maharashtra","NANDURBAR(DISTRICT COLLECTOR NANDURBAR_IDA)","Installation of Street Lights (2 set)","ADV GOWAAL KAGADA PADAVI","NANDURBAR(ST)","Images","15-Jul-2026","169529"
"895","Normal/Others","WS/MP18126/2025-2026/256590-Street lights","Maharashtra","NANDURBAR(DISTRICT COLLECTOR NANDURBAR_IDA)","Installation of street lights (2 set)","ADV GOWAAL KAGADA PADAVI","NANDURBAR(ST)","Images","15-Jul-2026","169529"
"896","Normal/Others","WS/MP18126/2026-2027/256591-Street lights","Maharashtra","NANDURBAR(DISTRICT COLLECTOR NANDURBAR_IDA)","Installation of street lights (2 set)","ADV GOWAAL KAGADA PADAVI","NANDURBAR(ST)","Images","15-Jul-2026","169529"
"897","Normal/Others","WS/MP18126/2025-2026/256630-Street lights","Maharashtra","NANDURBAR(DISTRICT COLLECTOR NANDURBAR_IDA)","Installation of street lights (2 set)","ADV GOWAAL KAGADA PADAVI","NANDURBAR(ST)","Images","15-Jul-2026","169529"
"898","Normal/Others","WS/MP18126/2025-2026/256631-Street lights","Maharashtra","NANDURBAR(DISTRICT COLLECTOR NANDURBAR_IDA)","Installation of street lights (2 set)","ADV GOWAAL KAGADA PADAVI","NANDURBAR(ST)","Images","15-Jul-2026","169529"
"899","Normal/Others","WS/MP18126/2025-2026/256632-Street lights","Maharashtra","NANDURBAR(DISTRICT COLLECTOR NANDURBAR_IDA)","Installation of street lights (2 set)","ADV GOWAAL KAGADA PADAVI","NANDURBAR(ST)","Images","15-Jul-2026","169529"
"900","Normal/Others","WS/MP18126/2025-2026/256633-Street lights","Maharashtra","NANDURBAR(DISTRICT COLLECTOR NANDURBAR_IDA)","Installation of street lights (2 set)","ADV GOWAAL KAGADA PADAVI","NANDURBAR(ST)","Images","15-Jul-2026","169529"
"901","Normal/Others","WS/MP18126/2025-2026/256634-Street lights","Maharashtra","NANDURBAR(DISTRICT COLLECTOR NANDURBAR_IDA)","Installation of street lights (2 set)","ADV GOWAAL KAGADA PADAVI","NANDURBAR(ST)","Images","15-Jul-2026","169529"
"902","Normal/Others","WS/MP18126/2025-2026/256635-Street lights","Maharashtra","NANDURBAR(DISTRICT COLLECTOR NANDURBAR_IDA)","Installation of street lights (2 set)","ADV GOWAAL KAGADA PADAVI","NANDURBAR(ST)","Images","15-Jul-2026","169529"
"903","Normal/Others","WS/MP18126/2025-2026/256636-Street lights","Maharashtra","NANDURBAR(DISTRICT COLLECTOR NANDURBAR_IDA)","Installation of street lights (2 set)","ADV GOWAAL KAGADA PADAVI","NANDURBAR(ST)","Images","15-Jul-2026","169529"
"904","Normal/Others","WS/MP18126/2025-2026/256637-Street lights","Maharashtra","NANDURBAR(DISTRICT COLLECTOR NANDURBAR_IDA)","Installation of street lights (2 set)","ADV GOWAAL KAGADA PADAVI","NANDURBAR(ST)","Images","15-Jul-2026","169529"
"905","Normal/Others","WS/MP18126/2025-2026/256638-Street lights","Maharashtra","NANDURBAR(DISTRICT COLLECTOR NANDURBAR_IDA)","Installation of street lights (2 set)","ADV GOWAAL KAGADA PADAVI","NANDURBAR(ST)","Images","15-Jul-2026","169529"
"906","Normal/Others","WS/MP18126/2025-2026/256639-Street lights","Maharashtra","NANDURBAR(DISTRICT COLLECTOR NANDURBAR_IDA)","Installation of street lights (2 set)","ADV GOWAAL KAGADA PADAVI","NANDURBAR(ST)","Images","15-Jul-2026","169529"
"907","Normal/Others","WS/MP18126/2025-2026/256640-Street lights","Maharashtra","NANDURBAR(DISTRICT COLLECTOR NANDURBAR_IDA)","Installation of street lights (2 set)","ADV GOWAAL KAGADA PADAVI","NANDURBAR(ST)","Images","15-Jul-2026","169529"
"908","Normal/Others","WS/MP18126/2025-2026/256641-Street lights","Maharashtra","NANDURBAR(DISTRICT COLLECTOR NANDURBAR_IDA)","Installation of street lights (2 set)","ADV GOWAAL KAGADA PADAVI","NANDURBAR(ST)","Images","15-Jul-2026","169529"
"909","Normal/Others","WS/MP18126/2025-2026/256642-Street lights","Maharashtra","NANDURBAR(DISTRICT COLLECTOR NANDURBAR_IDA)","Installation of street lights (2 set)","ADV GOWAAL KAGADA PADAVI","NANDURBAR(ST)","Images","15-Jul-2026","169529"
"910","Normal/Others","WS/MP18126/2025-2026/256643-Street lights","Maharashtra","NANDURBAR(DISTRICT COLLECTOR NANDURBAR_IDA)","Installation of street lights (2 set)","ADV GOWAAL KAGADA PADAVI","NANDURBAR(ST)","Images","15-Jul-2026","169529"
"911","Normal/Others","WS/MP18126/2025-2026/256644-Street lights","Maharashtra","NANDURBAR(DISTRICT COLLECTOR NANDURBAR_IDA)","Installation of street lights (2 set)","ADV GOWAAL KAGADA PADAVI","NANDURBAR(ST)","Images","15-Jul-2026","169529"
"912","Normal/Others","WS/MP18126/2025-2026/256645-Street lights","Maharashtra","NANDURBAR(DISTRICT COLLECTOR NANDURBAR_IDA)","Installation of street lights (2 set)","ADV GOWAAL KAGADA PADAVI","NANDURBAR(ST)","Images","15-Jul-2026","169529"
"913","Normal/Others","WS/MP18126/2025-2026/256646-Street lights","Maharashtra","NANDURBAR(DISTRICT COLLECTOR NANDURBAR_IDA)","Installation of street lights (2 set)","ADV GOWAAL KAGADA PADAVI","NANDURBAR(ST)","Images","15-Jul-2026","169529"
"914","Normal/Others","WS/MP18126/2025-2026/256647-Street lights","Maharashtra","NANDURBAR(DISTRICT COLLECTOR NANDURBAR_IDA)","Installation of street lights (2 set)","ADV GOWAAL KAGADA PADAVI","NANDURBAR(ST)","Images","15-Jul-2026","169529"
"915","Normal/Others","WS/MP18126/2025-2026/256648-Street lights","Maharashtra","NANDURBAR(DISTRICT COLLECTOR NANDURBAR_IDA)","Installation of street lights (2 set)","ADV GOWAAL KAGADA PADAVI","NANDURBAR(ST)","Images","15-Jul-2026","169529"
"916","Normal/Others","WS/MP18126/2025-2026/256649-Street lights","Maharashtra","NANDURBAR(DISTRICT COLLECTOR NANDURBAR_IDA)","Installation of street lights (2 set)","ADV GOWAAL KAGADA PADAVI","NANDURBAR(ST)","Images","15-Jul-2026","169529"
"917","Normal/Others","WS/MP18126/2025-2026/256650-Street lights","Maharashtra","NANDURBAR(DISTRICT COLLECTOR NANDURBAR_IDA)","Installation of street lights (2 set)","ADV GOWAAL KAGADA PADAVI","NANDURBAR(ST)","Images","15-Jul-2026","169529"
"918","Normal/Others","WS/MP18126/2025-2026/256651-Street lights","Maharashtra","NANDURBAR(DISTRICT COLLECTOR NANDURBAR_IDA)","Installation of street lights (2 set)","ADV GOWAAL KAGADA PADAVI","NANDURBAR(ST)","Images","15-Jul-2026","169529"
"919","Normal/Others","WS/MP18126/2025-2026/256652-Street lights","Maharashtra","NANDURBAR(DISTRICT COLLECTOR NANDURBAR_IDA)","Installation of street lights (2 set)","ADV GOWAAL KAGADA PADAVI","NANDURBAR(ST)","Images","15-Jul-2026","169529"
"920","Normal/Others","WS/MP18126/2025-2026/256653-Street lights","Maharashtra","NANDURBAR(DISTRICT COLLECTOR NANDURBAR_IDA)","Installation of street lights (2 set)","ADV GOWAAL KAGADA PADAVI","NANDURBAR(ST)","Images","15-Jul-2026","169529"
"921","Normal/Others","WS/MP18126/2025-2026/256654-Street lights","Maharashtra","NANDURBAR(DISTRICT COLLECTOR NANDURBAR_IDA)","Installation of street lights (2 set)","ADV GOWAAL KAGADA PADAVI","NANDURBAR(ST)","Images","15-Jul-2026","169529"
"922","Normal/Others","WS/MP18126/2025-2026/256655-Street lights","Maharashtra","NANDURBAR(DISTRICT COLLECTOR NANDURBAR_IDA)","Installation of street lights (2 set)","ADV GOWAAL KAGADA PADAVI","NANDURBAR(ST)","Images","15-Jul-2026","169529"
"923","Normal/Others","WS/MP18126/2025-2026/256656-Street lights","Maharashtra","NANDURBAR(DISTRICT COLLECTOR NANDURBAR_IDA)","Installation of street lights (2 set)","ADV GOWAAL KAGADA PADAVI","NANDURBAR(ST)","Images","15-Jul-2026","169529"
"924","Normal/Others","WS/MP18112/2025-2026/259047-Purchase of smart boards, visual display units and projectors","Maharashtra","AMRAVATI(DISTRICT COLLECTOR AMRAVATI_IDA)","installing digital room at Shivaji Multipurpose Secondary and Higher Secondary School, Panchavati, Amravati.","BALWANT BASWANT WANKHADE","AMRAVATI(SC)","Images","04-Mar-2026","330990"
"925","Normal/Others","WS/MP18126/2025-2026/266929-Street lights","Maharashtra","DHULE(DISTRICT COLLECTOR DHULE_IDA)","Installation of Street light (2set)","ADV GOWAAL KAGADA PADAVI","NANDURBAR(ST)","Images","30-Jul-2026","169530"
"926","Normal/Others","WS/MP18126/2025-2026/266930-Street lights","Maharashtra","DHULE(DISTRICT COLLECTOR DHULE_IDA)","Installation of Street light (2set)","ADV GOWAAL KAGADA PADAVI","NANDURBAR(ST)","Images","30-Jul-2026","169530"
"927","Normal/Others","WS/MP18126/2025-2026/266931-Street lights","Maharashtra","DHULE(DISTRICT COLLECTOR DHULE_IDA)","Installation of Street light (2set)","ADV GOWAAL KAGADA PADAVI","NANDURBAR(ST)","Images","30-Jul-2026","169530"
"928","Normal/Others","WS/MP18126/2025-2026/266932-Street lights","Maharashtra","DHULE(DISTRICT COLLECTOR DHULE_IDA)","Installation of Street light (2set)","ADV GOWAAL KAGADA PADAVI","NANDURBAR(ST)","Images","30-Jul-2026","169530"
"929","Normal/Others","WS/MP18126/2025-2026/266933-Street lights","Maharashtra","DHULE(DISTRICT COLLECTOR DHULE_IDA)","Installation of Street light (2set)","ADV GOWAAL KAGADA PADAVI","NANDURBAR(ST)","Images","30-Jul-2026","169530"
"930","Normal/Others","WS/MP18126/2025-2026/266934-Street lights","Maharashtra","DHULE(DISTRICT COLLECTOR DHULE_IDA)","Installation of Street light (2set)","ADV GOWAAL KAGADA PADAVI","NANDURBAR(ST)","Images","30-Jul-2026","169530"
"931","Normal/Others","WS/MP18126/2025-2026/266935-Street lights","Maharashtra","DHULE(DISTRICT COLLECTOR DHULE_IDA)","Installation of Street light (2set)","ADV GOWAAL KAGADA PADAVI","NANDURBAR(ST)","Images","30-Jul-2026","169530"
"932","Normal/Others","WS/MP18126/2025-2026/266936-Street lights","Maharashtra","DHULE(DISTRICT COLLECTOR DHULE_IDA)","Installation of Street light (2set)","ADV GOWAAL KAGADA PADAVI","NANDURBAR(ST)","Images","30-Jul-2026","169530"
"933","Normal/Others","WS/MP18126/2025-2026/266937-Street lights","Maharashtra","DHULE(DISTRICT COLLECTOR DHULE_IDA)","Installation of Street light (2set)","ADV GOWAAL KAGADA PADAVI","NANDURBAR(ST)","Images","30-Jul-2026","169530"
"934","Normal/Others","WS/MP18126/2025-2026/266938-Street lights","Maharashtra","DHULE(DISTRICT COLLECTOR DHULE_IDA)","Installation of Street light (2set)","ADV GOWAAL KAGADA PADAVI","NANDURBAR(ST)","Images","30-Jul-2026","169530"
"935","Normal/Others","WS/MP18131/2026-2027/273604-Construction of roads, link roads, pathways or any other road with or without drainage system","Maharashtra","SINDHUDURG(DISTRICT COLLECTOR SINDHUDURG_IDA)","Construction of road extending from the Keravade Tarfe Mangaon Ghadiwadi main road, via Bhoiwadi and the Kuldevata Temple, up to Mandkuli  Keravade High School FY 2025-26","NARAYAN TATU RANE","RATNAGIRI-SINDHUDURG","Images","21-Jul-2026","799728"
"936","Normal/Others","WS/MP672/2025-2026/276662-Development of public parks","Maharashtra","NAGPUR(DISTRICT COLLECTOR NAGPUR_IDA)","Development of open space beside NMC Vyayam Shala locates at Tuslhibag, Mahal (Prabhag - 18) with construction of toilets, Covered Shed and laying of I-Blocks on ground.","Nitin Jairam Gadkari","NAGPUR","Images","30-Mar-2026","1583723"
"937","Normal/Others","WS/MP672/2026-2027/276663-Purchase of IT systems, including hardware and software for educational purposes","Maharashtra","NAGPUR(DISTRICT COLLECTOR NAGPUR_IDA)","Purchase of 6 Computers, 4 Printers (With Scanner) and Drinking Water Machine (With RO and Cooling Machine) at Saraswati Mandir, Tulshibag Road, Reshimbag, Nagpur.","Nitin Jairam Gadkari","NAGPUR","N/A","06-May-2026","729476"
"Grand Total"," "," "," "," "," "," "," "," "," ","72,88,96,707"